  0
SECTION
  2
HEADER
  9
$ACADVER
  1
AC1024
  9
$ACADMAINTVER
 70
6
  9
$DWGCODEPAGE
  3
ANSI_1252
  9
$LASTSAVEDBY
  1
ezdxf
  9
$INSBASE
 10
0.0
 20
0.0
 30
0.0
  9
$EXTMIN
 10
1e+20
 20
1e+20
 30
1e+20
  9
$EXTMAX
 10
-1e+20
 20
-1e+20
 30
-1e+20
  9
$LIMMIN
 10
0.0
 20
0.0
  9
$LIMMAX
 10
420.0
 20
297.0
  9
$ORTHOMODE
 70
0
  9
$REGENMODE
 70
1
  9
$FILLMODE
 70
1
  9
$QTEXTMODE
 70
0
  9
$MIRRTEXT
 70
1
  9
$LTSCALE
 40
1.0
  9
$ATTMODE
 70
1
  9
$TEXTSIZE
 40
2.5
  9
$TRACEWID
 40
1.0
  9
$TEXTSTYLE
  7
OpenSans
  9
$CLAYER
  8
0
  9
$CELTYPE
  6
ByLayer
  9
$CECOLOR
 62
256
  9
$CELTSCALE
 40
1.0
  9
$DISPSILH
 70
0
  9
$DIMSCALE
 40
1.0
  9
$DIMASZ
 40
0.175
  9
$DIMEXO
 40
0.125
  9
$DIMDLI
 40
3.75
  9
$DIMRND
 40
0.0
  9
$DIMDLE
 40
0.0
  9
$DIMEXE
 40
0.375
  9
$DIMTP
 40
0.0
  9
$DIMTM
 40
0.0
  9
$DIMTXT
 40
0.25
  9
$DIMCEN
 40
2.5
  9
$DIMTSZ
 40
0.0
  9
$DIMTOL
 70
0
  9
$DIMLIM
 70
0
  9
$DIMTIH
 70
0
  9
$DIMTOH
 70
0
  9
$DIMSE1
 70
0
  9
$DIMSE2
 70
0
  9
$DIMTAD
 70
1
  9
$DIMZIN
 70
12
  9
$DIMBLK
  1
ARCHTICK
  9
$DIMASO
 70
1
  9
$DIMSHO
 70
1
  9
$DIMPOST
  1

  9
$DIMAPOST
  1

  9
$DIMALT
 70
0
  9
$DIMALTD
 70
3
  9
$DIMALTF
 40
0.03937007874
  9
$DIMLFAC
 40
100.0
  9
$DIMTOFL
 70
1
  9
$DIMTVP
 40
0.0
  9
$DIMTIX
 70
0
  9
$DIMSOXD
 70
0
  9
$DIMSAH
 70
0
  9
$DIMBLK1
  1

  9
$DIMBLK2
  1

  9
$DIMSTYLE
  2
EZDXF
  9
$DIMCLRD
 70
0
  9
$DIMCLRE
 70
0
  9
$DIMCLRT
 70
0
  9
$DIMTFAC
 40
0.5
  9
$DIMGAP
 40
0.1
  9
$DIMJUST
 70
0
  9
$DIMSD1
 70
0
  9
$DIMSD2
 70
0
  9
$DIMTOLJ
 70
0
  9
$DIMTZIN
 70
8
  9
$DIMALTZ
 70
0
  9
$DIMALTTZ
 70
0
  9
$DIMUPT
 70
1
  9
$DIMDEC
 70
2
  9
$DIMTDEC
 70
2
  9
$DIMALTU
 70
2
  9
$DIMALTTD
 70
3
  9
$DIMTXSTY
  7
OpenSansCondensed-Light
  9
$DIMAUNIT
 70
0
  9
$DIMADEC
 70
2
  9
$DIMALTRND
 40
0.0
  9
$DIMAZIN
 70
3
  9
$DIMDSEP
 70
46
  9
$DIMATFIT
 70
3
  9
$DIMFRAC
 70
0
  9
$DIMLDRBLK
  1

  9
$DIMLUNIT
 70
2
  9
$DIMLWD
 70
-2
  9
$DIMLWE
 70
-2
  9
$DIMTMOVE
 70
2
  9
$DIMFXL
 40
1.0
  9
$DIMFXLON
 70
0
  9
$DIMJOGANG
 40
0.785398163397
  9
$DIMTFILL
 70
0
  9
$DIMTFILLCLR
 70
0
  9
$DIMARCSYM
 70
0
  9
$DIMLTYPE
  6

  9
$DIMLTEX1
  6

  9
$DIMLTEX2
  6

  9
$DIMTXTDIRECTION
 70
0
  9
$LUNITS
 70
2
  9
$LUPREC
 70
4
  9
$SKETCHINC
 40
1.0
  9
$FILLETRAD
 40
10.0
  9
$AUNITS
 70
0
  9
$AUPREC
 70
2
  9
$MENU
  1
.
  9
$ELEVATION
 40
0.0
  9
$PELEVATION
 40
0.0
  9
$THICKNESS
 40
0.0
  9
$LIMCHECK
 70
0
  9
$CHAMFERA
 40
0.0
  9
$CHAMFERB
 40
0.0
  9
$CHAMFERC
 40
0.0
  9
$CHAMFERD
 40
0.0
  9
$SKPOLY
 70
0
  9
$TDCREATE
 40
2461318.196296296
  9
$TDUCREATE
 40
2458532.153996898
  9
$TDUPDATE
 40
2461318.1963078706
  9
$TDUUPDATE
 40
2458532.1544311
  9
$TDINDWG
 40
0.0
  9
$TDUSRTIMER
 40
0.0
  9
$USRTIMER
 70
1
  9
$ANGBASE
 50
0.0
  9
$ANGDIR
 70
0
  9
$PDMODE
 70
0
  9
$PDSIZE
 40
0.0
  9
$PLINEWID
 40
0.0
  9
$SPLFRAME
 70
0
  9
$SPLINETYPE
 70
6
  9
$SPLINESEGS
 70
8
  9
$HANDSEED
  5
D55
  9
$SURFTAB1
 70
6
  9
$SURFTAB2
 70
6
  9
$SURFTYPE
 70
6
  9
$SURFU
 70
6
  9
$SURFV
 70
6
  9
$UCSBASE
  2

  9
$UCSNAME
  2

  9
$UCSORG
 10
0.0
 20
0.0
 30
0.0
  9
$UCSXDIR
 10
1.0
 20
0.0
 30
0.0
  9
$UCSYDIR
 10
0.0
 20
1.0
 30
0.0
  9
$UCSORTHOREF
  2

  9
$UCSORTHOVIEW
 70
0
  9
$UCSORGTOP
 10
0.0
 20
0.0
 30
0.0
  9
$UCSORGBOTTOM
 10
0.0
 20
0.0
 30
0.0
  9
$UCSORGLEFT
 10
0.0
 20
0.0
 30
0.0
  9
$UCSORGRIGHT
 10
0.0
 20
0.0
 30
0.0
  9
$UCSORGFRONT
 10
0.0
 20
0.0
 30
0.0
  9
$UCSORGBACK
 10
0.0
 20
0.0
 30
0.0
  9
$PUCSBASE
  2

  9
$PUCSNAME
  2

  9
$PUCSORG
 10
0.0
 20
0.0
 30
0.0
  9
$PUCSXDIR
 10
1.0
 20
0.0
 30
0.0
  9
$PUCSYDIR
 10
0.0
 20
1.0
 30
0.0
  9
$PUCSORTHOREF
  2

  9
$PUCSORTHOVIEW
 70
0
  9
$PUCSORGTOP
 10
0.0
 20
0.0
 30
0.0
  9
$PUCSORGBOTTOM
 10
0.0
 20
0.0
 30
0.0
  9
$PUCSORGLEFT
 10
0.0
 20
0.0
 30
0.0
  9
$PUCSORGRIGHT
 10
0.0
 20
0.0
 30
0.0
  9
$PUCSORGFRONT
 10
0.0
 20
0.0
 30
0.0
  9
$PUCSORGBACK
 10
0.0
 20
0.0
 30
0.0
  9
$USERI1
 70
0
  9
$USERI2
 70
0
  9
$USERI3
 70
0
  9
$USERI4
 70
0
  9
$USERI5
 70
0
  9
$USERR1
 40
0.0
  9
$USERR2
 40
0.0
  9
$USERR3
 40
0.0
  9
$USERR4
 40
0.0
  9
$USERR5
 40
0.0
  9
$WORLDVIEW
 70
1
  9
$SHADEDGE
 70
3
  9
$SHADEDIF
 70
70
  9
$TILEMODE
 70
1
  9
$MAXACTVP
 70
64
  9
$PINSBASE
 10
0.0
 20
0.0
 30
0.0
  9
$PLIMCHECK
 70
0
  9
$PEXTMIN
 10
1e+20
 20
1e+20
 30
1e+20
  9
$PEXTMAX
 10
-1e+20
 20
-1e+20
 30
-1e+20
  9
$PLIMMIN
 10
0.0
 20
0.0
  9
$PLIMMAX
 10
420.0
 20
297.0
  9
$UNITMODE
 70
0
  9
$VISRETAIN
 70
1
  9
$PLINEGEN
 70
0
  9
$PSLTSCALE
 70
1
  9
$TREEDEPTH
 70
3020
  9
$CMLSTYLE
  2
Standard
  9
$CMLJUST
 70
0
  9
$CMLSCALE
 40
20.0
  9
$PROXYGRAPHICS
 70
1
  9
$MEASUREMENT
 70
1
  9
$CELWEIGHT
370
-1
  9
$ENDCAPS
280
0
  9
$JOINSTYLE
280
0
  9
$LWDISPLAY
290
0
  9
$INSUNITS
 70
6
  9
$HYPERLINKBASE
  1

  9
$STYLESHEET
  1

  9
$XEDIT
290
1
  9
$CEPSNTYPE
380
0
  9
$PSTYLEMODE
290
1
  9
$FINGERPRINTGUID
  2
{346AFEAE-E8C2-4415-91DF-4C5F85321B23}
  9
$VERSIONGUID
  2
{54D8B013-E78C-47CE-8B75-97ECF4EC8590}
  9
$EXTNAMES
290
1
  9
$PSVPSCALE
 40
0.0
  9
$OLESTARTUP
290
0
  9
$SORTENTS
280
127
  9
$INDEXCTL
280
0
  9
$HIDETEXT
280
1
  9
$XCLIPFRAME
280
1
  9
$HALOGAP
280
0
  9
$OBSCOLOR
 70
257
  9
$OBSLTYPE
280
0
  9
$INTERSECTIONDISPLAY
280
0
  9
$INTERSECTIONCOLOR
 70
257
  9
$DIMASSOC
280
2
  9
$PROJECTNAME
  1

  9
$CAMERADISPLAY
290
0
  9
$LENSLENGTH
 40
50.0
  9
$CAMERAHEIGHT
 40
0.0
  9
$STEPSPERSEC
 40
24.0
  9
$STEPSIZE
 40
100.0
  9
$3DDWFPREC
 40
2.0
  9
$PSOLWIDTH
 40
0.005
  9
$PSOLHEIGHT
 40
0.08
  9
$LOFTANG1
 40
1.570796326795
  9
$LOFTANG2
 40
1.570796326795
  9
$LOFTMAG1
 40
0.0
  9
$LOFTMAG2
 40
0.0
  9
$LOFTPARAM
 70
7
  9
$LOFTNORMALS
280
1
  9
$LATITUDE
 40
37.795
  9
$LONGITUDE
 40
-122.394
  9
$NORTHDIRECTION
 40
0.0
  9
$TIMEZONE
 70
-8000
  9
$LIGHTGLYPHDISPLAY
280
1
  9
$TILEMODELIGHTSYNCH
280
1
  9
$CMATERIAL
347
20
  9
$SOLIDHIST
280
0
  9
$SHOWHIST
280
1
  9
$DWFFRAME
280
2
  9
$DGNFRAME
280
2
  9
$REALWORLDSCALE
290
1
  9
$INTERFERECOLOR
 62
256
  9
$CSHADOW
280
0
  9
$SHADOWPLANELOCATION
 40
0.0
  0
ENDSEC
  0
SECTION
  2
CLASSES
  0
CLASS
  1
ACDBDICTIONARYWDFLT
  2
AcDbDictionaryWithDefault
  3
ObjectDBX Classes
 90
0
 91
0
280
0
281
0
  0
CLASS
  1
SUN
  2
AcDbSun
  3
SCENEOE
 90
1153
 91
0
280
0
281
0
  0
CLASS
  1
VISUALSTYLE
  2
AcDbVisualStyle
  3
ObjectDBX Classes
 90
4095
 91
0
280
0
281
0
  0
CLASS
  1
MATERIAL
  2
AcDbMaterial
  3
ObjectDBX Classes
 90
1153
 91
0
280
0
281
0
  0
CLASS
  1
SCALE
  2
AcDbScale
  3
ObjectDBX Classes
 90
1153
 91
0
280
0
281
0
  0
CLASS
  1
TABLESTYLE
  2
AcDbTableStyle
  3
ObjectDBX Classes
 90
4095
 91
0
280
0
281
0
  0
CLASS
  1
MLEADERSTYLE
  2
AcDbMLeaderStyle
  3
ACDB_MLEADERSTYLE_CLASS
 90
4095
 91
0
280
0
281
0
  0
CLASS
  1
DICTIONARYVAR
  2
AcDbDictionaryVar
  3
ObjectDBX Classes
 90
0
 91
0
280
0
281
0
  0
CLASS
  1
CELLSTYLEMAP
  2
AcDbCellStyleMap
  3
ObjectDBX Classes
 90
1152
 91
0
280
0
281
0
  0
CLASS
  1
MENTALRAYRENDERSETTINGS
  2
AcDbMentalRayRenderSettings
  3
SCENEOE
 90
1024
 91
0
280
0
281
0
  0
CLASS
  1
ACDBDETAILVIEWSTYLE
  2
AcDbDetailViewStyle
  3
ObjectDBX Classes
 90
1025
 91
0
280
0
281
0
  0
CLASS
  1
ACDBSECTIONVIEWSTYLE
  2
AcDbSectionViewStyle
  3
ObjectDBX Classes
 90
1025
 91
0
280
0
281
0
  0
CLASS
  1
RASTERVARIABLES
  2
AcDbRasterVariables
  3
ISM
 90
0
 91
0
280
0
281
0
  0
CLASS
  1
LAYOUT
  2
AcDbLayout
  3
ObjectDBX Classes
 90
0
 91
0
280
0
281
0
  0
CLASS
  1
ACDBPLACEHOLDER
  2
AcDbPlaceHolder
  3
ObjectDBX Classes
 90
0
 91
0
280
0
281
0
  0
ENDSEC
  0
SECTION
  2
TABLES
  0
TABLE
  2
VPORT
  5
8
330
0
100
AcDbSymbolTable
 70
1
  0
VPORT
  5
23
330
8
100
AcDbSymbolTableRecord
100
AcDbViewportTableRecord
  2
*Active
 70
0
 10
0.0
 20
0.0
 11
1.0
 21
1.0
 12
0.0
 22
0.0
 13
0.0
 23
0.0
 14
0.5
 24
0.5
 15
0.5
 25
0.5
 16
0.0
 26
0.0
 36
1.0
 17
0.0
 27
0.0
 37
0.0
 40
1000.0
 41
1.34
 42
50.0
 43
0.0
 44
0.0
 50
0.0
 51
0.0
 71
0
 72
1000
 73
1
 74
3
 75
0
 76
0
 77
0
 78
0
281
0
 65
0
146
0.0
  0
ENDTAB
  0
TABLE
  2
LTYPE
  5
2
330
0
100
AcDbSymbolTable
 70
21
  0
LTYPE
  5
24
330
2
100
AcDbSymbolTableRecord
100
AcDbLinetypeTableRecord
  2
ByBlock
 70
0
  3

 72
65
 73
0
 40
0.0
  0
LTYPE
  5
25
330
2
100
AcDbSymbolTableRecord
100
AcDbLinetypeTableRecord
  2
ByLayer
 70
0
  3

 72
65
 73
0
 40
0.0
  0
LTYPE
  5
26
330
2
100
AcDbSymbolTableRecord
100
AcDbLinetypeTableRecord
  2
Continuous
 70
0
  3

 72
65
 73
0
 40
0.0
  0
LTYPE
  5
2F
330
2
100
AcDbSymbolTableRecord
100
AcDbLinetypeTableRecord
  2
CENTER
 70
0
  3
Center ____ _ ____ _ ____ _ ____ _ ____ _ ____
 72
65
 73
4
 40
5.08
 49
3.175
 74
0
 49
-0.635
 74
0
 49
0.635
 74
0
 49
-0.635
 74
0
  0
LTYPE
  5
30
330
2
100
AcDbSymbolTableRecord
100
AcDbLinetypeTableRecord
  2
CENTERX2
 70
0
  3
Center (2x) ________  __  ________  __  ________
 72
65
 73
4
 40
8.89
 49
6.35
 74
0
 49
-0.635
 74
0
 49
1.27
 74
0
 49
-0.635
 74
0
  0
LTYPE
  5
31
330
2
100
AcDbSymbolTableRecord
100
AcDbLinetypeTableRecord
  2
CENTER2
 70
0
  3
Center (.5x) ____ _ ____ _ ____ _ ____ _ ____
 72
65
 73
4
 40
2.54
 49
1.587
 74
0
 49
-0.318
 74
0
 49
0.318
 74
0
 49
-0.318
 74
0
  0
LTYPE
  5
32
330
2
100
AcDbSymbolTableRecord
100
AcDbLinetypeTableRecord
  2
DASHED
 70
0
  3
Dashed __ __ __ __ __ __ __ __ __ __ __ __ __ _
 72
65
 73
2
 40
1.524
 49
1.27
 74
0
 49
-0.254
 74
0
  0
LTYPE
  5
33
330
2
100
AcDbSymbolTableRecord
100
AcDbLinetypeTableRecord
  2
DASHEDX2
 70
0
  3
Dashed (2x) ____  ____  ____  ____  ____  ____
 72
65
 73
2
 40
3.048
 49
2.54
 74
0
 49
-0.508
 74
0
  0
LTYPE
  5
34
330
2
100
AcDbSymbolTableRecord
100
AcDbLinetypeTableRecord
  2
DASHED2
 70
0
  3
Dashed (.5x) _ _ _ _ _ _ _ _ _ _ _ _ _ _
 72
65
 73
2
 40
0.762
 49
0.635
 74
0
 49
-0.127
 74
0
  0
LTYPE
  5
35
330
2
100
AcDbSymbolTableRecord
100
AcDbLinetypeTableRecord
  2
PHANTOM
 70
0
  3
Phantom ______  __  __  ______  __  __  ______
 72
65
 73
6
 40
6.35
 49
3.175
 74
0
 49
-0.635
 74
0
 49
0.635
 74
0
 49
-0.635
 74
0
 49
0.635
 74
0
 49
-0.635
 74
0
  0
LTYPE
  5
36
330
2
100
AcDbSymbolTableRecord
100
AcDbLinetypeTableRecord
  2
PHANTOMX2
 70
0
  3
Phantom (2x)____________    ____    ____    ____________
 72
65
 73
6
 40
10.795
 49
6.35
 74
0
 49
-0.635
 74
0
 49
1.27
 74
0
 49
-0.635
 74
0
 49
1.27
 74
0
 49
-0.635
 74
0
  0
LTYPE
  5
37
330
2
100
AcDbSymbolTableRecord
100
AcDbLinetypeTableRecord
  2
PHANTOM2
 70
0
  3
Phantom (.5x) ___ _ _ ___ _ _ ___ _ _ ___ _ _ ___
 72
65
 73
6
 40
3.175
 49
1.587
 74
0
 49
-0.318
 74
0
 49
0.318
 74
0
 49
-0.318
 74
0
 49
0.318
 74
0
 49
-0.318
 74
0
  0
LTYPE
  5
38
330
2
100
AcDbSymbolTableRecord
100
AcDbLinetypeTableRecord
  2
DASHDOT
 70
0
  3
Dash dot __ . __ . __ . __ . __ . __ . __ . __
 72
65
 73
4
 40
3.556
 49
2.54
 74
0
 49
-0.508
 74
0
 49
0.0
 74
0
 49
-0.508
 74
0
  0
LTYPE
  5
39
330
2
100
AcDbSymbolTableRecord
100
AcDbLinetypeTableRecord
  2
DASHDOTX2
 70
0
  3
Dash dot (2x) ____  .  ____  .  ____  .  ____
 72
65
 73
4
 40
6.096
 49
5.08
 74
0
 49
-0.508
 74
0
 49
0.0
 74
0
 49
-0.508
 74
0
  0
LTYPE
  5
3A
330
2
100
AcDbSymbolTableRecord
100
AcDbLinetypeTableRecord
  2
DASHDOT2
 70
0
  3
Dash dot (.5x) _ . _ . _ . _ . _ . _ . _ . _
 72
65
 73
4
 40
1.778
 49
1.27
 74
0
 49
-0.254
 74
0
 49
0.0
 74
0
 49
-0.254
 74
0
  0
LTYPE
  5
3B
330
2
100
AcDbSymbolTableRecord
100
AcDbLinetypeTableRecord
  2
DOT
 70
0
  3
Dot .  .  .  .  .  .  .  .  .  .  .  .  .  .  .  .
 72
65
 73
2
 40
0.508
 49
0.0
 74
0
 49
-0.508
 74
0
  0
LTYPE
  5
3C
330
2
100
AcDbSymbolTableRecord
100
AcDbLinetypeTableRecord
  2
DOTX2
 70
0
  3
Dot (2x) .    .    .    .    .    .    .    . 
 72
65
 73
2
 40
1.016
 49
0.0
 74
0
 49
-1.016
 74
0
  0
LTYPE
  5
3D
330
2
100
AcDbSymbolTableRecord
100
AcDbLinetypeTableRecord
  2
DOT2
 70
0
  3
Dot (.5) . . . . . . . . . . . . . . . . . . . 
 72
65
 73
2
 40
0.254
 49
0.0
 74
0
 49
-0.254
 74
0
  0
LTYPE
  5
3E
330
2
100
AcDbSymbolTableRecord
100
AcDbLinetypeTableRecord
  2
DIVIDE
 70
0
  3
Divide __ . . __ . . __ . . __ . . __ . . __
 72
65
 73
6
 40
4.064
 49
2.54
 74
0
 49
-0.508
 74
0
 49
0.0
 74
0
 49
-0.508
 74
0
 49
0.0
 74
0
 49
-0.508
 74
0
  0
LTYPE
  5
3F
330
2
100
AcDbSymbolTableRecord
100
AcDbLinetypeTableRecord
  2
DIVIDEX2
 70
0
  3
Divide (2x) ____  . .  ____  . .  ____  . .  ____
 72
65
 73
6
 40
6.604
 49
5.08
 74
0
 49
-0.508
 74
0
 49
0.0
 74
0
 49
-0.508
 74
0
 49
0.0
 74
0
 49
-0.508
 74
0
  0
LTYPE
  5
40
330
2
100
AcDbSymbolTableRecord
100
AcDbLinetypeTableRecord
  2
DIVIDE2
 70
0
  3
Divide(.5x) _ . _ . _ . _ . _ . _ . _ . _
 72
65
 73
6
 40
2.032
 49
1.27
 74
0
 49
-0.254
 74
0
 49
0.0
 74
0
 49
-0.254
 74
0
 49
0.0
 74
0
 49
-0.254
 74
0
  0
ENDTAB
  0
TABLE
  2
LAYER
  5
1
330
0
100
AcDbSymbolTable
 70
35
  0
LAYER
  5
27
330
1
100
AcDbSymbolTableRecord
100
AcDbLayerTableRecord
  2
0
 70
0
 62
7
  6
Continuous
370
-3
390
13
347
21
  0
LAYER
  5
28
330
1
100
AcDbSymbolTableRecord
100
AcDbLayerTableRecord
  2
Defpoints
 70
0
 62
7
  6
Continuous
290
0
370
-3
390
13
347
21
  0
LAYER
  5
8A
330
1
100
AcDbSymbolTableRecord
100
AcDbLayerTableRecord
  2
eje
 70
0
 62
7
  6
CONTINUOUS
370
13
390
13
347
21
  0
LAYER
  5
8B
330
1
100
AcDbSymbolTableRecord
100
AcDbLayerTableRecord
  2
muro-corte
 70
0
 62
7
  6
CONTINUOUS
370
60
390
13
347
21
  0
LAYER
  5
8C
330
1
100
AcDbSymbolTableRecord
100
AcDbLayerTableRecord
  2
muro-fill
 70
0
 62
7
  6
CONTINUOUS
370
25
390
13
347
21
  0
LAYER
  5
8D
330
1
100
AcDbSymbolTableRecord
100
AcDbLayerTableRecord
  2
muro-visto
 70
0
 62
7
  6
CONTINUOUS
370
35
390
13
347
21
  0
LAYER
  5
8E
330
1
100
AcDbSymbolTableRecord
100
AcDbLayerTableRecord
  2
tabique-fill
 70
0
 62
7
  6
CONTINUOUS
370
30
390
13
347
21
  0
LAYER
  5
8F
330
1
100
AcDbSymbolTableRecord
100
AcDbLayerTableRecord
  2
hueco
 70
0
 62
7
  6
CONTINUOUS
370
25
390
13
347
21
  0
LAYER
  5
90
330
1
100
AcDbSymbolTableRecord
100
AcDbLayerTableRecord
  2
carpinteria
 70
0
 62
7
  6
CONTINUOUS
370
25
390
13
347
21
  0
LAYER
  5
91
330
1
100
AcDbSymbolTableRecord
100
AcDbLayerTableRecord
  2
vidrio
 70
0
 62
7
  6
CONTINUOUS
370
18
390
13
347
21
  0
LAYER
  5
92
330
1
100
AcDbSymbolTableRecord
100
AcDbLayerTableRecord
  2
mobiliario
 70
0
 62
7
  6
CONTINUOUS
370
18
390
13
347
21
  0
LAYER
  5
93
330
1
100
AcDbSymbolTableRecord
100
AcDbLayerTableRecord
  2
sanitario
 70
0
 62
7
  6
CONTINUOUS
370
20
390
13
347
21
  0
LAYER
  5
94
330
1
100
AcDbSymbolTableRecord
100
AcDbLayerTableRecord
  2
texto
 70
0
 62
7
  6
CONTINUOUS
370
5
390
13
347
21
  0
LAYER
  5
95
330
1
100
AcDbSymbolTableRecord
100
AcDbLayerTableRecord
  2
texto-suave
 70
0
 62
7
  6
CONTINUOUS
370
5
390
13
347
21
  0
LAYER
  5
96
330
1
100
AcDbSymbolTableRecord
100
AcDbLayerTableRecord
  2
cota
 70
0
 62
7
  6
CONTINUOUS
370
13
390
13
347
21
  0
LAYER
  5
97
330
1
100
AcDbSymbolTableRecord
100
AcDbLayerTableRecord
  2
cota-texto
 70
0
 62
7
  6
CONTINUOUS
370
5
390
13
347
21
  0
LAYER
  5
98
330
1
100
AcDbSymbolTableRecord
100
AcDbLayerTableRecord
  2
nivel
 70
0
 62
7
  6
CONTINUOUS
370
20
390
13
347
21
  0
LAYER
  5
99
330
1
100
AcDbSymbolTableRecord
100
AcDbLayerTableRecord
  2
terreno
 70
0
 62
7
  6
CONTINUOUS
370
35
390
13
347
21
  0
LAYER
  5
9A
330
1
100
AcDbSymbolTableRecord
100
AcDbLayerTableRecord
  2
hormigon
 70
0
 62
7
  6
CONTINUOUS
370
30
390
13
347
21
  0
LAYER
  5
9B
330
1
100
AcDbSymbolTableRecord
100
AcDbLayerTableRecord
  2
hatch
 70
0
 62
7
  6
CONTINUOUS
370
9
390
13
347
21
  0
LAYER
  5
9C
330
1
100
AcDbSymbolTableRecord
100
AcDbLayerTableRecord
  2
hatch-2
 70
0
 62
7
  6
CONTINUOUS
370
9
390
13
347
21
  0
LAYER
  5
9D
330
1
100
AcDbSymbolTableRecord
100
AcDbLayerTableRecord
  2
marco
 70
0
 62
7
  6
CONTINUOUS
370
70
390
13
347
21
  0
LAYER
  5
9E
330
1
100
AcDbSymbolTableRecord
100
AcDbLayerTableRecord
  2
marco-fino
 70
0
 62
7
  6
CONTINUOUS
370
25
390
13
347
21
  0
LAYER
  5
9F
330
1
100
AcDbSymbolTableRecord
100
AcDbLayerTableRecord
  2
marco-medio
 70
0
 62
7
  6
CONTINUOUS
370
40
390
13
347
21
  0
LAYER
  5
A0
330
1
100
AcDbSymbolTableRecord
100
AcDbLayerTableRecord
  2
sombra
 70
0
 62
7
  6
CONTINUOUS
370
5
390
13
347
21
  0
LAYER
  5
A1
330
1
100
AcDbSymbolTableRecord
100
AcDbLayerTableRecord
  2
vegetal
 70
0
 62
7
  6
CONTINUOUS
370
20
390
13
347
21
  0
LAYER
  5
A2
330
1
100
AcDbSymbolTableRecord
100
AcDbLayerTableRecord
  2
arbol
 70
0
 62
7
  6
CONTINUOUS
370
18
390
13
347
21
  0
LAYER
  5
A3
330
1
100
AcDbSymbolTableRecord
100
AcDbLayerTableRecord
  2
agua
 70
0
 62
7
  6
CONTINUOUS
370
20
390
13
347
21
  0
LAYER
  5
A4
330
1
100
AcDbSymbolTableRecord
100
AcDbLayerTableRecord
  2
via
 70
0
 62
7
  6
CONTINUOUS
370
20
390
13
347
21
  0
LAYER
  5
A5
330
1
100
AcDbSymbolTableRecord
100
AcDbLayerTableRecord
  2
edificio
 70
0
 62
7
  6
CONTINUOUS
370
25
390
13
347
21
  0
LAYER
  5
A6
330
1
100
AcDbSymbolTableRecord
100
AcDbLayerTableRecord
  2
destacado
 70
0
 62
7
  6
CONTINUOUS
370
40
390
13
347
21
  0
LAYER
  5
A7
330
1
100
AcDbSymbolTableRecord
100
AcDbLayerTableRecord
  2
azul
 70
0
 62
7
  6
CONTINUOUS
370
25
390
13
347
21
  0
LAYER
  5
A8
330
1
100
AcDbSymbolTableRecord
100
AcDbLayerTableRecord
  2
cubierta
 70
0
 62
7
  6
CONTINUOUS
370
25
390
13
347
21
  0
LAYER
  5
A9
330
1
100
AcDbSymbolTableRecord
100
AcDbLayerTableRecord
  2
proyeccion
 70
0
 62
7
  6
CONTINUOUS
370
15
390
13
347
21
  0
LAYER
  5
AA
330
1
100
AcDbSymbolTableRecord
100
AcDbLayerTableRecord
  2
fondo
 70
0
 62
7
  6
CONTINUOUS
370
5
390
13
347
21
  0
ENDTAB
  0
TABLE
  2
STYLE
  5
5
330
0
100
AcDbSymbolTable
 70
26
  0
STYLE
  5
29
330
5
100
AcDbSymbolTableRecord
100
AcDbTextStyleTableRecord
  2
Standard
 70
0
 40
0.0
 41
1.0
 50
0.0
 71
0
 42
2.5
  3
txt
  4

  0
STYLE
  5
41
330
5
100
AcDbSymbolTableRecord
100
AcDbTextStyleTableRecord
  2
OpenSans-Light
 70
0
 40
0.0
 41
1.0
 50
0.0
 71
0
 42
2.5
  3
OpenSans-Light.ttf
  4

  0
STYLE
  5
42
330
5
100
AcDbSymbolTableRecord
100
AcDbTextStyleTableRecord
  2
OpenSans-Light-Italic
 70
0
 40
0.0
 41
1.0
 50
0.0
 71
0
 42
2.5
  3
OpenSans-LightItalic.ttf
  4

  0
STYLE
  5
43
330
5
100
AcDbSymbolTableRecord
100
AcDbTextStyleTableRecord
  2
OpenSans
 70
0
 40
0.0
 41
1.0
 50
0.0
 71
0
 42
2.5
  3
OpenSans-Regular.ttf
  4

  0
STYLE
  5
44
330
5
100
AcDbSymbolTableRecord
100
AcDbTextStyleTableRecord
  2
OpenSans-Italic
 70
0
 40
0.0
 41
1.0
 50
0.0
 71
0
 42
2.5
  3
OpenSans-Italic.ttf
  4

  0
STYLE
  5
45
330
5
100
AcDbSymbolTableRecord
100
AcDbTextStyleTableRecord
  2
OpenSans-SemiBold
 70
0
 40
0.0
 41
1.0
 50
0.0
 71
0
 42
2.5
  3
OpenSans-SemiBold.ttf
  4

  0
STYLE
  5
46
330
5
100
AcDbSymbolTableRecord
100
AcDbTextStyleTableRecord
  2
OpenSans-SemiBoldItalic
 70
0
 40
0.0
 41
1.0
 50
0.0
 71
0
 42
2.5
  3
OpenSans-SemiBoldItalic.ttf
  4

  0
STYLE
  5
47
330
5
100
AcDbSymbolTableRecord
100
AcDbTextStyleTableRecord
  2
OpenSans-Bold
 70
0
 40
0.0
 41
1.0
 50
0.0
 71
0
 42
2.5
  3
OpenSans-Bold.ttf
  4

  0
STYLE
  5
48
330
5
100
AcDbSymbolTableRecord
100
AcDbTextStyleTableRecord
  2
OpenSans-BoldItalic
 70
0
 40
0.0
 41
1.0
 50
0.0
 71
0
 42
2.5
  3
OpenSans-BoldItalic.ttf
  4

  0
STYLE
  5
49
330
5
100
AcDbSymbolTableRecord
100
AcDbTextStyleTableRecord
  2
OpenSans-ExtraBold
 70
0
 40
0.0
 41
1.0
 50
0.0
 71
0
 42
2.5
  3
OpenSans-ExtraBold.ttf
  4

  0
STYLE
  5
4A
330
5
100
AcDbSymbolTableRecord
100
AcDbTextStyleTableRecord
  2
OpenSans-ExtraBoldItalic
 70
0
 40
0.0
 41
1.0
 50
0.0
 71
0
 42
2.5
  3
OpenSans-ExtraBoldItalic.ttf
  4

  0
STYLE
  5
4B
330
5
100
AcDbSymbolTableRecord
100
AcDbTextStyleTableRecord
  2
OpenSansCondensed-Bold
 70
0
 40
0.0
 41
1.0
 50
0.0
 71
0
 42
2.5
  3
OpenSansCondensed-Bold.ttf
  4

  0
STYLE
  5
4C
330
5
100
AcDbSymbolTableRecord
100
AcDbTextStyleTableRecord
  2
OpenSansCondensed-Light
 70
0
 40
0.0
 41
1.0
 50
0.0
 71
0
 42
2.5
  3
OpenSansCondensed-Light.ttf
  4

  0
STYLE
  5
4D
330
5
100
AcDbSymbolTableRecord
100
AcDbTextStyleTableRecord
  2
OpenSansCondensed-Italic
 70
0
 40
0.0
 41
1.0
 50
0.0
 71
0
 42
2.5
  3
OpenSansCondensed-LightItalic.ttf
  4

  0
STYLE
  5
4E
330
5
100
AcDbSymbolTableRecord
100
AcDbTextStyleTableRecord
  2
LiberationSans
 70
0
 40
0.0
 41
1.0
 50
0.0
 71
0
 42
2.5
  3
LiberationSans-Regular.ttf
  4

  0
STYLE
  5
4F
330
5
100
AcDbSymbolTableRecord
100
AcDbTextStyleTableRecord
  2
LiberationSans-Bold
 70
0
 40
0.0
 41
1.0
 50
0.0
 71
0
 42
2.5
  3
LiberationSans-Bold.ttf
  4

  0
STYLE
  5
50
330
5
100
AcDbSymbolTableRecord
100
AcDbTextStyleTableRecord
  2
LiberationSans-BoldItalic
 70
0
 40
0.0
 41
1.0
 50
0.0
 71
0
 42
2.5
  3
LiberationSans-BoldItalic.ttf
  4

  0
STYLE
  5
51
330
5
100
AcDbSymbolTableRecord
100
AcDbTextStyleTableRecord
  2
LiberationSans-Italic
 70
0
 40
0.0
 41
1.0
 50
0.0
 71
0
 42
2.5
  3
LiberationSans-Italic.ttf
  4

  0
STYLE
  5
52
330
5
100
AcDbSymbolTableRecord
100
AcDbTextStyleTableRecord
  2
LiberationSerif
 70
0
 40
0.0
 41
1.0
 50
0.0
 71
0
 42
2.5
  3
LiberationSerif-Regular.ttf
  4

  0
STYLE
  5
53
330
5
100
AcDbSymbolTableRecord
100
AcDbTextStyleTableRecord
  2
LiberationSerif-Bold
 70
0
 40
0.0
 41
1.0
 50
0.0
 71
0
 42
2.5
  3
LiberationSerif-Bold.ttf
  4

  0
STYLE
  5
54
330
5
100
AcDbSymbolTableRecord
100
AcDbTextStyleTableRecord
  2
LiberationSerif-BoldItalic
 70
0
 40
0.0
 41
1.0
 50
0.0
 71
0
 42
2.5
  3
LiberationSerif-BoldItalic.ttf
  4

  0
STYLE
  5
55
330
5
100
AcDbSymbolTableRecord
100
AcDbTextStyleTableRecord
  2
LiberationSerif-Italic
 70
0
 40
0.0
 41
1.0
 50
0.0
 71
0
 42
2.5
  3
LiberationSerif-Italic.ttf
  4

  0
STYLE
  5
56
330
5
100
AcDbSymbolTableRecord
100
AcDbTextStyleTableRecord
  2
LiberationMono
 70
0
 40
0.0
 41
1.0
 50
0.0
 71
0
 42
2.5
  3
LiberationMono-Regular.ttf
  4

  0
STYLE
  5
57
330
5
100
AcDbSymbolTableRecord
100
AcDbTextStyleTableRecord
  2
LiberationMono-Bold
 70
0
 40
0.0
 41
1.0
 50
0.0
 71
0
 42
2.5
  3
LiberationMono-Bold.ttf
  4

  0
STYLE
  5
58
330
5
100
AcDbSymbolTableRecord
100
AcDbTextStyleTableRecord
  2
LiberationMono-BoldItalic
 70
0
 40
0.0
 41
1.0
 50
0.0
 71
0
 42
2.5
  3
LiberationMono-BoldItalic.ttf
  4

  0
STYLE
  5
59
330
5
100
AcDbSymbolTableRecord
100
AcDbTextStyleTableRecord
  2
LiberationMono-Italic
 70
0
 40
0.0
 41
1.0
 50
0.0
 71
0
 42
2.5
  3
LiberationMono-Italic.ttf
  4

  0
ENDTAB
  0
TABLE
  2
VIEW
  5
7
330
0
100
AcDbSymbolTable
 70
0
  0
ENDTAB
  0
TABLE
  2
UCS
  5
6
330
0
100
AcDbSymbolTable
 70
0
  0
ENDTAB
  0
TABLE
  2
APPID
  5
3
330
0
100
AcDbSymbolTable
 70
3
  0
APPID
  5
2A
330
3
100
AcDbSymbolTableRecord
100
AcDbRegAppTableRecord
  2
ACAD
 70
0
  0
APPID
  5
D52
330
3
100
AcDbSymbolTableRecord
100
AcDbRegAppTableRecord
  2
HATCHBACKGROUNDCOLOR
 70
0
  0
APPID
  5
D53
330
3
100
AcDbSymbolTableRecord
100
AcDbRegAppTableRecord
  2
EZDXF
 70
0
  0
ENDTAB
  0
TABLE
  2
DIMSTYLE
  5
4
330
0
100
AcDbSymbolTable
 70
12
100
AcDbDimStyleTable
  0
DIMSTYLE
105
2B
330
4
100
AcDbSymbolTableRecord
100
AcDbDimStyleTableRecord
  2
Standard
 70
0
 40
1.0
 41
2.5
 42
0.625
 43
3.75
 44
1.25
 45
0.0
 46
0.0
 47
0.0
 48
0.0
 49
2.5
140
2.5
141
2.5
142
0.0
143
0.03937007874
144
1.0
145
0.0
146
1.0
147
0.625
148
0.0
 69
0
 70
0
 71
0
 72
0
 73
0
 74
0
 75
0
 76
0
 77
1
 78
8
 79
3
170
0
171
3
172
1
173
0
174
0
175
0
176
0
177
0
178
0
179
2
271
2
272
2
273
2
274
3
275
0
276
0
277
2
278
44
279
0
280
0
281
0
282
0
283
0
284
8
285
0
286
0
288
0
289
3
290
0
371
-2
372
-2
  0
DIMSTYLE
105
73
330
4
100
AcDbSymbolTableRecord
100
AcDbDimStyleTableRecord
  2
EZDXF
 70
0
 40
1.0
 41
0.175
 42
0.125
 43
3.75
 44
0.375
 45
0.0
 46
0.0
 47
0.0
 48
0.0
 49
2.5
140
0.25
141
2.5
142
0.0
143
0.03937007874
144
100.0
145
0.0
146
0.5
147
0.1
148
0.0
 69
0
 70
0
 71
0
 72
0
 73
0
 74
0
 75
0
 76
0
 77
1
 78
12
 79
3
170
0
171
3
172
1
173
0
174
0
175
0
176
0
177
0
178
0
179
2
271
2
272
2
273
2
274
3
275
0
276
0
277
2
278
46
279
2
280
0
281
0
282
0
283
0
284
8
285
0
286
0
288
1
289
3
290
0
340
4C
342
74
371
-2
372
-2
  0
DIMSTYLE
105
7C
330
4
100
AcDbSymbolTableRecord
100
AcDbDimStyleTableRecord
  2
EZ_M_100_H25_CM
 70
0
 40
1.0
 41
0.25
 42
0.125
 43
3.75
 44
0.375
 45
0.0
 46
0.0
 47
0.0
 48
0.0
 49
2.5
140
0.25
141
2.5
142
0.125
143
0.03937007874
144
100.0
145
0.0
146
0.5
147
0.1
148
0.0
 69
0
 70
0
 71
0
 72
0
 73
0
 74
0
 75
0
 76
0
 77
1
 78
12
 79
3
170
0
171
3
172
1
173
0
174
0
175
0
176
0
177
0
178
0
179
2
271
2
272
2
273
2
274
3
275
0
276
0
277
2
278
46
279
2
280
0
281
0
282
0
283
0
284
8
285
0
286
0
288
1
289
3
290
0
340
4C
371
-2
372
-2
  0
DIMSTYLE
105
7D
330
4
100
AcDbSymbolTableRecord
100
AcDbDimStyleTableRecord
  2
EZ_M_50_H25_CM
 70
0
 40
1.0
 41
0.125
 42
0.0625
 43
3.75
 44
0.1875
 45
0.0
 46
0.0
 47
0.0
 48
0.0
 49
2.5
140
0.125
141
2.5
142
0.0625
143
0.03937007874
144
100.0
145
0.0
146
0.5
147
0.05
148
0.0
 69
0
 70
0
 71
0
 72
0
 73
0
 74
0
 75
0
 76
0
 77
1
 78
12
 79
3
170
0
171
3
172
1
173
0
174
0
175
0
176
0
177
0
178
0
179
2
271
2
272
2
273
2
274
3
275
0
276
0
277
2
278
46
279
2
280
0
281
0
282
0
283
0
284
8
285
0
286
0
288
1
289
3
290
0
340
4C
371
-2
372
-2
  0
DIMSTYLE
105
7E
330
4
100
AcDbSymbolTableRecord
100
AcDbDimStyleTableRecord
  2
EZ_M_25_H25_CM
 70
0
 40
1.0
 41
0.0625
 42
0.03125
 43
3.75
 44
0.09375
 45
0.0
 46
0.0
 47
0.0
 48
0.0
 49
2.5
140
0.0625
141
2.5
142
0.03125
143
0.03937007874
144
100.0
145
0.0
146
0.5
147
0.025
148
0.0
 69
0
 70
0
 71
0
 72
0
 73
0
 74
0
 75
0
 76
0
 77
1
 78
12
 79
3
170
0
171
3
172
1
173
0
174
0
175
0
176
0
177
0
178
0
179
2
271
2
272
2
273
2
274
3
275
0
276
0
277
2
278
46
279
2
280
0
281
0
282
0
283
0
284
8
285
0
286
0
288
1
289
3
290
0
340
4C
371
-2
372
-2
  0
DIMSTYLE
105
7F
330
4
100
AcDbSymbolTableRecord
100
AcDbDimStyleTableRecord
  2
EZ_M_20_H25_CM
 70
0
 40
1.0
 41
0.05
 42
0.025
 43
3.75
 44
0.07500000000000001
 45
0.0
 46
0.0
 47
0.0
 48
0.0
 49
2.5
140
0.05
141
2.5
142
0.025
143
0.03937007874
144
100.0
145
0.0
146
0.5
147
0.020000000000000004
148
0.0
 69
0
 70
0
 71
0
 72
0
 73
0
 74
0
 75
0
 76
0
 77
1
 78
12
 79
3
170
0
171
3
172
1
173
0
174
0
175
0
176
0
177
0
178
0
179
2
271
2
272
2
273
2
274
3
275
0
276
0
277
2
278
46
279
2
280
0
281
0
282
0
283
0
284
8
285
0
286
0
288
1
289
3
290
0
340
4C
371
-2
372
-2
  0
DIMSTYLE
105
80
330
4
100
AcDbSymbolTableRecord
100
AcDbDimStyleTableRecord
  2
EZ_M_10_H25_CM
 70
0
 40
1.0
 41
0.025
 42
0.0125
 43
3.75
 44
0.037500000000000006
 45
0.0
 46
0.0
 47
0.0
 48
0.0
 49
2.5
140
0.025
141
2.5
142
0.0125
143
0.03937007874
144
100.0
145
0.0
146
0.5
147
0.010000000000000002
148
0.0
 69
0
 70
0
 71
0
 72
0
 73
0
 74
0
 75
0
 76
0
 77
1
 78
12
 79
3
170
0
171
3
172
1
173
0
174
0
175
0
176
0
177
0
178
0
179
2
271
2
272
2
273
2
274
3
275
0
276
0
277
2
278
46
279
2
280
0
281
0
282
0
283
0
284
8
285
0
286
0
288
1
289
3
290
0
340
4C
371
-2
372
-2
  0
DIMSTYLE
105
81
330
4
100
AcDbSymbolTableRecord
100
AcDbDimStyleTableRecord
  2
EZ_M_5_H25_CM
 70
0
 40
1.0
 41
0.0125
 42
0.00625
 43
3.75
 44
0.018750000000000003
 45
0.0
 46
0.0
 47
0.0
 48
0.0
 49
2.5
140
0.0125
141
2.5
142
0.00625
143
0.03937007874
144
100.0
145
0.0
146
0.5
147
0.005000000000000001
148
0.0
 69
0
 70
0
 71
0
 72
0
 73
0
 74
0
 75
0
 76
0
 77
1
 78
12
 79
3
170
0
171
3
172
1
173
0
174
0
175
0
176
0
177
0
178
0
179
2
271
2
272
2
273
2
274
3
275
0
276
0
277
2
278
46
279
2
280
0
281
0
282
0
283
0
284
8
285
0
286
0
288
1
289
3
290
0
340
4C
371
-2
372
-2
  0
DIMSTYLE
105
82
330
4
100
AcDbSymbolTableRecord
100
AcDbDimStyleTableRecord
  2
EZ_M_1_H25_CM
 70
0
 40
1.0
 41
0.0025
 42
0.00125
 43
3.75
 44
0.00375
 45
0.0
 46
0.0
 47
0.0
 48
0.0
 49
2.5
140
0.0025
141
2.5
142
0.00125
143
0.03937007874
144
100.0
145
0.0
146
0.5
147
0.001
148
0.0
 69
0
 70
0
 71
0
 72
0
 73
0
 74
0
 75
0
 76
0
 77
1
 78
12
 79
3
170
0
171
3
172
1
173
0
174
0
175
0
176
0
177
0
178
0
179
2
271
2
272
2
273
2
274
3
275
0
276
0
277
2
278
46
279
2
280
0
281
0
282
0
283
0
284
8
285
0
286
0
288
1
289
3
290
0
340
4C
371
-2
372
-2
  0
DIMSTYLE
105
83
330
4
100
AcDbSymbolTableRecord
100
AcDbDimStyleTableRecord
  2
EZ_RADIUS
 70
0
 40
1.0
 41
0.25
 42
0.125
 43
3.75
 44
0.375
 45
0.0
 46
0.0
 47
0.0
 48
0.0
 49
2.5
140
0.25
141
0.0
142
0.0
143
0.03937007874
144
100.0
145
0.0
146
0.5
147
0.1
148
0.0
 69
0
 70
0
 71
0
 72
0
 73
0
 74
0
 75
0
 76
0
 77
1
 78
12
 79
3
170
0
171
3
172
0
173
0
174
0
175
0
176
0
177
0
178
0
179
2
271
2
272
2
273
2
274
3
275
0
276
0
277
2
278
46
279
1
280
0
281
0
282
0
283
0
284
8
285
0
286
0
288
1
289
3
290
0
340
4C
342
84
371
-2
372
-2
  0
DIMSTYLE
105
88
330
4
100
AcDbSymbolTableRecord
100
AcDbDimStyleTableRecord
  2
EZ_RADIUS_INSIDE
 70
0
 40
1.0
 41
0.25
 42
0.125
 43
3.75
 44
0.375
 45
0.0
 46
0.0
 47
0.0
 48
0.0
 49
2.5
140
0.25
141
0.0
142
0.0
143
0.03937007874
144
100.0
145
0.0
146
0.5
147
0.1
148
0.0
 69
0
 70
0
 71
0
 72
0
 73
0
 74
0
 75
0
 76
0
 77
0
 78
12
 79
3
170
0
171
3
172
0
173
0
174
1
175
0
176
0
177
0
178
0
179
2
271
2
272
2
273
2
274
3
275
0
276
0
277
2
278
46
279
0
280
0
281
0
282
0
283
0
284
8
285
0
286
0
288
1
289
0
290
0
340
4C
342
84
371
-2
372
-2
  0
DIMSTYLE
105
89
330
4
100
AcDbSymbolTableRecord
100
AcDbDimStyleTableRecord
  2
EZ_CURVED
 70
0
 40
1.0
 41
0.25
 42
0.125
 43
3.75
 44
0.375
 45
0.0
 46
0.0
 47
0.0
 48
0.0
 49
2.5
140
0.25
141
2.5
142
0.0
143
0.03937007874
144
100.0
145
0.0
146
0.5
147
0.1
148
0.0
 69
0
 70
0
 71
0
 72
0
 73
0
 74
0
 75
0
 76
0
 77
1
 78
12
 79
2
 90
2
170
0
171
3
172
1
173
0
174
0
175
0
176
0
177
0
178
0
179
2
271
2
272
2
273
2
274
3
275
0
276
0
277
2
278
46
279
2
280
0
281
0
282
0
283
0
284
8
285
0
286
0
288
1
289
3
290
0
340
4C
371
-2
372
-2
  0
ENDTAB
  0
TABLE
  2
BLOCK_RECORD
  5
9
330
0
100
AcDbSymbolTable
 70
5
  0
BLOCK_RECORD
  5
17
330
9
100
AcDbSymbolTableRecord
100
AcDbBlockTableRecord
  2
*Model_Space
340
1A
 70
0
280
1
281
0
  0
BLOCK_RECORD
  5
1B
330
9
100
AcDbSymbolTableRecord
100
AcDbBlockTableRecord
  2
*Paper_Space
340
1E
 70
0
280
1
281
0
  0
BLOCK_RECORD
  5
74
330
9
100
AcDbSymbolTableRecord
100
AcDbBlockTableRecord
  2
_ARCHTICK
340
0
 70
0
280
1
281
0
  0
BLOCK_RECORD
  5
78
330
9
100
AcDbSymbolTableRecord
100
AcDbBlockTableRecord
  2
_CLOSEDFILLED
340
0
 70
0
280
1
281
0
  0
BLOCK_RECORD
  5
84
330
9
100
AcDbSymbolTableRecord
100
AcDbBlockTableRecord
  2
_CLOSEDBLANK
340
0
 70
0
280
1
281
0
  0
ENDTAB
  0
ENDSEC
  0
SECTION
  2
BLOCKS
  0
BLOCK
  5
18
330
17
100
AcDbEntity
  8
0
100
AcDbBlockBegin
  2
*Model_Space
 70
0
 10
0.0
 20
0.0
 30
0.0
  3
*Model_Space
  1

  0
ENDBLK
  5
19
330
17
100
AcDbEntity
  8
0
100
AcDbBlockEnd
  0
BLOCK
  5
1C
330
1B
100
AcDbEntity
  8
0
100
AcDbBlockBegin
  2
*Paper_Space
 70
0
 10
0.0
 20
0.0
 30
0.0
  3
*Paper_Space
  1

  0
ENDBLK
  5
1D
330
1B
100
AcDbEntity
  8
0
100
AcDbBlockEnd
  0
BLOCK
  5
75
330
74
100
AcDbEntity
  8
0
100
AcDbBlockBegin
  2
_ARCHTICK
 70
0
 10
0.0
 20
0.0
 30
0.0
  3
_ARCHTICK
  1

  0
LWPOLYLINE
  5
77
330
74
100
AcDbEntity
  8
0
  6
BYBLOCK
 62
0
100
AcDbPolyline
 90
2
 70
0
 43
0.15
 10
-0.5
 20
-0.5
 10
0.5
 20
0.5
  0
ENDBLK
  5
76
330
74
100
AcDbEntity
  8
0
100
AcDbBlockEnd
  0
BLOCK
  5
79
330
78
100
AcDbEntity
  8
0
100
AcDbBlockBegin
  2
_CLOSEDFILLED
 70
0
 10
0.0
 20
0.0
 30
0.0
  3
_CLOSEDFILLED
  1

  0
SOLID
  5
7B
330
78
100
AcDbEntity
  8
0
  6
BYBLOCK
 62
0
100
AcDbTrace
 10
-1.0
 20
0.16439898372402537
 30
0.0
 11
0.0
 21
0.0
 31
0.0
 12
-1.0
 22
-0.16439898372402537
 32
0.0
 13
-1.0
 23
-0.16439898372402537
 33
0.0
  0
ENDBLK
  5
7A
330
78
100
AcDbEntity
  8
0
100
AcDbBlockEnd
  0
BLOCK
  5
85
330
84
100
AcDbEntity
  8
0
100
AcDbBlockBegin
  2
_CLOSEDBLANK
 70
0
 10
0.0
 20
0.0
 30
0.0
  3
_CLOSEDBLANK
  1

  0
LWPOLYLINE
  5
87
330
84
100
AcDbEntity
  8
0
  6
BYBLOCK
 62
0
100
AcDbPolyline
 90
3
 70
1
 10
-1.0
 20
0.16439898372402537
 10
0.0
 20
0.0
 10
-1.0
 20
-0.16439898372402537
  0
ENDBLK
  5
86
330
84
100
AcDbEntity
  8
0
100
AcDbBlockEnd
  0
ENDSEC
  0
SECTION
  2
ENTITIES
  0
LINE
  5
AB
330
17
100
AcDbEntity
  8
marco
100
AcDbLine
 10
1.25
 20
-0.6000000000000001
 30
0.0
 11
41.45
 21
-0.6000000000000001
 31
0.0
  0
LINE
  5
AC
330
17
100
AcDbEntity
  8
marco
100
AcDbLine
 10
41.45
 20
-0.6000000000000001
 30
0.0
 11
41.45
 21
-29.1
 31
0.0
  0
LINE
  5
AD
330
17
100
AcDbEntity
  8
marco
100
AcDbLine
 10
41.45
 20
-29.1
 30
0.0
 11
1.25
 21
-29.1
 31
0.0
  0
LINE
  5
AE
330
17
100
AcDbEntity
  8
marco
100
AcDbLine
 10
1.25
 20
-29.1
 30
0.0
 11
1.25
 21
-0.6000000000000001
 31
0.0
  0
LINE
  5
AF
330
17
100
AcDbEntity
  8
marco-fino
100
AcDbLine
 10
6.25
 20
-0.6000000000000001
 30
0.0
 11
6.25
 21
-0.8
 31
0.0
  0
LINE
  5
B0
330
17
100
AcDbEntity
  8
marco-fino
100
AcDbLine
 10
11.25
 20
-0.6000000000000001
 30
0.0
 11
11.25
 21
-0.8
 31
0.0
  0
LINE
  5
B1
330
17
100
AcDbEntity
  8
marco-fino
100
AcDbLine
 10
16.25
 20
-0.6000000000000001
 30
0.0
 11
16.25
 21
-0.8
 31
0.0
  0
LINE
  5
B2
330
17
100
AcDbEntity
  8
marco-fino
100
AcDbLine
 10
21.25
 20
-0.6000000000000001
 30
0.0
 11
21.25
 21
-0.8
 31
0.0
  0
LINE
  5
B3
330
17
100
AcDbEntity
  8
marco-fino
100
AcDbLine
 10
26.25
 20
-0.6000000000000001
 30
0.0
 11
26.25
 21
-0.8
 31
0.0
  0
LINE
  5
B4
330
17
100
AcDbEntity
  8
marco-fino
100
AcDbLine
 10
31.25
 20
-0.6000000000000001
 30
0.0
 11
31.25
 21
-0.8
 31
0.0
  0
LINE
  5
B5
330
17
100
AcDbEntity
  8
marco-fino
100
AcDbLine
 10
36.25
 20
-0.6000000000000001
 30
0.0
 11
36.25
 21
-0.8
 31
0.0
  0
LWPOLYLINE
  5
B6
330
17
100
AcDbEntity
  8
muro-fill
100
AcDbPolyline
 90
4
 70
1
 10
0.0
 20
0.0
 10
24.0
 20
0.0
 10
24.0
 20
0.25
 10
0.0
 20
0.25
  0
LINE
  5
B7
330
17
100
AcDbEntity
  8
hatch
100
AcDbLine
 10
23.85857864376269
 20
1.7763568394002505e-15
 30
0.0
 11
24.0
 21
0.14142135623731278
 31
0.0
  0
LINE
  5
B8
330
17
100
AcDbEntity
  8
hatch
100
AcDbLine
 10
23.71715728752538
 20
0.0
 30
0.0
 11
23.967157287525385
 21
0.2500000000000018
 31
0.0
  0
LINE
  5
B9
330
17
100
AcDbEntity
  8
hatch
100
AcDbLine
 10
23.575735931288072
 20
1.7763568394002505e-15
 30
0.0
 11
23.825735931288072
 21
0.25000000000000355
 31
0.0
  0
LINE
  5
BA
330
17
100
AcDbEntity
  8
hatch
100
AcDbLine
 10
23.434314575050763
 20
0.0
 30
0.0
 11
23.684314575050767
 21
0.25000000000000355
 31
0.0
  0
LINE
  5
BB
330
17
100
AcDbEntity
  8
hatch
100
AcDbLine
 10
23.292893218813454
 20
1.7763568394002505e-15
 30
0.0
 11
23.542893218813454
 21
0.25000000000000355
 31
0.0
  0
LINE
  5
BC
330
17
100
AcDbEntity
  8
hatch
100
AcDbLine
 10
23.15147186257614
 20
0.0
 30
0.0
 11
23.401471862576145
 21
0.2500000000000018
 31
0.0
  0
LINE
  5
BD
330
17
100
AcDbEntity
  8
hatch
100
AcDbLine
 10
23.010050506338835
 20
0.0
 30
0.0
 11
23.260050506338835
 21
0.2500000000000018
 31
0.0
  0
LINE
  5
BE
330
17
100
AcDbEntity
  8
hatch
100
AcDbLine
 10
22.868629150101523
 20
0.0
 30
0.0
 11
23.118629150101526
 21
0.2500000000000018
 31
0.0
  0
LINE
  5
BF
330
17
100
AcDbEntity
  8
hatch
100
AcDbLine
 10
22.727207793864217
 20
0.0
 30
0.0
 11
22.977207793864217
 21
0.2500000000000018
 31
0.0
  0
LINE
  5
C0
330
17
100
AcDbEntity
  8
hatch
100
AcDbLine
 10
22.585786437626904
 20
0.0
 30
0.0
 11
22.835786437626908
 21
0.25000000000000355
 31
0.0
  0
LINE
  5
C1
330
17
100
AcDbEntity
  8
hatch
100
AcDbLine
 10
22.4443650813896
 20
1.7763568394002505e-15
 30
0.0
 11
22.6943650813896
 21
0.2500000000000018
 31
0.0
  0
LINE
  5
C2
330
17
100
AcDbEntity
  8
hatch
100
AcDbLine
 10
22.30294372515229
 20
1.7763568394002505e-15
 30
0.0
 11
22.55294372515229
 21
0.25000000000000355
 31
0.0
  0
LINE
  5
C3
330
17
100
AcDbEntity
  8
hatch
100
AcDbLine
 10
22.161522368914977
 20
0.0
 30
0.0
 11
22.41152236891498
 21
0.2500000000000018
 31
0.0
  0
LINE
  5
C4
330
17
100
AcDbEntity
  8
hatch
100
AcDbLine
 10
22.020101012677667
 20
0.0
 30
0.0
 11
22.27010101267767
 21
0.2500000000000018
 31
0.0
  0
LINE
  5
C5
330
17
100
AcDbEntity
  8
hatch
100
AcDbLine
 10
21.878679656440355
 20
-1.7763568394002505e-15
 30
0.0
 11
22.12867965644036
 21
0.2500000000000018
 31
0.0
  0
LINE
  5
C6
330
17
100
AcDbEntity
  8
hatch
100
AcDbLine
 10
21.73725830020305
 20
0.0
 30
0.0
 11
21.987258300203052
 21
0.2500000000000018
 31
0.0
  0
LINE
  5
C7
330
17
100
AcDbEntity
  8
hatch
100
AcDbLine
 10
21.59583694396574
 20
0.0
 30
0.0
 11
21.845836943965743
 21
0.2500000000000018
 31
0.0
  0
LINE
  5
C8
330
17
100
AcDbEntity
  8
hatch
100
AcDbLine
 10
21.454415587728427
 20
1.7763568394002505e-15
 30
0.0
 11
21.70441558772843
 21
0.25000000000000355
 31
0.0
  0
LINE
  5
C9
330
17
100
AcDbEntity
  8
hatch
100
AcDbLine
 10
21.312994231491118
 20
0.0
 30
0.0
 11
21.56299423149112
 21
0.25000000000000355
 31
0.0
  0
LINE
  5
CA
330
17
100
AcDbEntity
  8
hatch
100
AcDbLine
 10
21.17157287525381
 20
1.7763568394002505e-15
 30
0.0
 11
21.421572875253812
 21
0.25000000000000355
 31
0.0
  0
LINE
  5
CB
330
17
100
AcDbEntity
  8
hatch
100
AcDbLine
 10
21.0301515190165
 20
1.7763568394002505e-15
 30
0.0
 11
21.280151519016503
 21
0.25000000000000355
 31
0.0
  0
LINE
  5
CC
330
17
100
AcDbEntity
  8
hatch
100
AcDbLine
 10
20.88873016277919
 20
1.7763568394002505e-15
 30
0.0
 11
21.138730162779193
 21
0.25000000000000355
 31
0.0
  0
LINE
  5
CD
330
17
100
AcDbEntity
  8
hatch
100
AcDbLine
 10
20.74730880654188
 20
0.0
 30
0.0
 11
20.99730880654188
 21
0.2500000000000018
 31
0.0
  0
LINE
  5
CE
330
17
100
AcDbEntity
  8
hatch
100
AcDbLine
 10
20.60588745030457
 20
0.0
 30
0.0
 11
20.85588745030457
 21
0.2500000000000018
 31
0.0
  0
LINE
  5
CF
330
17
100
AcDbEntity
  8
hatch
100
AcDbLine
 10
20.464466094067262
 20
0.0
 30
0.0
 11
20.714466094067262
 21
0.2500000000000018
 31
0.0
  0
LINE
  5
D0
330
17
100
AcDbEntity
  8
hatch
100
AcDbLine
 10
20.323044737829953
 20
0.0
 30
0.0
 11
20.573044737829953
 21
0.25000000000000355
 31
0.0
  0
LINE
  5
D1
330
17
100
AcDbEntity
  8
hatch
100
AcDbLine
 10
20.181623381592644
 20
0.0
 30
0.0
 11
20.431623381592647
 21
0.25000000000000355
 31
0.0
  0
LINE
  5
D2
330
17
100
AcDbEntity
  8
hatch
100
AcDbLine
 10
20.04020202535533
 20
0.0
 30
0.0
 11
20.290202025355335
 21
0.25000000000000355
 31
0.0
  0
LINE
  5
D3
330
17
100
AcDbEntity
  8
hatch
100
AcDbLine
 10
19.898780669118025
 20
1.7763568394002505e-15
 30
0.0
 11
20.148780669118025
 21
0.2500000000000018
 31
0.0
  0
LINE
  5
D4
330
17
100
AcDbEntity
  8
hatch
100
AcDbLine
 10
19.757359312880716
 20
1.7763568394002505e-15
 30
0.0
 11
20.007359312880716
 21
0.25000000000000355
 31
0.0
  0
LINE
  5
D5
330
17
100
AcDbEntity
  8
hatch
100
AcDbLine
 10
19.615937956643407
 20
0.0
 30
0.0
 11
19.865937956643407
 21
0.2500000000000018
 31
0.0
  0
LINE
  5
D6
330
17
100
AcDbEntity
  8
hatch
100
AcDbLine
 10
19.474516600406098
 20
-1.7763568394002505e-15
 30
0.0
 11
19.724516600406098
 21
0.2500000000000018
 31
0.0
  0
LINE
  5
D7
330
17
100
AcDbEntity
  8
hatch
100
AcDbLine
 10
19.333095244168785
 20
0.0
 30
0.0
 11
19.58309524416879
 21
0.25000000000000355
 31
0.0
  0
LINE
  5
D8
330
17
100
AcDbEntity
  8
hatch
100
AcDbLine
 10
19.191673887931476
 20
1.7763568394002505e-15
 30
0.0
 11
19.44167388793148
 21
0.2500000000000018
 31
0.0
  0
LINE
  5
D9
330
17
100
AcDbEntity
  8
hatch
100
AcDbLine
 10
19.050252531694166
 20
1.7763568394002505e-15
 30
0.0
 11
19.30025253169417
 21
0.25000000000000355
 31
0.0
  0
LINE
  5
DA
330
17
100
AcDbEntity
  8
hatch
100
AcDbLine
 10
18.908831175456857
 20
0.0
 30
0.0
 11
19.15883117545686
 21
0.2500000000000018
 31
0.0
  0
LINE
  5
DB
330
17
100
AcDbEntity
  8
hatch
100
AcDbLine
 10
18.76740981921955
 20
1.7763568394002505e-15
 30
0.0
 11
19.01740981921955
 21
0.25000000000000355
 31
0.0
  0
LINE
  5
DC
330
17
100
AcDbEntity
  8
hatch
100
AcDbLine
 10
18.62598846298224
 20
1.7763568394002505e-15
 30
0.0
 11
18.875988462982242
 21
0.25000000000000355
 31
0.0
  0
LINE
  5
DD
330
17
100
AcDbEntity
  8
hatch
100
AcDbLine
 10
18.48456710674493
 20
0.0
 30
0.0
 11
18.734567106744933
 21
0.2500000000000018
 31
0.0
  0
LINE
  5
DE
330
17
100
AcDbEntity
  8
hatch
100
AcDbLine
 10
18.343145750507617
 20
0.0
 30
0.0
 11
18.593145750507624
 21
0.2500000000000018
 31
0.0
  0
LINE
  5
DF
330
17
100
AcDbEntity
  8
hatch
100
AcDbLine
 10
18.201724394270308
 20
0.0
 30
0.0
 11
18.45172439427031
 21
0.25000000000000355
 31
0.0
  0
LINE
  5
E0
330
17
100
AcDbEntity
  8
hatch
100
AcDbLine
 10
18.060303038033002
 20
0.0
 30
0.0
 11
18.310303038033005
 21
0.2500000000000018
 31
0.0
  0
LINE
  5
E1
330
17
100
AcDbEntity
  8
hatch
100
AcDbLine
 10
17.91888168179569
 20
1.7763568394002505e-15
 30
0.0
 11
18.168881681795693
 21
0.25000000000000355
 31
0.0
  0
LINE
  5
E2
330
17
100
AcDbEntity
  8
hatch
100
AcDbLine
 10
17.77746032555838
 20
0.0
 30
0.0
 11
18.02746032555838
 21
0.2500000000000018
 31
0.0
  0
LINE
  5
E3
330
17
100
AcDbEntity
  8
hatch
100
AcDbLine
 10
17.63603896932107
 20
0.0
 30
0.0
 11
17.886038969321074
 21
0.25000000000000355
 31
0.0
  0
LINE
  5
E4
330
17
100
AcDbEntity
  8
hatch
100
AcDbLine
 10
17.49461761308376
 20
0.0
 30
0.0
 11
17.74461761308376
 21
0.2500000000000018
 31
0.0
  0
LINE
  5
E5
330
17
100
AcDbEntity
  8
hatch
100
AcDbLine
 10
17.353196256846456
 20
1.7763568394002505e-15
 30
0.0
 11
17.60319625684646
 21
0.25000000000000355
 31
0.0
  0
LINE
  5
E6
330
17
100
AcDbEntity
  8
hatch
100
AcDbLine
 10
17.211774900609143
 20
0.0
 30
0.0
 11
17.461774900609143
 21
0.2500000000000018
 31
0.0
  0
LINE
  5
E7
330
17
100
AcDbEntity
  8
hatch
100
AcDbLine
 10
17.070353544371834
 20
0.0
 30
0.0
 11
17.320353544371834
 21
0.2500000000000018
 31
0.0
  0
LINE
  5
E8
330
17
100
AcDbEntity
  8
hatch
100
AcDbLine
 10
16.928932188134524
 20
0.0
 30
0.0
 11
17.178932188134524
 21
0.25000000000000355
 31
0.0
  0
LINE
  5
E9
330
17
100
AcDbEntity
  8
hatch
100
AcDbLine
 10
16.787510831897215
 20
1.7763568394002505e-15
 30
0.0
 11
17.037510831897215
 21
0.25000000000000355
 31
0.0
  0
LINE
  5
EA
330
17
100
AcDbEntity
  8
hatch
100
AcDbLine
 10
16.646089475659906
 20
0.0
 30
0.0
 11
16.896089475659906
 21
0.25000000000000355
 31
0.0
  0
LINE
  5
EB
330
17
100
AcDbEntity
  8
hatch
100
AcDbLine
 10
16.504668119422597
 20
0.0
 30
0.0
 11
16.754668119422597
 21
0.25000000000000355
 31
0.0
  0
LINE
  5
EC
330
17
100
AcDbEntity
  8
hatch
100
AcDbLine
 10
16.363246763185288
 20
0.0
 30
0.0
 11
16.613246763185288
 21
0.2500000000000018
 31
0.0
  0
LINE
  5
ED
330
17
100
AcDbEntity
  8
hatch
100
AcDbLine
 10
16.22182540694798
 20
1.7763568394002505e-15
 30
0.0
 11
16.47182540694798
 21
0.25000000000000355
 31
0.0
  0
LINE
  5
EE
330
17
100
AcDbEntity
  8
hatch
100
AcDbLine
 10
16.080404050710662
 20
0.0
 30
0.0
 11
16.33040405071067
 21
0.25000000000000355
 31
0.0
  0
LINE
  5
EF
330
17
100
AcDbEntity
  8
hatch
100
AcDbLine
 10
15.938982694473358
 20
0.0
 30
0.0
 11
16.18898269447336
 21
0.25000000000000266
 31
0.0
  0
LINE
  5
F0
330
17
100
AcDbEntity
  8
hatch
100
AcDbLine
 10
15.797561338236047
 20
0.0
 30
0.0
 11
16.04756133823605
 21
0.25000000000000355
 31
0.0
  0
LINE
  5
F1
330
17
100
AcDbEntity
  8
hatch
100
AcDbLine
 10
15.656139981998738
 20
8.881784197001252e-16
 30
0.0
 11
15.90613998199874
 21
0.2500000000000018
 31
0.0
  0
LINE
  5
F2
330
17
100
AcDbEntity
  8
hatch
100
AcDbLine
 10
15.514718625761429
 20
0.0
 30
0.0
 11
15.764718625761432
 21
0.25000000000000355
 31
0.0
  0
LINE
  5
F3
330
17
100
AcDbEntity
  8
hatch
100
AcDbLine
 10
15.373297269524116
 20
0.0
 30
0.0
 11
15.62329726952412
 21
0.25000000000000266
 31
0.0
  0
LINE
  5
F4
330
17
100
AcDbEntity
  8
hatch
100
AcDbLine
 10
15.23187591328681
 20
0.0
 30
0.0
 11
15.481875913286814
 21
0.25000000000000355
 31
0.0
  0
LINE
  5
F5
330
17
100
AcDbEntity
  8
hatch
100
AcDbLine
 10
15.090454557049501
 20
8.881784197001252e-16
 30
0.0
 11
15.340454557049503
 21
0.25000000000000355
 31
0.0
  0
LINE
  5
F6
330
17
100
AcDbEntity
  8
hatch
100
AcDbLine
 10
14.94903320081219
 20
0.0
 30
0.0
 11
15.199033200812192
 21
0.2500000000000018
 31
0.0
  0
LINE
  5
F7
330
17
100
AcDbEntity
  8
hatch
100
AcDbLine
 10
14.807611844574883
 20
0.0
 30
0.0
 11
15.057611844574884
 21
0.25000000000000355
 31
0.0
  0
LINE
  5
F8
330
17
100
AcDbEntity
  8
hatch
100
AcDbLine
 10
14.66619048833757
 20
0.0
 30
0.0
 11
14.916190488337573
 21
0.2500000000000018
 31
0.0
  0
LINE
  5
F9
330
17
100
AcDbEntity
  8
hatch
100
AcDbLine
 10
14.524769132100264
 20
1.7763568394002505e-15
 30
0.0
 11
14.774769132100268
 21
0.25000000000000355
 31
0.0
  0
LINE
  5
FA
330
17
100
AcDbEntity
  8
hatch
100
AcDbLine
 10
14.383347775862953
 20
1.7763568394002505e-15
 30
0.0
 11
14.633347775862955
 21
0.25000000000000266
 31
0.0
  0
LINE
  5
FB
330
17
100
AcDbEntity
  8
hatch
100
AcDbLine
 10
14.241926419625642
 20
0.0
 30
0.0
 11
14.491926419625646
 21
0.25000000000000266
 31
0.0
  0
LINE
  5
FC
330
17
100
AcDbEntity
  8
hatch
100
AcDbLine
 10
14.100505063388333
 20
8.881784197001252e-16
 30
0.0
 11
14.350505063388336
 21
0.25000000000000266
 31
0.0
  0
LINE
  5
FD
330
17
100
AcDbEntity
  8
hatch
100
AcDbLine
 10
13.959083707151022
 20
0.0
 30
0.0
 11
14.209083707151025
 21
0.25000000000000355
 31
0.0
  0
LINE
  5
FE
330
17
100
AcDbEntity
  8
hatch
100
AcDbLine
 10
13.817662350913714
 20
0.0
 30
0.0
 11
14.067662350913718
 21
0.2500000000000018
 31
0.0
  0
LINE
  5
FF
330
17
100
AcDbEntity
  8
hatch
100
AcDbLine
 10
13.676240994676405
 20
8.881784197001252e-16
 30
0.0
 11
13.926240994676407
 21
0.25000000000000355
 31
0.0
  0
LINE
  5
100
330
17
100
AcDbEntity
  8
hatch
100
AcDbLine
 10
13.534819638439096
 20
8.881784197001252e-16
 30
0.0
 11
13.784819638439096
 21
0.25000000000000266
 31
0.0
  0
LINE
  5
101
330
17
100
AcDbEntity
  8
hatch
100
AcDbLine
 10
13.393398282201787
 20
0.0
 30
0.0
 11
13.643398282201787
 21
0.2500000000000018
 31
0.0
  0
LINE
  5
102
330
17
100
AcDbEntity
  8
hatch
100
AcDbLine
 10
13.251976925964476
 20
1.7763568394002505e-15
 30
0.0
 11
13.501976925964478
 21
0.25000000000000266
 31
0.0
  0
LINE
  5
103
330
17
100
AcDbEntity
  8
hatch
100
AcDbLine
 10
13.110555569727168
 20
0.0
 30
0.0
 11
13.36055556972717
 21
0.2500000000000018
 31
0.0
  0
LINE
  5
104
330
17
100
AcDbEntity
  8
hatch
100
AcDbLine
 10
12.969134213489856
 20
8.881784197001252e-16
 30
0.0
 11
13.219134213489859
 21
0.25000000000000266
 31
0.0
  0
LINE
  5
105
330
17
100
AcDbEntity
  8
hatch
100
AcDbLine
 10
12.827712857252546
 20
0.0
 30
0.0
 11
13.07771285725255
 21
0.2500000000000018
 31
0.0
  0
LINE
  5
106
330
17
100
AcDbEntity
  8
hatch
100
AcDbLine
 10
12.68629150101524
 20
8.881784197001252e-16
 30
0.0
 11
12.93629150101524
 21
0.2500000000000018
 31
0.0
  0
LINE
  5
107
330
17
100
AcDbEntity
  8
hatch
100
AcDbLine
 10
12.54487014477793
 20
0.0
 30
0.0
 11
12.794870144777931
 21
0.2500000000000018
 31
0.0
  0
LINE
  5
108
330
17
100
AcDbEntity
  8
hatch
100
AcDbLine
 10
12.403448788540619
 20
0.0
 30
0.0
 11
12.653448788540619
 21
0.2500000000000018
 31
0.0
  0
LINE
  5
109
330
17
100
AcDbEntity
  8
hatch
100
AcDbLine
 10
12.26202743230331
 20
0.0
 30
0.0
 11
12.512027432303311
 21
0.2500000000000018
 31
0.0
  0
LINE
  5
10A
330
17
100
AcDbEntity
  8
hatch
100
AcDbLine
 10
12.120606076066
 20
0.0
 30
0.0
 11
12.370606076066002
 21
0.2500000000000018
 31
0.0
  0
LINE
  5
10B
330
17
100
AcDbEntity
  8
hatch
100
AcDbLine
 10
11.979184719828691
 20
0.0
 30
0.0
 11
12.229184719828694
 21
0.25000000000000266
 31
0.0
  0
LINE
  5
10C
330
17
100
AcDbEntity
  8
hatch
100
AcDbLine
 10
11.837763363591382
 20
0.0
 30
0.0
 11
12.087763363591385
 21
0.25000000000000266
 31
0.0
  0
LINE
  5
10D
330
17
100
AcDbEntity
  8
hatch
100
AcDbLine
 10
11.69634200735407
 20
0.0
 30
0.0
 11
11.946342007354072
 21
0.2500000000000018
 31
0.0
  0
LINE
  5
10E
330
17
100
AcDbEntity
  8
hatch
100
AcDbLine
 10
11.554920651116761
 20
0.0
 30
0.0
 11
11.804920651116763
 21
0.25000000000000266
 31
0.0
  0
LINE
  5
10F
330
17
100
AcDbEntity
  8
hatch
100
AcDbLine
 10
11.413499294879452
 20
0.0
 30
0.0
 11
11.663499294879454
 21
0.25000000000000266
 31
0.0
  0
LINE
  5
110
330
17
100
AcDbEntity
  8
hatch
100
AcDbLine
 10
11.272077938642145
 20
8.881784197001252e-16
 30
0.0
 11
11.522077938642145
 21
0.25000000000000266
 31
0.0
  0
LINE
  5
111
330
17
100
AcDbEntity
  8
hatch
100
AcDbLine
 10
11.130656582404836
 20
8.881784197001252e-16
 30
0.0
 11
11.380656582404836
 21
0.25000000000000266
 31
0.0
  0
LINE
  5
112
330
17
100
AcDbEntity
  8
hatch
100
AcDbLine
 10
10.989235226167523
 20
0.0
 30
0.0
 11
11.239235226167526
 21
0.25000000000000266
 31
0.0
  0
LINE
  5
113
330
17
100
AcDbEntity
  8
hatch
100
AcDbLine
 10
10.847813869930214
 20
8.881784197001252e-16
 30
0.0
 11
11.097813869930217
 21
0.25000000000000266
 31
0.0
  0
LINE
  5
114
330
17
100
AcDbEntity
  8
hatch
100
AcDbLine
 10
10.706392513692904
 20
0.0
 30
0.0
 11
10.956392513692908
 21
0.25000000000000266
 31
0.0
  0
LINE
  5
115
330
17
100
AcDbEntity
  8
hatch
100
AcDbLine
 10
10.564971157455595
 20
8.881784197001252e-16
 30
0.0
 11
10.814971157455599
 21
0.25000000000000266
 31
0.0
  0
LINE
  5
116
330
17
100
AcDbEntity
  8
hatch
100
AcDbLine
 10
10.423549801218284
 20
0.0
 30
0.0
 11
10.673549801218286
 21
0.25000000000000266
 31
0.0
  0
LINE
  5
117
330
17
100
AcDbEntity
  8
hatch
100
AcDbLine
 10
10.282128444980977
 20
8.881784197001252e-16
 30
0.0
 11
10.532128444980977
 21
0.25000000000000266
 31
0.0
  0
LINE
  5
118
330
17
100
AcDbEntity
  8
hatch
100
AcDbLine
 10
10.140707088743666
 20
0.0
 30
0.0
 11
10.390707088743667
 21
0.25000000000000266
 31
0.0
  0
LINE
  5
119
330
17
100
AcDbEntity
  8
hatch
100
AcDbLine
 10
9.999285732506358
 20
8.881784197001252e-16
 30
0.0
 11
10.249285732506358
 21
0.25000000000000266
 31
0.0
  0
LINE
  5
11A
330
17
100
AcDbEntity
  8
hatch
100
AcDbLine
 10
9.857864376269049
 20
0.0
 30
0.0
 11
10.10786437626905
 21
0.25000000000000266
 31
0.0
  0
LINE
  5
11B
330
17
100
AcDbEntity
  8
hatch
100
AcDbLine
 10
9.716443020031736
 20
8.881784197001252e-16
 30
0.0
 11
9.96644302003174
 21
0.25000000000000266
 31
0.0
  0
LINE
  5
11C
330
17
100
AcDbEntity
  8
hatch
100
AcDbLine
 10
9.575021663794427
 20
8.881784197001252e-16
 30
0.0
 11
9.825021663794429
 21
0.2500000000000018
 31
0.0
  0
LINE
  5
11D
330
17
100
AcDbEntity
  8
hatch
100
AcDbLine
 10
9.43360030755712
 20
8.881784197001252e-16
 30
0.0
 11
9.683600307557121
 21
0.25000000000000266
 31
0.0
  0
LINE
  5
11E
330
17
100
AcDbEntity
  8
hatch
100
AcDbLine
 10
9.29217895131981
 20
0.0
 30
0.0
 11
9.542178951319812
 21
0.2500000000000018
 31
0.0
  0
LINE
  5
11F
330
17
100
AcDbEntity
  8
hatch
100
AcDbLine
 10
9.1507575950825
 20
0.0
 30
0.0
 11
9.400757595082503
 21
0.25000000000000266
 31
0.0
  0
LINE
  5
120
330
17
100
AcDbEntity
  8
hatch
100
AcDbLine
 10
9.00933623884519
 20
8.881784197001252e-16
 30
0.0
 11
9.25933623884519
 21
0.2500000000000018
 31
0.0
  0
LINE
  5
121
330
17
100
AcDbEntity
  8
hatch
100
AcDbLine
 10
8.86791488260788
 20
0.0
 30
0.0
 11
9.117914882607883
 21
0.25000000000000266
 31
0.0
  0
LINE
  5
122
330
17
100
AcDbEntity
  8
hatch
100
AcDbLine
 10
8.726493526370572
 20
0.0
 30
0.0
 11
8.976493526370573
 21
0.25000000000000266
 31
0.0
  0
LINE
  5
123
330
17
100
AcDbEntity
  8
hatch
100
AcDbLine
 10
8.585072170133262
 20
0.0
 30
0.0
 11
8.835072170133264
 21
0.25000000000000266
 31
0.0
  0
LINE
  5
124
330
17
100
AcDbEntity
  8
hatch
100
AcDbLine
 10
8.443650813895953
 20
8.881784197001252e-16
 30
0.0
 11
8.693650813895953
 21
0.2500000000000009
 31
0.0
  0
LINE
  5
125
330
17
100
AcDbEntity
  8
hatch
100
AcDbLine
 10
8.30222945765864
 20
0.0
 30
0.0
 11
8.552229457658644
 21
0.2500000000000009
 31
0.0
  0
LINE
  5
126
330
17
100
AcDbEntity
  8
hatch
100
AcDbLine
 10
8.160808101421333
 20
0.0
 30
0.0
 11
8.410808101421335
 21
0.25000000000000266
 31
0.0
  0
LINE
  5
127
330
17
100
AcDbEntity
  8
hatch
100
AcDbLine
 10
8.019386745184024
 20
0.0
 30
0.0
 11
8.269386745184026
 21
0.25000000000000266
 31
0.0
  0
LINE
  5
128
330
17
100
AcDbEntity
  8
hatch
100
AcDbLine
 10
7.8779653889467145
 20
4.440892098500626e-16
 30
0.0
 11
8.127965388946716
 21
0.2500000000000009
 31
0.0
  0
LINE
  5
129
330
17
100
AcDbEntity
  8
hatch
100
AcDbLine
 10
7.736544032709405
 20
0.0
 30
0.0
 11
7.986544032709407
 21
0.2500000000000018
 31
0.0
  0
LINE
  5
12A
330
17
100
AcDbEntity
  8
hatch
100
AcDbLine
 10
7.595122676472094
 20
8.881784197001252e-16
 30
0.0
 11
7.845122676472096
 21
0.2500000000000031
 31
0.0
  0
LINE
  5
12B
330
17
100
AcDbEntity
  8
hatch
100
AcDbLine
 10
7.453701320234785
 20
0.0
 30
0.0
 11
7.703701320234787
 21
0.25000000000000266
 31
0.0
  0
LINE
  5
12C
330
17
100
AcDbEntity
  8
hatch
100
AcDbLine
 10
7.312279963997476
 20
0.0
 30
0.0
 11
7.562279963997478
 21
0.25000000000000133
 31
0.0
  0
LINE
  5
12D
330
17
100
AcDbEntity
  8
hatch
100
AcDbLine
 10
7.170858607760167
 20
0.0
 30
0.0
 11
7.420858607760168
 21
0.25000000000000133
 31
0.0
  0
LINE
  5
12E
330
17
100
AcDbEntity
  8
hatch
100
AcDbLine
 10
7.029437251522857
 20
4.440892098500626e-16
 30
0.0
 11
7.279437251522861
 21
0.2500000000000031
 31
0.0
  0
LINE
  5
12F
330
17
100
AcDbEntity
  8
hatch
100
AcDbLine
 10
6.888015895285546
 20
0.0
 30
0.0
 11
7.138015895285549
 21
0.25000000000000266
 31
0.0
  0
LINE
  5
130
330
17
100
AcDbEntity
  8
hatch
100
AcDbLine
 10
6.746594539048237
 20
0.0
 30
0.0
 11
6.996594539048241
 21
0.25000000000000266
 31
0.0
  0
LINE
  5
131
330
17
100
AcDbEntity
  8
hatch
100
AcDbLine
 10
6.605173182810928
 20
4.440892098500626e-16
 30
0.0
 11
6.85517318281093
 21
0.2500000000000018
 31
0.0
  0
LINE
  5
132
330
17
100
AcDbEntity
  8
hatch
100
AcDbLine
 10
6.463751826573619
 20
0.0
 30
0.0
 11
6.713751826573622
 21
0.25000000000000266
 31
0.0
  0
LINE
  5
133
330
17
100
AcDbEntity
  8
hatch
100
AcDbLine
 10
6.32233047033631
 20
0.0
 30
0.0
 11
6.572330470336313
 21
0.25000000000000266
 31
0.0
  0
LINE
  5
134
330
17
100
AcDbEntity
  8
hatch
100
AcDbLine
 10
6.1809091140989985
 20
4.440892098500626e-16
 30
0.0
 11
6.430909114099002
 21
0.25000000000000266
 31
0.0
  0
LINE
  5
135
330
17
100
AcDbEntity
  8
hatch
100
AcDbLine
 10
6.039487757861689
 20
4.440892098500626e-16
 30
0.0
 11
6.289487757861691
 21
0.2500000000000018
 31
0.0
  0
LINE
  5
136
330
17
100
AcDbEntity
  8
hatch
100
AcDbLine
 10
5.898066401624381
 20
0.0
 30
0.0
 11
6.148066401624382
 21
0.25000000000000133
 31
0.0
  0
LINE
  5
137
330
17
100
AcDbEntity
  8
hatch
100
AcDbLine
 10
5.756645045387072
 20
0.0
 30
0.0
 11
6.006645045387074
 21
0.25000000000000266
 31
0.0
  0
LINE
  5
138
330
17
100
AcDbEntity
  8
hatch
100
AcDbLine
 10
5.615223689149763
 20
4.440892098500626e-16
 30
0.0
 11
5.865223689149765
 21
0.2500000000000031
 31
0.0
  0
LINE
  5
139
330
17
100
AcDbEntity
  8
hatch
100
AcDbLine
 10
5.473802332912451
 20
0.0
 30
0.0
 11
5.723802332912452
 21
0.25000000000000133
 31
0.0
  0
LINE
  5
13A
330
17
100
AcDbEntity
  8
hatch
100
AcDbLine
 10
5.332380976675142
 20
0.0
 30
0.0
 11
5.582380976675143
 21
0.25000000000000133
 31
0.0
  0
LINE
  5
13B
330
17
100
AcDbEntity
  8
hatch
100
AcDbLine
 10
5.190959620437834
 20
4.440892098500626e-16
 30
0.0
 11
5.440959620437836
 21
0.2500000000000031
 31
0.0
  0
LINE
  5
13C
330
17
100
AcDbEntity
  8
hatch
100
AcDbLine
 10
5.049538264200525
 20
4.440892098500626e-16
 30
0.0
 11
5.299538264200526
 21
0.2500000000000031
 31
0.0
  0
LINE
  5
13D
330
17
100
AcDbEntity
  8
hatch
100
AcDbLine
 10
4.908116907963215
 20
0.0
 30
0.0
 11
5.158116907963217
 21
0.25000000000000133
 31
0.0
  0
LINE
  5
13E
330
17
100
AcDbEntity
  8
hatch
100
AcDbLine
 10
4.7666955517259035
 20
0.0
 30
0.0
 11
5.016695551725905
 21
0.2500000000000018
 31
0.0
  0
LINE
  5
13F
330
17
100
AcDbEntity
  8
hatch
100
AcDbLine
 10
4.625274195488594
 20
0.0
 30
0.0
 11
4.875274195488597
 21
0.2500000000000031
 31
0.0
  0
LINE
  5
140
330
17
100
AcDbEntity
  8
hatch
100
AcDbLine
 10
4.483852839251286
 20
0.0
 30
0.0
 11
4.733852839251289
 21
0.2500000000000031
 31
0.0
  0
LINE
  5
141
330
17
100
AcDbEntity
  8
hatch
100
AcDbLine
 10
4.342431483013977
 20
0.0
 30
0.0
 11
4.5924314830139785
 21
0.25000000000000133
 31
0.0
  0
LINE
  5
142
330
17
100
AcDbEntity
  8
hatch
100
AcDbLine
 10
4.2010101267766675
 20
0.0
 30
0.0
 11
4.451010126776669
 21
0.2500000000000018
 31
0.0
  0
LINE
  5
143
330
17
100
AcDbEntity
  8
hatch
100
AcDbLine
 10
4.0595887705393565
 20
0.0
 30
0.0
 11
4.309588770539358
 21
0.2500000000000018
 31
0.0
  0
LINE
  5
144
330
17
100
AcDbEntity
  8
hatch
100
AcDbLine
 10
3.9181674143020473
 20
0.0
 30
0.0
 11
4.16816741430205
 21
0.2500000000000029
 31
0.0
  0
LINE
  5
145
330
17
100
AcDbEntity
  8
hatch
100
AcDbLine
 10
3.776746058064738
 20
0.0
 30
0.0
 11
4.02674605806474
 21
0.2500000000000018
 31
0.0
  0
LINE
  5
146
330
17
100
AcDbEntity
  8
hatch
100
AcDbLine
 10
3.635324701827429
 20
0.0
 30
0.0
 11
3.8853247018274306
 21
0.2500000000000018
 31
0.0
  0
LINE
  5
147
330
17
100
AcDbEntity
  8
hatch
100
AcDbLine
 10
3.4939033455901196
 20
0.0
 30
0.0
 11
3.7439033455901214
 21
0.25000000000000155
 31
0.0
  0
LINE
  5
148
330
17
100
AcDbEntity
  8
hatch
100
AcDbLine
 10
3.3524819893528086
 20
2.220446049250313e-16
 30
0.0
 11
3.6024819893528113
 21
0.2500000000000031
 31
0.0
  0
LINE
  5
149
330
17
100
AcDbEntity
  8
hatch
100
AcDbLine
 10
3.2110606331154994
 20
0.0
 30
0.0
 11
3.461060633115501
 21
0.2500000000000018
 31
0.0
  0
LINE
  5
14A
330
17
100
AcDbEntity
  8
hatch
100
AcDbLine
 10
3.06963927687819
 20
2.220446049250313e-16
 30
0.0
 11
3.319639276878192
 21
0.2500000000000018
 31
0.0
  0
LINE
  5
14B
330
17
100
AcDbEntity
  8
hatch
100
AcDbLine
 10
2.9282179206408814
 20
0.0
 30
0.0
 11
3.178217920640883
 21
0.2500000000000018
 31
0.0
  0
LINE
  5
14C
330
17
100
AcDbEntity
  8
hatch
100
AcDbLine
 10
2.7867965644035726
 20
2.220446049250313e-16
 30
0.0
 11
3.0367965644035753
 21
0.2500000000000031
 31
0.0
  0
LINE
  5
14D
330
17
100
AcDbEntity
  8
hatch
100
AcDbLine
 10
2.6453752081662607
 20
2.220446049250313e-16
 30
0.0
 11
2.8953752081662625
 21
0.2500000000000018
 31
0.0
  0
LINE
  5
14E
330
17
100
AcDbEntity
  8
hatch
100
AcDbLine
 10
2.503953851928952
 20
0.0
 30
0.0
 11
2.7539538519289537
 21
0.2500000000000018
 31
0.0
  0
LINE
  5
14F
330
17
100
AcDbEntity
  8
hatch
100
AcDbLine
 10
2.362532495691643
 20
2.220446049250313e-16
 30
0.0
 11
2.6125324956916445
 21
0.2500000000000018
 31
0.0
  0
LINE
  5
150
330
17
100
AcDbEntity
  8
hatch
100
AcDbLine
 10
2.221111139454334
 20
0.0
 30
0.0
 11
2.4711111394543357
 21
0.2500000000000018
 31
0.0
  0
LINE
  5
151
330
17
100
AcDbEntity
  8
hatch
100
AcDbLine
 10
2.0796897832170247
 20
0.0
 30
0.0
 11
2.3296897832170265
 21
0.2500000000000018
 31
0.0
  0
LINE
  5
152
330
17
100
AcDbEntity
  8
hatch
100
AcDbLine
 10
1.9382684269797132
 20
0.0
 30
0.0
 11
2.188268426979715
 21
0.2500000000000018
 31
0.0
  0
LINE
  5
153
330
17
100
AcDbEntity
  8
hatch
100
AcDbLine
 10
1.7968470707424042
 20
0.0
 30
0.0
 11
2.0468470707424062
 21
0.2500000000000019
 31
0.0
  0
LINE
  5
154
330
17
100
AcDbEntity
  8
hatch
100
AcDbLine
 10
1.6554257145050952
 20
0.0
 30
0.0
 11
1.905425714505097
 21
0.2500000000000018
 31
0.0
  0
LINE
  5
155
330
17
100
AcDbEntity
  8
hatch
100
AcDbLine
 10
1.5140043582677862
 20
0.0
 30
0.0
 11
1.7640043582677893
 21
0.2500000000000032
 31
0.0
  0
LINE
  5
156
330
17
100
AcDbEntity
  8
hatch
100
AcDbLine
 10
1.3725830020304772
 20
0.0
 30
0.0
 11
1.622583002030479
 21
0.2500000000000019
 31
0.0
  0
LINE
  5
157
330
17
100
AcDbEntity
  8
hatch
100
AcDbLine
 10
1.2311616457931658
 20
0.0
 30
0.0
 11
1.4811616457931676
 21
0.250000000000002
 31
0.0
  0
LINE
  5
158
330
17
100
AcDbEntity
  8
hatch
100
AcDbLine
 10
1.0897402895558592
 20
0.0
 30
0.0
 11
1.339740289555861
 21
0.2500000000000019
 31
0.0
  0
LINE
  5
159
330
17
100
AcDbEntity
  8
hatch
100
AcDbLine
 10
0.9483189333185476
 20
0.0
 30
0.0
 11
1.1983189333185496
 21
0.25000000000000194
 31
0.0
  0
LINE
  5
15A
330
17
100
AcDbEntity
  8
hatch
100
AcDbLine
 10
0.8068975770812361
 20
0.0
 30
0.0
 11
1.056897577081238
 21
0.2500000000000019
 31
0.0
  0
LINE
  5
15B
330
17
100
AcDbEntity
  8
hatch
100
AcDbLine
 10
0.6654762208439295
 20
-5.551115123125783e-17
 30
0.0
 11
0.9154762208439317
 21
0.25000000000000194
 31
0.0
  0
LINE
  5
15C
330
17
100
AcDbEntity
  8
hatch
100
AcDbLine
 10
0.5240548646066181
 20
0.0
 30
0.0
 11
0.7740548646066201
 21
0.250000000000002
 31
0.0
  0
LINE
  5
15D
330
17
100
AcDbEntity
  8
hatch
100
AcDbLine
 10
0.3826335083693116
 20
0.0
 30
0.0
 11
0.6326335083693135
 21
0.250000000000002
 31
0.0
  0
LINE
  5
15E
330
17
100
AcDbEntity
  8
hatch
100
AcDbLine
 10
0.24121215213200006
 20
0.0
 30
0.0
 11
0.4912121521320021
 21
0.25000000000000194
 31
0.0
  0
LINE
  5
15F
330
17
100
AcDbEntity
  8
hatch
100
AcDbLine
 10
0.09979079589468853
 20
6.938893903907228e-18
 30
0.0
 11
0.3497907958946906
 21
0.250000000000002
 31
0.0
  0
LINE
  5
160
330
17
100
AcDbEntity
  8
hatch
100
AcDbLine
 10
3.469446951953614e-18
 20
0.04163056034261796
 30
0.0
 11
0.20836943965738408
 21
0.250000000000002
 31
0.0
  0
LINE
  5
161
330
17
100
AcDbEntity
  8
hatch
100
AcDbLine
 10
0.0
 20
0.18305191657992945
 30
0.0
 11
0.06694808342007257
 21
0.250000000000002
 31
0.0
  0
LWPOLYLINE
  5
162
330
17
100
AcDbEntity
  8
muro-corte
100
AcDbPolyline
 90
4
 70
1
 10
0.0
 20
0.0
 10
24.0
 20
0.0
 10
24.0
 20
0.25
 10
0.0
 20
0.25
  0
LWPOLYLINE
  5
163
330
17
100
AcDbEntity
  8
muro-fill
100
AcDbPolyline
 90
4
 70
1
 10
0.0
 20
9.35
 10
24.0
 20
9.35
 10
24.0
 20
9.6
 10
0.0
 20
9.6
  0
LINE
  5
164
330
17
100
AcDbEntity
  8
hatch
100
AcDbLine
 10
23.858578643762694
 20
9.350000000000001
 30
0.0
 11
24.000000000000004
 21
9.49142135623731
 31
0.0
  0
LINE
  5
165
330
17
100
AcDbEntity
  8
hatch
100
AcDbLine
 10
23.71715728752538
 20
9.350000000000001
 30
0.0
 11
23.967157287525385
 21
9.600000000000001
 31
0.0
  0
LINE
  5
166
330
17
100
AcDbEntity
  8
hatch
100
AcDbLine
 10
23.575735931288072
 20
9.349999999999998
 30
0.0
 11
23.825735931288072
 21
9.600000000000001
 31
0.0
  0
LINE
  5
167
330
17
100
AcDbEntity
  8
hatch
100
AcDbLine
 10
23.434314575050763
 20
9.350000000000001
 30
0.0
 11
23.684314575050763
 21
9.600000000000001
 31
0.0
  0
LINE
  5
168
330
17
100
AcDbEntity
  8
hatch
100
AcDbLine
 10
23.292893218813454
 20
9.349999999999998
 30
0.0
 11
23.542893218813457
 21
9.600000000000001
 31
0.0
  0
LINE
  5
169
330
17
100
AcDbEntity
  8
hatch
100
AcDbLine
 10
23.151471862576148
 20
9.350000000000001
 30
0.0
 11
23.401471862576145
 21
9.600000000000001
 31
0.0
  0
LINE
  5
16A
330
17
100
AcDbEntity
  8
hatch
100
AcDbLine
 10
23.010050506338835
 20
9.350000000000001
 30
0.0
 11
23.26005050633884
 21
9.600000000000001
 31
0.0
  0
LINE
  5
16B
330
17
100
AcDbEntity
  8
hatch
100
AcDbLine
 10
22.868629150101526
 20
9.349999999999998
 30
0.0
 11
23.118629150101526
 21
9.600000000000001
 31
0.0
  0
LINE
  5
16C
330
17
100
AcDbEntity
  8
hatch
100
AcDbLine
 10
22.727207793864217
 20
9.350000000000001
 30
0.0
 11
22.977207793864217
 21
9.599999999999998
 31
0.0
  0
LINE
  5
16D
330
17
100
AcDbEntity
  8
hatch
100
AcDbLine
 10
22.585786437626908
 20
9.350000000000001
 30
0.0
 11
22.835786437626908
 21
9.600000000000001
 31
0.0
  0
LINE
  5
16E
330
17
100
AcDbEntity
  8
hatch
100
AcDbLine
 10
22.4443650813896
 20
9.350000000000001
 30
0.0
 11
22.6943650813896
 21
9.600000000000001
 31
0.0
  0
LINE
  5
16F
330
17
100
AcDbEntity
  8
hatch
100
AcDbLine
 10
22.30294372515229
 20
9.350000000000001
 30
0.0
 11
22.55294372515229
 21
9.600000000000001
 31
0.0
  0
LINE
  5
170
330
17
100
AcDbEntity
  8
hatch
100
AcDbLine
 10
22.161522368914977
 20
9.35
 30
0.0
 11
22.411522368914977
 21
9.600000000000003
 31
0.0
  0
LINE
  5
171
330
17
100
AcDbEntity
  8
hatch
100
AcDbLine
 10
22.020101012677667
 20
9.350000000000001
 30
0.0
 11
22.270101012677667
 21
9.600000000000001
 31
0.0
  0
LINE
  5
172
330
17
100
AcDbEntity
  8
hatch
100
AcDbLine
 10
21.878679656440358
 20
9.35
 30
0.0
 11
22.12867965644036
 21
9.600000000000001
 31
0.0
  0
LINE
  5
173
330
17
100
AcDbEntity
  8
hatch
100
AcDbLine
 10
21.73725830020305
 20
9.350000000000001
 30
0.0
 11
21.98725830020305
 21
9.600000000000001
 31
0.0
  0
LINE
  5
174
330
17
100
AcDbEntity
  8
hatch
100
AcDbLine
 10
21.59583694396574
 20
9.35
 30
0.0
 11
21.845836943965743
 21
9.600000000000001
 31
0.0
  0
LINE
  5
175
330
17
100
AcDbEntity
  8
hatch
100
AcDbLine
 10
21.454415587728427
 20
9.350000000000001
 30
0.0
 11
21.70441558772843
 21
9.600000000000001
 31
0.0
  0
LINE
  5
176
330
17
100
AcDbEntity
  8
hatch
100
AcDbLine
 10
21.31299423149112
 20
9.350000000000001
 30
0.0
 11
21.56299423149112
 21
9.600000000000001
 31
0.0
  0
LINE
  5
177
330
17
100
AcDbEntity
  8
hatch
100
AcDbLine
 10
21.17157287525381
 20
9.350000000000001
 30
0.0
 11
21.421572875253812
 21
9.600000000000001
 31
0.0
  0
LINE
  5
178
330
17
100
AcDbEntity
  8
hatch
100
AcDbLine
 10
21.030151519016503
 20
9.350000000000001
 30
0.0
 11
21.280151519016503
 21
9.6
 31
0.0
  0
LINE
  5
179
330
17
100
AcDbEntity
  8
hatch
100
AcDbLine
 10
20.888730162779193
 20
9.35
 30
0.0
 11
21.138730162779193
 21
9.600000000000001
 31
0.0
  0
LINE
  5
17A
330
17
100
AcDbEntity
  8
hatch
100
AcDbLine
 10
20.747308806541877
 20
9.349999999999998
 30
0.0
 11
20.997308806541884
 21
9.600000000000001
 31
0.0
  0
LINE
  5
17B
330
17
100
AcDbEntity
  8
hatch
100
AcDbLine
 10
20.60588745030457
 20
9.350000000000001
 30
0.0
 11
20.85588745030457
 21
9.600000000000001
 31
0.0
  0
LINE
  5
17C
330
17
100
AcDbEntity
  8
hatch
100
AcDbLine
 10
20.464466094067262
 20
9.349999999999998
 30
0.0
 11
20.714466094067266
 21
9.600000000000001
 31
0.0
  0
LINE
  5
17D
330
17
100
AcDbEntity
  8
hatch
100
AcDbLine
 10
20.323044737829957
 20
9.350000000000001
 30
0.0
 11
20.573044737829953
 21
9.600000000000001
 31
0.0
  0
LINE
  5
17E
330
17
100
AcDbEntity
  8
hatch
100
AcDbLine
 10
20.18162338159264
 20
9.349999999999998
 30
0.0
 11
20.431623381592647
 21
9.600000000000003
 31
0.0
  0
LINE
  5
17F
330
17
100
AcDbEntity
  8
hatch
100
AcDbLine
 10
20.04020202535533
 20
9.349999999999998
 30
0.0
 11
20.290202025355335
 21
9.600000000000001
 31
0.0
  0
LINE
  5
180
330
17
100
AcDbEntity
  8
hatch
100
AcDbLine
 10
19.898780669118025
 20
9.350000000000001
 30
0.0
 11
20.148780669118025
 21
9.6
 31
0.0
  0
LINE
  5
181
330
17
100
AcDbEntity
  8
hatch
100
AcDbLine
 10
19.757359312880716
 20
9.35
 30
0.0
 11
20.00735931288072
 21
9.600000000000001
 31
0.0
  0
LINE
  5
182
330
17
100
AcDbEntity
  8
hatch
100
AcDbLine
 10
19.615937956643407
 20
9.349999999999998
 30
0.0
 11
19.865937956643407
 21
9.600000000000001
 31
0.0
  0
LINE
  5
183
330
17
100
AcDbEntity
  8
hatch
100
AcDbLine
 10
19.474516600406094
 20
9.349999999999998
 30
0.0
 11
19.724516600406098
 21
9.600000000000001
 31
0.0
  0
LINE
  5
184
330
17
100
AcDbEntity
  8
hatch
100
AcDbLine
 10
19.33309524416879
 20
9.350000000000001
 30
0.0
 11
19.58309524416879
 21
9.600000000000001
 31
0.0
  0
LINE
  5
185
330
17
100
AcDbEntity
  8
hatch
100
AcDbLine
 10
19.19167388793148
 20
9.350000000000001
 30
0.0
 11
19.44167388793148
 21
9.600000000000001
 31
0.0
  0
LINE
  5
186
330
17
100
AcDbEntity
  8
hatch
100
AcDbLine
 10
19.05025253169417
 20
9.350000000000001
 30
0.0
 11
19.30025253169417
 21
9.600000000000001
 31
0.0
  0
LINE
  5
187
330
17
100
AcDbEntity
  8
hatch
100
AcDbLine
 10
18.908831175456857
 20
9.349999999999998
 30
0.0
 11
19.15883117545686
 21
9.600000000000001
 31
0.0
  0
LINE
  5
188
330
17
100
AcDbEntity
  8
hatch
100
AcDbLine
 10
18.76740981921955
 20
9.350000000000001
 30
0.0
 11
19.01740981921955
 21
9.600000000000001
 31
0.0
  0
LINE
  5
189
330
17
100
AcDbEntity
  8
hatch
100
AcDbLine
 10
18.62598846298224
 20
9.35
 30
0.0
 11
18.875988462982242
 21
9.600000000000001
 31
0.0
  0
LINE
  5
18A
330
17
100
AcDbEntity
  8
hatch
100
AcDbLine
 10
18.48456710674493
 20
9.350000000000001
 30
0.0
 11
18.73456710674493
 21
9.600000000000001
 31
0.0
  0
LINE
  5
18B
330
17
100
AcDbEntity
  8
hatch
100
AcDbLine
 10
18.34314575050762
 20
9.35
 30
0.0
 11
18.593145750507624
 21
9.600000000000001
 31
0.0
  0
LINE
  5
18C
330
17
100
AcDbEntity
  8
hatch
100
AcDbLine
 10
18.20172439427031
 20
9.35
 30
0.0
 11
18.45172439427031
 21
9.600000000000001
 31
0.0
  0
LINE
  5
18D
330
17
100
AcDbEntity
  8
hatch
100
AcDbLine
 10
18.060303038033002
 20
9.35
 30
0.0
 11
18.310303038033002
 21
9.6
 31
0.0
  0
LINE
  5
18E
330
17
100
AcDbEntity
  8
hatch
100
AcDbLine
 10
17.918881681795693
 20
9.350000000000001
 30
0.0
 11
18.168881681795693
 21
9.600000000000001
 31
0.0
  0
LINE
  5
18F
330
17
100
AcDbEntity
  8
hatch
100
AcDbLine
 10
17.777460325558383
 20
9.350000000000001
 30
0.0
 11
18.027460325558383
 21
9.600000000000001
 31
0.0
  0
LINE
  5
190
330
17
100
AcDbEntity
  8
hatch
100
AcDbLine
 10
17.636038969321074
 20
9.350000000000001
 30
0.0
 11
17.886038969321074
 21
9.600000000000001
 31
0.0
  0
LINE
  5
191
330
17
100
AcDbEntity
  8
hatch
100
AcDbLine
 10
17.49461761308376
 20
9.349999999999998
 30
0.0
 11
17.744617613083765
 21
9.600000000000001
 31
0.0
  0
LINE
  5
192
330
17
100
AcDbEntity
  8
hatch
100
AcDbLine
 10
17.353196256846452
 20
9.350000000000001
 30
0.0
 11
17.603196256846452
 21
9.600000000000001
 31
0.0
  0
LINE
  5
193
330
17
100
AcDbEntity
  8
hatch
100
AcDbLine
 10
17.21177490060914
 20
9.349999999999998
 30
0.0
 11
17.461774900609146
 21
9.600000000000003
 31
0.0
  0
LINE
  5
194
330
17
100
AcDbEntity
  8
hatch
100
AcDbLine
 10
17.070353544371834
 20
9.350000000000001
 30
0.0
 11
17.320353544371834
 21
9.600000000000001
 31
0.0
  0
LINE
  5
195
330
17
100
AcDbEntity
  8
hatch
100
AcDbLine
 10
16.928932188134524
 20
9.350000000000001
 30
0.0
 11
17.178932188134528
 21
9.600000000000003
 31
0.0
  0
LINE
  5
196
330
17
100
AcDbEntity
  8
hatch
100
AcDbLine
 10
16.787510831897215
 20
9.35
 30
0.0
 11
17.037510831897215
 21
9.600000000000001
 31
0.0
  0
LINE
  5
197
330
17
100
AcDbEntity
  8
hatch
100
AcDbLine
 10
16.646089475659902
 20
9.349999999999998
 30
0.0
 11
16.896089475659906
 21
9.6
 31
0.0
  0
LINE
  5
198
330
17
100
AcDbEntity
  8
hatch
100
AcDbLine
 10
16.504668119422593
 20
9.349999999999998
 30
0.0
 11
16.754668119422597
 21
9.600000000000001
 31
0.0
  0
LINE
  5
199
330
17
100
AcDbEntity
  8
hatch
100
AcDbLine
 10
16.363246763185288
 20
9.350000000000001
 30
0.0
 11
16.613246763185288
 21
9.600000000000001
 31
0.0
  0
LINE
  5
19A
330
17
100
AcDbEntity
  8
hatch
100
AcDbLine
 10
16.22182540694798
 20
9.35
 30
0.0
 11
16.47182540694798
 21
9.600000000000001
 31
0.0
  0
LINE
  5
19B
330
17
100
AcDbEntity
  8
hatch
100
AcDbLine
 10
16.08040405071067
 20
9.350000000000001
 30
0.0
 11
16.33040405071067
 21
9.600000000000001
 31
0.0
  0
LINE
  5
19C
330
17
100
AcDbEntity
  8
hatch
100
AcDbLine
 10
15.938982694473356
 20
9.349999999999998
 30
0.0
 11
16.18898269447336
 21
9.600000000000001
 31
0.0
  0
LINE
  5
19D
330
17
100
AcDbEntity
  8
hatch
100
AcDbLine
 10
15.797561338236045
 20
9.349999999999998
 30
0.0
 11
16.04756133823605
 21
9.600000000000003
 31
0.0
  0
LINE
  5
19E
330
17
100
AcDbEntity
  8
hatch
100
AcDbLine
 10
15.656139981998741
 20
9.350000000000001
 30
0.0
 11
15.90613998199874
 21
9.600000000000001
 31
0.0
  0
LINE
  5
19F
330
17
100
AcDbEntity
  8
hatch
100
AcDbLine
 10
15.51471862576143
 20
9.350000000000001
 30
0.0
 11
15.764718625761432
 21
9.600000000000001
 31
0.0
  0
LINE
  5
1A0
330
17
100
AcDbEntity
  8
hatch
100
AcDbLine
 10
15.37329726952412
 20
9.35
 30
0.0
 11
15.623297269524121
 21
9.600000000000001
 31
0.0
  0
LINE
  5
1A1
330
17
100
AcDbEntity
  8
hatch
100
AcDbLine
 10
15.23187591328681
 20
9.35
 30
0.0
 11
15.481875913286812
 21
9.600000000000001
 31
0.0
  0
LINE
  5
1A2
330
17
100
AcDbEntity
  8
hatch
100
AcDbLine
 10
15.090454557049501
 20
9.35
 30
0.0
 11
15.340454557049505
 21
9.600000000000001
 31
0.0
  0
LINE
  5
1A3
330
17
100
AcDbEntity
  8
hatch
100
AcDbLine
 10
14.949033200812194
 20
9.350000000000001
 30
0.0
 11
15.199033200812194
 21
9.600000000000001
 31
0.0
  0
LINE
  5
1A4
330
17
100
AcDbEntity
  8
hatch
100
AcDbLine
 10
14.807611844574884
 20
9.35
 30
0.0
 11
15.057611844574886
 21
9.600000000000003
 31
0.0
  0
LINE
  5
1A5
330
17
100
AcDbEntity
  8
hatch
100
AcDbLine
 10
14.666190488337573
 20
9.35
 30
0.0
 11
14.916190488337573
 21
9.600000000000001
 31
0.0
  0
LINE
  5
1A6
330
17
100
AcDbEntity
  8
hatch
100
AcDbLine
 10
14.524769132100264
 20
9.350000000000001
 30
0.0
 11
14.774769132100264
 21
9.6
 31
0.0
  0
LINE
  5
1A7
330
17
100
AcDbEntity
  8
hatch
100
AcDbLine
 10
14.383347775862953
 20
9.350000000000001
 30
0.0
 11
14.633347775862953
 21
9.600000000000001
 31
0.0
  0
LINE
  5
1A8
330
17
100
AcDbEntity
  8
hatch
100
AcDbLine
 10
14.241926419625646
 20
9.350000000000001
 30
0.0
 11
14.491926419625646
 21
9.600000000000001
 31
0.0
  0
LINE
  5
1A9
330
17
100
AcDbEntity
  8
hatch
100
AcDbLine
 10
14.100505063388336
 20
9.35
 30
0.0
 11
14.350505063388336
 21
9.600000000000001
 31
0.0
  0
LINE
  5
1AA
330
17
100
AcDbEntity
  8
hatch
100
AcDbLine
 10
13.959083707151024
 20
9.35
 30
0.0
 11
14.209083707151027
 21
9.600000000000003
 31
0.0
  0
LINE
  5
1AB
330
17
100
AcDbEntity
  8
hatch
100
AcDbLine
 10
13.817662350913714
 20
9.349999999999998
 30
0.0
 11
14.067662350913716
 21
9.600000000000001
 31
0.0
  0
LINE
  5
1AC
330
17
100
AcDbEntity
  8
hatch
100
AcDbLine
 10
13.676240994676403
 20
9.349999999999998
 30
0.0
 11
13.926240994676409
 21
9.600000000000003
 31
0.0
  0
LINE
  5
1AD
330
17
100
AcDbEntity
  8
hatch
100
AcDbLine
 10
13.534819638439098
 20
9.350000000000001
 30
0.0
 11
13.784819638439098
 21
9.600000000000001
 31
0.0
  0
LINE
  5
1AE
330
17
100
AcDbEntity
  8
hatch
100
AcDbLine
 10
13.393398282201789
 20
9.350000000000001
 30
0.0
 11
13.64339828220179
 21
9.600000000000003
 31
0.0
  0
LINE
  5
1AF
330
17
100
AcDbEntity
  8
hatch
100
AcDbLine
 10
13.25197692596448
 20
9.350000000000001
 30
0.0
 11
13.50197692596448
 21
9.600000000000001
 31
0.0
  0
LINE
  5
1B0
330
17
100
AcDbEntity
  8
hatch
100
AcDbLine
 10
13.110555569727168
 20
9.35
 30
0.0
 11
13.36055556972717
 21
9.600000000000001
 31
0.0
  0
LINE
  5
1B1
330
17
100
AcDbEntity
  8
hatch
100
AcDbLine
 10
12.969134213489856
 20
9.35
 30
0.0
 11
13.219134213489859
 21
9.6
 31
0.0
  0
LINE
  5
1B2
330
17
100
AcDbEntity
  8
hatch
100
AcDbLine
 10
12.82771285725255
 20
9.35
 30
0.0
 11
13.077712857252552
 21
9.600000000000001
 31
0.0
  0
LINE
  5
1B3
330
17
100
AcDbEntity
  8
hatch
100
AcDbLine
 10
12.68629150101524
 20
9.35
 30
0.0
 11
12.936291501015242
 21
9.600000000000001
 31
0.0
  0
LINE
  5
1B4
330
17
100
AcDbEntity
  8
hatch
100
AcDbLine
 10
12.544870144777931
 20
9.35
 30
0.0
 11
12.794870144777933
 21
9.600000000000001
 31
0.0
  0
LINE
  5
1B5
330
17
100
AcDbEntity
  8
hatch
100
AcDbLine
 10
12.40344878854062
 20
9.350000000000001
 30
0.0
 11
12.65344878854062
 21
9.600000000000001
 31
0.0
  0
LINE
  5
1B6
330
17
100
AcDbEntity
  8
hatch
100
AcDbLine
 10
12.26202743230331
 20
9.35
 30
0.0
 11
12.512027432303311
 21
9.600000000000001
 31
0.0
  0
LINE
  5
1B7
330
17
100
AcDbEntity
  8
hatch
100
AcDbLine
 10
12.120606076066002
 20
9.350000000000001
 30
0.0
 11
12.370606076066002
 21
9.600000000000001
 31
0.0
  0
LINE
  5
1B8
330
17
100
AcDbEntity
  8
hatch
100
AcDbLine
 10
11.979184719828691
 20
9.35
 30
0.0
 11
12.229184719828693
 21
9.600000000000001
 31
0.0
  0
LINE
  5
1B9
330
17
100
AcDbEntity
  8
hatch
100
AcDbLine
 10
11.837763363591383
 20
9.350000000000001
 30
0.0
 11
12.087763363591383
 21
9.600000000000001
 31
0.0
  0
LINE
  5
1BA
330
17
100
AcDbEntity
  8
hatch
100
AcDbLine
 10
11.696342007354072
 20
9.35
 30
0.0
 11
11.946342007354074
 21
9.600000000000001
 31
0.0
  0
LINE
  5
1BB
330
17
100
AcDbEntity
  8
hatch
100
AcDbLine
 10
11.554920651116763
 20
9.35
 30
0.0
 11
11.804920651116765
 21
9.600000000000001
 31
0.0
  0
LINE
  5
1BC
330
17
100
AcDbEntity
  8
hatch
100
AcDbLine
 10
11.413499294879454
 20
9.350000000000001
 30
0.0
 11
11.663499294879456
 21
9.600000000000001
 31
0.0
  0
LINE
  5
1BD
330
17
100
AcDbEntity
  8
hatch
100
AcDbLine
 10
11.272077938642147
 20
9.350000000000001
 30
0.0
 11
11.522077938642147
 21
9.600000000000001
 31
0.0
  0
LINE
  5
1BE
330
17
100
AcDbEntity
  8
hatch
100
AcDbLine
 10
11.130656582404836
 20
9.35
 30
0.0
 11
11.380656582404837
 21
9.600000000000001
 31
0.0
  0
LINE
  5
1BF
330
17
100
AcDbEntity
  8
hatch
100
AcDbLine
 10
10.989235226167523
 20
9.35
 30
0.0
 11
11.239235226167525
 21
9.600000000000001
 31
0.0
  0
LINE
  5
1C0
330
17
100
AcDbEntity
  8
hatch
100
AcDbLine
 10
10.847813869930215
 20
9.350000000000001
 30
0.0
 11
11.097813869930215
 21
9.600000000000001
 31
0.0
  0
LINE
  5
1C1
330
17
100
AcDbEntity
  8
hatch
100
AcDbLine
 10
10.706392513692904
 20
9.349999999999998
 30
0.0
 11
10.956392513692908
 21
9.600000000000001
 31
0.0
  0
LINE
  5
1C2
330
17
100
AcDbEntity
  8
hatch
100
AcDbLine
 10
10.564971157455599
 20
9.35
 30
0.0
 11
10.8149711574556
 21
9.600000000000001
 31
0.0
  0
LINE
  5
1C3
330
17
100
AcDbEntity
  8
hatch
100
AcDbLine
 10
10.423549801218286
 20
9.35
 30
0.0
 11
10.673549801218288
 21
9.600000000000001
 31
0.0
  0
LINE
  5
1C4
330
17
100
AcDbEntity
  8
hatch
100
AcDbLine
 10
10.282128444980977
 20
9.35
 30
0.0
 11
10.532128444980978
 21
9.600000000000001
 31
0.0
  0
LINE
  5
1C5
330
17
100
AcDbEntity
  8
hatch
100
AcDbLine
 10
10.140707088743667
 20
9.35
 30
0.0
 11
10.39070708874367
 21
9.600000000000001
 31
0.0
  0
LINE
  5
1C6
330
17
100
AcDbEntity
  8
hatch
100
AcDbLine
 10
9.999285732506358
 20
9.35
 30
0.0
 11
10.24928573250636
 21
9.600000000000001
 31
0.0
  0
LINE
  5
1C7
330
17
100
AcDbEntity
  8
hatch
100
AcDbLine
 10
9.857864376269049
 20
9.35
 30
0.0
 11
10.10786437626905
 21
9.600000000000001
 31
0.0
  0
LINE
  5
1C8
330
17
100
AcDbEntity
  8
hatch
100
AcDbLine
 10
9.71644302003174
 20
9.35
 30
0.0
 11
9.96644302003174
 21
9.600000000000001
 31
0.0
  0
LINE
  5
1C9
330
17
100
AcDbEntity
  8
hatch
100
AcDbLine
 10
9.575021663794429
 20
9.35
 30
0.0
 11
9.82502166379443
 21
9.6
 31
0.0
  0
LINE
  5
1CA
330
17
100
AcDbEntity
  8
hatch
100
AcDbLine
 10
9.433600307557121
 20
9.35
 30
0.0
 11
9.683600307557123
 21
9.600000000000001
 31
0.0
  0
LINE
  5
1CB
330
17
100
AcDbEntity
  8
hatch
100
AcDbLine
 10
9.292178951319812
 20
9.35
 30
0.0
 11
9.542178951319814
 21
9.600000000000001
 31
0.0
  0
LINE
  5
1CC
330
17
100
AcDbEntity
  8
hatch
100
AcDbLine
 10
9.150757595082503
 20
9.35
 30
0.0
 11
9.400757595082505
 21
9.600000000000001
 31
0.0
  0
LINE
  5
1CD
330
17
100
AcDbEntity
  8
hatch
100
AcDbLine
 10
9.009336238845192
 20
9.350000000000001
 30
0.0
 11
9.25933623884519
 21
9.600000000000001
 31
0.0
  0
LINE
  5
1CE
330
17
100
AcDbEntity
  8
hatch
100
AcDbLine
 10
8.86791488260788
 20
9.35
 30
0.0
 11
9.117914882607883
 21
9.600000000000001
 31
0.0
  0
LINE
  5
1CF
330
17
100
AcDbEntity
  8
hatch
100
AcDbLine
 10
8.726493526370573
 20
9.350000000000001
 30
0.0
 11
8.976493526370573
 21
9.600000000000001
 31
0.0
  0
LINE
  5
1D0
330
17
100
AcDbEntity
  8
hatch
100
AcDbLine
 10
8.585072170133262
 20
9.35
 30
0.0
 11
8.835072170133264
 21
9.600000000000001
 31
0.0
  0
LINE
  5
1D1
330
17
100
AcDbEntity
  8
hatch
100
AcDbLine
 10
8.443650813895955
 20
9.350000000000001
 30
0.0
 11
8.693650813895955
 21
9.600000000000001
 31
0.0
  0
LINE
  5
1D2
330
17
100
AcDbEntity
  8
hatch
100
AcDbLine
 10
8.302229457658644
 20
9.35
 30
0.0
 11
8.552229457658644
 21
9.6
 31
0.0
  0
LINE
  5
1D3
330
17
100
AcDbEntity
  8
hatch
100
AcDbLine
 10
8.160808101421335
 20
9.35
 30
0.0
 11
8.410808101421337
 21
9.600000000000001
 31
0.0
  0
LINE
  5
1D4
330
17
100
AcDbEntity
  8
hatch
100
AcDbLine
 10
8.019386745184026
 20
9.35
 30
0.0
 11
8.269386745184027
 21
9.600000000000001
 31
0.0
  0
LINE
  5
1D5
330
17
100
AcDbEntity
  8
hatch
100
AcDbLine
 10
7.877965388946716
 20
9.35
 30
0.0
 11
8.127965388946716
 21
9.6
 31
0.0
  0
LINE
  5
1D6
330
17
100
AcDbEntity
  8
hatch
100
AcDbLine
 10
7.736544032709407
 20
9.35
 30
0.0
 11
7.986544032709407
 21
9.6
 31
0.0
  0
LINE
  5
1D7
330
17
100
AcDbEntity
  8
hatch
100
AcDbLine
 10
7.595122676472097
 20
9.350000000000001
 30
0.0
 11
7.845122676472097
 21
9.600000000000001
 31
0.0
  0
LINE
  5
1D8
330
17
100
AcDbEntity
  8
hatch
100
AcDbLine
 10
7.453701320234786
 20
9.35
 30
0.0
 11
7.703701320234788
 21
9.600000000000003
 31
0.0
  0
LINE
  5
1D9
330
17
100
AcDbEntity
  8
hatch
100
AcDbLine
 10
7.3122799639974785
 20
9.350000000000001
 30
0.0
 11
7.5622799639974785
 21
9.600000000000001
 31
0.0
  0
LINE
  5
1DA
330
17
100
AcDbEntity
  8
hatch
100
AcDbLine
 10
7.1708586077601675
 20
9.350000000000001
 30
0.0
 11
7.420858607760169
 21
9.600000000000001
 31
0.0
  0
LINE
  5
1DB
330
17
100
AcDbEntity
  8
hatch
100
AcDbLine
 10
7.02943725152286
 20
9.35
 30
0.0
 11
7.279437251522862
 21
9.600000000000001
 31
0.0
  0
LINE
  5
1DC
330
17
100
AcDbEntity
  8
hatch
100
AcDbLine
 10
6.888015895285548
 20
9.35
 30
0.0
 11
7.13801589528555
 21
9.600000000000001
 31
0.0
  0
LINE
  5
1DD
330
17
100
AcDbEntity
  8
hatch
100
AcDbLine
 10
6.746594539048239
 20
9.35
 30
0.0
 11
6.996594539048241
 21
9.600000000000001
 31
0.0
  0
LINE
  5
1DE
330
17
100
AcDbEntity
  8
hatch
100
AcDbLine
 10
6.60517318281093
 20
9.35
 30
0.0
 11
6.85517318281093
 21
9.600000000000001
 31
0.0
  0
LINE
  5
1DF
330
17
100
AcDbEntity
  8
hatch
100
AcDbLine
 10
6.4637518265736205
 20
9.35
 30
0.0
 11
6.713751826573622
 21
9.600000000000001
 31
0.0
  0
LINE
  5
1E0
330
17
100
AcDbEntity
  8
hatch
100
AcDbLine
 10
6.322330470336311
 20
9.35
 30
0.0
 11
6.572330470336313
 21
9.600000000000001
 31
0.0
  0
LINE
  5
1E1
330
17
100
AcDbEntity
  8
hatch
100
AcDbLine
 10
6.180909114099
 20
9.35
 30
0.0
 11
6.430909114099001
 21
9.600000000000001
 31
0.0
  0
LINE
  5
1E2
330
17
100
AcDbEntity
  8
hatch
100
AcDbLine
 10
6.039487757861691
 20
9.35
 30
0.0
 11
6.289487757861693
 21
9.6
 31
0.0
  0
LINE
  5
1E3
330
17
100
AcDbEntity
  8
hatch
100
AcDbLine
 10
5.898066401624382
 20
9.35
 30
0.0
 11
6.148066401624384
 21
9.6
 31
0.0
  0
LINE
  5
1E4
330
17
100
AcDbEntity
  8
hatch
100
AcDbLine
 10
5.7566450453870734
 20
9.35
 30
0.0
 11
6.006645045387075
 21
9.600000000000001
 31
0.0
  0
LINE
  5
1E5
330
17
100
AcDbEntity
  8
hatch
100
AcDbLine
 10
5.615223689149764
 20
9.35
 30
0.0
 11
5.865223689149766
 21
9.600000000000001
 31
0.0
  0
LINE
  5
1E6
330
17
100
AcDbEntity
  8
hatch
100
AcDbLine
 10
5.473802332912452
 20
9.35
 30
0.0
 11
5.723802332912454
 21
9.6
 31
0.0
  0
LINE
  5
1E7
330
17
100
AcDbEntity
  8
hatch
100
AcDbLine
 10
5.332380976675143
 20
9.35
 30
0.0
 11
5.582380976675145
 21
9.6
 31
0.0
  0
LINE
  5
1E8
330
17
100
AcDbEntity
  8
hatch
100
AcDbLine
 10
5.190959620437835
 20
9.35
 30
0.0
 11
5.4409596204378365
 21
9.600000000000001
 31
0.0
  0
LINE
  5
1E9
330
17
100
AcDbEntity
  8
hatch
100
AcDbLine
 10
5.0495382642005255
 20
9.35
 30
0.0
 11
5.299538264200527
 21
9.600000000000001
 31
0.0
  0
LINE
  5
1EA
330
17
100
AcDbEntity
  8
hatch
100
AcDbLine
 10
4.908116907963216
 20
9.35
 30
0.0
 11
5.158116907963217
 21
9.600000000000001
 31
0.0
  0
LINE
  5
1EB
330
17
100
AcDbEntity
  8
hatch
100
AcDbLine
 10
4.766695551725905
 20
9.35
 30
0.0
 11
5.016695551725906
 21
9.600000000000001
 31
0.0
  0
LINE
  5
1EC
330
17
100
AcDbEntity
  8
hatch
100
AcDbLine
 10
4.625274195488596
 20
9.35
 30
0.0
 11
4.875274195488598
 21
9.600000000000001
 31
0.0
  0
LINE
  5
1ED
330
17
100
AcDbEntity
  8
hatch
100
AcDbLine
 10
4.483852839251287
 20
9.35
 30
0.0
 11
4.7338528392512895
 21
9.600000000000001
 31
0.0
  0
LINE
  5
1EE
330
17
100
AcDbEntity
  8
hatch
100
AcDbLine
 10
4.342431483013978
 20
9.35
 30
0.0
 11
4.5924314830139785
 21
9.600000000000001
 31
0.0
  0
LINE
  5
1EF
330
17
100
AcDbEntity
  8
hatch
100
AcDbLine
 10
4.201010126776669
 20
9.35
 30
0.0
 11
4.451010126776669
 21
9.600000000000001
 31
0.0
  0
LINE
  5
1F0
330
17
100
AcDbEntity
  8
hatch
100
AcDbLine
 10
4.059588770539357
 20
9.35
 30
0.0
 11
4.309588770539358
 21
9.600000000000001
 31
0.0
  0
LINE
  5
1F1
330
17
100
AcDbEntity
  8
hatch
100
AcDbLine
 10
3.918167414302048
 20
9.35
 30
0.0
 11
4.168167414302051
 21
9.600000000000001
 31
0.0
  0
LINE
  5
1F2
330
17
100
AcDbEntity
  8
hatch
100
AcDbLine
 10
3.7767460580647394
 20
9.35
 30
0.0
 11
4.02674605806474
 21
9.600000000000001
 31
0.0
  0
LINE
  5
1F3
330
17
100
AcDbEntity
  8
hatch
100
AcDbLine
 10
3.635324701827431
 20
9.35
 30
0.0
 11
3.885324701827431
 21
9.600000000000001
 31
0.0
  0
LINE
  5
1F4
330
17
100
AcDbEntity
  8
hatch
100
AcDbLine
 10
3.493903345590122
 20
9.350000000000001
 30
0.0
 11
3.7439033455901227
 21
9.600000000000001
 31
0.0
  0
LINE
  5
1F5
330
17
100
AcDbEntity
  8
hatch
100
AcDbLine
 10
3.35248198935281
 20
9.35
 30
0.0
 11
3.6024819893528126
 21
9.600000000000001
 31
0.0
  0
LINE
  5
1F6
330
17
100
AcDbEntity
  8
hatch
100
AcDbLine
 10
3.2110606331155007
 20
9.35
 30
0.0
 11
3.4610606331155016
 21
9.600000000000001
 31
0.0
  0
LINE
  5
1F7
330
17
100
AcDbEntity
  8
hatch
100
AcDbLine
 10
3.0696392768781924
 20
9.350000000000001
 30
0.0
 11
3.3196392768781924
 21
9.600000000000001
 31
0.0
  0
LINE
  5
1F8
330
17
100
AcDbEntity
  8
hatch
100
AcDbLine
 10
2.928217920640883
 20
9.350000000000001
 30
0.0
 11
3.178217920640884
 21
9.600000000000001
 31
0.0
  0
LINE
  5
1F9
330
17
100
AcDbEntity
  8
hatch
100
AcDbLine
 10
2.7867965644035744
 20
9.35
 30
0.0
 11
3.036796564403576
 21
9.600000000000001
 31
0.0
  0
LINE
  5
1FA
330
17
100
AcDbEntity
  8
hatch
100
AcDbLine
 10
2.645375208166263
 20
9.35
 30
0.0
 11
2.895375208166263
 21
9.600000000000001
 31
0.0
  0
LINE
  5
1FB
330
17
100
AcDbEntity
  8
hatch
100
AcDbLine
 10
2.5039538519289537
 20
9.350000000000001
 30
0.0
 11
2.7539538519289546
 21
9.600000000000001
 31
0.0
  0
LINE
  5
1FC
330
17
100
AcDbEntity
  8
hatch
100
AcDbLine
 10
2.362532495691645
 20
9.350000000000001
 30
0.0
 11
2.612532495691646
 21
9.600000000000001
 31
0.0
  0
LINE
  5
1FD
330
17
100
AcDbEntity
  8
hatch
100
AcDbLine
 10
2.2211111394543357
 20
9.35
 30
0.0
 11
2.4711111394543366
 21
9.600000000000001
 31
0.0
  0
LINE
  5
1FE
330
17
100
AcDbEntity
  8
hatch
100
AcDbLine
 10
2.0796897832170265
 20
9.35
 30
0.0
 11
2.3296897832170274
 21
9.600000000000001
 31
0.0
  0
LINE
  5
1FF
330
17
100
AcDbEntity
  8
hatch
100
AcDbLine
 10
1.9382684269797146
 20
9.35
 30
0.0
 11
2.1882684269797164
 21
9.600000000000001
 31
0.0
  0
LINE
  5
200
330
17
100
AcDbEntity
  8
hatch
100
AcDbLine
 10
1.7968470707424054
 20
9.35
 30
0.0
 11
2.046847070742407
 21
9.600000000000001
 31
0.0
  0
LINE
  5
201
330
17
100
AcDbEntity
  8
hatch
100
AcDbLine
 10
1.6554257145050961
 20
9.35
 30
0.0
 11
1.905425714505098
 21
9.600000000000001
 31
0.0
  0
LINE
  5
202
330
17
100
AcDbEntity
  8
hatch
100
AcDbLine
 10
1.514004358267787
 20
9.35
 30
0.0
 11
1.7640043582677896
 21
9.600000000000001
 31
0.0
  0
LINE
  5
203
330
17
100
AcDbEntity
  8
hatch
100
AcDbLine
 10
1.372583002030479
 20
9.35
 30
0.0
 11
1.62258300203048
 21
9.600000000000001
 31
0.0
  0
LINE
  5
204
330
17
100
AcDbEntity
  8
hatch
100
AcDbLine
 10
1.2311616457931667
 20
9.35
 30
0.0
 11
1.4811616457931684
 21
9.600000000000001
 31
0.0
  0
LINE
  5
205
330
17
100
AcDbEntity
  8
hatch
100
AcDbLine
 10
1.089740289555861
 20
9.35
 30
0.0
 11
1.3397402895558619
 21
9.600000000000001
 31
0.0
  0
LINE
  5
206
330
17
100
AcDbEntity
  8
hatch
100
AcDbLine
 10
0.9483189333185482
 20
9.35
 30
0.0
 11
1.19831893331855
 21
9.600000000000001
 31
0.0
  0
LINE
  5
207
330
17
100
AcDbEntity
  8
hatch
100
AcDbLine
 10
0.8068975770812372
 20
9.35
 30
0.0
 11
1.056897577081239
 21
9.600000000000001
 31
0.0
  0
LINE
  5
208
330
17
100
AcDbEntity
  8
hatch
100
AcDbLine
 10
0.6654762208439315
 20
9.35
 30
0.0
 11
0.9154762208439324
 21
9.600000000000001
 31
0.0
  0
LINE
  5
209
330
17
100
AcDbEntity
  8
hatch
100
AcDbLine
 10
0.5240548646066188
 20
9.35
 30
0.0
 11
0.7740548646066205
 21
9.600000000000001
 31
0.0
  0
LINE
  5
20A
330
17
100
AcDbEntity
  8
hatch
100
AcDbLine
 10
0.3826335083693131
 20
9.35
 30
0.0
 11
0.6326335083693149
 21
9.600000000000001
 31
0.0
  0
LINE
  5
20B
330
17
100
AcDbEntity
  8
hatch
100
AcDbLine
 10
0.2412121521320021
 20
9.35
 30
0.0
 11
0.491212152132003
 21
9.600000000000001
 31
0.0
  0
LINE
  5
20C
330
17
100
AcDbEntity
  8
hatch
100
AcDbLine
 10
0.09979079589468931
 20
9.350000000000001
 30
0.0
 11
0.3497907958946911
 21
9.600000000000001
 31
0.0
  0
LINE
  5
20D
330
17
100
AcDbEntity
  8
hatch
100
AcDbLine
 10
0.0
 20
9.391630560342616
 30
0.0
 11
0.20836943965738453
 21
9.600000000000001
 31
0.0
  0
LINE
  5
20E
330
17
100
AcDbEntity
  8
hatch
100
AcDbLine
 10
8.881784197001252e-16
 20
9.533051916579929
 30
0.0
 11
0.06694808342007352
 21
9.600000000000001
 31
0.0
  0
LWPOLYLINE
  5
20F
330
17
100
AcDbEntity
  8
muro-corte
100
AcDbPolyline
 90
4
 70
1
 10
0.0
 20
9.35
 10
24.0
 20
9.35
 10
24.0
 20
9.6
 10
0.0
 20
9.6
  0
LWPOLYLINE
  5
210
330
17
100
AcDbEntity
  8
muro-fill
100
AcDbPolyline
 90
4
 70
1
 10
0.0
 20
0.25
 10
0.25
 20
0.25
 10
0.25
 20
9.35
 10
0.0
 20
9.35
  0
LINE
  5
211
330
17
100
AcDbEntity
  8
hatch
100
AcDbLine
 10
0.10857864376269048
 20
0.25
 30
0.0
 11
0.24999999999999994
 21
0.39142135623730945
 31
0.0
  0
LINE
  5
212
330
17
100
AcDbEntity
  8
hatch
100
AcDbLine
 10
1.1102230246251565e-16
 20
0.2828427124746191
 30
0.0
 11
0.24999999999999997
 21
0.5328427124746189
 31
0.0
  0
LINE
  5
213
330
17
100
AcDbEntity
  8
hatch
100
AcDbLine
 10
-1.3877787807814457e-16
 20
0.42426406871192845
 30
0.0
 11
0.25
 21
0.6742640687119286
 31
0.0
  0
LINE
  5
214
330
17
100
AcDbEntity
  8
hatch
100
AcDbLine
 10
2.7755575615628914e-16
 20
0.5656854249492382
 30
0.0
 11
0.25
 21
0.815685424949238
 31
0.0
  0
LINE
  5
215
330
17
100
AcDbEntity
  8
hatch
100
AcDbLine
 10
5.551115123125783e-17
 20
0.7071067811865475
 30
0.0
 11
0.2499999999999999
 21
0.9571067811865472
 31
0.0
  0
LINE
  5
216
330
17
100
AcDbEntity
  8
hatch
100
AcDbLine
 10
3.3306690738754696e-16
 20
0.8485281374238575
 30
0.0
 11
0.25
 21
1.0985281374238571
 31
0.0
  0
LINE
  5
217
330
17
100
AcDbEntity
  8
hatch
100
AcDbLine
 10
1.1102230246251565e-16
 20
0.9899494936611667
 30
0.0
 11
0.25
 21
1.2399494936611666
 31
0.0
  0
LINE
  5
218
330
17
100
AcDbEntity
  8
hatch
100
AcDbLine
 10
-1.1102230246251565e-16
 20
1.131370849898476
 30
0.0
 11
0.2499999999999999
 21
1.381370849898476
 31
0.0
  0
LINE
  5
219
330
17
100
AcDbEntity
  8
hatch
100
AcDbLine
 10
3.3306690738754696e-16
 20
1.2727922061357857
 30
0.0
 11
0.2499999999999999
 21
1.5227922061357853
 31
0.0
  0
LINE
  5
21A
330
17
100
AcDbEntity
  8
hatch
100
AcDbLine
 10
1.1102230246251565e-16
 20
1.414213562373095
 30
0.0
 11
0.25
 21
1.664213562373095
 31
0.0
  0
LINE
  5
21B
330
17
100
AcDbEntity
  8
hatch
100
AcDbLine
 10
4.440892098500626e-16
 20
1.555634918610405
 30
0.0
 11
0.25
 21
1.8056349186104046
 31
0.0
  0
LINE
  5
21C
330
17
100
AcDbEntity
  8
hatch
100
AcDbLine
 10
1.1102230246251565e-16
 20
1.6970562748477143
 30
0.0
 11
0.25
 21
1.9470562748477143
 31
0.0
  0
LINE
  5
21D
330
17
100
AcDbEntity
  8
hatch
100
AcDbLine
 10
0.0
 20
1.8384776310850235
 30
0.0
 11
0.24999999999999978
 21
2.088477631085023
 31
0.0
  0
LINE
  5
21E
330
17
100
AcDbEntity
  8
hatch
100
AcDbLine
 10
2.220446049250313e-16
 20
1.9798989873223334
 30
0.0
 11
0.24999999999999978
 21
2.2298989873223327
 31
0.0
  0
LINE
  5
21F
330
17
100
AcDbEntity
  8
hatch
100
AcDbLine
 10
-4.440892098500626e-16
 20
2.121320343559642
 30
0.0
 11
0.24999999999999978
 21
2.371320343559642
 31
0.0
  0
LINE
  5
220
330
17
100
AcDbEntity
  8
hatch
100
AcDbLine
 10
4.440892098500626e-16
 20
2.2627416997969525
 30
0.0
 11
0.24999999999999978
 21
2.512741699796952
 31
0.0
  0
LINE
  5
221
330
17
100
AcDbEntity
  8
hatch
100
AcDbLine
 10
2.220446049250313e-16
 20
2.404163056034262
 30
0.0
 11
0.24999999999999956
 21
2.6541630560342613
 31
0.0
  0
LINE
  5
222
330
17
100
AcDbEntity
  8
hatch
100
AcDbLine
 10
-6.661338147750939e-16
 20
2.5455844122715705
 30
0.0
 11
0.24999999999999978
 21
2.7955844122715705
 31
0.0
  0
LINE
  5
223
330
17
100
AcDbEntity
  8
hatch
100
AcDbLine
 10
2.220446049250313e-16
 20
2.687005768508881
 30
0.0
 11
0.24999999999999978
 21
2.9370057685088806
 31
0.0
  0
LINE
  5
224
330
17
100
AcDbEntity
  8
hatch
100
AcDbLine
 10
2.220446049250313e-16
 20
2.82842712474619
 30
0.0
 11
0.24999999999999978
 21
3.07842712474619
 31
0.0
  0
LINE
  5
225
330
17
100
AcDbEntity
  8
hatch
100
AcDbLine
 10
4.440892098500626e-16
 20
2.9698484809835
 30
0.0
 11
0.25
 21
3.2198484809834995
 31
0.0
  0
LINE
  5
226
330
17
100
AcDbEntity
  8
hatch
100
AcDbLine
 10
2.220446049250313e-16
 20
3.111269837220809
 30
0.0
 11
0.24999999999999978
 21
3.3612698372208087
 31
0.0
  0
LINE
  5
227
330
17
100
AcDbEntity
  8
hatch
100
AcDbLine
 10
-2.220446049250313e-16
 20
3.2526911934581184
 30
0.0
 11
0.24999999999999933
 21
3.5026911934581184
 31
0.0
  0
LINE
  5
228
330
17
100
AcDbEntity
  8
hatch
100
AcDbLine
 10
-4.440892098500626e-16
 20
3.394112549695428
 30
0.0
 11
0.24999999999999978
 21
3.644112549695428
 31
0.0
  0
LINE
  5
229
330
17
100
AcDbEntity
  8
hatch
100
AcDbLine
 10
2.220446049250313e-16
 20
3.5355339059327378
 30
0.0
 11
0.24999999999999978
 21
3.785533905932737
 31
0.0
  0
LINE
  5
22A
330
17
100
AcDbEntity
  8
hatch
100
AcDbLine
 10
6.661338147750939e-16
 20
3.6769552621700474
 30
0.0
 11
0.24999999999999956
 21
3.926955262170046
 31
0.0
  0
LINE
  5
22B
330
17
100
AcDbEntity
  8
hatch
100
AcDbLine
 10
0.0
 20
3.818376618407356
 30
0.0
 11
0.24999999999999978
 21
4.068376618407356
 31
0.0
  0
LINE
  5
22C
330
17
100
AcDbEntity
  8
hatch
100
AcDbLine
 10
2.220446049250313e-16
 20
3.9597979746446663
 30
0.0
 11
0.24999999999999956
 21
4.209797974644665
 31
0.0
  0
LINE
  5
22D
330
17
100
AcDbEntity
  8
hatch
100
AcDbLine
 10
4.440892098500626e-16
 20
4.101219330881976
 30
0.0
 11
0.25
 21
4.3512193308819755
 31
0.0
  0
LINE
  5
22E
330
17
100
AcDbEntity
  8
hatch
100
AcDbLine
 10
0.0
 20
4.242640687119285
 30
0.0
 11
0.25
 21
4.492640687119285
 31
0.0
  0
LINE
  5
22F
330
17
100
AcDbEntity
  8
hatch
100
AcDbLine
 10
0.0
 20
4.384062043356594
 30
0.0
 11
0.24999999999999956
 21
4.634062043356594
 31
0.0
  0
LINE
  5
230
330
17
100
AcDbEntity
  8
hatch
100
AcDbLine
 10
4.440892098500626e-16
 20
4.525483399593904
 30
0.0
 11
0.25
 21
4.775483399593904
 31
0.0
  0
LINE
  5
231
330
17
100
AcDbEntity
  8
hatch
100
AcDbLine
 10
0.0
 20
4.666904755831213
 30
0.0
 11
0.24999999999999956
 21
4.916904755831213
 31
0.0
  0
LINE
  5
232
330
17
100
AcDbEntity
  8
hatch
100
AcDbLine
 10
0.0
 20
4.8083261120685235
 30
0.0
 11
0.2499999999999991
 21
5.058326112068523
 31
0.0
  0
LINE
  5
233
330
17
100
AcDbEntity
  8
hatch
100
AcDbLine
 10
4.440892098500626e-16
 20
4.949747468305832
 30
0.0
 11
0.25
 21
5.199747468305832
 31
0.0
  0
LINE
  5
234
330
17
100
AcDbEntity
  8
hatch
100
AcDbLine
 10
0.0
 20
5.091168824543142
 30
0.0
 11
0.24999999999999956
 21
5.341168824543141
 31
0.0
  0
LINE
  5
235
330
17
100
AcDbEntity
  8
hatch
100
AcDbLine
 10
4.440892098500626e-16
 20
5.232590180780452
 30
0.0
 11
0.24999999999999956
 21
5.48259018078045
 31
0.0
  0
LINE
  5
236
330
17
100
AcDbEntity
  8
hatch
100
AcDbLine
 10
0.0
 20
5.374011537017761
 30
0.0
 11
0.24999999999999956
 21
5.624011537017761
 31
0.0
  0
LINE
  5
237
330
17
100
AcDbEntity
  8
hatch
100
AcDbLine
 10
0.0
 20
5.5154328932550705
 30
0.0
 11
0.25
 21
5.7654328932550705
 31
0.0
  0
LINE
  5
238
330
17
100
AcDbEntity
  8
hatch
100
AcDbLine
 10
0.0
 20
5.65685424949238
 30
0.0
 11
0.24999999999999956
 21
5.906854249492379
 31
0.0
  0
LINE
  5
239
330
17
100
AcDbEntity
  8
hatch
100
AcDbLine
 10
0.0
 20
5.79827560572969
 30
0.0
 11
0.25
 21
6.04827560572969
 31
0.0
  0
LINE
  5
23A
330
17
100
AcDbEntity
  8
hatch
100
AcDbLine
 10
0.0
 20
5.939696961966998
 30
0.0
 11
0.25
 21
6.189696961966999
 31
0.0
  0
LINE
  5
23B
330
17
100
AcDbEntity
  8
hatch
100
AcDbLine
 10
-4.440892098500626e-16
 20
6.081118318204307
 30
0.0
 11
0.25
 21
6.331118318204307
 31
0.0
  0
LINE
  5
23C
330
17
100
AcDbEntity
  8
hatch
100
AcDbLine
 10
4.440892098500626e-16
 20
6.222539674441618
 30
0.0
 11
0.25
 21
6.472539674441618
 31
0.0
  0
LINE
  5
23D
330
17
100
AcDbEntity
  8
hatch
100
AcDbLine
 10
4.440892098500626e-16
 20
6.363961030678928
 30
0.0
 11
0.2499999999999991
 21
6.613961030678927
 31
0.0
  0
LINE
  5
23E
330
17
100
AcDbEntity
  8
hatch
100
AcDbLine
 10
-4.440892098500626e-16
 20
6.505382386916237
 30
0.0
 11
0.2499999999999991
 21
6.755382386916237
 31
0.0
  0
LINE
  5
23F
330
17
100
AcDbEntity
  8
hatch
100
AcDbLine
 10
0.0
 20
6.646803743153546
 30
0.0
 11
0.25
 21
6.896803743153546
 31
0.0
  0
LINE
  5
240
330
17
100
AcDbEntity
  8
hatch
100
AcDbLine
 10
-4.440892098500626e-16
 20
6.788225099390857
 30
0.0
 11
0.25
 21
7.038225099390857
 31
0.0
  0
LINE
  5
241
330
17
100
AcDbEntity
  8
hatch
100
AcDbLine
 10
4.440892098500626e-16
 20
6.929646455628166
 30
0.0
 11
0.24999999999999956
 21
7.1796464556281645
 31
0.0
  0
LINE
  5
242
330
17
100
AcDbEntity
  8
hatch
100
AcDbLine
 10
4.440892098500626e-16
 20
7.0710678118654755
 30
0.0
 11
0.25
 21
7.321067811865475
 31
0.0
  0
LINE
  5
243
330
17
100
AcDbEntity
  8
hatch
100
AcDbLine
 10
0.0
 20
7.212489168102785
 30
0.0
 11
0.24999999999999956
 21
7.462489168102785
 31
0.0
  0
LINE
  5
244
330
17
100
AcDbEntity
  8
hatch
100
AcDbLine
 10
0.0
 20
7.353910524340094
 30
0.0
 11
0.24999999999999956
 21
7.603910524340093
 31
0.0
  0
LINE
  5
245
330
17
100
AcDbEntity
  8
hatch
100
AcDbLine
 10
0.0
 20
7.495331880577404
 30
0.0
 11
0.24999999999999956
 21
7.745331880577403
 31
0.0
  0
LINE
  5
246
330
17
100
AcDbEntity
  8
hatch
100
AcDbLine
 10
0.0
 20
7.636753236814712
 30
0.0
 11
0.24999999999999956
 21
7.886753236814712
 31
0.0
  0
LINE
  5
247
330
17
100
AcDbEntity
  8
hatch
100
AcDbLine
 10
0.0
 20
7.778174593052022
 30
0.0
 11
0.25
 21
8.028174593052022
 31
0.0
  0
LINE
  5
248
330
17
100
AcDbEntity
  8
hatch
100
AcDbLine
 10
0.0
 20
7.919595949289333
 30
0.0
 11
0.2499999999999991
 21
8.169595949289333
 31
0.0
  0
LINE
  5
249
330
17
100
AcDbEntity
  8
hatch
100
AcDbLine
 10
0.0
 20
8.06101730552664
 30
0.0
 11
0.2499999999999991
 21
8.31101730552664
 31
0.0
  0
LINE
  5
24A
330
17
100
AcDbEntity
  8
hatch
100
AcDbLine
 10
0.0
 20
8.202438661763953
 30
0.0
 11
0.25
 21
8.452438661763951
 31
0.0
  0
LINE
  5
24B
330
17
100
AcDbEntity
  8
hatch
100
AcDbLine
 10
0.0
 20
8.34386001800126
 30
0.0
 11
0.25
 21
8.59386001800126
 31
0.0
  0
LINE
  5
24C
330
17
100
AcDbEntity
  8
hatch
100
AcDbLine
 10
0.0
 20
8.48528137423857
 30
0.0
 11
0.25
 21
8.73528137423857
 31
0.0
  0
LINE
  5
24D
330
17
100
AcDbEntity
  8
hatch
100
AcDbLine
 10
0.0
 20
8.62670273047588
 30
0.0
 11
0.2499999999999991
 21
8.876702730475879
 31
0.0
  0
LINE
  5
24E
330
17
100
AcDbEntity
  8
hatch
100
AcDbLine
 10
8.881784197001252e-16
 20
8.76812408671319
 30
0.0
 11
0.25
 21
9.018124086713188
 31
0.0
  0
LINE
  5
24F
330
17
100
AcDbEntity
  8
hatch
100
AcDbLine
 10
0.0
 20
8.909545442950499
 30
0.0
 11
0.25
 21
9.159545442950499
 31
0.0
  0
LINE
  5
250
330
17
100
AcDbEntity
  8
hatch
100
AcDbLine
 10
0.0
 20
9.050966799187808
 30
0.0
 11
0.2499999999999991
 21
9.300966799187808
 31
0.0
  0
LINE
  5
251
330
17
100
AcDbEntity
  8
hatch
100
AcDbLine
 10
0.0
 20
9.192388155425117
 30
0.0
 11
0.1576118445748822
 21
9.35
 31
0.0
  0
LINE
  5
252
330
17
100
AcDbEntity
  8
hatch
100
AcDbLine
 10
0.0
 20
9.333809511662427
 30
0.0
 11
0.016190488337572972
 21
9.35
 31
0.0
  0
LWPOLYLINE
  5
253
330
17
100
AcDbEntity
  8
muro-corte
100
AcDbPolyline
 90
4
 70
1
 10
0.0
 20
0.25
 10
0.25
 20
0.25
 10
0.25
 20
9.35
 10
0.0
 20
9.35
  0
LWPOLYLINE
  5
254
330
17
100
AcDbEntity
  8
muro-fill
100
AcDbPolyline
 90
4
 70
1
 10
23.75
 20
0.25
 10
24.0
 20
0.25
 10
24.0
 20
9.35
 10
23.75
 20
9.35
  0
LINE
  5
255
330
17
100
AcDbEntity
  8
hatch
100
AcDbLine
 10
23.85857864376269
 20
0.2500000000000018
 30
0.0
 11
24.0
 21
0.3914213562373128
 31
0.0
  0
LINE
  5
256
330
17
100
AcDbEntity
  8
hatch
100
AcDbLine
 10
23.75
 20
0.28284271247462023
 30
0.0
 11
24.0
 21
0.532842712474622
 31
0.0
  0
LINE
  5
257
330
17
100
AcDbEntity
  8
hatch
100
AcDbLine
 10
23.75
 20
0.42426406871192945
 30
0.0
 11
24.0
 21
0.6742640687119312
 31
0.0
  0
LINE
  5
258
330
17
100
AcDbEntity
  8
hatch
100
AcDbLine
 10
23.75
 20
0.5656854249492351
 30
0.0
 11
24.0
 21
0.8156854249492387
 31
0.0
  0
LINE
  5
259
330
17
100
AcDbEntity
  8
hatch
100
AcDbLine
 10
23.75
 20
0.7071067811865479
 30
0.0
 11
24.0
 21
0.9571067811865497
 31
0.0
  0
LINE
  5
25A
330
17
100
AcDbEntity
  8
hatch
100
AcDbLine
 10
23.75
 20
0.8485281374238607
 30
0.0
 11
24.0
 21
1.0985281374238625
 31
0.0
  0
LINE
  5
25B
330
17
100
AcDbEntity
  8
hatch
100
AcDbLine
 10
23.75
 20
0.9899494936611664
 30
0.0
 11
24.0
 21
1.2399494936611681
 31
0.0
  0
LINE
  5
25C
330
17
100
AcDbEntity
  8
hatch
100
AcDbLine
 10
23.75
 20
1.1313708498984791
 30
0.0
 11
24.0
 21
1.381370849898481
 31
0.0
  0
LINE
  5
25D
330
17
100
AcDbEntity
  8
hatch
100
AcDbLine
 10
23.749999999999996
 20
1.2727922061357866
 30
0.0
 11
24.0
 21
1.5227922061357884
 31
0.0
  0
LINE
  5
25E
330
17
100
AcDbEntity
  8
hatch
100
AcDbLine
 10
23.75
 20
1.4142135623730958
 30
0.0
 11
24.0
 21
1.6642135623730994
 31
0.0
  0
LINE
  5
25F
330
17
100
AcDbEntity
  8
hatch
100
AcDbLine
 10
23.75
 20
1.555634918610405
 30
0.0
 11
24.0
 21
1.8056349186104068
 31
0.0
  0
LINE
  5
260
330
17
100
AcDbEntity
  8
hatch
100
AcDbLine
 10
23.75
 20
1.6970562748477125
 30
0.0
 11
24.0
 21
1.9470562748477143
 31
0.0
  0
LINE
  5
261
330
17
100
AcDbEntity
  8
hatch
100
AcDbLine
 10
23.75
 20
1.8384776310850253
 30
0.0
 11
24.0
 21
2.088477631085027
 31
0.0
  0
LINE
  5
262
330
17
100
AcDbEntity
  8
hatch
100
AcDbLine
 10
23.749999999999996
 20
1.9798989873223327
 30
0.0
 11
24.0
 21
2.2298989873223345
 31
0.0
  0
LINE
  5
263
330
17
100
AcDbEntity
  8
hatch
100
AcDbLine
 10
23.75
 20
2.1213203435596437
 30
0.0
 11
24.0
 21
2.3713203435596455
 31
0.0
  0
LINE
  5
264
330
17
100
AcDbEntity
  8
hatch
100
AcDbLine
 10
23.75
 20
2.262741699796953
 30
0.0
 11
24.0
 21
2.5127416997969565
 31
0.0
  0
LINE
  5
265
330
17
100
AcDbEntity
  8
hatch
100
AcDbLine
 10
23.75
 20
2.404163056034262
 30
0.0
 11
24.0
 21
2.654163056034264
 31
0.0
  0
LINE
  5
266
330
17
100
AcDbEntity
  8
hatch
100
AcDbLine
 10
23.75
 20
2.5455844122715714
 30
0.0
 11
24.0
 21
2.795584412271573
 31
0.0
  0
LINE
  5
267
330
17
100
AcDbEntity
  8
hatch
100
AcDbLine
 10
23.75
 20
2.6870057685088806
 30
0.0
 11
24.0
 21
2.9370057685088824
 31
0.0
  0
LINE
  5
268
330
17
100
AcDbEntity
  8
hatch
100
AcDbLine
 10
23.75
 20
2.82842712474619
 30
0.0
 11
24.0
 21
3.0784271247461916
 31
0.0
  0
LINE
  5
269
330
17
100
AcDbEntity
  8
hatch
100
AcDbLine
 10
23.75
 20
2.969848480983501
 30
0.0
 11
24.0
 21
3.2198484809835026
 31
0.0
  0
LINE
  5
26A
330
17
100
AcDbEntity
  8
hatch
100
AcDbLine
 10
23.75
 20
3.1112698372208083
 30
0.0
 11
24.0
 21
3.36126983722081
 31
0.0
  0
LINE
  5
26B
330
17
100
AcDbEntity
  8
hatch
100
AcDbLine
 10
23.75
 20
3.252691193458121
 30
0.0
 11
24.0
 21
3.502691193458123
 31
0.0
  0
LINE
  5
26C
330
17
100
AcDbEntity
  8
hatch
100
AcDbLine
 10
23.749999999999996
 20
3.3941125496954285
 30
0.0
 11
24.0
 21
3.6441125496954303
 31
0.0
  0
LINE
  5
26D
330
17
100
AcDbEntity
  8
hatch
100
AcDbLine
 10
23.75
 20
3.5355339059327395
 30
0.0
 11
24.0
 21
3.7855339059327413
 31
0.0
  0
LINE
  5
26E
330
17
100
AcDbEntity
  8
hatch
100
AcDbLine
 10
23.75
 20
3.6769552621700488
 30
0.0
 11
24.0
 21
3.9269552621700505
 31
0.0
  0
LINE
  5
26F
330
17
100
AcDbEntity
  8
hatch
100
AcDbLine
 10
23.75
 20
3.818376618407356
 30
0.0
 11
24.0
 21
4.06837661840736
 31
0.0
  0
LINE
  5
270
330
17
100
AcDbEntity
  8
hatch
100
AcDbLine
 10
23.75
 20
3.959797974644667
 30
0.0
 11
24.0
 21
4.209797974644669
 31
0.0
  0
LINE
  5
271
330
17
100
AcDbEntity
  8
hatch
100
AcDbLine
 10
23.749999999999996
 20
4.101219330881975
 30
0.0
 11
24.0
 21
4.351219330881976
 31
0.0
  0
LINE
  5
272
330
17
100
AcDbEntity
  8
hatch
100
AcDbLine
 10
23.75
 20
4.242640687119286
 30
0.0
 11
24.0
 21
4.492640687119287
 31
0.0
  0
LINE
  5
273
330
17
100
AcDbEntity
  8
hatch
100
AcDbLine
 10
23.75
 20
4.384062043356597
 30
0.0
 11
24.0
 21
4.634062043356598
 31
0.0
  0
LINE
  5
274
330
17
100
AcDbEntity
  8
hatch
100
AcDbLine
 10
23.75
 20
4.525483399593904
 30
0.0
 11
24.0
 21
4.775483399593906
 31
0.0
  0
LINE
  5
275
330
17
100
AcDbEntity
  8
hatch
100
AcDbLine
 10
23.75
 20
4.666904755831215
 30
0.0
 11
24.0
 21
4.916904755831219
 31
0.0
  0
LINE
  5
276
330
17
100
AcDbEntity
  8
hatch
100
AcDbLine
 10
23.75
 20
4.808326112068524
 30
0.0
 11
24.0
 21
5.058326112068526
 31
0.0
  0
LINE
  5
277
330
17
100
AcDbEntity
  8
hatch
100
AcDbLine
 10
23.75
 20
4.949747468305834
 30
0.0
 11
24.0
 21
5.199747468305835
 31
0.0
  0
LINE
  5
278
330
17
100
AcDbEntity
  8
hatch
100
AcDbLine
 10
23.75
 20
5.091168824543143
 30
0.0
 11
24.0
 21
5.341168824543145
 31
0.0
  0
LINE
  5
279
330
17
100
AcDbEntity
  8
hatch
100
AcDbLine
 10
23.75
 20
5.23259018078045
 30
0.0
 11
24.0
 21
5.482590180780452
 31
0.0
  0
LINE
  5
27A
330
17
100
AcDbEntity
  8
hatch
100
AcDbLine
 10
23.75
 20
5.374011537017763
 30
0.0
 11
24.0
 21
5.624011537017765
 31
0.0
  0
LINE
  5
27B
330
17
100
AcDbEntity
  8
hatch
100
AcDbLine
 10
23.749999999999996
 20
5.5154328932550705
 30
0.0
 11
24.0
 21
5.765432893255072
 31
0.0
  0
LINE
  5
27C
330
17
100
AcDbEntity
  8
hatch
100
AcDbLine
 10
23.75
 20
5.6568542494923815
 30
0.0
 11
24.0
 21
5.906854249492383
 31
0.0
  0
LINE
  5
27D
330
17
100
AcDbEntity
  8
hatch
100
AcDbLine
 10
23.75
 20
5.7982756057296925
 30
0.0
 11
24.0
 21
6.048275605729694
 31
0.0
  0
LINE
  5
27E
330
17
100
AcDbEntity
  8
hatch
100
AcDbLine
 10
23.75
 20
5.939696961967
 30
0.0
 11
24.0
 21
6.189696961967002
 31
0.0
  0
LINE
  5
27F
330
17
100
AcDbEntity
  8
hatch
100
AcDbLine
 10
23.75
 20
6.081118318204309
 30
0.0
 11
24.0
 21
6.331118318204311
 31
0.0
  0
LINE
  5
280
330
17
100
AcDbEntity
  8
hatch
100
AcDbLine
 10
23.75
 20
6.222539674441617
 30
0.0
 11
24.0
 21
6.47253967444162
 31
0.0
  0
LINE
  5
281
330
17
100
AcDbEntity
  8
hatch
100
AcDbLine
 10
23.75
 20
6.363961030678928
 30
0.0
 11
24.0
 21
6.613961030678929
 31
0.0
  0
LINE
  5
282
330
17
100
AcDbEntity
  8
hatch
100
AcDbLine
 10
23.75
 20
6.50538238691624
 30
0.0
 11
24.0
 21
6.755382386916242
 31
0.0
  0
LINE
  5
283
330
17
100
AcDbEntity
  8
hatch
100
AcDbLine
 10
23.75
 20
6.646803743153546
 30
0.0
 11
24.0
 21
6.896803743153548
 31
0.0
  0
LINE
  5
284
330
17
100
AcDbEntity
  8
hatch
100
AcDbLine
 10
23.75
 20
6.788225099390859
 30
0.0
 11
24.0
 21
7.038225099390861
 31
0.0
  0
LINE
  5
285
330
17
100
AcDbEntity
  8
hatch
100
AcDbLine
 10
23.749999999999996
 20
6.929646455628166
 30
0.0
 11
24.0
 21
7.179646455628168
 31
0.0
  0
LINE
  5
286
330
17
100
AcDbEntity
  8
hatch
100
AcDbLine
 10
23.75
 20
7.0710678118654755
 30
0.0
 11
24.0
 21
7.321067811865479
 31
0.0
  0
LINE
  5
287
330
17
100
AcDbEntity
  8
hatch
100
AcDbLine
 10
23.75
 20
7.2124891681027865
 30
0.0
 11
24.0
 21
7.462489168102788
 31
0.0
  0
LINE
  5
288
330
17
100
AcDbEntity
  8
hatch
100
AcDbLine
 10
23.75
 20
7.353910524340094
 30
0.0
 11
24.0
 21
7.603910524340096
 31
0.0
  0
LINE
  5
289
330
17
100
AcDbEntity
  8
hatch
100
AcDbLine
 10
23.75
 20
7.495331880577405
 30
0.0
 11
24.0
 21
7.745331880577407
 31
0.0
  0
LINE
  5
28A
330
17
100
AcDbEntity
  8
hatch
100
AcDbLine
 10
23.75
 20
7.636753236814712
 30
0.0
 11
24.0
 21
7.886753236814714
 31
0.0
  0
LINE
  5
28B
330
17
100
AcDbEntity
  8
hatch
100
AcDbLine
 10
23.75
 20
7.778174593052023
 30
0.0
 11
24.0
 21
8.028174593052023
 31
0.0
  0
LINE
  5
28C
330
17
100
AcDbEntity
  8
hatch
100
AcDbLine
 10
23.75
 20
7.919595949289334
 30
0.0
 11
24.0
 21
8.169595949289338
 31
0.0
  0
LINE
  5
28D
330
17
100
AcDbEntity
  8
hatch
100
AcDbLine
 10
23.75
 20
8.061017305526642
 30
0.0
 11
24.0
 21
8.311017305526642
 31
0.0
  0
LINE
  5
28E
330
17
100
AcDbEntity
  8
hatch
100
AcDbLine
 10
23.75
 20
8.202438661763953
 30
0.0
 11
24.0
 21
8.452438661763956
 31
0.0
  0
LINE
  5
28F
330
17
100
AcDbEntity
  8
hatch
100
AcDbLine
 10
23.749999999999996
 20
8.343860018001262
 30
0.0
 11
24.0
 21
8.593860018001262
 31
0.0
  0
LINE
  5
290
330
17
100
AcDbEntity
  8
hatch
100
AcDbLine
 10
23.75
 20
8.485281374238571
 30
0.0
 11
24.0
 21
8.735281374238575
 31
0.0
  0
LINE
  5
291
330
17
100
AcDbEntity
  8
hatch
100
AcDbLine
 10
23.75
 20
8.62670273047588
 30
0.0
 11
24.0
 21
8.876702730475884
 31
0.0
  0
LINE
  5
292
330
17
100
AcDbEntity
  8
hatch
100
AcDbLine
 10
23.75
 20
8.76812408671319
 30
0.0
 11
24.0
 21
9.018124086713193
 31
0.0
  0
LINE
  5
293
330
17
100
AcDbEntity
  8
hatch
100
AcDbLine
 10
23.75
 20
8.909545442950499
 30
0.0
 11
24.0
 21
9.159545442950503
 31
0.0
  0
LINE
  5
294
330
17
100
AcDbEntity
  8
hatch
100
AcDbLine
 10
23.75
 20
9.050966799187808
 30
0.0
 11
24.0
 21
9.300966799187812
 31
0.0
  0
LINE
  5
295
330
17
100
AcDbEntity
  8
hatch
100
AcDbLine
 10
23.75
 20
9.192388155425117
 30
0.0
 11
23.90761184457488
 21
9.350000000000001
 31
0.0
  0
LINE
  5
296
330
17
100
AcDbEntity
  8
hatch
100
AcDbLine
 10
23.749999999999996
 20
9.33380951166243
 30
0.0
 11
23.766190488337568
 21
9.349999999999998
 31
0.0
  0
LWPOLYLINE
  5
297
330
17
100
AcDbEntity
  8
muro-corte
100
AcDbPolyline
 90
4
 70
1
 10
23.75
 20
0.25
 10
24.0
 20
0.25
 10
24.0
 20
9.35
 10
23.75
 20
9.35
  0
LWPOLYLINE
  5
298
330
17
100
AcDbEntity
  8
tabique-fill
100
AcDbPolyline
 90
4
 70
1
 10
3.45
 20
0.25
 10
3.6
 20
0.25
 10
3.6
 20
3.8
 10
3.45
 20
3.8
  0
LINE
  5
299
330
17
100
AcDbEntity
  8
hatch
100
AcDbLine
 10
3.4585786437626904
 20
0.24999999999999978
 30
0.0
 11
3.6000000000000005
 21
0.39142135623730967
 31
0.0
  0
LINE
  5
29A
330
17
100
AcDbEntity
  8
hatch
100
AcDbLine
 10
3.45
 20
0.38284271247461943
 30
0.0
 11
3.6
 21
0.5328427124746196
 31
0.0
  0
LINE
  5
29B
330
17
100
AcDbEntity
  8
hatch
100
AcDbLine
 10
3.45
 20
0.5242640687119284
 30
0.0
 11
3.6
 21
0.6742640687119283
 31
0.0
  0
LINE
  5
29C
330
17
100
AcDbEntity
  8
hatch
100
AcDbLine
 10
3.45
 20
0.6656854249492383
 30
0.0
 11
3.5999999999999996
 21
0.8156854249492382
 31
0.0
  0
LINE
  5
29D
330
17
100
AcDbEntity
  8
hatch
100
AcDbLine
 10
3.45
 20
0.8071067811865478
 30
0.0
 11
3.6
 21
0.9571067811865477
 31
0.0
  0
LINE
  5
29E
330
17
100
AcDbEntity
  8
hatch
100
AcDbLine
 10
3.45
 20
0.9485281374238572
 30
0.0
 11
3.6
 21
1.0985281374238576
 31
0.0
  0
LINE
  5
29F
330
17
100
AcDbEntity
  8
hatch
100
AcDbLine
 10
3.45
 20
1.0899494936611671
 30
0.0
 11
3.6000000000000005
 21
1.239949493661167
 31
0.0
  0
LINE
  5
2A0
330
17
100
AcDbEntity
  8
hatch
100
AcDbLine
 10
3.4499999999999997
 20
1.2313708498984763
 30
0.0
 11
3.6
 21
1.3813708498984762
 31
0.0
  0
LINE
  5
2A1
330
17
100
AcDbEntity
  8
hatch
100
AcDbLine
 10
3.4499999999999997
 20
1.3727922061357851
 30
0.0
 11
3.6
 21
1.5227922061357855
 31
0.0
  0
LINE
  5
2A2
330
17
100
AcDbEntity
  8
hatch
100
AcDbLine
 10
3.45
 20
1.514213562373095
 30
0.0
 11
3.6000000000000005
 21
1.6642135623730954
 31
0.0
  0
LINE
  5
2A3
330
17
100
AcDbEntity
  8
hatch
100
AcDbLine
 10
3.4499999999999997
 20
1.6556349186104045
 30
0.0
 11
3.6
 21
1.8056349186104048
 31
0.0
  0
LINE
  5
2A4
330
17
100
AcDbEntity
  8
hatch
100
AcDbLine
 10
3.45
 20
1.7970562748477144
 30
0.0
 11
3.6000000000000005
 21
1.9470562748477147
 31
0.0
  0
LINE
  5
2A5
330
17
100
AcDbEntity
  8
hatch
100
AcDbLine
 10
3.45
 20
1.9384776310850236
 30
0.0
 11
3.6000000000000005
 21
2.088477631085024
 31
0.0
  0
LINE
  5
2A6
330
17
100
AcDbEntity
  8
hatch
100
AcDbLine
 10
3.4499999999999997
 20
2.0798989873223332
 30
0.0
 11
3.6
 21
2.2298989873223336
 31
0.0
  0
LINE
  5
2A7
330
17
100
AcDbEntity
  8
hatch
100
AcDbLine
 10
3.45
 20
2.2213203435596425
 30
0.0
 11
3.6
 21
2.371320343559642
 31
0.0
  0
LINE
  5
2A8
330
17
100
AcDbEntity
  8
hatch
100
AcDbLine
 10
3.45
 20
2.362741699796952
 30
0.0
 11
3.6000000000000005
 21
2.5127416997969525
 31
0.0
  0
LINE
  5
2A9
330
17
100
AcDbEntity
  8
hatch
100
AcDbLine
 10
3.45
 20
2.504163056034262
 30
0.0
 11
3.6000000000000005
 21
2.654163056034262
 31
0.0
  0
LINE
  5
2AA
330
17
100
AcDbEntity
  8
hatch
100
AcDbLine
 10
3.45
 20
2.6455844122715715
 30
0.0
 11
3.6000000000000005
 21
2.7955844122715714
 31
0.0
  0
LINE
  5
2AB
330
17
100
AcDbEntity
  8
hatch
100
AcDbLine
 10
3.4499999999999997
 20
2.7870057685088803
 30
0.0
 11
3.6
 21
2.9370057685088806
 31
0.0
  0
LINE
  5
2AC
330
17
100
AcDbEntity
  8
hatch
100
AcDbLine
 10
3.4500000000000006
 20
2.92842712474619
 30
0.0
 11
3.6
 21
3.07842712474619
 31
0.0
  0
LINE
  5
2AD
330
17
100
AcDbEntity
  8
hatch
100
AcDbLine
 10
3.4499999999999997
 20
3.0698484809834996
 30
0.0
 11
3.6
 21
3.2198484809835
 31
0.0
  0
LINE
  5
2AE
330
17
100
AcDbEntity
  8
hatch
100
AcDbLine
 10
3.4500000000000006
 20
3.2112698372208093
 30
0.0
 11
3.6000000000000005
 21
3.3612698372208096
 31
0.0
  0
LINE
  5
2AF
330
17
100
AcDbEntity
  8
hatch
100
AcDbLine
 10
3.4499999999999997
 20
3.352691193458119
 30
0.0
 11
3.6
 21
3.5026911934581193
 31
0.0
  0
LINE
  5
2B0
330
17
100
AcDbEntity
  8
hatch
100
AcDbLine
 10
3.45
 20
3.4941125496954286
 30
0.0
 11
3.6
 21
3.6441125496954285
 31
0.0
  0
LINE
  5
2B1
330
17
100
AcDbEntity
  8
hatch
100
AcDbLine
 10
3.45
 20
3.635533905932738
 30
0.0
 11
3.6
 21
3.7855339059327373
 31
0.0
  0
LINE
  5
2B2
330
17
100
AcDbEntity
  8
hatch
100
AcDbLine
 10
3.45
 20
3.776955262170047
 30
0.0
 11
3.4730447378299525
 21
3.7999999999999994
 31
0.0
  0
LWPOLYLINE
  5
2B3
330
17
100
AcDbEntity
  8
muro-corte
100
AcDbPolyline
 90
4
 70
1
 10
3.45
 20
0.25
 10
3.6
 20
0.25
 10
3.6
 20
3.8
 10
3.45
 20
3.8
  0
LWPOLYLINE
  5
2B4
330
17
100
AcDbEntity
  8
tabique-fill
100
AcDbPolyline
 90
4
 70
1
 10
3.45
 20
5.65
 10
3.6
 20
5.65
 10
3.6
 20
9.35
 10
3.45
 20
9.35
  0
LINE
  5
2B5
330
17
100
AcDbEntity
  8
hatch
100
AcDbLine
 10
3.4585786437626904
 20
5.65
 30
0.0
 11
3.6000000000000005
 21
5.79142135623731
 31
0.0
  0
LINE
  5
2B6
330
17
100
AcDbEntity
  8
hatch
100
AcDbLine
 10
3.45
 20
5.7828427124746185
 30
0.0
 11
3.6000000000000005
 21
5.932842712474619
 31
0.0
  0
LINE
  5
2B7
330
17
100
AcDbEntity
  8
hatch
100
AcDbLine
 10
3.4499999999999997
 20
5.924264068711929
 30
0.0
 11
3.6
 21
6.074264068711929
 31
0.0
  0
LINE
  5
2B8
330
17
100
AcDbEntity
  8
hatch
100
AcDbLine
 10
3.4500000000000006
 20
6.065685424949239
 30
0.0
 11
3.6
 21
6.215685424949238
 31
0.0
  0
LINE
  5
2B9
330
17
100
AcDbEntity
  8
hatch
100
AcDbLine
 10
3.45
 20
6.207106781186548
 30
0.0
 11
3.6000000000000005
 21
6.357106781186548
 31
0.0
  0
LINE
  5
2BA
330
17
100
AcDbEntity
  8
hatch
100
AcDbLine
 10
3.4499999999999993
 20
6.348528137423857
 30
0.0
 11
3.5999999999999996
 21
6.498528137423857
 31
0.0
  0
LINE
  5
2BB
330
17
100
AcDbEntity
  8
hatch
100
AcDbLine
 10
3.45
 20
6.489949493661166
 30
0.0
 11
3.6000000000000005
 21
6.639949493661167
 31
0.0
  0
LINE
  5
2BC
330
17
100
AcDbEntity
  8
hatch
100
AcDbLine
 10
3.45
 20
6.631370849898476
 30
0.0
 11
3.6000000000000005
 21
6.781370849898476
 31
0.0
  0
LINE
  5
2BD
330
17
100
AcDbEntity
  8
hatch
100
AcDbLine
 10
3.45
 20
6.772792206135787
 30
0.0
 11
3.6000000000000005
 21
6.922792206135785
 31
0.0
  0
LINE
  5
2BE
330
17
100
AcDbEntity
  8
hatch
100
AcDbLine
 10
3.4499999999999997
 20
6.914213562373095
 30
0.0
 11
3.6
 21
7.064213562373095
 31
0.0
  0
LINE
  5
2BF
330
17
100
AcDbEntity
  8
hatch
100
AcDbLine
 10
3.4499999999999993
 20
7.055634918610404
 30
0.0
 11
3.5999999999999996
 21
7.2056349186104045
 31
0.0
  0
LINE
  5
2C0
330
17
100
AcDbEntity
  8
hatch
100
AcDbLine
 10
3.45
 20
7.197056274847714
 30
0.0
 11
3.6000000000000005
 21
7.347056274847715
 31
0.0
  0
LINE
  5
2C1
330
17
100
AcDbEntity
  8
hatch
100
AcDbLine
 10
3.45
 20
7.3384776310850235
 30
0.0
 11
3.6000000000000005
 21
7.488477631085024
 31
0.0
  0
LINE
  5
2C2
330
17
100
AcDbEntity
  8
hatch
100
AcDbLine
 10
3.4499999999999997
 20
7.479898987322334
 30
0.0
 11
3.6
 21
7.629898987322334
 31
0.0
  0
LINE
  5
2C3
330
17
100
AcDbEntity
  8
hatch
100
AcDbLine
 10
3.4499999999999997
 20
7.621320343559642
 30
0.0
 11
3.599999999999999
 21
7.771320343559642
 31
0.0
  0
LINE
  5
2C4
330
17
100
AcDbEntity
  8
hatch
100
AcDbLine
 10
3.4499999999999997
 20
7.762741699796952
 30
0.0
 11
3.600000000000001
 21
7.912741699796953
 31
0.0
  0
LINE
  5
2C5
330
17
100
AcDbEntity
  8
hatch
100
AcDbLine
 10
3.4499999999999997
 20
7.904163056034261
 30
0.0
 11
3.600000000000001
 21
8.054163056034263
 31
0.0
  0
LINE
  5
2C6
330
17
100
AcDbEntity
  8
hatch
100
AcDbLine
 10
3.4500000000000006
 20
8.045584412271571
 30
0.0
 11
3.6
 21
8.195584412271572
 31
0.0
  0
LINE
  5
2C7
330
17
100
AcDbEntity
  8
hatch
100
AcDbLine
 10
3.45
 20
8.18700576850888
 30
0.0
 11
3.5999999999999996
 21
8.337005768508881
 31
0.0
  0
LINE
  5
2C8
330
17
100
AcDbEntity
  8
hatch
100
AcDbLine
 10
3.45
 20
8.32842712474619
 30
0.0
 11
3.5999999999999996
 21
8.47842712474619
 31
0.0
  0
LINE
  5
2C9
330
17
100
AcDbEntity
  8
hatch
100
AcDbLine
 10
3.4499999999999997
 20
8.469848480983499
 30
0.0
 11
3.599999999999999
 21
8.6198484809835
 31
0.0
  0
LINE
  5
2CA
330
17
100
AcDbEntity
  8
hatch
100
AcDbLine
 10
3.4499999999999997
 20
8.61126983722081
 30
0.0
 11
3.599999999999999
 21
8.761269837220809
 31
0.0
  0
LINE
  5
2CB
330
17
100
AcDbEntity
  8
hatch
100
AcDbLine
 10
3.4500000000000006
 20
8.75269119345812
 30
0.0
 11
3.6
 21
8.902691193458118
 31
0.0
  0
LINE
  5
2CC
330
17
100
AcDbEntity
  8
hatch
100
AcDbLine
 10
3.45
 20
8.894112549695429
 30
0.0
 11
3.5999999999999996
 21
9.044112549695429
 31
0.0
  0
LINE
  5
2CD
330
17
100
AcDbEntity
  8
hatch
100
AcDbLine
 10
3.45
 20
9.035533905932738
 30
0.0
 11
3.5999999999999996
 21
9.185533905932738
 31
0.0
  0
LINE
  5
2CE
330
17
100
AcDbEntity
  8
hatch
100
AcDbLine
 10
3.4500000000000006
 20
9.176955262170047
 30
0.0
 11
3.6
 21
9.326955262170046
 31
0.0
  0
LINE
  5
2CF
330
17
100
AcDbEntity
  8
hatch
100
AcDbLine
 10
3.450000000000001
 20
9.318376618407358
 30
0.0
 11
3.4816233815926445
 21
9.350000000000001
 31
0.0
  0
LWPOLYLINE
  5
2D0
330
17
100
AcDbEntity
  8
muro-corte
100
AcDbPolyline
 90
4
 70
1
 10
3.45
 20
5.65
 10
3.6
 20
5.65
 10
3.6
 20
9.35
 10
3.45
 20
9.35
  0
LWPOLYLINE
  5
2D1
330
17
100
AcDbEntity
  8
tabique-fill
100
AcDbPolyline
 90
4
 70
1
 10
6.8
 20
0.25
 10
6.95
 20
0.25
 10
6.95
 20
3.8
 10
6.8
 20
3.8
  0
LINE
  5
2D2
330
17
100
AcDbEntity
  8
hatch
100
AcDbLine
 10
6.808578643762692
 20
0.24999999999999956
 30
0.0
 11
6.95
 21
0.3914213562373079
 31
0.0
  0
LINE
  5
2D3
330
17
100
AcDbEntity
  8
hatch
100
AcDbLine
 10
6.8
 20
0.3828427124746181
 30
0.0
 11
6.95
 21
0.5328427124746185
 31
0.0
  0
LINE
  5
2D4
330
17
100
AcDbEntity
  8
hatch
100
AcDbLine
 10
6.8
 20
0.5242640687119269
 30
0.0
 11
6.95
 21
0.6742640687119272
 31
0.0
  0
LINE
  5
2D5
330
17
100
AcDbEntity
  8
hatch
100
AcDbLine
 10
6.8
 20
0.665685424949237
 30
0.0
 11
6.95
 21
0.8156854249492373
 31
0.0
  0
LINE
  5
2D6
330
17
100
AcDbEntity
  8
hatch
100
AcDbLine
 10
6.8
 20
0.8071067811865462
 30
0.0
 11
6.95
 21
0.9571067811865466
 31
0.0
  0
LINE
  5
2D7
330
17
100
AcDbEntity
  8
hatch
100
AcDbLine
 10
6.8
 20
0.9485281374238563
 30
0.0
 11
6.95
 21
1.0985281374238567
 31
0.0
  0
LINE
  5
2D8
330
17
100
AcDbEntity
  8
hatch
100
AcDbLine
 10
6.8
 20
1.0899494936611656
 30
0.0
 11
6.95
 21
1.239949493661166
 31
0.0
  0
LINE
  5
2D9
330
17
100
AcDbEntity
  8
hatch
100
AcDbLine
 10
6.800000000000001
 20
1.2313708498984743
 30
0.0
 11
6.950000000000001
 21
1.3813708498984747
 31
0.0
  0
LINE
  5
2DA
330
17
100
AcDbEntity
  8
hatch
100
AcDbLine
 10
6.8
 20
1.372792206135784
 30
0.0
 11
6.949999999999999
 21
1.5227922061357844
 31
0.0
  0
LINE
  5
2DB
330
17
100
AcDbEntity
  8
hatch
100
AcDbLine
 10
6.8
 20
1.5142135623730932
 30
0.0
 11
6.95
 21
1.6642135623730936
 31
0.0
  0
LINE
  5
2DC
330
17
100
AcDbEntity
  8
hatch
100
AcDbLine
 10
6.799999999999999
 20
1.655634918610403
 30
0.0
 11
6.949999999999999
 21
1.8056349186104033
 31
0.0
  0
LINE
  5
2DD
330
17
100
AcDbEntity
  8
hatch
100
AcDbLine
 10
6.799999999999999
 20
1.7970562748477121
 30
0.0
 11
6.950000000000001
 21
1.9470562748477134
 31
0.0
  0
LINE
  5
2DE
330
17
100
AcDbEntity
  8
hatch
100
AcDbLine
 10
6.799999999999999
 20
1.9384776310850214
 30
0.0
 11
6.949999999999999
 21
2.0884776310850226
 31
0.0
  0
LINE
  5
2DF
330
17
100
AcDbEntity
  8
hatch
100
AcDbLine
 10
6.8
 20
2.079898987322332
 30
0.0
 11
6.949999999999999
 21
2.2298989873223314
 31
0.0
  0
LINE
  5
2E0
330
17
100
AcDbEntity
  8
hatch
100
AcDbLine
 10
6.8
 20
2.221320343559641
 30
0.0
 11
6.949999999999999
 21
2.3713203435596406
 31
0.0
  0
LINE
  5
2E1
330
17
100
AcDbEntity
  8
hatch
100
AcDbLine
 10
6.8
 20
2.3627416997969504
 30
0.0
 11
6.95
 21
2.5127416997969507
 31
0.0
  0
LINE
  5
2E2
330
17
100
AcDbEntity
  8
hatch
100
AcDbLine
 10
6.799999999999999
 20
2.50416305603426
 30
0.0
 11
6.949999999999999
 21
2.6541630560342604
 31
0.0
  0
LINE
  5
2E3
330
17
100
AcDbEntity
  8
hatch
100
AcDbLine
 10
6.8
 20
2.6455844122715693
 30
0.0
 11
6.95
 21
2.7955844122715696
 31
0.0
  0
LINE
  5
2E4
330
17
100
AcDbEntity
  8
hatch
100
AcDbLine
 10
6.799999999999999
 20
2.787005768508879
 30
0.0
 11
6.949999999999999
 21
2.9370057685088793
 31
0.0
  0
LINE
  5
2E5
330
17
100
AcDbEntity
  8
hatch
100
AcDbLine
 10
6.799999999999999
 20
2.9284271247461877
 30
0.0
 11
6.949999999999999
 21
3.078427124746188
 31
0.0
  0
LINE
  5
2E6
330
17
100
AcDbEntity
  8
hatch
100
AcDbLine
 10
6.8
 20
3.0698484809834983
 30
0.0
 11
6.949999999999999
 21
3.2198484809834977
 31
0.0
  0
LINE
  5
2E7
330
17
100
AcDbEntity
  8
hatch
100
AcDbLine
 10
6.799999999999999
 20
3.211269837220808
 30
0.0
 11
6.949999999999999
 21
3.3612698372208083
 31
0.0
  0
LINE
  5
2E8
330
17
100
AcDbEntity
  8
hatch
100
AcDbLine
 10
6.8
 20
3.352691193458117
 30
0.0
 11
6.95
 21
3.5026911934581175
 31
0.0
  0
LINE
  5
2E9
330
17
100
AcDbEntity
  8
hatch
100
AcDbLine
 10
6.799999999999999
 20
3.4941125496954264
 30
0.0
 11
6.949999999999999
 21
3.6441125496954268
 31
0.0
  0
LINE
  5
2EA
330
17
100
AcDbEntity
  8
hatch
100
AcDbLine
 10
6.8
 20
3.6355339059327356
 30
0.0
 11
6.95
 21
3.785533905932736
 31
0.0
  0
LINE
  5
2EB
330
17
100
AcDbEntity
  8
hatch
100
AcDbLine
 10
6.799999999999999
 20
3.776955262170045
 30
0.0
 11
6.823044737829953
 21
3.799999999999999
 31
0.0
  0
LWPOLYLINE
  5
2EC
330
17
100
AcDbEntity
  8
muro-corte
100
AcDbPolyline
 90
4
 70
1
 10
6.8
 20
0.25
 10
6.95
 20
0.25
 10
6.95
 20
3.8
 10
6.8
 20
3.8
  0
LWPOLYLINE
  5
2ED
330
17
100
AcDbEntity
  8
tabique-fill
100
AcDbPolyline
 90
4
 70
1
 10
6.8
 20
5.65
 10
6.95
 20
5.65
 10
6.95
 20
9.35
 10
6.8
 20
9.35
  0
LINE
  5
2EE
330
17
100
AcDbEntity
  8
hatch
100
AcDbLine
 10
6.808578643762691
 20
5.65
 30
0.0
 11
6.95
 21
5.79142135623731
 31
0.0
  0
LINE
  5
2EF
330
17
100
AcDbEntity
  8
hatch
100
AcDbLine
 10
6.8
 20
5.7828427124746185
 30
0.0
 11
6.95
 21
5.932842712474618
 31
0.0
  0
LINE
  5
2F0
330
17
100
AcDbEntity
  8
hatch
100
AcDbLine
 10
6.8
 20
5.924264068711928
 30
0.0
 11
6.950000000000001
 21
6.074264068711929
 31
0.0
  0
LINE
  5
2F1
330
17
100
AcDbEntity
  8
hatch
100
AcDbLine
 10
6.8
 20
6.065685424949237
 30
0.0
 11
6.950000000000001
 21
6.215685424949238
 31
0.0
  0
LINE
  5
2F2
330
17
100
AcDbEntity
  8
hatch
100
AcDbLine
 10
6.8
 20
6.207106781186548
 30
0.0
 11
6.95
 21
6.357106781186547
 31
0.0
  0
LINE
  5
2F3
330
17
100
AcDbEntity
  8
hatch
100
AcDbLine
 10
6.8
 20
6.348528137423857
 30
0.0
 11
6.95
 21
6.498528137423857
 31
0.0
  0
LINE
  5
2F4
330
17
100
AcDbEntity
  8
hatch
100
AcDbLine
 10
6.8
 20
6.489949493661166
 30
0.0
 11
6.949999999999999
 21
6.639949493661166
 31
0.0
  0
LINE
  5
2F5
330
17
100
AcDbEntity
  8
hatch
100
AcDbLine
 10
6.8
 20
6.631370849898476
 30
0.0
 11
6.949999999999999
 21
6.781370849898475
 31
0.0
  0
LINE
  5
2F6
330
17
100
AcDbEntity
  8
hatch
100
AcDbLine
 10
6.8
 20
6.772792206135785
 30
0.0
 11
6.950000000000001
 21
6.922792206135785
 31
0.0
  0
LINE
  5
2F7
330
17
100
AcDbEntity
  8
hatch
100
AcDbLine
 10
6.800000000000001
 20
6.914213562373095
 30
0.0
 11
6.95
 21
7.064213562373094
 31
0.0
  0
LINE
  5
2F8
330
17
100
AcDbEntity
  8
hatch
100
AcDbLine
 10
6.8
 20
7.055634918610405
 30
0.0
 11
6.949999999999999
 21
7.2056349186104045
 31
0.0
  0
LINE
  5
2F9
330
17
100
AcDbEntity
  8
hatch
100
AcDbLine
 10
6.8
 20
7.197056274847714
 30
0.0
 11
6.949999999999999
 21
7.347056274847714
 31
0.0
  0
LINE
  5
2FA
330
17
100
AcDbEntity
  8
hatch
100
AcDbLine
 10
6.8
 20
7.3384776310850235
 30
0.0
 11
6.949999999999999
 21
7.488477631085023
 31
0.0
  0
LINE
  5
2FB
330
17
100
AcDbEntity
  8
hatch
100
AcDbLine
 10
6.8
 20
7.479898987322332
 30
0.0
 11
6.949999999999999
 21
7.629898987322332
 31
0.0
  0
LINE
  5
2FC
330
17
100
AcDbEntity
  8
hatch
100
AcDbLine
 10
6.800000000000001
 20
7.621320343559643
 30
0.0
 11
6.95
 21
7.771320343559642
 31
0.0
  0
LINE
  5
2FD
330
17
100
AcDbEntity
  8
hatch
100
AcDbLine
 10
6.800000000000001
 20
7.762741699796952
 30
0.0
 11
6.95
 21
7.9127416997969515
 31
0.0
  0
LINE
  5
2FE
330
17
100
AcDbEntity
  8
hatch
100
AcDbLine
 10
6.800000000000001
 20
7.904163056034261
 30
0.0
 11
6.949999999999999
 21
8.05416305603426
 31
0.0
  0
LINE
  5
2FF
330
17
100
AcDbEntity
  8
hatch
100
AcDbLine
 10
6.8
 20
8.04558441227157
 30
0.0
 11
6.949999999999999
 21
8.19558441227157
 31
0.0
  0
LINE
  5
300
330
17
100
AcDbEntity
  8
hatch
100
AcDbLine
 10
6.800000000000001
 20
8.18700576850888
 30
0.0
 11
6.949999999999999
 21
8.33700576850888
 31
0.0
  0
LINE
  5
301
330
17
100
AcDbEntity
  8
hatch
100
AcDbLine
 10
6.800000000000001
 20
8.32842712474619
 30
0.0
 11
6.95
 21
8.47842712474619
 31
0.0
  0
LINE
  5
302
330
17
100
AcDbEntity
  8
hatch
100
AcDbLine
 10
6.800000000000001
 20
8.469848480983499
 30
0.0
 11
6.949999999999999
 21
8.619848480983498
 31
0.0
  0
LINE
  5
303
330
17
100
AcDbEntity
  8
hatch
100
AcDbLine
 10
6.800000000000001
 20
8.611269837220808
 30
0.0
 11
6.95
 21
8.761269837220809
 31
0.0
  0
LINE
  5
304
330
17
100
AcDbEntity
  8
hatch
100
AcDbLine
 10
6.799999999999999
 20
8.752691193458118
 30
0.0
 11
6.949999999999999
 21
8.902691193458118
 31
0.0
  0
LINE
  5
305
330
17
100
AcDbEntity
  8
hatch
100
AcDbLine
 10
6.800000000000001
 20
8.894112549695429
 30
0.0
 11
6.949999999999999
 21
9.044112549695427
 31
0.0
  0
LINE
  5
306
330
17
100
AcDbEntity
  8
hatch
100
AcDbLine
 10
6.800000000000001
 20
9.035533905932738
 30
0.0
 11
6.949999999999999
 21
9.185533905932736
 31
0.0
  0
LINE
  5
307
330
17
100
AcDbEntity
  8
hatch
100
AcDbLine
 10
6.8
 20
9.176955262170047
 30
0.0
 11
6.949999999999998
 21
9.326955262170046
 31
0.0
  0
LINE
  5
308
330
17
100
AcDbEntity
  8
hatch
100
AcDbLine
 10
6.8
 20
9.318376618407356
 30
0.0
 11
6.831623381592643
 21
9.35
 31
0.0
  0
LWPOLYLINE
  5
309
330
17
100
AcDbEntity
  8
muro-corte
100
AcDbPolyline
 90
4
 70
1
 10
6.8
 20
5.65
 10
6.95
 20
5.65
 10
6.95
 20
9.35
 10
6.8
 20
9.35
  0
LWPOLYLINE
  5
30A
330
17
100
AcDbEntity
  8
tabique-fill
100
AcDbPolyline
 90
4
 70
1
 10
10.15
 20
0.25
 10
10.3
 20
0.25
 10
10.3
 20
3.8
 10
10.15
 20
3.8
  0
LINE
  5
30B
330
17
100
AcDbEntity
  8
hatch
100
AcDbLine
 10
10.158578643762691
 20
0.25
 30
0.0
 11
10.3
 21
0.39142135623730834
 31
0.0
  0
LINE
  5
30C
330
17
100
AcDbEntity
  8
hatch
100
AcDbLine
 10
10.15
 20
0.382842712474619
 30
0.0
 11
10.3
 21
0.5328427124746185
 31
0.0
  0
LINE
  5
30D
330
17
100
AcDbEntity
  8
hatch
100
AcDbLine
 10
10.15
 20
0.5242640687119273
 30
0.0
 11
10.3
 21
0.6742640687119277
 31
0.0
  0
LINE
  5
30E
330
17
100
AcDbEntity
  8
hatch
100
AcDbLine
 10
10.15
 20
0.6656854249492383
 30
0.0
 11
10.3
 21
0.8156854249492378
 31
0.0
  0
LINE
  5
30F
330
17
100
AcDbEntity
  8
hatch
100
AcDbLine
 10
10.150000000000002
 20
0.8071067811865476
 30
0.0
 11
10.3
 21
0.957106781186547
 31
0.0
  0
LINE
  5
310
330
17
100
AcDbEntity
  8
hatch
100
AcDbLine
 10
10.150000000000002
 20
0.9485281374238568
 30
0.0
 11
10.3
 21
1.0985281374238554
 31
0.0
  0
LINE
  5
311
330
17
100
AcDbEntity
  8
hatch
100
AcDbLine
 10
10.15
 20
1.089949493661166
 30
0.0
 11
10.3
 21
1.2399494936611664
 31
0.0
  0
LINE
  5
312
330
17
100
AcDbEntity
  8
hatch
100
AcDbLine
 10
10.15
 20
1.2313708498984752
 30
0.0
 11
10.3
 21
1.3813708498984747
 31
0.0
  0
LINE
  5
313
330
17
100
AcDbEntity
  8
hatch
100
AcDbLine
 10
10.15
 20
1.3727922061357853
 30
0.0
 11
10.3
 21
1.5227922061357848
 31
0.0
  0
LINE
  5
314
330
17
100
AcDbEntity
  8
hatch
100
AcDbLine
 10
10.15
 20
1.5142135623730937
 30
0.0
 11
10.3
 21
1.6642135623730931
 31
0.0
  0
LINE
  5
315
330
17
100
AcDbEntity
  8
hatch
100
AcDbLine
 10
10.15
 20
1.655634918610403
 30
0.0
 11
10.3
 21
1.8056349186104024
 31
0.0
  0
LINE
  5
316
330
17
100
AcDbEntity
  8
hatch
100
AcDbLine
 10
10.15
 20
1.797056274847714
 30
0.0
 11
10.3
 21
1.9470562748477134
 31
0.0
  0
LINE
  5
317
330
17
100
AcDbEntity
  8
hatch
100
AcDbLine
 10
10.15
 20
1.9384776310850231
 30
0.0
 11
10.3
 21
2.0884776310850226
 31
0.0
  0
LINE
  5
318
330
17
100
AcDbEntity
  8
hatch
100
AcDbLine
 10
10.15
 20
2.0798989873223324
 30
0.0
 11
10.3
 21
2.229898987322332
 31
0.0
  0
LINE
  5
319
330
17
100
AcDbEntity
  8
hatch
100
AcDbLine
 10
10.15
 20
2.221320343559642
 30
0.0
 11
10.3
 21
2.3713203435596415
 31
0.0
  0
LINE
  5
31A
330
17
100
AcDbEntity
  8
hatch
100
AcDbLine
 10
10.15
 20
2.362741699796951
 30
0.0
 11
10.3
 21
2.5127416997969503
 31
0.0
  0
LINE
  5
31B
330
17
100
AcDbEntity
  8
hatch
100
AcDbLine
 10
10.15
 20
2.504163056034262
 30
0.0
 11
10.3
 21
2.6541630560342613
 31
0.0
  0
LINE
  5
31C
330
17
100
AcDbEntity
  8
hatch
100
AcDbLine
 10
10.15
 20
2.6455844122715706
 30
0.0
 11
10.3
 21
2.79558441227157
 31
0.0
  0
LINE
  5
31D
330
17
100
AcDbEntity
  8
hatch
100
AcDbLine
 10
10.15
 20
2.7870057685088803
 30
0.0
 11
10.3
 21
2.9370057685088797
 31
0.0
  0
LINE
  5
31E
330
17
100
AcDbEntity
  8
hatch
100
AcDbLine
 10
10.15
 20
2.9284271247461886
 30
0.0
 11
10.3
 21
3.078427124746189
 31
0.0
  0
LINE
  5
31F
330
17
100
AcDbEntity
  8
hatch
100
AcDbLine
 10
10.15
 20
3.069848480983498
 30
0.0
 11
10.3
 21
3.219848480983498
 31
0.0
  0
LINE
  5
320
330
17
100
AcDbEntity
  8
hatch
100
AcDbLine
 10
10.150000000000002
 20
3.2112698372208093
 30
0.0
 11
10.3
 21
3.3612698372208087
 31
0.0
  0
LINE
  5
321
330
17
100
AcDbEntity
  8
hatch
100
AcDbLine
 10
10.15
 20
3.352691193458118
 30
0.0
 11
10.3
 21
3.5026911934581184
 31
0.0
  0
LINE
  5
322
330
17
100
AcDbEntity
  8
hatch
100
AcDbLine
 10
10.15
 20
3.4941125496954273
 30
0.0
 11
10.3
 21
3.6441125496954276
 31
0.0
  0
LINE
  5
323
330
17
100
AcDbEntity
  8
hatch
100
AcDbLine
 10
10.15
 20
3.6355339059327365
 30
0.0
 11
10.3
 21
3.785533905932736
 31
0.0
  0
LINE
  5
324
330
17
100
AcDbEntity
  8
hatch
100
AcDbLine
 10
10.15
 20
3.7769552621700457
 30
0.0
 11
10.173044737829954
 21
3.799999999999999
 31
0.0
  0
LWPOLYLINE
  5
325
330
17
100
AcDbEntity
  8
muro-corte
100
AcDbPolyline
 90
4
 70
1
 10
10.15
 20
0.25
 10
10.3
 20
0.25
 10
10.3
 20
3.8
 10
10.15
 20
3.8
  0
LWPOLYLINE
  5
326
330
17
100
AcDbEntity
  8
tabique-fill
100
AcDbPolyline
 90
4
 70
1
 10
10.15
 20
5.65
 10
10.3
 20
5.65
 10
10.3
 20
9.35
 10
10.15
 20
9.35
  0
LINE
  5
327
330
17
100
AcDbEntity
  8
hatch
100
AcDbLine
 10
10.158578643762691
 20
5.65
 30
0.0
 11
10.3
 21
5.79142135623731
 31
0.0
  0
LINE
  5
328
330
17
100
AcDbEntity
  8
hatch
100
AcDbLine
 10
10.15
 20
5.782842712474619
 30
0.0
 11
10.3
 21
5.932842712474619
 31
0.0
  0
LINE
  5
329
330
17
100
AcDbEntity
  8
hatch
100
AcDbLine
 10
10.150000000000002
 20
5.9242640687119295
 30
0.0
 11
10.3
 21
6.07426406871193
 31
0.0
  0
LINE
  5
32A
330
17
100
AcDbEntity
  8
hatch
100
AcDbLine
 10
10.150000000000002
 20
6.065685424949239
 30
0.0
 11
10.3
 21
6.215685424949239
 31
0.0
  0
LINE
  5
32B
330
17
100
AcDbEntity
  8
hatch
100
AcDbLine
 10
10.150000000000002
 20
6.207106781186548
 30
0.0
 11
10.3
 21
6.357106781186548
 31
0.0
  0
LINE
  5
32C
330
17
100
AcDbEntity
  8
hatch
100
AcDbLine
 10
10.150000000000002
 20
6.348528137423858
 30
0.0
 11
10.3
 21
6.498528137423857
 31
0.0
  0
LINE
  5
32D
330
17
100
AcDbEntity
  8
hatch
100
AcDbLine
 10
10.149999999999999
 20
6.489949493661167
 30
0.0
 11
10.299999999999999
 21
6.639949493661166
 31
0.0
  0
LINE
  5
32E
330
17
100
AcDbEntity
  8
hatch
100
AcDbLine
 10
10.15
 20
6.6313708498984765
 30
0.0
 11
10.3
 21
6.781370849898477
 31
0.0
  0
LINE
  5
32F
330
17
100
AcDbEntity
  8
hatch
100
AcDbLine
 10
10.15
 20
6.772792206135786
 30
0.0
 11
10.299999999999999
 21
6.922792206135784
 31
0.0
  0
LINE
  5
330
330
17
100
AcDbEntity
  8
hatch
100
AcDbLine
 10
10.15
 20
6.914213562373095
 30
0.0
 11
10.3
 21
7.064213562373095
 31
0.0
  0
LINE
  5
331
330
17
100
AcDbEntity
  8
hatch
100
AcDbLine
 10
10.15
 20
7.055634918610405
 30
0.0
 11
10.3
 21
7.205634918610405
 31
0.0
  0
LINE
  5
332
330
17
100
AcDbEntity
  8
hatch
100
AcDbLine
 10
10.150000000000002
 20
7.197056274847716
 30
0.0
 11
10.3
 21
7.347056274847715
 31
0.0
  0
LINE
  5
333
330
17
100
AcDbEntity
  8
hatch
100
AcDbLine
 10
10.150000000000002
 20
7.338477631085025
 30
0.0
 11
10.299999999999999
 21
7.488477631085024
 31
0.0
  0
LINE
  5
334
330
17
100
AcDbEntity
  8
hatch
100
AcDbLine
 10
10.15
 20
7.4798989873223345
 30
0.0
 11
10.299999999999999
 21
7.629898987322333
 31
0.0
  0
LINE
  5
335
330
17
100
AcDbEntity
  8
hatch
100
AcDbLine
 10
10.15
 20
7.621320343559644
 30
0.0
 11
10.3
 21
7.771320343559642
 31
0.0
  0
LINE
  5
336
330
17
100
AcDbEntity
  8
hatch
100
AcDbLine
 10
10.15
 20
7.762741699796953
 30
0.0
 11
10.3
 21
7.9127416997969515
 31
0.0
  0
LINE
  5
337
330
17
100
AcDbEntity
  8
hatch
100
AcDbLine
 10
10.150000000000002
 20
7.904163056034262
 30
0.0
 11
10.3
 21
8.05416305603426
 31
0.0
  0
LINE
  5
338
330
17
100
AcDbEntity
  8
hatch
100
AcDbLine
 10
10.150000000000002
 20
8.045584412271571
 30
0.0
 11
10.3
 21
8.19558441227157
 31
0.0
  0
LINE
  5
339
330
17
100
AcDbEntity
  8
hatch
100
AcDbLine
 10
10.150000000000002
 20
8.18700576850888
 30
0.0
 11
10.3
 21
8.33700576850888
 31
0.0
  0
LINE
  5
33A
330
17
100
AcDbEntity
  8
hatch
100
AcDbLine
 10
10.150000000000002
 20
8.32842712474619
 30
0.0
 11
10.3
 21
8.47842712474619
 31
0.0
  0
LINE
  5
33B
330
17
100
AcDbEntity
  8
hatch
100
AcDbLine
 10
10.15
 20
8.4698484809835
 30
0.0
 11
10.299999999999999
 21
8.6198484809835
 31
0.0
  0
LINE
  5
33C
330
17
100
AcDbEntity
  8
hatch
100
AcDbLine
 10
10.15
 20
8.611269837220812
 30
0.0
 11
10.299999999999999
 21
8.76126983722081
 31
0.0
  0
LINE
  5
33D
330
17
100
AcDbEntity
  8
hatch
100
AcDbLine
 10
10.15
 20
8.752691193458121
 30
0.0
 11
10.299999999999999
 21
8.902691193458118
 31
0.0
  0
LINE
  5
33E
330
17
100
AcDbEntity
  8
hatch
100
AcDbLine
 10
10.15
 20
8.894112549695429
 30
0.0
 11
10.299999999999999
 21
9.044112549695427
 31
0.0
  0
LINE
  5
33F
330
17
100
AcDbEntity
  8
hatch
100
AcDbLine
 10
10.15
 20
9.035533905932738
 30
0.0
 11
10.299999999999999
 21
9.185533905932736
 31
0.0
  0
LINE
  5
340
330
17
100
AcDbEntity
  8
hatch
100
AcDbLine
 10
10.15
 20
9.176955262170047
 30
0.0
 11
10.299999999999999
 21
9.326955262170046
 31
0.0
  0
LINE
  5
341
330
17
100
AcDbEntity
  8
hatch
100
AcDbLine
 10
10.150000000000002
 20
9.318376618407358
 30
0.0
 11
10.181623381592644
 21
9.35
 31
0.0
  0
LWPOLYLINE
  5
342
330
17
100
AcDbEntity
  8
muro-corte
100
AcDbPolyline
 90
4
 70
1
 10
10.15
 20
5.65
 10
10.3
 20
5.65
 10
10.3
 20
9.35
 10
10.15
 20
9.35
  0
LWPOLYLINE
  5
343
330
17
100
AcDbEntity
  8
tabique-fill
100
AcDbPolyline
 90
4
 70
1
 10
13.5
 20
0.25
 10
13.65
 20
0.25
 10
13.65
 20
3.8
 10
13.5
 20
3.8
  0
LINE
  5
344
330
17
100
AcDbEntity
  8
hatch
100
AcDbLine
 10
13.508578643762691
 20
0.2499999999999991
 30
0.0
 11
13.649999999999999
 21
0.39142135623730834
 31
0.0
  0
LINE
  5
345
330
17
100
AcDbEntity
  8
hatch
100
AcDbLine
 10
13.5
 20
0.3828427124746181
 30
0.0
 11
13.649999999999999
 21
0.5328427124746176
 31
0.0
  0
LINE
  5
346
330
17
100
AcDbEntity
  8
hatch
100
AcDbLine
 10
13.5
 20
0.5242640687119291
 30
0.0
 11
13.649999999999999
 21
0.6742640687119286
 31
0.0
  0
LINE
  5
347
330
17
100
AcDbEntity
  8
hatch
100
AcDbLine
 10
13.5
 20
0.6656854249492383
 30
0.0
 11
13.649999999999999
 21
0.8156854249492378
 31
0.0
  0
LINE
  5
348
330
17
100
AcDbEntity
  8
hatch
100
AcDbLine
 10
13.5
 20
0.8071067811865476
 30
0.0
 11
13.649999999999999
 21
0.957106781186547
 31
0.0
  0
LINE
  5
349
330
17
100
AcDbEntity
  8
hatch
100
AcDbLine
 10
13.5
 20
0.9485281374238568
 30
0.0
 11
13.649999999999999
 21
1.0985281374238562
 31
0.0
  0
LINE
  5
34A
330
17
100
AcDbEntity
  8
hatch
100
AcDbLine
 10
13.5
 20
1.0899494936611651
 30
0.0
 11
13.649999999999999
 21
1.2399494936611655
 31
0.0
  0
LINE
  5
34B
330
17
100
AcDbEntity
  8
hatch
100
AcDbLine
 10
13.5
 20
1.231370849898477
 30
0.0
 11
13.649999999999999
 21
1.3813708498984765
 31
0.0
  0
LINE
  5
34C
330
17
100
AcDbEntity
  8
hatch
100
AcDbLine
 10
13.5
 20
1.3727922061357862
 30
0.0
 11
13.649999999999999
 21
1.5227922061357857
 31
0.0
  0
LINE
  5
34D
330
17
100
AcDbEntity
  8
hatch
100
AcDbLine
 10
13.5
 20
1.5142135623730946
 30
0.0
 11
13.649999999999999
 21
1.664213562373095
 31
0.0
  0
LINE
  5
34E
330
17
100
AcDbEntity
  8
hatch
100
AcDbLine
 10
13.5
 20
1.6556349186104038
 30
0.0
 11
13.649999999999999
 21
1.8056349186104041
 31
0.0
  0
LINE
  5
34F
330
17
100
AcDbEntity
  8
hatch
100
AcDbLine
 10
13.5
 20
1.797056274847713
 30
0.0
 11
13.649999999999999
 21
1.9470562748477125
 31
0.0
  0
LINE
  5
350
330
17
100
AcDbEntity
  8
hatch
100
AcDbLine
 10
13.5
 20
1.938477631085024
 30
0.0
 11
13.649999999999999
 21
2.0884776310850244
 31
0.0
  0
LINE
  5
351
330
17
100
AcDbEntity
  8
hatch
100
AcDbLine
 10
13.5
 20
2.0798989873223332
 30
0.0
 11
13.649999999999999
 21
2.2298989873223336
 31
0.0
  0
LINE
  5
352
330
17
100
AcDbEntity
  8
hatch
100
AcDbLine
 10
13.5
 20
2.2213203435596425
 30
0.0
 11
13.649999999999999
 21
2.371320343559642
 31
0.0
  0
LINE
  5
353
330
17
100
AcDbEntity
  8
hatch
100
AcDbLine
 10
13.5
 20
2.3627416997969517
 30
0.0
 11
13.649999999999999
 21
2.512741699796951
 31
0.0
  0
LINE
  5
354
330
17
100
AcDbEntity
  8
hatch
100
AcDbLine
 10
13.5
 20
2.504163056034262
 30
0.0
 11
13.650000000000002
 21
2.654163056034262
 31
0.0
  0
LINE
  5
355
330
17
100
AcDbEntity
  8
hatch
100
AcDbLine
 10
13.5
 20
2.6455844122715693
 30
0.0
 11
13.649999999999999
 21
2.7955844122715696
 31
0.0
  0
LINE
  5
356
330
17
100
AcDbEntity
  8
hatch
100
AcDbLine
 10
13.5
 20
2.787005768508881
 30
0.0
 11
13.649999999999999
 21
2.9370057685088815
 31
0.0
  0
LINE
  5
357
330
17
100
AcDbEntity
  8
hatch
100
AcDbLine
 10
13.5
 20
2.9284271247461904
 30
0.0
 11
13.649999999999999
 21
3.0784271247461907
 31
0.0
  0
LINE
  5
358
330
17
100
AcDbEntity
  8
hatch
100
AcDbLine
 10
13.5
 20
3.0698484809834996
 30
0.0
 11
13.649999999999999
 21
3.2198484809835
 31
0.0
  0
LINE
  5
359
330
17
100
AcDbEntity
  8
hatch
100
AcDbLine
 10
13.5
 20
3.211269837220809
 30
0.0
 11
13.65
 21
3.361269837220809
 31
0.0
  0
LINE
  5
35A
330
17
100
AcDbEntity
  8
hatch
100
AcDbLine
 10
13.5
 20
3.352691193458119
 30
0.0
 11
13.649999999999999
 21
3.5026911934581193
 31
0.0
  0
LINE
  5
35B
330
17
100
AcDbEntity
  8
hatch
100
AcDbLine
 10
13.5
 20
3.494112549695428
 30
0.0
 11
13.65
 21
3.6441125496954285
 31
0.0
  0
LINE
  5
35C
330
17
100
AcDbEntity
  8
hatch
100
AcDbLine
 10
13.5
 20
3.6355339059327365
 30
0.0
 11
13.65
 21
3.785533905932737
 31
0.0
  0
LINE
  5
35D
330
17
100
AcDbEntity
  8
hatch
100
AcDbLine
 10
13.5
 20
3.7769552621700457
 30
0.0
 11
13.523044737829954
 21
3.8
 31
0.0
  0
LWPOLYLINE
  5
35E
330
17
100
AcDbEntity
  8
muro-corte
100
AcDbPolyline
 90
4
 70
1
 10
13.5
 20
0.25
 10
13.65
 20
0.25
 10
13.65
 20
3.8
 10
13.5
 20
3.8
  0
LWPOLYLINE
  5
35F
330
17
100
AcDbEntity
  8
tabique-fill
100
AcDbPolyline
 90
4
 70
1
 10
13.5
 20
5.65
 10
13.65
 20
5.65
 10
13.65
 20
9.35
 10
13.5
 20
9.35
  0
LINE
  5
360
330
17
100
AcDbEntity
  8
hatch
100
AcDbLine
 10
13.50857864376269
 20
5.65
 30
0.0
 11
13.65
 21
5.791421356237311
 31
0.0
  0
LINE
  5
361
330
17
100
AcDbEntity
  8
hatch
100
AcDbLine
 10
13.5
 20
5.78284271247462
 30
0.0
 11
13.65
 21
5.932842712474621
 31
0.0
  0
LINE
  5
362
330
17
100
AcDbEntity
  8
hatch
100
AcDbLine
 10
13.499999999999998
 20
5.924264068711928
 30
0.0
 11
13.65
 21
6.07426406871193
 31
0.0
  0
LINE
  5
363
330
17
100
AcDbEntity
  8
hatch
100
AcDbLine
 10
13.5
 20
6.065685424949239
 30
0.0
 11
13.649999999999999
 21
6.215685424949239
 31
0.0
  0
LINE
  5
364
330
17
100
AcDbEntity
  8
hatch
100
AcDbLine
 10
13.5
 20
6.207106781186548
 30
0.0
 11
13.649999999999999
 21
6.357106781186548
 31
0.0
  0
LINE
  5
365
330
17
100
AcDbEntity
  8
hatch
100
AcDbLine
 10
13.5
 20
6.348528137423857
 30
0.0
 11
13.649999999999999
 21
6.4985281374238575
 31
0.0
  0
LINE
  5
366
330
17
100
AcDbEntity
  8
hatch
100
AcDbLine
 10
13.499999999999998
 20
6.489949493661169
 30
0.0
 11
13.649999999999999
 21
6.639949493661168
 31
0.0
  0
LINE
  5
367
330
17
100
AcDbEntity
  8
hatch
100
AcDbLine
 10
13.499999999999998
 20
6.631370849898476
 30
0.0
 11
13.649999999999999
 21
6.781370849898476
 31
0.0
  0
LINE
  5
368
330
17
100
AcDbEntity
  8
hatch
100
AcDbLine
 10
13.499999999999998
 20
6.772792206135787
 30
0.0
 11
13.65
 21
6.922792206135789
 31
0.0
  0
LINE
  5
369
330
17
100
AcDbEntity
  8
hatch
100
AcDbLine
 10
13.499999999999998
 20
6.914213562373095
 30
0.0
 11
13.65
 21
7.064213562373097
 31
0.0
  0
LINE
  5
36A
330
17
100
AcDbEntity
  8
hatch
100
AcDbLine
 10
13.499999999999998
 20
7.055634918610404
 30
0.0
 11
13.65
 21
7.205634918610406
 31
0.0
  0
LINE
  5
36B
330
17
100
AcDbEntity
  8
hatch
100
AcDbLine
 10
13.499999999999998
 20
7.197056274847714
 30
0.0
 11
13.649999999999999
 21
7.347056274847716
 31
0.0
  0
LINE
  5
36C
330
17
100
AcDbEntity
  8
hatch
100
AcDbLine
 10
13.499999999999998
 20
7.3384776310850235
 30
0.0
 11
13.649999999999999
 21
7.488477631085024
 31
0.0
  0
LINE
  5
36D
330
17
100
AcDbEntity
  8
hatch
100
AcDbLine
 10
13.5
 20
7.4798989873223345
 30
0.0
 11
13.65
 21
7.629898987322335
 31
0.0
  0
LINE
  5
36E
330
17
100
AcDbEntity
  8
hatch
100
AcDbLine
 10
13.5
 20
7.621320343559644
 30
0.0
 11
13.65
 21
7.771320343559644
 31
0.0
  0
LINE
  5
36F
330
17
100
AcDbEntity
  8
hatch
100
AcDbLine
 10
13.5
 20
7.762741699796953
 30
0.0
 11
13.65
 21
7.912741699796953
 31
0.0
  0
LINE
  5
370
330
17
100
AcDbEntity
  8
hatch
100
AcDbLine
 10
13.5
 20
7.904163056034262
 30
0.0
 11
13.649999999999999
 21
8.054163056034263
 31
0.0
  0
LINE
  5
371
330
17
100
AcDbEntity
  8
hatch
100
AcDbLine
 10
13.499999999999996
 20
8.045584412271571
 30
0.0
 11
13.649999999999999
 21
8.195584412271572
 31
0.0
  0
LINE
  5
372
330
17
100
AcDbEntity
  8
hatch
100
AcDbLine
 10
13.499999999999998
 20
8.187005768508882
 30
0.0
 11
13.649999999999999
 21
8.337005768508881
 31
0.0
  0
LINE
  5
373
330
17
100
AcDbEntity
  8
hatch
100
AcDbLine
 10
13.5
 20
8.328427124746192
 30
0.0
 11
13.649999999999999
 21
8.47842712474619
 31
0.0
  0
LINE
  5
374
330
17
100
AcDbEntity
  8
hatch
100
AcDbLine
 10
13.499999999999998
 20
8.4698484809835
 30
0.0
 11
13.649999999999999
 21
8.6198484809835
 31
0.0
  0
LINE
  5
375
330
17
100
AcDbEntity
  8
hatch
100
AcDbLine
 10
13.499999999999998
 20
8.61126983722081
 30
0.0
 11
13.649999999999999
 21
8.761269837220809
 31
0.0
  0
LINE
  5
376
330
17
100
AcDbEntity
  8
hatch
100
AcDbLine
 10
13.499999999999998
 20
8.75269119345812
 30
0.0
 11
13.649999999999999
 21
8.90269119345812
 31
0.0
  0
LINE
  5
377
330
17
100
AcDbEntity
  8
hatch
100
AcDbLine
 10
13.5
 20
8.89411254969543
 30
0.0
 11
13.649999999999999
 21
9.044112549695429
 31
0.0
  0
LINE
  5
378
330
17
100
AcDbEntity
  8
hatch
100
AcDbLine
 10
13.499999999999998
 20
9.035533905932738
 30
0.0
 11
13.65
 21
9.18553390593274
 31
0.0
  0
LINE
  5
379
330
17
100
AcDbEntity
  8
hatch
100
AcDbLine
 10
13.499999999999998
 20
9.176955262170047
 30
0.0
 11
13.649999999999999
 21
9.326955262170047
 31
0.0
  0
LINE
  5
37A
330
17
100
AcDbEntity
  8
hatch
100
AcDbLine
 10
13.5
 20
9.318376618407358
 30
0.0
 11
13.531623381592642
 21
9.35
 31
0.0
  0
LWPOLYLINE
  5
37B
330
17
100
AcDbEntity
  8
muro-corte
100
AcDbPolyline
 90
4
 70
1
 10
13.5
 20
5.65
 10
13.65
 20
5.65
 10
13.65
 20
9.35
 10
13.5
 20
9.35
  0
LWPOLYLINE
  5
37C
330
17
100
AcDbEntity
  8
tabique-fill
100
AcDbPolyline
 90
4
 70
1
 10
16.5
 20
0.25
 10
16.65
 20
0.25
 10
16.65
 20
3.8
 10
16.5
 20
3.8
  0
LINE
  5
37D
330
17
100
AcDbEntity
  8
hatch
100
AcDbLine
 10
16.50857864376269
 20
0.25
 30
0.0
 11
16.65
 21
0.3914213562373092
 31
0.0
  0
LINE
  5
37E
330
17
100
AcDbEntity
  8
hatch
100
AcDbLine
 10
16.5
 20
0.3828427124746181
 30
0.0
 11
16.65
 21
0.5328427124746185
 31
0.0
  0
LINE
  5
37F
330
17
100
AcDbEntity
  8
hatch
100
AcDbLine
 10
16.5
 20
0.52426406871193
 30
0.0
 11
16.65
 21
0.6742640687119286
 31
0.0
  0
LINE
  5
380
330
17
100
AcDbEntity
  8
hatch
100
AcDbLine
 10
16.5
 20
0.6656854249492392
 30
0.0
 11
16.65
 21
0.8156854249492378
 31
0.0
  0
LINE
  5
381
330
17
100
AcDbEntity
  8
hatch
100
AcDbLine
 10
16.5
 20
0.8071067811865484
 30
0.0
 11
16.65
 21
0.957106781186547
 31
0.0
  0
LINE
  5
382
330
17
100
AcDbEntity
  8
hatch
100
AcDbLine
 10
16.5
 20
0.9485281374238559
 30
0.0
 11
16.65
 21
1.0985281374238562
 31
0.0
  0
LINE
  5
383
330
17
100
AcDbEntity
  8
hatch
100
AcDbLine
 10
16.5
 20
1.0899494936611642
 30
0.0
 11
16.65
 21
1.2399494936611646
 31
0.0
  0
LINE
  5
384
330
17
100
AcDbEntity
  8
hatch
100
AcDbLine
 10
16.5
 20
1.231370849898477
 30
0.0
 11
16.65
 21
1.3813708498984774
 31
0.0
  0
LINE
  5
385
330
17
100
AcDbEntity
  8
hatch
100
AcDbLine
 10
16.5
 20
1.3727922061357862
 30
0.0
 11
16.65
 21
1.5227922061357866
 31
0.0
  0
LINE
  5
386
330
17
100
AcDbEntity
  8
hatch
100
AcDbLine
 10
16.5
 20
1.5142135623730946
 30
0.0
 11
16.65
 21
1.664213562373095
 31
0.0
  0
LINE
  5
387
330
17
100
AcDbEntity
  8
hatch
100
AcDbLine
 10
16.5
 20
1.6556349186104038
 30
0.0
 11
16.65
 21
1.8056349186104024
 31
0.0
  0
LINE
  5
388
330
17
100
AcDbEntity
  8
hatch
100
AcDbLine
 10
16.5
 20
1.797056274847713
 30
0.0
 11
16.65
 21
1.9470562748477116
 31
0.0
  0
LINE
  5
389
330
17
100
AcDbEntity
  8
hatch
100
AcDbLine
 10
16.5
 20
1.9384776310850231
 30
0.0
 11
16.65
 21
2.0884776310850235
 31
0.0
  0
LINE
  5
38A
330
17
100
AcDbEntity
  8
hatch
100
AcDbLine
 10
16.5
 20
2.0798989873223324
 30
0.0
 11
16.65
 21
2.2298989873223327
 31
0.0
  0
LINE
  5
38B
330
17
100
AcDbEntity
  8
hatch
100
AcDbLine
 10
16.5
 20
2.2213203435596416
 30
0.0
 11
16.65
 21
2.371320343559642
 31
0.0
  0
LINE
  5
38C
330
17
100
AcDbEntity
  8
hatch
100
AcDbLine
 10
16.5
 20
2.362741699796951
 30
0.0
 11
16.65
 21
2.512741699796951
 31
0.0
  0
LINE
  5
38D
330
17
100
AcDbEntity
  8
hatch
100
AcDbLine
 10
16.5
 20
2.50416305603426
 30
0.0
 11
16.65
 21
2.6541630560342604
 31
0.0
  0
LINE
  5
38E
330
17
100
AcDbEntity
  8
hatch
100
AcDbLine
 10
16.5
 20
2.645584412271572
 30
0.0
 11
16.65
 21
2.7955844122715705
 31
0.0
  0
LINE
  5
38F
330
17
100
AcDbEntity
  8
hatch
100
AcDbLine
 10
16.5
 20
2.787005768508881
 30
0.0
 11
16.65
 21
2.9370057685088797
 31
0.0
  0
LINE
  5
390
330
17
100
AcDbEntity
  8
hatch
100
AcDbLine
 10
16.5
 20
2.9284271247461904
 30
0.0
 11
16.65
 21
3.078427124746189
 31
0.0
  0
LINE
  5
391
330
17
100
AcDbEntity
  8
hatch
100
AcDbLine
 10
16.5
 20
3.0698484809834996
 30
0.0
 11
16.65
 21
3.219848480983498
 31
0.0
  0
LINE
  5
392
330
17
100
AcDbEntity
  8
hatch
100
AcDbLine
 10
16.5
 20
3.211269837220809
 30
0.0
 11
16.65
 21
3.3612698372208074
 31
0.0
  0
LINE
  5
393
330
17
100
AcDbEntity
  8
hatch
100
AcDbLine
 10
16.5
 20
3.352691193458119
 30
0.0
 11
16.65
 21
3.5026911934581193
 31
0.0
  0
LINE
  5
394
330
17
100
AcDbEntity
  8
hatch
100
AcDbLine
 10
16.5
 20
3.494112549695428
 30
0.0
 11
16.65
 21
3.6441125496954285
 31
0.0
  0
LINE
  5
395
330
17
100
AcDbEntity
  8
hatch
100
AcDbLine
 10
16.5
 20
3.6355339059327374
 30
0.0
 11
16.65
 21
3.7855339059327378
 31
0.0
  0
LINE
  5
396
330
17
100
AcDbEntity
  8
hatch
100
AcDbLine
 10
16.5
 20
3.7769552621700466
 30
0.0
 11
16.523044737829952
 21
3.8000000000000007
 31
0.0
  0
LWPOLYLINE
  5
397
330
17
100
AcDbEntity
  8
muro-corte
100
AcDbPolyline
 90
4
 70
1
 10
16.5
 20
0.25
 10
16.65
 20
0.25
 10
16.65
 20
3.8
 10
16.5
 20
3.8
  0
LWPOLYLINE
  5
398
330
17
100
AcDbEntity
  8
tabique-fill
100
AcDbPolyline
 90
4
 70
1
 10
16.5
 20
5.65
 10
16.65
 20
5.65
 10
16.65
 20
9.35
 10
16.5
 20
9.35
  0
LINE
  5
399
330
17
100
AcDbEntity
  8
hatch
100
AcDbLine
 10
16.50857864376269
 20
5.65
 30
0.0
 11
16.65
 21
5.791421356237311
 31
0.0
  0
LINE
  5
39A
330
17
100
AcDbEntity
  8
hatch
100
AcDbLine
 10
16.5
 20
5.78284271247462
 30
0.0
 11
16.65
 21
5.932842712474619
 31
0.0
  0
LINE
  5
39B
330
17
100
AcDbEntity
  8
hatch
100
AcDbLine
 10
16.499999999999996
 20
5.924264068711928
 30
0.0
 11
16.65
 21
6.07426406871193
 31
0.0
  0
LINE
  5
39C
330
17
100
AcDbEntity
  8
hatch
100
AcDbLine
 10
16.5
 20
6.06568542494924
 30
0.0
 11
16.65
 21
6.215685424949238
 31
0.0
  0
LINE
  5
39D
330
17
100
AcDbEntity
  8
hatch
100
AcDbLine
 10
16.5
 20
6.207106781186549
 30
0.0
 11
16.65
 21
6.357106781186549
 31
0.0
  0
LINE
  5
39E
330
17
100
AcDbEntity
  8
hatch
100
AcDbLine
 10
16.5
 20
6.348528137423858
 30
0.0
 11
16.65
 21
6.498528137423857
 31
0.0
  0
LINE
  5
39F
330
17
100
AcDbEntity
  8
hatch
100
AcDbLine
 10
16.5
 20
6.489949493661167
 30
0.0
 11
16.65
 21
6.639949493661168
 31
0.0
  0
LINE
  5
3A0
330
17
100
AcDbEntity
  8
hatch
100
AcDbLine
 10
16.499999999999996
 20
6.631370849898475
 30
0.0
 11
16.65
 21
6.781370849898477
 31
0.0
  0
LINE
  5
3A1
330
17
100
AcDbEntity
  8
hatch
100
AcDbLine
 10
16.5
 20
6.772792206135787
 30
0.0
 11
16.65
 21
6.922792206135787
 31
0.0
  0
LINE
  5
3A2
330
17
100
AcDbEntity
  8
hatch
100
AcDbLine
 10
16.5
 20
6.914213562373098
 30
0.0
 11
16.65
 21
7.064213562373096
 31
0.0
  0
LINE
  5
3A3
330
17
100
AcDbEntity
  8
hatch
100
AcDbLine
 10
16.5
 20
7.055634918610404
 30
0.0
 11
16.65
 21
7.2056349186104045
 31
0.0
  0
LINE
  5
3A4
330
17
100
AcDbEntity
  8
hatch
100
AcDbLine
 10
16.5
 20
7.197056274847716
 30
0.0
 11
16.65
 21
7.347056274847715
 31
0.0
  0
LINE
  5
3A5
330
17
100
AcDbEntity
  8
hatch
100
AcDbLine
 10
16.5
 20
7.338477631085025
 30
0.0
 11
16.65
 21
7.488477631085026
 31
0.0
  0
LINE
  5
3A6
330
17
100
AcDbEntity
  8
hatch
100
AcDbLine
 10
16.5
 20
7.479898987322333
 30
0.0
 11
16.65
 21
7.629898987322333
 31
0.0
  0
LINE
  5
3A7
330
17
100
AcDbEntity
  8
hatch
100
AcDbLine
 10
16.5
 20
7.621320343559644
 30
0.0
 11
16.65
 21
7.771320343559644
 31
0.0
  0
LINE
  5
3A8
330
17
100
AcDbEntity
  8
hatch
100
AcDbLine
 10
16.499999999999996
 20
7.762741699796951
 30
0.0
 11
16.65
 21
7.9127416997969515
 31
0.0
  0
LINE
  5
3A9
330
17
100
AcDbEntity
  8
hatch
100
AcDbLine
 10
16.5
 20
7.904163056034263
 30
0.0
 11
16.65
 21
8.054163056034263
 31
0.0
  0
LINE
  5
3AA
330
17
100
AcDbEntity
  8
hatch
100
AcDbLine
 10
16.5
 20
8.045584412271573
 30
0.0
 11
16.65
 21
8.195584412271572
 31
0.0
  0
LINE
  5
3AB
330
17
100
AcDbEntity
  8
hatch
100
AcDbLine
 10
16.5
 20
8.187005768508882
 30
0.0
 11
16.65
 21
8.337005768508881
 31
0.0
  0
LINE
  5
3AC
330
17
100
AcDbEntity
  8
hatch
100
AcDbLine
 10
16.5
 20
8.328427124746192
 30
0.0
 11
16.65
 21
8.47842712474619
 31
0.0
  0
LINE
  5
3AD
330
17
100
AcDbEntity
  8
hatch
100
AcDbLine
 10
16.5
 20
8.4698484809835
 30
0.0
 11
16.65
 21
8.6198484809835
 31
0.0
  0
LINE
  5
3AE
330
17
100
AcDbEntity
  8
hatch
100
AcDbLine
 10
16.499999999999996
 20
8.61126983722081
 30
0.0
 11
16.65
 21
8.76126983722081
 31
0.0
  0
LINE
  5
3AF
330
17
100
AcDbEntity
  8
hatch
100
AcDbLine
 10
16.5
 20
8.752691193458121
 30
0.0
 11
16.65
 21
8.902691193458121
 31
0.0
  0
LINE
  5
3B0
330
17
100
AcDbEntity
  8
hatch
100
AcDbLine
 10
16.5
 20
8.894112549695432
 30
0.0
 11
16.65
 21
9.044112549695429
 31
0.0
  0
LINE
  5
3B1
330
17
100
AcDbEntity
  8
hatch
100
AcDbLine
 10
16.5
 20
9.03553390593274
 30
0.0
 11
16.65
 21
9.185533905932738
 31
0.0
  0
LINE
  5
3B2
330
17
100
AcDbEntity
  8
hatch
100
AcDbLine
 10
16.5
 20
9.176955262170049
 30
0.0
 11
16.65
 21
9.326955262170047
 31
0.0
  0
LINE
  5
3B3
330
17
100
AcDbEntity
  8
hatch
100
AcDbLine
 10
16.5
 20
9.318376618407358
 30
0.0
 11
16.53162338159264
 21
9.35
 31
0.0
  0
LWPOLYLINE
  5
3B4
330
17
100
AcDbEntity
  8
muro-corte
100
AcDbPolyline
 90
4
 70
1
 10
16.5
 20
5.65
 10
16.65
 20
5.65
 10
16.65
 20
9.35
 10
16.5
 20
9.35
  0
LWPOLYLINE
  5
3B5
330
17
100
AcDbEntity
  8
tabique-fill
100
AcDbPolyline
 90
4
 70
1
 10
20.05
 20
0.25
 10
20.2
 20
0.25
 10
20.2
 20
3.8
 10
20.05
 20
3.8
  0
LINE
  5
3B6
330
17
100
AcDbEntity
  8
hatch
100
AcDbLine
 10
20.05857864376269
 20
0.25
 30
0.0
 11
20.199999999999996
 21
0.3914213562373092
 31
0.0
  0
LINE
  5
3B7
330
17
100
AcDbEntity
  8
hatch
100
AcDbLine
 10
20.049999999999997
 20
0.3828427124746199
 30
0.0
 11
20.199999999999996
 21
0.5328427124746185
 31
0.0
  0
LINE
  5
3B8
330
17
100
AcDbEntity
  8
hatch
100
AcDbLine
 10
20.05
 20
0.5242640687119291
 30
0.0
 11
20.2
 21
0.6742640687119277
 31
0.0
  0
LINE
  5
3B9
330
17
100
AcDbEntity
  8
hatch
100
AcDbLine
 10
20.05
 20
0.6656854249492383
 30
0.0
 11
20.2
 21
0.8156854249492369
 31
0.0
  0
LINE
  5
3BA
330
17
100
AcDbEntity
  8
hatch
100
AcDbLine
 10
20.05
 20
0.8071067811865476
 30
0.0
 11
20.2
 21
0.9571067811865461
 31
0.0
  0
LINE
  5
3BB
330
17
100
AcDbEntity
  8
hatch
100
AcDbLine
 10
20.05
 20
0.9485281374238568
 30
0.0
 11
20.2
 21
1.0985281374238554
 31
0.0
  0
LINE
  5
3BC
330
17
100
AcDbEntity
  8
hatch
100
AcDbLine
 10
20.05
 20
1.089949493661166
 30
0.0
 11
20.2
 21
1.2399494936611646
 31
0.0
  0
LINE
  5
3BD
330
17
100
AcDbEntity
  8
hatch
100
AcDbLine
 10
20.05
 20
1.2313708498984788
 30
0.0
 11
20.199999999999996
 21
1.3813708498984774
 31
0.0
  0
LINE
  5
3BE
330
17
100
AcDbEntity
  8
hatch
100
AcDbLine
 10
20.049999999999997
 20
1.372792206135788
 30
0.0
 11
20.199999999999996
 21
1.5227922061357848
 31
0.0
  0
LINE
  5
3BF
330
17
100
AcDbEntity
  8
hatch
100
AcDbLine
 10
20.049999999999997
 20
1.5142135623730955
 30
0.0
 11
20.199999999999996
 21
1.664213562373094
 31
0.0
  0
LINE
  5
3C0
330
17
100
AcDbEntity
  8
hatch
100
AcDbLine
 10
20.05
 20
1.6556349186104047
 30
0.0
 11
20.2
 21
1.8056349186104033
 31
0.0
  0
LINE
  5
3C1
330
17
100
AcDbEntity
  8
hatch
100
AcDbLine
 10
20.05
 20
1.797056274847714
 30
0.0
 11
20.2
 21
1.9470562748477125
 31
0.0
  0
LINE
  5
3C2
330
17
100
AcDbEntity
  8
hatch
100
AcDbLine
 10
20.05
 20
1.938477631085025
 30
0.0
 11
20.199999999999996
 21
2.0884776310850217
 31
0.0
  0
LINE
  5
3C3
330
17
100
AcDbEntity
  8
hatch
100
AcDbLine
 10
20.049999999999997
 20
2.0798989873223324
 30
0.0
 11
20.2
 21
2.2298989873223327
 31
0.0
  0
LINE
  5
3C4
330
17
100
AcDbEntity
  8
hatch
100
AcDbLine
 10
20.049999999999997
 20
2.2213203435596416
 30
0.0
 11
20.199999999999996
 21
2.37132034355964
 31
0.0
  0
LINE
  5
3C5
330
17
100
AcDbEntity
  8
hatch
100
AcDbLine
 10
20.049999999999997
 20
2.362741699796951
 30
0.0
 11
20.2
 21
2.512741699796951
 31
0.0
  0
LINE
  5
3C6
330
17
100
AcDbEntity
  8
hatch
100
AcDbLine
 10
20.049999999999997
 20
2.50416305603426
 30
0.0
 11
20.199999999999996
 21
2.6541630560342586
 31
0.0
  0
LINE
  5
3C7
330
17
100
AcDbEntity
  8
hatch
100
AcDbLine
 10
20.05
 20
2.645584412271573
 30
0.0
 11
20.2
 21
2.7955844122715714
 31
0.0
  0
LINE
  5
3C8
330
17
100
AcDbEntity
  8
hatch
100
AcDbLine
 10
20.05
 20
2.787005768508882
 30
0.0
 11
20.2
 21
2.9370057685088806
 31
0.0
  0
LINE
  5
3C9
330
17
100
AcDbEntity
  8
hatch
100
AcDbLine
 10
20.05
 20
2.9284271247461913
 30
0.0
 11
20.199999999999996
 21
3.078427124746188
 31
0.0
  0
LINE
  5
3CA
330
17
100
AcDbEntity
  8
hatch
100
AcDbLine
 10
20.049999999999997
 20
3.069848480983497
 30
0.0
 11
20.2
 21
3.2198484809834973
 31
0.0
  0
LINE
  5
3CB
330
17
100
AcDbEntity
  8
hatch
100
AcDbLine
 10
20.05
 20
3.211269837220808
 30
0.0
 11
20.199999999999996
 21
3.3612698372208047
 31
0.0
  0
LINE
  5
3CC
330
17
100
AcDbEntity
  8
hatch
100
AcDbLine
 10
20.05
 20
3.3526911934581207
 30
0.0
 11
20.199999999999996
 21
3.5026911934581175
 31
0.0
  0
LINE
  5
3CD
330
17
100
AcDbEntity
  8
hatch
100
AcDbLine
 10
20.049999999999997
 20
3.494112549695428
 30
0.0
 11
20.2
 21
3.6441125496954285
 31
0.0
  0
LINE
  5
3CE
330
17
100
AcDbEntity
  8
hatch
100
AcDbLine
 10
20.05
 20
3.635533905932739
 30
0.0
 11
20.199999999999996
 21
3.785533905932736
 31
0.0
  0
LINE
  5
3CF
330
17
100
AcDbEntity
  8
hatch
100
AcDbLine
 10
20.049999999999997
 20
3.7769552621700466
 30
0.0
 11
20.073044737829953
 21
3.8000000000000007
 31
0.0
  0
LWPOLYLINE
  5
3D0
330
17
100
AcDbEntity
  8
muro-corte
100
AcDbPolyline
 90
4
 70
1
 10
20.05
 20
0.25
 10
20.2
 20
0.25
 10
20.2
 20
3.8
 10
20.05
 20
3.8
  0
LWPOLYLINE
  5
3D1
330
17
100
AcDbEntity
  8
tabique-fill
100
AcDbPolyline
 90
4
 70
1
 10
20.05
 20
5.65
 10
20.2
 20
5.65
 10
20.2
 20
9.35
 10
20.05
 20
9.35
  0
LINE
  5
3D2
330
17
100
AcDbEntity
  8
hatch
100
AcDbLine
 10
20.05857864376269
 20
5.650000000000002
 30
0.0
 11
20.2
 21
5.79142135623731
 31
0.0
  0
LINE
  5
3D3
330
17
100
AcDbEntity
  8
hatch
100
AcDbLine
 10
20.05
 20
5.78284271247462
 30
0.0
 11
20.2
 21
5.932842712474619
 31
0.0
  0
LINE
  5
3D4
330
17
100
AcDbEntity
  8
hatch
100
AcDbLine
 10
20.049999999999997
 20
5.92426406871193
 30
0.0
 11
20.2
 21
6.074264068711931
 31
0.0
  0
LINE
  5
3D5
330
17
100
AcDbEntity
  8
hatch
100
AcDbLine
 10
20.05
 20
6.065685424949241
 30
0.0
 11
20.199999999999996
 21
6.215685424949238
 31
0.0
  0
LINE
  5
3D6
330
17
100
AcDbEntity
  8
hatch
100
AcDbLine
 10
20.050000000000004
 20
6.207106781186552
 30
0.0
 11
20.2
 21
6.357106781186549
 31
0.0
  0
LINE
  5
3D7
330
17
100
AcDbEntity
  8
hatch
100
AcDbLine
 10
20.05
 20
6.34852813742386
 30
0.0
 11
20.199999999999996
 21
6.498528137423857
 31
0.0
  0
LINE
  5
3D8
330
17
100
AcDbEntity
  8
hatch
100
AcDbLine
 10
20.049999999999997
 20
6.489949493661166
 30
0.0
 11
20.2
 21
6.639949493661167
 31
0.0
  0
LINE
  5
3D9
330
17
100
AcDbEntity
  8
hatch
100
AcDbLine
 10
20.05
 20
6.631370849898479
 30
0.0
 11
20.2
 21
6.781370849898478
 31
0.0
  0
LINE
  5
3DA
330
17
100
AcDbEntity
  8
hatch
100
AcDbLine
 10
20.05
 20
6.772792206135788
 30
0.0
 11
20.2
 21
6.922792206135787
 31
0.0
  0
LINE
  5
3DB
330
17
100
AcDbEntity
  8
hatch
100
AcDbLine
 10
20.05
 20
6.914213562373097
 30
0.0
 11
20.2
 21
7.064213562373095
 31
0.0
  0
LINE
  5
3DC
330
17
100
AcDbEntity
  8
hatch
100
AcDbLine
 10
20.05
 20
7.055634918610406
 30
0.0
 11
20.2
 21
7.205634918610403
 31
0.0
  0
LINE
  5
3DD
330
17
100
AcDbEntity
  8
hatch
100
AcDbLine
 10
20.05
 20
7.197056274847719
 30
0.0
 11
20.199999999999996
 21
7.3470562748477155
 31
0.0
  0
LINE
  5
3DE
330
17
100
AcDbEntity
  8
hatch
100
AcDbLine
 10
20.049999999999997
 20
7.338477631085026
 30
0.0
 11
20.2
 21
7.4884776310850265
 31
0.0
  0
LINE
  5
3DF
330
17
100
AcDbEntity
  8
hatch
100
AcDbLine
 10
20.05
 20
7.479898987322336
 30
0.0
 11
20.199999999999996
 21
7.629898987322333
 31
0.0
  0
LINE
  5
3E0
330
17
100
AcDbEntity
  8
hatch
100
AcDbLine
 10
20.05
 20
7.621320343559644
 30
0.0
 11
20.2
 21
7.771320343559644
 31
0.0
  0
LINE
  5
3E1
330
17
100
AcDbEntity
  8
hatch
100
AcDbLine
 10
20.05
 20
7.762741699796955
 30
0.0
 11
20.2
 21
7.9127416997969515
 31
0.0
  0
LINE
  5
3E2
330
17
100
AcDbEntity
  8
hatch
100
AcDbLine
 10
20.05
 20
7.904163056034265
 30
0.0
 11
20.2
 21
8.054163056034263
 31
0.0
  0
LINE
  5
3E3
330
17
100
AcDbEntity
  8
hatch
100
AcDbLine
 10
20.05
 20
8.045584412271573
 30
0.0
 11
20.2
 21
8.195584412271572
 31
0.0
  0
LINE
  5
3E4
330
17
100
AcDbEntity
  8
hatch
100
AcDbLine
 10
20.05
 20
8.187005768508882
 30
0.0
 11
20.2
 21
8.337005768508881
 31
0.0
  0
LINE
  5
3E5
330
17
100
AcDbEntity
  8
hatch
100
AcDbLine
 10
20.05
 20
8.328427124746192
 30
0.0
 11
20.2
 21
8.47842712474619
 31
0.0
  0
LINE
  5
3E6
330
17
100
AcDbEntity
  8
hatch
100
AcDbLine
 10
20.05
 20
8.4698484809835
 30
0.0
 11
20.199999999999996
 21
8.6198484809835
 31
0.0
  0
LINE
  5
3E7
330
17
100
AcDbEntity
  8
hatch
100
AcDbLine
 10
20.05
 20
8.611269837220814
 30
0.0
 11
20.2
 21
8.76126983722081
 31
0.0
  0
LINE
  5
3E8
330
17
100
AcDbEntity
  8
hatch
100
AcDbLine
 10
20.05
 20
8.752691193458121
 30
0.0
 11
20.2
 21
8.90269119345812
 31
0.0
  0
LINE
  5
3E9
330
17
100
AcDbEntity
  8
hatch
100
AcDbLine
 10
20.05
 20
8.89411254969543
 30
0.0
 11
20.2
 21
9.044112549695429
 31
0.0
  0
LINE
  5
3EA
330
17
100
AcDbEntity
  8
hatch
100
AcDbLine
 10
20.05
 20
9.03553390593274
 30
0.0
 11
20.2
 21
9.185533905932738
 31
0.0
  0
LINE
  5
3EB
330
17
100
AcDbEntity
  8
hatch
100
AcDbLine
 10
20.05
 20
9.176955262170049
 30
0.0
 11
20.2
 21
9.326955262170047
 31
0.0
  0
LINE
  5
3EC
330
17
100
AcDbEntity
  8
hatch
100
AcDbLine
 10
20.05
 20
9.31837661840736
 30
0.0
 11
20.081623381592642
 21
9.35
 31
0.0
  0
LWPOLYLINE
  5
3ED
330
17
100
AcDbEntity
  8
muro-corte
100
AcDbPolyline
 90
4
 70
1
 10
20.05
 20
5.65
 10
20.2
 20
5.65
 10
20.2
 20
9.35
 10
20.05
 20
9.35
  0
LWPOLYLINE
  5
3EE
330
17
100
AcDbEntity
  8
tabique-fill
100
AcDbPolyline
 90
4
 70
1
 10
0.25
 20
3.8
 10
16.65
 20
3.8
 10
16.65
 20
3.95
 10
0.25
 20
3.95
  0
LINE
  5
3EF
330
17
100
AcDbEntity
  8
hatch
100
AcDbLine
 10
16.50857864376269
 20
3.8000000000000007
 30
0.0
 11
16.65
 21
3.94142135623731
 31
0.0
  0
LINE
  5
3F0
330
17
100
AcDbEntity
  8
hatch
100
AcDbLine
 10
16.36715728752538
 20
3.8000000000000007
 30
0.0
 11
16.51715728752538
 21
3.9499999999999993
 31
0.0
  0
LINE
  5
3F1
330
17
100
AcDbEntity
  8
hatch
100
AcDbLine
 10
16.22573593128807
 20
3.8
 30
0.0
 11
16.37573593128807
 21
3.95
 31
0.0
  0
LINE
  5
3F2
330
17
100
AcDbEntity
  8
hatch
100
AcDbLine
 10
16.08431457505076
 20
3.8
 30
0.0
 11
16.23431457505076
 21
3.95
 31
0.0
  0
LINE
  5
3F3
330
17
100
AcDbEntity
  8
hatch
100
AcDbLine
 10
15.94289321881345
 20
3.8
 30
0.0
 11
16.09289321881345
 21
3.95
 31
0.0
  0
LINE
  5
3F4
330
17
100
AcDbEntity
  8
hatch
100
AcDbLine
 10
15.801471862576141
 20
3.8
 30
0.0
 11
15.951471862576142
 21
3.95
 31
0.0
  0
LINE
  5
3F5
330
17
100
AcDbEntity
  8
hatch
100
AcDbLine
 10
15.660050506338834
 20
3.799999999999999
 30
0.0
 11
15.810050506338833
 21
3.9499999999999993
 31
0.0
  0
LINE
  5
3F6
330
17
100
AcDbEntity
  8
hatch
100
AcDbLine
 10
15.518629150101521
 20
3.8000000000000007
 30
0.0
 11
15.66862915010152
 21
3.9499999999999993
 31
0.0
  0
LINE
  5
3F7
330
17
100
AcDbEntity
  8
hatch
100
AcDbLine
 10
15.377207793864212
 20
3.8000000000000007
 30
0.0
 11
15.52720779386421
 21
3.9499999999999993
 31
0.0
  0
LINE
  5
3F8
330
17
100
AcDbEntity
  8
hatch
100
AcDbLine
 10
15.235786437626905
 20
3.8
 30
0.0
 11
15.385786437626903
 21
3.95
 31
0.0
  0
LINE
  5
3F9
330
17
100
AcDbEntity
  8
hatch
100
AcDbLine
 10
15.094365081389595
 20
3.8
 30
0.0
 11
15.244365081389594
 21
3.95
 31
0.0
  0
LINE
  5
3FA
330
17
100
AcDbEntity
  8
hatch
100
AcDbLine
 10
14.952943725152284
 20
3.799999999999999
 30
0.0
 11
15.102943725152283
 21
3.9499999999999993
 31
0.0
  0
LINE
  5
3FB
330
17
100
AcDbEntity
  8
hatch
100
AcDbLine
 10
14.811522368914975
 20
3.799999999999999
 30
0.0
 11
14.961522368914974
 21
3.9499999999999993
 31
0.0
  0
LINE
  5
3FC
330
17
100
AcDbEntity
  8
hatch
100
AcDbLine
 10
14.670101012677666
 20
3.799999999999999
 30
0.0
 11
14.820101012677664
 21
3.9499999999999993
 31
0.0
  0
LINE
  5
3FD
330
17
100
AcDbEntity
  8
hatch
100
AcDbLine
 10
14.528679656440357
 20
3.8000000000000007
 30
0.0
 11
14.678679656440355
 21
3.9499999999999993
 31
0.0
  0
LINE
  5
3FE
330
17
100
AcDbEntity
  8
hatch
100
AcDbLine
 10
14.387258300203047
 20
3.8000000000000007
 30
0.0
 11
14.537258300203046
 21
3.9499999999999993
 31
0.0
  0
LINE
  5
3FF
330
17
100
AcDbEntity
  8
hatch
100
AcDbLine
 10
14.245836943965736
 20
3.8
 30
0.0
 11
14.395836943965735
 21
3.95
 31
0.0
  0
LINE
  5
400
330
17
100
AcDbEntity
  8
hatch
100
AcDbLine
 10
14.104415587728427
 20
3.8
 30
0.0
 11
14.254415587728426
 21
3.95
 31
0.0
  0
LINE
  5
401
330
17
100
AcDbEntity
  8
hatch
100
AcDbLine
 10
13.962994231491118
 20
3.8
 30
0.0
 11
14.112994231491118
 21
3.95
 31
0.0
  0
LINE
  5
402
330
17
100
AcDbEntity
  8
hatch
100
AcDbLine
 10
13.821572875253809
 20
3.8
 30
0.0
 11
13.971572875253809
 21
3.95
 31
0.0
  0
LINE
  5
403
330
17
100
AcDbEntity
  8
hatch
100
AcDbLine
 10
13.6801515190165
 20
3.8
 30
0.0
 11
13.8301515190165
 21
3.95
 31
0.0
  0
LINE
  5
404
330
17
100
AcDbEntity
  8
hatch
100
AcDbLine
 10
13.538730162779189
 20
3.8000000000000007
 30
0.0
 11
13.688730162779189
 21
3.9499999999999993
 31
0.0
  0
LINE
  5
405
330
17
100
AcDbEntity
  8
hatch
100
AcDbLine
 10
13.39730880654188
 20
3.8000000000000007
 30
0.0
 11
13.547308806541878
 21
3.9499999999999993
 31
0.0
  0
LINE
  5
406
330
17
100
AcDbEntity
  8
hatch
100
AcDbLine
 10
13.25588745030457
 20
3.8000000000000007
 30
0.0
 11
13.405887450304569
 21
3.9499999999999993
 31
0.0
  0
LINE
  5
407
330
17
100
AcDbEntity
  8
hatch
100
AcDbLine
 10
13.11446609406726
 20
3.8000000000000007
 30
0.0
 11
13.26446609406726
 21
3.9499999999999993
 31
0.0
  0
LINE
  5
408
330
17
100
AcDbEntity
  8
hatch
100
AcDbLine
 10
12.973044737829952
 20
3.8000000000000007
 30
0.0
 11
13.12304473782995
 21
3.9499999999999993
 31
0.0
  0
LINE
  5
409
330
17
100
AcDbEntity
  8
hatch
100
AcDbLine
 10
12.831623381592642
 20
3.799999999999999
 30
0.0
 11
12.981623381592641
 21
3.9499999999999993
 31
0.0
  0
LINE
  5
40A
330
17
100
AcDbEntity
  8
hatch
100
AcDbLine
 10
12.690202025355331
 20
3.8
 30
0.0
 11
12.840202025355332
 21
3.95
 31
0.0
  0
LINE
  5
40B
330
17
100
AcDbEntity
  8
hatch
100
AcDbLine
 10
12.548780669118022
 20
3.8
 30
0.0
 11
12.698780669118023
 21
3.95
 31
0.0
  0
LINE
  5
40C
330
17
100
AcDbEntity
  8
hatch
100
AcDbLine
 10
12.407359312880715
 20
3.8
 30
0.0
 11
12.557359312880713
 21
3.95
 31
0.0
  0
LINE
  5
40D
330
17
100
AcDbEntity
  8
hatch
100
AcDbLine
 10
12.265937956643405
 20
3.8
 30
0.0
 11
12.415937956643404
 21
3.95
 31
0.0
  0
LINE
  5
40E
330
17
100
AcDbEntity
  8
hatch
100
AcDbLine
 10
12.124516600406093
 20
3.8
 30
0.0
 11
12.274516600406093
 21
3.9499999999999984
 31
0.0
  0
LINE
  5
40F
330
17
100
AcDbEntity
  8
hatch
100
AcDbLine
 10
11.983095244168783
 20
3.8000000000000007
 30
0.0
 11
12.133095244168784
 21
3.950000000000001
 31
0.0
  0
LINE
  5
410
330
17
100
AcDbEntity
  8
hatch
100
AcDbLine
 10
11.841673887931474
 20
3.8000000000000007
 30
0.0
 11
11.991673887931476
 21
3.95
 31
0.0
  0
LINE
  5
411
330
17
100
AcDbEntity
  8
hatch
100
AcDbLine
 10
11.700252531694165
 20
3.8000000000000003
 30
0.0
 11
11.850252531694167
 21
3.9499999999999997
 31
0.0
  0
LINE
  5
412
330
17
100
AcDbEntity
  8
hatch
100
AcDbLine
 10
11.558831175456858
 20
3.8000000000000003
 30
0.0
 11
11.708831175456858
 21
3.9499999999999997
 31
0.0
  0
LINE
  5
413
330
17
100
AcDbEntity
  8
hatch
100
AcDbLine
 10
11.417409819219547
 20
3.8
 30
0.0
 11
11.567409819219547
 21
3.9499999999999993
 31
0.0
  0
LINE
  5
414
330
17
100
AcDbEntity
  8
hatch
100
AcDbLine
 10
11.275988462982236
 20
3.7999999999999994
 30
0.0
 11
11.425988462982236
 21
3.949999999999999
 31
0.0
  0
LINE
  5
415
330
17
100
AcDbEntity
  8
hatch
100
AcDbLine
 10
11.134567106744928
 20
3.8000000000000003
 30
0.0
 11
11.284567106744927
 21
3.9499999999999997
 31
0.0
  0
LINE
  5
416
330
17
100
AcDbEntity
  8
hatch
100
AcDbLine
 10
10.993145750507619
 20
3.8000000000000003
 30
0.0
 11
11.143145750507617
 21
3.9500000000000006
 31
0.0
  0
LINE
  5
417
330
17
100
AcDbEntity
  8
hatch
100
AcDbLine
 10
10.851724394270306
 20
3.799999999999999
 30
0.0
 11
11.001724394270308
 21
3.9499999999999993
 31
0.0
  0
LINE
  5
418
330
17
100
AcDbEntity
  8
hatch
100
AcDbLine
 10
10.710303038032999
 20
3.8
 30
0.0
 11
10.860303038032999
 21
3.9499999999999993
 31
0.0
  0
LINE
  5
419
330
17
100
AcDbEntity
  8
hatch
100
AcDbLine
 10
10.568881681795688
 20
3.7999999999999985
 30
0.0
 11
10.71888168179569
 21
3.9499999999999997
 31
0.0
  0
LINE
  5
41A
330
17
100
AcDbEntity
  8
hatch
100
AcDbLine
 10
10.42746032555838
 20
3.8000000000000003
 30
0.0
 11
10.57746032555838
 21
3.9500000000000006
 31
0.0
  0
LINE
  5
41B
330
17
100
AcDbEntity
  8
hatch
100
AcDbLine
 10
10.286038969321071
 20
3.8000000000000007
 30
0.0
 11
10.43603896932107
 21
3.9499999999999984
 31
0.0
  0
LINE
  5
41C
330
17
100
AcDbEntity
  8
hatch
100
AcDbLine
 10
10.144617613083758
 20
3.7999999999999985
 30
0.0
 11
10.29461761308376
 21
3.9499999999999997
 31
0.0
  0
LINE
  5
41D
330
17
100
AcDbEntity
  8
hatch
100
AcDbLine
 10
10.00319625684645
 20
3.7999999999999994
 30
0.0
 11
10.153196256846451
 21
3.9499999999999997
 31
0.0
  0
LINE
  5
41E
330
17
100
AcDbEntity
  8
hatch
100
AcDbLine
 10
9.86177490060914
 20
3.799999999999999
 30
0.0
 11
10.01177490060914
 21
3.9499999999999984
 31
0.0
  0
LINE
  5
41F
330
17
100
AcDbEntity
  8
hatch
100
AcDbLine
 10
9.720353544371832
 20
3.8000000000000007
 30
0.0
 11
9.870353544371833
 21
3.95
 31
0.0
  0
LINE
  5
420
330
17
100
AcDbEntity
  8
hatch
100
AcDbLine
 10
9.578932188134523
 20
3.8000000000000007
 30
0.0
 11
9.728932188134522
 21
3.9499999999999993
 31
0.0
  0
LINE
  5
421
330
17
100
AcDbEntity
  8
hatch
100
AcDbLine
 10
9.43751083189721
 20
3.7999999999999985
 30
0.0
 11
9.587510831897212
 21
3.9499999999999997
 31
0.0
  0
LINE
  5
422
330
17
100
AcDbEntity
  8
hatch
100
AcDbLine
 10
9.296089475659905
 20
3.8000000000000003
 30
0.0
 11
9.446089475659903
 21
3.9499999999999997
 31
0.0
  0
LINE
  5
423
330
17
100
AcDbEntity
  8
hatch
100
AcDbLine
 10
9.154668119422594
 20
3.799999999999999
 30
0.0
 11
9.304668119422592
 21
3.9499999999999993
 31
0.0
  0
LINE
  5
424
330
17
100
AcDbEntity
  8
hatch
100
AcDbLine
 10
9.013246763185284
 20
3.8000000000000007
 30
0.0
 11
9.163246763185285
 21
3.95
 31
0.0
  0
LINE
  5
425
330
17
100
AcDbEntity
  8
hatch
100
AcDbLine
 10
8.871825406947977
 20
3.8000000000000007
 30
0.0
 11
9.021825406947976
 21
3.9499999999999993
 31
0.0
  0
LINE
  5
426
330
17
100
AcDbEntity
  8
hatch
100
AcDbLine
 10
8.730404050710664
 20
3.7999999999999985
 30
0.0
 11
8.880404050710665
 21
3.9499999999999997
 31
0.0
  0
LINE
  5
427
330
17
100
AcDbEntity
  8
hatch
100
AcDbLine
 10
8.588982694473357
 20
3.8000000000000003
 30
0.0
 11
8.738982694473355
 21
3.9499999999999997
 31
0.0
  0
LINE
  5
428
330
17
100
AcDbEntity
  8
hatch
100
AcDbLine
 10
8.447561338236046
 20
3.8
 30
0.0
 11
8.597561338236044
 21
3.9499999999999993
 31
0.0
  0
LINE
  5
429
330
17
100
AcDbEntity
  8
hatch
100
AcDbLine
 10
8.306139981998736
 20
3.8000000000000003
 30
0.0
 11
8.456139981998739
 21
3.9499999999999997
 31
0.0
  0
LINE
  5
42A
330
17
100
AcDbEntity
  8
hatch
100
AcDbLine
 10
8.164718625761427
 20
3.7999999999999994
 30
0.0
 11
8.314718625761426
 21
3.949999999999999
 31
0.0
  0
LINE
  5
42B
330
17
100
AcDbEntity
  8
hatch
100
AcDbLine
 10
8.023297269524116
 20
3.799999999999999
 30
0.0
 11
8.173297269524117
 21
3.9499999999999984
 31
0.0
  0
LINE
  5
42C
330
17
100
AcDbEntity
  8
hatch
100
AcDbLine
 10
7.881875913286809
 20
3.8
 30
0.0
 11
8.031875913286807
 21
3.9499999999999993
 31
0.0
  0
LINE
  5
42D
330
17
100
AcDbEntity
  8
hatch
100
AcDbLine
 10
7.740454557049498
 20
3.8
 30
0.0
 11
7.890454557049499
 21
3.950000000000001
 31
0.0
  0
LINE
  5
42E
330
17
100
AcDbEntity
  8
hatch
100
AcDbLine
 10
7.5990332008121895
 20
3.8000000000000003
 30
0.0
 11
7.749033200812188
 21
3.949999999999999
 31
0.0
  0
LINE
  5
42F
330
17
100
AcDbEntity
  8
hatch
100
AcDbLine
 10
7.45761184457488
 20
3.8000000000000003
 30
0.0
 11
7.607611844574879
 21
3.949999999999999
 31
0.0
  0
LINE
  5
430
330
17
100
AcDbEntity
  8
hatch
100
AcDbLine
 10
7.31619048833757
 20
3.8
 30
0.0
 11
7.466190488337569
 21
3.9499999999999984
 31
0.0
  0
LINE
  5
431
330
17
100
AcDbEntity
  8
hatch
100
AcDbLine
 10
7.174769132100261
 20
3.8
 30
0.0
 11
7.32476913210026
 21
3.9499999999999993
 31
0.0
  0
LINE
  5
432
330
17
100
AcDbEntity
  8
hatch
100
AcDbLine
 10
7.03334777586295
 20
3.7999999999999994
 30
0.0
 11
7.183347775862951
 21
3.9500000000000006
 31
0.0
  0
LINE
  5
433
330
17
100
AcDbEntity
  8
hatch
100
AcDbLine
 10
6.8919264196256425
 20
3.8
 30
0.0
 11
7.041926419625641
 21
3.9499999999999993
 31
0.0
  0
LINE
  5
434
330
17
100
AcDbEntity
  8
hatch
100
AcDbLine
 10
6.750505063388333
 20
3.8
 30
0.0
 11
6.900505063388332
 21
3.9499999999999993
 31
0.0
  0
LINE
  5
435
330
17
100
AcDbEntity
  8
hatch
100
AcDbLine
 10
6.609083707151022
 20
3.8
 30
0.0
 11
6.759083707151022
 21
3.9499999999999993
 31
0.0
  0
LINE
  5
436
330
17
100
AcDbEntity
  8
hatch
100
AcDbLine
 10
6.467662350913713
 20
3.8
 30
0.0
 11
6.6176623509137125
 21
3.9499999999999993
 31
0.0
  0
LINE
  5
437
330
17
100
AcDbEntity
  8
hatch
100
AcDbLine
 10
6.326240994676402
 20
3.799999999999999
 30
0.0
 11
6.476240994676402
 21
3.9499999999999993
 31
0.0
  0
LINE
  5
438
330
17
100
AcDbEntity
  8
hatch
100
AcDbLine
 10
6.1848196384390945
 20
3.8
 30
0.0
 11
6.334819638439094
 21
3.9499999999999993
 31
0.0
  0
LINE
  5
439
330
17
100
AcDbEntity
  8
hatch
100
AcDbLine
 10
6.043398282201785
 20
3.8
 30
0.0
 11
6.193398282201785
 21
3.9499999999999993
 31
0.0
  0
LINE
  5
43A
330
17
100
AcDbEntity
  8
hatch
100
AcDbLine
 10
5.901976925964475
 20
3.8000000000000003
 30
0.0
 11
6.051976925964474
 21
3.949999999999999
 31
0.0
  0
LINE
  5
43B
330
17
100
AcDbEntity
  8
hatch
100
AcDbLine
 10
5.760555569727165
 20
3.7999999999999994
 30
0.0
 11
5.910555569727165
 21
3.949999999999999
 31
0.0
  0
LINE
  5
43C
330
17
100
AcDbEntity
  8
hatch
100
AcDbLine
 10
5.619134213489855
 20
3.8
 30
0.0
 11
5.769134213489855
 21
3.9499999999999993
 31
0.0
  0
LINE
  5
43D
330
17
100
AcDbEntity
  8
hatch
100
AcDbLine
 10
5.477712857252547
 20
3.8
 30
0.0
 11
5.627712857252546
 21
3.9499999999999993
 31
0.0
  0
LINE
  5
43E
330
17
100
AcDbEntity
  8
hatch
100
AcDbLine
 10
5.336291501015237
 20
3.8
 30
0.0
 11
5.486291501015237
 21
3.9499999999999993
 31
0.0
  0
LINE
  5
43F
330
17
100
AcDbEntity
  8
hatch
100
AcDbLine
 10
5.194870144777928
 20
3.8
 30
0.0
 11
5.3448701447779285
 21
3.95
 31
0.0
  0
LINE
  5
440
330
17
100
AcDbEntity
  8
hatch
100
AcDbLine
 10
5.053448788540617
 20
3.8
 30
0.0
 11
5.2034487885406175
 21
3.95
 31
0.0
  0
LINE
  5
441
330
17
100
AcDbEntity
  8
hatch
100
AcDbLine
 10
4.912027432303308
 20
3.8
 30
0.0
 11
5.062027432303307
 21
3.9499999999999993
 31
0.0
  0
LINE
  5
442
330
17
100
AcDbEntity
  8
hatch
100
AcDbLine
 10
4.770606076065999
 20
3.8
 30
0.0
 11
4.920606076065998
 21
3.9499999999999993
 31
0.0
  0
LINE
  5
443
330
17
100
AcDbEntity
  8
hatch
100
AcDbLine
 10
4.6291847198286895
 20
3.7999999999999994
 30
0.0
 11
4.779184719828689
 21
3.949999999999999
 31
0.0
  0
LINE
  5
444
330
17
100
AcDbEntity
  8
hatch
100
AcDbLine
 10
4.48776336359138
 20
3.7999999999999994
 30
0.0
 11
4.63776336359138
 21
3.9499999999999997
 31
0.0
  0
LINE
  5
445
330
17
100
AcDbEntity
  8
hatch
100
AcDbLine
 10
4.346342007354069
 20
3.8
 30
0.0
 11
4.496342007354069
 21
3.9499999999999993
 31
0.0
  0
LINE
  5
446
330
17
100
AcDbEntity
  8
hatch
100
AcDbLine
 10
4.20492065111676
 20
3.7999999999999994
 30
0.0
 11
4.3549206511167595
 21
3.949999999999999
 31
0.0
  0
LINE
  5
447
330
17
100
AcDbEntity
  8
hatch
100
AcDbLine
 10
4.063499294879451
 20
3.7999999999999994
 30
0.0
 11
4.21349929487945
 21
3.9499999999999997
 31
0.0
  0
LINE
  5
448
330
17
100
AcDbEntity
  8
hatch
100
AcDbLine
 10
3.922077938642142
 20
3.8
 30
0.0
 11
4.072077938642142
 21
3.9499999999999997
 31
0.0
  0
LINE
  5
449
330
17
100
AcDbEntity
  8
hatch
100
AcDbLine
 10
3.780656582404833
 20
3.8
 30
0.0
 11
3.9306565824048327
 21
3.9499999999999997
 31
0.0
  0
LINE
  5
44A
330
17
100
AcDbEntity
  8
hatch
100
AcDbLine
 10
3.639235226167522
 20
3.7999999999999994
 30
0.0
 11
3.7892352261675213
 21
3.9499999999999993
 31
0.0
  0
LINE
  5
44B
330
17
100
AcDbEntity
  8
hatch
100
AcDbLine
 10
3.4978138699302126
 20
3.8
 30
0.0
 11
3.6478138699302125
 21
3.9499999999999993
 31
0.0
  0
LINE
  5
44C
330
17
100
AcDbEntity
  8
hatch
100
AcDbLine
 10
3.3563925136929034
 20
3.8
 30
0.0
 11
3.5063925136929033
 21
3.9499999999999997
 31
0.0
  0
LINE
  5
44D
330
17
100
AcDbEntity
  8
hatch
100
AcDbLine
 10
3.2149711574555946
 20
3.8
 30
0.0
 11
3.364971157455594
 21
3.9499999999999997
 31
0.0
  0
LINE
  5
44E
330
17
100
AcDbEntity
  8
hatch
100
AcDbLine
 10
3.073549801218283
 20
3.8
 30
0.0
 11
3.223549801218284
 21
3.9500000000000006
 31
0.0
  0
LINE
  5
44F
330
17
100
AcDbEntity
  8
hatch
100
AcDbLine
 10
2.932128444980974
 20
3.8
 30
0.0
 11
3.082128444980974
 21
3.9499999999999993
 31
0.0
  0
LINE
  5
450
330
17
100
AcDbEntity
  8
hatch
100
AcDbLine
 10
2.790707088743665
 20
3.8
 30
0.0
 11
2.9407070887436646
 21
3.9499999999999997
 31
0.0
  0
LINE
  5
451
330
17
100
AcDbEntity
  8
hatch
100
AcDbLine
 10
2.6492857325063564
 20
3.8
 30
0.0
 11
2.799285732506356
 21
3.9499999999999993
 31
0.0
  0
LINE
  5
452
330
17
100
AcDbEntity
  8
hatch
100
AcDbLine
 10
2.507864376269047
 20
3.8
 30
0.0
 11
2.6578643762690466
 21
3.9499999999999993
 31
0.0
  0
LINE
  5
453
330
17
100
AcDbEntity
  8
hatch
100
AcDbLine
 10
2.3664430200317357
 20
3.8
 30
0.0
 11
2.516443020031735
 21
3.9499999999999997
 31
0.0
  0
LINE
  5
454
330
17
100
AcDbEntity
  8
hatch
100
AcDbLine
 10
2.225021663794427
 20
3.8
 30
0.0
 11
2.3750216637944264
 21
3.9499999999999993
 31
0.0
  0
LINE
  5
455
330
17
100
AcDbEntity
  8
hatch
100
AcDbLine
 10
2.0836003075571177
 20
3.8
 30
0.0
 11
2.233600307557117
 21
3.9499999999999993
 31
0.0
  0
LINE
  5
456
330
17
100
AcDbEntity
  8
hatch
100
AcDbLine
 10
1.9421789513198084
 20
3.8
 30
0.0
 11
2.0921789513198084
 21
3.9499999999999997
 31
0.0
  0
LINE
  5
457
330
17
100
AcDbEntity
  8
hatch
100
AcDbLine
 10
1.8007575950824994
 20
3.8
 30
0.0
 11
1.9507575950824994
 21
3.9499999999999997
 31
0.0
  0
LINE
  5
458
330
17
100
AcDbEntity
  8
hatch
100
AcDbLine
 10
1.6593362388451882
 20
3.8
 30
0.0
 11
1.8093362388451877
 21
3.9499999999999993
 31
0.0
  0
LINE
  5
459
330
17
100
AcDbEntity
  8
hatch
100
AcDbLine
 10
1.517914882607879
 20
3.8
 30
0.0
 11
1.6679148826078785
 21
3.9499999999999993
 31
0.0
  0
LINE
  5
45A
330
17
100
AcDbEntity
  8
hatch
100
AcDbLine
 10
1.37649352637057
 20
3.8
 30
0.0
 11
1.52649352637057
 21
3.9499999999999997
 31
0.0
  0
LINE
  5
45B
330
17
100
AcDbEntity
  8
hatch
100
AcDbLine
 10
1.235072170133261
 20
3.8
 30
0.0
 11
1.385072170133261
 21
3.9499999999999993
 31
0.0
  0
LINE
  5
45C
330
17
100
AcDbEntity
  8
hatch
100
AcDbLine
 10
1.0936508138959518
 20
3.8
 30
0.0
 11
1.2436508138959517
 21
3.9499999999999993
 31
0.0
  0
LINE
  5
45D
330
17
100
AcDbEntity
  8
hatch
100
AcDbLine
 10
0.9522294576586401
 20
3.7999999999999994
 30
0.0
 11
1.1022294576586404
 21
3.9499999999999997
 31
0.0
  0
LINE
  5
45E
330
17
100
AcDbEntity
  8
hatch
100
AcDbLine
 10
0.8108081014213313
 20
3.8
 30
0.0
 11
0.9608081014213312
 21
3.9499999999999997
 31
0.0
  0
LINE
  5
45F
330
17
100
AcDbEntity
  8
hatch
100
AcDbLine
 10
0.6693867451840223
 20
3.8
 30
0.0
 11
0.8193867451840222
 21
3.9499999999999993
 31
0.0
  0
LINE
  5
460
330
17
100
AcDbEntity
  8
hatch
100
AcDbLine
 10
0.5279653889467133
 20
3.8
 30
0.0
 11
0.6779653889467132
 21
3.95
 31
0.0
  0
LINE
  5
461
330
17
100
AcDbEntity
  8
hatch
100
AcDbLine
 10
0.3865440327094041
 20
3.8
 30
0.0
 11
0.5365440327094044
 21
3.9499999999999997
 31
0.0
  0
LINE
  5
462
330
17
100
AcDbEntity
  8
hatch
100
AcDbLine
 10
0.25
 20
3.804877323527907
 30
0.0
 11
0.39512267647209276
 21
3.9499999999999993
 31
0.0
  0
LINE
  5
463
330
17
100
AcDbEntity
  8
hatch
100
AcDbLine
 10
0.25
 20
3.946298679765216
 30
0.0
 11
0.25370132023478353
 21
3.9499999999999993
 31
0.0
  0
LWPOLYLINE
  5
464
330
17
100
AcDbEntity
  8
muro-corte
100
AcDbPolyline
 90
4
 70
1
 10
0.25
 20
3.8
 10
16.65
 20
3.8
 10
16.65
 20
3.95
 10
0.25
 20
3.95
  0
LWPOLYLINE
  5
465
330
17
100
AcDbEntity
  8
tabique-fill
100
AcDbPolyline
 90
4
 70
1
 10
20.2
 20
3.8
 10
23.75
 20
3.8
 10
23.75
 20
3.95
 10
20.2
 20
3.95
  0
LINE
  5
466
330
17
100
AcDbEntity
  8
hatch
100
AcDbLine
 10
23.60857864376269
 20
3.8000000000000007
 30
0.0
 11
23.75
 21
3.94142135623731
 31
0.0
  0
LINE
  5
467
330
17
100
AcDbEntity
  8
hatch
100
AcDbLine
 10
23.46715728752538
 20
3.799999999999999
 30
0.0
 11
23.61715728752538
 21
3.9499999999999975
 31
0.0
  0
LINE
  5
468
330
17
100
AcDbEntity
  8
hatch
100
AcDbLine
 10
23.325735931288065
 20
3.799999999999999
 30
0.0
 11
23.475735931288067
 21
3.9499999999999993
 31
0.0
  0
LINE
  5
469
330
17
100
AcDbEntity
  8
hatch
100
AcDbLine
 10
23.184314575050756
 20
3.799999999999999
 30
0.0
 11
23.33431457505076
 21
3.950000000000001
 31
0.0
  0
LINE
  5
46A
330
17
100
AcDbEntity
  8
hatch
100
AcDbLine
 10
23.042893218813447
 20
3.799999999999999
 30
0.0
 11
23.19289321881345
 21
3.9499999999999993
 31
0.0
  0
LINE
  5
46B
330
17
100
AcDbEntity
  8
hatch
100
AcDbLine
 10
22.901471862576138
 20
3.799999999999999
 30
0.0
 11
23.051471862576143
 21
3.950000000000001
 31
0.0
  0
LINE
  5
46C
330
17
100
AcDbEntity
  8
hatch
100
AcDbLine
 10
22.760050506338832
 20
3.799999999999999
 30
0.0
 11
22.91005050633883
 21
3.9499999999999993
 31
0.0
  0
LINE
  5
46D
330
17
100
AcDbEntity
  8
hatch
100
AcDbLine
 10
22.61862915010152
 20
3.8000000000000007
 30
0.0
 11
22.76862915010152
 21
3.9499999999999993
 31
0.0
  0
LINE
  5
46E
330
17
100
AcDbEntity
  8
hatch
100
AcDbLine
 10
22.47720779386421
 20
3.799999999999997
 30
0.0
 11
22.627207793864212
 21
3.9499999999999993
 31
0.0
  0
LINE
  5
46F
330
17
100
AcDbEntity
  8
hatch
100
AcDbLine
 10
22.3357864376269
 20
3.799999999999999
 30
0.0
 11
22.485786437626903
 21
3.9499999999999993
 31
0.0
  0
LINE
  5
470
330
17
100
AcDbEntity
  8
hatch
100
AcDbLine
 10
22.19436508138959
 20
3.799999999999997
 30
0.0
 11
22.344365081389594
 21
3.9499999999999993
 31
0.0
  0
LINE
  5
471
330
17
100
AcDbEntity
  8
hatch
100
AcDbLine
 10
22.052943725152282
 20
3.799999999999999
 30
0.0
 11
22.20294372515228
 21
3.950000000000001
 31
0.0
  0
LINE
  5
472
330
17
100
AcDbEntity
  8
hatch
100
AcDbLine
 10
21.911522368914973
 20
3.799999999999999
 30
0.0
 11
22.06152236891497
 21
3.9499999999999993
 31
0.0
  0
LINE
  5
473
330
17
100
AcDbEntity
  8
hatch
100
AcDbLine
 10
21.770101012677664
 20
3.799999999999999
 30
0.0
 11
21.920101012677662
 21
3.950000000000001
 31
0.0
  0
LINE
  5
474
330
17
100
AcDbEntity
  8
hatch
100
AcDbLine
 10
21.628679656440355
 20
3.8000000000000007
 30
0.0
 11
21.778679656440353
 21
3.9499999999999993
 31
0.0
  0
LINE
  5
475
330
17
100
AcDbEntity
  8
hatch
100
AcDbLine
 10
21.487258300203045
 20
3.799999999999999
 30
0.0
 11
21.637258300203044
 21
3.950000000000001
 31
0.0
  0
LINE
  5
476
330
17
100
AcDbEntity
  8
hatch
100
AcDbLine
 10
21.345836943965733
 20
3.799999999999997
 30
0.0
 11
21.495836943965735
 21
3.9499999999999993
 31
0.0
  0
LINE
  5
477
330
17
100
AcDbEntity
  8
hatch
100
AcDbLine
 10
21.204415587728427
 20
3.799999999999999
 30
0.0
 11
21.354415587728425
 21
3.9499999999999993
 31
0.0
  0
LINE
  5
478
330
17
100
AcDbEntity
  8
hatch
100
AcDbLine
 10
21.062994231491114
 20
3.799999999999997
 30
0.0
 11
21.212994231491116
 21
3.9499999999999993
 31
0.0
  0
LINE
  5
479
330
17
100
AcDbEntity
  8
hatch
100
AcDbLine
 10
20.92157287525381
 20
3.799999999999999
 30
0.0
 11
21.071572875253807
 21
3.9499999999999993
 31
0.0
  0
LINE
  5
47A
330
17
100
AcDbEntity
  8
hatch
100
AcDbLine
 10
20.7801515190165
 20
3.799999999999999
 30
0.0
 11
20.930151519016498
 21
3.950000000000001
 31
0.0
  0
LINE
  5
47B
330
17
100
AcDbEntity
  8
hatch
100
AcDbLine
 10
20.638730162779183
 20
3.799999999999999
 30
0.0
 11
20.788730162779185
 21
3.9499999999999993
 31
0.0
  0
LINE
  5
47C
330
17
100
AcDbEntity
  8
hatch
100
AcDbLine
 10
20.49730880654188
 20
3.8000000000000007
 30
0.0
 11
20.64730880654188
 21
3.9499999999999993
 31
0.0
  0
LINE
  5
47D
330
17
100
AcDbEntity
  8
hatch
100
AcDbLine
 10
20.355887450304568
 20
3.799999999999999
 30
0.0
 11
20.50588745030457
 21
3.950000000000001
 31
0.0
  0
LINE
  5
47E
330
17
100
AcDbEntity
  8
hatch
100
AcDbLine
 10
20.214466094067262
 20
3.8000000000000007
 30
0.0
 11
20.36446609406726
 21
3.9499999999999993
 31
0.0
  0
LINE
  5
47F
330
17
100
AcDbEntity
  8
hatch
100
AcDbLine
 10
20.2
 20
3.926955262170047
 30
0.0
 11
20.22304473782995
 21
3.9499999999999993
 31
0.0
  0
LWPOLYLINE
  5
480
330
17
100
AcDbEntity
  8
muro-corte
100
AcDbPolyline
 90
4
 70
1
 10
20.2
 20
3.8
 10
23.75
 20
3.8
 10
23.75
 20
3.95
 10
20.2
 20
3.95
  0
LWPOLYLINE
  5
481
330
17
100
AcDbEntity
  8
tabique-fill
100
AcDbPolyline
 90
4
 70
1
 10
0.25
 20
5.65
 10
16.65
 20
5.65
 10
16.65
 20
5.8
 10
0.25
 20
5.8
  0
LINE
  5
482
330
17
100
AcDbEntity
  8
hatch
100
AcDbLine
 10
16.50857864376269
 20
5.65
 30
0.0
 11
16.65
 21
5.791421356237311
 31
0.0
  0
LINE
  5
483
330
17
100
AcDbEntity
  8
hatch
100
AcDbLine
 10
16.36715728752538
 20
5.650000000000002
 30
0.0
 11
16.51715728752538
 21
5.799999999999999
 31
0.0
  0
LINE
  5
484
330
17
100
AcDbEntity
  8
hatch
100
AcDbLine
 10
16.22573593128807
 20
5.65
 30
0.0
 11
16.37573593128807
 21
5.799999999999999
 31
0.0
  0
LINE
  5
485
330
17
100
AcDbEntity
  8
hatch
100
AcDbLine
 10
16.084314575050758
 20
5.6499999999999995
 30
0.0
 11
16.23431457505076
 21
5.8
 31
0.0
  0
LINE
  5
486
330
17
100
AcDbEntity
  8
hatch
100
AcDbLine
 10
15.94289321881345
 20
5.650000000000001
 30
0.0
 11
16.092893218813447
 21
5.799999999999998
 31
0.0
  0
LINE
  5
487
330
17
100
AcDbEntity
  8
hatch
100
AcDbLine
 10
15.801471862576143
 20
5.650000000000001
 30
0.0
 11
15.951471862576142
 21
5.8
 31
0.0
  0
LINE
  5
488
330
17
100
AcDbEntity
  8
hatch
100
AcDbLine
 10
15.660050506338832
 20
5.650000000000001
 30
0.0
 11
15.81005050633883
 21
5.8
 31
0.0
  0
LINE
  5
489
330
17
100
AcDbEntity
  8
hatch
100
AcDbLine
 10
15.518629150101523
 20
5.650000000000001
 30
0.0
 11
15.668629150101522
 21
5.8
 31
0.0
  0
LINE
  5
48A
330
17
100
AcDbEntity
  8
hatch
100
AcDbLine
 10
15.377207793864212
 20
5.65
 30
0.0
 11
15.527207793864212
 21
5.800000000000001
 31
0.0
  0
LINE
  5
48B
330
17
100
AcDbEntity
  8
hatch
100
AcDbLine
 10
15.235786437626905
 20
5.650000000000002
 30
0.0
 11
15.385786437626901
 21
5.799999999999999
 31
0.0
  0
LINE
  5
48C
330
17
100
AcDbEntity
  8
hatch
100
AcDbLine
 10
15.094365081389594
 20
5.6499999999999995
 30
0.0
 11
15.244365081389594
 21
5.8
 31
0.0
  0
LINE
  5
48D
330
17
100
AcDbEntity
  8
hatch
100
AcDbLine
 10
14.952943725152284
 20
5.650000000000002
 30
0.0
 11
15.102943725152283
 21
5.799999999999999
 31
0.0
  0
LINE
  5
48E
330
17
100
AcDbEntity
  8
hatch
100
AcDbLine
 10
14.811522368914975
 20
5.65
 30
0.0
 11
14.961522368914974
 21
5.799999999999999
 31
0.0
  0
LINE
  5
48F
330
17
100
AcDbEntity
  8
hatch
100
AcDbLine
 10
14.670101012677666
 20
5.65
 30
0.0
 11
14.820101012677664
 21
5.799999999999999
 31
0.0
  0
LINE
  5
490
330
17
100
AcDbEntity
  8
hatch
100
AcDbLine
 10
14.528679656440357
 20
5.65
 30
0.0
 11
14.678679656440355
 21
5.799999999999999
 31
0.0
  0
LINE
  5
491
330
17
100
AcDbEntity
  8
hatch
100
AcDbLine
 10
14.387258300203047
 20
5.65
 30
0.0
 11
14.537258300203046
 21
5.799999999999999
 31
0.0
  0
LINE
  5
492
330
17
100
AcDbEntity
  8
hatch
100
AcDbLine
 10
14.245836943965736
 20
5.650000000000003
 30
0.0
 11
14.395836943965735
 21
5.8
 31
0.0
  0
LINE
  5
493
330
17
100
AcDbEntity
  8
hatch
100
AcDbLine
 10
14.104415587728429
 20
5.650000000000001
 30
0.0
 11
14.254415587728428
 21
5.8
 31
0.0
  0
LINE
  5
494
330
17
100
AcDbEntity
  8
hatch
100
AcDbLine
 10
13.962994231491116
 20
5.6499999999999995
 30
0.0
 11
14.112994231491117
 21
5.8
 31
0.0
  0
LINE
  5
495
330
17
100
AcDbEntity
  8
hatch
100
AcDbLine
 10
13.821572875253809
 20
5.650000000000001
 30
0.0
 11
13.971572875253806
 21
5.799999999999998
 31
0.0
  0
LINE
  5
496
330
17
100
AcDbEntity
  8
hatch
100
AcDbLine
 10
13.680151519016498
 20
5.6499999999999995
 30
0.0
 11
13.830151519016498
 21
5.8
 31
0.0
  0
LINE
  5
497
330
17
100
AcDbEntity
  8
hatch
100
AcDbLine
 10
13.538730162779189
 20
5.65
 30
0.0
 11
13.688730162779187
 21
5.799999999999999
 31
0.0
  0
LINE
  5
498
330
17
100
AcDbEntity
  8
hatch
100
AcDbLine
 10
13.39730880654188
 20
5.650000000000002
 30
0.0
 11
13.547308806541878
 21
5.799999999999999
 31
0.0
  0
LINE
  5
499
330
17
100
AcDbEntity
  8
hatch
100
AcDbLine
 10
13.25588745030457
 20
5.65
 30
0.0
 11
13.405887450304569
 21
5.800000000000001
 31
0.0
  0
LINE
  5
49A
330
17
100
AcDbEntity
  8
hatch
100
AcDbLine
 10
13.114466094067263
 20
5.650000000000002
 30
0.0
 11
13.26446609406726
 21
5.799999999999999
 31
0.0
  0
LINE
  5
49B
330
17
100
AcDbEntity
  8
hatch
100
AcDbLine
 10
12.973044737829952
 20
5.65
 30
0.0
 11
13.123044737829952
 21
5.800000000000001
 31
0.0
  0
LINE
  5
49C
330
17
100
AcDbEntity
  8
hatch
100
AcDbLine
 10
12.831623381592639
 20
5.649999999999999
 30
0.0
 11
12.981623381592641
 21
5.799999999999999
 31
0.0
  0
LINE
  5
49D
330
17
100
AcDbEntity
  8
hatch
100
AcDbLine
 10
12.690202025355331
 20
5.650000000000001
 30
0.0
 11
12.840202025355328
 21
5.799999999999998
 31
0.0
  0
LINE
  5
49E
330
17
100
AcDbEntity
  8
hatch
100
AcDbLine
 10
12.54878066911802
 20
5.650000000000001
 30
0.0
 11
12.69878066911802
 21
5.8
 31
0.0
  0
LINE
  5
49F
330
17
100
AcDbEntity
  8
hatch
100
AcDbLine
 10
12.407359312880713
 20
5.650000000000001
 30
0.0
 11
12.55735931288071
 21
5.8
 31
0.0
  0
LINE
  5
4A0
330
17
100
AcDbEntity
  8
hatch
100
AcDbLine
 10
12.265937956643402
 20
5.65
 30
0.0
 11
12.4159379566434
 21
5.799999999999999
 31
0.0
  0
LINE
  5
4A1
330
17
100
AcDbEntity
  8
hatch
100
AcDbLine
 10
12.124516600406093
 20
5.6499999999999995
 30
0.0
 11
12.274516600406091
 21
5.8
 31
0.0
  0
LINE
  5
4A2
330
17
100
AcDbEntity
  8
hatch
100
AcDbLine
 10
11.983095244168785
 20
5.650000000000002
 30
0.0
 11
12.133095244168782
 21
5.799999999999999
 31
0.0
  0
LINE
  5
4A3
330
17
100
AcDbEntity
  8
hatch
100
AcDbLine
 10
11.841673887931474
 20
5.65
 30
0.0
 11
11.991673887931475
 21
5.800000000000001
 31
0.0
  0
LINE
  5
4A4
330
17
100
AcDbEntity
  8
hatch
100
AcDbLine
 10
11.700252531694167
 20
5.650000000000002
 30
0.0
 11
11.850252531694165
 21
5.800000000000001
 31
0.0
  0
LINE
  5
4A5
330
17
100
AcDbEntity
  8
hatch
100
AcDbLine
 10
11.558831175456856
 20
5.65
 30
0.0
 11
11.708831175456854
 21
5.799999999999999
 31
0.0
  0
LINE
  5
4A6
330
17
100
AcDbEntity
  8
hatch
100
AcDbLine
 10
11.417409819219547
 20
5.65
 30
0.0
 11
11.567409819219545
 21
5.799999999999999
 31
0.0
  0
LINE
  5
4A7
330
17
100
AcDbEntity
  8
hatch
100
AcDbLine
 10
11.275988462982237
 20
5.65
 30
0.0
 11
11.425988462982236
 21
5.799999999999999
 31
0.0
  0
LINE
  5
4A8
330
17
100
AcDbEntity
  8
hatch
100
AcDbLine
 10
11.134567106744928
 20
5.65
 30
0.0
 11
11.284567106744927
 21
5.799999999999999
 31
0.0
  0
LINE
  5
4A9
330
17
100
AcDbEntity
  8
hatch
100
AcDbLine
 10
10.993145750507619
 20
5.650000000000002
 30
0.0
 11
11.143145750507617
 21
5.800000000000001
 31
0.0
  0
LINE
  5
4AA
330
17
100
AcDbEntity
  8
hatch
100
AcDbLine
 10
10.851724394270308
 20
5.650000000000001
 30
0.0
 11
11.001724394270306
 21
5.8
 31
0.0
  0
LINE
  5
4AB
330
17
100
AcDbEntity
  8
hatch
100
AcDbLine
 10
10.710303038032997
 20
5.6499999999999995
 30
0.0
 11
10.860303038032997
 21
5.8
 31
0.0
  0
LINE
  5
4AC
330
17
100
AcDbEntity
  8
hatch
100
AcDbLine
 10
10.568881681795691
 20
5.65
 30
0.0
 11
10.71888168179569
 21
5.799999999999999
 31
0.0
  0
LINE
  5
4AD
330
17
100
AcDbEntity
  8
hatch
100
AcDbLine
 10
10.427460325558378
 20
5.65
 30
0.0
 11
10.577460325558379
 21
5.800000000000001
 31
0.0
  0
LINE
  5
4AE
330
17
100
AcDbEntity
  8
hatch
100
AcDbLine
 10
10.28603896932107
 20
5.65
 30
0.0
 11
10.436038969321068
 21
5.799999999999998
 31
0.0
  0
LINE
  5
4AF
330
17
100
AcDbEntity
  8
hatch
100
AcDbLine
 10
10.14461761308376
 20
5.650000000000001
 30
0.0
 11
10.294617613083759
 21
5.799999999999999
 31
0.0
  0
LINE
  5
4B0
330
17
100
AcDbEntity
  8
hatch
100
AcDbLine
 10
10.00319625684645
 20
5.65
 30
0.0
 11
10.15319625684645
 21
5.799999999999999
 31
0.0
  0
LINE
  5
4B1
330
17
100
AcDbEntity
  8
hatch
100
AcDbLine
 10
9.86177490060914
 20
5.65
 30
0.0
 11
10.011774900609138
 21
5.799999999999999
 31
0.0
  0
LINE
  5
4B2
330
17
100
AcDbEntity
  8
hatch
100
AcDbLine
 10
9.72035354437183
 20
5.65
 30
0.0
 11
9.87035354437183
 21
5.8
 31
0.0
  0
LINE
  5
4B3
330
17
100
AcDbEntity
  8
hatch
100
AcDbLine
 10
9.578932188134523
 20
5.65
 30
0.0
 11
9.72893218813452
 21
5.799999999999999
 31
0.0
  0
LINE
  5
4B4
330
17
100
AcDbEntity
  8
hatch
100
AcDbLine
 10
9.437510831897214
 20
5.65
 30
0.0
 11
9.587510831897212
 21
5.799999999999999
 31
0.0
  0
LINE
  5
4B5
330
17
100
AcDbEntity
  8
hatch
100
AcDbLine
 10
9.296089475659903
 20
5.65
 30
0.0
 11
9.446089475659903
 21
5.799999999999999
 31
0.0
  0
LINE
  5
4B6
330
17
100
AcDbEntity
  8
hatch
100
AcDbLine
 10
9.154668119422594
 20
5.65
 30
0.0
 11
9.30466811942259
 21
5.799999999999999
 31
0.0
  0
LINE
  5
4B7
330
17
100
AcDbEntity
  8
hatch
100
AcDbLine
 10
9.013246763185284
 20
5.65
 30
0.0
 11
9.163246763185283
 21
5.800000000000001
 31
0.0
  0
LINE
  5
4B8
330
17
100
AcDbEntity
  8
hatch
100
AcDbLine
 10
8.871825406947975
 20
5.650000000000001
 30
0.0
 11
9.021825406947974
 21
5.799999999999999
 31
0.0
  0
LINE
  5
4B9
330
17
100
AcDbEntity
  8
hatch
100
AcDbLine
 10
8.730404050710666
 20
5.650000000000002
 30
0.0
 11
8.880404050710665
 21
5.799999999999999
 31
0.0
  0
LINE
  5
4BA
330
17
100
AcDbEntity
  8
hatch
100
AcDbLine
 10
8.588982694473355
 20
5.6499999999999995
 30
0.0
 11
8.738982694473355
 21
5.8
 31
0.0
  0
LINE
  5
4BB
330
17
100
AcDbEntity
  8
hatch
100
AcDbLine
 10
8.447561338236046
 20
5.65
 30
0.0
 11
8.597561338236044
 21
5.799999999999999
 31
0.0
  0
LINE
  5
4BC
330
17
100
AcDbEntity
  8
hatch
100
AcDbLine
 10
8.306139981998736
 20
5.650000000000001
 30
0.0
 11
8.456139981998735
 21
5.800000000000001
 31
0.0
  0
LINE
  5
4BD
330
17
100
AcDbEntity
  8
hatch
100
AcDbLine
 10
8.164718625761427
 20
5.650000000000001
 30
0.0
 11
8.314718625761428
 21
5.800000000000001
 31
0.0
  0
LINE
  5
4BE
330
17
100
AcDbEntity
  8
hatch
100
AcDbLine
 10
8.023297269524118
 20
5.650000000000001
 30
0.0
 11
8.173297269524117
 21
5.8
 31
0.0
  0
LINE
  5
4BF
330
17
100
AcDbEntity
  8
hatch
100
AcDbLine
 10
7.881875913286808
 20
5.65
 30
0.0
 11
8.031875913286807
 21
5.8
 31
0.0
  0
LINE
  5
4C0
330
17
100
AcDbEntity
  8
hatch
100
AcDbLine
 10
7.740454557049498
 20
5.650000000000001
 30
0.0
 11
7.890454557049496
 21
5.8
 31
0.0
  0
LINE
  5
4C1
330
17
100
AcDbEntity
  8
hatch
100
AcDbLine
 10
7.599033200812189
 20
5.650000000000001
 30
0.0
 11
7.749033200812188
 21
5.800000000000001
 31
0.0
  0
LINE
  5
4C2
330
17
100
AcDbEntity
  8
hatch
100
AcDbLine
 10
7.457611844574879
 20
5.65
 30
0.0
 11
7.607611844574879
 21
5.800000000000001
 31
0.0
  0
LINE
  5
4C3
330
17
100
AcDbEntity
  8
hatch
100
AcDbLine
 10
7.31619048833757
 20
5.650000000000001
 30
0.0
 11
7.466190488337569
 21
5.8
 31
0.0
  0
LINE
  5
4C4
330
17
100
AcDbEntity
  8
hatch
100
AcDbLine
 10
7.17476913210026
 20
5.65
 30
0.0
 11
7.3247691321002595
 21
5.8
 31
0.0
  0
LINE
  5
4C5
330
17
100
AcDbEntity
  8
hatch
100
AcDbLine
 10
7.03334777586295
 20
5.65
 30
0.0
 11
7.1833477758629485
 21
5.799999999999999
 31
0.0
  0
LINE
  5
4C6
330
17
100
AcDbEntity
  8
hatch
100
AcDbLine
 10
6.891926419625641
 20
5.65
 30
0.0
 11
7.041926419625641
 21
5.8
 31
0.0
  0
LINE
  5
4C7
330
17
100
AcDbEntity
  8
hatch
100
AcDbLine
 10
6.750505063388332
 20
5.65
 30
0.0
 11
6.900505063388333
 21
5.800000000000001
 31
0.0
  0
LINE
  5
4C8
330
17
100
AcDbEntity
  8
hatch
100
AcDbLine
 10
6.609083707151022
 20
5.650000000000001
 30
0.0
 11
6.759083707151021
 21
5.8
 31
0.0
  0
LINE
  5
4C9
330
17
100
AcDbEntity
  8
hatch
100
AcDbLine
 10
6.467662350913712
 20
5.65
 30
0.0
 11
6.617662350913712
 21
5.8
 31
0.0
  0
LINE
  5
4CA
330
17
100
AcDbEntity
  8
hatch
100
AcDbLine
 10
6.326240994676402
 20
5.6499999999999995
 30
0.0
 11
6.4762409946764015
 21
5.799999999999999
 31
0.0
  0
LINE
  5
4CB
330
17
100
AcDbEntity
  8
hatch
100
AcDbLine
 10
6.184819638439094
 20
5.65
 30
0.0
 11
6.334819638439094
 21
5.800000000000001
 31
0.0
  0
LINE
  5
4CC
330
17
100
AcDbEntity
  8
hatch
100
AcDbLine
 10
6.0433982822017835
 20
5.6499999999999995
 30
0.0
 11
6.193398282201785
 21
5.800000000000001
 31
0.0
  0
LINE
  5
4CD
330
17
100
AcDbEntity
  8
hatch
100
AcDbLine
 10
5.901976925964473
 20
5.65
 30
0.0
 11
6.051976925964474
 21
5.8
 31
0.0
  0
LINE
  5
4CE
330
17
100
AcDbEntity
  8
hatch
100
AcDbLine
 10
5.760555569727164
 20
5.65
 30
0.0
 11
5.910555569727165
 21
5.800000000000001
 31
0.0
  0
LINE
  5
4CF
330
17
100
AcDbEntity
  8
hatch
100
AcDbLine
 10
5.619134213489855
 20
5.65
 30
0.0
 11
5.769134213489854
 21
5.799999999999999
 31
0.0
  0
LINE
  5
4D0
330
17
100
AcDbEntity
  8
hatch
100
AcDbLine
 10
5.477712857252547
 20
5.650000000000001
 30
0.0
 11
5.627712857252546
 21
5.800000000000001
 31
0.0
  0
LINE
  5
4D1
330
17
100
AcDbEntity
  8
hatch
100
AcDbLine
 10
5.3362915010152365
 20
5.65
 30
0.0
 11
5.486291501015236
 21
5.8
 31
0.0
  0
LINE
  5
4D2
330
17
100
AcDbEntity
  8
hatch
100
AcDbLine
 10
5.194870144777927
 20
5.65
 30
0.0
 11
5.344870144777927
 21
5.8
 31
0.0
  0
LINE
  5
4D3
330
17
100
AcDbEntity
  8
hatch
100
AcDbLine
 10
5.053448788540616
 20
5.65
 30
0.0
 11
5.203448788540617
 21
5.800000000000001
 31
0.0
  0
LINE
  5
4D4
330
17
100
AcDbEntity
  8
hatch
100
AcDbLine
 10
4.912027432303307
 20
5.65
 30
0.0
 11
5.0620274323033065
 21
5.8
 31
0.0
  0
LINE
  5
4D5
330
17
100
AcDbEntity
  8
hatch
100
AcDbLine
 10
4.770606076065999
 20
5.650000000000001
 30
0.0
 11
4.920606076065998
 21
5.800000000000001
 31
0.0
  0
LINE
  5
4D6
330
17
100
AcDbEntity
  8
hatch
100
AcDbLine
 10
4.629184719828689
 20
5.65
 30
0.0
 11
4.779184719828688
 21
5.8
 31
0.0
  0
LINE
  5
4D7
330
17
100
AcDbEntity
  8
hatch
100
AcDbLine
 10
4.48776336359138
 20
5.65
 30
0.0
 11
4.637763363591381
 21
5.800000000000001
 31
0.0
  0
LINE
  5
4D8
330
17
100
AcDbEntity
  8
hatch
100
AcDbLine
 10
4.346342007354068
 20
5.65
 30
0.0
 11
4.496342007354069
 21
5.800000000000001
 31
0.0
  0
LINE
  5
4D9
330
17
100
AcDbEntity
  8
hatch
100
AcDbLine
 10
4.204920651116759
 20
5.65
 30
0.0
 11
4.354920651116759
 21
5.8
 31
0.0
  0
LINE
  5
4DA
330
17
100
AcDbEntity
  8
hatch
100
AcDbLine
 10
4.063499294879451
 20
5.65
 30
0.0
 11
4.213499294879451
 21
5.800000000000001
 31
0.0
  0
LINE
  5
4DB
330
17
100
AcDbEntity
  8
hatch
100
AcDbLine
 10
3.922077938642141
 20
5.65
 30
0.0
 11
4.072077938642141
 21
5.799999999999999
 31
0.0
  0
LINE
  5
4DC
330
17
100
AcDbEntity
  8
hatch
100
AcDbLine
 10
3.7806565824048333
 20
5.65
 30
0.0
 11
3.9306565824048336
 21
5.800000000000001
 31
0.0
  0
LINE
  5
4DD
330
17
100
AcDbEntity
  8
hatch
100
AcDbLine
 10
3.639235226167521
 20
5.65
 30
0.0
 11
3.7892352261675213
 21
5.800000000000001
 31
0.0
  0
LINE
  5
4DE
330
17
100
AcDbEntity
  8
hatch
100
AcDbLine
 10
3.4978138699302117
 20
5.65
 30
0.0
 11
3.647813869930211
 21
5.799999999999999
 31
0.0
  0
LINE
  5
4DF
330
17
100
AcDbEntity
  8
hatch
100
AcDbLine
 10
3.356392513692903
 20
5.65
 30
0.0
 11
3.5063925136929033
 21
5.800000000000001
 31
0.0
  0
LINE
  5
4E0
330
17
100
AcDbEntity
  8
hatch
100
AcDbLine
 10
3.2149711574555937
 20
5.6499999999999995
 30
0.0
 11
3.364971157455593
 21
5.799999999999999
 31
0.0
  0
LINE
  5
4E1
330
17
100
AcDbEntity
  8
hatch
100
AcDbLine
 10
3.0735498012182823
 20
5.65
 30
0.0
 11
3.2235498012182817
 21
5.799999999999999
 31
0.0
  0
LINE
  5
4E2
330
17
100
AcDbEntity
  8
hatch
100
AcDbLine
 10
2.9321284449809735
 20
5.65
 30
0.0
 11
3.082128444980974
 21
5.800000000000001
 31
0.0
  0
LINE
  5
4E3
330
17
100
AcDbEntity
  8
hatch
100
AcDbLine
 10
2.7907070887436642
 20
5.65
 30
0.0
 11
2.9407070887436637
 21
5.799999999999999
 31
0.0
  0
LINE
  5
4E4
330
17
100
AcDbEntity
  8
hatch
100
AcDbLine
 10
2.649285732506356
 20
5.65
 30
0.0
 11
2.7992857325063563
 21
5.800000000000001
 31
0.0
  0
LINE
  5
4E5
330
17
100
AcDbEntity
  8
hatch
100
AcDbLine
 10
2.507864376269046
 20
5.6499999999999995
 30
0.0
 11
2.6578643762690453
 21
5.8
 31
0.0
  0
LINE
  5
4E6
330
17
100
AcDbEntity
  8
hatch
100
AcDbLine
 10
2.366443020031735
 20
5.65
 30
0.0
 11
2.5164430200317343
 21
5.799999999999999
 31
0.0
  0
LINE
  5
4E7
330
17
100
AcDbEntity
  8
hatch
100
AcDbLine
 10
2.2250216637944256
 20
5.6499999999999995
 30
0.0
 11
2.375021663794427
 21
5.800000000000001
 31
0.0
  0
LINE
  5
4E8
330
17
100
AcDbEntity
  8
hatch
100
AcDbLine
 10
2.0836003075571163
 20
5.65
 30
0.0
 11
2.233600307557116
 21
5.8
 31
0.0
  0
LINE
  5
4E9
330
17
100
AcDbEntity
  8
hatch
100
AcDbLine
 10
1.9421789513198073
 20
5.65
 30
0.0
 11
2.0921789513198084
 21
5.800000000000001
 31
0.0
  0
LINE
  5
4EA
330
17
100
AcDbEntity
  8
hatch
100
AcDbLine
 10
1.8007575950824988
 20
5.65
 30
0.0
 11
1.9507575950824982
 21
5.8
 31
0.0
  0
LINE
  5
4EB
330
17
100
AcDbEntity
  8
hatch
100
AcDbLine
 10
1.6593362388451869
 20
5.65
 30
0.0
 11
1.8093362388451864
 21
5.8
 31
0.0
  0
LINE
  5
4EC
330
17
100
AcDbEntity
  8
hatch
100
AcDbLine
 10
1.5179148826078777
 20
5.65
 30
0.0
 11
1.667914882607879
 21
5.800000000000001
 31
0.0
  0
LINE
  5
4ED
330
17
100
AcDbEntity
  8
hatch
100
AcDbLine
 10
1.3764935263705689
 20
5.65
 30
0.0
 11
1.5264935263705688
 21
5.8
 31
0.0
  0
LINE
  5
4EE
330
17
100
AcDbEntity
  8
hatch
100
AcDbLine
 10
1.23507217013326
 20
5.65
 30
0.0
 11
1.385072170133261
 21
5.800000000000001
 31
0.0
  0
LINE
  5
4EF
330
17
100
AcDbEntity
  8
hatch
100
AcDbLine
 10
1.0936508138959509
 20
5.65
 30
0.0
 11
1.2436508138959503
 21
5.8
 31
0.0
  0
LINE
  5
4F0
330
17
100
AcDbEntity
  8
hatch
100
AcDbLine
 10
0.9522294576586394
 20
5.65
 30
0.0
 11
1.1022294576586393
 21
5.8
 31
0.0
  0
LINE
  5
4F1
330
17
100
AcDbEntity
  8
hatch
100
AcDbLine
 10
0.8108081014213306
 20
5.65
 30
0.0
 11
0.9608081014213314
 21
5.800000000000001
 31
0.0
  0
LINE
  5
4F2
330
17
100
AcDbEntity
  8
hatch
100
AcDbLine
 10
0.6693867451840214
 20
5.65
 30
0.0
 11
0.8193867451840209
 21
5.8
 31
0.0
  0
LINE
  5
4F3
330
17
100
AcDbEntity
  8
hatch
100
AcDbLine
 10
0.5279653889467126
 20
5.65
 30
0.0
 11
0.6779653889467134
 21
5.800000000000001
 31
0.0
  0
LINE
  5
4F4
330
17
100
AcDbEntity
  8
hatch
100
AcDbLine
 10
0.3865440327094034
 20
5.65
 30
0.0
 11
0.5365440327094033
 21
5.8
 31
0.0
  0
LINE
  5
4F5
330
17
100
AcDbEntity
  8
hatch
100
AcDbLine
 10
0.25
 20
5.654877323527908
 30
0.0
 11
0.3951226764720914
 21
5.8
 31
0.0
  0
LINE
  5
4F6
330
17
100
AcDbEntity
  8
hatch
100
AcDbLine
 10
0.24999999999999956
 20
5.796298679765217
 30
0.0
 11
0.25370132023478353
 21
5.800000000000001
 31
0.0
  0
LWPOLYLINE
  5
4F7
330
17
100
AcDbEntity
  8
muro-corte
100
AcDbPolyline
 90
4
 70
1
 10
0.25
 20
5.65
 10
16.65
 20
5.65
 10
16.65
 20
5.8
 10
0.25
 20
5.8
  0
LWPOLYLINE
  5
4F8
330
17
100
AcDbEntity
  8
tabique-fill
100
AcDbPolyline
 90
4
 70
1
 10
20.2
 20
5.65
 10
23.75
 20
5.65
 10
23.75
 20
5.8
 10
20.2
 20
5.8
  0
LINE
  5
4F9
330
17
100
AcDbEntity
  8
hatch
100
AcDbLine
 10
23.60857864376269
 20
5.650000000000002
 30
0.0
 11
23.75
 21
5.791421356237313
 31
0.0
  0
LINE
  5
4FA
330
17
100
AcDbEntity
  8
hatch
100
AcDbLine
 10
23.46715728752538
 20
5.65
 30
0.0
 11
23.61715728752538
 21
5.799999999999999
 31
0.0
  0
LINE
  5
4FB
330
17
100
AcDbEntity
  8
hatch
100
AcDbLine
 10
23.32573593128807
 20
5.650000000000002
 30
0.0
 11
23.475735931288064
 21
5.799999999999999
 31
0.0
  0
LINE
  5
4FC
330
17
100
AcDbEntity
  8
hatch
100
AcDbLine
 10
23.184314575050756
 20
5.65
 30
0.0
 11
23.334314575050758
 21
5.800000000000001
 31
0.0
  0
LINE
  5
4FD
330
17
100
AcDbEntity
  8
hatch
100
AcDbLine
 10
23.04289321881345
 20
5.650000000000002
 30
0.0
 11
23.192893218813445
 21
5.799999999999999
 31
0.0
  0
LINE
  5
4FE
330
17
100
AcDbEntity
  8
hatch
100
AcDbLine
 10
22.90147186257614
 20
5.65
 30
0.0
 11
23.051471862576136
 21
5.799999999999999
 31
0.0
  0
LINE
  5
4FF
330
17
100
AcDbEntity
  8
hatch
100
AcDbLine
 10
22.760050506338832
 20
5.650000000000002
 30
0.0
 11
22.91005050633883
 21
5.799999999999999
 31
0.0
  0
LINE
  5
500
330
17
100
AcDbEntity
  8
hatch
100
AcDbLine
 10
22.618629150101523
 20
5.650000000000002
 30
0.0
 11
22.768629150101518
 21
5.800000000000001
 31
0.0
  0
LINE
  5
501
330
17
100
AcDbEntity
  8
hatch
100
AcDbLine
 10
22.47720779386421
 20
5.65
 30
0.0
 11
22.627207793864212
 21
5.799999999999999
 31
0.0
  0
LINE
  5
502
330
17
100
AcDbEntity
  8
hatch
100
AcDbLine
 10
22.335786437626904
 20
5.650000000000002
 30
0.0
 11
22.4857864376269
 21
5.799999999999999
 31
0.0
  0
LINE
  5
503
330
17
100
AcDbEntity
  8
hatch
100
AcDbLine
 10
22.19436508138959
 20
5.65
 30
0.0
 11
22.34436508138959
 21
5.799999999999997
 31
0.0
  0
LINE
  5
504
330
17
100
AcDbEntity
  8
hatch
100
AcDbLine
 10
22.052943725152286
 20
5.650000000000002
 30
0.0
 11
22.20294372515228
 21
5.799999999999999
 31
0.0
  0
LINE
  5
505
330
17
100
AcDbEntity
  8
hatch
100
AcDbLine
 10
21.911522368914973
 20
5.650000000000002
 30
0.0
 11
22.06152236891497
 21
5.799999999999999
 31
0.0
  0
LINE
  5
506
330
17
100
AcDbEntity
  8
hatch
100
AcDbLine
 10
21.770101012677664
 20
5.65
 30
0.0
 11
21.920101012677662
 21
5.799999999999999
 31
0.0
  0
LINE
  5
507
330
17
100
AcDbEntity
  8
hatch
100
AcDbLine
 10
21.628679656440355
 20
5.650000000000002
 30
0.0
 11
21.778679656440353
 21
5.799999999999999
 31
0.0
  0
LINE
  5
508
330
17
100
AcDbEntity
  8
hatch
100
AcDbLine
 10
21.487258300203045
 20
5.650000000000002
 30
0.0
 11
21.637258300203044
 21
5.800000000000001
 31
0.0
  0
LINE
  5
509
330
17
100
AcDbEntity
  8
hatch
100
AcDbLine
 10
21.34583694396574
 20
5.650000000000001
 30
0.0
 11
21.495836943965735
 21
5.8
 31
0.0
  0
LINE
  5
50A
330
17
100
AcDbEntity
  8
hatch
100
AcDbLine
 10
21.204415587728427
 20
5.650000000000003
 30
0.0
 11
21.354415587728425
 21
5.8
 31
0.0
  0
LINE
  5
50B
330
17
100
AcDbEntity
  8
hatch
100
AcDbLine
 10
21.062994231491118
 20
5.650000000000001
 30
0.0
 11
21.212994231491113
 21
5.799999999999998
 31
0.0
  0
LINE
  5
50C
330
17
100
AcDbEntity
  8
hatch
100
AcDbLine
 10
20.92157287525381
 20
5.650000000000002
 30
0.0
 11
21.071572875253807
 21
5.799999999999999
 31
0.0
  0
LINE
  5
50D
330
17
100
AcDbEntity
  8
hatch
100
AcDbLine
 10
20.7801515190165
 20
5.65
 30
0.0
 11
20.930151519016498
 21
5.799999999999997
 31
0.0
  0
LINE
  5
50E
330
17
100
AcDbEntity
  8
hatch
100
AcDbLine
 10
20.63873016277919
 20
5.650000000000002
 30
0.0
 11
20.78873016277919
 21
5.799999999999999
 31
0.0
  0
LINE
  5
50F
330
17
100
AcDbEntity
  8
hatch
100
AcDbLine
 10
20.497308806541877
 20
5.650000000000002
 30
0.0
 11
20.647308806541876
 21
5.800000000000001
 31
0.0
  0
LINE
  5
510
330
17
100
AcDbEntity
  8
hatch
100
AcDbLine
 10
20.355887450304568
 20
5.650000000000001
 30
0.0
 11
20.505887450304566
 21
5.8
 31
0.0
  0
LINE
  5
511
330
17
100
AcDbEntity
  8
hatch
100
AcDbLine
 10
20.214466094067262
 20
5.650000000000001
 30
0.0
 11
20.364466094067257
 21
5.8
 31
0.0
  0
LINE
  5
512
330
17
100
AcDbEntity
  8
hatch
100
AcDbLine
 10
20.2
 20
5.776955262170049
 30
0.0
 11
20.223044737829948
 21
5.799999999999998
 31
0.0
  0
LWPOLYLINE
  5
513
330
17
100
AcDbEntity
  8
muro-corte
100
AcDbPolyline
 90
4
 70
1
 10
20.2
 20
5.65
 10
23.75
 20
5.65
 10
23.75
 20
5.8
 10
20.2
 20
5.8
  0
LWPOLYLINE
  5
514
330
17
100
AcDbEntity
  8
tabique-fill
100
AcDbPolyline
 90
4
 70
1
 10
16.65
 20
3.8
 10
20.05
 20
3.8
 10
20.05
 20
3.95
 10
16.65
 20
3.95
  0
LINE
  5
515
330
17
100
AcDbEntity
  8
hatch
100
AcDbLine
 10
19.90857864376269
 20
3.8000000000000007
 30
0.0
 11
20.05
 21
3.94142135623731
 31
0.0
  0
LINE
  5
516
330
17
100
AcDbEntity
  8
hatch
100
AcDbLine
 10
19.76715728752538
 20
3.799999999999999
 30
0.0
 11
19.91715728752538
 21
3.9499999999999993
 31
0.0
  0
LINE
  5
517
330
17
100
AcDbEntity
  8
hatch
100
AcDbLine
 10
19.62573593128807
 20
3.8000000000000007
 30
0.0
 11
19.775735931288068
 21
3.9499999999999993
 31
0.0
  0
LINE
  5
518
330
17
100
AcDbEntity
  8
hatch
100
AcDbLine
 10
19.48431457505076
 20
3.799999999999998
 30
0.0
 11
19.634314575050762
 21
3.95
 31
0.0
  0
LINE
  5
519
330
17
100
AcDbEntity
  8
hatch
100
AcDbLine
 10
19.34289321881345
 20
3.8
 30
0.0
 11
19.49289321881345
 21
3.9499999999999984
 31
0.0
  0
LINE
  5
51A
330
17
100
AcDbEntity
  8
hatch
100
AcDbLine
 10
19.201471862576145
 20
3.8000000000000016
 30
0.0
 11
19.351471862576144
 21
3.95
 31
0.0
  0
LINE
  5
51B
330
17
100
AcDbEntity
  8
hatch
100
AcDbLine
 10
19.060050506338833
 20
3.8
 30
0.0
 11
19.210050506338835
 21
3.95
 31
0.0
  0
LINE
  5
51C
330
17
100
AcDbEntity
  8
hatch
100
AcDbLine
 10
18.918629150101523
 20
3.799999999999999
 30
0.0
 11
19.068629150101522
 21
3.9499999999999993
 31
0.0
  0
LINE
  5
51D
330
17
100
AcDbEntity
  8
hatch
100
AcDbLine
 10
18.777207793864214
 20
3.799999999999999
 30
0.0
 11
18.927207793864213
 21
3.950000000000001
 31
0.0
  0
LINE
  5
51E
330
17
100
AcDbEntity
  8
hatch
100
AcDbLine
 10
18.635786437626905
 20
3.799999999999999
 30
0.0
 11
18.785786437626903
 21
3.9499999999999993
 31
0.0
  0
LINE
  5
51F
330
17
100
AcDbEntity
  8
hatch
100
AcDbLine
 10
18.494365081389596
 20
3.8000000000000007
 30
0.0
 11
18.644365081389598
 21
3.950000000000001
 31
0.0
  0
LINE
  5
520
330
17
100
AcDbEntity
  8
hatch
100
AcDbLine
 10
18.352943725152283
 20
3.8
 30
0.0
 11
18.502943725152285
 21
3.95
 31
0.0
  0
LINE
  5
521
330
17
100
AcDbEntity
  8
hatch
100
AcDbLine
 10
18.211522368914977
 20
3.8
 30
0.0
 11
18.361522368914976
 21
3.95
 31
0.0
  0
LINE
  5
522
330
17
100
AcDbEntity
  8
hatch
100
AcDbLine
 10
18.070101012677668
 20
3.8
 30
0.0
 11
18.220101012677667
 21
3.95
 31
0.0
  0
LINE
  5
523
330
17
100
AcDbEntity
  8
hatch
100
AcDbLine
 10
17.92867965644036
 20
3.8
 30
0.0
 11
18.078679656440357
 21
3.95
 31
0.0
  0
LINE
  5
524
330
17
100
AcDbEntity
  8
hatch
100
AcDbLine
 10
17.78725830020305
 20
3.8
 30
0.0
 11
17.937258300203048
 21
3.95
 31
0.0
  0
LINE
  5
525
330
17
100
AcDbEntity
  8
hatch
100
AcDbLine
 10
17.645836943965737
 20
3.799999999999999
 30
0.0
 11
17.795836943965735
 21
3.9499999999999993
 31
0.0
  0
LINE
  5
526
330
17
100
AcDbEntity
  8
hatch
100
AcDbLine
 10
17.504415587728428
 20
3.8000000000000007
 30
0.0
 11
17.654415587728426
 21
3.9499999999999993
 31
0.0
  0
LINE
  5
527
330
17
100
AcDbEntity
  8
hatch
100
AcDbLine
 10
17.36299423149112
 20
3.8000000000000007
 30
0.0
 11
17.512994231491117
 21
3.9499999999999993
 31
0.0
  0
LINE
  5
528
330
17
100
AcDbEntity
  8
hatch
100
AcDbLine
 10
17.22157287525381
 20
3.8000000000000007
 30
0.0
 11
17.371572875253808
 21
3.9499999999999993
 31
0.0
  0
LINE
  5
529
330
17
100
AcDbEntity
  8
hatch
100
AcDbLine
 10
17.0801515190165
 20
3.8000000000000007
 30
0.0
 11
17.2301515190165
 21
3.9499999999999993
 31
0.0
  0
LINE
  5
52A
330
17
100
AcDbEntity
  8
hatch
100
AcDbLine
 10
16.938730162779187
 20
3.8
 30
0.0
 11
17.08873016277919
 21
3.95
 31
0.0
  0
LINE
  5
52B
330
17
100
AcDbEntity
  8
hatch
100
AcDbLine
 10
16.797308806541878
 20
3.8
 30
0.0
 11
16.94730880654188
 21
3.95
 31
0.0
  0
LINE
  5
52C
330
17
100
AcDbEntity
  8
hatch
100
AcDbLine
 10
16.65588745030457
 20
3.8
 30
0.0
 11
16.80588745030457
 21
3.95
 31
0.0
  0
LINE
  5
52D
330
17
100
AcDbEntity
  8
hatch
100
AcDbLine
 10
16.65
 20
3.935533905932737
 30
0.0
 11
16.66446609406726
 21
3.95
 31
0.0
  0
LWPOLYLINE
  5
52E
330
17
100
AcDbEntity
  8
muro-corte
100
AcDbPolyline
 90
4
 70
1
 10
16.65
 20
3.8
 10
20.05
 20
3.8
 10
20.05
 20
3.95
 10
16.65
 20
3.95
  0
LWPOLYLINE
  5
52F
330
17
100
AcDbEntity
  8
tabique-fill
100
AcDbPolyline
 90
4
 70
1
 10
16.65
 20
5.65
 10
20.05
 20
5.65
 10
20.05
 20
5.8
 10
16.65
 20
5.8
  0
LINE
  5
530
330
17
100
AcDbEntity
  8
hatch
100
AcDbLine
 10
19.908578643762688
 20
5.65
 30
0.0
 11
20.050000000000004
 21
5.791421356237311
 31
0.0
  0
LINE
  5
531
330
17
100
AcDbEntity
  8
hatch
100
AcDbLine
 10
19.767157287525382
 20
5.650000000000002
 30
0.0
 11
19.917157287525377
 21
5.799999999999999
 31
0.0
  0
LINE
  5
532
330
17
100
AcDbEntity
  8
hatch
100
AcDbLine
 10
19.62573593128807
 20
5.650000000000002
 30
0.0
 11
19.775735931288068
 21
5.800000000000001
 31
0.0
  0
LINE
  5
533
330
17
100
AcDbEntity
  8
hatch
100
AcDbLine
 10
19.48431457505076
 20
5.650000000000001
 30
0.0
 11
19.63431457505076
 21
5.799999999999998
 31
0.0
  0
LINE
  5
534
330
17
100
AcDbEntity
  8
hatch
100
AcDbLine
 10
19.342893218813455
 20
5.650000000000001
 30
0.0
 11
19.49289321881345
 21
5.8
 31
0.0
  0
LINE
  5
535
330
17
100
AcDbEntity
  8
hatch
100
AcDbLine
 10
19.201471862576142
 20
5.650000000000001
 30
0.0
 11
19.35147186257614
 21
5.799999999999998
 31
0.0
  0
LINE
  5
536
330
17
100
AcDbEntity
  8
hatch
100
AcDbLine
 10
19.060050506338836
 20
5.650000000000003
 30
0.0
 11
19.21005050633883
 21
5.8
 31
0.0
  0
LINE
  5
537
330
17
100
AcDbEntity
  8
hatch
100
AcDbLine
 10
18.918629150101523
 20
5.650000000000002
 30
0.0
 11
19.068629150101522
 21
5.799999999999999
 31
0.0
  0
LINE
  5
538
330
17
100
AcDbEntity
  8
hatch
100
AcDbLine
 10
18.777207793864214
 20
5.65
 30
0.0
 11
18.927207793864213
 21
5.799999999999999
 31
0.0
  0
LINE
  5
539
330
17
100
AcDbEntity
  8
hatch
100
AcDbLine
 10
18.635786437626905
 20
5.650000000000002
 30
0.0
 11
18.785786437626903
 21
5.799999999999999
 31
0.0
  0
LINE
  5
53A
330
17
100
AcDbEntity
  8
hatch
100
AcDbLine
 10
18.494365081389596
 20
5.65
 30
0.0
 11
18.644365081389594
 21
5.799999999999999
 31
0.0
  0
LINE
  5
53B
330
17
100
AcDbEntity
  8
hatch
100
AcDbLine
 10
18.352943725152286
 20
5.650000000000002
 30
0.0
 11
18.502943725152285
 21
5.799999999999999
 31
0.0
  0
LINE
  5
53C
330
17
100
AcDbEntity
  8
hatch
100
AcDbLine
 10
18.211522368914977
 20
5.650000000000003
 30
0.0
 11
18.361522368914976
 21
5.8
 31
0.0
  0
LINE
  5
53D
330
17
100
AcDbEntity
  8
hatch
100
AcDbLine
 10
18.070101012677668
 20
5.650000000000001
 30
0.0
 11
18.220101012677663
 21
5.799999999999998
 31
0.0
  0
LINE
  5
53E
330
17
100
AcDbEntity
  8
hatch
100
AcDbLine
 10
17.92867965644036
 20
5.650000000000003
 30
0.0
 11
18.078679656440357
 21
5.8
 31
0.0
  0
LINE
  5
53F
330
17
100
AcDbEntity
  8
hatch
100
AcDbLine
 10
17.78725830020305
 20
5.650000000000001
 30
0.0
 11
17.937258300203045
 21
5.799999999999998
 31
0.0
  0
LINE
  5
540
330
17
100
AcDbEntity
  8
hatch
100
AcDbLine
 10
17.64583694396574
 20
5.650000000000003
 30
0.0
 11
17.79583694396574
 21
5.8
 31
0.0
  0
LINE
  5
541
330
17
100
AcDbEntity
  8
hatch
100
AcDbLine
 10
17.504415587728428
 20
5.650000000000002
 30
0.0
 11
17.654415587728426
 21
5.799999999999999
 31
0.0
  0
LINE
  5
542
330
17
100
AcDbEntity
  8
hatch
100
AcDbLine
 10
17.36299423149112
 20
5.650000000000002
 30
0.0
 11
17.512994231491117
 21
5.799999999999999
 31
0.0
  0
LINE
  5
543
330
17
100
AcDbEntity
  8
hatch
100
AcDbLine
 10
17.22157287525381
 20
5.650000000000002
 30
0.0
 11
17.371572875253808
 21
5.800000000000001
 31
0.0
  0
LINE
  5
544
330
17
100
AcDbEntity
  8
hatch
100
AcDbLine
 10
17.0801515190165
 20
5.650000000000002
 30
0.0
 11
17.2301515190165
 21
5.799999999999999
 31
0.0
  0
LINE
  5
545
330
17
100
AcDbEntity
  8
hatch
100
AcDbLine
 10
16.93873016277919
 20
5.650000000000002
 30
0.0
 11
17.088730162779186
 21
5.799999999999997
 31
0.0
  0
LINE
  5
546
330
17
100
AcDbEntity
  8
hatch
100
AcDbLine
 10
16.797308806541878
 20
5.650000000000001
 30
0.0
 11
16.947308806541876
 21
5.8
 31
0.0
  0
LINE
  5
547
330
17
100
AcDbEntity
  8
hatch
100
AcDbLine
 10
16.65588745030457
 20
5.650000000000001
 30
0.0
 11
16.805887450304567
 21
5.799999999999998
 31
0.0
  0
LINE
  5
548
330
17
100
AcDbEntity
  8
hatch
100
AcDbLine
 10
16.65
 20
5.785533905932739
 30
0.0
 11
16.664466094067258
 21
5.8
 31
0.0
  0
LWPOLYLINE
  5
549
330
17
100
AcDbEntity
  8
muro-corte
100
AcDbPolyline
 90
4
 70
1
 10
16.65
 20
5.65
 10
20.05
 20
5.65
 10
20.05
 20
5.8
 10
16.65
 20
5.8
  0
LWPOLYLINE
  5
54A
330
17
100
AcDbEntity
  8
fondo
100
AcDbPolyline
 90
4
 70
1
 10
1.1
 20
9.35
 10
2.6
 20
9.35
 10
2.6
 20
9.6
 10
1.1
 20
9.6
  0
LINE
  5
54B
330
17
100
AcDbEntity
  8
hatch
100
AcDbLine
 10
2.4585786437626904
 20
9.35
 30
0.0
 11
2.5999999999999996
 21
9.491421356237309
 31
0.0
  0
LINE
  5
54C
330
17
100
AcDbEntity
  8
hatch
100
AcDbLine
 10
2.3171572875253816
 20
9.350000000000001
 30
0.0
 11
2.5671572875253807
 21
9.6
 31
0.0
  0
LINE
  5
54D
330
17
100
AcDbEntity
  8
hatch
100
AcDbLine
 10
2.1757359312880706
 20
9.349999999999998
 30
0.0
 11
2.4257359312880706
 21
9.599999999999998
 31
0.0
  0
LINE
  5
54E
330
17
100
AcDbEntity
  8
hatch
100
AcDbLine
 10
2.034314575050761
 20
9.35
 30
0.0
 11
2.284314575050761
 21
9.6
 31
0.0
  0
LINE
  5
54F
330
17
100
AcDbEntity
  8
hatch
100
AcDbLine
 10
1.892893218813453
 20
9.35
 30
0.0
 11
2.142893218813452
 21
9.6
 31
0.0
  0
LINE
  5
550
330
17
100
AcDbEntity
  8
hatch
100
AcDbLine
 10
1.751471862576142
 20
9.35
 30
0.0
 11
2.001471862576141
 21
9.599999999999998
 31
0.0
  0
LINE
  5
551
330
17
100
AcDbEntity
  8
hatch
100
AcDbLine
 10
1.6100505063388333
 20
9.35
 30
0.0
 11
1.8600505063388333
 21
9.6
 31
0.0
  0
LINE
  5
552
330
17
100
AcDbEntity
  8
hatch
100
AcDbLine
 10
1.468629150101524
 20
9.35
 30
0.0
 11
1.7186291501015232
 21
9.599999999999998
 31
0.0
  0
LINE
  5
553
330
17
100
AcDbEntity
  8
hatch
100
AcDbLine
 10
1.327207793864214
 20
9.35
 30
0.0
 11
1.577207793864213
 21
9.599999999999998
 31
0.0
  0
LINE
  5
554
330
17
100
AcDbEntity
  8
hatch
100
AcDbLine
 10
1.1857864376269056
 20
9.35
 30
0.0
 11
1.4357864376269047
 21
9.599999999999998
 31
0.0
  0
LINE
  5
555
330
17
100
AcDbEntity
  8
hatch
100
AcDbLine
 10
1.1000000000000005
 20
9.405634918610406
 30
0.0
 11
1.2943650813895946
 21
9.6
 31
0.0
  0
LINE
  5
556
330
17
100
AcDbEntity
  8
hatch
100
AcDbLine
 10
1.1000000000000005
 20
9.547056274847716
 30
0.0
 11
1.1529437251522854
 21
9.6
 31
0.0
  0
LINE
  5
557
330
17
100
AcDbEntity
  8
carpinteria
100
AcDbLine
 10
1.1
 20
9.35
 30
0.0
 11
2.6
 21
9.35
 31
0.0
  0
LINE
  5
558
330
17
100
AcDbEntity
  8
carpinteria
100
AcDbLine
 10
1.1
 20
9.6
 30
0.0
 11
2.6
 21
9.6
 31
0.0
  0
LINE
  5
559
330
17
100
AcDbEntity
  8
vidrio
100
AcDbLine
 10
1.1
 20
9.475
 30
0.0
 11
2.6
 21
9.475
 31
0.0
  0
LINE
  5
55A
330
17
100
AcDbEntity
  8
carpinteria
100
AcDbLine
 10
1.1
 20
9.35
 30
0.0
 11
1.1
 21
9.6
 31
0.0
  0
LINE
  5
55B
330
17
100
AcDbEntity
  8
carpinteria
100
AcDbLine
 10
2.6
 20
9.35
 30
0.0
 11
2.6
 21
9.6
 31
0.0
  0
LWPOLYLINE
  5
55C
330
17
100
AcDbEntity
  8
fondo
100
AcDbPolyline
 90
4
 70
1
 10
1.1
 20
0.0
 10
2.6
 20
0.0
 10
2.6
 20
0.25
 10
1.1
 20
0.25
  0
LINE
  5
55D
330
17
100
AcDbEntity
  8
hatch
100
AcDbLine
 10
2.4585786437626904
 20
2.220446049250313e-16
 30
0.0
 11
2.5999999999999996
 21
0.14142135623730945
 31
0.0
  0
LINE
  5
55E
330
17
100
AcDbEntity
  8
hatch
100
AcDbLine
 10
2.317157287525381
 20
0.0
 30
0.0
 11
2.567157287525381
 21
0.24999999999999978
 31
0.0
  0
LINE
  5
55F
330
17
100
AcDbEntity
  8
hatch
100
AcDbLine
 10
2.1757359312880715
 20
0.0
 30
0.0
 11
2.4257359312880715
 21
0.25
 31
0.0
  0
LINE
  5
560
330
17
100
AcDbEntity
  8
hatch
100
AcDbLine
 10
2.034314575050762
 20
0.0
 30
0.0
 11
2.284314575050762
 21
0.24999999999999978
 31
0.0
  0
LINE
  5
561
330
17
100
AcDbEntity
  8
hatch
100
AcDbLine
 10
1.8928932188134526
 20
2.220446049250313e-16
 30
0.0
 11
2.1428932188134526
 21
0.2500000000000001
 31
0.0
  0
LINE
  5
562
330
17
100
AcDbEntity
  8
hatch
100
AcDbLine
 10
1.751471862576143
 20
0.0
 30
0.0
 11
2.0014718625761425
 21
0.25
 31
0.0
  0
LINE
  5
563
330
17
100
AcDbEntity
  8
hatch
100
AcDbLine
 10
1.6100505063388333
 20
0.0
 30
0.0
 11
1.8600505063388333
 21
0.25
 31
0.0
  0
LINE
  5
564
330
17
100
AcDbEntity
  8
hatch
100
AcDbLine
 10
1.468629150101524
 20
1.1102230246251565e-16
 30
0.0
 11
1.7186291501015236
 21
0.2499999999999999
 31
0.0
  0
LINE
  5
565
330
17
100
AcDbEntity
  8
hatch
100
AcDbLine
 10
1.3272077938642144
 20
0.0
 30
0.0
 11
1.5772077938642144
 21
0.2499999999999999
 31
0.0
  0
LINE
  5
566
330
17
100
AcDbEntity
  8
hatch
100
AcDbLine
 10
1.185786437626905
 20
0.0
 30
0.0
 11
1.4357864376269047
 21
0.2499999999999999
 31
0.0
  0
LINE
  5
567
330
17
100
AcDbEntity
  8
hatch
100
AcDbLine
 10
1.1
 20
0.055634918610404815
 30
0.0
 11
1.294365081389595
 21
0.2499999999999999
 31
0.0
  0
LINE
  5
568
330
17
100
AcDbEntity
  8
hatch
100
AcDbLine
 10
1.1
 20
0.19705627484771449
 30
0.0
 11
1.1529437251522856
 21
0.2499999999999999
 31
0.0
  0
LINE
  5
569
330
17
100
AcDbEntity
  8
carpinteria
100
AcDbLine
 10
1.1
 20
0.0
 30
0.0
 11
2.6
 21
0.0
 31
0.0
  0
LINE
  5
56A
330
17
100
AcDbEntity
  8
carpinteria
100
AcDbLine
 10
1.1
 20
0.25
 30
0.0
 11
2.6
 21
0.25
 31
0.0
  0
LINE
  5
56B
330
17
100
AcDbEntity
  8
vidrio
100
AcDbLine
 10
1.1
 20
0.125
 30
0.0
 11
2.6
 21
0.125
 31
0.0
  0
LINE
  5
56C
330
17
100
AcDbEntity
  8
carpinteria
100
AcDbLine
 10
1.1
 20
0.0
 30
0.0
 11
1.1
 21
0.25
 31
0.0
  0
LINE
  5
56D
330
17
100
AcDbEntity
  8
carpinteria
100
AcDbLine
 10
2.6
 20
0.0
 30
0.0
 11
2.6
 21
0.25
 31
0.0
  0
LWPOLYLINE
  5
56E
330
17
100
AcDbEntity
  8
fondo
100
AcDbPolyline
 90
4
 70
1
 10
4.45
 20
9.35
 10
5.95
 20
9.35
 10
5.95
 20
9.6
 10
4.45
 20
9.6
  0
LINE
  5
56F
330
17
100
AcDbEntity
  8
hatch
100
AcDbLine
 10
5.808578643762691
 20
9.35
 30
0.0
 11
5.95
 21
9.491421356237309
 31
0.0
  0
LINE
  5
570
330
17
100
AcDbEntity
  8
hatch
100
AcDbLine
 10
5.667157287525381
 20
9.35
 30
0.0
 11
5.917157287525381
 21
9.6
 31
0.0
  0
LINE
  5
571
330
17
100
AcDbEntity
  8
hatch
100
AcDbLine
 10
5.525735931288072
 20
9.35
 30
0.0
 11
5.775735931288072
 21
9.599999999999998
 31
0.0
  0
LINE
  5
572
330
17
100
AcDbEntity
  8
hatch
100
AcDbLine
 10
5.3843145750507615
 20
9.35
 30
0.0
 11
5.6343145750507615
 21
9.599999999999998
 31
0.0
  0
LINE
  5
573
330
17
100
AcDbEntity
  8
hatch
100
AcDbLine
 10
5.242893218813452
 20
9.35
 30
0.0
 11
5.492893218813452
 21
9.599999999999998
 31
0.0
  0
LINE
  5
574
330
17
100
AcDbEntity
  8
hatch
100
AcDbLine
 10
5.101471862576143
 20
9.35
 30
0.0
 11
5.351471862576143
 21
9.6
 31
0.0
  0
LINE
  5
575
330
17
100
AcDbEntity
  8
hatch
100
AcDbLine
 10
4.960050506338835
 20
9.35
 30
0.0
 11
5.210050506338833
 21
9.6
 31
0.0
  0
LINE
  5
576
330
17
100
AcDbEntity
  8
hatch
100
AcDbLine
 10
4.818629150101524
 20
9.35
 30
0.0
 11
5.068629150101524
 21
9.599999999999998
 31
0.0
  0
LINE
  5
577
330
17
100
AcDbEntity
  8
hatch
100
AcDbLine
 10
4.6772077938642145
 20
9.35
 30
0.0
 11
4.9272077938642145
 21
9.6
 31
0.0
  0
LINE
  5
578
330
17
100
AcDbEntity
  8
hatch
100
AcDbLine
 10
4.535786437626905
 20
9.35
 30
0.0
 11
4.785786437626905
 21
9.6
 31
0.0
  0
LINE
  5
579
330
17
100
AcDbEntity
  8
hatch
100
AcDbLine
 10
4.45
 20
9.405634918610405
 30
0.0
 11
4.644365081389595
 21
9.6
 31
0.0
  0
LINE
  5
57A
330
17
100
AcDbEntity
  8
hatch
100
AcDbLine
 10
4.45
 20
9.547056274847714
 30
0.0
 11
4.502943725152286
 21
9.6
 31
0.0
  0
LINE
  5
57B
330
17
100
AcDbEntity
  8
carpinteria
100
AcDbLine
 10
4.45
 20
9.35
 30
0.0
 11
5.95
 21
9.35
 31
0.0
  0
LINE
  5
57C
330
17
100
AcDbEntity
  8
carpinteria
100
AcDbLine
 10
4.45
 20
9.6
 30
0.0
 11
5.95
 21
9.6
 31
0.0
  0
LINE
  5
57D
330
17
100
AcDbEntity
  8
vidrio
100
AcDbLine
 10
4.45
 20
9.475
 30
0.0
 11
5.95
 21
9.475
 31
0.0
  0
LINE
  5
57E
330
17
100
AcDbEntity
  8
carpinteria
100
AcDbLine
 10
4.45
 20
9.35
 30
0.0
 11
4.45
 21
9.6
 31
0.0
  0
LINE
  5
57F
330
17
100
AcDbEntity
  8
carpinteria
100
AcDbLine
 10
5.95
 20
9.35
 30
0.0
 11
5.95
 21
9.6
 31
0.0
  0
LWPOLYLINE
  5
580
330
17
100
AcDbEntity
  8
fondo
100
AcDbPolyline
 90
4
 70
1
 10
4.45
 20
0.0
 10
5.95
 20
0.0
 10
5.95
 20
0.25
 10
4.45
 20
0.25
  0
LINE
  5
581
330
17
100
AcDbEntity
  8
hatch
100
AcDbLine
 10
5.808578643762691
 20
0.0
 30
0.0
 11
5.95
 21
0.14142135623730923
 31
0.0
  0
LINE
  5
582
330
17
100
AcDbEntity
  8
hatch
100
AcDbLine
 10
5.667157287525381
 20
0.0
 30
0.0
 11
5.917157287525381
 21
0.24999999999999956
 31
0.0
  0
LINE
  5
583
330
17
100
AcDbEntity
  8
hatch
100
AcDbLine
 10
5.525735931288072
 20
4.440892098500626e-16
 30
0.0
 11
5.775735931288072
 21
0.24999999999999956
 31
0.0
  0
LINE
  5
584
330
17
100
AcDbEntity
  8
hatch
100
AcDbLine
 10
5.384314575050762
 20
0.0
 30
0.0
 11
5.634314575050762
 21
0.25
 31
0.0
  0
LINE
  5
585
330
17
100
AcDbEntity
  8
hatch
100
AcDbLine
 10
5.242893218813453
 20
4.440892098500626e-16
 30
0.0
 11
5.492893218813451
 21
0.24999999999999956
 31
0.0
  0
LINE
  5
586
330
17
100
AcDbEntity
  8
hatch
100
AcDbLine
 10
5.101471862576142
 20
-4.440892098500626e-16
 30
0.0
 11
5.351471862576142
 21
0.24999999999999956
 31
0.0
  0
LINE
  5
587
330
17
100
AcDbEntity
  8
hatch
100
AcDbLine
 10
4.960050506338833
 20
0.0
 30
0.0
 11
5.210050506338833
 21
0.25
 31
0.0
  0
LINE
  5
588
330
17
100
AcDbEntity
  8
hatch
100
AcDbLine
 10
4.818629150101524
 20
0.0
 30
0.0
 11
5.068629150101524
 21
0.25
 31
0.0
  0
LINE
  5
589
330
17
100
AcDbEntity
  8
hatch
100
AcDbLine
 10
4.6772077938642145
 20
0.0
 30
0.0
 11
4.9272077938642145
 21
0.25
 31
0.0
  0
LINE
  5
58A
330
17
100
AcDbEntity
  8
hatch
100
AcDbLine
 10
4.535786437626905
 20
-4.440892098500626e-16
 30
0.0
 11
4.785786437626905
 21
0.25
 31
0.0
  0
LINE
  5
58B
330
17
100
AcDbEntity
  8
hatch
100
AcDbLine
 10
4.45
 20
0.05563491861040504
 30
0.0
 11
4.644365081389595
 21
0.25
 31
0.0
  0
LINE
  5
58C
330
17
100
AcDbEntity
  8
hatch
100
AcDbLine
 10
4.45
 20
0.1970562748477147
 30
0.0
 11
4.502943725152286
 21
0.25
 31
0.0
  0
LINE
  5
58D
330
17
100
AcDbEntity
  8
carpinteria
100
AcDbLine
 10
4.45
 20
0.0
 30
0.0
 11
5.95
 21
0.0
 31
0.0
  0
LINE
  5
58E
330
17
100
AcDbEntity
  8
carpinteria
100
AcDbLine
 10
4.45
 20
0.25
 30
0.0
 11
5.95
 21
0.25
 31
0.0
  0
LINE
  5
58F
330
17
100
AcDbEntity
  8
vidrio
100
AcDbLine
 10
4.45
 20
0.125
 30
0.0
 11
5.95
 21
0.125
 31
0.0
  0
LINE
  5
590
330
17
100
AcDbEntity
  8
carpinteria
100
AcDbLine
 10
4.45
 20
0.0
 30
0.0
 11
4.45
 21
0.25
 31
0.0
  0
LINE
  5
591
330
17
100
AcDbEntity
  8
carpinteria
100
AcDbLine
 10
5.95
 20
0.0
 30
0.0
 11
5.95
 21
0.25
 31
0.0
  0
LWPOLYLINE
  5
592
330
17
100
AcDbEntity
  8
fondo
100
AcDbPolyline
 90
4
 70
1
 10
7.8
 20
9.35
 10
9.3
 20
9.35
 10
9.3
 20
9.6
 10
7.8
 20
9.6
  0
LINE
  5
593
330
17
100
AcDbEntity
  8
hatch
100
AcDbLine
 10
9.158578643762691
 20
9.35
 30
0.0
 11
9.3
 21
9.491421356237309
 31
0.0
  0
LINE
  5
594
330
17
100
AcDbEntity
  8
hatch
100
AcDbLine
 10
9.017157287525382
 20
9.35
 30
0.0
 11
9.267157287525382
 21
9.6
 31
0.0
  0
LINE
  5
595
330
17
100
AcDbEntity
  8
hatch
100
AcDbLine
 10
8.875735931288071
 20
9.35
 30
0.0
 11
9.125735931288071
 21
9.599999999999998
 31
0.0
  0
LINE
  5
596
330
17
100
AcDbEntity
  8
hatch
100
AcDbLine
 10
8.734314575050764
 20
9.35
 30
0.0
 11
8.984314575050762
 21
9.599999999999998
 31
0.0
  0
LINE
  5
597
330
17
100
AcDbEntity
  8
hatch
100
AcDbLine
 10
8.592893218813455
 20
9.35
 30
0.0
 11
8.842893218813453
 21
9.6
 31
0.0
  0
LINE
  5
598
330
17
100
AcDbEntity
  8
hatch
100
AcDbLine
 10
8.451471862576144
 20
9.349999999999998
 30
0.0
 11
8.701471862576144
 21
9.6
 31
0.0
  0
LINE
  5
599
330
17
100
AcDbEntity
  8
hatch
100
AcDbLine
 10
8.310050506338834
 20
9.349999999999998
 30
0.0
 11
8.560050506338834
 21
9.6
 31
0.0
  0
LINE
  5
59A
330
17
100
AcDbEntity
  8
hatch
100
AcDbLine
 10
8.168629150101525
 20
9.349999999999998
 30
0.0
 11
8.418629150101527
 21
9.6
 31
0.0
  0
LINE
  5
59B
330
17
100
AcDbEntity
  8
hatch
100
AcDbLine
 10
8.027207793864216
 20
9.349999999999998
 30
0.0
 11
8.277207793864218
 21
9.600000000000001
 31
0.0
  0
LINE
  5
59C
330
17
100
AcDbEntity
  8
hatch
100
AcDbLine
 10
7.885786437626906
 20
9.35
 30
0.0
 11
8.135786437626905
 21
9.6
 31
0.0
  0
LINE
  5
59D
330
17
100
AcDbEntity
  8
hatch
100
AcDbLine
 10
7.8
 20
9.405634918610403
 30
0.0
 11
7.994365081389597
 21
9.6
 31
0.0
  0
LINE
  5
59E
330
17
100
AcDbEntity
  8
hatch
100
AcDbLine
 10
7.800000000000001
 20
9.547056274847714
 30
0.0
 11
7.8529437251522864
 21
9.6
 31
0.0
  0
LINE
  5
59F
330
17
100
AcDbEntity
  8
carpinteria
100
AcDbLine
 10
7.8
 20
9.35
 30
0.0
 11
9.3
 21
9.35
 31
0.0
  0
LINE
  5
5A0
330
17
100
AcDbEntity
  8
carpinteria
100
AcDbLine
 10
7.8
 20
9.6
 30
0.0
 11
9.3
 21
9.6
 31
0.0
  0
LINE
  5
5A1
330
17
100
AcDbEntity
  8
vidrio
100
AcDbLine
 10
7.8
 20
9.475
 30
0.0
 11
9.3
 21
9.475
 31
0.0
  0
LINE
  5
5A2
330
17
100
AcDbEntity
  8
carpinteria
100
AcDbLine
 10
7.8
 20
9.35
 30
0.0
 11
7.8
 21
9.6
 31
0.0
  0
LINE
  5
5A3
330
17
100
AcDbEntity
  8
carpinteria
100
AcDbLine
 10
9.3
 20
9.35
 30
0.0
 11
9.3
 21
9.6
 31
0.0
  0
LWPOLYLINE
  5
5A4
330
17
100
AcDbEntity
  8
fondo
100
AcDbPolyline
 90
4
 70
1
 10
7.8
 20
0.0
 10
9.3
 20
0.0
 10
9.3
 20
0.25
 10
7.8
 20
0.25
  0
LINE
  5
5A5
330
17
100
AcDbEntity
  8
hatch
100
AcDbLine
 10
9.158578643762691
 20
0.0
 30
0.0
 11
9.3
 21
0.14142135623730923
 31
0.0
  0
LINE
  5
5A6
330
17
100
AcDbEntity
  8
hatch
100
AcDbLine
 10
9.017157287525382
 20
0.0
 30
0.0
 11
9.267157287525382
 21
0.2499999999999991
 31
0.0
  0
LINE
  5
5A7
330
17
100
AcDbEntity
  8
hatch
100
AcDbLine
 10
8.875735931288073
 20
0.0
 30
0.0
 11
9.125735931288073
 21
0.2499999999999991
 31
0.0
  0
LINE
  5
5A8
330
17
100
AcDbEntity
  8
hatch
100
AcDbLine
 10
8.734314575050764
 20
0.0
 30
0.0
 11
8.984314575050762
 21
0.25
 31
0.0
  0
LINE
  5
5A9
330
17
100
AcDbEntity
  8
hatch
100
AcDbLine
 10
8.592893218813455
 20
0.0
 30
0.0
 11
8.842893218813455
 21
0.25
 31
0.0
  0
LINE
  5
5AA
330
17
100
AcDbEntity
  8
hatch
100
AcDbLine
 10
8.451471862576144
 20
0.0
 30
0.0
 11
8.701471862576142
 21
0.2499999999999991
 31
0.0
  0
LINE
  5
5AB
330
17
100
AcDbEntity
  8
hatch
100
AcDbLine
 10
8.310050506338834
 20
0.0
 30
0.0
 11
8.560050506338833
 21
0.2499999999999991
 31
0.0
  0
LINE
  5
5AC
330
17
100
AcDbEntity
  8
hatch
100
AcDbLine
 10
8.168629150101525
 20
0.0
 30
0.0
 11
8.418629150101523
 21
0.2499999999999991
 31
0.0
  0
LINE
  5
5AD
330
17
100
AcDbEntity
  8
hatch
100
AcDbLine
 10
8.027207793864214
 20
0.0
 30
0.0
 11
8.277207793864214
 21
0.25
 31
0.0
  0
LINE
  5
5AE
330
17
100
AcDbEntity
  8
hatch
100
AcDbLine
 10
7.885786437626907
 20
0.0
 30
0.0
 11
8.135786437626905
 21
0.24999999999999956
 31
0.0
  0
LINE
  5
5AF
330
17
100
AcDbEntity
  8
hatch
100
AcDbLine
 10
7.800000000000001
 20
0.05563491861040459
 30
0.0
 11
7.994365081389596
 21
0.2499999999999991
 31
0.0
  0
LINE
  5
5B0
330
17
100
AcDbEntity
  8
hatch
100
AcDbLine
 10
7.800000000000001
 20
0.19705627484771382
 30
0.0
 11
7.8529437251522864
 21
0.25
 31
0.0
  0
LINE
  5
5B1
330
17
100
AcDbEntity
  8
carpinteria
100
AcDbLine
 10
7.8
 20
0.0
 30
0.0
 11
9.3
 21
0.0
 31
0.0
  0
LINE
  5
5B2
330
17
100
AcDbEntity
  8
carpinteria
100
AcDbLine
 10
7.8
 20
0.25
 30
0.0
 11
9.3
 21
0.25
 31
0.0
  0
LINE
  5
5B3
330
17
100
AcDbEntity
  8
vidrio
100
AcDbLine
 10
7.8
 20
0.125
 30
0.0
 11
9.3
 21
0.125
 31
0.0
  0
LINE
  5
5B4
330
17
100
AcDbEntity
  8
carpinteria
100
AcDbLine
 10
7.8
 20
0.0
 30
0.0
 11
7.8
 21
0.25
 31
0.0
  0
LINE
  5
5B5
330
17
100
AcDbEntity
  8
carpinteria
100
AcDbLine
 10
9.3
 20
0.0
 30
0.0
 11
9.3
 21
0.25
 31
0.0
  0
LWPOLYLINE
  5
5B6
330
17
100
AcDbEntity
  8
fondo
100
AcDbPolyline
 90
4
 70
1
 10
11.15
 20
9.35
 10
12.65
 20
9.35
 10
12.65
 20
9.6
 10
11.15
 20
9.6
  0
LINE
  5
5B7
330
17
100
AcDbEntity
  8
hatch
100
AcDbLine
 10
12.50857864376269
 20
9.349999999999998
 30
0.0
 11
12.649999999999999
 21
9.491421356237307
 31
0.0
  0
LINE
  5
5B8
330
17
100
AcDbEntity
  8
hatch
100
AcDbLine
 10
12.36715728752538
 20
9.349999999999998
 30
0.0
 11
12.61715728752538
 21
9.599999999999998
 31
0.0
  0
LINE
  5
5B9
330
17
100
AcDbEntity
  8
hatch
100
AcDbLine
 10
12.225735931288071
 20
9.349999999999998
 30
0.0
 11
12.475735931288071
 21
9.599999999999998
 31
0.0
  0
LINE
  5
5BA
330
17
100
AcDbEntity
  8
hatch
100
AcDbLine
 10
12.084314575050762
 20
9.349999999999998
 30
0.0
 11
12.33431457505076
 21
9.599999999999998
 31
0.0
  0
LINE
  5
5BB
330
17
100
AcDbEntity
  8
hatch
100
AcDbLine
 10
11.942893218813452
 20
9.35
 30
0.0
 11
12.192893218813452
 21
9.6
 31
0.0
  0
LINE
  5
5BC
330
17
100
AcDbEntity
  8
hatch
100
AcDbLine
 10
11.801471862576143
 20
9.35
 30
0.0
 11
12.051471862576143
 21
9.6
 31
0.0
  0
LINE
  5
5BD
330
17
100
AcDbEntity
  8
hatch
100
AcDbLine
 10
11.660050506338834
 20
9.35
 30
0.0
 11
11.910050506338834
 21
9.6
 31
0.0
  0
LINE
  5
5BE
330
17
100
AcDbEntity
  8
hatch
100
AcDbLine
 10
11.518629150101525
 20
9.35
 30
0.0
 11
11.768629150101525
 21
9.6
 31
0.0
  0
LINE
  5
5BF
330
17
100
AcDbEntity
  8
hatch
100
AcDbLine
 10
11.377207793864216
 20
9.35
 30
0.0
 11
11.627207793864216
 21
9.6
 31
0.0
  0
LINE
  5
5C0
330
17
100
AcDbEntity
  8
hatch
100
AcDbLine
 10
11.235786437626905
 20
9.35
 30
0.0
 11
11.485786437626905
 21
9.599999999999998
 31
0.0
  0
LINE
  5
5C1
330
17
100
AcDbEntity
  8
hatch
100
AcDbLine
 10
11.15
 20
9.405634918610403
 30
0.0
 11
11.344365081389595
 21
9.599999999999998
 31
0.0
  0
LINE
  5
5C2
330
17
100
AcDbEntity
  8
hatch
100
AcDbLine
 10
11.15
 20
9.547056274847712
 30
0.0
 11
11.202943725152286
 21
9.599999999999998
 31
0.0
  0
LINE
  5
5C3
330
17
100
AcDbEntity
  8
carpinteria
100
AcDbLine
 10
11.15
 20
9.35
 30
0.0
 11
12.65
 21
9.35
 31
0.0
  0
LINE
  5
5C4
330
17
100
AcDbEntity
  8
carpinteria
100
AcDbLine
 10
11.15
 20
9.6
 30
0.0
 11
12.65
 21
9.6
 31
0.0
  0
LINE
  5
5C5
330
17
100
AcDbEntity
  8
vidrio
100
AcDbLine
 10
11.15
 20
9.475
 30
0.0
 11
12.65
 21
9.475
 31
0.0
  0
LINE
  5
5C6
330
17
100
AcDbEntity
  8
carpinteria
100
AcDbLine
 10
11.15
 20
9.35
 30
0.0
 11
11.15
 21
9.6
 31
0.0
  0
LINE
  5
5C7
330
17
100
AcDbEntity
  8
carpinteria
100
AcDbLine
 10
12.65
 20
9.35
 30
0.0
 11
12.65
 21
9.6
 31
0.0
  0
LWPOLYLINE
  5
5C8
330
17
100
AcDbEntity
  8
fondo
100
AcDbPolyline
 90
4
 70
1
 10
11.15
 20
0.0
 10
12.65
 20
0.0
 10
12.65
 20
0.25
 10
11.15
 20
0.25
  0
LINE
  5
5C9
330
17
100
AcDbEntity
  8
hatch
100
AcDbLine
 10
12.508578643762691
 20
-1.7763568394002505e-15
 30
0.0
 11
12.649999999999999
 21
0.14142135623730745
 31
0.0
  0
LINE
  5
5CA
330
17
100
AcDbEntity
  8
hatch
100
AcDbLine
 10
12.367157287525384
 20
-8.881784197001252e-16
 30
0.0
 11
12.617157287525382
 21
0.24999999999999822
 31
0.0
  0
LINE
  5
5CB
330
17
100
AcDbEntity
  8
hatch
100
AcDbLine
 10
12.225735931288071
 20
-8.881784197001252e-16
 30
0.0
 11
12.475735931288071
 21
0.2499999999999991
 31
0.0
  0
LINE
  5
5CC
330
17
100
AcDbEntity
  8
hatch
100
AcDbLine
 10
12.084314575050762
 20
-8.881784197001252e-16
 30
0.0
 11
12.334314575050762
 21
0.2499999999999991
 31
0.0
  0
LINE
  5
5CD
330
17
100
AcDbEntity
  8
hatch
100
AcDbLine
 10
11.942893218813452
 20
-8.881784197001252e-16
 30
0.0
 11
12.192893218813452
 21
0.24999999999999822
 31
0.0
  0
LINE
  5
5CE
330
17
100
AcDbEntity
  8
hatch
100
AcDbLine
 10
11.801471862576143
 20
-8.881784197001252e-16
 30
0.0
 11
12.051471862576143
 21
0.24999999999999822
 31
0.0
  0
LINE
  5
5CF
330
17
100
AcDbEntity
  8
hatch
100
AcDbLine
 10
11.660050506338834
 20
-8.881784197001252e-16
 30
0.0
 11
11.910050506338834
 21
0.24999999999999822
 31
0.0
  0
LINE
  5
5D0
330
17
100
AcDbEntity
  8
hatch
100
AcDbLine
 10
11.518629150101523
 20
-1.7763568394002505e-15
 30
0.0
 11
11.768629150101521
 21
0.24999999999999822
 31
0.0
  0
LINE
  5
5D1
330
17
100
AcDbEntity
  8
hatch
100
AcDbLine
 10
11.377207793864216
 20
-8.881784197001252e-16
 30
0.0
 11
11.627207793864214
 21
0.24999999999999822
 31
0.0
  0
LINE
  5
5D2
330
17
100
AcDbEntity
  8
hatch
100
AcDbLine
 10
11.235786437626906
 20
-8.881784197001252e-16
 30
0.0
 11
11.485786437626905
 21
0.24999999999999822
 31
0.0
  0
LINE
  5
5D3
330
17
100
AcDbEntity
  8
hatch
100
AcDbLine
 10
11.15
 20
0.05563491861040326
 30
0.0
 11
11.344365081389595
 21
0.24999999999999822
 31
0.0
  0
LINE
  5
5D4
330
17
100
AcDbEntity
  8
hatch
100
AcDbLine
 10
11.149999999999999
 20
0.19705627484771338
 30
0.0
 11
11.202943725152284
 21
0.2499999999999991
 31
0.0
  0
LINE
  5
5D5
330
17
100
AcDbEntity
  8
carpinteria
100
AcDbLine
 10
11.15
 20
0.0
 30
0.0
 11
12.65
 21
0.0
 31
0.0
  0
LINE
  5
5D6
330
17
100
AcDbEntity
  8
carpinteria
100
AcDbLine
 10
11.15
 20
0.25
 30
0.0
 11
12.65
 21
0.25
 31
0.0
  0
LINE
  5
5D7
330
17
100
AcDbEntity
  8
vidrio
100
AcDbLine
 10
11.15
 20
0.125
 30
0.0
 11
12.65
 21
0.125
 31
0.0
  0
LINE
  5
5D8
330
17
100
AcDbEntity
  8
carpinteria
100
AcDbLine
 10
11.15
 20
0.0
 30
0.0
 11
11.15
 21
0.25
 31
0.0
  0
LINE
  5
5D9
330
17
100
AcDbEntity
  8
carpinteria
100
AcDbLine
 10
12.65
 20
0.0
 30
0.0
 11
12.65
 21
0.25
 31
0.0
  0
LWPOLYLINE
  5
5DA
330
17
100
AcDbEntity
  8
fondo
100
AcDbPolyline
 90
4
 70
1
 10
14.4
 20
9.35
 10
14.9
 20
9.35
 10
14.9
 20
9.6
 10
14.4
 20
9.6
  0
LINE
  5
5DB
330
17
100
AcDbEntity
  8
hatch
100
AcDbLine
 10
14.75857864376269
 20
9.35
 30
0.0
 11
14.899999999999999
 21
9.491421356237309
 31
0.0
  0
LINE
  5
5DC
330
17
100
AcDbEntity
  8
hatch
100
AcDbLine
 10
14.617157287525382
 20
9.35
 30
0.0
 11
14.867157287525378
 21
9.599999999999998
 31
0.0
  0
LINE
  5
5DD
330
17
100
AcDbEntity
  8
hatch
100
AcDbLine
 10
14.475735931288071
 20
9.35
 30
0.0
 11
14.725735931288071
 21
9.6
 31
0.0
  0
LINE
  5
5DE
330
17
100
AcDbEntity
  8
hatch
100
AcDbLine
 10
14.400000000000002
 20
9.41568542494924
 30
0.0
 11
14.584314575050762
 21
9.6
 31
0.0
  0
LINE
  5
5DF
330
17
100
AcDbEntity
  8
hatch
100
AcDbLine
 10
14.4
 20
9.557106781186548
 30
0.0
 11
14.442893218813452
 21
9.6
 31
0.0
  0
LINE
  5
5E0
330
17
100
AcDbEntity
  8
carpinteria
100
AcDbLine
 10
14.4
 20
9.35
 30
0.0
 11
14.9
 21
9.35
 31
0.0
  0
LINE
  5
5E1
330
17
100
AcDbEntity
  8
carpinteria
100
AcDbLine
 10
14.4
 20
9.6
 30
0.0
 11
14.9
 21
9.6
 31
0.0
  0
LINE
  5
5E2
330
17
100
AcDbEntity
  8
vidrio
100
AcDbLine
 10
14.4
 20
9.475
 30
0.0
 11
14.9
 21
9.475
 31
0.0
  0
LINE
  5
5E3
330
17
100
AcDbEntity
  8
carpinteria
100
AcDbLine
 10
14.4
 20
9.35
 30
0.0
 11
14.4
 21
9.6
 31
0.0
  0
LINE
  5
5E4
330
17
100
AcDbEntity
  8
carpinteria
100
AcDbLine
 10
14.9
 20
9.35
 30
0.0
 11
14.9
 21
9.6
 31
0.0
  0
LWPOLYLINE
  5
5E5
330
17
100
AcDbEntity
  8
fondo
100
AcDbPolyline
 90
4
 70
1
 10
14.4
 20
0.0
 10
14.9
 20
0.0
 10
14.9
 20
0.25
 10
14.4
 20
0.25
  0
LINE
  5
5E6
330
17
100
AcDbEntity
  8
hatch
100
AcDbLine
 10
14.75857864376269
 20
0.0
 30
0.0
 11
14.899999999999999
 21
0.14142135623730834
 31
0.0
  0
LINE
  5
5E7
330
17
100
AcDbEntity
  8
hatch
100
AcDbLine
 10
14.61715728752538
 20
0.0
 30
0.0
 11
14.86715728752538
 21
0.2499999999999991
 31
0.0
  0
LINE
  5
5E8
330
17
100
AcDbEntity
  8
hatch
100
AcDbLine
 10
14.475735931288071
 20
0.0
 30
0.0
 11
14.72573593128807
 21
0.25
 31
0.0
  0
LINE
  5
5E9
330
17
100
AcDbEntity
  8
hatch
100
AcDbLine
 10
14.4
 20
0.06568542494924046
 30
0.0
 11
14.58431457505076
 21
0.25
 31
0.0
  0
LINE
  5
5EA
330
17
100
AcDbEntity
  8
hatch
100
AcDbLine
 10
14.4
 20
0.2071067811865479
 30
0.0
 11
14.44289321881345
 21
0.2499999999999991
 31
0.0
  0
LINE
  5
5EB
330
17
100
AcDbEntity
  8
carpinteria
100
AcDbLine
 10
14.4
 20
0.0
 30
0.0
 11
14.9
 21
0.0
 31
0.0
  0
LINE
  5
5EC
330
17
100
AcDbEntity
  8
carpinteria
100
AcDbLine
 10
14.4
 20
0.25
 30
0.0
 11
14.9
 21
0.25
 31
0.0
  0
LINE
  5
5ED
330
17
100
AcDbEntity
  8
vidrio
100
AcDbLine
 10
14.4
 20
0.125
 30
0.0
 11
14.9
 21
0.125
 31
0.0
  0
LINE
  5
5EE
330
17
100
AcDbEntity
  8
carpinteria
100
AcDbLine
 10
14.4
 20
0.0
 30
0.0
 11
14.4
 21
0.25
 31
0.0
  0
LINE
  5
5EF
330
17
100
AcDbEntity
  8
carpinteria
100
AcDbLine
 10
14.9
 20
0.0
 30
0.0
 11
14.9
 21
0.25
 31
0.0
  0
LWPOLYLINE
  5
5F0
330
17
100
AcDbEntity
  8
fondo
100
AcDbPolyline
 90
4
 70
1
 10
17.75
 20
9.35
 10
18.950000000000003
 20
9.35
 10
18.950000000000003
 20
9.6
 10
17.75
 20
9.6
  0
LINE
  5
5F1
330
17
100
AcDbEntity
  8
hatch
100
AcDbLine
 10
18.808578643762694
 20
9.350000000000001
 30
0.0
 11
18.950000000000003
 21
9.491421356237309
 31
0.0
  0
LINE
  5
5F2
330
17
100
AcDbEntity
  8
hatch
100
AcDbLine
 10
18.667157287525384
 20
9.350000000000001
 30
0.0
 11
18.91715728752538
 21
9.599999999999998
 31
0.0
  0
LINE
  5
5F3
330
17
100
AcDbEntity
  8
hatch
100
AcDbLine
 10
18.525735931288075
 20
9.350000000000001
 30
0.0
 11
18.775735931288075
 21
9.600000000000001
 31
0.0
  0
LINE
  5
5F4
330
17
100
AcDbEntity
  8
hatch
100
AcDbLine
 10
18.384314575050766
 20
9.350000000000001
 30
0.0
 11
18.634314575050762
 21
9.599999999999998
 31
0.0
  0
LINE
  5
5F5
330
17
100
AcDbEntity
  8
hatch
100
AcDbLine
 10
18.242893218813457
 20
9.350000000000001
 30
0.0
 11
18.492893218813457
 21
9.600000000000001
 31
0.0
  0
LINE
  5
5F6
330
17
100
AcDbEntity
  8
hatch
100
AcDbLine
 10
18.101471862576144
 20
9.35
 30
0.0
 11
18.351471862576144
 21
9.6
 31
0.0
  0
LINE
  5
5F7
330
17
100
AcDbEntity
  8
hatch
100
AcDbLine
 10
17.960050506338835
 20
9.350000000000001
 30
0.0
 11
18.210050506338835
 21
9.599999999999998
 31
0.0
  0
LINE
  5
5F8
330
17
100
AcDbEntity
  8
hatch
100
AcDbLine
 10
17.81862915010153
 20
9.35
 30
0.0
 11
18.068629150101525
 21
9.6
 31
0.0
  0
LINE
  5
5F9
330
17
100
AcDbEntity
  8
hatch
100
AcDbLine
 10
17.75
 20
9.422792206135783
 30
0.0
 11
17.927207793864216
 21
9.6
 31
0.0
  0
LINE
  5
5FA
330
17
100
AcDbEntity
  8
hatch
100
AcDbLine
 10
17.75
 20
9.564213562373093
 30
0.0
 11
17.785786437626907
 21
9.6
 31
0.0
  0
LINE
  5
5FB
330
17
100
AcDbEntity
  8
carpinteria
100
AcDbLine
 10
17.75
 20
9.35
 30
0.0
 11
18.950000000000003
 21
9.35
 31
0.0
  0
LINE
  5
5FC
330
17
100
AcDbEntity
  8
carpinteria
100
AcDbLine
 10
17.75
 20
9.6
 30
0.0
 11
18.950000000000003
 21
9.6
 31
0.0
  0
LINE
  5
5FD
330
17
100
AcDbEntity
  8
vidrio
100
AcDbLine
 10
17.75
 20
9.475
 30
0.0
 11
18.950000000000003
 21
9.475
 31
0.0
  0
LINE
  5
5FE
330
17
100
AcDbEntity
  8
carpinteria
100
AcDbLine
 10
17.75
 20
9.35
 30
0.0
 11
17.75
 21
9.6
 31
0.0
  0
LINE
  5
5FF
330
17
100
AcDbEntity
  8
carpinteria
100
AcDbLine
 10
18.950000000000003
 20
9.35
 30
0.0
 11
18.950000000000003
 21
9.6
 31
0.0
  0
LWPOLYLINE
  5
600
330
17
100
AcDbEntity
  8
fondo
100
AcDbPolyline
 90
4
 70
1
 10
23.75
 20
6.1
 10
24.0
 20
6.1
 10
24.0
 20
8.1
 10
23.75
 20
8.1
  0
LINE
  5
601
330
17
100
AcDbEntity
  8
hatch
100
AcDbLine
 10
23.85857864376269
 20
6.100000000000001
 30
0.0
 11
24.0
 21
6.241421356237311
 31
0.0
  0
LINE
  5
602
330
17
100
AcDbEntity
  8
hatch
100
AcDbLine
 10
23.749999999999996
 20
6.132842712474616
 30
0.0
 11
24.0
 21
6.382842712474618
 31
0.0
  0
LINE
  5
603
330
17
100
AcDbEntity
  8
hatch
100
AcDbLine
 10
23.75
 20
6.274264068711927
 30
0.0
 11
24.0
 21
6.524264068711931
 31
0.0
  0
LINE
  5
604
330
17
100
AcDbEntity
  8
hatch
100
AcDbLine
 10
23.75
 20
6.4156854249492365
 30
0.0
 11
24.0
 21
6.665685424949238
 31
0.0
  0
LINE
  5
605
330
17
100
AcDbEntity
  8
hatch
100
AcDbLine
 10
23.75
 20
6.557106781186544
 30
0.0
 11
24.0
 21
6.807106781186546
 31
0.0
  0
LINE
  5
606
330
17
100
AcDbEntity
  8
hatch
100
AcDbLine
 10
23.75
 20
6.698528137423855
 30
0.0
 11
24.0
 21
6.948528137423857
 31
0.0
  0
LINE
  5
607
330
17
100
AcDbEntity
  8
hatch
100
AcDbLine
 10
23.75
 20
6.8399494936611624
 30
0.0
 11
24.0
 21
7.089949493661164
 31
0.0
  0
LINE
  5
608
330
17
100
AcDbEntity
  8
hatch
100
AcDbLine
 10
23.749999999999996
 20
6.981370849898475
 30
0.0
 11
24.0
 21
7.231370849898477
 31
0.0
  0
LINE
  5
609
330
17
100
AcDbEntity
  8
hatch
100
AcDbLine
 10
23.75
 20
7.122792206135786
 30
0.0
 11
24.0
 21
7.372792206135788
 31
0.0
  0
LINE
  5
60A
330
17
100
AcDbEntity
  8
hatch
100
AcDbLine
 10
23.749999999999996
 20
7.264213562373094
 30
0.0
 11
24.0
 21
7.5142135623730955
 31
0.0
  0
LINE
  5
60B
330
17
100
AcDbEntity
  8
hatch
100
AcDbLine
 10
23.75
 20
7.405634918610403
 30
0.0
 11
24.0
 21
7.655634918610405
 31
0.0
  0
LINE
  5
60C
330
17
100
AcDbEntity
  8
hatch
100
AcDbLine
 10
23.75
 20
7.547056274847714
 30
0.0
 11
24.0
 21
7.797056274847716
 31
0.0
  0
LINE
  5
60D
330
17
100
AcDbEntity
  8
hatch
100
AcDbLine
 10
23.75
 20
7.688477631085021
 30
0.0
 11
24.0
 21
7.938477631085023
 31
0.0
  0
LINE
  5
60E
330
17
100
AcDbEntity
  8
hatch
100
AcDbLine
 10
23.75
 20
7.829898987322333
 30
0.0
 11
24.0
 21
8.079898987322338
 31
0.0
  0
LINE
  5
60F
330
17
100
AcDbEntity
  8
hatch
100
AcDbLine
 10
23.75
 20
7.97132034355964
 30
0.0
 11
23.878679656440355
 21
8.099999999999998
 31
0.0
  0
LINE
  5
610
330
17
100
AcDbEntity
  8
carpinteria
100
AcDbLine
 10
23.75
 20
6.1
 30
0.0
 11
23.75
 21
8.1
 31
0.0
  0
LINE
  5
611
330
17
100
AcDbEntity
  8
carpinteria
100
AcDbLine
 10
24.0
 20
6.1
 30
0.0
 11
24.0
 21
8.1
 31
0.0
  0
LINE
  5
612
330
17
100
AcDbEntity
  8
vidrio
100
AcDbLine
 10
23.875
 20
6.1
 30
0.0
 11
23.875
 21
8.1
 31
0.0
  0
LINE
  5
613
330
17
100
AcDbEntity
  8
carpinteria
100
AcDbLine
 10
23.75
 20
6.1
 30
0.0
 11
24.0
 21
6.1
 31
0.0
  0
LINE
  5
614
330
17
100
AcDbEntity
  8
carpinteria
100
AcDbLine
 10
23.75
 20
8.1
 30
0.0
 11
24.0
 21
8.1
 31
0.0
  0
LWPOLYLINE
  5
615
330
17
100
AcDbEntity
  8
fondo
100
AcDbPolyline
 90
4
 70
1
 10
23.75
 20
1.55
 10
24.0
 20
1.55
 10
24.0
 20
2.45
 10
23.75
 20
2.45
  0
LINE
  5
616
330
17
100
AcDbEntity
  8
hatch
100
AcDbLine
 10
23.85857864376269
 20
1.5500000000000025
 30
0.0
 11
24.0
 21
1.6914213562373082
 31
0.0
  0
LINE
  5
617
330
17
100
AcDbEntity
  8
hatch
100
AcDbLine
 10
23.75
 20
1.5828427124746174
 30
0.0
 11
24.0
 21
1.8328427124746192
 31
0.0
  0
LINE
  5
618
330
17
100
AcDbEntity
  8
hatch
100
AcDbLine
 10
23.75
 20
1.7242640687119266
 30
0.0
 11
24.0
 21
1.9742640687119284
 31
0.0
  0
LINE
  5
619
330
17
100
AcDbEntity
  8
hatch
100
AcDbLine
 10
23.75
 20
1.865685424949234
 30
0.0
 11
24.0
 21
2.1156854249492376
 31
0.0
  0
LINE
  5
61A
330
17
100
AcDbEntity
  8
hatch
100
AcDbLine
 10
23.75
 20
2.007106781186545
 30
0.0
 11
24.0
 21
2.257106781186547
 31
0.0
  0
LINE
  5
61B
330
17
100
AcDbEntity
  8
hatch
100
AcDbLine
 10
23.749999999999996
 20
2.1485281374238525
 30
0.0
 11
24.0
 21
2.3985281374238543
 31
0.0
  0
LINE
  5
61C
330
17
100
AcDbEntity
  8
hatch
100
AcDbLine
 10
23.75
 20
2.2899494936611635
 30
0.0
 11
23.910050506338834
 21
2.4499999999999975
 31
0.0
  0
LINE
  5
61D
330
17
100
AcDbEntity
  8
hatch
100
AcDbLine
 10
23.75
 20
2.4313708498984763
 30
0.0
 11
23.76862915010152
 21
2.4499999999999993
 31
0.0
  0
LINE
  5
61E
330
17
100
AcDbEntity
  8
carpinteria
100
AcDbLine
 10
23.75
 20
1.55
 30
0.0
 11
23.75
 21
2.45
 31
0.0
  0
LINE
  5
61F
330
17
100
AcDbEntity
  8
carpinteria
100
AcDbLine
 10
24.0
 20
1.55
 30
0.0
 11
24.0
 21
2.45
 31
0.0
  0
LINE
  5
620
330
17
100
AcDbEntity
  8
vidrio
100
AcDbLine
 10
23.875
 20
1.55
 30
0.0
 11
23.875
 21
2.45
 31
0.0
  0
LINE
  5
621
330
17
100
AcDbEntity
  8
carpinteria
100
AcDbLine
 10
23.75
 20
1.55
 30
0.0
 11
24.0
 21
1.55
 31
0.0
  0
LINE
  5
622
330
17
100
AcDbEntity
  8
carpinteria
100
AcDbLine
 10
23.75
 20
2.45
 30
0.0
 11
24.0
 21
2.45
 31
0.0
  0
LWPOLYLINE
  5
623
330
17
100
AcDbEntity
  8
fondo
100
AcDbPolyline
 90
4
 70
1
 10
0.0
 20
1.4
 10
0.25
 20
1.4
 10
0.25
 20
2.6
 10
0.0
 20
2.6
  0
LINE
  5
624
330
17
100
AcDbEntity
  8
hatch
100
AcDbLine
 10
0.10857864376269055
 20
1.4
 30
0.0
 11
0.25
 21
1.5414213562373094
 31
0.0
  0
LINE
  5
625
330
17
100
AcDbEntity
  8
hatch
100
AcDbLine
 10
0.0
 20
1.432842712474619
 30
0.0
 11
0.25
 21
1.6828427124746188
 31
0.0
  0
LINE
  5
626
330
17
100
AcDbEntity
  8
hatch
100
AcDbLine
 10
-1.1102230246251565e-16
 20
1.5742640687119285
 30
0.0
 11
0.25
 21
1.8242640687119285
 31
0.0
  0
LINE
  5
627
330
17
100
AcDbEntity
  8
hatch
100
AcDbLine
 10
0.0
 20
1.715685424949238
 30
0.0
 11
0.2500000000000001
 21
1.965685424949238
 31
0.0
  0
LINE
  5
628
330
17
100
AcDbEntity
  8
hatch
100
AcDbLine
 10
0.0
 20
1.8571067811865476
 30
0.0
 11
0.2499999999999999
 21
2.1071067811865474
 31
0.0
  0
LINE
  5
629
330
17
100
AcDbEntity
  8
hatch
100
AcDbLine
 10
0.0
 20
1.998528137423857
 30
0.0
 11
0.2499999999999999
 21
2.248528137423857
 31
0.0
  0
LINE
  5
62A
330
17
100
AcDbEntity
  8
hatch
100
AcDbLine
 10
0.0
 20
2.1399494936611667
 30
0.0
 11
0.25
 21
2.3899494936611667
 31
0.0
  0
LINE
  5
62B
330
17
100
AcDbEntity
  8
hatch
100
AcDbLine
 10
0.0
 20
2.281370849898476
 30
0.0
 11
0.25
 21
2.531370849898476
 31
0.0
  0
LINE
  5
62C
330
17
100
AcDbEntity
  8
hatch
100
AcDbLine
 10
0.0
 20
2.422792206135785
 30
0.0
 11
0.1772077938642147
 21
2.6
 31
0.0
  0
LINE
  5
62D
330
17
100
AcDbEntity
  8
hatch
100
AcDbLine
 10
0.0
 20
2.5642135623730953
 30
0.0
 11
0.03578643762690481
 21
2.5999999999999996
 31
0.0
  0
LINE
  5
62E
330
17
100
AcDbEntity
  8
carpinteria
100
AcDbLine
 10
0.0
 20
1.4
 30
0.0
 11
0.0
 21
2.6
 31
0.0
  0
LINE
  5
62F
330
17
100
AcDbEntity
  8
carpinteria
100
AcDbLine
 10
0.25
 20
1.4
 30
0.0
 11
0.25
 21
2.6
 31
0.0
  0
LINE
  5
630
330
17
100
AcDbEntity
  8
vidrio
100
AcDbLine
 10
0.125
 20
1.4
 30
0.0
 11
0.125
 21
2.6
 31
0.0
  0
LINE
  5
631
330
17
100
AcDbEntity
  8
carpinteria
100
AcDbLine
 10
0.0
 20
1.4
 30
0.0
 11
0.25
 21
1.4
 31
0.0
  0
LINE
  5
632
330
17
100
AcDbEntity
  8
carpinteria
100
AcDbLine
 10
0.0
 20
2.6
 30
0.0
 11
0.25
 21
2.6
 31
0.0
  0
LWPOLYLINE
  5
633
330
17
100
AcDbEntity
  8
fondo
100
AcDbPolyline
 90
4
 70
1
 10
0.0
 20
6.95
 10
0.25
 20
6.95
 10
0.25
 20
8.15
 10
0.0
 20
8.15
  0
LINE
  5
634
330
17
100
AcDbEntity
  8
hatch
100
AcDbLine
 10
0.10857864376269077
 20
6.95
 30
0.0
 11
0.25
 21
7.0914213562373085
 31
0.0
  0
LINE
  5
635
330
17
100
AcDbEntity
  8
hatch
100
AcDbLine
 10
4.440892098500626e-16
 20
6.9828427124746195
 30
0.0
 11
0.25
 21
7.2328427124746195
 31
0.0
  0
LINE
  5
636
330
17
100
AcDbEntity
  8
hatch
100
AcDbLine
 10
8.881784197001252e-16
 20
7.124264068711929
 30
0.0
 11
0.25000000000000044
 21
7.374264068711929
 31
0.0
  0
LINE
  5
637
330
17
100
AcDbEntity
  8
hatch
100
AcDbLine
 10
4.440892098500626e-16
 20
7.26568542494924
 30
0.0
 11
0.25
 21
7.515685424949238
 31
0.0
  0
LINE
  5
638
330
17
100
AcDbEntity
  8
hatch
100
AcDbLine
 10
8.881784197001252e-16
 20
7.407106781186548
 30
0.0
 11
0.24999999999999956
 21
7.657106781186547
 31
0.0
  0
LINE
  5
639
330
17
100
AcDbEntity
  8
hatch
100
AcDbLine
 10
8.881784197001252e-16
 20
7.548528137423858
 30
0.0
 11
0.24999999999999956
 21
7.798528137423856
 31
0.0
  0
LINE
  5
63A
330
17
100
AcDbEntity
  8
hatch
100
AcDbLine
 10
0.0
 20
7.689949493661167
 30
0.0
 11
0.24999999999999956
 21
7.939949493661166
 31
0.0
  0
LINE
  5
63B
330
17
100
AcDbEntity
  8
hatch
100
AcDbLine
 10
0.0
 20
7.831370849898476
 30
0.0
 11
0.24999999999999956
 21
8.081370849898475
 31
0.0
  0
LINE
  5
63C
330
17
100
AcDbEntity
  8
hatch
100
AcDbLine
 10
0.0
 20
7.972792206135786
 30
0.0
 11
0.17720779386421448
 21
8.15
 31
0.0
  0
LINE
  5
63D
330
17
100
AcDbEntity
  8
hatch
100
AcDbLine
 10
0.0
 20
8.114213562373095
 30
0.0
 11
0.03578643762690614
 21
8.150000000000002
 31
0.0
  0
LINE
  5
63E
330
17
100
AcDbEntity
  8
carpinteria
100
AcDbLine
 10
0.0
 20
6.95
 30
0.0
 11
0.0
 21
8.15
 31
0.0
  0
LINE
  5
63F
330
17
100
AcDbEntity
  8
carpinteria
100
AcDbLine
 10
0.25
 20
6.95
 30
0.0
 11
0.25
 21
8.15
 31
0.0
  0
LINE
  5
640
330
17
100
AcDbEntity
  8
vidrio
100
AcDbLine
 10
0.125
 20
6.95
 30
0.0
 11
0.125
 21
8.15
 31
0.0
  0
LINE
  5
641
330
17
100
AcDbEntity
  8
carpinteria
100
AcDbLine
 10
0.0
 20
6.95
 30
0.0
 11
0.25
 21
6.95
 31
0.0
  0
LINE
  5
642
330
17
100
AcDbEntity
  8
carpinteria
100
AcDbLine
 10
0.0
 20
8.15
 30
0.0
 11
0.25
 21
8.15
 31
0.0
  0
LWPOLYLINE
  5
643
330
17
100
AcDbEntity
  8
fondo
100
AcDbPolyline
 90
4
 70
1
 10
1.4
 20
3.8
 10
2.3
 20
3.8
 10
2.3
 20
3.95
 10
1.4
 20
3.95
  0
LINE
  5
644
330
17
100
AcDbEntity
  8
hatch
100
AcDbLine
 10
2.1585786437626897
 20
3.7999999999999994
 30
0.0
 11
2.3
 21
3.9414213562373095
 31
0.0
  0
LINE
  5
645
330
17
100
AcDbEntity
  8
hatch
100
AcDbLine
 10
2.0171572875253805
 20
3.7999999999999994
 30
0.0
 11
2.1671572875253817
 21
3.95
 31
0.0
  0
LINE
  5
646
330
17
100
AcDbEntity
  8
hatch
100
AcDbLine
 10
1.875735931288071
 20
3.8
 30
0.0
 11
2.0257359312880716
 21
3.95
 31
0.0
  0
LINE
  5
647
330
17
100
AcDbEntity
  8
hatch
100
AcDbLine
 10
1.7343145750507616
 20
3.8
 30
0.0
 11
1.8843145750507615
 21
3.9499999999999997
 31
0.0
  0
LINE
  5
648
330
17
100
AcDbEntity
  8
hatch
100
AcDbLine
 10
1.592893218813452
 20
3.8
 30
0.0
 11
1.7428932188134523
 21
3.95
 31
0.0
  0
LINE
  5
649
330
17
100
AcDbEntity
  8
hatch
100
AcDbLine
 10
1.4514718625761425
 20
3.8
 30
0.0
 11
1.6014718625761428
 21
3.95
 31
0.0
  0
LINE
  5
64A
330
17
100
AcDbEntity
  8
hatch
100
AcDbLine
 10
1.3999999999999997
 20
3.8899494936611663
 30
0.0
 11
1.4600505063388332
 21
3.95
 31
0.0
  0
LINE
  5
64B
330
17
100
AcDbEntity
  8
carpinteria
100
AcDbLine
 10
1.4
 20
3.875
 30
0.0
 11
1.4
 21
2.975
 31
0.0
  0
LWPOLYLINE
  5
64C
330
17
100
AcDbEntity
  8
carpinteria
100
AcDbPolyline
 90
15
 70
0
 10
1.4
 20
2.975
 10
1.299231971507023
 20
2.980659011096081
 10
1.1997311594393167
 20
2.9975648790363594
 10
1.1027488442403495
 20
3.0255050027224684
 10
1.0095046347941974
 20
3.0641280188878226
 10
0.9211711311361974
 20
3.112948220694544
 10
0.8388591783271402
 20
3.171351665778772
 10
0.7636038969321077
 20
3.2386038969321076
 10
0.6963516657787736
 20
3.313859178327141
 10
0.6379482206945447
 20
3.396171131136197
 10
0.5891280188878227
 20
3.4845046347941975
 10
0.5505050027224698
 20
3.5777488442403493
 10
0.5225648790363593
 20
3.674731159439317
 10
0.5056590110960819
 20
3.7742319715070223
 10
0.5
 20
3.875
  0
LINE
  5
64D
330
17
100
AcDbEntity
  8
carpinteria
100
AcDbLine
 10
1.4
 20
3.875
 30
0.0
 11
1.4
 21
3.875
 31
0.0
  0
LWPOLYLINE
  5
64E
330
17
100
AcDbEntity
  8
fondo
100
AcDbPolyline
 90
4
 70
1
 10
4.75
 20
3.8
 10
5.65
 20
3.8
 10
5.65
 20
3.95
 10
4.75
 20
3.95
  0
LINE
  5
64F
330
17
100
AcDbEntity
  8
hatch
100
AcDbLine
 10
5.50857864376269
 20
3.799999999999999
 30
0.0
 11
5.65
 21
3.94142135623731
 31
0.0
  0
LINE
  5
650
330
17
100
AcDbEntity
  8
hatch
100
AcDbLine
 10
5.367157287525381
 20
3.8
 30
0.0
 11
5.517157287525382
 21
3.95
 31
0.0
  0
LINE
  5
651
330
17
100
AcDbEntity
  8
hatch
100
AcDbLine
 10
5.225735931288073
 20
3.8
 30
0.0
 11
5.375735931288073
 21
3.95
 31
0.0
  0
LINE
  5
652
330
17
100
AcDbEntity
  8
hatch
100
AcDbLine
 10
5.084314575050762
 20
3.7999999999999994
 30
0.0
 11
5.234314575050764
 21
3.9500000000000006
 31
0.0
  0
LINE
  5
653
330
17
100
AcDbEntity
  8
hatch
100
AcDbLine
 10
4.9428932188134524
 20
3.7999999999999994
 30
0.0
 11
5.092893218813453
 21
3.9499999999999997
 31
0.0
  0
LINE
  5
654
330
17
100
AcDbEntity
  8
hatch
100
AcDbLine
 10
4.801471862576142
 20
3.8
 30
0.0
 11
4.951471862576144
 21
3.95
 31
0.0
  0
LINE
  5
655
330
17
100
AcDbEntity
  8
hatch
100
AcDbLine
 10
4.75
 20
3.889949493661166
 30
0.0
 11
4.810050506338834
 21
3.950000000000001
 31
0.0
  0
LINE
  5
656
330
17
100
AcDbEntity
  8
carpinteria
100
AcDbLine
 10
4.75
 20
3.875
 30
0.0
 11
4.75
 21
2.975
 31
0.0
  0
LWPOLYLINE
  5
657
330
17
100
AcDbEntity
  8
carpinteria
100
AcDbPolyline
 90
15
 70
0
 10
4.75
 20
2.975
 10
4.649231971507023
 20
2.980659011096081
 10
4.549731159439318
 20
2.9975648790363594
 10
4.452748844240349
 20
3.0255050027224684
 10
4.359504634794197
 20
3.0641280188878226
 10
4.271171131136197
 20
3.112948220694544
 10
4.1888591783271405
 20
3.171351665778772
 10
4.113603896932108
 20
3.2386038969321076
 10
4.046351665778772
 20
3.313859178327141
 10
3.987948220694544
 20
3.396171131136197
 10
3.9391280188878226
 20
3.4845046347941975
 10
3.9005050027224684
 20
3.5777488442403493
 10
3.8725648790363594
 20
3.674731159439317
 10
3.855659011096081
 20
3.7742319715070223
 10
3.85
 20
3.875
  0
LINE
  5
658
330
17
100
AcDbEntity
  8
carpinteria
100
AcDbLine
 10
4.75
 20
3.875
 30
0.0
 11
4.75
 21
3.875
 31
0.0
  0
LWPOLYLINE
  5
659
330
17
100
AcDbEntity
  8
fondo
100
AcDbPolyline
 90
4
 70
1
 10
8.1
 20
3.8
 10
9.0
 20
3.8
 10
9.0
 20
3.95
 10
8.1
 20
3.95
  0
LINE
  5
65A
330
17
100
AcDbEntity
  8
hatch
100
AcDbLine
 10
8.85857864376269
 20
3.8
 30
0.0
 11
9.0
 21
3.94142135623731
 31
0.0
  0
LINE
  5
65B
330
17
100
AcDbEntity
  8
hatch
100
AcDbLine
 10
8.717157287525382
 20
3.8
 30
0.0
 11
8.867157287525382
 21
3.950000000000001
 31
0.0
  0
LINE
  5
65C
330
17
100
AcDbEntity
  8
hatch
100
AcDbLine
 10
8.57573593128807
 20
3.799999999999999
 30
0.0
 11
8.725735931288073
 21
3.95
 31
0.0
  0
LINE
  5
65D
330
17
100
AcDbEntity
  8
hatch
100
AcDbLine
 10
8.434314575050761
 20
3.799999999999999
 30
0.0
 11
8.584314575050763
 21
3.95
 31
0.0
  0
LINE
  5
65E
330
17
100
AcDbEntity
  8
hatch
100
AcDbLine
 10
8.292893218813452
 20
3.7999999999999994
 30
0.0
 11
8.442893218813454
 21
3.9500000000000006
 31
0.0
  0
LINE
  5
65F
330
17
100
AcDbEntity
  8
hatch
100
AcDbLine
 10
8.151471862576143
 20
3.7999999999999994
 30
0.0
 11
8.301471862576143
 21
3.9499999999999997
 31
0.0
  0
LINE
  5
660
330
17
100
AcDbEntity
  8
hatch
100
AcDbLine
 10
8.099999999999998
 20
3.889949493661165
 30
0.0
 11
8.160050506338834
 21
3.95
 31
0.0
  0
LINE
  5
661
330
17
100
AcDbEntity
  8
carpinteria
100
AcDbLine
 10
8.1
 20
3.875
 30
0.0
 11
8.1
 21
2.975
 31
0.0
  0
LWPOLYLINE
  5
662
330
17
100
AcDbEntity
  8
carpinteria
100
AcDbPolyline
 90
15
 70
0
 10
8.1
 20
2.975
 10
7.999231971507024
 20
2.980659011096081
 10
7.899731159439318
 20
2.9975648790363594
 10
7.8027488442403525
 20
3.0255050027224684
 10
7.7095046347941985
 20
3.0641280188878226
 10
7.621171131136198
 20
3.112948220694544
 10
7.538859178327142
 20
3.171351665778772
 10
7.463603896932109
 20
3.2386038969321076
 10
7.396351665778775
 20
3.313859178327141
 10
7.337948220694545
 20
3.396171131136197
 10
7.2891280188878245
 20
3.4845046347941975
 10
7.250505002722472
 20
3.5777488442403493
 10
7.22256487903636
 20
3.674731159439317
 10
7.205659011096083
 20
3.7742319715070223
 10
7.200000000000001
 20
3.875
  0
LINE
  5
663
330
17
100
AcDbEntity
  8
carpinteria
100
AcDbLine
 10
8.1
 20
3.875
 30
0.0
 11
8.1
 21
3.875
 31
0.0
  0
LWPOLYLINE
  5
664
330
17
100
AcDbEntity
  8
fondo
100
AcDbPolyline
 90
4
 70
1
 10
11.45
 20
3.8
 10
12.35
 20
3.8
 10
12.35
 20
3.95
 10
11.45
 20
3.95
  0
LINE
  5
665
330
17
100
AcDbEntity
  8
hatch
100
AcDbLine
 10
12.20857864376269
 20
3.8
 30
0.0
 11
12.35
 21
3.941421356237309
 31
0.0
  0
LINE
  5
666
330
17
100
AcDbEntity
  8
hatch
100
AcDbLine
 10
12.067157287525381
 20
3.8000000000000016
 30
0.0
 11
12.217157287525382
 21
3.950000000000001
 31
0.0
  0
LINE
  5
667
330
17
100
AcDbEntity
  8
hatch
100
AcDbLine
 10
11.92573593128807
 20
3.799999999999999
 30
0.0
 11
12.07573593128807
 21
3.9499999999999984
 31
0.0
  0
LINE
  5
668
330
17
100
AcDbEntity
  8
hatch
100
AcDbLine
 10
11.784314575050761
 20
3.8000000000000007
 30
0.0
 11
11.934314575050761
 21
3.95
 31
0.0
  0
LINE
  5
669
330
17
100
AcDbEntity
  8
hatch
100
AcDbLine
 10
11.642893218813452
 20
3.8000000000000007
 30
0.0
 11
11.792893218813452
 21
3.95
 31
0.0
  0
LINE
  5
66A
330
17
100
AcDbEntity
  8
hatch
100
AcDbLine
 10
11.501471862576143
 20
3.8000000000000007
 30
0.0
 11
11.651471862576143
 21
3.95
 31
0.0
  0
LINE
  5
66B
330
17
100
AcDbEntity
  8
hatch
100
AcDbLine
 10
11.45
 20
3.8899494936611663
 30
0.0
 11
11.510050506338834
 21
3.9500000000000006
 31
0.0
  0
LINE
  5
66C
330
17
100
AcDbEntity
  8
carpinteria
100
AcDbLine
 10
11.45
 20
3.875
 30
0.0
 11
11.45
 21
2.975
 31
0.0
  0
LWPOLYLINE
  5
66D
330
17
100
AcDbEntity
  8
carpinteria
100
AcDbPolyline
 90
15
 70
0
 10
11.45
 20
2.975
 10
11.349231971507024
 20
2.980659011096081
 10
11.249731159439317
 20
2.9975648790363594
 10
11.152748844240353
 20
3.0255050027224684
 10
11.059504634794198
 20
3.0641280188878226
 10
10.971171131136199
 20
3.112948220694544
 10
10.888859178327142
 20
3.171351665778772
 10
10.813603896932108
 20
3.2386038969321076
 10
10.746351665778775
 20
3.313859178327141
 10
10.687948220694546
 20
3.396171131136197
 10
10.639128018887822
 20
3.4845046347941975
 10
10.600505002722471
 20
3.5777488442403493
 10
10.57256487903636
 20
3.674731159439317
 10
10.555659011096083
 20
3.7742319715070223
 10
10.55
 20
3.875
  0
LINE
  5
66E
330
17
100
AcDbEntity
  8
carpinteria
100
AcDbLine
 10
11.45
 20
3.875
 30
0.0
 11
11.45
 21
3.875
 31
0.0
  0
LWPOLYLINE
  5
66F
330
17
100
AcDbEntity
  8
fondo
100
AcDbPolyline
 90
4
 70
1
 10
1.4
 20
5.65
 10
2.3
 20
5.65
 10
2.3
 20
5.8
 10
1.4
 20
5.8
  0
LINE
  5
670
330
17
100
AcDbEntity
  8
hatch
100
AcDbLine
 10
2.1585786437626906
 20
5.65
 30
0.0
 11
2.299999999999999
 21
5.79142135623731
 31
0.0
  0
LINE
  5
671
330
17
100
AcDbEntity
  8
hatch
100
AcDbLine
 10
2.0171572875253805
 20
5.6499999999999995
 30
0.0
 11
2.16715728752538
 21
5.8
 31
0.0
  0
LINE
  5
672
330
17
100
AcDbEntity
  8
hatch
100
AcDbLine
 10
1.8757359312880715
 20
5.65
 30
0.0
 11
2.0257359312880716
 21
5.8
 31
0.0
  0
LINE
  5
673
330
17
100
AcDbEntity
  8
hatch
100
AcDbLine
 10
1.734314575050762
 20
5.65
 30
0.0
 11
1.884314575050761
 21
5.799999999999999
 31
0.0
  0
LINE
  5
674
330
17
100
AcDbEntity
  8
hatch
100
AcDbLine
 10
1.592893218813452
 20
5.65
 30
0.0
 11
1.7428932188134518
 21
5.799999999999999
 31
0.0
  0
LINE
  5
675
330
17
100
AcDbEntity
  8
hatch
100
AcDbLine
 10
1.4514718625761427
 20
5.65
 30
0.0
 11
1.6014718625761426
 21
5.800000000000001
 31
0.0
  0
LINE
  5
676
330
17
100
AcDbEntity
  8
hatch
100
AcDbLine
 10
1.4000000000000004
 20
5.739949493661167
 30
0.0
 11
1.460050506338833
 21
5.799999999999999
 31
0.0
  0
LINE
  5
677
330
17
100
AcDbEntity
  8
carpinteria
100
AcDbLine
 10
1.4
 20
5.725
 30
0.0
 11
1.4
 21
6.625
 31
0.0
  0
LWPOLYLINE
  5
678
330
17
100
AcDbEntity
  8
carpinteria
100
AcDbPolyline
 90
15
 70
0
 10
1.4
 20
6.625
 10
1.5007680284929776
 20
6.619340988903917
 10
1.6002688405606833
 20
6.6024351209636425
 10
1.6972511557596506
 20
6.574494997277531
 10
1.7904953652058027
 20
6.5358719811121775
 10
1.8788288688638033
 20
6.487051779305456
 10
1.9611408216728605
 20
6.428648334221227
 10
2.0363961030678936
 20
6.361396103067893
 10
2.1036483342212278
 20
6.28614082167286
 10
2.162051779305456
 20
6.203828868863803
 10
2.2108719811121773
 20
6.115495365205802
 10
2.2494949972775315
 20
6.02225115575965
 10
2.2774351209636423
 20
5.925268840560682
 10
2.294340988903919
 20
5.825768028492976
 10
2.3
 20
5.725
  0
LINE
  5
679
330
17
100
AcDbEntity
  8
carpinteria
100
AcDbLine
 10
1.4
 20
5.725
 30
0.0
 11
1.4
 21
5.725
 31
0.0
  0
LWPOLYLINE
  5
67A
330
17
100
AcDbEntity
  8
fondo
100
AcDbPolyline
 90
4
 70
1
 10
4.75
 20
5.65
 10
5.65
 20
5.65
 10
5.65
 20
5.8
 10
4.75
 20
5.8
  0
LINE
  5
67B
330
17
100
AcDbEntity
  8
hatch
100
AcDbLine
 10
5.50857864376269
 20
5.65
 30
0.0
 11
5.6499999999999995
 21
5.79142135623731
 31
0.0
  0
LINE
  5
67C
330
17
100
AcDbEntity
  8
hatch
100
AcDbLine
 10
5.367157287525381
 20
5.65
 30
0.0
 11
5.51715728752538
 21
5.799999999999999
 31
0.0
  0
LINE
  5
67D
330
17
100
AcDbEntity
  8
hatch
100
AcDbLine
 10
5.225735931288072
 20
5.65
 30
0.0
 11
5.37573593128807
 21
5.799999999999999
 31
0.0
  0
LINE
  5
67E
330
17
100
AcDbEntity
  8
hatch
100
AcDbLine
 10
5.084314575050762
 20
5.6499999999999995
 30
0.0
 11
5.234314575050762
 21
5.8
 31
0.0
  0
LINE
  5
67F
330
17
100
AcDbEntity
  8
hatch
100
AcDbLine
 10
4.9428932188134524
 20
5.6499999999999995
 30
0.0
 11
5.092893218813453
 21
5.8
 31
0.0
  0
LINE
  5
680
330
17
100
AcDbEntity
  8
hatch
100
AcDbLine
 10
4.801471862576144
 20
5.65
 30
0.0
 11
4.951471862576143
 21
5.799999999999999
 31
0.0
  0
LINE
  5
681
330
17
100
AcDbEntity
  8
hatch
100
AcDbLine
 10
4.75
 20
5.739949493661166
 30
0.0
 11
4.8100505063388335
 21
5.8
 31
0.0
  0
LINE
  5
682
330
17
100
AcDbEntity
  8
carpinteria
100
AcDbLine
 10
4.75
 20
5.725
 30
0.0
 11
4.75
 21
6.625
 31
0.0
  0
LWPOLYLINE
  5
683
330
17
100
AcDbEntity
  8
carpinteria
100
AcDbPolyline
 90
15
 70
0
 10
4.75
 20
6.625
 10
4.850768028492977
 20
6.619340988903917
 10
4.950268840560682
 20
6.6024351209636425
 10
5.047251155759651
 20
6.574494997277531
 10
5.140495365205803
 20
6.5358719811121775
 10
5.228828868863803
 20
6.487051779305456
 10
5.31114082167286
 20
6.428648334221227
 10
5.386396103067893
 20
6.361396103067893
 10
5.453648334221228
 20
6.28614082167286
 10
5.512051779305456
 20
6.203828868863803
 10
5.560871981112177
 20
6.115495365205802
 10
5.599494997277532
 20
6.02225115575965
 10
5.627435120963642
 20
5.925268840560682
 10
5.644340988903918
 20
5.825768028492976
 10
5.65
 20
5.725
  0
LINE
  5
684
330
17
100
AcDbEntity
  8
carpinteria
100
AcDbLine
 10
4.75
 20
5.725
 30
0.0
 11
4.75
 21
5.725
 31
0.0
  0
LWPOLYLINE
  5
685
330
17
100
AcDbEntity
  8
fondo
100
AcDbPolyline
 90
4
 70
1
 10
8.1
 20
5.65
 10
9.0
 20
5.65
 10
9.0
 20
5.8
 10
8.1
 20
5.8
  0
LINE
  5
686
330
17
100
AcDbEntity
  8
hatch
100
AcDbLine
 10
8.85857864376269
 20
5.65
 30
0.0
 11
9.0
 21
5.79142135623731
 31
0.0
  0
LINE
  5
687
330
17
100
AcDbEntity
  8
hatch
100
AcDbLine
 10
8.717157287525382
 20
5.65
 30
0.0
 11
8.86715728752538
 21
5.8
 31
0.0
  0
LINE
  5
688
330
17
100
AcDbEntity
  8
hatch
100
AcDbLine
 10
8.57573593128807
 20
5.65
 30
0.0
 11
8.725735931288071
 21
5.8
 31
0.0
  0
LINE
  5
689
330
17
100
AcDbEntity
  8
hatch
100
AcDbLine
 10
8.434314575050763
 20
5.65
 30
0.0
 11
8.584314575050762
 21
5.8
 31
0.0
  0
LINE
  5
68A
330
17
100
AcDbEntity
  8
hatch
100
AcDbLine
 10
8.292893218813452
 20
5.65
 30
0.0
 11
8.442893218813452
 21
5.8
 31
0.0
  0
LINE
  5
68B
330
17
100
AcDbEntity
  8
hatch
100
AcDbLine
 10
8.151471862576143
 20
5.65
 30
0.0
 11
8.301471862576141
 21
5.799999999999999
 31
0.0
  0
LINE
  5
68C
330
17
100
AcDbEntity
  8
hatch
100
AcDbLine
 10
8.100000000000001
 20
5.739949493661166
 30
0.0
 11
8.160050506338832
 21
5.799999999999999
 31
0.0
  0
LINE
  5
68D
330
17
100
AcDbEntity
  8
carpinteria
100
AcDbLine
 10
8.1
 20
5.725
 30
0.0
 11
8.1
 21
6.625
 31
0.0
  0
LWPOLYLINE
  5
68E
330
17
100
AcDbEntity
  8
carpinteria
100
AcDbPolyline
 90
15
 70
0
 10
8.1
 20
6.625
 10
8.200768028492979
 20
6.619340988903917
 10
8.300268840560685
 20
6.6024351209636425
 10
8.397251155759651
 20
6.574494997277531
 10
8.490495365205806
 20
6.5358719811121775
 10
8.578828868863804
 20
6.487051779305456
 10
8.661140821672863
 20
6.428648334221227
 10
8.736396103067895
 20
6.361396103067893
 10
8.803648334221231
 20
6.28614082167286
 10
8.862051779305457
 20
6.203828868863803
 10
8.910871981112177
 20
6.115495365205802
 10
8.949494997277531
 20
6.02225115575965
 10
8.977435120963642
 20
5.925268840560682
 10
8.99434098890392
 20
5.825768028492976
 10
9.0
 20
5.725
  0
LINE
  5
68F
330
17
100
AcDbEntity
  8
carpinteria
100
AcDbLine
 10
8.1
 20
5.725
 30
0.0
 11
8.1
 21
5.725
 31
0.0
  0
LWPOLYLINE
  5
690
330
17
100
AcDbEntity
  8
fondo
100
AcDbPolyline
 90
4
 70
1
 10
11.45
 20
5.65
 10
12.35
 20
5.65
 10
12.35
 20
5.8
 10
11.45
 20
5.8
  0
LINE
  5
691
330
17
100
AcDbEntity
  8
hatch
100
AcDbLine
 10
12.208578643762689
 20
5.650000000000001
 30
0.0
 11
12.35
 21
5.7914213562373105
 31
0.0
  0
LINE
  5
692
330
17
100
AcDbEntity
  8
hatch
100
AcDbLine
 10
12.06715728752538
 20
5.650000000000002
 30
0.0
 11
12.21715728752538
 21
5.800000000000001
 31
0.0
  0
LINE
  5
693
330
17
100
AcDbEntity
  8
hatch
100
AcDbLine
 10
11.92573593128807
 20
5.650000000000002
 30
0.0
 11
12.07573593128807
 21
5.800000000000001
 31
0.0
  0
LINE
  5
694
330
17
100
AcDbEntity
  8
hatch
100
AcDbLine
 10
11.784314575050761
 20
5.650000000000002
 30
0.0
 11
11.93431457505076
 21
5.800000000000001
 31
0.0
  0
LINE
  5
695
330
17
100
AcDbEntity
  8
hatch
100
AcDbLine
 10
11.642893218813454
 20
5.650000000000002
 30
0.0
 11
11.79289321881345
 21
5.800000000000001
 31
0.0
  0
LINE
  5
696
330
17
100
AcDbEntity
  8
hatch
100
AcDbLine
 10
11.501471862576144
 20
5.650000000000002
 30
0.0
 11
11.651471862576143
 21
5.800000000000001
 31
0.0
  0
LINE
  5
697
330
17
100
AcDbEntity
  8
hatch
100
AcDbLine
 10
11.45
 20
5.739949493661166
 30
0.0
 11
11.510050506338832
 21
5.799999999999999
 31
0.0
  0
LINE
  5
698
330
17
100
AcDbEntity
  8
carpinteria
100
AcDbLine
 10
11.45
 20
5.725
 30
0.0
 11
11.45
 21
6.625
 31
0.0
  0
LWPOLYLINE
  5
699
330
17
100
AcDbEntity
  8
carpinteria
100
AcDbPolyline
 90
15
 70
0
 10
11.45
 20
6.625
 10
11.550768028492978
 20
6.619340988903917
 10
11.650268840560685
 20
6.6024351209636425
 10
11.74725115575965
 20
6.574494997277531
 10
11.840495365205806
 20
6.5358719811121775
 10
11.928828868863803
 20
6.487051779305456
 10
12.011140821672862
 20
6.428648334221227
 10
12.086396103067894
 20
6.361396103067893
 10
12.15364833422123
 20
6.28614082167286
 10
12.212051779305455
 20
6.203828868863803
 10
12.260871981112178
 20
6.115495365205802
 10
12.299494997277531
 20
6.02225115575965
 10
12.327435120963642
 20
5.925268840560682
 10
12.34434098890392
 20
5.825768028492976
 10
12.35
 20
5.725
  0
LINE
  5
69A
330
17
100
AcDbEntity
  8
carpinteria
100
AcDbLine
 10
11.45
 20
5.725
 30
0.0
 11
11.45
 21
5.725
 31
0.0
  0
LWPOLYLINE
  5
69B
330
17
100
AcDbEntity
  8
fondo
100
AcDbPolyline
 90
4
 70
1
 10
14.675
 20
3.8
 10
15.475
 20
3.8
 10
15.475
 20
3.95
 10
14.675
 20
3.95
  0
LINE
  5
69C
330
17
100
AcDbEntity
  8
hatch
100
AcDbLine
 10
15.33357864376269
 20
3.8
 30
0.0
 11
15.475
 21
3.941421356237309
 31
0.0
  0
LINE
  5
69D
330
17
100
AcDbEntity
  8
hatch
100
AcDbLine
 10
15.192157287525381
 20
3.8
 30
0.0
 11
15.342157287525382
 21
3.95
 31
0.0
  0
LINE
  5
69E
330
17
100
AcDbEntity
  8
hatch
100
AcDbLine
 10
15.050735931288072
 20
3.8
 30
0.0
 11
15.20073593128807
 21
3.9499999999999984
 31
0.0
  0
LINE
  5
69F
330
17
100
AcDbEntity
  8
hatch
100
AcDbLine
 10
14.909314575050761
 20
3.8000000000000007
 30
0.0
 11
15.05931457505076
 21
3.9499999999999993
 31
0.0
  0
LINE
  5
6A0
330
17
100
AcDbEntity
  8
hatch
100
AcDbLine
 10
14.767893218813452
 20
3.8000000000000007
 30
0.0
 11
14.91789321881345
 21
3.9499999999999993
 31
0.0
  0
LINE
  5
6A1
330
17
100
AcDbEntity
  8
hatch
100
AcDbLine
 10
14.675
 20
3.848528137423859
 30
0.0
 11
14.776471862576141
 21
3.9499999999999993
 31
0.0
  0
LINE
  5
6A2
330
17
100
AcDbEntity
  8
carpinteria
100
AcDbLine
 10
14.675
 20
3.875
 30
0.0
 11
14.675
 21
3.075
 31
0.0
  0
LWPOLYLINE
  5
6A3
330
17
100
AcDbEntity
  8
carpinteria
100
AcDbPolyline
 90
15
 70
0
 10
14.675
 20
3.075
 10
14.764571580882645
 20
3.080030232085406
 10
14.853016747165048
 20
3.095057670254542
 10
14.939223249564133
 20
3.1198933357533063
 10
15.022106991294043
 20
3.1542249056780647
 10
15.100625661212268
 20
3.197620640617373
 10
15.173791841486985
 20
3.2495348140255773
 10
15.240685424949238
 20
3.309314575050763
 10
15.300465185974423
 20
3.3762081585130135
 10
15.352379359382628
 20
3.449374338787732
 10
15.395775094321934
 20
3.5278930087059535
 10
15.430106664246694
 20
3.6107767504358663
 10
15.454942329745458
 20
3.6969832528349484
 10
15.469969767914595
 20
3.7854284191173533
 10
15.474999999999998
 20
3.875
  0
LINE
  5
6A4
330
17
100
AcDbEntity
  8
carpinteria
100
AcDbLine
 10
14.675
 20
3.875
 30
0.0
 11
14.675
 21
3.875
 31
0.0
  0
LWPOLYLINE
  5
6A5
330
17
100
AcDbEntity
  8
fondo
100
AcDbPolyline
 90
4
 70
1
 10
14.675
 20
5.65
 10
15.475
 20
5.65
 10
15.475
 20
5.8
 10
14.675
 20
5.8
  0
LINE
  5
6A6
330
17
100
AcDbEntity
  8
hatch
100
AcDbLine
 10
15.333578643762689
 20
5.6499999999999995
 30
0.0
 11
15.475
 21
5.7914213562373105
 31
0.0
  0
LINE
  5
6A7
330
17
100
AcDbEntity
  8
hatch
100
AcDbLine
 10
15.19215728752538
 20
5.650000000000001
 30
0.0
 11
15.34215728752538
 21
5.8
 31
0.0
  0
LINE
  5
6A8
330
17
100
AcDbEntity
  8
hatch
100
AcDbLine
 10
15.05073593128807
 20
5.6499999999999995
 30
0.0
 11
15.20073593128807
 21
5.8
 31
0.0
  0
LINE
  5
6A9
330
17
100
AcDbEntity
  8
hatch
100
AcDbLine
 10
14.909314575050761
 20
5.65
 30
0.0
 11
15.05931457505076
 21
5.800000000000001
 31
0.0
  0
LINE
  5
6AA
330
17
100
AcDbEntity
  8
hatch
100
AcDbLine
 10
14.767893218813452
 20
5.65
 30
0.0
 11
14.91789321881345
 21
5.800000000000001
 31
0.0
  0
LINE
  5
6AB
330
17
100
AcDbEntity
  8
hatch
100
AcDbLine
 10
14.675
 20
5.6985281374238586
 30
0.0
 11
14.776471862576143
 21
5.800000000000001
 31
0.0
  0
LINE
  5
6AC
330
17
100
AcDbEntity
  8
carpinteria
100
AcDbLine
 10
14.675
 20
5.725
 30
0.0
 11
14.675
 21
6.525
 31
0.0
  0
LWPOLYLINE
  5
6AD
330
17
100
AcDbEntity
  8
carpinteria
100
AcDbPolyline
 90
15
 70
0
 10
14.675
 20
6.525
 10
14.585428419117353
 20
6.519969767914594
 10
14.496983252834948
 20
6.504942329745458
 10
14.410776750435867
 20
6.480106664246693
 10
14.327893008705953
 20
6.445775094321934
 10
14.249374338787728
 20
6.402379359382627
 10
14.176208158513015
 20
6.350465185974423
 10
14.10931457505076
 20
6.290685424949237
 10
14.049534814025574
 20
6.223791841486986
 10
13.997620640617374
 20
6.150625661212269
 10
13.954224905678064
 20
6.072106991294046
 10
13.919893335753304
 20
5.989223249564134
 10
13.89505767025454
 20
5.903016747165051
 10
13.880030232085407
 20
5.814571580882645
 10
13.875
 20
5.725
  0
LINE
  5
6AE
330
17
100
AcDbEntity
  8
carpinteria
100
AcDbLine
 10
14.675
 20
5.725
 30
0.0
 11
14.675
 21
5.725
 31
0.0
  0
LWPOLYLINE
  5
6AF
330
17
100
AcDbEntity
  8
fondo
100
AcDbPolyline
 90
4
 70
1
 10
21.525
 20
3.8
 10
22.425
 20
3.8
 10
22.425
 20
3.95
 10
21.525
 20
3.95
  0
LINE
  5
6B0
330
17
100
AcDbEntity
  8
hatch
100
AcDbLine
 10
22.283578643762695
 20
3.8000000000000007
 30
0.0
 11
22.425000000000004
 21
3.94142135623731
 31
0.0
  0
LINE
  5
6B1
330
17
100
AcDbEntity
  8
hatch
100
AcDbLine
 10
22.142157287525382
 20
3.799999999999999
 30
0.0
 11
22.292157287525384
 21
3.950000000000001
 31
0.0
  0
LINE
  5
6B2
330
17
100
AcDbEntity
  8
hatch
100
AcDbLine
 10
22.00073593128807
 20
3.799999999999997
 30
0.0
 11
22.150735931288075
 21
3.9499999999999993
 31
0.0
  0
LINE
  5
6B3
330
17
100
AcDbEntity
  8
hatch
100
AcDbLine
 10
21.85931457505076
 20
3.799999999999997
 30
0.0
 11
22.009314575050762
 21
3.9499999999999993
 31
0.0
  0
LINE
  5
6B4
330
17
100
AcDbEntity
  8
hatch
100
AcDbLine
 10
21.71789321881345
 20
3.799999999999999
 30
0.0
 11
21.86789321881345
 21
3.9499999999999975
 31
0.0
  0
LINE
  5
6B5
330
17
100
AcDbEntity
  8
hatch
100
AcDbLine
 10
21.576471862576142
 20
3.799999999999999
 30
0.0
 11
21.726471862576144
 21
3.9499999999999993
 31
0.0
  0
LINE
  5
6B6
330
17
100
AcDbEntity
  8
hatch
100
AcDbLine
 10
21.525
 20
3.8899494936611614
 30
0.0
 11
21.58505050633884
 21
3.950000000000001
 31
0.0
  0
LINE
  5
6B7
330
17
100
AcDbEntity
  8
carpinteria
100
AcDbLine
 10
21.525
 20
3.875
 30
0.0
 11
21.525
 21
2.975
 31
0.0
  0
LWPOLYLINE
  5
6B8
330
17
100
AcDbEntity
  8
carpinteria
100
AcDbPolyline
 90
15
 70
0
 10
21.525
 20
2.975
 10
21.625768028492978
 20
2.980659011096081
 10
21.72526884056068
 20
2.9975648790363594
 10
21.822251155759652
 20
3.0255050027224684
 10
21.9154953652058
 20
3.0641280188878226
 10
22.00382886886381
 20
3.112948220694544
 10
22.086140821672863
 20
3.171351665778772
 10
22.161396103067894
 20
3.2386038969321076
 10
22.22864833422123
 20
3.313859178327141
 10
22.287051779305454
 20
3.396171131136197
 10
22.335871981112177
 20
3.4845046347941975
 10
22.37449499727753
 20
3.5777488442403493
 10
22.402435120963645
 20
3.674731159439317
 10
22.41934098890392
 20
3.7742319715070223
 10
22.425
 20
3.875
  0
LINE
  5
6B9
330
17
100
AcDbEntity
  8
carpinteria
100
AcDbLine
 10
21.525
 20
3.875
 30
0.0
 11
21.525
 21
3.875
 31
0.0
  0
LWPOLYLINE
  5
6BA
330
17
100
AcDbEntity
  8
fondo
100
AcDbPolyline
 90
4
 70
1
 10
21.375
 20
5.65
 10
22.575
 20
5.65
 10
22.575
 20
5.8
 10
21.375
 20
5.8
  0
LINE
  5
6BB
330
17
100
AcDbEntity
  8
hatch
100
AcDbLine
 10
22.433578643762687
 20
5.649999999999999
 30
0.0
 11
22.575
 21
5.791421356237311
 31
0.0
  0
LINE
  5
6BC
330
17
100
AcDbEntity
  8
hatch
100
AcDbLine
 10
22.29215728752538
 20
5.65
 30
0.0
 11
22.44215728752538
 21
5.800000000000001
 31
0.0
  0
LINE
  5
6BD
330
17
100
AcDbEntity
  8
hatch
100
AcDbLine
 10
22.150735931288068
 20
5.650000000000002
 30
0.0
 11
22.300735931288067
 21
5.800000000000001
 31
0.0
  0
LINE
  5
6BE
330
17
100
AcDbEntity
  8
hatch
100
AcDbLine
 10
22.009314575050762
 20
5.650000000000002
 30
0.0
 11
22.15931457505076
 21
5.8000000000000025
 31
0.0
  0
LINE
  5
6BF
330
17
100
AcDbEntity
  8
hatch
100
AcDbLine
 10
21.86789321881345
 20
5.650000000000002
 30
0.0
 11
22.01789321881345
 21
5.800000000000001
 31
0.0
  0
LINE
  5
6C0
330
17
100
AcDbEntity
  8
hatch
100
AcDbLine
 10
21.72647186257614
 20
5.649999999999999
 30
0.0
 11
21.87647186257614
 21
5.799999999999999
 31
0.0
  0
LINE
  5
6C1
330
17
100
AcDbEntity
  8
hatch
100
AcDbLine
 10
21.58505050633883
 20
5.650000000000001
 30
0.0
 11
21.735050506338833
 21
5.800000000000002
 31
0.0
  0
LINE
  5
6C2
330
17
100
AcDbEntity
  8
hatch
100
AcDbLine
 10
21.443629150101522
 20
5.65
 30
0.0
 11
21.59362915010152
 21
5.800000000000001
 31
0.0
  0
LINE
  5
6C3
330
17
100
AcDbEntity
  8
hatch
100
AcDbLine
 10
21.375
 20
5.722792206135788
 30
0.0
 11
21.45220779386421
 21
5.799999999999999
 31
0.0
  0
LINE
  5
6C4
330
17
100
AcDbEntity
  8
carpinteria
100
AcDbLine
 10
21.375
 20
5.725
 30
0.0
 11
21.375
 21
6.925
 31
0.0
  0
LWPOLYLINE
  5
6C5
330
17
100
AcDbEntity
  8
carpinteria
100
AcDbPolyline
 90
15
 70
0
 10
21.375
 20
6.925
 10
21.240642628676028
 20
6.917454651871891
 10
21.107974879252424
 20
6.894913494618189
 10
20.978665125653798
 20
6.857659996370041
 10
20.85433951305893
 20
6.806162641482902
 10
20.73656150818159
 20
6.74106903907394
 10
20.62681223776952
 20
6.663197778961636
 10
20.526471862576145
 20
6.573528137423857
 10
20.436802221038363
 20
6.473187762230479
 10
20.35893096092606
 20
6.363438491818403
 10
20.2938373585171
 20
6.24566048694107
 10
20.24234000362996
 20
6.1213348743462
 10
20.20508650538181
 20
5.992025120747577
 10
20.18254534812811
 20
5.859357371323969
 10
20.175
 20
5.725
  0
LINE
  5
6C6
330
17
100
AcDbEntity
  8
carpinteria
100
AcDbLine
 10
21.375
 20
5.725
 30
0.0
 11
21.375
 21
5.725
 31
0.0
  0
LWPOLYLINE
  5
6C7
330
17
100
AcDbEntity
  8
fondo
100
AcDbPolyline
 90
4
 70
1
 10
17.75
 20
3.8
 10
18.950000000000003
 20
3.8
 10
18.950000000000003
 20
3.95
 10
17.75
 20
3.95
  0
LINE
  5
6C8
330
17
100
AcDbEntity
  8
hatch
100
AcDbLine
 10
18.808578643762694
 20
3.799999999999999
 30
0.0
 11
18.950000000000003
 21
3.94142135623731
 31
0.0
  0
LINE
  5
6C9
330
17
100
AcDbEntity
  8
hatch
100
AcDbLine
 10
18.667157287525384
 20
3.799999999999999
 30
0.0
 11
18.817157287525383
 21
3.9499999999999993
 31
0.0
  0
LINE
  5
6CA
330
17
100
AcDbEntity
  8
hatch
100
AcDbLine
 10
18.52573593128807
 20
3.8000000000000007
 30
0.0
 11
18.675735931288074
 21
3.950000000000001
 31
0.0
  0
LINE
  5
6CB
330
17
100
AcDbEntity
  8
hatch
100
AcDbLine
 10
18.384314575050762
 20
3.8
 30
0.0
 11
18.534314575050765
 21
3.95
 31
0.0
  0
LINE
  5
6CC
330
17
100
AcDbEntity
  8
hatch
100
AcDbLine
 10
18.242893218813453
 20
3.8
 30
0.0
 11
18.392893218813455
 21
3.95
 31
0.0
  0
LINE
  5
6CD
330
17
100
AcDbEntity
  8
hatch
100
AcDbLine
 10
18.101471862576147
 20
3.8
 30
0.0
 11
18.251471862576146
 21
3.95
 31
0.0
  0
LINE
  5
6CE
330
17
100
AcDbEntity
  8
hatch
100
AcDbLine
 10
17.96005050633884
 20
3.8
 30
0.0
 11
18.110050506338837
 21
3.95
 31
0.0
  0
LINE
  5
6CF
330
17
100
AcDbEntity
  8
hatch
100
AcDbLine
 10
17.818629150101522
 20
3.799999999999999
 30
0.0
 11
17.968629150101524
 21
3.9499999999999993
 31
0.0
  0
LINE
  5
6D0
330
17
100
AcDbEntity
  8
hatch
100
AcDbLine
 10
17.75
 20
3.8727922061357827
 30
0.0
 11
17.827207793864215
 21
3.9499999999999993
 31
0.0
  0
LINE
  5
6D1
330
17
100
AcDbEntity
  8
carpinteria
100
AcDbLine
 10
17.75
 20
3.875
 30
0.0
 11
17.75
 21
2.675
 31
0.0
  0
LWPOLYLINE
  5
6D2
330
17
100
AcDbEntity
  8
carpinteria
100
AcDbPolyline
 90
15
 70
0
 10
17.75
 20
2.675
 10
17.88435737132397
 20
2.6825453481281087
 10
18.017025120747576
 20
2.7050865053818116
 10
18.146334874346202
 20
2.74234000362996
 10
18.27066048694107
 20
2.7938373585170964
 10
18.388438491818405
 20
2.8589309609260596
 10
18.49818776223048
 20
2.936802221038364
 10
18.59852813742386
 20
3.0264718625761433
 10
18.688197778961637
 20
3.1268122377695193
 10
18.76606903907394
 20
3.236561508181596
 10
18.831162641482905
 20
3.3543395130589304
 10
18.88265999637004
 20
3.4786651256537993
 10
18.91991349461819
 20
3.607974879252423
 10
18.94245465187189
 20
3.7406426286760306
 10
18.95
 20
3.875
  0
LINE
  5
6D3
330
17
100
AcDbEntity
  8
carpinteria
100
AcDbLine
 10
17.75
 20
3.875
 30
0.0
 11
17.75
 21
3.875
 31
0.0
  0
LWPOLYLINE
  5
6D4
330
17
100
AcDbEntity
  8
mobiliario
100
AcDbPolyline
 90
4
 70
1
 10
0.3
 20
0.35
 10
2.3
 20
0.35
 10
2.3
 20
1.35
 10
0.3
 20
1.35
  0
LWPOLYLINE
  5
6D5
330
17
100
AcDbEntity
  8
mobiliario
100
AcDbPolyline
 90
4
 70
1
 10
0.3
 20
0.4
 10
0.75
 20
0.4
 10
0.75
 20
0.9
 10
0.3
 20
0.9
  0
LWPOLYLINE
  5
6D6
330
17
100
AcDbEntity
  8
mobiliario
100
AcDbPolyline
 90
4
 70
1
 10
0.3
 20
1.45
 10
2.3
 20
1.45
 10
2.3
 20
2.45
 10
0.3
 20
2.45
  0
LWPOLYLINE
  5
6D7
330
17
100
AcDbEntity
  8
mobiliario
100
AcDbPolyline
 90
4
 70
1
 10
0.3
 20
1.5
 10
0.75
 20
1.5
 10
0.75
 20
2.0
 10
0.3
 20
2.0
  0
LWPOLYLINE
  5
6D8
330
17
100
AcDbEntity
  8
mobiliario
100
AcDbPolyline
 90
4
 70
1
 10
2.37
 20
1.3299999999999996
 10
2.7700000000000005
 20
1.3299999999999996
 10
2.7700000000000005
 20
1.6299999999999997
 10
2.37
 20
1.6299999999999997
  0
LWPOLYLINE
  5
6D9
330
17
100
AcDbEntity
  8
mobiliario
100
AcDbPolyline
 90
4
 70
1
 10
2.2
 20
3.05
 10
3.4
 20
3.05
 10
3.4
 20
3.65
 10
2.2
 20
3.65
  0
LWPOLYLINE
  5
6DA
330
17
100
AcDbEntity
  8
mobiliario
100
AcDbPolyline
 90
4
 70
1
 10
2.2
 20
2.3
 10
3.4
 20
2.3
 10
3.4
 20
2.9
 10
2.2
 20
2.9
  0
LWPOLYLINE
  5
6DB
330
17
100
AcDbEntity
  8
mobiliario
100
AcDbPolyline
 90
4
 70
1
 10
2.8
 20
1.95
 10
3.4
 20
1.95
 10
3.4
 20
3.75
 10
2.8
 20
3.75
  0
LWPOLYLINE
  5
6DC
330
17
100
AcDbEntity
  8
mobiliario
100
AcDbPolyline
 90
4
 70
1
 10
3.65
 20
0.35
 10
5.65
 20
0.35
 10
5.65
 20
1.35
 10
3.65
 20
1.35
  0
LWPOLYLINE
  5
6DD
330
17
100
AcDbEntity
  8
mobiliario
100
AcDbPolyline
 90
4
 70
1
 10
3.65
 20
0.4
 10
4.1
 20
0.4
 10
4.1
 20
0.9
 10
3.65
 20
0.9
  0
LWPOLYLINE
  5
6DE
330
17
100
AcDbEntity
  8
mobiliario
100
AcDbPolyline
 90
4
 70
1
 10
3.65
 20
1.45
 10
5.65
 20
1.45
 10
5.65
 20
2.45
 10
3.65
 20
2.45
  0
LWPOLYLINE
  5
6DF
330
17
100
AcDbEntity
  8
mobiliario
100
AcDbPolyline
 90
4
 70
1
 10
3.65
 20
1.5
 10
4.1
 20
1.5
 10
4.1
 20
2.0
 10
3.65
 20
2.0
  0
LWPOLYLINE
  5
6E0
330
17
100
AcDbEntity
  8
mobiliario
100
AcDbPolyline
 90
4
 70
1
 10
5.720000000000001
 20
1.3299999999999996
 10
6.120000000000002
 20
1.3299999999999996
 10
6.120000000000002
 20
1.6299999999999997
 10
5.720000000000001
 20
1.6299999999999997
  0
LWPOLYLINE
  5
6E1
330
17
100
AcDbEntity
  8
mobiliario
100
AcDbPolyline
 90
4
 70
1
 10
5.55
 20
3.05
 10
6.75
 20
3.05
 10
6.75
 20
3.65
 10
5.55
 20
3.65
  0
LWPOLYLINE
  5
6E2
330
17
100
AcDbEntity
  8
mobiliario
100
AcDbPolyline
 90
4
 70
1
 10
5.55
 20
2.3
 10
6.75
 20
2.3
 10
6.75
 20
2.9
 10
5.55
 20
2.9
  0
LWPOLYLINE
  5
6E3
330
17
100
AcDbEntity
  8
mobiliario
100
AcDbPolyline
 90
4
 70
1
 10
6.15
 20
1.95
 10
6.749999999999998
 20
1.95
 10
6.749999999999998
 20
3.75
 10
6.15
 20
3.75
  0
LWPOLYLINE
  5
6E4
330
17
100
AcDbEntity
  8
mobiliario
100
AcDbPolyline
 90
4
 70
1
 10
7.0
 20
0.35
 10
9.0
 20
0.35
 10
9.0
 20
1.35
 10
7.0
 20
1.35
  0
LWPOLYLINE
  5
6E5
330
17
100
AcDbEntity
  8
mobiliario
100
AcDbPolyline
 90
4
 70
1
 10
7.0
 20
0.4
 10
7.45
 20
0.4
 10
7.45
 20
0.9
 10
7.0
 20
0.9
  0
LWPOLYLINE
  5
6E6
330
17
100
AcDbEntity
  8
mobiliario
100
AcDbPolyline
 90
4
 70
1
 10
7.0
 20
1.45
 10
9.0
 20
1.45
 10
9.0
 20
2.45
 10
7.0
 20
2.45
  0
LWPOLYLINE
  5
6E7
330
17
100
AcDbEntity
  8
mobiliario
100
AcDbPolyline
 90
4
 70
1
 10
7.0
 20
1.5
 10
7.45
 20
1.5
 10
7.45
 20
2.0
 10
7.0
 20
2.0
  0
LWPOLYLINE
  5
6E8
330
17
100
AcDbEntity
  8
mobiliario
100
AcDbPolyline
 90
4
 70
1
 10
9.069999999999999
 20
1.3299999999999996
 10
9.469999999999999
 20
1.3299999999999996
 10
9.469999999999999
 20
1.6299999999999997
 10
9.069999999999999
 20
1.6299999999999997
  0
LWPOLYLINE
  5
6E9
330
17
100
AcDbEntity
  8
mobiliario
100
AcDbPolyline
 90
4
 70
1
 10
8.9
 20
3.05
 10
10.1
 20
3.05
 10
10.1
 20
3.65
 10
8.9
 20
3.65
  0
LWPOLYLINE
  5
6EA
330
17
100
AcDbEntity
  8
mobiliario
100
AcDbPolyline
 90
4
 70
1
 10
8.9
 20
2.3
 10
10.1
 20
2.3
 10
10.1
 20
2.9
 10
8.9
 20
2.9
  0
LWPOLYLINE
  5
6EB
330
17
100
AcDbEntity
  8
mobiliario
100
AcDbPolyline
 90
4
 70
1
 10
9.5
 20
1.95
 10
10.1
 20
1.95
 10
10.1
 20
3.75
 10
9.5
 20
3.75
  0
LWPOLYLINE
  5
6EC
330
17
100
AcDbEntity
  8
mobiliario
100
AcDbPolyline
 90
4
 70
1
 10
10.35
 20
0.35
 10
12.35
 20
0.35
 10
12.35
 20
1.35
 10
10.35
 20
1.35
  0
LWPOLYLINE
  5
6ED
330
17
100
AcDbEntity
  8
mobiliario
100
AcDbPolyline
 90
4
 70
1
 10
10.35
 20
0.4
 10
10.8
 20
0.4
 10
10.8
 20
0.9
 10
10.35
 20
0.9
  0
LWPOLYLINE
  5
6EE
330
17
100
AcDbEntity
  8
mobiliario
100
AcDbPolyline
 90
4
 70
1
 10
10.35
 20
1.45
 10
12.35
 20
1.45
 10
12.35
 20
2.45
 10
10.35
 20
2.45
  0
LWPOLYLINE
  5
6EF
330
17
100
AcDbEntity
  8
mobiliario
100
AcDbPolyline
 90
4
 70
1
 10
10.35
 20
1.5
 10
10.8
 20
1.5
 10
10.8
 20
2.0
 10
10.35
 20
2.0
  0
LWPOLYLINE
  5
6F0
330
17
100
AcDbEntity
  8
mobiliario
100
AcDbPolyline
 90
4
 70
1
 10
12.420000000000002
 20
1.3299999999999996
 10
12.820000000000002
 20
1.3299999999999996
 10
12.820000000000002
 20
1.6299999999999997
 10
12.420000000000002
 20
1.6299999999999997
  0
LWPOLYLINE
  5
6F1
330
17
100
AcDbEntity
  8
mobiliario
100
AcDbPolyline
 90
4
 70
1
 10
12.25
 20
3.05
 10
13.45
 20
3.05
 10
13.45
 20
3.65
 10
12.25
 20
3.65
  0
LWPOLYLINE
  5
6F2
330
17
100
AcDbEntity
  8
mobiliario
100
AcDbPolyline
 90
4
 70
1
 10
12.25
 20
2.3
 10
13.45
 20
2.3
 10
13.45
 20
2.9
 10
12.25
 20
2.9
  0
LWPOLYLINE
  5
6F3
330
17
100
AcDbEntity
  8
mobiliario
100
AcDbPolyline
 90
4
 70
1
 10
12.85
 20
1.95
 10
13.45
 20
1.95
 10
13.45
 20
3.75
 10
12.85
 20
3.75
  0
LWPOLYLINE
  5
6F4
330
17
100
AcDbEntity
  8
mobiliario
100
AcDbPolyline
 90
4
 70
1
 10
0.3
 20
8.25
 10
2.3
 20
8.25
 10
2.3
 20
9.25
 10
0.3
 20
9.25
  0
LWPOLYLINE
  5
6F5
330
17
100
AcDbEntity
  8
mobiliario
100
AcDbPolyline
 90
4
 70
1
 10
0.3
 20
8.7
 10
0.75
 20
8.7
 10
0.75
 20
9.2
 10
0.3
 20
9.2
  0
LWPOLYLINE
  5
6F6
330
17
100
AcDbEntity
  8
mobiliario
100
AcDbPolyline
 90
4
 70
1
 10
0.3
 20
7.15
 10
2.3
 20
7.15
 10
2.3
 20
8.149999999999999
 10
0.3
 20
8.149999999999999
  0
LWPOLYLINE
  5
6F7
330
17
100
AcDbEntity
  8
mobiliario
100
AcDbPolyline
 90
4
 70
1
 10
0.3
 20
7.6
 10
0.75
 20
7.6
 10
0.75
 20
8.1
 10
0.3
 20
8.1
  0
LWPOLYLINE
  5
6F8
330
17
100
AcDbEntity
  8
mobiliario
100
AcDbPolyline
 90
4
 70
1
 10
2.37
 20
7.970000000000001
 10
2.7700000000000005
 20
7.970000000000001
 10
2.7700000000000005
 20
8.27
 10
2.37
 20
8.27
  0
LWPOLYLINE
  5
6F9
330
17
100
AcDbEntity
  8
mobiliario
100
AcDbPolyline
 90
4
 70
1
 10
2.2
 20
5.949999999999999
 10
3.4
 20
5.949999999999999
 10
3.4
 20
6.549999999999999
 10
2.2
 20
6.549999999999999
  0
LWPOLYLINE
  5
6FA
330
17
100
AcDbEntity
  8
mobiliario
100
AcDbPolyline
 90
4
 70
1
 10
2.2
 20
6.7
 10
3.4
 20
6.7
 10
3.4
 20
7.299999999999999
 10
2.2
 20
7.299999999999999
  0
LWPOLYLINE
  5
6FB
330
17
100
AcDbEntity
  8
mobiliario
100
AcDbPolyline
 90
4
 70
1
 10
2.8
 20
5.85
 10
3.4
 20
5.85
 10
3.4
 20
7.65
 10
2.8
 20
7.65
  0
LWPOLYLINE
  5
6FC
330
17
100
AcDbEntity
  8
mobiliario
100
AcDbPolyline
 90
4
 70
1
 10
3.65
 20
8.25
 10
5.65
 20
8.25
 10
5.65
 20
9.25
 10
3.65
 20
9.25
  0
LWPOLYLINE
  5
6FD
330
17
100
AcDbEntity
  8
mobiliario
100
AcDbPolyline
 90
4
 70
1
 10
3.65
 20
8.7
 10
4.1
 20
8.7
 10
4.1
 20
9.2
 10
3.65
 20
9.2
  0
LWPOLYLINE
  5
6FE
330
17
100
AcDbEntity
  8
mobiliario
100
AcDbPolyline
 90
4
 70
1
 10
3.65
 20
7.15
 10
5.65
 20
7.15
 10
5.65
 20
8.149999999999999
 10
3.65
 20
8.149999999999999
  0
LWPOLYLINE
  5
6FF
330
17
100
AcDbEntity
  8
mobiliario
100
AcDbPolyline
 90
4
 70
1
 10
3.65
 20
7.6
 10
4.1
 20
7.6
 10
4.1
 20
8.1
 10
3.65
 20
8.1
  0
LWPOLYLINE
  5
700
330
17
100
AcDbEntity
  8
mobiliario
100
AcDbPolyline
 90
4
 70
1
 10
5.720000000000001
 20
7.970000000000001
 10
6.120000000000002
 20
7.970000000000001
 10
6.120000000000002
 20
8.27
 10
5.720000000000001
 20
8.27
  0
LWPOLYLINE
  5
701
330
17
100
AcDbEntity
  8
mobiliario
100
AcDbPolyline
 90
4
 70
1
 10
5.55
 20
5.949999999999999
 10
6.75
 20
5.949999999999999
 10
6.75
 20
6.549999999999999
 10
5.55
 20
6.549999999999999
  0
LWPOLYLINE
  5
702
330
17
100
AcDbEntity
  8
mobiliario
100
AcDbPolyline
 90
4
 70
1
 10
5.55
 20
6.7
 10
6.75
 20
6.7
 10
6.75
 20
7.299999999999999
 10
5.55
 20
7.299999999999999
  0
LWPOLYLINE
  5
703
330
17
100
AcDbEntity
  8
mobiliario
100
AcDbPolyline
 90
4
 70
1
 10
6.15
 20
5.85
 10
6.749999999999998
 20
5.85
 10
6.749999999999998
 20
7.65
 10
6.15
 20
7.65
  0
LWPOLYLINE
  5
704
330
17
100
AcDbEntity
  8
mobiliario
100
AcDbPolyline
 90
4
 70
1
 10
7.0
 20
8.25
 10
9.0
 20
8.25
 10
9.0
 20
9.25
 10
7.0
 20
9.25
  0
LWPOLYLINE
  5
705
330
17
100
AcDbEntity
  8
mobiliario
100
AcDbPolyline
 90
4
 70
1
 10
7.0
 20
8.7
 10
7.45
 20
8.7
 10
7.45
 20
9.2
 10
7.0
 20
9.2
  0
LWPOLYLINE
  5
706
330
17
100
AcDbEntity
  8
mobiliario
100
AcDbPolyline
 90
4
 70
1
 10
7.0
 20
7.15
 10
9.0
 20
7.15
 10
9.0
 20
8.149999999999999
 10
7.0
 20
8.149999999999999
  0
LWPOLYLINE
  5
707
330
17
100
AcDbEntity
  8
mobiliario
100
AcDbPolyline
 90
4
 70
1
 10
7.0
 20
7.6
 10
7.45
 20
7.6
 10
7.45
 20
8.1
 10
7.0
 20
8.1
  0
LWPOLYLINE
  5
708
330
17
100
AcDbEntity
  8
mobiliario
100
AcDbPolyline
 90
4
 70
1
 10
9.069999999999999
 20
7.970000000000001
 10
9.469999999999999
 20
7.970000000000001
 10
9.469999999999999
 20
8.27
 10
9.069999999999999
 20
8.27
  0
LWPOLYLINE
  5
709
330
17
100
AcDbEntity
  8
mobiliario
100
AcDbPolyline
 90
4
 70
1
 10
8.9
 20
5.949999999999999
 10
10.1
 20
5.949999999999999
 10
10.1
 20
6.549999999999999
 10
8.9
 20
6.549999999999999
  0
LWPOLYLINE
  5
70A
330
17
100
AcDbEntity
  8
mobiliario
100
AcDbPolyline
 90
4
 70
1
 10
8.9
 20
6.7
 10
10.1
 20
6.7
 10
10.1
 20
7.299999999999999
 10
8.9
 20
7.299999999999999
  0
LWPOLYLINE
  5
70B
330
17
100
AcDbEntity
  8
mobiliario
100
AcDbPolyline
 90
4
 70
1
 10
9.5
 20
5.85
 10
10.1
 20
5.85
 10
10.1
 20
7.65
 10
9.5
 20
7.65
  0
LWPOLYLINE
  5
70C
330
17
100
AcDbEntity
  8
mobiliario
100
AcDbPolyline
 90
4
 70
1
 10
10.35
 20
8.25
 10
12.35
 20
8.25
 10
12.35
 20
9.25
 10
10.35
 20
9.25
  0
LWPOLYLINE
  5
70D
330
17
100
AcDbEntity
  8
mobiliario
100
AcDbPolyline
 90
4
 70
1
 10
10.35
 20
8.7
 10
10.8
 20
8.7
 10
10.8
 20
9.2
 10
10.35
 20
9.2
  0
LWPOLYLINE
  5
70E
330
17
100
AcDbEntity
  8
mobiliario
100
AcDbPolyline
 90
4
 70
1
 10
10.35
 20
7.15
 10
12.35
 20
7.15
 10
12.35
 20
8.149999999999999
 10
10.35
 20
8.149999999999999
  0
LWPOLYLINE
  5
70F
330
17
100
AcDbEntity
  8
mobiliario
100
AcDbPolyline
 90
4
 70
1
 10
10.35
 20
7.6
 10
10.8
 20
7.6
 10
10.8
 20
8.1
 10
10.35
 20
8.1
  0
LWPOLYLINE
  5
710
330
17
100
AcDbEntity
  8
mobiliario
100
AcDbPolyline
 90
4
 70
1
 10
12.420000000000002
 20
7.970000000000001
 10
12.820000000000002
 20
7.970000000000001
 10
12.820000000000002
 20
8.27
 10
12.420000000000002
 20
8.27
  0
LWPOLYLINE
  5
711
330
17
100
AcDbEntity
  8
mobiliario
100
AcDbPolyline
 90
4
 70
1
 10
12.25
 20
5.949999999999999
 10
13.45
 20
5.949999999999999
 10
13.45
 20
6.549999999999999
 10
12.25
 20
6.549999999999999
  0
LWPOLYLINE
  5
712
330
17
100
AcDbEntity
  8
mobiliario
100
AcDbPolyline
 90
4
 70
1
 10
12.25
 20
6.7
 10
13.45
 20
6.7
 10
13.45
 20
7.299999999999999
 10
12.25
 20
7.299999999999999
  0
LWPOLYLINE
  5
713
330
17
100
AcDbEntity
  8
mobiliario
100
AcDbPolyline
 90
4
 70
1
 10
12.85
 20
5.85
 10
13.45
 20
5.85
 10
13.45
 20
7.65
 10
12.85
 20
7.65
  0
LWPOLYLINE
  5
714
330
17
100
AcDbEntity
  8
mobiliario
100
AcDbPolyline
 90
4
 70
1
 10
13.75
 20
0.45
 10
14.35
 20
0.45
 10
14.35
 20
0.95
 10
13.75
 20
0.95
  0
LWPOLYLINE
  5
715
330
17
100
AcDbEntity
  8
mobiliario
100
AcDbPolyline
 90
4
 70
1
 10
13.75
 20
1.05
 10
14.35
 20
1.05
 10
14.35
 20
1.55
 10
13.75
 20
1.55
  0
LWPOLYLINE
  5
716
330
17
100
AcDbEntity
  8
mobiliario
100
AcDbPolyline
 90
4
 70
1
 10
13.75
 20
1.65
 10
14.35
 20
1.65
 10
14.35
 20
2.15
 10
13.75
 20
2.15
  0
LWPOLYLINE
  5
717
330
17
100
AcDbEntity
  8
sanitario
100
AcDbPolyline
 90
4
 70
1
 10
16.3
 20
0.55
 10
16.35
 20
0.55
 10
16.35
 20
1.05
 10
16.3
 20
1.05
  0
CIRCLE
  5
718
330
17
100
AcDbEntity
  8
sanitario
100
AcDbCircle
 10
16.1
 20
0.8
 30
0.0
 40
0.19
  0
LWPOLYLINE
  5
719
330
17
100
AcDbEntity
  8
sanitario
100
AcDbPolyline
 90
4
 70
1
 10
15.9
 20
0.6099999999999994
 10
16.28
 20
0.6099999999999994
 10
16.28
 20
0.9900000000000005
 10
15.9
 20
0.9900000000000005
  0
LWPOLYLINE
  5
71A
330
17
100
AcDbEntity
  8
sanitario
100
AcDbPolyline
 90
4
 70
1
 10
16.3
 20
1.15
 10
16.35
 20
1.15
 10
16.35
 20
1.65
 10
16.3
 20
1.65
  0
CIRCLE
  5
71B
330
17
100
AcDbEntity
  8
sanitario
100
AcDbCircle
 10
16.1
 20
1.4
 30
0.0
 40
0.19
  0
LWPOLYLINE
  5
71C
330
17
100
AcDbEntity
  8
sanitario
100
AcDbPolyline
 90
4
 70
1
 10
15.9
 20
1.2099999999999995
 10
16.28
 20
1.2099999999999995
 10
16.28
 20
1.5900000000000005
 10
15.9
 20
1.5900000000000005
  0
LWPOLYLINE
  5
71D
330
17
100
AcDbEntity
  8
sanitario
100
AcDbPolyline
 90
4
 70
1
 10
16.3
 20
1.75
 10
16.35
 20
1.75
 10
16.35
 20
2.25
 10
16.3
 20
2.25
  0
CIRCLE
  5
71E
330
17
100
AcDbEntity
  8
sanitario
100
AcDbCircle
 10
16.1
 20
2.0
 30
0.0
 40
0.19
  0
LWPOLYLINE
  5
71F
330
17
100
AcDbEntity
  8
sanitario
100
AcDbPolyline
 90
4
 70
1
 10
15.9
 20
1.8099999999999994
 10
16.28
 20
1.8099999999999994
 10
16.28
 20
2.1900000000000004
 10
15.9
 20
2.1900000000000004
  0
LWPOLYLINE
  5
720
330
17
100
AcDbEntity
  8
mobiliario
100
AcDbPolyline
 90
4
 70
1
 10
15.95
 20
2.5
 10
16.349999999999998
 20
2.5
 10
16.349999999999998
 20
2.85
 10
15.95
 20
2.85
  0
LINE
  5
721
330
17
100
AcDbEntity
  8
sanitario
100
AcDbLine
 10
15.95
 20
2.5
 30
0.0
 11
16.15
 21
3.15
 31
0.0
  0
LWPOLYLINE
  5
722
330
17
100
AcDbEntity
  8
sanitario
100
AcDbPolyline
 90
4
 70
1
 10
13.9
 20
0.35
 10
14.85
 20
0.35
 10
14.85
 20
1.3
 10
13.9
 20
1.3
  0
LINE
  5
723
330
17
100
AcDbEntity
  8
sanitario
100
AcDbLine
 10
13.9
 20
0.35
 30
0.0
 11
14.85
 21
1.3
 31
0.0
  0
CIRCLE
  5
724
330
17
100
AcDbEntity
  8
sanitario
100
AcDbCircle
 10
14.02
 20
0.4700000000000003
 30
0.0
 40
0.05
  0
CIRCLE
  5
725
330
17
100
AcDbEntity
  8
sanitario
100
AcDbCircle
 10
14.38
 20
1.25
 30
0.0
 40
0.06
  0
LWPOLYLINE
  5
726
330
17
100
AcDbEntity
  8
sanitario
100
AcDbPolyline
 90
4
 70
1
 10
15.0
 20
0.35
 10
15.95
 20
0.35
 10
15.95
 20
1.3
 10
15.0
 20
1.3
  0
LINE
  5
727
330
17
100
AcDbEntity
  8
sanitario
100
AcDbLine
 10
15.0
 20
0.35
 30
0.0
 11
15.95
 21
1.3
 31
0.0
  0
CIRCLE
  5
728
330
17
100
AcDbEntity
  8
sanitario
100
AcDbCircle
 10
15.12
 20
0.4700000000000003
 30
0.0
 40
0.05
  0
CIRCLE
  5
729
330
17
100
AcDbEntity
  8
sanitario
100
AcDbCircle
 10
15.48
 20
1.25
 30
0.0
 40
0.06
  0
LWPOLYLINE
  5
72A
330
17
100
AcDbEntity
  8
hatch
100
AcDbPolyline
 90
3
 70
0
 10
16.15
 20
3.8
 10
16.5
 20
3.8
 10
16.5
 20
3.45
  0
LWPOLYLINE
  5
72B
330
17
100
AcDbEntity
  8
mobiliario
100
AcDbPolyline
 90
4
 70
1
 10
13.75
 20
8.65
 10
14.35
 20
8.65
 10
14.35
 20
9.15
 10
13.75
 20
9.15
  0
LWPOLYLINE
  5
72C
330
17
100
AcDbEntity
  8
mobiliario
100
AcDbPolyline
 90
4
 70
1
 10
13.75
 20
8.049999999999999
 10
14.35
 20
8.049999999999999
 10
14.35
 20
8.549999999999999
 10
13.75
 20
8.549999999999999
  0
LWPOLYLINE
  5
72D
330
17
100
AcDbEntity
  8
mobiliario
100
AcDbPolyline
 90
4
 70
1
 10
13.75
 20
7.45
 10
14.35
 20
7.45
 10
14.35
 20
7.95
 10
13.75
 20
7.95
  0
LWPOLYLINE
  5
72E
330
17
100
AcDbEntity
  8
sanitario
100
AcDbPolyline
 90
4
 70
1
 10
16.3
 20
8.549999999999999
 10
16.35
 20
8.549999999999999
 10
16.35
 20
9.049999999999999
 10
16.3
 20
9.049999999999999
  0
CIRCLE
  5
72F
330
17
100
AcDbEntity
  8
sanitario
100
AcDbCircle
 10
16.1
 20
8.799999999999999
 30
0.0
 40
0.19
  0
LWPOLYLINE
  5
730
330
17
100
AcDbEntity
  8
sanitario
100
AcDbPolyline
 90
4
 70
1
 10
15.9
 20
8.61
 10
16.28
 20
8.61
 10
16.28
 20
8.989999999999998
 10
15.9
 20
8.989999999999998
  0
LWPOLYLINE
  5
731
330
17
100
AcDbEntity
  8
sanitario
100
AcDbPolyline
 90
4
 70
1
 10
16.3
 20
7.95
 10
16.35
 20
7.95
 10
16.35
 20
8.45
 10
16.3
 20
8.45
  0
CIRCLE
  5
732
330
17
100
AcDbEntity
  8
sanitario
100
AcDbCircle
 10
16.1
 20
8.2
 30
0.0
 40
0.19
  0
LWPOLYLINE
  5
733
330
17
100
AcDbEntity
  8
sanitario
100
AcDbPolyline
 90
4
 70
1
 10
15.9
 20
8.01
 10
16.28
 20
8.01
 10
16.28
 20
8.39
 10
15.9
 20
8.39
  0
LWPOLYLINE
  5
734
330
17
100
AcDbEntity
  8
sanitario
100
AcDbPolyline
 90
4
 70
1
 10
16.3
 20
7.35
 10
16.35
 20
7.35
 10
16.35
 20
7.85
 10
16.3
 20
7.85
  0
CIRCLE
  5
735
330
17
100
AcDbEntity
  8
sanitario
100
AcDbCircle
 10
16.1
 20
7.6
 30
0.0
 40
0.19
  0
LWPOLYLINE
  5
736
330
17
100
AcDbEntity
  8
sanitario
100
AcDbPolyline
 90
4
 70
1
 10
15.9
 20
7.409999999999999
 10
16.28
 20
7.409999999999999
 10
16.28
 20
7.790000000000001
 10
15.9
 20
7.790000000000001
  0
LWPOLYLINE
  5
737
330
17
100
AcDbEntity
  8
mobiliario
100
AcDbPolyline
 90
4
 70
1
 10
15.95
 20
6.45
 10
16.349999999999998
 20
6.45
 10
16.349999999999998
 20
6.799999999999999
 10
15.95
 20
6.799999999999999
  0
LINE
  5
738
330
17
100
AcDbEntity
  8
sanitario
100
AcDbLine
 10
15.95
 20
7.1
 30
0.0
 11
16.15
 21
6.45
 31
0.0
  0
LWPOLYLINE
  5
739
330
17
100
AcDbEntity
  8
sanitario
100
AcDbPolyline
 90
4
 70
1
 10
13.9
 20
8.299999999999999
 10
14.85
 20
8.299999999999999
 10
14.85
 20
9.249999999999998
 10
13.9
 20
9.249999999999998
  0
LINE
  5
73A
330
17
100
AcDbEntity
  8
sanitario
100
AcDbLine
 10
13.9
 20
8.299999999999999
 30
0.0
 11
14.85
 21
9.249999999999998
 31
0.0
  0
CIRCLE
  5
73B
330
17
100
AcDbEntity
  8
sanitario
100
AcDbCircle
 10
14.02
 20
8.419999999999998
 30
0.0
 40
0.05
  0
CIRCLE
  5
73C
330
17
100
AcDbEntity
  8
sanitario
100
AcDbCircle
 10
14.38
 20
9.2
 30
0.0
 40
0.06
  0
LWPOLYLINE
  5
73D
330
17
100
AcDbEntity
  8
sanitario
100
AcDbPolyline
 90
4
 70
1
 10
15.0
 20
8.299999999999999
 10
15.95
 20
8.299999999999999
 10
15.95
 20
9.249999999999998
 10
15.0
 20
9.249999999999998
  0
LINE
  5
73E
330
17
100
AcDbEntity
  8
sanitario
100
AcDbLine
 10
15.0
 20
8.299999999999999
 30
0.0
 11
15.95
 21
9.249999999999998
 31
0.0
  0
CIRCLE
  5
73F
330
17
100
AcDbEntity
  8
sanitario
100
AcDbCircle
 10
15.12
 20
8.419999999999998
 30
0.0
 40
0.05
  0
CIRCLE
  5
740
330
17
100
AcDbEntity
  8
sanitario
100
AcDbCircle
 10
15.48
 20
9.2
 30
0.0
 40
0.06
  0
LWPOLYLINE
  5
741
330
17
100
AcDbEntity
  8
hatch
100
AcDbPolyline
 90
3
 70
0
 10
16.15
 20
5.8
 10
16.5
 20
5.8
 10
16.5
 20
6.1499999999999995
  0
LWPOLYLINE
  5
742
330
17
100
AcDbEntity
  8
marco-fino
100
AcDbPolyline
 90
4
 70
1
 10
16.65
 20
7.889999999999999
 10
20.05
 20
7.889999999999999
 10
20.05
 20
9.35
 10
16.65
 20
9.35
  0
TEXT
  5
743
330
17
100
AcDbEntity
  8
texto-suave
100
AcDbText
 10
18.35
 20
8.569999999999999
 30
0.0
 40
0.095
  1
DESCANSO +4,88
 72
1
 11
18.35
 21
8.569999999999999
 31
0.0
100
AcDbText
  0
LINE
  5
744
330
17
100
AcDbEntity
  8
marco-fino
100
AcDbLine
 10
16.65
 20
5.65
 30
0.0
 11
18.25
 21
5.65
 31
0.0
  0
LINE
  5
745
330
17
100
AcDbEntity
  8
marco-fino
100
AcDbLine
 10
18.45
 20
5.65
 30
0.0
 11
20.05
 21
5.65
 31
0.0
  0
LINE
  5
746
330
17
100
AcDbEntity
  8
marco-fino
100
AcDbLine
 10
16.65
 20
5.930000000000001
 30
0.0
 11
18.25
 21
5.930000000000001
 31
0.0
  0
LINE
  5
747
330
17
100
AcDbEntity
  8
marco-fino
100
AcDbLine
 10
18.45
 20
5.930000000000001
 30
0.0
 11
20.05
 21
5.930000000000001
 31
0.0
  0
LINE
  5
748
330
17
100
AcDbEntity
  8
marco-fino
100
AcDbLine
 10
16.65
 20
6.210000000000001
 30
0.0
 11
18.25
 21
6.210000000000001
 31
0.0
  0
LINE
  5
749
330
17
100
AcDbEntity
  8
marco-fino
100
AcDbLine
 10
18.45
 20
6.210000000000001
 30
0.0
 11
20.05
 21
6.210000000000001
 31
0.0
  0
LINE
  5
74A
330
17
100
AcDbEntity
  8
marco-fino
100
AcDbLine
 10
16.65
 20
6.49
 30
0.0
 11
18.25
 21
6.49
 31
0.0
  0
LINE
  5
74B
330
17
100
AcDbEntity
  8
marco-fino
100
AcDbLine
 10
18.45
 20
6.49
 30
0.0
 11
20.05
 21
6.49
 31
0.0
  0
LINE
  5
74C
330
17
100
AcDbEntity
  8
marco-fino
100
AcDbLine
 10
16.65
 20
6.7700000000000005
 30
0.0
 11
18.25
 21
6.7700000000000005
 31
0.0
  0
LINE
  5
74D
330
17
100
AcDbEntity
  8
marco-fino
100
AcDbLine
 10
18.45
 20
6.7700000000000005
 30
0.0
 11
20.05
 21
6.7700000000000005
 31
0.0
  0
LINE
  5
74E
330
17
100
AcDbEntity
  8
marco-fino
100
AcDbLine
 10
16.65
 20
7.05
 30
0.0
 11
18.25
 21
7.05
 31
0.0
  0
LINE
  5
74F
330
17
100
AcDbEntity
  8
marco-fino
100
AcDbLine
 10
18.45
 20
7.05
 30
0.0
 11
20.05
 21
7.05
 31
0.0
  0
LINE
  5
750
330
17
100
AcDbEntity
  8
marco-fino
100
AcDbLine
 10
16.65
 20
7.33
 30
0.0
 11
18.25
 21
7.33
 31
0.0
  0
LINE
  5
751
330
17
100
AcDbEntity
  8
marco-fino
100
AcDbLine
 10
18.45
 20
7.33
 30
0.0
 11
20.05
 21
7.33
 31
0.0
  0
LINE
  5
752
330
17
100
AcDbEntity
  8
marco-fino
100
AcDbLine
 10
16.65
 20
7.610000000000001
 30
0.0
 11
18.25
 21
7.610000000000001
 31
0.0
  0
LINE
  5
753
330
17
100
AcDbEntity
  8
marco-fino
100
AcDbLine
 10
18.45
 20
7.610000000000001
 30
0.0
 11
20.05
 21
7.610000000000001
 31
0.0
  0
LINE
  5
754
330
17
100
AcDbEntity
  8
marco-fino
100
AcDbLine
 10
16.65
 20
7.890000000000001
 30
0.0
 11
18.25
 21
7.890000000000001
 31
0.0
  0
LINE
  5
755
330
17
100
AcDbEntity
  8
marco-fino
100
AcDbLine
 10
18.45
 20
7.890000000000001
 30
0.0
 11
20.05
 21
7.890000000000001
 31
0.0
  0
LINE
  5
756
330
17
100
AcDbEntity
  8
marco-fino
100
AcDbLine
 10
16.65
 20
8.170000000000002
 30
0.0
 11
18.25
 21
8.170000000000002
 31
0.0
  0
LINE
  5
757
330
17
100
AcDbEntity
  8
marco-fino
100
AcDbLine
 10
18.45
 20
8.170000000000002
 30
0.0
 11
20.05
 21
8.170000000000002
 31
0.0
  0
LINE
  5
758
330
17
100
AcDbEntity
  8
marco-fino
100
AcDbLine
 10
16.65
 20
5.65
 30
0.0
 11
16.65
 21
7.889999999999999
 31
0.0
  0
LINE
  5
759
330
17
100
AcDbEntity
  8
marco-fino
100
AcDbLine
 10
18.25
 20
5.65
 30
0.0
 11
18.25
 21
7.889999999999999
 31
0.0
  0
LINE
  5
75A
330
17
100
AcDbEntity
  8
marco-fino
100
AcDbLine
 10
18.45
 20
5.65
 30
0.0
 11
18.45
 21
7.889999999999999
 31
0.0
  0
LINE
  5
75B
330
17
100
AcDbEntity
  8
marco-fino
100
AcDbLine
 10
20.05
 20
5.65
 30
0.0
 11
20.05
 21
7.889999999999999
 31
0.0
  0
LINE
  5
75C
330
17
100
AcDbEntity
  8
marco-fino
100
AcDbLine
 10
18.35
 20
5.65
 30
0.0
 11
18.35
 21
7.889999999999999
 31
0.0
  0
LWPOLYLINE
  5
75D
330
17
100
AcDbEntity
  8
marco-medio
100
AcDbPolyline
 90
3
 70
0
 10
16.65
 20
6.7188
 10
18.25
 20
7.0388
 10
16.65
 20
7.3588000000000005
  0
LINE
  5
75E
330
17
100
AcDbEntity
  8
carpinteria
100
AcDbLine
 10
19.25
 20
7.639999999999999
 30
0.0
 11
19.25
 21
6.0
 31
0.0
  0
CIRCLE
  5
75F
330
17
100
AcDbEntity
  8
carpinteria
100
AcDbCircle
 10
19.25
 20
7.639999999999999
 30
0.0
 40
0.1
  0
LWPOLYLINE
  5
760
330
17
100
AcDbEntity
  8
carpinteria
100
AcDbPolyline
 90
3
 70
1
 10
19.25
 20
6.0
 10
19.09
 20
6.16
 10
19.41
 20
6.16
  0
LWPOLYLINE
  5
761
330
17
100
AcDbEntity
  8
carpinteria
100
AcDbPolyline
 90
3
 70
1
 10
19.25
 20
6.0
 10
19.09
 20
6.16
 10
19.41
 20
6.16
  0
LINE
  5
762
330
17
100
AcDbEntity
  8
hatch
100
AcDbLine
 10
19.179289321881345
 20
6.0707106781186555
 30
0.0
 11
19.26857864376269
 21
6.160000000000001
 31
0.0
  0
LINE
  5
763
330
17
100
AcDbEntity
  8
hatch
100
AcDbLine
 10
19.10857864376269
 20
6.14142135623731
 30
0.0
 11
19.127157287525378
 21
6.159999999999999
 31
0.0
  0
TEXT
  5
764
330
17
100
AcDbEntity
  8
texto
100
AcDbText
 10
19.25
 20
5.45
 30
0.0
 40
0.1
  1
BAJA N.P.T. ±0,00 (18 C/H)
 72
1
 11
19.25
 21
5.45
 31
0.0
100
AcDbText
  0
LINE
  5
765
330
17
100
AcDbEntity
  8
carpinteria
100
AcDbLine
 10
17.45
 20
5.9
 30
0.0
 11
17.45
 21
6.75
 31
0.0
  0
CIRCLE
  5
766
330
17
100
AcDbEntity
  8
carpinteria
100
AcDbCircle
 10
17.45
 20
5.9
 30
0.0
 40
0.1
  0
LWPOLYLINE
  5
767
330
17
100
AcDbEntity
  8
carpinteria
100
AcDbPolyline
 90
3
 70
1
 10
17.45
 20
6.75
 10
17.29
 20
6.590000000000001
 10
17.61
 20
6.590000000000001
  0
LWPOLYLINE
  5
768
330
17
100
AcDbEntity
  8
carpinteria
100
AcDbPolyline
 90
3
 70
1
 10
17.45
 20
6.75
 10
17.29
 20
6.590000000000001
 10
17.61
 20
6.590000000000001
  0
LINE
  5
769
330
17
100
AcDbEntity
  8
hatch
100
AcDbLine
 10
17.46857864376269
 20
6.59
 30
0.0
 11
17.539289321881345
 21
6.6607106781186545
 31
0.0
  0
LINE
  5
76A
330
17
100
AcDbEntity
  8
hatch
100
AcDbLine
 10
17.32715728752538
 20
6.590000000000001
 30
0.0
 11
17.46857864376269
 21
6.73142135623731
 31
0.0
  0
TEXT
  5
76B
330
17
100
AcDbEntity
  8
texto
100
AcDbText
 10
17.45
 20
7.3
 30
0.0
 40
0.1
  1
SUBEN 9 C/H HASTA +1,63
 72
1
 11
17.45
 21
7.3
 31
0.0
100
AcDbText
  0
LWPOLYLINE
  5
76C
330
17
100
AcDbEntity
  8
proyeccion
100
AcDbPolyline
 90
4
 70
1
 10
16.65
 20
5.65
 10
18.25
 20
5.65
 10
18.25
 20
7.889999999999999
 10
16.65
 20
7.889999999999999
  0
TEXT
  5
76D
330
17
100
AcDbEntity
  8
texto
100
AcDbText
 10
1.85
 20
2.2849999999999993
 30
0.0
 40
0.1175
  1
D-201
 72
1
 11
1.85
 21
2.2849999999999993
 31
0.0
100
AcDbText
  0
TEXT
  5
76E
330
17
100
AcDbEntity
  8
texto
100
AcDbText
 10
1.85
 20
2.0150000000000006
 30
0.0
 40
0.1075
  1
Dormitorio doble
 72
1
 11
1.85
 21
2.0150000000000006
 31
0.0
100
AcDbText
  0
TEXT
  5
76F
330
17
100
AcDbEntity
  8
texto-suave
100
AcDbText
 10
1.85
 20
1.7450000000000003
 30
0.0
 40
0.1075
  1
11,36 m²
 72
1
 11
1.85
 21
1.7450000000000003
 31
0.0
100
AcDbText
  0
TEXT
  5
770
330
17
100
AcDbEntity
  8
texto
100
AcDbText
 10
5.2
 20
2.2849999999999993
 30
0.0
 40
0.1175
  1
D-202
 72
1
 11
5.2
 21
2.2849999999999993
 31
0.0
100
AcDbText
  0
TEXT
  5
771
330
17
100
AcDbEntity
  8
texto
100
AcDbText
 10
5.2
 20
2.0150000000000006
 30
0.0
 40
0.1075
  1
Dormitorio doble
 72
1
 11
5.2
 21
2.0150000000000006
 31
0.0
100
AcDbText
  0
TEXT
  5
772
330
17
100
AcDbEntity
  8
texto-suave
100
AcDbText
 10
5.2
 20
1.7450000000000003
 30
0.0
 40
0.1075
  1
11,36 m²
 72
1
 11
5.2
 21
1.7450000000000003
 31
0.0
100
AcDbText
  0
TEXT
  5
773
330
17
100
AcDbEntity
  8
texto
100
AcDbText
 10
8.55
 20
2.2849999999999993
 30
0.0
 40
0.1175
  1
D-203
 72
1
 11
8.55
 21
2.2849999999999993
 31
0.0
100
AcDbText
  0
TEXT
  5
774
330
17
100
AcDbEntity
  8
texto
100
AcDbText
 10
8.55
 20
2.0150000000000006
 30
0.0
 40
0.1075
  1
Dormitorio doble
 72
1
 11
8.55
 21
2.0150000000000006
 31
0.0
100
AcDbText
  0
TEXT
  5
775
330
17
100
AcDbEntity
  8
texto-suave
100
AcDbText
 10
8.55
 20
1.7450000000000003
 30
0.0
 40
0.1075
  1
11,36 m²
 72
1
 11
8.55
 21
1.7450000000000003
 31
0.0
100
AcDbText
  0
TEXT
  5
776
330
17
100
AcDbEntity
  8
texto
100
AcDbText
 10
11.9
 20
2.2849999999999993
 30
0.0
 40
0.1175
  1
D-204
 72
1
 11
11.9
 21
2.2849999999999993
 31
0.0
100
AcDbText
  0
TEXT
  5
777
330
17
100
AcDbEntity
  8
texto
100
AcDbText
 10
11.9
 20
2.0150000000000006
 30
0.0
 40
0.1075
  1
Dormitorio doble
 72
1
 11
11.9
 21
2.0150000000000006
 31
0.0
100
AcDbText
  0
TEXT
  5
778
330
17
100
AcDbEntity
  8
texto-suave
100
AcDbText
 10
11.9
 20
1.7450000000000003
 30
0.0
 40
0.1075
  1
11,36 m²
 72
1
 11
11.9
 21
1.7450000000000003
 31
0.0
100
AcDbText
  0
TEXT
  5
779
330
17
100
AcDbEntity
  8
texto
100
AcDbText
 10
1.85
 20
7.834999999999999
 30
0.0
 40
0.1175
  1
D-205
 72
1
 11
1.85
 21
7.834999999999999
 31
0.0
100
AcDbText
  0
TEXT
  5
77A
330
17
100
AcDbEntity
  8
texto
100
AcDbText
 10
1.85
 20
7.5649999999999995
 30
0.0
 40
0.1075
  1
Dormitorio doble
 72
1
 11
1.85
 21
7.5649999999999995
 31
0.0
100
AcDbText
  0
TEXT
  5
77B
330
17
100
AcDbEntity
  8
texto-suave
100
AcDbText
 10
1.85
 20
7.295
 30
0.0
 40
0.1075
  1
11,36 m²
 72
1
 11
1.85
 21
7.295
 31
0.0
100
AcDbText
  0
TEXT
  5
77C
330
17
100
AcDbEntity
  8
texto
100
AcDbText
 10
5.2
 20
7.834999999999999
 30
0.0
 40
0.1175
  1
D-206
 72
1
 11
5.2
 21
7.834999999999999
 31
0.0
100
AcDbText
  0
TEXT
  5
77D
330
17
100
AcDbEntity
  8
texto
100
AcDbText
 10
5.2
 20
7.5649999999999995
 30
0.0
 40
0.1075
  1
Dormitorio doble
 72
1
 11
5.2
 21
7.5649999999999995
 31
0.0
100
AcDbText
  0
TEXT
  5
77E
330
17
100
AcDbEntity
  8
texto-suave
100
AcDbText
 10
5.2
 20
7.295
 30
0.0
 40
0.1075
  1
11,36 m²
 72
1
 11
5.2
 21
7.295
 31
0.0
100
AcDbText
  0
TEXT
  5
77F
330
17
100
AcDbEntity
  8
texto
100
AcDbText
 10
8.55
 20
7.834999999999999
 30
0.0
 40
0.1175
  1
D-207
 72
1
 11
8.55
 21
7.834999999999999
 31
0.0
100
AcDbText
  0
TEXT
  5
780
330
17
100
AcDbEntity
  8
texto
100
AcDbText
 10
8.55
 20
7.5649999999999995
 30
0.0
 40
0.1075
  1
Dormitorio doble
 72
1
 11
8.55
 21
7.5649999999999995
 31
0.0
100
AcDbText
  0
TEXT
  5
781
330
17
100
AcDbEntity
  8
texto-suave
100
AcDbText
 10
8.55
 20
7.295
 30
0.0
 40
0.1075
  1
11,36 m²
 72
1
 11
8.55
 21
7.295
 31
0.0
100
AcDbText
  0
TEXT
  5
782
330
17
100
AcDbEntity
  8
texto
100
AcDbText
 10
11.9
 20
7.834999999999999
 30
0.0
 40
0.1175
  1
D-208
 72
1
 11
11.9
 21
7.834999999999999
 31
0.0
100
AcDbText
  0
TEXT
  5
783
330
17
100
AcDbEntity
  8
texto
100
AcDbText
 10
11.9
 20
7.5649999999999995
 30
0.0
 40
0.1075
  1
Dormitorio doble
 72
1
 11
11.9
 21
7.5649999999999995
 31
0.0
100
AcDbText
  0
TEXT
  5
784
330
17
100
AcDbEntity
  8
texto-suave
100
AcDbText
 10
11.9
 20
7.295
 30
0.0
 40
0.1075
  1
11,36 m²
 72
1
 11
11.9
 21
7.295
 31
0.0
100
AcDbText
  0
TEXT
  5
785
330
17
100
AcDbEntity
  8
texto
100
AcDbText
 10
15.075
 20
2.2849999999999993
 30
0.0
 40
0.1175
  1
SS-2
 72
1
 11
15.075
 21
2.2849999999999993
 31
0.0
100
AcDbText
  0
TEXT
  5
786
330
17
100
AcDbEntity
  8
texto
100
AcDbText
 10
15.075
 20
2.0150000000000006
 30
0.0
 40
0.1075
  1
SS.HH. damas
 72
1
 11
15.075
 21
2.0150000000000006
 31
0.0
100
AcDbText
  0
TEXT
  5
787
330
17
100
AcDbEntity
  8
texto-suave
100
AcDbText
 10
15.075
 20
1.7450000000000003
 30
0.0
 40
0.1075
  1
10,12 m²
 72
1
 11
15.075
 21
1.7450000000000003
 31
0.0
100
AcDbText
  0
TEXT
  5
788
330
17
100
AcDbEntity
  8
texto
100
AcDbText
 10
15.075
 20
7.834999999999999
 30
0.0
 40
0.1175
  1
SS-4
 72
1
 11
15.075
 21
7.834999999999999
 31
0.0
100
AcDbText
  0
TEXT
  5
789
330
17
100
AcDbEntity
  8
texto
100
AcDbText
 10
15.075
 20
7.5649999999999995
 30
0.0
 40
0.1075
  1
SS.HH. varones
 72
1
 11
15.075
 21
7.5649999999999995
 31
0.0
100
AcDbText
  0
TEXT
  5
78A
330
17
100
AcDbEntity
  8
texto-suave
100
AcDbText
 10
15.075
 20
7.295
 30
0.0
 40
0.1075
  1
10,12 m²
 72
1
 11
15.075
 21
7.295
 31
0.0
100
AcDbText
  0
TEXT
  5
78B
330
17
100
AcDbEntity
  8
texto
100
AcDbText
 10
18.35
 20
6.779999999999999
 30
0.0
 40
0.105
  1
E-01
 72
1
 11
18.35
 21
6.779999999999999
 31
0.0
100
AcDbText
  0
TEXT
  5
78C
330
17
100
AcDbEntity
  8
texto
100
AcDbText
 10
18.35
 20
6.51
 30
0.0
 40
0.095
  1
Escalera
 72
1
 11
18.35
 21
6.51
 31
0.0
100
AcDbText
  0
TEXT
  5
78D
330
17
100
AcDbEntity
  8
texto
100
AcDbText
 10
18.35
 20
2.3599999999999994
 30
0.0
 40
0.1175
  1
ES-01
 72
1
 11
18.35
 21
2.3599999999999994
 31
0.0
100
AcDbText
  0
TEXT
  5
78E
330
17
100
AcDbEntity
  8
texto
100
AcDbText
 10
18.35
 20
2.0900000000000007
 30
0.0
 40
0.1075
  1
Sala de estar y estudio
 72
1
 11
18.35
 21
2.0900000000000007
 31
0.0
100
AcDbText
  0
TEXT
  5
78F
330
17
100
AcDbEntity
  8
texto-suave
100
AcDbText
 10
18.35
 20
1.8200000000000003
 30
0.0
 40
0.1075
  1
12,58 m²
 72
1
 11
18.35
 21
1.8200000000000003
 31
0.0
100
AcDbText
  0
TEXT
  5
790
330
17
100
AcDbEntity
  8
texto
100
AcDbText
 10
21.975
 20
7.834999999999999
 30
0.0
 40
0.1175
  1
ES-02
 72
1
 11
21.975
 21
7.834999999999999
 31
0.0
100
AcDbText
  0
TEXT
  5
791
330
17
100
AcDbEntity
  8
texto
100
AcDbText
 10
21.975
 20
7.5649999999999995
 30
0.0
 40
0.1075
  1
Sala de estudio complementaria
 72
1
 11
21.975
 21
7.5649999999999995
 31
0.0
100
AcDbText
  0
TEXT
  5
792
330
17
100
AcDbEntity
  8
texto-suave
100
AcDbText
 10
21.975
 20
7.295
 30
0.0
 40
0.1075
  1
12,60 m²
 72
1
 11
21.975
 21
7.295
 31
0.0
100
AcDbText
  0
TEXT
  5
793
330
17
100
AcDbEntity
  8
texto
100
AcDbText
 10
21.975
 20
2.4150000000000005
 30
0.0
 40
0.1175
  1
DP-02
 72
1
 11
21.975
 21
2.4150000000000005
 31
0.0
100
AcDbText
  0
TEXT
  5
794
330
17
100
AcDbEntity
  8
texto
100
AcDbText
 10
21.975
 20
2.1450000000000005
 30
0.0
 40
0.1075
  1
Depósito
 72
1
 11
21.975
 21
2.1450000000000005
 31
0.0
100
AcDbText
  0
TEXT
  5
795
330
17
100
AcDbEntity
  8
texto
100
AcDbText
 10
21.975
 20
1.875
 30
0.0
 40
0.1075
  1
Ropería
 72
1
 11
21.975
 21
1.875
 31
0.0
100
AcDbText
  0
TEXT
  5
796
330
17
100
AcDbEntity
  8
texto-suave
100
AcDbText
 10
21.975
 20
1.6049999999999998
 30
0.0
 40
0.1075
  1
12,60 m²
 72
1
 11
21.975
 21
1.6049999999999998
 31
0.0
100
AcDbText
  0
TEXT
  5
797
330
17
100
AcDbEntity
  8
texto
100
AcDbText
 10
8.45
 20
5.19
 30
0.0
 40
0.105
  1
P-02
 72
1
 11
8.45
 21
5.19
 31
0.0
100
AcDbText
  0
TEXT
  5
798
330
17
100
AcDbEntity
  8
texto
100
AcDbText
 10
8.45
 20
4.92
 30
0.0
 40
0.095
  1
Pasillo
 72
1
 11
8.45
 21
4.92
 31
0.0
100
AcDbText
  0
TEXT
  5
799
330
17
100
AcDbEntity
  8
texto
100
AcDbText
 10
8.45
 20
4.65
 30
0.0
 40
0.095
  1
Distribuidor
 72
1
 11
8.45
 21
4.65
 31
0.0
100
AcDbText
  0
TEXT
  5
79A
330
17
100
AcDbEntity
  8
texto-suave
100
AcDbText
 10
8.45
 20
4.380000000000001
 30
0.0
 40
0.095
  1
27,88 m²
 72
1
 11
8.45
 21
4.380000000000001
 31
0.0
100
AcDbText
  0
TEXT
  5
79B
330
17
100
AcDbEntity
  8
texto
100
AcDbText
 10
21.975
 20
5.0600000000000005
 30
0.0
 40
0.105
  1
DI-02
 72
1
 11
21.975
 21
5.0600000000000005
 31
0.0
100
AcDbText
  0
TEXT
  5
79C
330
17
100
AcDbEntity
  8
texto
100
AcDbText
 10
21.975
 20
4.790000000000001
 30
0.0
 40
0.095
  1
Distribuidor
 72
1
 11
21.975
 21
4.790000000000001
 31
0.0
100
AcDbText
  0
TEXT
  5
79D
330
17
100
AcDbEntity
  8
texto-suave
100
AcDbText
 10
21.975
 20
4.520000000000001
 30
0.0
 40
0.095
  1
6,04 m²
 72
1
 11
21.975
 21
4.520000000000001
 31
0.0
100
AcDbText
  0
TEXT
  5
79E
330
17
100
AcDbEntity
  8
texto-suave
100
AcDbText
 10
2.1
 20
0.6
 30
0.0
 40
0.1
  1
N.P.T. +3,25
100
AcDbText
  0
TEXT
  5
79F
330
17
100
AcDbEntity
  8
texto-suave
100
AcDbText
 10
21.0
 20
2.9
 30
0.0
 40
0.1
  1
N.P.T. +3,25
100
AcDbText
  0
LINE
  5
7A0
330
17
100
AcDbEntity
  8
eje
100
AcDbLine
 10
0.125
 20
-0.95
 30
0.0
 11
0.125
 21
10.549999999999999
 31
0.0
  0
CIRCLE
  5
7A1
330
17
100
AcDbEntity
  8
marco-medio
100
AcDbCircle
 10
5.125
 20
-1.4500000000000015
 30
0.0
 40
0.2
  0
TEXT
  5
7A2
330
17
100
AcDbEntity
  8
texto
100
AcDbText
 10
5.125
 20
-1.4737500000000017
 30
0.0
 40
0.13
  1
A
 72
1
 11
5.125
 21
-1.4737500000000017
 31
0.0
100
AcDbText
  0
CIRCLE
  5
7A3
330
17
100
AcDbEntity
  8
marco-medio
100
AcDbCircle
 10
5.125
 20
-13.55
 30
0.0
 40
0.2
  0
TEXT
  5
7A4
330
17
100
AcDbEntity
  8
texto
100
AcDbText
 10
5.125
 20
-13.573750000000002
 30
0.0
 40
0.13
  1
A
 72
1
 11
5.125
 21
-13.573750000000002
 31
0.0
100
AcDbText
  0
LINE
  5
7A5
330
17
100
AcDbEntity
  8
eje
100
AcDbLine
 10
3.525
 20
-0.95
 30
0.0
 11
3.525
 21
10.549999999999999
 31
0.0
  0
CIRCLE
  5
7A6
330
17
100
AcDbEntity
  8
marco-medio
100
AcDbCircle
 10
8.525
 20
-1.4500000000000015
 30
0.0
 40
0.2
  0
TEXT
  5
7A7
330
17
100
AcDbEntity
  8
texto
100
AcDbText
 10
8.525
 20
-1.4737500000000017
 30
0.0
 40
0.13
  1
B
 72
1
 11
8.525
 21
-1.4737500000000017
 31
0.0
100
AcDbText
  0
CIRCLE
  5
7A8
330
17
100
AcDbEntity
  8
marco-medio
100
AcDbCircle
 10
8.525
 20
-13.55
 30
0.0
 40
0.2
  0
TEXT
  5
7A9
330
17
100
AcDbEntity
  8
texto
100
AcDbText
 10
8.525
 20
-13.573750000000002
 30
0.0
 40
0.13
  1
B
 72
1
 11
8.525
 21
-13.573750000000002
 31
0.0
100
AcDbText
  0
LINE
  5
7AA
330
17
100
AcDbEntity
  8
eje
100
AcDbLine
 10
6.875
 20
-0.95
 30
0.0
 11
6.875
 21
10.549999999999999
 31
0.0
  0
CIRCLE
  5
7AB
330
17
100
AcDbEntity
  8
marco-medio
100
AcDbCircle
 10
11.875
 20
-1.4500000000000015
 30
0.0
 40
0.2
  0
TEXT
  5
7AC
330
17
100
AcDbEntity
  8
texto
100
AcDbText
 10
11.875
 20
-1.4737500000000017
 30
0.0
 40
0.13
  1
C
 72
1
 11
11.875
 21
-1.4737500000000017
 31
0.0
100
AcDbText
  0
CIRCLE
  5
7AD
330
17
100
AcDbEntity
  8
marco-medio
100
AcDbCircle
 10
11.875
 20
-13.55
 30
0.0
 40
0.2
  0
TEXT
  5
7AE
330
17
100
AcDbEntity
  8
texto
100
AcDbText
 10
11.875
 20
-13.573750000000002
 30
0.0
 40
0.13
  1
C
 72
1
 11
11.875
 21
-13.573750000000002
 31
0.0
100
AcDbText
  0
LINE
  5
7AF
330
17
100
AcDbEntity
  8
eje
100
AcDbLine
 10
10.225
 20
-0.95
 30
0.0
 11
10.225
 21
10.549999999999999
 31
0.0
  0
CIRCLE
  5
7B0
330
17
100
AcDbEntity
  8
marco-medio
100
AcDbCircle
 10
15.225000000000001
 20
-1.4500000000000015
 30
0.0
 40
0.2
  0
TEXT
  5
7B1
330
17
100
AcDbEntity
  8
texto
100
AcDbText
 10
15.225000000000001
 20
-1.4737500000000017
 30
0.0
 40
0.13
  1
D
 72
1
 11
15.225000000000001
 21
-1.4737500000000017
 31
0.0
100
AcDbText
  0
CIRCLE
  5
7B2
330
17
100
AcDbEntity
  8
marco-medio
100
AcDbCircle
 10
15.225000000000001
 20
-13.55
 30
0.0
 40
0.2
  0
TEXT
  5
7B3
330
17
100
AcDbEntity
  8
texto
100
AcDbText
 10
15.225000000000001
 20
-13.573750000000002
 30
0.0
 40
0.13
  1
D
 72
1
 11
15.225000000000001
 21
-13.573750000000002
 31
0.0
100
AcDbText
  0
LINE
  5
7B4
330
17
100
AcDbEntity
  8
eje
100
AcDbLine
 10
13.575
 20
-0.95
 30
0.0
 11
13.575
 21
10.549999999999999
 31
0.0
  0
CIRCLE
  5
7B5
330
17
100
AcDbEntity
  8
marco-medio
100
AcDbCircle
 10
18.575
 20
-1.4500000000000015
 30
0.0
 40
0.2
  0
TEXT
  5
7B6
330
17
100
AcDbEntity
  8
texto
100
AcDbText
 10
18.575
 20
-1.4737500000000017
 30
0.0
 40
0.13
  1
E
 72
1
 11
18.575
 21
-1.4737500000000017
 31
0.0
100
AcDbText
  0
CIRCLE
  5
7B7
330
17
100
AcDbEntity
  8
marco-medio
100
AcDbCircle
 10
18.575
 20
-13.55
 30
0.0
 40
0.2
  0
TEXT
  5
7B8
330
17
100
AcDbEntity
  8
texto
100
AcDbText
 10
18.575
 20
-13.573750000000002
 30
0.0
 40
0.13
  1
E
 72
1
 11
18.575
 21
-13.573750000000002
 31
0.0
100
AcDbText
  0
LINE
  5
7B9
330
17
100
AcDbEntity
  8
eje
100
AcDbLine
 10
16.575
 20
-0.95
 30
0.0
 11
16.575
 21
10.549999999999999
 31
0.0
  0
CIRCLE
  5
7BA
330
17
100
AcDbEntity
  8
marco-medio
100
AcDbCircle
 10
21.575000000000003
 20
-1.4500000000000015
 30
0.0
 40
0.2
  0
TEXT
  5
7BB
330
17
100
AcDbEntity
  8
texto
100
AcDbText
 10
21.575000000000003
 20
-1.4737500000000017
 30
0.0
 40
0.13
  1
F
 72
1
 11
21.575000000000003
 21
-1.4737500000000017
 31
0.0
100
AcDbText
  0
CIRCLE
  5
7BC
330
17
100
AcDbEntity
  8
marco-medio
100
AcDbCircle
 10
21.575000000000003
 20
-13.55
 30
0.0
 40
0.2
  0
TEXT
  5
7BD
330
17
100
AcDbEntity
  8
texto
100
AcDbText
 10
21.575000000000003
 20
-13.573750000000002
 30
0.0
 40
0.13
  1
F
 72
1
 11
21.575000000000003
 21
-13.573750000000002
 31
0.0
100
AcDbText
  0
LINE
  5
7BE
330
17
100
AcDbEntity
  8
eje
100
AcDbLine
 10
20.125
 20
-0.95
 30
0.0
 11
20.125
 21
10.549999999999999
 31
0.0
  0
CIRCLE
  5
7BF
330
17
100
AcDbEntity
  8
marco-medio
100
AcDbCircle
 10
25.125
 20
-1.4500000000000015
 30
0.0
 40
0.2
  0
TEXT
  5
7C0
330
17
100
AcDbEntity
  8
texto
100
AcDbText
 10
25.125
 20
-1.4737500000000017
 30
0.0
 40
0.13
  1
G
 72
1
 11
25.125
 21
-1.4737500000000017
 31
0.0
100
AcDbText
  0
CIRCLE
  5
7C1
330
17
100
AcDbEntity
  8
marco-medio
100
AcDbCircle
 10
25.125
 20
-13.55
 30
0.0
 40
0.2
  0
TEXT
  5
7C2
330
17
100
AcDbEntity
  8
texto
100
AcDbText
 10
25.125
 20
-13.573750000000002
 30
0.0
 40
0.13
  1
G
 72
1
 11
25.125
 21
-13.573750000000002
 31
0.0
100
AcDbText
  0
LINE
  5
7C3
330
17
100
AcDbEntity
  8
eje
100
AcDbLine
 10
23.875
 20
-0.95
 30
0.0
 11
23.875
 21
10.549999999999999
 31
0.0
  0
CIRCLE
  5
7C4
330
17
100
AcDbEntity
  8
marco-medio
100
AcDbCircle
 10
28.875
 20
-1.4500000000000015
 30
0.0
 40
0.2
  0
TEXT
  5
7C5
330
17
100
AcDbEntity
  8
texto
100
AcDbText
 10
28.875
 20
-1.4737500000000017
 30
0.0
 40
0.13
  1
H
 72
1
 11
28.875
 21
-1.4737500000000017
 31
0.0
100
AcDbText
  0
CIRCLE
  5
7C6
330
17
100
AcDbEntity
  8
marco-medio
100
AcDbCircle
 10
28.875
 20
-13.55
 30
0.0
 40
0.2
  0
TEXT
  5
7C7
330
17
100
AcDbEntity
  8
texto
100
AcDbText
 10
28.875
 20
-13.573750000000002
 30
0.0
 40
0.13
  1
H
 72
1
 11
28.875
 21
-13.573750000000002
 31
0.0
100
AcDbText
  0
LINE
  5
7C8
330
17
100
AcDbEntity
  8
eje
100
AcDbLine
 10
-0.95
 20
0.125
 30
0.0
 11
24.95
 21
0.125
 31
0.0
  0
CIRCLE
  5
7C9
330
17
100
AcDbEntity
  8
marco-medio
100
AcDbCircle
 10
3.7
 20
-12.175
 30
0.0
 40
0.2
  0
TEXT
  5
7CA
330
17
100
AcDbEntity
  8
texto
100
AcDbText
 10
3.7
 20
-12.19875
 30
0.0
 40
0.13
  1
1
 72
1
 11
3.7
 21
-12.19875
 31
0.0
100
AcDbText
  0
CIRCLE
  5
7CB
330
17
100
AcDbEntity
  8
marco-medio
100
AcDbCircle
 10
30.3
 20
-12.175
 30
0.0
 40
0.2
  0
TEXT
  5
7CC
330
17
100
AcDbEntity
  8
texto
100
AcDbText
 10
30.3
 20
-12.19875
 30
0.0
 40
0.13
  1
1
 72
1
 11
30.3
 21
-12.19875
 31
0.0
100
AcDbText
  0
LINE
  5
7CD
330
17
100
AcDbEntity
  8
eje
100
AcDbLine
 10
-0.95
 20
3.875
 30
0.0
 11
24.95
 21
3.875
 31
0.0
  0
CIRCLE
  5
7CE
330
17
100
AcDbEntity
  8
marco-medio
100
AcDbCircle
 10
3.7
 20
-8.425
 30
0.0
 40
0.2
  0
TEXT
  5
7CF
330
17
100
AcDbEntity
  8
texto
100
AcDbText
 10
3.7
 20
-8.44875
 30
0.0
 40
0.13
  1
2
 72
1
 11
3.7
 21
-8.44875
 31
0.0
100
AcDbText
  0
CIRCLE
  5
7D0
330
17
100
AcDbEntity
  8
marco-medio
100
AcDbCircle
 10
30.3
 20
-8.425
 30
0.0
 40
0.2
  0
TEXT
  5
7D1
330
17
100
AcDbEntity
  8
texto
100
AcDbText
 10
30.3
 20
-8.44875
 30
0.0
 40
0.13
  1
2
 72
1
 11
30.3
 21
-8.44875
 31
0.0
100
AcDbText
  0
LINE
  5
7D2
330
17
100
AcDbEntity
  8
eje
100
AcDbLine
 10
-0.95
 20
5.725
 30
0.0
 11
24.95
 21
5.725
 31
0.0
  0
CIRCLE
  5
7D3
330
17
100
AcDbEntity
  8
marco-medio
100
AcDbCircle
 10
3.7
 20
-6.575
 30
0.0
 40
0.2
  0
TEXT
  5
7D4
330
17
100
AcDbEntity
  8
texto
100
AcDbText
 10
3.7
 20
-6.59875
 30
0.0
 40
0.13
  1
3
 72
1
 11
3.7
 21
-6.59875
 31
0.0
100
AcDbText
  0
CIRCLE
  5
7D5
330
17
100
AcDbEntity
  8
marco-medio
100
AcDbCircle
 10
30.3
 20
-6.575
 30
0.0
 40
0.2
  0
TEXT
  5
7D6
330
17
100
AcDbEntity
  8
texto
100
AcDbText
 10
30.3
 20
-6.59875
 30
0.0
 40
0.13
  1
3
 72
1
 11
30.3
 21
-6.59875
 31
0.0
100
AcDbText
  0
LINE
  5
7D7
330
17
100
AcDbEntity
  8
eje
100
AcDbLine
 10
-0.95
 20
9.475
 30
0.0
 11
24.95
 21
9.475
 31
0.0
  0
CIRCLE
  5
7D8
330
17
100
AcDbEntity
  8
marco-medio
100
AcDbCircle
 10
3.7
 20
-2.825
 30
0.0
 40
0.2
  0
TEXT
  5
7D9
330
17
100
AcDbEntity
  8
texto
100
AcDbText
 10
3.7
 20
-2.8487500000000003
 30
0.0
 40
0.13
  1
4
 72
1
 11
3.7
 21
-2.8487500000000003
 31
0.0
100
AcDbText
  0
CIRCLE
  5
7DA
330
17
100
AcDbEntity
  8
marco-medio
100
AcDbCircle
 10
30.3
 20
-2.825
 30
0.0
 40
0.2
  0
TEXT
  5
7DB
330
17
100
AcDbEntity
  8
texto
100
AcDbText
 10
30.3
 20
-2.8487500000000003
 30
0.0
 40
0.13
  1
4
 72
1
 11
30.3
 21
-2.8487500000000003
 31
0.0
100
AcDbText
  0
LINE
  5
7DC
330
17
100
AcDbEntity
  8
cota
100
AcDbLine
 10
5.0
 20
-12.375
 30
0.0
 11
5.0
 21
-13.525
 31
0.0
  0
LINE
  5
7DD
330
17
100
AcDbEntity
  8
cota
100
AcDbLine
 10
29.0
 20
-12.375
 30
0.0
 11
29.0
 21
-13.525
 31
0.0
  0
LINE
  5
7DE
330
17
100
AcDbEntity
  8
cota
100
AcDbLine
 10
5.0
 20
-13.450000000000001
 30
0.0
 11
29.0
 21
-13.450000000000001
 31
0.0
  0
LINE
  5
7DF
330
17
100
AcDbEntity
  8
cota
100
AcDbLine
 10
4.925000000000001
 20
-13.525
 30
0.0
 11
5.075
 21
-13.375
 31
0.0
  0
LINE
  5
7E0
330
17
100
AcDbEntity
  8
cota
100
AcDbLine
 10
28.925
 20
-13.525
 30
0.0
 11
29.075000000000003
 21
-13.375
 31
0.0
  0
TEXT
  5
7E1
330
17
100
AcDbEntity
  8
cota-texto
100
AcDbText
 10
17.0
 20
-13.395
 30
0.0
 40
0.13
  1
24,00
 72
1
 11
17.0
 21
-13.395
 31
0.0
100
AcDbText
  0
LINE
  5
7E2
330
17
100
AcDbEntity
  8
cota
100
AcDbLine
 10
5.0
 20
-12.375
 30
0.0
 11
5.0
 21
-13.025
 31
0.0
  0
LINE
  5
7E3
330
17
100
AcDbEntity
  8
cota
100
AcDbLine
 10
5.25
 20
-12.375
 30
0.0
 11
5.25
 21
-13.025
 31
0.0
  0
LINE
  5
7E4
330
17
100
AcDbEntity
  8
cota
100
AcDbLine
 10
5.0
 20
-12.950000000000001
 30
0.0
 11
5.25
 21
-12.950000000000001
 31
0.0
  0
LINE
  5
7E5
330
17
100
AcDbEntity
  8
cota
100
AcDbLine
 10
4.925000000000001
 20
-13.025
 30
0.0
 11
5.075
 21
-12.875
 31
0.0
  0
LINE
  5
7E6
330
17
100
AcDbEntity
  8
cota
100
AcDbLine
 10
5.175000000000001
 20
-13.025
 30
0.0
 11
5.325
 21
-12.875
 31
0.0
  0
TEXT
  5
7E7
330
17
100
AcDbEntity
  8
cota-texto
100
AcDbText
 10
5.125
 20
-12.895
 30
0.0
 40
0.095
  1
0,25
 72
1
 11
5.125
 21
-12.895
 31
0.0
100
AcDbText
  0
LINE
  5
7E8
330
17
100
AcDbEntity
  8
cota
100
AcDbLine
 10
5.25
 20
-12.375
 30
0.0
 11
5.25
 21
-13.025
 31
0.0
  0
LINE
  5
7E9
330
17
100
AcDbEntity
  8
cota
100
AcDbLine
 10
8.450000000000001
 20
-12.375
 30
0.0
 11
8.450000000000001
 21
-13.025
 31
0.0
  0
LINE
  5
7EA
330
17
100
AcDbEntity
  8
cota
100
AcDbLine
 10
5.25
 20
-12.950000000000001
 30
0.0
 11
8.450000000000001
 21
-12.950000000000001
 31
0.0
  0
LINE
  5
7EB
330
17
100
AcDbEntity
  8
cota
100
AcDbLine
 10
5.175000000000001
 20
-13.025
 30
0.0
 11
5.325
 21
-12.875
 31
0.0
  0
LINE
  5
7EC
330
17
100
AcDbEntity
  8
cota
100
AcDbLine
 10
8.375
 20
-13.025
 30
0.0
 11
8.525
 21
-12.875
 31
0.0
  0
TEXT
  5
7ED
330
17
100
AcDbEntity
  8
cota-texto
100
AcDbText
 10
6.8500000000000005
 20
-12.895
 30
0.0
 40
0.095
  1
3,20
 72
1
 11
6.8500000000000005
 21
-12.895
 31
0.0
100
AcDbText
  0
LINE
  5
7EE
330
17
100
AcDbEntity
  8
cota
100
AcDbLine
 10
8.450000000000001
 20
-12.375
 30
0.0
 11
8.450000000000001
 21
-13.025
 31
0.0
  0
LINE
  5
7EF
330
17
100
AcDbEntity
  8
cota
100
AcDbLine
 10
8.6
 20
-12.375
 30
0.0
 11
8.6
 21
-13.025
 31
0.0
  0
LINE
  5
7F0
330
17
100
AcDbEntity
  8
cota
100
AcDbLine
 10
8.450000000000001
 20
-12.950000000000001
 30
0.0
 11
8.6
 21
-12.950000000000001
 31
0.0
  0
LINE
  5
7F1
330
17
100
AcDbEntity
  8
cota
100
AcDbLine
 10
8.375
 20
-13.025
 30
0.0
 11
8.525
 21
-12.875
 31
0.0
  0
LINE
  5
7F2
330
17
100
AcDbEntity
  8
cota
100
AcDbLine
 10
8.525
 20
-13.025
 30
0.0
 11
8.675
 21
-12.875
 31
0.0
  0
TEXT
  5
7F3
330
17
100
AcDbEntity
  8
cota-texto
100
AcDbText
 10
8.525
 20
-12.895
 30
0.0
 40
0.095
  1
0,15
 72
1
 11
8.525
 21
-12.895
 31
0.0
100
AcDbText
  0
LINE
  5
7F4
330
17
100
AcDbEntity
  8
cota
100
AcDbLine
 10
8.6
 20
-12.375
 30
0.0
 11
8.6
 21
-13.025
 31
0.0
  0
LINE
  5
7F5
330
17
100
AcDbEntity
  8
cota
100
AcDbLine
 10
11.8
 20
-12.375
 30
0.0
 11
11.8
 21
-13.025
 31
0.0
  0
LINE
  5
7F6
330
17
100
AcDbEntity
  8
cota
100
AcDbLine
 10
8.6
 20
-12.950000000000001
 30
0.0
 11
11.8
 21
-12.950000000000001
 31
0.0
  0
LINE
  5
7F7
330
17
100
AcDbEntity
  8
cota
100
AcDbLine
 10
8.525
 20
-13.025
 30
0.0
 11
8.675
 21
-12.875
 31
0.0
  0
LINE
  5
7F8
330
17
100
AcDbEntity
  8
cota
100
AcDbLine
 10
11.725000000000001
 20
-13.025
 30
0.0
 11
11.875
 21
-12.875
 31
0.0
  0
TEXT
  5
7F9
330
17
100
AcDbEntity
  8
cota-texto
100
AcDbText
 10
10.200000000000001
 20
-12.895
 30
0.0
 40
0.095
  1
3,20
 72
1
 11
10.200000000000001
 21
-12.895
 31
0.0
100
AcDbText
  0
LINE
  5
7FA
330
17
100
AcDbEntity
  8
cota
100
AcDbLine
 10
11.8
 20
-12.375
 30
0.0
 11
11.8
 21
-13.025
 31
0.0
  0
LINE
  5
7FB
330
17
100
AcDbEntity
  8
cota
100
AcDbLine
 10
11.950000000000001
 20
-12.375
 30
0.0
 11
11.950000000000001
 21
-13.025
 31
0.0
  0
LINE
  5
7FC
330
17
100
AcDbEntity
  8
cota
100
AcDbLine
 10
11.8
 20
-12.950000000000001
 30
0.0
 11
11.950000000000001
 21
-12.950000000000001
 31
0.0
  0
LINE
  5
7FD
330
17
100
AcDbEntity
  8
cota
100
AcDbLine
 10
11.725000000000001
 20
-13.025
 30
0.0
 11
11.875
 21
-12.875
 31
0.0
  0
LINE
  5
7FE
330
17
100
AcDbEntity
  8
cota
100
AcDbLine
 10
11.875
 20
-13.025
 30
0.0
 11
12.025
 21
-12.875
 31
0.0
  0
TEXT
  5
7FF
330
17
100
AcDbEntity
  8
cota-texto
100
AcDbText
 10
11.875
 20
-12.895
 30
0.0
 40
0.095
  1
0,15
 72
1
 11
11.875
 21
-12.895
 31
0.0
100
AcDbText
  0
LINE
  5
800
330
17
100
AcDbEntity
  8
cota
100
AcDbLine
 10
11.950000000000001
 20
-12.375
 30
0.0
 11
11.950000000000001
 21
-13.025
 31
0.0
  0
LINE
  5
801
330
17
100
AcDbEntity
  8
cota
100
AcDbLine
 10
15.15
 20
-12.375
 30
0.0
 11
15.15
 21
-13.025
 31
0.0
  0
LINE
  5
802
330
17
100
AcDbEntity
  8
cota
100
AcDbLine
 10
11.950000000000001
 20
-12.950000000000001
 30
0.0
 11
15.15
 21
-12.950000000000001
 31
0.0
  0
LINE
  5
803
330
17
100
AcDbEntity
  8
cota
100
AcDbLine
 10
11.875
 20
-13.025
 30
0.0
 11
12.025
 21
-12.875
 31
0.0
  0
LINE
  5
804
330
17
100
AcDbEntity
  8
cota
100
AcDbLine
 10
15.075000000000001
 20
-13.025
 30
0.0
 11
15.225000000000001
 21
-12.875
 31
0.0
  0
TEXT
  5
805
330
17
100
AcDbEntity
  8
cota-texto
100
AcDbText
 10
13.55
 20
-12.895
 30
0.0
 40
0.095
  1
3,20
 72
1
 11
13.55
 21
-12.895
 31
0.0
100
AcDbText
  0
LINE
  5
806
330
17
100
AcDbEntity
  8
cota
100
AcDbLine
 10
15.15
 20
-12.375
 30
0.0
 11
15.15
 21
-13.025
 31
0.0
  0
LINE
  5
807
330
17
100
AcDbEntity
  8
cota
100
AcDbLine
 10
15.3
 20
-12.375
 30
0.0
 11
15.3
 21
-13.025
 31
0.0
  0
LINE
  5
808
330
17
100
AcDbEntity
  8
cota
100
AcDbLine
 10
15.15
 20
-12.950000000000001
 30
0.0
 11
15.3
 21
-12.950000000000001
 31
0.0
  0
LINE
  5
809
330
17
100
AcDbEntity
  8
cota
100
AcDbLine
 10
15.075000000000001
 20
-13.025
 30
0.0
 11
15.225000000000001
 21
-12.875
 31
0.0
  0
LINE
  5
80A
330
17
100
AcDbEntity
  8
cota
100
AcDbLine
 10
15.225000000000001
 20
-13.025
 30
0.0
 11
15.375
 21
-12.875
 31
0.0
  0
TEXT
  5
80B
330
17
100
AcDbEntity
  8
cota-texto
100
AcDbText
 10
15.225000000000001
 20
-12.895
 30
0.0
 40
0.095
  1
0,15
 72
1
 11
15.225000000000001
 21
-12.895
 31
0.0
100
AcDbText
  0
LINE
  5
80C
330
17
100
AcDbEntity
  8
cota
100
AcDbLine
 10
15.3
 20
-12.375
 30
0.0
 11
15.3
 21
-13.025
 31
0.0
  0
LINE
  5
80D
330
17
100
AcDbEntity
  8
cota
100
AcDbLine
 10
18.5
 20
-12.375
 30
0.0
 11
18.5
 21
-13.025
 31
0.0
  0
LINE
  5
80E
330
17
100
AcDbEntity
  8
cota
100
AcDbLine
 10
15.3
 20
-12.950000000000001
 30
0.0
 11
18.5
 21
-12.950000000000001
 31
0.0
  0
LINE
  5
80F
330
17
100
AcDbEntity
  8
cota
100
AcDbLine
 10
15.225000000000001
 20
-13.025
 30
0.0
 11
15.375
 21
-12.875
 31
0.0
  0
LINE
  5
810
330
17
100
AcDbEntity
  8
cota
100
AcDbLine
 10
18.425
 20
-13.025
 30
0.0
 11
18.575
 21
-12.875
 31
0.0
  0
TEXT
  5
811
330
17
100
AcDbEntity
  8
cota-texto
100
AcDbText
 10
16.900000000000002
 20
-12.895
 30
0.0
 40
0.095
  1
3,20
 72
1
 11
16.900000000000002
 21
-12.895
 31
0.0
100
AcDbText
  0
LINE
  5
812
330
17
100
AcDbEntity
  8
cota
100
AcDbLine
 10
18.5
 20
-12.375
 30
0.0
 11
18.5
 21
-13.025
 31
0.0
  0
LINE
  5
813
330
17
100
AcDbEntity
  8
cota
100
AcDbLine
 10
18.650000000000002
 20
-12.375
 30
0.0
 11
18.650000000000002
 21
-13.025
 31
0.0
  0
LINE
  5
814
330
17
100
AcDbEntity
  8
cota
100
AcDbLine
 10
18.5
 20
-12.950000000000001
 30
0.0
 11
18.650000000000002
 21
-12.950000000000001
 31
0.0
  0
LINE
  5
815
330
17
100
AcDbEntity
  8
cota
100
AcDbLine
 10
18.425
 20
-13.025
 30
0.0
 11
18.575
 21
-12.875
 31
0.0
  0
LINE
  5
816
330
17
100
AcDbEntity
  8
cota
100
AcDbLine
 10
18.575
 20
-13.025
 30
0.0
 11
18.725
 21
-12.875
 31
0.0
  0
TEXT
  5
817
330
17
100
AcDbEntity
  8
cota-texto
100
AcDbText
 10
18.575
 20
-12.895
 30
0.0
 40
0.095
  1
0,15
 72
1
 11
18.575
 21
-12.895
 31
0.0
100
AcDbText
  0
LINE
  5
818
330
17
100
AcDbEntity
  8
cota
100
AcDbLine
 10
18.650000000000002
 20
-12.375
 30
0.0
 11
18.650000000000002
 21
-13.025
 31
0.0
  0
LINE
  5
819
330
17
100
AcDbEntity
  8
cota
100
AcDbLine
 10
21.5
 20
-12.375
 30
0.0
 11
21.5
 21
-13.025
 31
0.0
  0
LINE
  5
81A
330
17
100
AcDbEntity
  8
cota
100
AcDbLine
 10
18.650000000000002
 20
-12.950000000000001
 30
0.0
 11
21.5
 21
-12.950000000000001
 31
0.0
  0
LINE
  5
81B
330
17
100
AcDbEntity
  8
cota
100
AcDbLine
 10
18.575
 20
-13.025
 30
0.0
 11
18.725
 21
-12.875
 31
0.0
  0
LINE
  5
81C
330
17
100
AcDbEntity
  8
cota
100
AcDbLine
 10
21.425
 20
-13.025
 30
0.0
 11
21.575000000000003
 21
-12.875
 31
0.0
  0
TEXT
  5
81D
330
17
100
AcDbEntity
  8
cota-texto
100
AcDbText
 10
20.075000000000003
 20
-12.895
 30
0.0
 40
0.095
  1
2,85
 72
1
 11
20.075000000000003
 21
-12.895
 31
0.0
100
AcDbText
  0
LINE
  5
81E
330
17
100
AcDbEntity
  8
cota
100
AcDbLine
 10
21.5
 20
-12.375
 30
0.0
 11
21.5
 21
-13.025
 31
0.0
  0
LINE
  5
81F
330
17
100
AcDbEntity
  8
cota
100
AcDbLine
 10
21.650000000000002
 20
-12.375
 30
0.0
 11
21.650000000000002
 21
-13.025
 31
0.0
  0
LINE
  5
820
330
17
100
AcDbEntity
  8
cota
100
AcDbLine
 10
21.5
 20
-12.950000000000001
 30
0.0
 11
21.650000000000002
 21
-12.950000000000001
 31
0.0
  0
LINE
  5
821
330
17
100
AcDbEntity
  8
cota
100
AcDbLine
 10
21.425
 20
-13.025
 30
0.0
 11
21.575000000000003
 21
-12.875
 31
0.0
  0
LINE
  5
822
330
17
100
AcDbEntity
  8
cota
100
AcDbLine
 10
21.575000000000003
 20
-13.025
 30
0.0
 11
21.725
 21
-12.875
 31
0.0
  0
TEXT
  5
823
330
17
100
AcDbEntity
  8
cota-texto
100
AcDbText
 10
21.575000000000003
 20
-12.895
 30
0.0
 40
0.095
  1
0,15
 72
1
 11
21.575000000000003
 21
-12.895
 31
0.0
100
AcDbText
  0
LINE
  5
824
330
17
100
AcDbEntity
  8
cota
100
AcDbLine
 10
21.650000000000002
 20
-12.375
 30
0.0
 11
21.650000000000002
 21
-13.025
 31
0.0
  0
LINE
  5
825
330
17
100
AcDbEntity
  8
cota
100
AcDbLine
 10
25.05
 20
-12.375
 30
0.0
 11
25.05
 21
-13.025
 31
0.0
  0
LINE
  5
826
330
17
100
AcDbEntity
  8
cota
100
AcDbLine
 10
21.650000000000002
 20
-12.950000000000001
 30
0.0
 11
25.05
 21
-12.950000000000001
 31
0.0
  0
LINE
  5
827
330
17
100
AcDbEntity
  8
cota
100
AcDbLine
 10
21.575000000000003
 20
-13.025
 30
0.0
 11
21.725
 21
-12.875
 31
0.0
  0
LINE
  5
828
330
17
100
AcDbEntity
  8
cota
100
AcDbLine
 10
24.975
 20
-13.025
 30
0.0
 11
25.125
 21
-12.875
 31
0.0
  0
TEXT
  5
829
330
17
100
AcDbEntity
  8
cota-texto
100
AcDbText
 10
23.35
 20
-12.895
 30
0.0
 40
0.095
  1
3,40
 72
1
 11
23.35
 21
-12.895
 31
0.0
100
AcDbText
  0
LINE
  5
82A
330
17
100
AcDbEntity
  8
cota
100
AcDbLine
 10
25.05
 20
-12.375
 30
0.0
 11
25.05
 21
-13.025
 31
0.0
  0
LINE
  5
82B
330
17
100
AcDbEntity
  8
cota
100
AcDbLine
 10
25.200000000000003
 20
-12.375
 30
0.0
 11
25.200000000000003
 21
-13.025
 31
0.0
  0
LINE
  5
82C
330
17
100
AcDbEntity
  8
cota
100
AcDbLine
 10
25.05
 20
-12.950000000000001
 30
0.0
 11
25.200000000000003
 21
-12.950000000000001
 31
0.0
  0
LINE
  5
82D
330
17
100
AcDbEntity
  8
cota
100
AcDbLine
 10
24.975
 20
-13.025
 30
0.0
 11
25.125
 21
-12.875
 31
0.0
  0
LINE
  5
82E
330
17
100
AcDbEntity
  8
cota
100
AcDbLine
 10
25.125
 20
-13.025
 30
0.0
 11
25.275000000000002
 21
-12.875
 31
0.0
  0
TEXT
  5
82F
330
17
100
AcDbEntity
  8
cota-texto
100
AcDbText
 10
25.125
 20
-12.895
 30
0.0
 40
0.095
  1
0,15
 72
1
 11
25.125
 21
-12.895
 31
0.0
100
AcDbText
  0
LINE
  5
830
330
17
100
AcDbEntity
  8
cota
100
AcDbLine
 10
25.200000000000003
 20
-12.375
 30
0.0
 11
25.200000000000003
 21
-13.025
 31
0.0
  0
LINE
  5
831
330
17
100
AcDbEntity
  8
cota
100
AcDbLine
 10
28.75
 20
-12.375
 30
0.0
 11
28.75
 21
-13.025
 31
0.0
  0
LINE
  5
832
330
17
100
AcDbEntity
  8
cota
100
AcDbLine
 10
25.200000000000003
 20
-12.950000000000001
 30
0.0
 11
28.75
 21
-12.950000000000001
 31
0.0
  0
LINE
  5
833
330
17
100
AcDbEntity
  8
cota
100
AcDbLine
 10
25.125
 20
-13.025
 30
0.0
 11
25.275000000000002
 21
-12.875
 31
0.0
  0
LINE
  5
834
330
17
100
AcDbEntity
  8
cota
100
AcDbLine
 10
28.675
 20
-13.025
 30
0.0
 11
28.825000000000003
 21
-12.875
 31
0.0
  0
TEXT
  5
835
330
17
100
AcDbEntity
  8
cota-texto
100
AcDbText
 10
26.975
 20
-12.895
 30
0.0
 40
0.095
  1
3,55
 72
1
 11
26.975
 21
-12.895
 31
0.0
100
AcDbText
  0
LINE
  5
836
330
17
100
AcDbEntity
  8
cota
100
AcDbLine
 10
28.75
 20
-12.375
 30
0.0
 11
28.75
 21
-13.025
 31
0.0
  0
LINE
  5
837
330
17
100
AcDbEntity
  8
cota
100
AcDbLine
 10
29.0
 20
-12.375
 30
0.0
 11
29.0
 21
-13.025
 31
0.0
  0
LINE
  5
838
330
17
100
AcDbEntity
  8
cota
100
AcDbLine
 10
28.75
 20
-12.950000000000001
 30
0.0
 11
29.0
 21
-12.950000000000001
 31
0.0
  0
LINE
  5
839
330
17
100
AcDbEntity
  8
cota
100
AcDbLine
 10
28.675
 20
-13.025
 30
0.0
 11
28.825000000000003
 21
-12.875
 31
0.0
  0
LINE
  5
83A
330
17
100
AcDbEntity
  8
cota
100
AcDbLine
 10
28.925
 20
-13.025
 30
0.0
 11
29.075000000000003
 21
-12.875
 31
0.0
  0
TEXT
  5
83B
330
17
100
AcDbEntity
  8
cota-texto
100
AcDbText
 10
28.875
 20
-12.895
 30
0.0
 40
0.095
  1
0,25
 72
1
 11
28.875
 21
-12.895
 31
0.0
100
AcDbText
  0
LINE
  5
83C
330
17
100
AcDbEntity
  8
cota
100
AcDbLine
 10
5.125
 20
-12.375
 30
0.0
 11
5.125
 21
-14.025
 31
0.0
  0
LINE
  5
83D
330
17
100
AcDbEntity
  8
cota
100
AcDbLine
 10
8.525
 20
-12.375
 30
0.0
 11
8.525
 21
-14.025
 31
0.0
  0
LINE
  5
83E
330
17
100
AcDbEntity
  8
cota
100
AcDbLine
 10
5.125
 20
-13.950000000000001
 30
0.0
 11
8.525
 21
-13.950000000000001
 31
0.0
  0
LINE
  5
83F
330
17
100
AcDbEntity
  8
cota
100
AcDbLine
 10
5.050000000000001
 20
-14.025
 30
0.0
 11
5.2
 21
-13.875
 31
0.0
  0
LINE
  5
840
330
17
100
AcDbEntity
  8
cota
100
AcDbLine
 10
8.450000000000001
 20
-14.025
 30
0.0
 11
8.6
 21
-13.875
 31
0.0
  0
TEXT
  5
841
330
17
100
AcDbEntity
  8
cota-texto
100
AcDbText
 10
6.825
 20
-13.895
 30
0.0
 40
0.105
  1
3,40
 72
1
 11
6.825
 21
-13.895
 31
0.0
100
AcDbText
  0
LINE
  5
842
330
17
100
AcDbEntity
  8
cota
100
AcDbLine
 10
8.525
 20
-12.375
 30
0.0
 11
8.525
 21
-14.025
 31
0.0
  0
LINE
  5
843
330
17
100
AcDbEntity
  8
cota
100
AcDbLine
 10
11.875
 20
-12.375
 30
0.0
 11
11.875
 21
-14.025
 31
0.0
  0
LINE
  5
844
330
17
100
AcDbEntity
  8
cota
100
AcDbLine
 10
8.525
 20
-13.950000000000001
 30
0.0
 11
11.875
 21
-13.950000000000001
 31
0.0
  0
LINE
  5
845
330
17
100
AcDbEntity
  8
cota
100
AcDbLine
 10
8.450000000000001
 20
-14.025
 30
0.0
 11
8.6
 21
-13.875
 31
0.0
  0
LINE
  5
846
330
17
100
AcDbEntity
  8
cota
100
AcDbLine
 10
11.8
 20
-14.025
 30
0.0
 11
11.950000000000001
 21
-13.875
 31
0.0
  0
TEXT
  5
847
330
17
100
AcDbEntity
  8
cota-texto
100
AcDbText
 10
10.200000000000001
 20
-13.895
 30
0.0
 40
0.105
  1
3,35
 72
1
 11
10.200000000000001
 21
-13.895
 31
0.0
100
AcDbText
  0
LINE
  5
848
330
17
100
AcDbEntity
  8
cota
100
AcDbLine
 10
11.875
 20
-12.375
 30
0.0
 11
11.875
 21
-14.025
 31
0.0
  0
LINE
  5
849
330
17
100
AcDbEntity
  8
cota
100
AcDbLine
 10
15.225000000000001
 20
-12.375
 30
0.0
 11
15.225000000000001
 21
-14.025
 31
0.0
  0
LINE
  5
84A
330
17
100
AcDbEntity
  8
cota
100
AcDbLine
 10
11.875
 20
-13.950000000000001
 30
0.0
 11
15.225000000000001
 21
-13.950000000000001
 31
0.0
  0
LINE
  5
84B
330
17
100
AcDbEntity
  8
cota
100
AcDbLine
 10
11.8
 20
-14.025
 30
0.0
 11
11.950000000000001
 21
-13.875
 31
0.0
  0
LINE
  5
84C
330
17
100
AcDbEntity
  8
cota
100
AcDbLine
 10
15.15
 20
-14.025
 30
0.0
 11
15.3
 21
-13.875
 31
0.0
  0
TEXT
  5
84D
330
17
100
AcDbEntity
  8
cota-texto
100
AcDbText
 10
13.55
 20
-13.895
 30
0.0
 40
0.105
  1
3,35
 72
1
 11
13.55
 21
-13.895
 31
0.0
100
AcDbText
  0
LINE
  5
84E
330
17
100
AcDbEntity
  8
cota
100
AcDbLine
 10
15.225000000000001
 20
-12.375
 30
0.0
 11
15.225000000000001
 21
-14.025
 31
0.0
  0
LINE
  5
84F
330
17
100
AcDbEntity
  8
cota
100
AcDbLine
 10
18.575
 20
-12.375
 30
0.0
 11
18.575
 21
-14.025
 31
0.0
  0
LINE
  5
850
330
17
100
AcDbEntity
  8
cota
100
AcDbLine
 10
15.225000000000001
 20
-13.950000000000001
 30
0.0
 11
18.575
 21
-13.950000000000001
 31
0.0
  0
LINE
  5
851
330
17
100
AcDbEntity
  8
cota
100
AcDbLine
 10
15.15
 20
-14.025
 30
0.0
 11
15.3
 21
-13.875
 31
0.0
  0
LINE
  5
852
330
17
100
AcDbEntity
  8
cota
100
AcDbLine
 10
18.5
 20
-14.025
 30
0.0
 11
18.650000000000002
 21
-13.875
 31
0.0
  0
TEXT
  5
853
330
17
100
AcDbEntity
  8
cota-texto
100
AcDbText
 10
16.900000000000002
 20
-13.895
 30
0.0
 40
0.105
  1
3,35
 72
1
 11
16.900000000000002
 21
-13.895
 31
0.0
100
AcDbText
  0
LINE
  5
854
330
17
100
AcDbEntity
  8
cota
100
AcDbLine
 10
18.575
 20
-12.375
 30
0.0
 11
18.575
 21
-14.025
 31
0.0
  0
LINE
  5
855
330
17
100
AcDbEntity
  8
cota
100
AcDbLine
 10
21.575000000000003
 20
-12.375
 30
0.0
 11
21.575000000000003
 21
-14.025
 31
0.0
  0
LINE
  5
856
330
17
100
AcDbEntity
  8
cota
100
AcDbLine
 10
18.575
 20
-13.950000000000001
 30
0.0
 11
21.575000000000003
 21
-13.950000000000001
 31
0.0
  0
LINE
  5
857
330
17
100
AcDbEntity
  8
cota
100
AcDbLine
 10
18.5
 20
-14.025
 30
0.0
 11
18.650000000000002
 21
-13.875
 31
0.0
  0
LINE
  5
858
330
17
100
AcDbEntity
  8
cota
100
AcDbLine
 10
21.5
 20
-14.025
 30
0.0
 11
21.650000000000002
 21
-13.875
 31
0.0
  0
TEXT
  5
859
330
17
100
AcDbEntity
  8
cota-texto
100
AcDbText
 10
20.075000000000003
 20
-13.895
 30
0.0
 40
0.105
  1
3,00
 72
1
 11
20.075000000000003
 21
-13.895
 31
0.0
100
AcDbText
  0
LINE
  5
85A
330
17
100
AcDbEntity
  8
cota
100
AcDbLine
 10
21.575000000000003
 20
-12.375
 30
0.0
 11
21.575000000000003
 21
-14.025
 31
0.0
  0
LINE
  5
85B
330
17
100
AcDbEntity
  8
cota
100
AcDbLine
 10
25.125
 20
-12.375
 30
0.0
 11
25.125
 21
-14.025
 31
0.0
  0
LINE
  5
85C
330
17
100
AcDbEntity
  8
cota
100
AcDbLine
 10
21.575000000000003
 20
-13.950000000000001
 30
0.0
 11
25.125
 21
-13.950000000000001
 31
0.0
  0
LINE
  5
85D
330
17
100
AcDbEntity
  8
cota
100
AcDbLine
 10
21.5
 20
-14.025
 30
0.0
 11
21.650000000000002
 21
-13.875
 31
0.0
  0
LINE
  5
85E
330
17
100
AcDbEntity
  8
cota
100
AcDbLine
 10
25.05
 20
-14.025
 30
0.0
 11
25.200000000000003
 21
-13.875
 31
0.0
  0
TEXT
  5
85F
330
17
100
AcDbEntity
  8
cota-texto
100
AcDbText
 10
23.35
 20
-13.895
 30
0.0
 40
0.105
  1
3,55
 72
1
 11
23.35
 21
-13.895
 31
0.0
100
AcDbText
  0
LINE
  5
860
330
17
100
AcDbEntity
  8
cota
100
AcDbLine
 10
25.125
 20
-12.375
 30
0.0
 11
25.125
 21
-14.025
 31
0.0
  0
LINE
  5
861
330
17
100
AcDbEntity
  8
cota
100
AcDbLine
 10
28.875
 20
-12.375
 30
0.0
 11
28.875
 21
-14.025
 31
0.0
  0
LINE
  5
862
330
17
100
AcDbEntity
  8
cota
100
AcDbLine
 10
25.125
 20
-13.950000000000001
 30
0.0
 11
28.875
 21
-13.950000000000001
 31
0.0
  0
LINE
  5
863
330
17
100
AcDbEntity
  8
cota
100
AcDbLine
 10
25.05
 20
-14.025
 30
0.0
 11
25.200000000000003
 21
-13.875
 31
0.0
  0
LINE
  5
864
330
17
100
AcDbEntity
  8
cota
100
AcDbLine
 10
28.8
 20
-14.025
 30
0.0
 11
28.950000000000003
 21
-13.875
 31
0.0
  0
TEXT
  5
865
330
17
100
AcDbEntity
  8
cota-texto
100
AcDbText
 10
27.0
 20
-13.895
 30
0.0
 40
0.105
  1
3,75
 72
1
 11
27.0
 21
-13.895
 31
0.0
100
AcDbText
  0
LINE
  5
866
330
17
100
AcDbEntity
  8
cota
100
AcDbLine
 10
4.925000000000001
 20
-12.3
 30
0.0
 11
3.625
 21
-12.3
 31
0.0
  0
LINE
  5
867
330
17
100
AcDbEntity
  8
cota
100
AcDbLine
 10
4.925000000000001
 20
-2.7
 30
0.0
 11
3.625
 21
-2.7
 31
0.0
  0
LINE
  5
868
330
17
100
AcDbEntity
  8
cota
100
AcDbLine
 10
3.7
 20
-12.3
 30
0.0
 11
3.7
 21
-2.7
 31
0.0
  0
LINE
  5
869
330
17
100
AcDbEntity
  8
cota
100
AcDbLine
 10
3.625
 20
-12.225000000000001
 30
0.0
 11
3.7750000000000004
 21
-12.375
 31
0.0
  0
LINE
  5
86A
330
17
100
AcDbEntity
  8
cota
100
AcDbLine
 10
3.625
 20
-2.625
 30
0.0
 11
3.7750000000000004
 21
-2.7750000000000004
 31
0.0
  0
TEXT
  5
86B
330
17
100
AcDbEntity
  8
cota-texto
100
AcDbText
 10
3.6450000000000005
 20
-7.5
 30
0.0
 40
0.13
  1
9,60
 50
90.0
 72
1
 11
3.6450000000000005
 21
-7.5
 31
0.0
100
AcDbText
  0
LINE
  5
86C
330
17
100
AcDbEntity
  8
cota
100
AcDbLine
 10
4.925000000000001
 20
-12.3
 30
0.0
 11
4.125
 21
-12.3
 31
0.0
  0
LINE
  5
86D
330
17
100
AcDbEntity
  8
cota
100
AcDbLine
 10
4.925000000000001
 20
-12.05
 30
0.0
 11
4.125
 21
-12.05
 31
0.0
  0
LINE
  5
86E
330
17
100
AcDbEntity
  8
cota
100
AcDbLine
 10
4.2
 20
-12.3
 30
0.0
 11
4.2
 21
-12.05
 31
0.0
  0
LINE
  5
86F
330
17
100
AcDbEntity
  8
cota
100
AcDbLine
 10
4.125
 20
-12.225000000000001
 30
0.0
 11
4.275
 21
-12.375
 31
0.0
  0
LINE
  5
870
330
17
100
AcDbEntity
  8
cota
100
AcDbLine
 10
4.125
 20
-11.975000000000001
 30
0.0
 11
4.275
 21
-12.125
 31
0.0
  0
TEXT
  5
871
330
17
100
AcDbEntity
  8
cota-texto
100
AcDbText
 10
4.1450000000000005
 20
-12.175
 30
0.0
 40
0.095
  1
0,25
 50
90.0
 72
1
 11
4.1450000000000005
 21
-12.175
 31
0.0
100
AcDbText
  0
LINE
  5
872
330
17
100
AcDbEntity
  8
cota
100
AcDbLine
 10
4.925000000000001
 20
-12.05
 30
0.0
 11
4.125
 21
-12.05
 31
0.0
  0
LINE
  5
873
330
17
100
AcDbEntity
  8
cota
100
AcDbLine
 10
4.925000000000001
 20
-8.5
 30
0.0
 11
4.125
 21
-8.5
 31
0.0
  0
LINE
  5
874
330
17
100
AcDbEntity
  8
cota
100
AcDbLine
 10
4.2
 20
-12.05
 30
0.0
 11
4.2
 21
-8.5
 31
0.0
  0
LINE
  5
875
330
17
100
AcDbEntity
  8
cota
100
AcDbLine
 10
4.125
 20
-11.975000000000001
 30
0.0
 11
4.275
 21
-12.125
 31
0.0
  0
LINE
  5
876
330
17
100
AcDbEntity
  8
cota
100
AcDbLine
 10
4.125
 20
-8.425
 30
0.0
 11
4.275
 21
-8.575000000000001
 31
0.0
  0
TEXT
  5
877
330
17
100
AcDbEntity
  8
cota-texto
100
AcDbText
 10
4.1450000000000005
 20
-10.275
 30
0.0
 40
0.095
  1
3,55
 50
90.0
 72
1
 11
4.1450000000000005
 21
-10.275
 31
0.0
100
AcDbText
  0
LINE
  5
878
330
17
100
AcDbEntity
  8
cota
100
AcDbLine
 10
4.925000000000001
 20
-8.5
 30
0.0
 11
4.125
 21
-8.5
 31
0.0
  0
LINE
  5
879
330
17
100
AcDbEntity
  8
cota
100
AcDbLine
 10
4.925000000000001
 20
-8.35
 30
0.0
 11
4.125
 21
-8.35
 31
0.0
  0
LINE
  5
87A
330
17
100
AcDbEntity
  8
cota
100
AcDbLine
 10
4.2
 20
-8.5
 30
0.0
 11
4.2
 21
-8.35
 31
0.0
  0
LINE
  5
87B
330
17
100
AcDbEntity
  8
cota
100
AcDbLine
 10
4.125
 20
-8.425
 30
0.0
 11
4.275
 21
-8.575000000000001
 31
0.0
  0
LINE
  5
87C
330
17
100
AcDbEntity
  8
cota
100
AcDbLine
 10
4.125
 20
-8.275
 30
0.0
 11
4.275
 21
-8.425
 31
0.0
  0
TEXT
  5
87D
330
17
100
AcDbEntity
  8
cota-texto
100
AcDbText
 10
4.1450000000000005
 20
-8.425
 30
0.0
 40
0.095
  1
0,15
 50
90.0
 72
1
 11
4.1450000000000005
 21
-8.425
 31
0.0
100
AcDbText
  0
LINE
  5
87E
330
17
100
AcDbEntity
  8
cota
100
AcDbLine
 10
4.925000000000001
 20
-8.35
 30
0.0
 11
4.125
 21
-8.35
 31
0.0
  0
LINE
  5
87F
330
17
100
AcDbEntity
  8
cota
100
AcDbLine
 10
4.925000000000001
 20
-6.65
 30
0.0
 11
4.125
 21
-6.65
 31
0.0
  0
LINE
  5
880
330
17
100
AcDbEntity
  8
cota
100
AcDbLine
 10
4.2
 20
-8.35
 30
0.0
 11
4.2
 21
-6.65
 31
0.0
  0
LINE
  5
881
330
17
100
AcDbEntity
  8
cota
100
AcDbLine
 10
4.125
 20
-8.275
 30
0.0
 11
4.275
 21
-8.425
 31
0.0
  0
LINE
  5
882
330
17
100
AcDbEntity
  8
cota
100
AcDbLine
 10
4.125
 20
-6.575
 30
0.0
 11
4.275
 21
-6.7250000000000005
 31
0.0
  0
TEXT
  5
883
330
17
100
AcDbEntity
  8
cota-texto
100
AcDbText
 10
4.1450000000000005
 20
-7.5
 30
0.0
 40
0.095
  1
1,70
 50
90.0
 72
1
 11
4.1450000000000005
 21
-7.5
 31
0.0
100
AcDbText
  0
LINE
  5
884
330
17
100
AcDbEntity
  8
cota
100
AcDbLine
 10
4.925000000000001
 20
-6.65
 30
0.0
 11
4.125
 21
-6.65
 31
0.0
  0
LINE
  5
885
330
17
100
AcDbEntity
  8
cota
100
AcDbLine
 10
4.925000000000001
 20
-6.5
 30
0.0
 11
4.125
 21
-6.5
 31
0.0
  0
LINE
  5
886
330
17
100
AcDbEntity
  8
cota
100
AcDbLine
 10
4.2
 20
-6.65
 30
0.0
 11
4.2
 21
-6.5
 31
0.0
  0
LINE
  5
887
330
17
100
AcDbEntity
  8
cota
100
AcDbLine
 10
4.125
 20
-6.575
 30
0.0
 11
4.275
 21
-6.7250000000000005
 31
0.0
  0
LINE
  5
888
330
17
100
AcDbEntity
  8
cota
100
AcDbLine
 10
4.125
 20
-6.425000000000001
 30
0.0
 11
4.275
 21
-6.575
 31
0.0
  0
TEXT
  5
889
330
17
100
AcDbEntity
  8
cota-texto
100
AcDbText
 10
4.1450000000000005
 20
-6.575
 30
0.0
 40
0.095
  1
0,15
 50
90.0
 72
1
 11
4.1450000000000005
 21
-6.575
 31
0.0
100
AcDbText
  0
LINE
  5
88A
330
17
100
AcDbEntity
  8
cota
100
AcDbLine
 10
4.925000000000001
 20
-6.5
 30
0.0
 11
4.125
 21
-6.5
 31
0.0
  0
LINE
  5
88B
330
17
100
AcDbEntity
  8
cota
100
AcDbLine
 10
4.925000000000001
 20
-2.95
 30
0.0
 11
4.125
 21
-2.95
 31
0.0
  0
LINE
  5
88C
330
17
100
AcDbEntity
  8
cota
100
AcDbLine
 10
4.2
 20
-6.5
 30
0.0
 11
4.2
 21
-2.95
 31
0.0
  0
LINE
  5
88D
330
17
100
AcDbEntity
  8
cota
100
AcDbLine
 10
4.125
 20
-6.425000000000001
 30
0.0
 11
4.275
 21
-6.575
 31
0.0
  0
LINE
  5
88E
330
17
100
AcDbEntity
  8
cota
100
AcDbLine
 10
4.125
 20
-2.875
 30
0.0
 11
4.275
 21
-3.0250000000000004
 31
0.0
  0
TEXT
  5
88F
330
17
100
AcDbEntity
  8
cota-texto
100
AcDbText
 10
4.1450000000000005
 20
-4.7250000000000005
 30
0.0
 40
0.095
  1
3,55
 50
90.0
 72
1
 11
4.1450000000000005
 21
-4.7250000000000005
 31
0.0
100
AcDbText
  0
LINE
  5
890
330
17
100
AcDbEntity
  8
cota
100
AcDbLine
 10
4.925000000000001
 20
-2.95
 30
0.0
 11
4.125
 21
-2.95
 31
0.0
  0
LINE
  5
891
330
17
100
AcDbEntity
  8
cota
100
AcDbLine
 10
4.925000000000001
 20
-2.7
 30
0.0
 11
4.125
 21
-2.7
 31
0.0
  0
LINE
  5
892
330
17
100
AcDbEntity
  8
cota
100
AcDbLine
 10
4.2
 20
-2.95
 30
0.0
 11
4.2
 21
-2.7
 31
0.0
  0
LINE
  5
893
330
17
100
AcDbEntity
  8
cota
100
AcDbLine
 10
4.125
 20
-2.875
 30
0.0
 11
4.275
 21
-3.0250000000000004
 31
0.0
  0
LINE
  5
894
330
17
100
AcDbEntity
  8
cota
100
AcDbLine
 10
4.125
 20
-2.625
 30
0.0
 11
4.275
 21
-2.7750000000000004
 31
0.0
  0
TEXT
  5
895
330
17
100
AcDbEntity
  8
cota-texto
100
AcDbText
 10
4.1450000000000005
 20
-2.825
 30
0.0
 40
0.095
  1
0,25
 50
90.0
 72
1
 11
4.1450000000000005
 21
-2.825
 31
0.0
100
AcDbText
  0
LINE
  5
896
330
17
100
AcDbEntity
  8
cota
100
AcDbLine
 10
4.925000000000001
 20
-12.175
 30
0.0
 11
3.125
 21
-12.175
 31
0.0
  0
LINE
  5
897
330
17
100
AcDbEntity
  8
cota
100
AcDbLine
 10
4.925000000000001
 20
-8.425
 30
0.0
 11
3.125
 21
-8.425
 31
0.0
  0
LINE
  5
898
330
17
100
AcDbEntity
  8
cota
100
AcDbLine
 10
3.2
 20
-12.175
 30
0.0
 11
3.2
 21
-8.425
 31
0.0
  0
LINE
  5
899
330
17
100
AcDbEntity
  8
cota
100
AcDbLine
 10
3.125
 20
-12.100000000000001
 30
0.0
 11
3.2750000000000004
 21
-12.25
 31
0.0
  0
LINE
  5
89A
330
17
100
AcDbEntity
  8
cota
100
AcDbLine
 10
3.125
 20
-8.35
 30
0.0
 11
3.2750000000000004
 21
-8.5
 31
0.0
  0
TEXT
  5
89B
330
17
100
AcDbEntity
  8
cota-texto
100
AcDbText
 10
3.145
 20
-10.3
 30
0.0
 40
0.105
  1
3,75
 50
90.0
 72
1
 11
3.145
 21
-10.3
 31
0.0
100
AcDbText
  0
LINE
  5
89C
330
17
100
AcDbEntity
  8
cota
100
AcDbLine
 10
4.925000000000001
 20
-8.425
 30
0.0
 11
3.125
 21
-8.425
 31
0.0
  0
LINE
  5
89D
330
17
100
AcDbEntity
  8
cota
100
AcDbLine
 10
4.925000000000001
 20
-6.575
 30
0.0
 11
3.125
 21
-6.575
 31
0.0
  0
LINE
  5
89E
330
17
100
AcDbEntity
  8
cota
100
AcDbLine
 10
3.2
 20
-8.425
 30
0.0
 11
3.2
 21
-6.575
 31
0.0
  0
LINE
  5
89F
330
17
100
AcDbEntity
  8
cota
100
AcDbLine
 10
3.125
 20
-8.35
 30
0.0
 11
3.2750000000000004
 21
-8.5
 31
0.0
  0
LINE
  5
8A0
330
17
100
AcDbEntity
  8
cota
100
AcDbLine
 10
3.125
 20
-6.5
 30
0.0
 11
3.2750000000000004
 21
-6.65
 31
0.0
  0
TEXT
  5
8A1
330
17
100
AcDbEntity
  8
cota-texto
100
AcDbText
 10
3.145
 20
-7.5
 30
0.0
 40
0.105
  1
1,85
 50
90.0
 72
1
 11
3.145
 21
-7.5
 31
0.0
100
AcDbText
  0
LINE
  5
8A2
330
17
100
AcDbEntity
  8
cota
100
AcDbLine
 10
4.925000000000001
 20
-6.575
 30
0.0
 11
3.125
 21
-6.575
 31
0.0
  0
LINE
  5
8A3
330
17
100
AcDbEntity
  8
cota
100
AcDbLine
 10
4.925000000000001
 20
-2.825
 30
0.0
 11
3.125
 21
-2.825
 31
0.0
  0
LINE
  5
8A4
330
17
100
AcDbEntity
  8
cota
100
AcDbLine
 10
3.2
 20
-6.575
 30
0.0
 11
3.2
 21
-2.825
 31
0.0
  0
LINE
  5
8A5
330
17
100
AcDbEntity
  8
cota
100
AcDbLine
 10
3.125
 20
-6.5
 30
0.0
 11
3.2750000000000004
 21
-6.65
 31
0.0
  0
LINE
  5
8A6
330
17
100
AcDbEntity
  8
cota
100
AcDbLine
 10
3.125
 20
-2.75
 30
0.0
 11
3.2750000000000004
 21
-2.9000000000000004
 31
0.0
  0
TEXT
  5
8A7
330
17
100
AcDbEntity
  8
cota-texto
100
AcDbText
 10
3.145
 20
-4.7
 30
0.0
 40
0.105
  1
3,75
 50
90.0
 72
1
 11
3.145
 21
-4.7
 31
0.0
100
AcDbText
  0
LINE
  5
8A8
330
17
100
AcDbEntity
  8
marco-medio
100
AcDbLine
 10
-0.65
 20
1.95
 30
0.0
 11
24.65
 21
1.95
 31
0.0
  0
LINE
  5
8A9
330
17
100
AcDbEntity
  8
marco-medio
100
AcDbLine
 10
-0.65
 20
1.95
 30
0.0
 11
-1.3
 21
1.95
 31
0.0
  0
LWPOLYLINE
  5
8AA
330
17
100
AcDbEntity
  8
marco-medio
100
AcDbPolyline
 90
3
 70
1
 10
-1.3
 20
1.95
 10
-0.65
 20
1.65
 10
-0.65
 20
2.25
  0
LINE
  5
8AB
330
17
100
AcDbEntity
  8
hatch
100
AcDbLine
 10
-0.7467619805834224
 20
1.694659375653887
 30
0.0
 11
-0.65
 21
1.7914213562373094
 31
0.0
  0
LINE
  5
8AC
330
17
100
AcDbEntity
  8
hatch
100
AcDbLine
 10
-0.8435239611668445
 20
1.7393187513077744
 30
0.0
 11
-0.65
 21
1.9328427124746188
 31
0.0
  0
LINE
  5
8AD
330
17
100
AcDbEntity
  8
hatch
100
AcDbLine
 10
-0.9402859417502669
 20
1.7839781269616617
 30
0.0
 11
-0.65
 21
2.0742640687119285
 31
0.0
  0
LINE
  5
8AE
330
17
100
AcDbEntity
  8
hatch
100
AcDbLine
 10
-1.037047922333689
 20
1.8286375026155488
 30
0.0
 11
-0.6500000000000001
 21
2.2156854249492377
 31
0.0
  0
LINE
  5
8AF
330
17
100
AcDbEntity
  8
hatch
100
AcDbLine
 10
-1.1338099029171114
 20
1.8732968782694361
 30
0.0
 11
-0.848912593632159
 21
2.1581941875543884
 31
0.0
  0
LINE
  5
8B0
330
17
100
AcDbEntity
  8
hatch
100
AcDbLine
 10
-1.230571883500534
 20
1.9179562539233233
 30
0.0
 11
-1.1115522552157344
 21
2.0369758822081225
 31
0.0
  0
TEXT
  5
8B1
330
17
100
AcDbEntity
  8
texto
100
AcDbText
 10
-1.4950000000000003
 20
1.95
 30
0.0
 40
0.13
  1
A
 72
1
 11
-1.4950000000000003
 21
1.95
 31
0.0
100
AcDbText
  0
LINE
  5
8B2
330
17
100
AcDbEntity
  8
marco-medio
100
AcDbLine
 10
24.65
 20
1.95
 30
0.0
 11
25.3
 21
1.95
 31
0.0
  0
LWPOLYLINE
  5
8B3
330
17
100
AcDbEntity
  8
marco-medio
100
AcDbPolyline
 90
3
 70
1
 10
25.3
 20
1.95
 10
24.65
 20
1.65
 10
24.65
 20
2.25
  0
LINE
  5
8B4
330
17
100
AcDbEntity
  8
hatch
100
AcDbLine
 10
25.037360338416427
 20
1.8287816946537347
 30
0.0
 11
25.203238019416577
 21
1.9946593756538853
 31
0.0
  0
LINE
  5
8B5
330
17
100
AcDbEntity
  8
hatch
100
AcDbLine
 10
24.77472067683286
 20
1.7075633893074738
 30
0.0
 11
25.106476038833158
 21
2.0393187513077695
 31
0.0
  0
LINE
  5
8B6
330
17
100
AcDbEntity
  8
hatch
100
AcDbLine
 10
24.65
 20
1.724264068711923
 30
0.0
 11
25.009714058249735
 21
2.0839781269616573
 31
0.0
  0
LINE
  5
8B7
330
17
100
AcDbEntity
  8
hatch
100
AcDbLine
 10
24.65
 20
1.8656854249492287
 30
0.0
 11
24.912952077666315
 21
2.128637502615545
 31
0.0
  0
LINE
  5
8B8
330
17
100
AcDbEntity
  8
hatch
100
AcDbLine
 10
24.65
 20
2.0071067811865415
 30
0.0
 11
24.816190097082888
 21
2.1732968782694346
 31
0.0
  0
LINE
  5
8B9
330
17
100
AcDbEntity
  8
hatch
100
AcDbLine
 10
24.649999999999995
 20
2.148528137423849
 30
0.0
 11
24.719428116499465
 21
2.2179562539233206
 31
0.0
  0
TEXT
  5
8BA
330
17
100
AcDbEntity
  8
texto
100
AcDbText
 10
25.494999999999997
 20
1.95
 30
0.0
 40
0.13
  1
A
 72
1
 11
25.494999999999997
 21
1.95
 31
0.0
100
AcDbText
  0
LINE
  5
8BB
330
17
100
AcDbEntity
  8
marco-medio
100
AcDbLine
 10
12.0
 20
-0.65
 30
0.0
 11
12.0
 21
10.25
 31
0.0
  0
LINE
  5
8BC
330
17
100
AcDbEntity
  8
marco-medio
100
AcDbLine
 10
12.0
 20
-0.65
 30
0.0
 11
12.0
 21
-1.3
 31
0.0
  0
LWPOLYLINE
  5
8BD
330
17
100
AcDbEntity
  8
marco-medio
100
AcDbPolyline
 90
3
 70
1
 10
12.0
 20
-1.3
 10
11.7
 20
-0.65
 10
12.3
 20
-0.65
  0
LINE
  5
8BE
330
17
100
AcDbEntity
  8
hatch
100
AcDbLine
 10
11.955340624346112
 20
-1.2032380194165784
 30
0.0
 11
12.121218305346265
 21
-1.0373603384164252
 31
0.0
  0
LINE
  5
8BF
330
17
100
AcDbEntity
  8
hatch
100
AcDbLine
 10
11.910681248692224
 20
-1.106476038833157
 30
0.0
 11
12.242436610692533
 21
-0.7747206768328496
 31
0.0
  0
LINE
  5
8C0
330
17
100
AcDbEntity
  8
hatch
100
AcDbLine
 10
11.866021873038337
 20
-1.0097140582497328
 30
0.0
 11
12.225735931288067
 21
-0.6500000000000021
 31
0.0
  0
LINE
  5
8C1
330
17
100
AcDbEntity
  8
hatch
100
AcDbLine
 10
11.82136249738445
 20
-0.9129520776663105
 30
0.0
 11
12.08431457505076
 21
-0.6500000000000012
 31
0.0
  0
LINE
  5
8C2
330
17
100
AcDbEntity
  8
hatch
100
AcDbLine
 10
11.776703121730563
 20
-0.816190097082889
 30
0.0
 11
11.942893218813452
 21
-0.6500000000000012
 31
0.0
  0
LINE
  5
8C3
330
17
100
AcDbEntity
  8
hatch
100
AcDbLine
 10
11.732043746076677
 20
-0.7194281164994676
 30
0.0
 11
11.801471862576143
 21
-0.6500000000000012
 31
0.0
  0
TEXT
  5
8C4
330
17
100
AcDbEntity
  8
texto
100
AcDbText
 10
12.0
 20
-1.5925000000000011
 30
0.0
 40
0.13
  1
B
 72
1
 11
12.0
 21
-1.5925000000000011
 31
0.0
100
AcDbText
  0
LINE
  5
8C5
330
17
100
AcDbEntity
  8
marco-medio
100
AcDbLine
 10
12.0
 20
10.25
 30
0.0
 11
12.0
 21
10.9
 31
0.0
  0
LWPOLYLINE
  5
8C6
330
17
100
AcDbEntity
  8
marco-medio
100
AcDbPolyline
 90
3
 70
1
 10
12.0
 20
10.9
 10
11.7
 20
10.25
 10
12.3
 20
10.25
  0
LINE
  5
8C7
330
17
100
AcDbEntity
  8
hatch
100
AcDbLine
 10
12.158578643762691
 20
10.249999999999998
 30
0.0
 11
12.255340624346113
 21
10.34676198058342
 31
0.0
  0
LINE
  5
8C8
330
17
100
AcDbEntity
  8
hatch
100
AcDbLine
 10
12.017157287525384
 20
10.25
 30
0.0
 11
12.210681248692227
 21
10.443523961166843
 31
0.0
  0
LINE
  5
8C9
330
17
100
AcDbEntity
  8
hatch
100
AcDbLine
 10
11.875735931288073
 20
10.25
 30
0.0
 11
12.166021873038337
 21
10.540285941750266
 31
0.0
  0
LINE
  5
8CA
330
17
100
AcDbEntity
  8
hatch
100
AcDbLine
 10
11.734314575050764
 20
10.25
 30
0.0
 11
12.121362497384451
 21
10.63704792233369
 31
0.0
  0
LINE
  5
8CB
330
17
100
AcDbEntity
  8
hatch
100
AcDbLine
 10
11.791805812445608
 20
10.448912593632155
 30
0.0
 11
12.076703121730564
 21
10.73380990291711
 31
0.0
  0
LINE
  5
8CC
330
17
100
AcDbEntity
  8
hatch
100
AcDbLine
 10
11.913024117791874
 20
10.71155225521573
 30
0.0
 11
12.032043746076678
 21
10.830571883500534
 31
0.0
  0
TEXT
  5
8CD
330
17
100
AcDbEntity
  8
texto
100
AcDbText
 10
12.0
 20
11.1925
 30
0.0
 40
0.13
  1
B
 72
1
 11
12.0
 21
11.1925
 31
0.0
100
AcDbText
  0
TEXT
  5
8CE
330
17
100
AcDbEntity
  8
texto
100
AcDbText
 10
3.2
 20
-14.8
 30
0.0
 40
0.18
  1
PLANTA ALTA  ·  N.P.T. +3,25
100
AcDbText
  0
LINE
  5
8CF
330
17
100
AcDbEntity
  8
marco-medio
100
AcDbLine
 10
3.2
 20
-14.930000000000001
 30
0.0
 11
6.3248
 21
-14.930000000000001
 31
0.0
  0
TEXT
  5
8D0
330
17
100
AcDbEntity
  8
texto-suave
100
AcDbText
 10
6.3248
 20
-14.8
 30
0.0
 40
0.11000000000000001
  1
E 1:50
 72
2
100
AcDbText
  0
TEXT
  5
8D1
330
17
100
AcDbEntity
  8
texto-suave
100
AcDbText
 10
3.2
 20
-15.080000000000002
 30
0.0
 40
0.1
  1
Escala 1:50  ·  cotas en metros  ·  mobiliario tipo
100
AcDbText
  0
LWPOLYLINE
  5
8D2
330
17
100
AcDbEntity
  8
marco-fino
100
AcDbPolyline
 90
4
 70
1
 10
-7.999999999999972
 20
-8.000000000000009
 10
108.00000000000001
 20
-8.000000000000009
 10
108.00000000000001
 20
108.0
 10
-7.999999999999972
 20
108.0
  0
LWPOLYLINE
  5
8D3
330
17
100
AcDbEntity
  8
edificio
100
AcDbPolyline
 90
4
 70
1
 10
11.999999999999993
 20
78.0
 10
47.99999999999997
 20
78.0
 10
47.99999999999997
 20
92.0
 10
11.999999999999993
 20
92.0
  0
LINE
  5
8D4
330
17
100
AcDbEntity
  8
hatch
100
AcDbLine
 10
46.161522368914945
 20
78.0
 30
0.0
 11
47.99999999999997
 21
79.83847763108503
 31
0.0
  0
LINE
  5
8D5
330
17
100
AcDbEntity
  8
hatch
100
AcDbLine
 10
44.32304473782993
 20
78.0
 30
0.0
 11
47.99999999999997
 21
81.67695526217004
 31
0.0
  0
LINE
  5
8D6
330
17
100
AcDbEntity
  8
hatch
100
AcDbLine
 10
42.4845671067449
 20
78.0
 30
0.0
 11
47.99999999999997
 21
83.51543289325508
 31
0.0
  0
LINE
  5
8D7
330
17
100
AcDbEntity
  8
hatch
100
AcDbLine
 10
40.64608947565988
 20
78.0
 30
0.0
 11
47.99999999999997
 21
85.3539105243401
 31
0.0
  0
LINE
  5
8D8
330
17
100
AcDbEntity
  8
hatch
100
AcDbLine
 10
38.80761184457485
 20
78.0
 30
0.0
 11
47.99999999999997
 21
87.19238815542512
 31
0.0
  0
LINE
  5
8D9
330
17
100
AcDbEntity
  8
hatch
100
AcDbLine
 10
36.96913421348982
 20
78.0
 30
0.0
 11
47.99999999999996
 21
89.03086578651015
 31
0.0
  0
LINE
  5
8DA
330
17
100
AcDbEntity
  8
hatch
100
AcDbLine
 10
35.1306565824048
 20
78.0
 30
0.0
 11
47.999999999999964
 21
90.86934341759516
 31
0.0
  0
LINE
  5
8DB
330
17
100
AcDbEntity
  8
hatch
100
AcDbLine
 10
33.292178951319784
 20
78.0
 30
0.0
 11
47.292178951319784
 21
92.0
 31
0.0
  0
LINE
  5
8DC
330
17
100
AcDbEntity
  8
hatch
100
AcDbLine
 10
31.45370132023476
 20
78.0
 30
0.0
 11
45.45370132023476
 21
92.0
 31
0.0
  0
LINE
  5
8DD
330
17
100
AcDbEntity
  8
hatch
100
AcDbLine
 10
29.615223689149737
 20
78.0
 30
0.0
 11
43.61522368914973
 21
91.99999999999999
 31
0.0
  0
LINE
  5
8DE
330
17
100
AcDbEntity
  8
hatch
100
AcDbLine
 10
27.77674605806472
 20
78.0
 30
0.0
 11
41.7767460580647
 21
92.0
 31
0.0
  0
LINE
  5
8DF
330
17
100
AcDbEntity
  8
hatch
100
AcDbLine
 10
25.938268426979683
 20
78.0
 30
0.0
 11
39.93826842697969
 21
92.0
 31
0.0
  0
LINE
  5
8E0
330
17
100
AcDbEntity
  8
hatch
100
AcDbLine
 10
24.099790795894656
 20
78.0
 30
0.0
 11
38.09979079589465
 21
91.99999999999999
 31
0.0
  0
LINE
  5
8E1
330
17
100
AcDbEntity
  8
hatch
100
AcDbLine
 10
22.26131316480964
 20
78.0
 30
0.0
 11
36.26131316480962
 21
92.0
 31
0.0
  0
LINE
  5
8E2
330
17
100
AcDbEntity
  8
hatch
100
AcDbLine
 10
20.422835533724616
 20
78.0
 30
0.0
 11
34.42283553372461
 21
92.0
 31
0.0
  0
LINE
  5
8E3
330
17
100
AcDbEntity
  8
hatch
100
AcDbLine
 10
18.5843579026396
 20
78.0
 30
0.0
 11
32.584357902639596
 21
92.0
 31
0.0
  0
LINE
  5
8E4
330
17
100
AcDbEntity
  8
hatch
100
AcDbLine
 10
16.745880271554565
 20
78.0
 30
0.0
 11
30.745880271554565
 21
92.0
 31
0.0
  0
LINE
  5
8E5
330
17
100
AcDbEntity
  8
hatch
100
AcDbLine
 10
14.907402640469538
 20
78.0
 30
0.0
 11
28.90740264046953
 21
92.0
 31
0.0
  0
LINE
  5
8E6
330
17
100
AcDbEntity
  8
hatch
100
AcDbLine
 10
13.068925009384522
 20
78.0
 30
0.0
 11
27.068925009384515
 21
92.0
 31
0.0
  0
LINE
  5
8E7
330
17
100
AcDbEntity
  8
hatch
100
AcDbLine
 10
12.0
 20
78.76955262170051
 30
0.0
 11
25.230447378299488
 21
92.0
 31
0.0
  0
LINE
  5
8E8
330
17
100
AcDbEntity
  8
hatch
100
AcDbLine
 10
12.0
 20
80.60803025278553
 30
0.0
 11
23.391969747214475
 21
92.0
 31
0.0
  0
LINE
  5
8E9
330
17
100
AcDbEntity
  8
hatch
100
AcDbLine
 10
12.0
 20
82.44650788387055
 30
0.0
 11
21.553492116129455
 21
92.0
 31
0.0
  0
LINE
  5
8EA
330
17
100
AcDbEntity
  8
hatch
100
AcDbLine
 10
12.000000000000007
 20
84.2849855149556
 30
0.0
 11
19.71501448504442
 21
92.0
 31
0.0
  0
LINE
  5
8EB
330
17
100
AcDbEntity
  8
hatch
100
AcDbLine
 10
12.0
 20
86.1234631460406
 30
0.0
 11
17.876536853959394
 21
92.0
 31
0.0
  0
LINE
  5
8EC
330
17
100
AcDbEntity
  8
hatch
100
AcDbLine
 10
12.000000000000007
 20
87.96194077712562
 30
0.0
 11
16.03805922287438
 21
92.0
 31
0.0
  0
LINE
  5
8ED
330
17
100
AcDbEntity
  8
hatch
100
AcDbLine
 10
12.0
 20
89.80041840821065
 30
0.0
 11
14.199581591789347
 21
92.0
 31
0.0
  0
LINE
  5
8EE
330
17
100
AcDbEntity
  8
hatch
100
AcDbLine
 10
12.0
 20
91.63889603929567
 30
0.0
 11
12.361103960704334
 21
92.0
 31
0.0
  0
LWPOLYLINE
  5
8EF
330
17
100
AcDbEntity
  8
marco-fino
100
AcDbPolyline
 90
4
 70
1
 10
11.999999999999993
 20
78.0
 10
47.99999999999997
 20
78.0
 10
47.99999999999997
 20
92.0
 10
11.999999999999993
 20
92.0
  0
LWPOLYLINE
  5
8F0
330
17
100
AcDbEntity
  8
edificio
100
AcDbPolyline
 90
4
 70
1
 10
11.999999999999993
 20
46.0
 10
32.000000000000036
 20
46.0
 10
32.000000000000036
 20
62.0
 10
11.999999999999993
 20
62.0
  0
LINE
  5
8F1
330
17
100
AcDbEntity
  8
hatch
100
AcDbLine
 10
30.161522368915012
 20
46.0
 30
0.0
 11
32.000000000000036
 21
47.83847763108503
 31
0.0
  0
LINE
  5
8F2
330
17
100
AcDbEntity
  8
hatch
100
AcDbLine
 10
28.32304473782999
 20
45.99999999999999
 30
0.0
 11
32.00000000000004
 21
49.67695526217005
 31
0.0
  0
LINE
  5
8F3
330
17
100
AcDbEntity
  8
hatch
100
AcDbLine
 10
26.48456710674497
 20
46.0
 30
0.0
 11
32.000000000000036
 21
51.51543289325507
 31
0.0
  0
LINE
  5
8F4
330
17
100
AcDbEntity
  8
hatch
100
AcDbLine
 10
24.646089475659945
 20
46.00000000000001
 30
0.0
 11
32.00000000000004
 21
53.353910524340094
 31
0.0
  0
LINE
  5
8F5
330
17
100
AcDbEntity
  8
hatch
100
AcDbLine
 10
22.80761184457492
 20
46.0
 30
0.0
 11
32.000000000000036
 21
55.19238815542511
 31
0.0
  0
LINE
  5
8F6
330
17
100
AcDbEntity
  8
hatch
100
AcDbLine
 10
20.969134213489895
 20
46.0
 30
0.0
 11
32.000000000000036
 21
57.030865786510134
 31
0.0
  0
LINE
  5
8F7
330
17
100
AcDbEntity
  8
hatch
100
AcDbLine
 10
19.13065658240487
 20
46.0
 30
0.0
 11
32.00000000000003
 21
58.869343417595154
 31
0.0
  0
LINE
  5
8F8
330
17
100
AcDbEntity
  8
hatch
100
AcDbLine
 10
17.292178951319848
 20
46.0
 30
0.0
 11
32.000000000000036
 21
60.70782104868019
 31
0.0
  0
LINE
  5
8F9
330
17
100
AcDbEntity
  8
hatch
100
AcDbLine
 10
15.45370132023483
 20
46.0
 30
0.0
 11
31.453701320234828
 21
62.0
 31
0.0
  0
LINE
  5
8FA
330
17
100
AcDbEntity
  8
hatch
100
AcDbLine
 10
13.615223689149804
 20
46.0
 30
0.0
 11
29.615223689149808
 21
62.0
 31
0.0
  0
LINE
  5
8FB
330
17
100
AcDbEntity
  8
hatch
100
AcDbLine
 10
12.0
 20
46.22325394193522
 30
0.0
 11
27.776746058064788
 21
62.00000000000001
 31
0.0
  0
LINE
  5
8FC
330
17
100
AcDbEntity
  8
hatch
100
AcDbLine
 10
12.0
 20
48.06173157302024
 30
0.0
 11
25.938268426979757
 21
62.0
 31
0.0
  0
LINE
  5
8FD
330
17
100
AcDbEntity
  8
hatch
100
AcDbLine
 10
11.999999999999996
 20
49.900209204105266
 30
0.0
 11
24.099790795894737
 21
62.00000000000001
 31
0.0
  0
LINE
  5
8FE
330
17
100
AcDbEntity
  8
hatch
100
AcDbLine
 10
11.999999999999996
 20
51.738686835190286
 30
0.0
 11
22.261313164809714
 21
62.0
 31
0.0
  0
LINE
  5
8FF
330
17
100
AcDbEntity
  8
hatch
100
AcDbLine
 10
11.999999999999993
 20
53.577164466275306
 30
0.0
 11
20.422835533724687
 21
62.0
 31
0.0
  0
LINE
  5
900
330
17
100
AcDbEntity
  8
hatch
100
AcDbLine
 10
11.999999999999996
 20
55.41564209736033
 30
0.0
 11
18.58435790263967
 21
62.00000000000001
 31
0.0
  0
LINE
  5
901
330
17
100
AcDbEntity
  8
hatch
100
AcDbLine
 10
11.99999999999999
 20
57.25411972844536
 30
0.0
 11
16.745880271554643
 21
62.00000000000001
 31
0.0
  0
LINE
  5
902
330
17
100
AcDbEntity
  8
hatch
100
AcDbLine
 10
11.999999999999993
 20
59.09259735953037
 30
0.0
 11
14.90740264046962
 21
62.0
 31
0.0
  0
LINE
  5
903
330
17
100
AcDbEntity
  8
hatch
100
AcDbLine
 10
11.99999999999999
 20
60.9310749906154
 30
0.0
 11
13.068925009384603
 21
62.00000000000001
 31
0.0
  0
LWPOLYLINE
  5
904
330
17
100
AcDbEntity
  8
marco-fino
100
AcDbPolyline
 90
4
 70
1
 10
11.999999999999993
 20
46.0
 10
32.000000000000036
 20
46.0
 10
32.000000000000036
 20
62.0
 10
11.999999999999993
 20
62.0
  0
LWPOLYLINE
  5
905
330
17
100
AcDbEntity
  8
edificio
100
AcDbPolyline
 90
4
 70
1
 10
52.0
 20
43.999999999999986
 10
75.99999999999999
 20
43.999999999999986
 10
75.99999999999999
 20
53.599999999999994
 10
52.0
 20
53.599999999999994
  0
LINE
  5
906
330
17
100
AcDbEntity
  8
hatch
100
AcDbLine
 10
74.16152236891496
 20
43.99999999999998
 30
0.0
 11
75.99999999999999
 21
45.838477631085
 31
0.0
  0
LINE
  5
907
330
17
100
AcDbEntity
  8
hatch
100
AcDbLine
 10
72.32304473782993
 20
43.999999999999986
 30
0.0
 11
75.99999999999999
 21
47.67695526217003
 31
0.0
  0
LINE
  5
908
330
17
100
AcDbEntity
  8
hatch
100
AcDbLine
 10
70.4845671067449
 20
43.99999999999998
 30
0.0
 11
75.99999999999999
 21
49.51543289325506
 31
0.0
  0
LINE
  5
909
330
17
100
AcDbEntity
  8
hatch
100
AcDbLine
 10
68.64608947565989
 20
43.999999999999986
 30
0.0
 11
75.99999999999999
 21
51.35391052434008
 31
0.0
  0
LINE
  5
90A
330
17
100
AcDbEntity
  8
hatch
100
AcDbLine
 10
66.80761184457486
 20
43.99999999999998
 30
0.0
 11
75.99999999999999
 21
53.1923881554251
 31
0.0
  0
LINE
  5
90B
330
17
100
AcDbEntity
  8
hatch
100
AcDbLine
 10
64.96913421348984
 20
43.999999999999986
 30
0.0
 11
74.56913421348985
 21
53.59999999999999
 31
0.0
  0
LINE
  5
90C
330
17
100
AcDbEntity
  8
hatch
100
AcDbLine
 10
63.13065658240482
 20
43.999999999999986
 30
0.0
 11
72.73065658240483
 21
53.599999999999994
 31
0.0
  0
LINE
  5
90D
330
17
100
AcDbEntity
  8
hatch
100
AcDbLine
 10
61.2921789513198
 20
43.999999999999986
 30
0.0
 11
70.8921789513198
 21
53.599999999999994
 31
0.0
  0
LINE
  5
90E
330
17
100
AcDbEntity
  8
hatch
100
AcDbLine
 10
59.45370132023477
 20
43.99999999999998
 30
0.0
 11
69.05370132023478
 21
53.59999999999999
 31
0.0
  0
LINE
  5
90F
330
17
100
AcDbEntity
  8
hatch
100
AcDbLine
 10
57.615223689149744
 20
43.99999999999998
 30
0.0
 11
67.21522368914975
 21
53.599999999999994
 31
0.0
  0
LINE
  5
910
330
17
100
AcDbEntity
  8
hatch
100
AcDbLine
 10
55.776746058064724
 20
43.999999999999986
 30
0.0
 11
65.37674605806473
 21
53.599999999999994
 31
0.0
  0
LINE
  5
911
330
17
100
AcDbEntity
  8
hatch
100
AcDbLine
 10
53.9382684269797
 20
43.999999999999986
 30
0.0
 11
63.538268426979705
 21
53.59999999999999
 31
0.0
  0
LINE
  5
912
330
17
100
AcDbEntity
  8
hatch
100
AcDbLine
 10
52.09979079589468
 20
43.999999999999986
 30
0.0
 11
61.69979079589468
 21
53.599999999999994
 31
0.0
  0
LINE
  5
913
330
17
100
AcDbEntity
  8
hatch
100
AcDbLine
 10
52.0
 20
45.73868683519033
 30
0.0
 11
59.861313164809665
 21
53.59999999999999
 31
0.0
  0
LINE
  5
914
330
17
100
AcDbEntity
  8
hatch
100
AcDbLine
 10
52.0
 20
47.577164466275356
 30
0.0
 11
58.02283553372464
 21
53.599999999999994
 31
0.0
  0
LINE
  5
915
330
17
100
AcDbEntity
  8
hatch
100
AcDbLine
 10
52.00000000000001
 20
49.41564209736038
 30
0.0
 11
56.18435790263962
 21
53.599999999999994
 31
0.0
  0
LINE
  5
916
330
17
100
AcDbEntity
  8
hatch
100
AcDbLine
 10
52.0
 20
51.25411972844541
 30
0.0
 11
54.345880271554584
 21
53.599999999999994
 31
0.0
  0
LINE
  5
917
330
17
100
AcDbEntity
  8
hatch
100
AcDbLine
 10
52.00000000000001
 20
53.09259735953042
 30
0.0
 11
52.507402640469564
 21
53.59999999999999
 31
0.0
  0
LWPOLYLINE
  5
918
330
17
100
AcDbEntity
  8
marco-fino
100
AcDbPolyline
 90
4
 70
1
 10
52.0
 20
43.999999999999986
 10
75.99999999999999
 20
43.999999999999986
 10
75.99999999999999
 20
53.599999999999994
 10
52.0
 20
53.599999999999994
  0
LWPOLYLINE
  5
919
330
17
100
AcDbEntity
  8
edificio
100
AcDbPolyline
 90
4
 70
1
 10
11.999999999999993
 20
14.000000000000005
 10
33.99999999999997
 20
14.000000000000005
 10
33.99999999999997
 20
29.999999999999986
 10
11.999999999999993
 20
29.999999999999986
  0
LINE
  5
91A
330
17
100
AcDbEntity
  8
hatch
100
AcDbLine
 10
32.161522368914945
 20
14.000000000000002
 30
0.0
 11
33.99999999999997
 21
15.838477631085025
 31
0.0
  0
LINE
  5
91B
330
17
100
AcDbEntity
  8
hatch
100
AcDbLine
 10
30.323044737829925
 20
14.000000000000004
 30
0.0
 11
33.99999999999997
 21
17.67695526217005
 31
0.0
  0
LINE
  5
91C
330
17
100
AcDbEntity
  8
hatch
100
AcDbLine
 10
28.4845671067449
 20
14.000000000000007
 30
0.0
 11
33.99999999999997
 21
19.515432893255074
 31
0.0
  0
LINE
  5
91D
330
17
100
AcDbEntity
  8
hatch
100
AcDbLine
 10
26.64608947565987
 20
14.0
 30
0.0
 11
33.99999999999997
 21
21.353910524340098
 31
0.0
  0
LINE
  5
91E
330
17
100
AcDbEntity
  8
hatch
100
AcDbLine
 10
24.80761184457485
 20
14.000000000000007
 30
0.0
 11
33.99999999999997
 21
23.19238815542512
 31
0.0
  0
LINE
  5
91F
330
17
100
AcDbEntity
  8
hatch
100
AcDbLine
 10
22.96913421348983
 20
14.000000000000004
 30
0.0
 11
33.99999999999997
 21
25.03086578651014
 31
0.0
  0
LINE
  5
920
330
17
100
AcDbEntity
  8
hatch
100
AcDbLine
 10
21.130656582404804
 20
14.000000000000002
 30
0.0
 11
33.99999999999997
 21
26.86934341759517
 31
0.0
  0
LINE
  5
921
330
17
100
AcDbEntity
  8
hatch
100
AcDbLine
 10
19.292178951319784
 20
14.000000000000004
 30
0.0
 11
33.99999999999997
 21
28.70782104868019
 31
0.0
  0
LINE
  5
922
330
17
100
AcDbEntity
  8
hatch
100
AcDbLine
 10
17.453701320234753
 20
14.000000000000004
 30
0.0
 11
33.453701320234735
 21
29.999999999999986
 31
0.0
  0
LINE
  5
923
330
17
100
AcDbEntity
  8
hatch
100
AcDbLine
 10
15.615223689149735
 20
14.000000000000005
 30
0.0
 11
31.615223689149715
 21
29.999999999999982
 31
0.0
  0
LINE
  5
924
330
17
100
AcDbEntity
  8
hatch
100
AcDbLine
 10
13.77674605806471
 20
14.000000000000005
 30
0.0
 11
29.776746058064692
 21
29.999999999999986
 31
0.0
  0
LINE
  5
925
330
17
100
AcDbEntity
  8
hatch
100
AcDbLine
 10
11.999999999999995
 20
14.061731573020312
 30
0.0
 11
27.938268426979665
 21
29.999999999999982
 31
0.0
  0
LINE
  5
926
330
17
100
AcDbEntity
  8
hatch
100
AcDbLine
 10
11.999999999999995
 20
15.900209204105339
 30
0.0
 11
26.099790795894645
 21
29.999999999999982
 31
0.0
  0
LINE
  5
927
330
17
100
AcDbEntity
  8
hatch
100
AcDbLine
 10
11.999999999999995
 20
17.738686835190357
 30
0.0
 11
24.261313164809625
 21
29.999999999999986
 31
0.0
  0
LINE
  5
928
330
17
100
AcDbEntity
  8
hatch
100
AcDbLine
 10
11.999999999999993
 20
19.57716446627538
 30
0.0
 11
22.422835533724594
 21
29.999999999999982
 31
0.0
  0
LINE
  5
929
330
17
100
AcDbEntity
  8
hatch
100
AcDbLine
 10
11.999999999999995
 20
21.415642097360404
 30
0.0
 11
20.584357902639574
 21
29.999999999999986
 31
0.0
  0
LINE
  5
92A
330
17
100
AcDbEntity
  8
hatch
100
AcDbLine
 10
11.999999999999993
 20
23.25411972844543
 30
0.0
 11
18.745880271554547
 21
29.999999999999982
 31
0.0
  0
LINE
  5
92B
330
17
100
AcDbEntity
  8
hatch
100
AcDbLine
 10
11.999999999999993
 20
25.092597359530455
 30
0.0
 11
16.907402640469524
 21
29.999999999999986
 31
0.0
  0
LINE
  5
92C
330
17
100
AcDbEntity
  8
hatch
100
AcDbLine
 10
11.999999999999995
 20
26.931074990615475
 30
0.0
 11
15.068925009384506
 21
29.999999999999986
 31
0.0
  0
LINE
  5
92D
330
17
100
AcDbEntity
  8
hatch
100
AcDbLine
 10
11.999999999999996
 20
28.769552621700498
 30
0.0
 11
13.23044737829948
 21
29.999999999999986
 31
0.0
  0
LWPOLYLINE
  5
92E
330
17
100
AcDbEntity
  8
marco-fino
100
AcDbPolyline
 90
4
 70
1
 10
11.999999999999993
 20
14.000000000000005
 10
33.99999999999997
 20
14.000000000000005
 10
33.99999999999997
 20
29.999999999999986
 10
11.999999999999993
 20
29.999999999999986
  0
LWPOLYLINE
  5
92F
330
17
100
AcDbEntity
  8
edificio
100
AcDbPolyline
 90
4
 70
1
 10
40.0
 20
14.000000000000005
 10
54.00000000000001
 20
14.000000000000005
 10
54.00000000000001
 20
23.999999999999986
 10
40.0
 20
23.999999999999986
  0
LINE
  5
930
330
17
100
AcDbEntity
  8
hatch
100
AcDbLine
 10
52.16152236891498
 20
14.000000000000004
 30
0.0
 11
54.00000000000001
 21
15.838477631085023
 31
0.0
  0
LINE
  5
931
330
17
100
AcDbEntity
  8
hatch
100
AcDbLine
 10
50.32304473782996
 20
14.000000000000004
 30
0.0
 11
54.00000000000001
 21
17.67695526217005
 31
0.0
  0
LINE
  5
932
330
17
100
AcDbEntity
  8
hatch
100
AcDbLine
 10
48.48456710674495
 20
14.000000000000004
 30
0.0
 11
54.000000000000014
 21
19.515432893255074
 31
0.0
  0
LINE
  5
933
330
17
100
AcDbEntity
  8
hatch
100
AcDbLine
 10
46.64608947565992
 20
14.000000000000004
 30
0.0
 11
54.00000000000001
 21
21.35391052434009
 31
0.0
  0
LINE
  5
934
330
17
100
AcDbEntity
  8
hatch
100
AcDbLine
 10
44.80761184457489
 20
14.000000000000004
 30
0.0
 11
54.00000000000001
 21
23.192388155425117
 31
0.0
  0
LINE
  5
935
330
17
100
AcDbEntity
  8
hatch
100
AcDbLine
 10
42.969134213489866
 20
14.000000000000002
 30
0.0
 11
52.96913421348985
 21
23.999999999999986
 31
0.0
  0
LINE
  5
936
330
17
100
AcDbEntity
  8
hatch
100
AcDbLine
 10
41.13065658240484
 20
14.000000000000005
 30
0.0
 11
51.130656582404825
 21
23.99999999999998
 31
0.0
  0
LINE
  5
937
330
17
100
AcDbEntity
  8
hatch
100
AcDbLine
 10
40.0
 20
14.707821048680179
 30
0.0
 11
49.292178951319805
 21
23.999999999999986
 31
0.0
  0
LINE
  5
938
330
17
100
AcDbEntity
  8
hatch
100
AcDbLine
 10
40.0
 20
16.546298679765208
 30
0.0
 11
47.45370132023478
 21
23.999999999999986
 31
0.0
  0
LINE
  5
939
330
17
100
AcDbEntity
  8
hatch
100
AcDbLine
 10
40.0
 20
18.384776310850228
 30
0.0
 11
45.61522368914976
 21
23.99999999999998
 31
0.0
  0
LINE
  5
93A
330
17
100
AcDbEntity
  8
hatch
100
AcDbLine
 10
40.0
 20
20.223253941935255
 30
0.0
 11
43.77674605806473
 21
23.99999999999998
 31
0.0
  0
LINE
  5
93B
330
17
100
AcDbEntity
  8
hatch
100
AcDbLine
 10
40.0
 20
22.061731573020275
 30
0.0
 11
41.93826842697971
 21
23.999999999999986
 31
0.0
  0
LINE
  5
93C
330
17
100
AcDbEntity
  8
hatch
100
AcDbLine
 10
40.0
 20
23.900209204105295
 30
0.0
 11
40.099790795894684
 21
23.999999999999986
 31
0.0
  0
LWPOLYLINE
  5
93D
330
17
100
AcDbEntity
  8
marco-fino
100
AcDbPolyline
 90
4
 70
1
 10
40.0
 20
14.000000000000005
 10
54.00000000000001
 20
14.000000000000005
 10
54.00000000000001
 20
23.999999999999986
 10
40.0
 20
23.999999999999986
  0
LWPOLYLINE
  5
93E
330
17
100
AcDbEntity
  8
edificio
100
AcDbPolyline
 90
4
 70
1
 10
58.00000000000003
 20
14.000000000000005
 10
68.00000000000001
 20
14.000000000000005
 10
68.00000000000001
 20
22.000000000000014
 10
58.00000000000003
 20
22.000000000000014
  0
LINE
  5
93F
330
17
100
AcDbEntity
  8
hatch
100
AcDbLine
 10
66.16152236891499
 20
14.0
 30
0.0
 11
68.00000000000001
 21
15.83847763108502
 31
0.0
  0
LINE
  5
940
330
17
100
AcDbEntity
  8
hatch
100
AcDbLine
 10
64.32304473782996
 20
14.0
 30
0.0
 11
68.00000000000001
 21
17.676955262170047
 31
0.0
  0
LINE
  5
941
330
17
100
AcDbEntity
  8
hatch
100
AcDbLine
 10
62.48456710674495
 20
14.000000000000004
 30
0.0
 11
68.0
 21
19.515432893255063
 31
0.0
  0
LINE
  5
942
330
17
100
AcDbEntity
  8
hatch
100
AcDbLine
 10
60.646089475659906
 20
14.000000000000007
 30
0.0
 11
68.0
 21
21.353910524340094
 31
0.0
  0
LINE
  5
943
330
17
100
AcDbEntity
  8
hatch
100
AcDbLine
 10
58.80761184457489
 20
14.000000000000004
 30
0.0
 11
66.8076118445749
 21
22.00000000000001
 31
0.0
  0
LINE
  5
944
330
17
100
AcDbEntity
  8
hatch
100
AcDbLine
 10
58.00000000000003
 20
15.030865786510162
 30
0.0
 11
64.96913421348988
 21
22.000000000000007
 31
0.0
  0
LINE
  5
945
330
17
100
AcDbEntity
  8
hatch
100
AcDbLine
 10
58.00000000000003
 20
16.86934341759519
 30
0.0
 11
63.13065658240485
 21
22.000000000000014
 31
0.0
  0
LINE
  5
946
330
17
100
AcDbEntity
  8
hatch
100
AcDbLine
 10
58.00000000000003
 20
18.707821048680206
 30
0.0
 11
61.29217895131983
 21
22.00000000000001
 31
0.0
  0
LINE
  5
947
330
17
100
AcDbEntity
  8
hatch
100
AcDbLine
 10
58.00000000000003
 20
20.546298679765233
 30
0.0
 11
59.453701320234806
 21
22.00000000000001
 31
0.0
  0
LWPOLYLINE
  5
948
330
17
100
AcDbEntity
  8
marco-fino
100
AcDbPolyline
 90
4
 70
1
 10
58.00000000000003
 20
14.000000000000005
 10
68.00000000000001
 20
14.000000000000005
 10
68.00000000000001
 20
22.000000000000014
 10
58.00000000000003
 20
22.000000000000014
  0
LWPOLYLINE
  5
949
330
17
100
AcDbEntity
  8
edificio
100
AcDbPolyline
 90
4
 70
1
 10
44.00000000000003
 20
2.000000000000011
 10
52.0
 20
2.000000000000011
 10
52.0
 20
8.000000000000009
 10
44.00000000000003
 20
8.000000000000009
  0
LINE
  5
94A
330
17
100
AcDbEntity
  8
hatch
100
AcDbLine
 10
50.16152236891498
 20
2.0000000000000107
 30
0.0
 11
52.0
 21
3.8384776310850306
 31
0.0
  0
LINE
  5
94B
330
17
100
AcDbEntity
  8
hatch
100
AcDbLine
 10
48.323044737829946
 20
2.0000000000000107
 30
0.0
 11
52.0
 21
5.676955262170061
 31
0.0
  0
LINE
  5
94C
330
17
100
AcDbEntity
  8
hatch
100
AcDbLine
 10
46.48456710674493
 20
2.0000000000000107
 30
0.0
 11
52.0
 21
7.515432893255085
 31
0.0
  0
LINE
  5
94D
330
17
100
AcDbEntity
  8
hatch
100
AcDbLine
 10
44.646089475659906
 20
2.0000000000000107
 30
0.0
 11
50.6460894756599
 21
8.000000000000007
 31
0.0
  0
LINE
  5
94E
330
17
100
AcDbEntity
  8
hatch
100
AcDbLine
 10
44.00000000000002
 20
3.1923881554251565
 30
0.0
 11
48.80761184457488
 21
8.00000000000001
 31
0.0
  0
LINE
  5
94F
330
17
100
AcDbEntity
  8
hatch
100
AcDbLine
 10
44.00000000000003
 20
5.030865786510184
 30
0.0
 11
46.96913421348985
 21
8.000000000000007
 31
0.0
  0
LINE
  5
950
330
17
100
AcDbEntity
  8
hatch
100
AcDbLine
 10
44.00000000000003
 20
6.869343417595211
 30
0.0
 11
45.130656582404825
 21
8.000000000000007
 31
0.0
  0
LWPOLYLINE
  5
951
330
17
100
AcDbEntity
  8
marco-fino
100
AcDbPolyline
 90
4
 70
1
 10
44.00000000000003
 20
2.000000000000011
 10
52.0
 20
2.000000000000011
 10
52.0
 20
8.000000000000009
 10
44.00000000000003
 20
8.000000000000009
  0
LWPOLYLINE
  5
952
330
17
100
AcDbEntity
  8
destacado
100
AcDbPolyline
 90
4
 70
1
 10
52.0
 20
43.999999999999986
 10
75.99999999999999
 20
43.999999999999986
 10
75.99999999999999
 20
53.599999999999994
 10
52.0
 20
53.599999999999994
  0
LINE
  5
953
330
17
100
AcDbEntity
  8
hatch
100
AcDbLine
 10
74.16152236891496
 20
43.99999999999998
 30
0.0
 11
75.99999999999999
 21
45.838477631085
 31
0.0
  0
LINE
  5
954
330
17
100
AcDbEntity
  8
hatch
100
AcDbLine
 10
72.32304473782993
 20
43.999999999999986
 30
0.0
 11
75.99999999999999
 21
47.67695526217003
 31
0.0
  0
LINE
  5
955
330
17
100
AcDbEntity
  8
hatch
100
AcDbLine
 10
70.4845671067449
 20
43.99999999999998
 30
0.0
 11
75.99999999999999
 21
49.51543289325506
 31
0.0
  0
LINE
  5
956
330
17
100
AcDbEntity
  8
hatch
100
AcDbLine
 10
68.64608947565989
 20
43.999999999999986
 30
0.0
 11
75.99999999999999
 21
51.35391052434008
 31
0.0
  0
LINE
  5
957
330
17
100
AcDbEntity
  8
hatch
100
AcDbLine
 10
66.80761184457486
 20
43.99999999999998
 30
0.0
 11
75.99999999999999
 21
53.1923881554251
 31
0.0
  0
LINE
  5
958
330
17
100
AcDbEntity
  8
hatch
100
AcDbLine
 10
64.96913421348984
 20
43.999999999999986
 30
0.0
 11
74.56913421348985
 21
53.59999999999999
 31
0.0
  0
LINE
  5
959
330
17
100
AcDbEntity
  8
hatch
100
AcDbLine
 10
63.13065658240482
 20
43.999999999999986
 30
0.0
 11
72.73065658240483
 21
53.599999999999994
 31
0.0
  0
LINE
  5
95A
330
17
100
AcDbEntity
  8
hatch
100
AcDbLine
 10
61.2921789513198
 20
43.999999999999986
 30
0.0
 11
70.8921789513198
 21
53.599999999999994
 31
0.0
  0
LINE
  5
95B
330
17
100
AcDbEntity
  8
hatch
100
AcDbLine
 10
59.45370132023477
 20
43.99999999999998
 30
0.0
 11
69.05370132023478
 21
53.59999999999999
 31
0.0
  0
LINE
  5
95C
330
17
100
AcDbEntity
  8
hatch
100
AcDbLine
 10
57.615223689149744
 20
43.99999999999998
 30
0.0
 11
67.21522368914975
 21
53.599999999999994
 31
0.0
  0
LINE
  5
95D
330
17
100
AcDbEntity
  8
hatch
100
AcDbLine
 10
55.776746058064724
 20
43.999999999999986
 30
0.0
 11
65.37674605806473
 21
53.599999999999994
 31
0.0
  0
LINE
  5
95E
330
17
100
AcDbEntity
  8
hatch
100
AcDbLine
 10
53.9382684269797
 20
43.999999999999986
 30
0.0
 11
63.538268426979705
 21
53.59999999999999
 31
0.0
  0
LINE
  5
95F
330
17
100
AcDbEntity
  8
hatch
100
AcDbLine
 10
52.09979079589468
 20
43.999999999999986
 30
0.0
 11
61.69979079589468
 21
53.599999999999994
 31
0.0
  0
LINE
  5
960
330
17
100
AcDbEntity
  8
hatch
100
AcDbLine
 10
52.0
 20
45.73868683519033
 30
0.0
 11
59.861313164809665
 21
53.59999999999999
 31
0.0
  0
LINE
  5
961
330
17
100
AcDbEntity
  8
hatch
100
AcDbLine
 10
52.0
 20
47.577164466275356
 30
0.0
 11
58.02283553372464
 21
53.599999999999994
 31
0.0
  0
LINE
  5
962
330
17
100
AcDbEntity
  8
hatch
100
AcDbLine
 10
52.00000000000001
 20
49.41564209736038
 30
0.0
 11
56.18435790263962
 21
53.599999999999994
 31
0.0
  0
LINE
  5
963
330
17
100
AcDbEntity
  8
hatch
100
AcDbLine
 10
52.0
 20
51.25411972844541
 30
0.0
 11
54.345880271554584
 21
53.599999999999994
 31
0.0
  0
LINE
  5
964
330
17
100
AcDbEntity
  8
hatch
100
AcDbLine
 10
52.00000000000001
 20
53.09259735953042
 30
0.0
 11
52.507402640469564
 21
53.59999999999999
 31
0.0
  0
LWPOLYLINE
  5
965
330
17
100
AcDbEntity
  8
marco-medio
100
AcDbPolyline
 90
4
 70
1
 10
52.0
 20
43.999999999999986
 10
75.99999999999999
 20
43.999999999999986
 10
75.99999999999999
 20
53.599999999999994
 10
52.0
 20
53.599999999999994
  0
LINE
  5
966
330
17
100
AcDbEntity
  8
hatch
100
AcDbLine
 10
75.43431457505076
 20
43.999999999999986
 30
0.0
 11
75.99999999999999
 21
44.565685424949244
 31
0.0
  0
LINE
  5
967
330
17
100
AcDbEntity
  8
hatch
100
AcDbLine
 10
74.86862915010154
 20
44.00000000000001
 30
0.0
 11
75.99999999999999
 21
45.13137084989847
 31
0.0
  0
LINE
  5
968
330
17
100
AcDbEntity
  8
hatch
100
AcDbLine
 10
74.30294372515225
 20
43.999999999999986
 30
0.0
 11
75.99999999999999
 21
45.697056274847725
 31
0.0
  0
LINE
  5
969
330
17
100
AcDbEntity
  8
hatch
100
AcDbLine
 10
73.73725830020304
 20
44.00000000000001
 30
0.0
 11
75.99999999999999
 21
46.26274169979694
 31
0.0
  0
LINE
  5
96A
330
17
100
AcDbEntity
  8
hatch
100
AcDbLine
 10
73.17157287525382
 20
43.999999999999986
 30
0.0
 11
75.99999999999999
 21
46.8284271247462
 31
0.0
  0
LINE
  5
96B
330
17
100
AcDbEntity
  8
hatch
100
AcDbLine
 10
72.60588745030459
 20
43.999999999999986
 30
0.0
 11
75.99999999999999
 21
47.39411254969542
 31
0.0
  0
LINE
  5
96C
330
17
100
AcDbEntity
  8
hatch
100
AcDbLine
 10
72.04020202535537
 20
43.999999999999986
 30
0.0
 11
75.99999999999999
 21
47.95979797464467
 31
0.0
  0
LINE
  5
96D
330
17
100
AcDbEntity
  8
hatch
100
AcDbLine
 10
71.47451660040608
 20
43.999999999999986
 30
0.0
 11
75.99999999999999
 21
48.525483399593895
 31
0.0
  0
LINE
  5
96E
330
17
100
AcDbEntity
  8
hatch
100
AcDbLine
 10
70.90883117545685
 20
44.00000000000001
 30
0.0
 11
75.99999999999999
 21
49.09116882454315
 31
0.0
  0
LINE
  5
96F
330
17
100
AcDbEntity
  8
hatch
100
AcDbLine
 10
70.34314575050765
 20
43.999999999999986
 30
0.0
 11
75.99999999999999
 21
49.65685424949237
 31
0.0
  0
LINE
  5
970
330
17
100
AcDbEntity
  8
hatch
100
AcDbLine
 10
69.77746032555842
 20
43.999999999999986
 30
0.0
 11
75.99999999999999
 21
50.22253967444163
 31
0.0
  0
LINE
  5
971
330
17
100
AcDbEntity
  8
hatch
100
AcDbLine
 10
69.21177490060913
 20
44.00000000000001
 30
0.0
 11
75.99999999999999
 21
50.78822509939085
 31
0.0
  0
LINE
  5
972
330
17
100
AcDbEntity
  8
hatch
100
AcDbLine
 10
68.6460894756599
 20
43.999999999999986
 30
0.0
 11
75.99999999999999
 21
51.35391052434009
 31
0.0
  0
LINE
  5
973
330
17
100
AcDbEntity
  8
hatch
100
AcDbLine
 10
68.08040405071068
 20
44.00000000000001
 30
0.0
 11
75.99999999999999
 21
51.919595949289324
 31
0.0
  0
LINE
  5
974
330
17
100
AcDbEntity
  8
hatch
100
AcDbLine
 10
67.51471862576139
 20
43.999999999999986
 30
0.0
 11
75.99999999999999
 21
52.48528137423856
 31
0.0
  0
LINE
  5
975
330
17
100
AcDbEntity
  8
hatch
100
AcDbLine
 10
66.94903320081217
 20
43.999999999999986
 30
0.0
 11
75.99999999999999
 21
53.050966799187805
 31
0.0
  0
LINE
  5
976
330
17
100
AcDbEntity
  8
hatch
100
AcDbLine
 10
66.38334777586296
 20
44.00000000000001
 30
0.0
 11
75.98334777586292
 21
53.599999999999994
 31
0.0
  0
LINE
  5
977
330
17
100
AcDbEntity
  8
hatch
100
AcDbLine
 10
65.81766235091374
 20
43.999999999999986
 30
0.0
 11
75.4176623509137
 21
53.599999999999994
 31
0.0
  0
LINE
  5
978
330
17
100
AcDbEntity
  8
hatch
100
AcDbLine
 10
65.25197692596451
 20
44.00000000000003
 30
0.0
 11
74.85197692596448
 21
53.599999999999994
 31
0.0
  0
LINE
  5
979
330
17
100
AcDbEntity
  8
hatch
100
AcDbLine
 10
64.68629150101522
 20
43.999999999999986
 30
0.0
 11
74.28629150101526
 21
53.599999999999994
 31
0.0
  0
LINE
  5
97A
330
17
100
AcDbEntity
  8
hatch
100
AcDbLine
 10
64.120606076066
 20
43.999999999999986
 30
0.0
 11
73.72060607606596
 21
53.599999999999994
 31
0.0
  0
LINE
  5
97B
330
17
100
AcDbEntity
  8
hatch
100
AcDbLine
 10
63.55492065111678
 20
43.999999999999986
 30
0.0
 11
73.15492065111674
 21
53.599999999999994
 31
0.0
  0
LINE
  5
97C
330
17
100
AcDbEntity
  8
hatch
100
AcDbLine
 10
62.98923522616749
 20
44.00000000000001
 30
0.0
 11
72.58923522616753
 21
53.599999999999994
 31
0.0
  0
LINE
  5
97D
330
17
100
AcDbEntity
  8
hatch
100
AcDbLine
 10
62.423549801218265
 20
44.00000000000001
 30
0.0
 11
72.02354980121831
 21
53.599999999999994
 31
0.0
  0
LINE
  5
97E
330
17
100
AcDbEntity
  8
hatch
100
AcDbLine
 10
61.85786437626905
 20
44.00000000000001
 30
0.0
 11
71.45786437626901
 21
53.599999999999994
 31
0.0
  0
LINE
  5
97F
330
17
100
AcDbEntity
  8
hatch
100
AcDbLine
 10
61.292178951319826
 20
43.999999999999986
 30
0.0
 11
70.89217895131979
 21
53.599999999999994
 31
0.0
  0
LINE
  5
980
330
17
100
AcDbEntity
  8
hatch
100
AcDbLine
 10
60.726493526370604
 20
44.00000000000001
 30
0.0
 11
70.32649352637057
 21
53.599999999999994
 31
0.0
  0
LINE
  5
981
330
17
100
AcDbEntity
  8
hatch
100
AcDbLine
 10
60.16080810142131
 20
43.999999999999986
 30
0.0
 11
69.76080810142135
 21
53.599999999999994
 31
0.0
  0
LINE
  5
982
330
17
100
AcDbEntity
  8
hatch
100
AcDbLine
 10
59.595122676472094
 20
44.00000000000001
 30
0.0
 11
69.19512267647205
 21
53.599999999999994
 31
0.0
  0
LINE
  5
983
330
17
100
AcDbEntity
  8
hatch
100
AcDbLine
 10
59.02943725152287
 20
43.999999999999986
 30
0.0
 11
68.62943725152284
 21
53.599999999999994
 31
0.0
  0
LINE
  5
984
330
17
100
AcDbEntity
  8
hatch
100
AcDbLine
 10
58.46375182657358
 20
43.999999999999986
 30
0.0
 11
68.06375182657362
 21
53.599999999999994
 31
0.0
  0
LINE
  5
985
330
17
100
AcDbEntity
  8
hatch
100
AcDbLine
 10
57.89806640162436
 20
43.999999999999986
 30
0.0
 11
67.4980664016244
 21
53.599999999999994
 31
0.0
  0
LINE
  5
986
330
17
100
AcDbEntity
  8
hatch
100
AcDbLine
 10
57.33238097667514
 20
43.999999999999986
 30
0.0
 11
66.9323809766751
 21
53.599999999999994
 31
0.0
  0
LINE
  5
987
330
17
100
AcDbEntity
  8
hatch
100
AcDbLine
 10
56.76669555172592
 20
44.00000000000003
 30
0.0
 11
66.36669555172588
 21
53.599999999999994
 31
0.0
  0
LINE
  5
988
330
17
100
AcDbEntity
  8
hatch
100
AcDbLine
 10
56.2010101267767
 20
44.00000000000001
 30
0.0
 11
65.80101012677666
 21
53.599999999999994
 31
0.0
  0
LINE
  5
989
330
17
100
AcDbEntity
  8
hatch
100
AcDbLine
 10
55.63532470182741
 20
43.999999999999986
 30
0.0
 11
65.23532470182745
 21
53.599999999999994
 31
0.0
  0
LINE
  5
98A
330
17
100
AcDbEntity
  8
hatch
100
AcDbLine
 10
55.069639276878185
 20
44.00000000000001
 30
0.0
 11
64.66963927687823
 21
53.599999999999994
 31
0.0
  0
LINE
  5
98B
330
17
100
AcDbEntity
  8
hatch
100
AcDbLine
 10
54.50395385192897
 20
43.999999999999986
 30
0.0
 11
64.10395385192894
 21
53.599999999999994
 31
0.0
  0
LINE
  5
98C
330
17
100
AcDbEntity
  8
hatch
100
AcDbLine
 10
53.93826842697975
 20
44.00000000000001
 30
0.0
 11
63.53826842697971
 21
53.599999999999994
 31
0.0
  0
LINE
  5
98D
330
17
100
AcDbEntity
  8
hatch
100
AcDbLine
 10
53.37258300203045
 20
44.00000000000001
 30
0.0
 11
62.97258300203049
 21
53.599999999999994
 31
0.0
  0
LINE
  5
98E
330
17
100
AcDbEntity
  8
hatch
100
AcDbLine
 10
52.80689757708123
 20
43.999999999999986
 30
0.0
 11
62.406897577081196
 21
53.599999999999994
 31
0.0
  0
LINE
  5
98F
330
17
100
AcDbEntity
  8
hatch
100
AcDbLine
 10
52.241212152132015
 20
44.00000000000001
 30
0.0
 11
61.84121215213198
 21
53.599999999999994
 31
0.0
  0
LINE
  5
990
330
17
100
AcDbEntity
  8
hatch
100
AcDbLine
 10
52.0
 20
44.32447327281723
 30
0.0
 11
61.27552672718276
 21
53.599999999999994
 31
0.0
  0
LINE
  5
991
330
17
100
AcDbEntity
  8
hatch
100
AcDbLine
 10
52.0
 20
44.89015869776649
 30
0.0
 11
60.70984130223354
 21
53.599999999999994
 31
0.0
  0
LINE
  5
992
330
17
100
AcDbEntity
  8
hatch
100
AcDbLine
 10
52.0
 20
45.4558441227157
 30
0.0
 11
60.14415587728425
 21
53.599999999999994
 31
0.0
  0
LINE
  5
993
330
17
100
AcDbEntity
  8
hatch
100
AcDbLine
 10
52.0
 20
46.02152954766496
 30
0.0
 11
59.578470452335026
 21
53.599999999999994
 31
0.0
  0
LINE
  5
994
330
17
100
AcDbEntity
  8
hatch
100
AcDbLine
 10
52.0
 20
46.5872149726142
 30
0.0
 11
59.0127850273858
 21
53.599999999999994
 31
0.0
  0
LINE
  5
995
330
17
100
AcDbEntity
  8
hatch
100
AcDbLine
 10
52.0
 20
47.15290039756344
 30
0.0
 11
58.44709960243659
 21
53.599999999999994
 31
0.0
  0
LINE
  5
996
330
17
100
AcDbEntity
  8
hatch
100
AcDbLine
 10
52.0
 20
47.71858582251266
 30
0.0
 11
57.881414177487294
 21
53.599999999999994
 31
0.0
  0
LINE
  5
997
330
17
100
AcDbEntity
  8
hatch
100
AcDbLine
 10
52.0
 20
48.284271247461916
 30
0.0
 11
57.31572875253807
 21
53.599999999999994
 31
0.0
  0
LINE
  5
998
330
17
100
AcDbEntity
  8
hatch
100
AcDbLine
 10
52.0
 20
48.84995667241114
 30
0.0
 11
56.750043327588855
 21
53.599999999999994
 31
0.0
  0
LINE
  5
999
330
17
100
AcDbEntity
  8
hatch
100
AcDbLine
 10
52.0
 20
49.41564209736039
 30
0.0
 11
56.18435790263963
 21
53.599999999999994
 31
0.0
  0
LINE
  5
99A
330
17
100
AcDbEntity
  8
hatch
100
AcDbLine
 10
52.0
 20
49.98132752230961
 30
0.0
 11
55.61867247769041
 21
53.599999999999994
 31
0.0
  0
LINE
  5
99B
330
17
100
AcDbEntity
  8
hatch
100
AcDbLine
 10
52.0
 20
50.54701294725887
 30
0.0
 11
55.052987052741116
 21
53.599999999999994
 31
0.0
  0
LINE
  5
99C
330
17
100
AcDbEntity
  8
hatch
100
AcDbLine
 10
52.0
 20
51.11269837220809
 30
0.0
 11
54.4873016277919
 21
53.599999999999994
 31
0.0
  0
LINE
  5
99D
330
17
100
AcDbEntity
  8
hatch
100
AcDbLine
 10
52.0
 20
51.678383797157345
 30
0.0
 11
53.92161620284268
 21
53.599999999999994
 31
0.0
  0
LINE
  5
99E
330
17
100
AcDbEntity
  8
hatch
100
AcDbLine
 10
52.0
 20
52.24406922210657
 30
0.0
 11
53.355930777893384
 21
53.599999999999994
 31
0.0
  0
LINE
  5
99F
330
17
100
AcDbEntity
  8
hatch
100
AcDbLine
 10
52.0
 20
52.809754647055826
 30
0.0
 11
52.79024535294417
 21
53.599999999999994
 31
0.0
  0
LINE
  5
9A0
330
17
100
AcDbEntity
  8
hatch
100
AcDbLine
 10
52.0
 20
53.37544007200504
 30
0.0
 11
52.224559927994946
 21
53.599999999999994
 31
0.0
  0
LINE
  5
9A1
330
17
100
AcDbEntity
  8
proyeccion
100
AcDbLine
 10
52.0
 20
43.999999999999986
 30
0.0
 11
0.0
 21
8.000000000000009
 31
0.0
  0
TEXT
  5
9A2
330
17
100
AcDbEntity
  8
texto
100
AcDbText
 10
0.0
 20
5.9999999999999964
 30
0.0
 40
1.95
  1
ACCESO
100
AcDbText
  0
CIRCLE
  5
9A3
330
17
100
AcDbEntity
  8
arbol
100
AcDbCircle
 10
7.999999999999972
 20
34.00000000000001
 30
0.0
 40
2.2000000000000006
  0
CIRCLE
  5
9A4
330
17
100
AcDbEntity
  8
arbol
100
AcDbCircle
 10
7.999999999999972
 20
52.0
 30
0.0
 40
2.2000000000000006
  0
CIRCLE
  5
9A5
330
17
100
AcDbEntity
  8
arbol
100
AcDbCircle
 10
7.999999999999972
 20
69.99999999999999
 30
0.0
 40
2.2000000000000006
  0
CIRCLE
  5
9A6
330
17
100
AcDbEntity
  8
arbol
100
AcDbCircle
 10
30.00000000000002
 20
66.0
 30
0.0
 40
2.2000000000000006
  0
CIRCLE
  5
9A7
330
17
100
AcDbEntity
  8
arbol
100
AcDbCircle
 10
96.00000000000003
 20
48.000000000000014
 30
0.0
 40
2.2000000000000006
  0
CIRCLE
  5
9A8
330
17
100
AcDbEntity
  8
arbol
100
AcDbCircle
 10
26.0
 20
8.50000000000001
 30
0.0
 40
2.2000000000000006
  0
TEXT
  5
9A9
330
17
100
AcDbEntity
  8
texto-suave
100
AcDbText
 10
55.000000000000014
 20
33.0
 30
0.0
 40
2.21
  1
PATIO
 72
1
 11
55.000000000000014
 21
33.0
 31
0.0
100
AcDbText
  0
TEXT
  5
9AA
330
17
100
AcDbEntity
  8
texto
100
AcDbText
 10
31.900000000000002
 20
-6.4
 30
0.0
 40
0.14
  1
SITUACIÓN  ·  BLOQUE DORMITORIOS (D)
100
AcDbText
  0
LINE
  5
9AB
330
17
100
AcDbEntity
  8
marco-medio
100
AcDbLine
 10
31.900000000000002
 20
-6.53
 30
0.0
 11
40.0
 21
-6.53
 31
0.0
  0
TEXT
  5
9AC
330
17
100
AcDbEntity
  8
texto-suave
100
AcDbText
 10
31.900000000000002
 20
-16.5
 30
0.0
 40
0.1
  1
Escala 1:650  ·  predio de 100,00 × 100,00 m
100
AcDbText
  0
LWPOLYLINE
  5
9AD
330
17
100
AcDbEntity
  8
marco-fino
100
AcDbPolyline
 90
4
 70
1
 10
1.5
 20
-17.0
 10
6.1000000000000005
 20
-17.0
 10
6.1000000000000005
 20
-17.26
 10
1.5
 20
-17.26
  0
LWPOLYLINE
  5
9AE
330
17
100
AcDbEntity
  8
sombra
100
AcDbPolyline
 90
4
 70
1
 10
1.5
 20
-17.0
 10
6.1000000000000005
 20
-17.0
 10
6.1000000000000005
 20
-17.26
 10
1.5
 20
-17.26
  0
LINE
  5
9AF
330
17
100
AcDbEntity
  8
hatch
100
AcDbLine
 10
5.958578643762688
 20
-17.259999999999998
 30
0.0
 11
6.099999999999999
 21
-17.11857864376269
 31
0.0
  0
LINE
  5
9B0
330
17
100
AcDbEntity
  8
hatch
100
AcDbLine
 10
5.817157287525381
 20
-17.26
 30
0.0
 11
6.077157287525382
 21
-17.0
 31
0.0
  0
LINE
  5
9B1
330
17
100
AcDbEntity
  8
hatch
100
AcDbLine
 10
5.675735931288069
 20
-17.259999999999998
 30
0.0
 11
5.93573593128807
 21
-17.0
 31
0.0
  0
LINE
  5
9B2
330
17
100
AcDbEntity
  8
hatch
100
AcDbLine
 10
5.534314575050764
 20
-17.259999999999998
 30
0.0
 11
5.794314575050763
 21
-17.0
 31
0.0
  0
LINE
  5
9B3
330
17
100
AcDbEntity
  8
hatch
100
AcDbLine
 10
5.392893218813451
 20
-17.259999999999998
 30
0.0
 11
5.6528932188134515
 21
-17.0
 31
0.0
  0
LINE
  5
9B4
330
17
100
AcDbEntity
  8
hatch
100
AcDbLine
 10
5.251471862576142
 20
-17.259999999999998
 30
0.0
 11
5.511471862576142
 21
-17.0
 31
0.0
  0
LINE
  5
9B5
330
17
100
AcDbEntity
  8
hatch
100
AcDbLine
 10
5.110050506338833
 20
-17.259999999999998
 30
0.0
 11
5.370050506338833
 21
-17.0
 31
0.0
  0
LINE
  5
9B6
330
17
100
AcDbEntity
  8
hatch
100
AcDbLine
 10
4.968629150101522
 20
-17.26
 30
0.0
 11
5.228629150101523
 21
-17.0
 31
0.0
  0
LINE
  5
9B7
330
17
100
AcDbEntity
  8
hatch
100
AcDbLine
 10
4.827207793864213
 20
-17.259999999999998
 30
0.0
 11
5.087207793864214
 21
-17.0
 31
0.0
  0
LINE
  5
9B8
330
17
100
AcDbEntity
  8
hatch
100
AcDbLine
 10
4.685786437626905
 20
-17.259999999999998
 30
0.0
 11
4.9457864376269045
 21
-17.0
 31
0.0
  0
LINE
  5
9B9
330
17
100
AcDbEntity
  8
hatch
100
AcDbLine
 10
4.5443650813895955
 20
-17.259999999999998
 30
0.0
 11
4.804365081389595
 21
-17.0
 31
0.0
  0
LINE
  5
9BA
330
17
100
AcDbEntity
  8
hatch
100
AcDbLine
 10
4.402943725152286
 20
-17.259999999999998
 30
0.0
 11
4.662943725152287
 21
-17.0
 31
0.0
  0
LINE
  5
9BB
330
17
100
AcDbEntity
  8
hatch
100
AcDbLine
 10
4.2615223689149735
 20
-17.259999999999998
 30
0.0
 11
4.521522368914974
 21
-17.0
 31
0.0
  0
LINE
  5
9BC
330
17
100
AcDbEntity
  8
hatch
100
AcDbLine
 10
4.120101012677665
 20
-17.259999999999998
 30
0.0
 11
4.380101012677664
 21
-17.0
 31
0.0
  0
LINE
  5
9BD
330
17
100
AcDbEntity
  8
hatch
100
AcDbLine
 10
3.978679656440356
 20
-17.259999999999998
 30
0.0
 11
4.238679656440357
 21
-17.0
 31
0.0
  0
LINE
  5
9BE
330
17
100
AcDbEntity
  8
hatch
100
AcDbLine
 10
3.8372583002030467
 20
-17.259999999999998
 30
0.0
 11
4.097258300203047
 21
-17.0
 31
0.0
  0
LINE
  5
9BF
330
17
100
AcDbEntity
  8
hatch
100
AcDbLine
 10
3.6958369439657393
 20
-17.26
 30
0.0
 11
3.95583694396574
 21
-17.0
 31
0.0
  0
LINE
  5
9C0
330
17
100
AcDbEntity
  8
hatch
100
AcDbLine
 10
3.5544155877284274
 20
-17.259999999999998
 30
0.0
 11
3.814415587728427
 21
-17.0
 31
0.0
  0
LINE
  5
9C1
330
17
100
AcDbEntity
  8
hatch
100
AcDbLine
 10
3.4129942314911164
 20
-17.26
 30
0.0
 11
3.672994231491117
 21
-17.0
 31
0.0
  0
LINE
  5
9C2
330
17
100
AcDbEntity
  8
hatch
100
AcDbLine
 10
3.271572875253808
 20
-17.26
 30
0.0
 11
3.5315728752538096
 21
-17.0
 31
0.0
  0
LINE
  5
9C3
330
17
100
AcDbEntity
  8
hatch
100
AcDbLine
 10
3.130151519016499
 20
-17.26
 30
0.0
 11
3.3901515190164986
 21
-17.0
 31
0.0
  0
LINE
  5
9C4
330
17
100
AcDbEntity
  8
hatch
100
AcDbLine
 10
2.9887301627791905
 20
-17.259999999999998
 30
0.0
 11
3.2487301627791902
 21
-17.0
 31
0.0
  0
LINE
  5
9C5
330
17
100
AcDbEntity
  8
hatch
100
AcDbLine
 10
2.8473088065418786
 20
-17.259999999999998
 30
0.0
 11
3.1073088065418792
 21
-17.0
 31
0.0
  0
LINE
  5
9C6
330
17
100
AcDbEntity
  8
hatch
100
AcDbLine
 10
2.7058874503045702
 20
-17.26
 30
0.0
 11
2.96588745030457
 21
-17.0
 31
0.0
  0
LINE
  5
9C7
330
17
100
AcDbEntity
  8
hatch
100
AcDbLine
 10
2.564466094067261
 20
-17.26
 30
0.0
 11
2.8244660940672617
 21
-17.0
 31
0.0
  0
LINE
  5
9C8
330
17
100
AcDbEntity
  8
hatch
100
AcDbLine
 10
2.423044737829952
 20
-17.26
 30
0.0
 11
2.6830447378299525
 21
-17.0
 31
0.0
  0
LINE
  5
9C9
330
17
100
AcDbEntity
  8
hatch
100
AcDbLine
 10
2.2816233815926426
 20
-17.26
 30
0.0
 11
2.5416233815926432
 21
-17.0
 31
0.0
  0
LINE
  5
9CA
330
17
100
AcDbEntity
  8
hatch
100
AcDbLine
 10
2.1402020253553307
 20
-17.26
 30
0.0
 11
2.4002020253553304
 21
-17.0
 31
0.0
  0
LINE
  5
9CB
330
17
100
AcDbEntity
  8
hatch
100
AcDbLine
 10
1.9987806691180214
 20
-17.26
 30
0.0
 11
2.258780669118022
 21
-17.0
 31
0.0
  0
LINE
  5
9CC
330
17
100
AcDbEntity
  8
hatch
100
AcDbLine
 10
1.8573593128807122
 20
-17.26
 30
0.0
 11
2.117359312880713
 21
-17.0
 31
0.0
  0
LINE
  5
9CD
330
17
100
AcDbEntity
  8
hatch
100
AcDbLine
 10
1.715937956643403
 20
-17.26
 30
0.0
 11
1.9759379566434037
 21
-17.0
 31
0.0
  0
LINE
  5
9CE
330
17
100
AcDbEntity
  8
hatch
100
AcDbLine
 10
1.5745166004060938
 20
-17.259999999999998
 30
0.0
 11
1.8345166004060944
 21
-17.0
 31
0.0
  0
LINE
  5
9CF
330
17
100
AcDbEntity
  8
hatch
100
AcDbLine
 10
1.5
 20
-17.193095244168784
 30
0.0
 11
1.6930952441687843
 21
-17.0
 31
0.0
  0
LINE
  5
9D0
330
17
100
AcDbEntity
  8
hatch
100
AcDbLine
 10
1.5
 20
-17.051673887931475
 30
0.0
 11
1.551673887931475
 21
-17.0
 31
0.0
  0
LWPOLYLINE
  5
9D1
330
17
100
AcDbEntity
  8
marco-fino
100
AcDbPolyline
 90
4
 70
1
 10
1.5
 20
-17.0
 10
6.1000000000000005
 20
-17.0
 10
6.1000000000000005
 20
-17.26
 10
1.5
 20
-17.26
  0
TEXT
  5
9D2
330
17
100
AcDbEntity
  8
texto
100
AcDbText
 10
1.875
 20
-17.175
 30
0.0
 40
0.0925
  1
Nivel
 72
1
 11
1.875
 21
-17.175
 31
0.0
100
AcDbText
  0
TEXT
  5
9D3
330
17
100
AcDbEntity
  8
texto
100
AcDbText
 10
2.625
 20
-17.175
 30
0.0
 40
0.0925
  1
Cód.
 72
1
 11
2.625
 21
-17.175
 31
0.0
100
AcDbText
  0
TEXT
  5
9D4
330
17
100
AcDbEntity
  8
texto
100
AcDbText
 10
4.15
 20
-17.175
 30
0.0
 40
0.0925
  1
Recinto
 72
1
 11
4.15
 21
-17.175
 31
0.0
100
AcDbText
  0
TEXT
  5
9D5
330
17
100
AcDbEntity
  8
texto
100
AcDbText
 10
5.7
 20
-17.175
 30
0.0
 40
0.0925
  1
Área (m²)
 72
1
 11
5.7
 21
-17.175
 31
0.0
100
AcDbText
  0
LINE
  5
9D6
330
17
100
AcDbEntity
  8
marco-fino
100
AcDbLine
 10
2.25
 20
-17.0
 30
0.0
 11
2.25
 21
-17.26
 31
0.0
  0
LINE
  5
9D7
330
17
100
AcDbEntity
  8
marco-fino
100
AcDbLine
 10
3.0
 20
-17.0
 30
0.0
 11
3.0
 21
-17.26
 31
0.0
  0
LINE
  5
9D8
330
17
100
AcDbEntity
  8
marco-fino
100
AcDbLine
 10
5.300000000000001
 20
-17.0
 30
0.0
 11
5.300000000000001
 21
-17.26
 31
0.0
  0
LWPOLYLINE
  5
9D9
330
17
100
AcDbEntity
  8
marco-fino
100
AcDbPolyline
 90
4
 70
1
 10
1.5
 20
-17.26
 10
6.1000000000000005
 20
-17.26
 10
6.1000000000000005
 20
-17.48
 10
1.5
 20
-17.48
  0
TEXT
  5
9DA
330
17
100
AcDbEntity
  8
texto
100
AcDbText
 10
1.875
 20
-17.415
 30
0.0
 40
0.0925
  1
P. ALTA
 72
1
 11
1.875
 21
-17.415
 31
0.0
100
AcDbText
  0
TEXT
  5
9DB
330
17
100
AcDbEntity
  8
texto
100
AcDbText
 10
2.625
 20
-17.415
 30
0.0
 40
0.0925
  1
D-201
 72
1
 11
2.625
 21
-17.415
 31
0.0
100
AcDbText
  0
TEXT
  5
9DC
330
17
100
AcDbEntity
  8
texto
100
AcDbText
 10
4.15
 20
-17.415
 30
0.0
 40
0.0925
  1
Dormitorio doble
 72
1
 11
4.15
 21
-17.415
 31
0.0
100
AcDbText
  0
TEXT
  5
9DD
330
17
100
AcDbEntity
  8
texto
100
AcDbText
 10
5.7
 20
-17.415
 30
0.0
 40
0.0925
  1
11,36
 72
1
 11
5.7
 21
-17.415
 31
0.0
100
AcDbText
  0
LINE
  5
9DE
330
17
100
AcDbEntity
  8
marco-fino
100
AcDbLine
 10
2.25
 20
-17.26
 30
0.0
 11
2.25
 21
-17.48
 31
0.0
  0
LINE
  5
9DF
330
17
100
AcDbEntity
  8
marco-fino
100
AcDbLine
 10
3.0
 20
-17.26
 30
0.0
 11
3.0
 21
-17.48
 31
0.0
  0
LINE
  5
9E0
330
17
100
AcDbEntity
  8
marco-fino
100
AcDbLine
 10
5.300000000000001
 20
-17.26
 30
0.0
 11
5.300000000000001
 21
-17.48
 31
0.0
  0
LWPOLYLINE
  5
9E1
330
17
100
AcDbEntity
  8
marco-fino
100
AcDbPolyline
 90
4
 70
1
 10
1.5
 20
-17.48
 10
6.1000000000000005
 20
-17.48
 10
6.1000000000000005
 20
-17.7
 10
1.5
 20
-17.7
  0
TEXT
  5
9E2
330
17
100
AcDbEntity
  8
texto
100
AcDbText
 10
1.875
 20
-17.634999999999998
 30
0.0
 40
0.0925
  1
P. ALTA
 72
1
 11
1.875
 21
-17.634999999999998
 31
0.0
100
AcDbText
  0
TEXT
  5
9E3
330
17
100
AcDbEntity
  8
texto
100
AcDbText
 10
2.625
 20
-17.634999999999998
 30
0.0
 40
0.0925
  1
D-202
 72
1
 11
2.625
 21
-17.634999999999998
 31
0.0
100
AcDbText
  0
TEXT
  5
9E4
330
17
100
AcDbEntity
  8
texto
100
AcDbText
 10
4.15
 20
-17.634999999999998
 30
0.0
 40
0.0925
  1
Dormitorio doble
 72
1
 11
4.15
 21
-17.634999999999998
 31
0.0
100
AcDbText
  0
TEXT
  5
9E5
330
17
100
AcDbEntity
  8
texto
100
AcDbText
 10
5.7
 20
-17.634999999999998
 30
0.0
 40
0.0925
  1
11,36
 72
1
 11
5.7
 21
-17.634999999999998
 31
0.0
100
AcDbText
  0
LINE
  5
9E6
330
17
100
AcDbEntity
  8
marco-fino
100
AcDbLine
 10
2.25
 20
-17.48
 30
0.0
 11
2.25
 21
-17.7
 31
0.0
  0
LINE
  5
9E7
330
17
100
AcDbEntity
  8
marco-fino
100
AcDbLine
 10
3.0
 20
-17.48
 30
0.0
 11
3.0
 21
-17.7
 31
0.0
  0
LINE
  5
9E8
330
17
100
AcDbEntity
  8
marco-fino
100
AcDbLine
 10
5.300000000000001
 20
-17.48
 30
0.0
 11
5.300000000000001
 21
-17.7
 31
0.0
  0
LWPOLYLINE
  5
9E9
330
17
100
AcDbEntity
  8
marco-fino
100
AcDbPolyline
 90
4
 70
1
 10
1.5
 20
-17.7
 10
6.1000000000000005
 20
-17.7
 10
6.1000000000000005
 20
-17.919999999999998
 10
1.5
 20
-17.919999999999998
  0
TEXT
  5
9EA
330
17
100
AcDbEntity
  8
texto
100
AcDbText
 10
1.875
 20
-17.854999999999997
 30
0.0
 40
0.0925
  1
P. ALTA
 72
1
 11
1.875
 21
-17.854999999999997
 31
0.0
100
AcDbText
  0
TEXT
  5
9EB
330
17
100
AcDbEntity
  8
texto
100
AcDbText
 10
2.625
 20
-17.854999999999997
 30
0.0
 40
0.0925
  1
D-203
 72
1
 11
2.625
 21
-17.854999999999997
 31
0.0
100
AcDbText
  0
TEXT
  5
9EC
330
17
100
AcDbEntity
  8
texto
100
AcDbText
 10
4.15
 20
-17.854999999999997
 30
0.0
 40
0.0925
  1
Dormitorio doble
 72
1
 11
4.15
 21
-17.854999999999997
 31
0.0
100
AcDbText
  0
TEXT
  5
9ED
330
17
100
AcDbEntity
  8
texto
100
AcDbText
 10
5.7
 20
-17.854999999999997
 30
0.0
 40
0.0925
  1
11,36
 72
1
 11
5.7
 21
-17.854999999999997
 31
0.0
100
AcDbText
  0
LINE
  5
9EE
330
17
100
AcDbEntity
  8
marco-fino
100
AcDbLine
 10
2.25
 20
-17.7
 30
0.0
 11
2.25
 21
-17.919999999999998
 31
0.0
  0
LINE
  5
9EF
330
17
100
AcDbEntity
  8
marco-fino
100
AcDbLine
 10
3.0
 20
-17.7
 30
0.0
 11
3.0
 21
-17.919999999999998
 31
0.0
  0
LINE
  5
9F0
330
17
100
AcDbEntity
  8
marco-fino
100
AcDbLine
 10
5.300000000000001
 20
-17.7
 30
0.0
 11
5.300000000000001
 21
-17.919999999999998
 31
0.0
  0
LWPOLYLINE
  5
9F1
330
17
100
AcDbEntity
  8
marco-fino
100
AcDbPolyline
 90
4
 70
1
 10
1.5
 20
-17.919999999999998
 10
6.1000000000000005
 20
-17.919999999999998
 10
6.1000000000000005
 20
-18.139999999999997
 10
1.5
 20
-18.139999999999997
  0
TEXT
  5
9F2
330
17
100
AcDbEntity
  8
texto
100
AcDbText
 10
1.875
 20
-18.074999999999996
 30
0.0
 40
0.0925
  1
P. ALTA
 72
1
 11
1.875
 21
-18.074999999999996
 31
0.0
100
AcDbText
  0
TEXT
  5
9F3
330
17
100
AcDbEntity
  8
texto
100
AcDbText
 10
2.625
 20
-18.074999999999996
 30
0.0
 40
0.0925
  1
D-204
 72
1
 11
2.625
 21
-18.074999999999996
 31
0.0
100
AcDbText
  0
TEXT
  5
9F4
330
17
100
AcDbEntity
  8
texto
100
AcDbText
 10
4.15
 20
-18.074999999999996
 30
0.0
 40
0.0925
  1
Dormitorio doble
 72
1
 11
4.15
 21
-18.074999999999996
 31
0.0
100
AcDbText
  0
TEXT
  5
9F5
330
17
100
AcDbEntity
  8
texto
100
AcDbText
 10
5.7
 20
-18.074999999999996
 30
0.0
 40
0.0925
  1
11,36
 72
1
 11
5.7
 21
-18.074999999999996
 31
0.0
100
AcDbText
  0
LINE
  5
9F6
330
17
100
AcDbEntity
  8
marco-fino
100
AcDbLine
 10
2.25
 20
-17.919999999999998
 30
0.0
 11
2.25
 21
-18.139999999999997
 31
0.0
  0
LINE
  5
9F7
330
17
100
AcDbEntity
  8
marco-fino
100
AcDbLine
 10
3.0
 20
-17.919999999999998
 30
0.0
 11
3.0
 21
-18.139999999999997
 31
0.0
  0
LINE
  5
9F8
330
17
100
AcDbEntity
  8
marco-fino
100
AcDbLine
 10
5.300000000000001
 20
-17.919999999999998
 30
0.0
 11
5.300000000000001
 21
-18.139999999999997
 31
0.0
  0
LWPOLYLINE
  5
9F9
330
17
100
AcDbEntity
  8
marco-fino
100
AcDbPolyline
 90
4
 70
1
 10
1.5
 20
-18.139999999999997
 10
6.1000000000000005
 20
-18.139999999999997
 10
6.1000000000000005
 20
-18.359999999999996
 10
1.5
 20
-18.359999999999996
  0
TEXT
  5
9FA
330
17
100
AcDbEntity
  8
texto
100
AcDbText
 10
1.875
 20
-18.294999999999995
 30
0.0
 40
0.0925
  1
P. ALTA
 72
1
 11
1.875
 21
-18.294999999999995
 31
0.0
100
AcDbText
  0
TEXT
  5
9FB
330
17
100
AcDbEntity
  8
texto
100
AcDbText
 10
2.625
 20
-18.294999999999995
 30
0.0
 40
0.0925
  1
D-205
 72
1
 11
2.625
 21
-18.294999999999995
 31
0.0
100
AcDbText
  0
TEXT
  5
9FC
330
17
100
AcDbEntity
  8
texto
100
AcDbText
 10
4.15
 20
-18.294999999999995
 30
0.0
 40
0.0925
  1
Dormitorio doble
 72
1
 11
4.15
 21
-18.294999999999995
 31
0.0
100
AcDbText
  0
TEXT
  5
9FD
330
17
100
AcDbEntity
  8
texto
100
AcDbText
 10
5.7
 20
-18.294999999999995
 30
0.0
 40
0.0925
  1
11,36
 72
1
 11
5.7
 21
-18.294999999999995
 31
0.0
100
AcDbText
  0
LINE
  5
9FE
330
17
100
AcDbEntity
  8
marco-fino
100
AcDbLine
 10
2.25
 20
-18.139999999999997
 30
0.0
 11
2.25
 21
-18.359999999999996
 31
0.0
  0
LINE
  5
9FF
330
17
100
AcDbEntity
  8
marco-fino
100
AcDbLine
 10
3.0
 20
-18.139999999999997
 30
0.0
 11
3.0
 21
-18.359999999999996
 31
0.0
  0
LINE
  5
A00
330
17
100
AcDbEntity
  8
marco-fino
100
AcDbLine
 10
5.300000000000001
 20
-18.139999999999997
 30
0.0
 11
5.300000000000001
 21
-18.359999999999996
 31
0.0
  0
LWPOLYLINE
  5
A01
330
17
100
AcDbEntity
  8
marco-fino
100
AcDbPolyline
 90
4
 70
1
 10
1.5
 20
-18.359999999999996
 10
6.1000000000000005
 20
-18.359999999999996
 10
6.1000000000000005
 20
-18.579999999999995
 10
1.5
 20
-18.579999999999995
  0
TEXT
  5
A02
330
17
100
AcDbEntity
  8
texto
100
AcDbText
 10
1.875
 20
-18.514999999999993
 30
0.0
 40
0.0925
  1
P. ALTA
 72
1
 11
1.875
 21
-18.514999999999993
 31
0.0
100
AcDbText
  0
TEXT
  5
A03
330
17
100
AcDbEntity
  8
texto
100
AcDbText
 10
2.625
 20
-18.514999999999993
 30
0.0
 40
0.0925
  1
D-206
 72
1
 11
2.625
 21
-18.514999999999993
 31
0.0
100
AcDbText
  0
TEXT
  5
A04
330
17
100
AcDbEntity
  8
texto
100
AcDbText
 10
4.15
 20
-18.514999999999993
 30
0.0
 40
0.0925
  1
Dormitorio doble
 72
1
 11
4.15
 21
-18.514999999999993
 31
0.0
100
AcDbText
  0
TEXT
  5
A05
330
17
100
AcDbEntity
  8
texto
100
AcDbText
 10
5.7
 20
-18.514999999999993
 30
0.0
 40
0.0925
  1
11,36
 72
1
 11
5.7
 21
-18.514999999999993
 31
0.0
100
AcDbText
  0
LINE
  5
A06
330
17
100
AcDbEntity
  8
marco-fino
100
AcDbLine
 10
2.25
 20
-18.359999999999996
 30
0.0
 11
2.25
 21
-18.579999999999995
 31
0.0
  0
LINE
  5
A07
330
17
100
AcDbEntity
  8
marco-fino
100
AcDbLine
 10
3.0
 20
-18.359999999999996
 30
0.0
 11
3.0
 21
-18.579999999999995
 31
0.0
  0
LINE
  5
A08
330
17
100
AcDbEntity
  8
marco-fino
100
AcDbLine
 10
5.300000000000001
 20
-18.359999999999996
 30
0.0
 11
5.300000000000001
 21
-18.579999999999995
 31
0.0
  0
LWPOLYLINE
  5
A09
330
17
100
AcDbEntity
  8
marco-fino
100
AcDbPolyline
 90
4
 70
1
 10
1.5
 20
-18.579999999999995
 10
6.1000000000000005
 20
-18.579999999999995
 10
6.1000000000000005
 20
-18.799999999999994
 10
1.5
 20
-18.799999999999994
  0
TEXT
  5
A0A
330
17
100
AcDbEntity
  8
texto
100
AcDbText
 10
1.875
 20
-18.734999999999992
 30
0.0
 40
0.0925
  1
P. ALTA
 72
1
 11
1.875
 21
-18.734999999999992
 31
0.0
100
AcDbText
  0
TEXT
  5
A0B
330
17
100
AcDbEntity
  8
texto
100
AcDbText
 10
2.625
 20
-18.734999999999992
 30
0.0
 40
0.0925
  1
D-207
 72
1
 11
2.625
 21
-18.734999999999992
 31
0.0
100
AcDbText
  0
TEXT
  5
A0C
330
17
100
AcDbEntity
  8
texto
100
AcDbText
 10
4.15
 20
-18.734999999999992
 30
0.0
 40
0.0925
  1
Dormitorio doble
 72
1
 11
4.15
 21
-18.734999999999992
 31
0.0
100
AcDbText
  0
TEXT
  5
A0D
330
17
100
AcDbEntity
  8
texto
100
AcDbText
 10
5.7
 20
-18.734999999999992
 30
0.0
 40
0.0925
  1
11,36
 72
1
 11
5.7
 21
-18.734999999999992
 31
0.0
100
AcDbText
  0
LINE
  5
A0E
330
17
100
AcDbEntity
  8
marco-fino
100
AcDbLine
 10
2.25
 20
-18.579999999999995
 30
0.0
 11
2.25
 21
-18.799999999999994
 31
0.0
  0
LINE
  5
A0F
330
17
100
AcDbEntity
  8
marco-fino
100
AcDbLine
 10
3.0
 20
-18.579999999999995
 30
0.0
 11
3.0
 21
-18.799999999999994
 31
0.0
  0
LINE
  5
A10
330
17
100
AcDbEntity
  8
marco-fino
100
AcDbLine
 10
5.300000000000001
 20
-18.579999999999995
 30
0.0
 11
5.300000000000001
 21
-18.799999999999994
 31
0.0
  0
LWPOLYLINE
  5
A11
330
17
100
AcDbEntity
  8
marco-fino
100
AcDbPolyline
 90
4
 70
1
 10
1.5
 20
-18.799999999999994
 10
6.1000000000000005
 20
-18.799999999999994
 10
6.1000000000000005
 20
-19.019999999999992
 10
1.5
 20
-19.019999999999992
  0
TEXT
  5
A12
330
17
100
AcDbEntity
  8
texto
100
AcDbText
 10
1.875
 20
-18.95499999999999
 30
0.0
 40
0.0925
  1
P. ALTA
 72
1
 11
1.875
 21
-18.95499999999999
 31
0.0
100
AcDbText
  0
TEXT
  5
A13
330
17
100
AcDbEntity
  8
texto
100
AcDbText
 10
2.625
 20
-18.95499999999999
 30
0.0
 40
0.0925
  1
D-208
 72
1
 11
2.625
 21
-18.95499999999999
 31
0.0
100
AcDbText
  0
TEXT
  5
A14
330
17
100
AcDbEntity
  8
texto
100
AcDbText
 10
4.15
 20
-18.95499999999999
 30
0.0
 40
0.0925
  1
Dormitorio doble
 72
1
 11
4.15
 21
-18.95499999999999
 31
0.0
100
AcDbText
  0
TEXT
  5
A15
330
17
100
AcDbEntity
  8
texto
100
AcDbText
 10
5.7
 20
-18.95499999999999
 30
0.0
 40
0.0925
  1
11,36
 72
1
 11
5.7
 21
-18.95499999999999
 31
0.0
100
AcDbText
  0
LINE
  5
A16
330
17
100
AcDbEntity
  8
marco-fino
100
AcDbLine
 10
2.25
 20
-18.799999999999994
 30
0.0
 11
2.25
 21
-19.019999999999992
 31
0.0
  0
LINE
  5
A17
330
17
100
AcDbEntity
  8
marco-fino
100
AcDbLine
 10
3.0
 20
-18.799999999999994
 30
0.0
 11
3.0
 21
-19.019999999999992
 31
0.0
  0
LINE
  5
A18
330
17
100
AcDbEntity
  8
marco-fino
100
AcDbLine
 10
5.300000000000001
 20
-18.799999999999994
 30
0.0
 11
5.300000000000001
 21
-19.019999999999992
 31
0.0
  0
LWPOLYLINE
  5
A19
330
17
100
AcDbEntity
  8
marco-fino
100
AcDbPolyline
 90
4
 70
1
 10
1.5
 20
-19.019999999999992
 10
6.1000000000000005
 20
-19.019999999999992
 10
6.1000000000000005
 20
-19.23999999999999
 10
1.5
 20
-19.23999999999999
  0
TEXT
  5
A1A
330
17
100
AcDbEntity
  8
texto
100
AcDbText
 10
1.875
 20
-19.17499999999999
 30
0.0
 40
0.0925
  1
P. ALTA
 72
1
 11
1.875
 21
-19.17499999999999
 31
0.0
100
AcDbText
  0
TEXT
  5
A1B
330
17
100
AcDbEntity
  8
texto
100
AcDbText
 10
2.625
 20
-19.17499999999999
 30
0.0
 40
0.0925
  1
SS-2
 72
1
 11
2.625
 21
-19.17499999999999
 31
0.0
100
AcDbText
  0
TEXT
  5
A1C
330
17
100
AcDbEntity
  8
texto
100
AcDbText
 10
4.15
 20
-19.17499999999999
 30
0.0
 40
0.0925
  1
SS.HH. damas
 72
1
 11
4.15
 21
-19.17499999999999
 31
0.0
100
AcDbText
  0
TEXT
  5
A1D
330
17
100
AcDbEntity
  8
texto
100
AcDbText
 10
5.7
 20
-19.17499999999999
 30
0.0
 40
0.0925
  1
10,12
 72
1
 11
5.7
 21
-19.17499999999999
 31
0.0
100
AcDbText
  0
LINE
  5
A1E
330
17
100
AcDbEntity
  8
marco-fino
100
AcDbLine
 10
2.25
 20
-19.019999999999992
 30
0.0
 11
2.25
 21
-19.23999999999999
 31
0.0
  0
LINE
  5
A1F
330
17
100
AcDbEntity
  8
marco-fino
100
AcDbLine
 10
3.0
 20
-19.019999999999992
 30
0.0
 11
3.0
 21
-19.23999999999999
 31
0.0
  0
LINE
  5
A20
330
17
100
AcDbEntity
  8
marco-fino
100
AcDbLine
 10
5.300000000000001
 20
-19.019999999999992
 30
0.0
 11
5.300000000000001
 21
-19.23999999999999
 31
0.0
  0
LWPOLYLINE
  5
A21
330
17
100
AcDbEntity
  8
marco-fino
100
AcDbPolyline
 90
4
 70
1
 10
1.5
 20
-19.23999999999999
 10
6.1000000000000005
 20
-19.23999999999999
 10
6.1000000000000005
 20
-19.45999999999999
 10
1.5
 20
-19.45999999999999
  0
TEXT
  5
A22
330
17
100
AcDbEntity
  8
texto
100
AcDbText
 10
1.875
 20
-19.39499999999999
 30
0.0
 40
0.0925
  1
P. ALTA
 72
1
 11
1.875
 21
-19.39499999999999
 31
0.0
100
AcDbText
  0
TEXT
  5
A23
330
17
100
AcDbEntity
  8
texto
100
AcDbText
 10
2.625
 20
-19.39499999999999
 30
0.0
 40
0.0925
  1
SS-4
 72
1
 11
2.625
 21
-19.39499999999999
 31
0.0
100
AcDbText
  0
TEXT
  5
A24
330
17
100
AcDbEntity
  8
texto
100
AcDbText
 10
4.15
 20
-19.39499999999999
 30
0.0
 40
0.0925
  1
SS.HH. varones
 72
1
 11
4.15
 21
-19.39499999999999
 31
0.0
100
AcDbText
  0
TEXT
  5
A25
330
17
100
AcDbEntity
  8
texto
100
AcDbText
 10
5.7
 20
-19.39499999999999
 30
0.0
 40
0.0925
  1
10,12
 72
1
 11
5.7
 21
-19.39499999999999
 31
0.0
100
AcDbText
  0
LINE
  5
A26
330
17
100
AcDbEntity
  8
marco-fino
100
AcDbLine
 10
2.25
 20
-19.23999999999999
 30
0.0
 11
2.25
 21
-19.45999999999999
 31
0.0
  0
LINE
  5
A27
330
17
100
AcDbEntity
  8
marco-fino
100
AcDbLine
 10
3.0
 20
-19.23999999999999
 30
0.0
 11
3.0
 21
-19.45999999999999
 31
0.0
  0
LINE
  5
A28
330
17
100
AcDbEntity
  8
marco-fino
100
AcDbLine
 10
5.300000000000001
 20
-19.23999999999999
 30
0.0
 11
5.300000000000001
 21
-19.45999999999999
 31
0.0
  0
LWPOLYLINE
  5
A29
330
17
100
AcDbEntity
  8
marco-fino
100
AcDbPolyline
 90
4
 70
1
 10
1.5
 20
-19.45999999999999
 10
6.1000000000000005
 20
-19.45999999999999
 10
6.1000000000000005
 20
-19.67999999999999
 10
1.5
 20
-19.67999999999999
  0
TEXT
  5
A2A
330
17
100
AcDbEntity
  8
texto
100
AcDbText
 10
1.875
 20
-19.614999999999988
 30
0.0
 40
0.0925
  1
P. ALTA
 72
1
 11
1.875
 21
-19.614999999999988
 31
0.0
100
AcDbText
  0
TEXT
  5
A2B
330
17
100
AcDbEntity
  8
texto
100
AcDbText
 10
2.625
 20
-19.614999999999988
 30
0.0
 40
0.0925
  1
E-01
 72
1
 11
2.625
 21
-19.614999999999988
 31
0.0
100
AcDbText
  0
TEXT
  5
A2C
330
17
100
AcDbEntity
  8
texto
100
AcDbText
 10
4.15
 20
-19.614999999999988
 30
0.0
 40
0.0925
  1
Escalera
 72
1
 11
4.15
 21
-19.614999999999988
 31
0.0
100
AcDbText
  0
TEXT
  5
A2D
330
17
100
AcDbEntity
  8
texto
100
AcDbText
 10
5.7
 20
-19.614999999999988
 30
0.0
 40
0.0925
  1
18,36
 72
1
 11
5.7
 21
-19.614999999999988
 31
0.0
100
AcDbText
  0
LINE
  5
A2E
330
17
100
AcDbEntity
  8
marco-fino
100
AcDbLine
 10
2.25
 20
-19.45999999999999
 30
0.0
 11
2.25
 21
-19.67999999999999
 31
0.0
  0
LINE
  5
A2F
330
17
100
AcDbEntity
  8
marco-fino
100
AcDbLine
 10
3.0
 20
-19.45999999999999
 30
0.0
 11
3.0
 21
-19.67999999999999
 31
0.0
  0
LINE
  5
A30
330
17
100
AcDbEntity
  8
marco-fino
100
AcDbLine
 10
5.300000000000001
 20
-19.45999999999999
 30
0.0
 11
5.300000000000001
 21
-19.67999999999999
 31
0.0
  0
LWPOLYLINE
  5
A31
330
17
100
AcDbEntity
  8
marco-fino
100
AcDbPolyline
 90
4
 70
1
 10
1.5
 20
-19.67999999999999
 10
6.1000000000000005
 20
-19.67999999999999
 10
6.1000000000000005
 20
-19.899999999999988
 10
1.5
 20
-19.899999999999988
  0
TEXT
  5
A32
330
17
100
AcDbEntity
  8
texto
100
AcDbText
 10
1.875
 20
-19.834999999999987
 30
0.0
 40
0.0925
  1
P. ALTA
 72
1
 11
1.875
 21
-19.834999999999987
 31
0.0
100
AcDbText
  0
TEXT
  5
A33
330
17
100
AcDbEntity
  8
texto
100
AcDbText
 10
2.625
 20
-19.834999999999987
 30
0.0
 40
0.0925
  1
ES-01
 72
1
 11
2.625
 21
-19.834999999999987
 31
0.0
100
AcDbText
  0
TEXT
  5
A34
330
17
100
AcDbEntity
  8
texto
100
AcDbText
 10
4.15
 20
-19.834999999999987
 30
0.0
 40
0.0925
  1
Sala de estar y estudio
 72
1
 11
4.15
 21
-19.834999999999987
 31
0.0
100
AcDbText
  0
TEXT
  5
A35
330
17
100
AcDbEntity
  8
texto
100
AcDbText
 10
5.7
 20
-19.834999999999987
 30
0.0
 40
0.0925
  1
12,58
 72
1
 11
5.7
 21
-19.834999999999987
 31
0.0
100
AcDbText
  0
LINE
  5
A36
330
17
100
AcDbEntity
  8
marco-fino
100
AcDbLine
 10
2.25
 20
-19.67999999999999
 30
0.0
 11
2.25
 21
-19.899999999999988
 31
0.0
  0
LINE
  5
A37
330
17
100
AcDbEntity
  8
marco-fino
100
AcDbLine
 10
3.0
 20
-19.67999999999999
 30
0.0
 11
3.0
 21
-19.899999999999988
 31
0.0
  0
LINE
  5
A38
330
17
100
AcDbEntity
  8
marco-fino
100
AcDbLine
 10
5.300000000000001
 20
-19.67999999999999
 30
0.0
 11
5.300000000000001
 21
-19.899999999999988
 31
0.0
  0
LWPOLYLINE
  5
A39
330
17
100
AcDbEntity
  8
marco-fino
100
AcDbPolyline
 90
4
 70
1
 10
1.5
 20
-19.899999999999988
 10
6.1000000000000005
 20
-19.899999999999988
 10
6.1000000000000005
 20
-20.119999999999987
 10
1.5
 20
-20.119999999999987
  0
TEXT
  5
A3A
330
17
100
AcDbEntity
  8
texto
100
AcDbText
 10
1.875
 20
-20.054999999999986
 30
0.0
 40
0.0925
  1
P. ALTA
 72
1
 11
1.875
 21
-20.054999999999986
 31
0.0
100
AcDbText
  0
TEXT
  5
A3B
330
17
100
AcDbEntity
  8
texto
100
AcDbText
 10
2.625
 20
-20.054999999999986
 30
0.0
 40
0.0925
  1
ES-02
 72
1
 11
2.625
 21
-20.054999999999986
 31
0.0
100
AcDbText
  0
TEXT
  5
A3C
330
17
100
AcDbEntity
  8
texto
100
AcDbText
 10
4.15
 20
-20.054999999999986
 30
0.0
 40
0.0925
  1
Sala de estudio complementaria
 72
1
 11
4.15
 21
-20.054999999999986
 31
0.0
100
AcDbText
  0
TEXT
  5
A3D
330
17
100
AcDbEntity
  8
texto
100
AcDbText
 10
5.7
 20
-20.054999999999986
 30
0.0
 40
0.0925
  1
12,60
 72
1
 11
5.7
 21
-20.054999999999986
 31
0.0
100
AcDbText
  0
LINE
  5
A3E
330
17
100
AcDbEntity
  8
marco-fino
100
AcDbLine
 10
2.25
 20
-19.899999999999988
 30
0.0
 11
2.25
 21
-20.119999999999987
 31
0.0
  0
LINE
  5
A3F
330
17
100
AcDbEntity
  8
marco-fino
100
AcDbLine
 10
3.0
 20
-19.899999999999988
 30
0.0
 11
3.0
 21
-20.119999999999987
 31
0.0
  0
LINE
  5
A40
330
17
100
AcDbEntity
  8
marco-fino
100
AcDbLine
 10
5.300000000000001
 20
-19.899999999999988
 30
0.0
 11
5.300000000000001
 21
-20.119999999999987
 31
0.0
  0
LWPOLYLINE
  5
A41
330
17
100
AcDbEntity
  8
marco-fino
100
AcDbPolyline
 90
4
 70
1
 10
1.5
 20
-20.119999999999987
 10
6.1000000000000005
 20
-20.119999999999987
 10
6.1000000000000005
 20
-20.339999999999986
 10
1.5
 20
-20.339999999999986
  0
TEXT
  5
A42
330
17
100
AcDbEntity
  8
texto
100
AcDbText
 10
1.875
 20
-20.274999999999984
 30
0.0
 40
0.0925
  1
P. ALTA
 72
1
 11
1.875
 21
-20.274999999999984
 31
0.0
100
AcDbText
  0
TEXT
  5
A43
330
17
100
AcDbEntity
  8
texto
100
AcDbText
 10
2.625
 20
-20.274999999999984
 30
0.0
 40
0.0925
  1
DP-02
 72
1
 11
2.625
 21
-20.274999999999984
 31
0.0
100
AcDbText
  0
TEXT
  5
A44
330
17
100
AcDbEntity
  8
texto
100
AcDbText
 10
4.15
 20
-20.274999999999984
 30
0.0
 40
0.0925
  1
Depósito / Ropería
 72
1
 11
4.15
 21
-20.274999999999984
 31
0.0
100
AcDbText
  0
TEXT
  5
A45
330
17
100
AcDbEntity
  8
texto
100
AcDbText
 10
5.7
 20
-20.274999999999984
 30
0.0
 40
0.0925
  1
12,60
 72
1
 11
5.7
 21
-20.274999999999984
 31
0.0
100
AcDbText
  0
LINE
  5
A46
330
17
100
AcDbEntity
  8
marco-fino
100
AcDbLine
 10
2.25
 20
-20.119999999999987
 30
0.0
 11
2.25
 21
-20.339999999999986
 31
0.0
  0
LINE
  5
A47
330
17
100
AcDbEntity
  8
marco-fino
100
AcDbLine
 10
3.0
 20
-20.119999999999987
 30
0.0
 11
3.0
 21
-20.339999999999986
 31
0.0
  0
LINE
  5
A48
330
17
100
AcDbEntity
  8
marco-fino
100
AcDbLine
 10
5.300000000000001
 20
-20.119999999999987
 30
0.0
 11
5.300000000000001
 21
-20.339999999999986
 31
0.0
  0
LWPOLYLINE
  5
A49
330
17
100
AcDbEntity
  8
marco-fino
100
AcDbPolyline
 90
4
 70
1
 10
1.5
 20
-20.339999999999986
 10
6.1000000000000005
 20
-20.339999999999986
 10
6.1000000000000005
 20
-20.559999999999985
 10
1.5
 20
-20.559999999999985
  0
TEXT
  5
A4A
330
17
100
AcDbEntity
  8
texto
100
AcDbText
 10
1.875
 20
-20.494999999999983
 30
0.0
 40
0.0925
  1
P. ALTA
 72
1
 11
1.875
 21
-20.494999999999983
 31
0.0
100
AcDbText
  0
TEXT
  5
A4B
330
17
100
AcDbEntity
  8
texto
100
AcDbText
 10
2.625
 20
-20.494999999999983
 30
0.0
 40
0.0925
  1
P-02
 72
1
 11
2.625
 21
-20.494999999999983
 31
0.0
100
AcDbText
  0
TEXT
  5
A4C
330
17
100
AcDbEntity
  8
texto
100
AcDbText
 10
4.15
 20
-20.494999999999983
 30
0.0
 40
0.0925
  1
Pasillo / Distribuidor
 72
1
 11
4.15
 21
-20.494999999999983
 31
0.0
100
AcDbText
  0
TEXT
  5
A4D
330
17
100
AcDbEntity
  8
texto
100
AcDbText
 10
5.7
 20
-20.494999999999983
 30
0.0
 40
0.0925
  1
27,88
 72
1
 11
5.7
 21
-20.494999999999983
 31
0.0
100
AcDbText
  0
LINE
  5
A4E
330
17
100
AcDbEntity
  8
marco-fino
100
AcDbLine
 10
2.25
 20
-20.339999999999986
 30
0.0
 11
2.25
 21
-20.559999999999985
 31
0.0
  0
LINE
  5
A4F
330
17
100
AcDbEntity
  8
marco-fino
100
AcDbLine
 10
3.0
 20
-20.339999999999986
 30
0.0
 11
3.0
 21
-20.559999999999985
 31
0.0
  0
LINE
  5
A50
330
17
100
AcDbEntity
  8
marco-fino
100
AcDbLine
 10
5.300000000000001
 20
-20.339999999999986
 30
0.0
 11
5.300000000000001
 21
-20.559999999999985
 31
0.0
  0
LWPOLYLINE
  5
A51
330
17
100
AcDbEntity
  8
marco-fino
100
AcDbPolyline
 90
4
 70
1
 10
1.5
 20
-20.559999999999985
 10
6.1000000000000005
 20
-20.559999999999985
 10
6.1000000000000005
 20
-20.779999999999983
 10
1.5
 20
-20.779999999999983
  0
TEXT
  5
A52
330
17
100
AcDbEntity
  8
texto
100
AcDbText
 10
1.875
 20
-20.714999999999982
 30
0.0
 40
0.0925
  1
P. ALTA
 72
1
 11
1.875
 21
-20.714999999999982
 31
0.0
100
AcDbText
  0
TEXT
  5
A53
330
17
100
AcDbEntity
  8
texto
100
AcDbText
 10
2.625
 20
-20.714999999999982
 30
0.0
 40
0.0925
  1
DI-02
 72
1
 11
2.625
 21
-20.714999999999982
 31
0.0
100
AcDbText
  0
TEXT
  5
A54
330
17
100
AcDbEntity
  8
texto
100
AcDbText
 10
4.15
 20
-20.714999999999982
 30
0.0
 40
0.0925
  1
Distribuidor
 72
1
 11
4.15
 21
-20.714999999999982
 31
0.0
100
AcDbText
  0
TEXT
  5
A55
330
17
100
AcDbEntity
  8
texto
100
AcDbText
 10
5.7
 20
-20.714999999999982
 30
0.0
 40
0.0925
  1
6,04
 72
1
 11
5.7
 21
-20.714999999999982
 31
0.0
100
AcDbText
  0
LINE
  5
A56
330
17
100
AcDbEntity
  8
marco-fino
100
AcDbLine
 10
2.25
 20
-20.559999999999985
 30
0.0
 11
2.25
 21
-20.779999999999983
 31
0.0
  0
LINE
  5
A57
330
17
100
AcDbEntity
  8
marco-fino
100
AcDbLine
 10
3.0
 20
-20.559999999999985
 30
0.0
 11
3.0
 21
-20.779999999999983
 31
0.0
  0
LINE
  5
A58
330
17
100
AcDbEntity
  8
marco-fino
100
AcDbLine
 10
5.300000000000001
 20
-20.559999999999985
 30
0.0
 11
5.300000000000001
 21
-20.779999999999983
 31
0.0
  0
LWPOLYLINE
  5
A59
330
17
100
AcDbEntity
  8
marco-fino
100
AcDbPolyline
 90
4
 70
1
 10
12.5
 20
-17.0
 10
18.3
 20
-17.0
 10
18.3
 20
-17.26
 10
12.5
 20
-17.26
  0
LWPOLYLINE
  5
A5A
330
17
100
AcDbEntity
  8
sombra
100
AcDbPolyline
 90
4
 70
1
 10
12.5
 20
-17.0
 10
18.3
 20
-17.0
 10
18.3
 20
-17.26
 10
12.5
 20
-17.26
  0
LINE
  5
A5B
330
17
100
AcDbEntity
  8
hatch
100
AcDbLine
 10
18.158578643762688
 20
-17.26
 30
0.0
 11
18.3
 21
-17.11857864376269
 31
0.0
  0
LINE
  5
A5C
330
17
100
AcDbEntity
  8
hatch
100
AcDbLine
 10
18.01715728752538
 20
-17.26
 30
0.0
 11
18.27715728752538
 21
-17.0
 31
0.0
  0
LINE
  5
A5D
330
17
100
AcDbEntity
  8
hatch
100
AcDbLine
 10
17.87573593128807
 20
-17.26
 30
0.0
 11
18.13573593128807
 21
-17.0
 31
0.0
  0
LINE
  5
A5E
330
17
100
AcDbEntity
  8
hatch
100
AcDbLine
 10
17.734314575050767
 20
-17.259999999999998
 30
0.0
 11
17.994314575050765
 21
-17.0
 31
0.0
  0
LINE
  5
A5F
330
17
100
AcDbEntity
  8
hatch
100
AcDbLine
 10
17.59289321881345
 20
-17.26
 30
0.0
 11
17.852893218813453
 21
-17.0
 31
0.0
  0
LINE
  5
A60
330
17
100
AcDbEntity
  8
hatch
100
AcDbLine
 10
17.451471862576142
 20
-17.26
 30
0.0
 11
17.711471862576143
 21
-17.0
 31
0.0
  0
LINE
  5
A61
330
17
100
AcDbEntity
  8
hatch
100
AcDbLine
 10
17.310050506338833
 20
-17.26
 30
0.0
 11
17.570050506338834
 21
-17.0
 31
0.0
  0
LINE
  5
A62
330
17
100
AcDbEntity
  8
hatch
100
AcDbLine
 10
17.168629150101523
 20
-17.26
 30
0.0
 11
17.428629150101525
 21
-17.0
 31
0.0
  0
LINE
  5
A63
330
17
100
AcDbEntity
  8
hatch
100
AcDbLine
 10
17.027207793864214
 20
-17.26
 30
0.0
 11
17.287207793864216
 21
-17.0
 31
0.0
  0
LINE
  5
A64
330
17
100
AcDbEntity
  8
hatch
100
AcDbLine
 10
16.885786437626905
 20
-17.26
 30
0.0
 11
17.145786437626906
 21
-17.0
 31
0.0
  0
LINE
  5
A65
330
17
100
AcDbEntity
  8
hatch
100
AcDbLine
 10
16.744365081389596
 20
-17.259999999999998
 30
0.0
 11
17.004365081389594
 21
-17.0
 31
0.0
  0
LINE
  5
A66
330
17
100
AcDbEntity
  8
hatch
100
AcDbLine
 10
16.602943725152286
 20
-17.26
 30
0.0
 11
16.862943725152288
 21
-17.0
 31
0.0
  0
LINE
  5
A67
330
17
100
AcDbEntity
  8
hatch
100
AcDbLine
 10
16.461522368914977
 20
-17.26
 30
0.0
 11
16.72152236891498
 21
-17.0
 31
0.0
  0
LINE
  5
A68
330
17
100
AcDbEntity
  8
hatch
100
AcDbLine
 10
16.320101012677668
 20
-17.26
 30
0.0
 11
16.58010101267767
 21
-17.0
 31
0.0
  0
LINE
  5
A69
330
17
100
AcDbEntity
  8
hatch
100
AcDbLine
 10
16.17867965644036
 20
-17.26
 30
0.0
 11
16.43867965644036
 21
-17.0
 31
0.0
  0
LINE
  5
A6A
330
17
100
AcDbEntity
  8
hatch
100
AcDbLine
 10
16.03725830020305
 20
-17.259999999999998
 30
0.0
 11
16.297258300203048
 21
-17.0
 31
0.0
  0
LINE
  5
A6B
330
17
100
AcDbEntity
  8
hatch
100
AcDbLine
 10
15.89583694396574
 20
-17.26
 30
0.0
 11
16.155836943965742
 21
-17.0
 31
0.0
  0
LINE
  5
A6C
330
17
100
AcDbEntity
  8
hatch
100
AcDbLine
 10
15.75441558772843
 20
-17.259999999999998
 30
0.0
 11
16.01441558772843
 21
-17.0
 31
0.0
  0
LINE
  5
A6D
330
17
100
AcDbEntity
  8
hatch
100
AcDbLine
 10
15.612994231491122
 20
-17.26
 30
0.0
 11
15.872994231491122
 21
-17.0
 31
0.0
  0
LINE
  5
A6E
330
17
100
AcDbEntity
  8
hatch
100
AcDbLine
 10
15.47157287525381
 20
-17.259999999999998
 30
0.0
 11
15.731572875253812
 21
-17.0
 31
0.0
  0
LINE
  5
A6F
330
17
100
AcDbEntity
  8
hatch
100
AcDbLine
 10
15.330151519016498
 20
-17.259999999999998
 30
0.0
 11
15.590151519016498
 21
-17.0
 31
0.0
  0
LINE
  5
A70
330
17
100
AcDbEntity
  8
hatch
100
AcDbLine
 10
15.188730162779194
 20
-17.259999999999998
 30
0.0
 11
15.448730162779194
 21
-16.999999999999996
 31
0.0
  0
LINE
  5
A71
330
17
100
AcDbEntity
  8
hatch
100
AcDbLine
 10
15.04730880654188
 20
-17.259999999999998
 30
0.0
 11
15.30730880654188
 21
-17.0
 31
0.0
  0
LINE
  5
A72
330
17
100
AcDbEntity
  8
hatch
100
AcDbLine
 10
14.905887450304569
 20
-17.26
 30
0.0
 11
15.16588745030457
 21
-17.0
 31
0.0
  0
LINE
  5
A73
330
17
100
AcDbEntity
  8
hatch
100
AcDbLine
 10
14.764466094067261
 20
-17.259999999999998
 30
0.0
 11
15.024466094067263
 21
-17.0
 31
0.0
  0
LINE
  5
A74
330
17
100
AcDbEntity
  8
hatch
100
AcDbLine
 10
14.623044737829952
 20
-17.26
 30
0.0
 11
14.883044737829952
 21
-17.0
 31
0.0
  0
LINE
  5
A75
330
17
100
AcDbEntity
  8
hatch
100
AcDbLine
 10
14.481623381592645
 20
-17.259999999999998
 30
0.0
 11
14.741623381592646
 21
-17.0
 31
0.0
  0
LINE
  5
A76
330
17
100
AcDbEntity
  8
hatch
100
AcDbLine
 10
14.340202025355334
 20
-17.26
 30
0.0
 11
14.600202025355333
 21
-17.0
 31
0.0
  0
LINE
  5
A77
330
17
100
AcDbEntity
  8
hatch
100
AcDbLine
 10
14.198780669118023
 20
-17.259999999999998
 30
0.0
 11
14.458780669118024
 21
-17.0
 31
0.0
  0
LINE
  5
A78
330
17
100
AcDbEntity
  8
hatch
100
AcDbLine
 10
14.057359312880717
 20
-17.259999999999998
 30
0.0
 11
14.317359312880717
 21
-17.0
 31
0.0
  0
LINE
  5
A79
330
17
100
AcDbEntity
  8
hatch
100
AcDbLine
 10
13.915937956643404
 20
-17.259999999999998
 30
0.0
 11
14.175937956643406
 21
-17.0
 31
0.0
  0
LINE
  5
A7A
330
17
100
AcDbEntity
  8
hatch
100
AcDbLine
 10
13.774516600406098
 20
-17.259999999999998
 30
0.0
 11
14.034516600406098
 21
-17.0
 31
0.0
  0
LINE
  5
A7B
330
17
100
AcDbEntity
  8
hatch
100
AcDbLine
 10
13.633095244168786
 20
-17.259999999999998
 30
0.0
 11
13.893095244168787
 21
-17.0
 31
0.0
  0
LINE
  5
A7C
330
17
100
AcDbEntity
  8
hatch
100
AcDbLine
 10
13.491673887931475
 20
-17.259999999999998
 30
0.0
 11
13.751673887931474
 21
-17.0
 31
0.0
  0
LINE
  5
A7D
330
17
100
AcDbEntity
  8
hatch
100
AcDbLine
 10
13.350252531694169
 20
-17.26
 30
0.0
 11
13.610252531694169
 21
-17.0
 31
0.0
  0
LINE
  5
A7E
330
17
100
AcDbEntity
  8
hatch
100
AcDbLine
 10
13.208831175456858
 20
-17.259999999999998
 30
0.0
 11
13.468831175456858
 21
-17.0
 31
0.0
  0
LINE
  5
A7F
330
17
100
AcDbEntity
  8
hatch
100
AcDbLine
 10
13.067409819219549
 20
-17.26
 30
0.0
 11
13.32740981921955
 21
-17.0
 31
0.0
  0
LINE
  5
A80
330
17
100
AcDbEntity
  8
hatch
100
AcDbLine
 10
12.92598846298224
 20
-17.259999999999998
 30
0.0
 11
13.185988462982241
 21
-17.0
 31
0.0
  0
LINE
  5
A81
330
17
100
AcDbEntity
  8
hatch
100
AcDbLine
 10
12.784567106744927
 20
-17.259999999999998
 30
0.0
 11
13.044567106744928
 21
-16.999999999999996
 31
0.0
  0
LINE
  5
A82
330
17
100
AcDbEntity
  8
hatch
100
AcDbLine
 10
12.643145750507621
 20
-17.259999999999998
 30
0.0
 11
12.903145750507623
 21
-17.0
 31
0.0
  0
LINE
  5
A83
330
17
100
AcDbEntity
  8
hatch
100
AcDbLine
 10
12.501724394270308
 20
-17.259999999999998
 30
0.0
 11
12.76172439427031
 21
-16.999999999999996
 31
0.0
  0
LINE
  5
A84
330
17
100
AcDbEntity
  8
hatch
100
AcDbLine
 10
12.499999999999998
 20
-17.120303038033004
 30
0.0
 11
12.620303038033004
 21
-17.0
 31
0.0
  0
LWPOLYLINE
  5
A85
330
17
100
AcDbEntity
  8
marco-fino
100
AcDbPolyline
 90
4
 70
1
 10
12.5
 20
-17.0
 10
18.3
 20
-17.0
 10
18.3
 20
-17.26
 10
12.5
 20
-17.26
  0
TEXT
  5
A86
330
17
100
AcDbEntity
  8
texto
100
AcDbText
 10
12.8
 20
-17.175
 30
0.0
 40
0.095
  1
Eje
 72
1
 11
12.8
 21
-17.175
 31
0.0
100
AcDbText
  0
TEXT
  5
A87
330
17
100
AcDbEntity
  8
texto
100
AcDbText
 10
13.600000000000001
 20
-17.175
 30
0.0
 40
0.095
  1
X (m)
 72
1
 11
13.600000000000001
 21
-17.175
 31
0.0
100
AcDbText
  0
TEXT
  5
A88
330
17
100
AcDbEntity
  8
texto
100
AcDbText
 10
14.75
 20
-17.175
 30
0.0
 40
0.095
  1
Entre ejes
 72
1
 11
14.75
 21
-17.175
 31
0.0
100
AcDbText
  0
TEXT
  5
A89
330
17
100
AcDbEntity
  8
texto
100
AcDbText
 10
15.700000000000001
 20
-17.175
 30
0.0
 40
0.095
  1
Eje
 72
1
 11
15.700000000000001
 21
-17.175
 31
0.0
100
AcDbText
  0
TEXT
  5
A8A
330
17
100
AcDbEntity
  8
texto
100
AcDbText
 10
16.5
 20
-17.175
 30
0.0
 40
0.095
  1
Y (m)
 72
1
 11
16.5
 21
-17.175
 31
0.0
100
AcDbText
  0
TEXT
  5
A8B
330
17
100
AcDbEntity
  8
texto
100
AcDbText
 10
17.650000000000002
 20
-17.175
 30
0.0
 40
0.095
  1
Entre ejes
 72
1
 11
17.650000000000002
 21
-17.175
 31
0.0
100
AcDbText
  0
LINE
  5
A8C
330
17
100
AcDbEntity
  8
marco-fino
100
AcDbLine
 10
13.100000000000001
 20
-17.0
 30
0.0
 11
13.100000000000001
 21
-17.26
 31
0.0
  0
LINE
  5
A8D
330
17
100
AcDbEntity
  8
marco-fino
100
AcDbLine
 10
14.100000000000001
 20
-17.0
 30
0.0
 11
14.100000000000001
 21
-17.26
 31
0.0
  0
LINE
  5
A8E
330
17
100
AcDbEntity
  8
marco-fino
100
AcDbLine
 10
15.4
 20
-17.0
 30
0.0
 11
15.4
 21
-17.26
 31
0.0
  0
LINE
  5
A8F
330
17
100
AcDbEntity
  8
marco-fino
100
AcDbLine
 10
16.0
 20
-17.0
 30
0.0
 11
16.0
 21
-17.26
 31
0.0
  0
LINE
  5
A90
330
17
100
AcDbEntity
  8
marco-fino
100
AcDbLine
 10
17.0
 20
-17.0
 30
0.0
 11
17.0
 21
-17.26
 31
0.0
  0
LWPOLYLINE
  5
A91
330
17
100
AcDbEntity
  8
marco-fino
100
AcDbPolyline
 90
4
 70
1
 10
12.5
 20
-17.26
 10
18.3
 20
-17.26
 10
18.3
 20
-17.490000000000002
 10
12.5
 20
-17.490000000000002
  0
TEXT
  5
A92
330
17
100
AcDbEntity
  8
texto
100
AcDbText
 10
12.8
 20
-17.419999999999998
 30
0.0
 40
0.095
  1
A
 72
1
 11
12.8
 21
-17.419999999999998
 31
0.0
100
AcDbText
  0
TEXT
  5
A93
330
17
100
AcDbEntity
  8
texto
100
AcDbText
 10
13.600000000000001
 20
-17.419999999999998
 30
0.0
 40
0.095
  1
0,12
 72
1
 11
13.600000000000001
 21
-17.419999999999998
 31
0.0
100
AcDbText
  0
TEXT
  5
A94
330
17
100
AcDbEntity
  8
texto
100
AcDbText
 10
14.75
 20
-17.419999999999998
 30
0.0
 40
0.095
  1
—
 72
1
 11
14.75
 21
-17.419999999999998
 31
0.0
100
AcDbText
  0
TEXT
  5
A95
330
17
100
AcDbEntity
  8
texto
100
AcDbText
 10
15.700000000000001
 20
-17.419999999999998
 30
0.0
 40
0.095
  1
1
 72
1
 11
15.700000000000001
 21
-17.419999999999998
 31
0.0
100
AcDbText
  0
TEXT
  5
A96
330
17
100
AcDbEntity
  8
texto
100
AcDbText
 10
16.5
 20
-17.419999999999998
 30
0.0
 40
0.095
  1
0,12
 72
1
 11
16.5
 21
-17.419999999999998
 31
0.0
100
AcDbText
  0
TEXT
  5
A97
330
17
100
AcDbEntity
  8
texto
100
AcDbText
 10
17.650000000000002
 20
-17.419999999999998
 30
0.0
 40
0.095
  1
—
 72
1
 11
17.650000000000002
 21
-17.419999999999998
 31
0.0
100
AcDbText
  0
LINE
  5
A98
330
17
100
AcDbEntity
  8
marco-fino
100
AcDbLine
 10
13.100000000000001
 20
-17.26
 30
0.0
 11
13.100000000000001
 21
-17.490000000000002
 31
0.0
  0
LINE
  5
A99
330
17
100
AcDbEntity
  8
marco-fino
100
AcDbLine
 10
14.100000000000001
 20
-17.26
 30
0.0
 11
14.100000000000001
 21
-17.490000000000002
 31
0.0
  0
LINE
  5
A9A
330
17
100
AcDbEntity
  8
marco-fino
100
AcDbLine
 10
15.4
 20
-17.26
 30
0.0
 11
15.4
 21
-17.490000000000002
 31
0.0
  0
LINE
  5
A9B
330
17
100
AcDbEntity
  8
marco-fino
100
AcDbLine
 10
16.0
 20
-17.26
 30
0.0
 11
16.0
 21
-17.490000000000002
 31
0.0
  0
LINE
  5
A9C
330
17
100
AcDbEntity
  8
marco-fino
100
AcDbLine
 10
17.0
 20
-17.26
 30
0.0
 11
17.0
 21
-17.490000000000002
 31
0.0
  0
LWPOLYLINE
  5
A9D
330
17
100
AcDbEntity
  8
marco-fino
100
AcDbPolyline
 90
4
 70
1
 10
12.5
 20
-17.490000000000002
 10
18.3
 20
-17.490000000000002
 10
18.3
 20
-17.720000000000002
 10
12.5
 20
-17.720000000000002
  0
TEXT
  5
A9E
330
17
100
AcDbEntity
  8
texto
100
AcDbText
 10
12.8
 20
-17.650000000000002
 30
0.0
 40
0.095
  1
B
 72
1
 11
12.8
 21
-17.650000000000002
 31
0.0
100
AcDbText
  0
TEXT
  5
A9F
330
17
100
AcDbEntity
  8
texto
100
AcDbText
 10
13.600000000000001
 20
-17.650000000000002
 30
0.0
 40
0.095
  1
3,52
 72
1
 11
13.600000000000001
 21
-17.650000000000002
 31
0.0
100
AcDbText
  0
TEXT
  5
AA0
330
17
100
AcDbEntity
  8
texto
100
AcDbText
 10
14.75
 20
-17.650000000000002
 30
0.0
 40
0.095
  1
3,40
 72
1
 11
14.75
 21
-17.650000000000002
 31
0.0
100
AcDbText
  0
TEXT
  5
AA1
330
17
100
AcDbEntity
  8
texto
100
AcDbText
 10
15.700000000000001
 20
-17.650000000000002
 30
0.0
 40
0.095
  1
2
 72
1
 11
15.700000000000001
 21
-17.650000000000002
 31
0.0
100
AcDbText
  0
TEXT
  5
AA2
330
17
100
AcDbEntity
  8
texto
100
AcDbText
 10
16.5
 20
-17.650000000000002
 30
0.0
 40
0.095
  1
3,88
 72
1
 11
16.5
 21
-17.650000000000002
 31
0.0
100
AcDbText
  0
TEXT
  5
AA3
330
17
100
AcDbEntity
  8
texto
100
AcDbText
 10
17.650000000000002
 20
-17.650000000000002
 30
0.0
 40
0.095
  1
3,75
 72
1
 11
17.650000000000002
 21
-17.650000000000002
 31
0.0
100
AcDbText
  0
LINE
  5
AA4
330
17
100
AcDbEntity
  8
marco-fino
100
AcDbLine
 10
13.100000000000001
 20
-17.490000000000002
 30
0.0
 11
13.100000000000001
 21
-17.720000000000002
 31
0.0
  0
LINE
  5
AA5
330
17
100
AcDbEntity
  8
marco-fino
100
AcDbLine
 10
14.100000000000001
 20
-17.490000000000002
 30
0.0
 11
14.100000000000001
 21
-17.720000000000002
 31
0.0
  0
LINE
  5
AA6
330
17
100
AcDbEntity
  8
marco-fino
100
AcDbLine
 10
15.4
 20
-17.490000000000002
 30
0.0
 11
15.4
 21
-17.720000000000002
 31
0.0
  0
LINE
  5
AA7
330
17
100
AcDbEntity
  8
marco-fino
100
AcDbLine
 10
16.0
 20
-17.490000000000002
 30
0.0
 11
16.0
 21
-17.720000000000002
 31
0.0
  0
LINE
  5
AA8
330
17
100
AcDbEntity
  8
marco-fino
100
AcDbLine
 10
17.0
 20
-17.490000000000002
 30
0.0
 11
17.0
 21
-17.720000000000002
 31
0.0
  0
LWPOLYLINE
  5
AA9
330
17
100
AcDbEntity
  8
marco-fino
100
AcDbPolyline
 90
4
 70
1
 10
12.5
 20
-17.720000000000002
 10
18.3
 20
-17.720000000000002
 10
18.3
 20
-17.950000000000003
 10
12.5
 20
-17.950000000000003
  0
TEXT
  5
AAA
330
17
100
AcDbEntity
  8
texto
100
AcDbText
 10
12.8
 20
-17.880000000000003
 30
0.0
 40
0.095
  1
C
 72
1
 11
12.8
 21
-17.880000000000003
 31
0.0
100
AcDbText
  0
TEXT
  5
AAB
330
17
100
AcDbEntity
  8
texto
100
AcDbText
 10
13.600000000000001
 20
-17.880000000000003
 30
0.0
 40
0.095
  1
6,88
 72
1
 11
13.600000000000001
 21
-17.880000000000003
 31
0.0
100
AcDbText
  0
TEXT
  5
AAC
330
17
100
AcDbEntity
  8
texto
100
AcDbText
 10
14.75
 20
-17.880000000000003
 30
0.0
 40
0.095
  1
3,35
 72
1
 11
14.75
 21
-17.880000000000003
 31
0.0
100
AcDbText
  0
TEXT
  5
AAD
330
17
100
AcDbEntity
  8
texto
100
AcDbText
 10
15.700000000000001
 20
-17.880000000000003
 30
0.0
 40
0.095
  1
3
 72
1
 11
15.700000000000001
 21
-17.880000000000003
 31
0.0
100
AcDbText
  0
TEXT
  5
AAE
330
17
100
AcDbEntity
  8
texto
100
AcDbText
 10
16.5
 20
-17.880000000000003
 30
0.0
 40
0.095
  1
5,72
 72
1
 11
16.5
 21
-17.880000000000003
 31
0.0
100
AcDbText
  0
TEXT
  5
AAF
330
17
100
AcDbEntity
  8
texto
100
AcDbText
 10
17.650000000000002
 20
-17.880000000000003
 30
0.0
 40
0.095
  1
1,85
 72
1
 11
17.650000000000002
 21
-17.880000000000003
 31
0.0
100
AcDbText
  0
LINE
  5
AB0
330
17
100
AcDbEntity
  8
marco-fino
100
AcDbLine
 10
13.100000000000001
 20
-17.720000000000002
 30
0.0
 11
13.100000000000001
 21
-17.950000000000003
 31
0.0
  0
LINE
  5
AB1
330
17
100
AcDbEntity
  8
marco-fino
100
AcDbLine
 10
14.100000000000001
 20
-17.720000000000002
 30
0.0
 11
14.100000000000001
 21
-17.950000000000003
 31
0.0
  0
LINE
  5
AB2
330
17
100
AcDbEntity
  8
marco-fino
100
AcDbLine
 10
15.4
 20
-17.720000000000002
 30
0.0
 11
15.4
 21
-17.950000000000003
 31
0.0
  0
LINE
  5
AB3
330
17
100
AcDbEntity
  8
marco-fino
100
AcDbLine
 10
16.0
 20
-17.720000000000002
 30
0.0
 11
16.0
 21
-17.950000000000003
 31
0.0
  0
LINE
  5
AB4
330
17
100
AcDbEntity
  8
marco-fino
100
AcDbLine
 10
17.0
 20
-17.720000000000002
 30
0.0
 11
17.0
 21
-17.950000000000003
 31
0.0
  0
LWPOLYLINE
  5
AB5
330
17
100
AcDbEntity
  8
marco-fino
100
AcDbPolyline
 90
4
 70
1
 10
12.5
 20
-17.950000000000003
 10
18.3
 20
-17.950000000000003
 10
18.3
 20
-18.180000000000003
 10
12.5
 20
-18.180000000000003
  0
TEXT
  5
AB6
330
17
100
AcDbEntity
  8
texto
100
AcDbText
 10
12.8
 20
-18.110000000000003
 30
0.0
 40
0.095
  1
D
 72
1
 11
12.8
 21
-18.110000000000003
 31
0.0
100
AcDbText
  0
TEXT
  5
AB7
330
17
100
AcDbEntity
  8
texto
100
AcDbText
 10
13.600000000000001
 20
-18.110000000000003
 30
0.0
 40
0.095
  1
10,22
 72
1
 11
13.600000000000001
 21
-18.110000000000003
 31
0.0
100
AcDbText
  0
TEXT
  5
AB8
330
17
100
AcDbEntity
  8
texto
100
AcDbText
 10
14.75
 20
-18.110000000000003
 30
0.0
 40
0.095
  1
3,35
 72
1
 11
14.75
 21
-18.110000000000003
 31
0.0
100
AcDbText
  0
TEXT
  5
AB9
330
17
100
AcDbEntity
  8
texto
100
AcDbText
 10
15.700000000000001
 20
-18.110000000000003
 30
0.0
 40
0.095
  1
4
 72
1
 11
15.700000000000001
 21
-18.110000000000003
 31
0.0
100
AcDbText
  0
TEXT
  5
ABA
330
17
100
AcDbEntity
  8
texto
100
AcDbText
 10
16.5
 20
-18.110000000000003
 30
0.0
 40
0.095
  1
9,47
 72
1
 11
16.5
 21
-18.110000000000003
 31
0.0
100
AcDbText
  0
TEXT
  5
ABB
330
17
100
AcDbEntity
  8
texto
100
AcDbText
 10
17.650000000000002
 20
-18.110000000000003
 30
0.0
 40
0.095
  1
3,75
 72
1
 11
17.650000000000002
 21
-18.110000000000003
 31
0.0
100
AcDbText
  0
LINE
  5
ABC
330
17
100
AcDbEntity
  8
marco-fino
100
AcDbLine
 10
13.100000000000001
 20
-17.950000000000003
 30
0.0
 11
13.100000000000001
 21
-18.180000000000003
 31
0.0
  0
LINE
  5
ABD
330
17
100
AcDbEntity
  8
marco-fino
100
AcDbLine
 10
14.100000000000001
 20
-17.950000000000003
 30
0.0
 11
14.100000000000001
 21
-18.180000000000003
 31
0.0
  0
LINE
  5
ABE
330
17
100
AcDbEntity
  8
marco-fino
100
AcDbLine
 10
15.4
 20
-17.950000000000003
 30
0.0
 11
15.4
 21
-18.180000000000003
 31
0.0
  0
LINE
  5
ABF
330
17
100
AcDbEntity
  8
marco-fino
100
AcDbLine
 10
16.0
 20
-17.950000000000003
 30
0.0
 11
16.0
 21
-18.180000000000003
 31
0.0
  0
LINE
  5
AC0
330
17
100
AcDbEntity
  8
marco-fino
100
AcDbLine
 10
17.0
 20
-17.950000000000003
 30
0.0
 11
17.0
 21
-18.180000000000003
 31
0.0
  0
LWPOLYLINE
  5
AC1
330
17
100
AcDbEntity
  8
marco-fino
100
AcDbPolyline
 90
4
 70
1
 10
12.5
 20
-18.180000000000003
 10
18.3
 20
-18.180000000000003
 10
18.3
 20
-18.410000000000007
 10
12.5
 20
-18.410000000000007
  0
TEXT
  5
AC2
330
17
100
AcDbEntity
  8
texto
100
AcDbText
 10
12.8
 20
-18.340000000000003
 30
0.0
 40
0.095
  1
E
 72
1
 11
12.8
 21
-18.340000000000003
 31
0.0
100
AcDbText
  0
TEXT
  5
AC3
330
17
100
AcDbEntity
  8
texto
100
AcDbText
 10
13.600000000000001
 20
-18.340000000000003
 30
0.0
 40
0.095
  1
13,57
 72
1
 11
13.600000000000001
 21
-18.340000000000003
 31
0.0
100
AcDbText
  0
TEXT
  5
AC4
330
17
100
AcDbEntity
  8
texto
100
AcDbText
 10
14.75
 20
-18.340000000000003
 30
0.0
 40
0.095
  1
3,35
 72
1
 11
14.75
 21
-18.340000000000003
 31
0.0
100
AcDbText
  0
TEXT
  5
AC5
330
17
100
AcDbEntity
  8
texto
100
AcDbText
 10
15.700000000000001
 20
-18.340000000000003
 30
0.0
 40
0.095
  1

 72
1
 11
15.700000000000001
 21
-18.340000000000003
 31
0.0
100
AcDbText
  0
TEXT
  5
AC6
330
17
100
AcDbEntity
  8
texto
100
AcDbText
 10
16.5
 20
-18.340000000000003
 30
0.0
 40
0.095
  1

 72
1
 11
16.5
 21
-18.340000000000003
 31
0.0
100
AcDbText
  0
TEXT
  5
AC7
330
17
100
AcDbEntity
  8
texto
100
AcDbText
 10
17.650000000000002
 20
-18.340000000000003
 30
0.0
 40
0.095
  1

 72
1
 11
17.650000000000002
 21
-18.340000000000003
 31
0.0
100
AcDbText
  0
LINE
  5
AC8
330
17
100
AcDbEntity
  8
marco-fino
100
AcDbLine
 10
13.100000000000001
 20
-18.180000000000003
 30
0.0
 11
13.100000000000001
 21
-18.410000000000007
 31
0.0
  0
LINE
  5
AC9
330
17
100
AcDbEntity
  8
marco-fino
100
AcDbLine
 10
14.100000000000001
 20
-18.180000000000003
 30
0.0
 11
14.100000000000001
 21
-18.410000000000007
 31
0.0
  0
LINE
  5
ACA
330
17
100
AcDbEntity
  8
marco-fino
100
AcDbLine
 10
15.4
 20
-18.180000000000003
 30
0.0
 11
15.4
 21
-18.410000000000007
 31
0.0
  0
LINE
  5
ACB
330
17
100
AcDbEntity
  8
marco-fino
100
AcDbLine
 10
16.0
 20
-18.180000000000003
 30
0.0
 11
16.0
 21
-18.410000000000007
 31
0.0
  0
LINE
  5
ACC
330
17
100
AcDbEntity
  8
marco-fino
100
AcDbLine
 10
17.0
 20
-18.180000000000003
 30
0.0
 11
17.0
 21
-18.410000000000007
 31
0.0
  0
LWPOLYLINE
  5
ACD
330
17
100
AcDbEntity
  8
marco-fino
100
AcDbPolyline
 90
4
 70
1
 10
12.5
 20
-18.410000000000007
 10
18.3
 20
-18.410000000000007
 10
18.3
 20
-18.640000000000008
 10
12.5
 20
-18.640000000000008
  0
TEXT
  5
ACE
330
17
100
AcDbEntity
  8
texto
100
AcDbText
 10
12.8
 20
-18.570000000000004
 30
0.0
 40
0.095
  1
F
 72
1
 11
12.8
 21
-18.570000000000004
 31
0.0
100
AcDbText
  0
TEXT
  5
ACF
330
17
100
AcDbEntity
  8
texto
100
AcDbText
 10
13.600000000000001
 20
-18.570000000000004
 30
0.0
 40
0.095
  1
16,57
 72
1
 11
13.600000000000001
 21
-18.570000000000004
 31
0.0
100
AcDbText
  0
TEXT
  5
AD0
330
17
100
AcDbEntity
  8
texto
100
AcDbText
 10
14.75
 20
-18.570000000000004
 30
0.0
 40
0.095
  1
3,00
 72
1
 11
14.75
 21
-18.570000000000004
 31
0.0
100
AcDbText
  0
TEXT
  5
AD1
330
17
100
AcDbEntity
  8
texto
100
AcDbText
 10
15.700000000000001
 20
-18.570000000000004
 30
0.0
 40
0.095
  1

 72
1
 11
15.700000000000001
 21
-18.570000000000004
 31
0.0
100
AcDbText
  0
TEXT
  5
AD2
330
17
100
AcDbEntity
  8
texto
100
AcDbText
 10
16.5
 20
-18.570000000000004
 30
0.0
 40
0.095
  1

 72
1
 11
16.5
 21
-18.570000000000004
 31
0.0
100
AcDbText
  0
TEXT
  5
AD3
330
17
100
AcDbEntity
  8
texto
100
AcDbText
 10
17.650000000000002
 20
-18.570000000000004
 30
0.0
 40
0.095
  1

 72
1
 11
17.650000000000002
 21
-18.570000000000004
 31
0.0
100
AcDbText
  0
LINE
  5
AD4
330
17
100
AcDbEntity
  8
marco-fino
100
AcDbLine
 10
13.100000000000001
 20
-18.410000000000007
 30
0.0
 11
13.100000000000001
 21
-18.640000000000008
 31
0.0
  0
LINE
  5
AD5
330
17
100
AcDbEntity
  8
marco-fino
100
AcDbLine
 10
14.100000000000001
 20
-18.410000000000007
 30
0.0
 11
14.100000000000001
 21
-18.640000000000008
 31
0.0
  0
LINE
  5
AD6
330
17
100
AcDbEntity
  8
marco-fino
100
AcDbLine
 10
15.4
 20
-18.410000000000007
 30
0.0
 11
15.4
 21
-18.640000000000008
 31
0.0
  0
LINE
  5
AD7
330
17
100
AcDbEntity
  8
marco-fino
100
AcDbLine
 10
16.0
 20
-18.410000000000007
 30
0.0
 11
16.0
 21
-18.640000000000008
 31
0.0
  0
LINE
  5
AD8
330
17
100
AcDbEntity
  8
marco-fino
100
AcDbLine
 10
17.0
 20
-18.410000000000007
 30
0.0
 11
17.0
 21
-18.640000000000008
 31
0.0
  0
LWPOLYLINE
  5
AD9
330
17
100
AcDbEntity
  8
marco-fino
100
AcDbPolyline
 90
4
 70
1
 10
12.5
 20
-18.640000000000008
 10
18.3
 20
-18.640000000000008
 10
18.3
 20
-18.870000000000008
 10
12.5
 20
-18.870000000000008
  0
TEXT
  5
ADA
330
17
100
AcDbEntity
  8
texto
100
AcDbText
 10
12.8
 20
-18.800000000000008
 30
0.0
 40
0.095
  1
G
 72
1
 11
12.8
 21
-18.800000000000008
 31
0.0
100
AcDbText
  0
TEXT
  5
ADB
330
17
100
AcDbEntity
  8
texto
100
AcDbText
 10
13.600000000000001
 20
-18.800000000000008
 30
0.0
 40
0.095
  1
20,12
 72
1
 11
13.600000000000001
 21
-18.800000000000008
 31
0.0
100
AcDbText
  0
TEXT
  5
ADC
330
17
100
AcDbEntity
  8
texto
100
AcDbText
 10
14.75
 20
-18.800000000000008
 30
0.0
 40
0.095
  1
3,55
 72
1
 11
14.75
 21
-18.800000000000008
 31
0.0
100
AcDbText
  0
TEXT
  5
ADD
330
17
100
AcDbEntity
  8
texto
100
AcDbText
 10
15.700000000000001
 20
-18.800000000000008
 30
0.0
 40
0.095
  1

 72
1
 11
15.700000000000001
 21
-18.800000000000008
 31
0.0
100
AcDbText
  0
TEXT
  5
ADE
330
17
100
AcDbEntity
  8
texto
100
AcDbText
 10
16.5
 20
-18.800000000000008
 30
0.0
 40
0.095
  1

 72
1
 11
16.5
 21
-18.800000000000008
 31
0.0
100
AcDbText
  0
TEXT
  5
ADF
330
17
100
AcDbEntity
  8
texto
100
AcDbText
 10
17.650000000000002
 20
-18.800000000000008
 30
0.0
 40
0.095
  1

 72
1
 11
17.650000000000002
 21
-18.800000000000008
 31
0.0
100
AcDbText
  0
LINE
  5
AE0
330
17
100
AcDbEntity
  8
marco-fino
100
AcDbLine
 10
13.100000000000001
 20
-18.640000000000008
 30
0.0
 11
13.100000000000001
 21
-18.870000000000008
 31
0.0
  0
LINE
  5
AE1
330
17
100
AcDbEntity
  8
marco-fino
100
AcDbLine
 10
14.100000000000001
 20
-18.640000000000008
 30
0.0
 11
14.100000000000001
 21
-18.870000000000008
 31
0.0
  0
LINE
  5
AE2
330
17
100
AcDbEntity
  8
marco-fino
100
AcDbLine
 10
15.4
 20
-18.640000000000008
 30
0.0
 11
15.4
 21
-18.870000000000008
 31
0.0
  0
LINE
  5
AE3
330
17
100
AcDbEntity
  8
marco-fino
100
AcDbLine
 10
16.0
 20
-18.640000000000008
 30
0.0
 11
16.0
 21
-18.870000000000008
 31
0.0
  0
LINE
  5
AE4
330
17
100
AcDbEntity
  8
marco-fino
100
AcDbLine
 10
17.0
 20
-18.640000000000008
 30
0.0
 11
17.0
 21
-18.870000000000008
 31
0.0
  0
LWPOLYLINE
  5
AE5
330
17
100
AcDbEntity
  8
marco-fino
100
AcDbPolyline
 90
4
 70
1
 10
12.5
 20
-18.870000000000008
 10
18.3
 20
-18.870000000000008
 10
18.3
 20
-19.10000000000001
 10
12.5
 20
-19.10000000000001
  0
TEXT
  5
AE6
330
17
100
AcDbEntity
  8
texto
100
AcDbText
 10
12.8
 20
-19.03000000000001
 30
0.0
 40
0.095
  1
H
 72
1
 11
12.8
 21
-19.03000000000001
 31
0.0
100
AcDbText
  0
TEXT
  5
AE7
330
17
100
AcDbEntity
  8
texto
100
AcDbText
 10
13.600000000000001
 20
-19.03000000000001
 30
0.0
 40
0.095
  1
23,88
 72
1
 11
13.600000000000001
 21
-19.03000000000001
 31
0.0
100
AcDbText
  0
TEXT
  5
AE8
330
17
100
AcDbEntity
  8
texto
100
AcDbText
 10
14.75
 20
-19.03000000000001
 30
0.0
 40
0.095
  1
3,75
 72
1
 11
14.75
 21
-19.03000000000001
 31
0.0
100
AcDbText
  0
TEXT
  5
AE9
330
17
100
AcDbEntity
  8
texto
100
AcDbText
 10
15.700000000000001
 20
-19.03000000000001
 30
0.0
 40
0.095
  1

 72
1
 11
15.700000000000001
 21
-19.03000000000001
 31
0.0
100
AcDbText
  0
TEXT
  5
AEA
330
17
100
AcDbEntity
  8
texto
100
AcDbText
 10
16.5
 20
-19.03000000000001
 30
0.0
 40
0.095
  1

 72
1
 11
16.5
 21
-19.03000000000001
 31
0.0
100
AcDbText
  0
TEXT
  5
AEB
330
17
100
AcDbEntity
  8
texto
100
AcDbText
 10
17.650000000000002
 20
-19.03000000000001
 30
0.0
 40
0.095
  1

 72
1
 11
17.650000000000002
 21
-19.03000000000001
 31
0.0
100
AcDbText
  0
LINE
  5
AEC
330
17
100
AcDbEntity
  8
marco-fino
100
AcDbLine
 10
13.100000000000001
 20
-18.870000000000008
 30
0.0
 11
13.100000000000001
 21
-19.10000000000001
 31
0.0
  0
LINE
  5
AED
330
17
100
AcDbEntity
  8
marco-fino
100
AcDbLine
 10
14.100000000000001
 20
-18.870000000000008
 30
0.0
 11
14.100000000000001
 21
-19.10000000000001
 31
0.0
  0
LINE
  5
AEE
330
17
100
AcDbEntity
  8
marco-fino
100
AcDbLine
 10
15.4
 20
-18.870000000000008
 30
0.0
 11
15.4
 21
-19.10000000000001
 31
0.0
  0
LINE
  5
AEF
330
17
100
AcDbEntity
  8
marco-fino
100
AcDbLine
 10
16.0
 20
-18.870000000000008
 30
0.0
 11
16.0
 21
-19.10000000000001
 31
0.0
  0
LINE
  5
AF0
330
17
100
AcDbEntity
  8
marco-fino
100
AcDbLine
 10
17.0
 20
-18.870000000000008
 30
0.0
 11
17.0
 21
-19.10000000000001
 31
0.0
  0
LWPOLYLINE
  5
AF1
330
17
100
AcDbEntity
  8
marco-fino
100
AcDbPolyline
 90
4
 70
1
 10
12.5
 20
-19.6
 10
19.6
 20
-19.6
 10
19.6
 20
-19.86
 10
12.5
 20
-19.86
  0
LWPOLYLINE
  5
AF2
330
17
100
AcDbEntity
  8
sombra
100
AcDbPolyline
 90
4
 70
1
 10
12.5
 20
-19.6
 10
19.6
 20
-19.6
 10
19.6
 20
-19.86
 10
12.5
 20
-19.86
  0
LINE
  5
AF3
330
17
100
AcDbEntity
  8
hatch
100
AcDbLine
 10
19.458578643762692
 20
-19.86
 30
0.0
 11
19.6
 21
-19.71857864376269
 31
0.0
  0
LINE
  5
AF4
330
17
100
AcDbEntity
  8
hatch
100
AcDbLine
 10
19.317157287525383
 20
-19.860000000000003
 30
0.0
 11
19.577157287525385
 21
-19.6
 31
0.0
  0
LINE
  5
AF5
330
17
100
AcDbEntity
  8
hatch
100
AcDbLine
 10
19.175735931288074
 20
-19.86
 30
0.0
 11
19.43573593128807
 21
-19.6
 31
0.0
  0
LINE
  5
AF6
330
17
100
AcDbEntity
  8
hatch
100
AcDbLine
 10
19.034314575050765
 20
-19.86
 30
0.0
 11
19.294314575050766
 21
-19.6
 31
0.0
  0
LINE
  5
AF7
330
17
100
AcDbEntity
  8
hatch
100
AcDbLine
 10
18.892893218813455
 20
-19.860000000000003
 30
0.0
 11
19.152893218813453
 21
-19.6
 31
0.0
  0
LINE
  5
AF8
330
17
100
AcDbEntity
  8
hatch
100
AcDbLine
 10
18.751471862576143
 20
-19.86
 30
0.0
 11
19.01147186257614
 21
-19.6
 31
0.0
  0
LINE
  5
AF9
330
17
100
AcDbEntity
  8
hatch
100
AcDbLine
 10
18.610050506338837
 20
-19.860000000000003
 30
0.0
 11
18.87005050633884
 21
-19.6
 31
0.0
  0
LINE
  5
AFA
330
17
100
AcDbEntity
  8
hatch
100
AcDbLine
 10
18.468629150101524
 20
-19.86
 30
0.0
 11
18.728629150101522
 21
-19.6
 31
0.0
  0
LINE
  5
AFB
330
17
100
AcDbEntity
  8
hatch
100
AcDbLine
 10
18.32720779386422
 20
-19.860000000000003
 30
0.0
 11
18.58720779386422
 21
-19.6
 31
0.0
  0
LINE
  5
AFC
330
17
100
AcDbEntity
  8
hatch
100
AcDbLine
 10
18.18578643762691
 20
-19.86
 30
0.0
 11
18.445786437626907
 21
-19.6
 31
0.0
  0
LINE
  5
AFD
330
17
100
AcDbEntity
  8
hatch
100
AcDbLine
 10
18.044365081389596
 20
-19.86
 30
0.0
 11
18.304365081389594
 21
-19.6
 31
0.0
  0
LINE
  5
AFE
330
17
100
AcDbEntity
  8
hatch
100
AcDbLine
 10
17.90294372515229
 20
-19.86
 30
0.0
 11
18.16294372515229
 21
-19.6
 31
0.0
  0
LINE
  5
AFF
330
17
100
AcDbEntity
  8
hatch
100
AcDbLine
 10
17.761522368914978
 20
-19.86
 30
0.0
 11
18.021522368914976
 21
-19.6
 31
0.0
  0
LINE
  5
B00
330
17
100
AcDbEntity
  8
hatch
100
AcDbLine
 10
17.620101012677672
 20
-19.86
 30
0.0
 11
17.88010101267767
 21
-19.6
 31
0.0
  0
LINE
  5
B01
330
17
100
AcDbEntity
  8
hatch
100
AcDbLine
 10
17.47867965644036
 20
-19.86
 30
0.0
 11
17.738679656440357
 21
-19.6
 31
0.0
  0
LINE
  5
B02
330
17
100
AcDbEntity
  8
hatch
100
AcDbLine
 10
17.337258300203047
 20
-19.86
 30
0.0
 11
17.59725830020305
 21
-19.6
 31
0.0
  0
LINE
  5
B03
330
17
100
AcDbEntity
  8
hatch
100
AcDbLine
 10
17.19583694396574
 20
-19.86
 30
0.0
 11
17.45583694396574
 21
-19.6
 31
0.0
  0
LINE
  5
B04
330
17
100
AcDbEntity
  8
hatch
100
AcDbLine
 10
17.05441558772843
 20
-19.86
 30
0.0
 11
17.31441558772843
 21
-19.6
 31
0.0
  0
LINE
  5
B05
330
17
100
AcDbEntity
  8
hatch
100
AcDbLine
 10
16.912994231491123
 20
-19.86
 30
0.0
 11
17.17299423149112
 21
-19.6
 31
0.0
  0
LINE
  5
B06
330
17
100
AcDbEntity
  8
hatch
100
AcDbLine
 10
16.771572875253813
 20
-19.86
 30
0.0
 11
17.03157287525381
 21
-19.6
 31
0.0
  0
LINE
  5
B07
330
17
100
AcDbEntity
  8
hatch
100
AcDbLine
 10
16.6301515190165
 20
-19.860000000000003
 30
0.0
 11
16.890151519016502
 21
-19.6
 31
0.0
  0
LINE
  5
B08
330
17
100
AcDbEntity
  8
hatch
100
AcDbLine
 10
16.488730162779195
 20
-19.86
 30
0.0
 11
16.748730162779193
 21
-19.6
 31
0.0
  0
LINE
  5
B09
330
17
100
AcDbEntity
  8
hatch
100
AcDbLine
 10
16.347308806541882
 20
-19.860000000000003
 30
0.0
 11
16.607308806541884
 21
-19.6
 31
0.0
  0
LINE
  5
B0A
330
17
100
AcDbEntity
  8
hatch
100
AcDbLine
 10
16.205887450304576
 20
-19.86
 30
0.0
 11
16.465887450304574
 21
-19.6
 31
0.0
  0
LINE
  5
B0B
330
17
100
AcDbEntity
  8
hatch
100
AcDbLine
 10
16.064466094067264
 20
-19.860000000000003
 30
0.0
 11
16.324466094067265
 21
-19.6
 31
0.0
  0
LINE
  5
B0C
330
17
100
AcDbEntity
  8
hatch
100
AcDbLine
 10
15.923044737829954
 20
-19.86
 30
0.0
 11
16.183044737829952
 21
-19.6
 31
0.0
  0
LINE
  5
B0D
330
17
100
AcDbEntity
  8
hatch
100
AcDbLine
 10
15.781623381592647
 20
-19.86
 30
0.0
 11
16.041623381592647
 21
-19.6
 31
0.0
  0
LINE
  5
B0E
330
17
100
AcDbEntity
  8
hatch
100
AcDbLine
 10
15.640202025355336
 20
-19.86
 30
0.0
 11
15.900202025355336
 21
-19.6
 31
0.0
  0
LINE
  5
B0F
330
17
100
AcDbEntity
  8
hatch
100
AcDbLine
 10
15.498780669118029
 20
-19.86
 30
0.0
 11
15.758780669118028
 21
-19.6
 31
0.0
  0
LINE
  5
B10
330
17
100
AcDbEntity
  8
hatch
100
AcDbLine
 10
15.357359312880718
 20
-19.860000000000003
 30
0.0
 11
15.617359312880717
 21
-19.6
 31
0.0
  0
LINE
  5
B11
330
17
100
AcDbEntity
  8
hatch
100
AcDbLine
 10
15.215937956643405
 20
-19.86
 30
0.0
 11
15.475937956643403
 21
-19.6
 31
0.0
  0
LINE
  5
B12
330
17
100
AcDbEntity
  8
hatch
100
AcDbLine
 10
15.074516600406099
 20
-19.860000000000003
 30
0.0
 11
15.334516600406099
 21
-19.6
 31
0.0
  0
LINE
  5
B13
330
17
100
AcDbEntity
  8
hatch
100
AcDbLine
 10
14.93309524416879
 20
-19.86
 30
0.0
 11
15.193095244168788
 21
-19.6
 31
0.0
  0
LINE
  5
B14
330
17
100
AcDbEntity
  8
hatch
100
AcDbLine
 10
14.79167388793148
 20
-19.860000000000003
 30
0.0
 11
15.05167388793148
 21
-19.6
 31
0.0
  0
LINE
  5
B15
330
17
100
AcDbEntity
  8
hatch
100
AcDbLine
 10
14.650252531694171
 20
-19.86
 30
0.0
 11
14.91025253169417
 21
-19.6
 31
0.0
  0
LINE
  5
B16
330
17
100
AcDbEntity
  8
hatch
100
AcDbLine
 10
14.508831175456857
 20
-19.86
 30
0.0
 11
14.768831175456857
 21
-19.6
 31
0.0
  0
LINE
  5
B17
330
17
100
AcDbEntity
  8
hatch
100
AcDbLine
 10
14.367409819219553
 20
-19.86
 30
0.0
 11
14.627409819219553
 21
-19.6
 31
0.0
  0
LINE
  5
B18
330
17
100
AcDbEntity
  8
hatch
100
AcDbLine
 10
14.225988462982238
 20
-19.86
 30
0.0
 11
14.485988462982238
 21
-19.6
 31
0.0
  0
LINE
  5
B19
330
17
100
AcDbEntity
  8
hatch
100
AcDbLine
 10
14.084567106744935
 20
-19.86
 30
0.0
 11
14.344567106744934
 21
-19.6
 31
0.0
  0
LINE
  5
B1A
330
17
100
AcDbEntity
  8
hatch
100
AcDbLine
 10
13.943145750507622
 20
-19.86
 30
0.0
 11
14.20314575050762
 21
-19.6
 31
0.0
  0
LINE
  5
B1B
330
17
100
AcDbEntity
  8
hatch
100
AcDbLine
 10
13.80172439427031
 20
-19.86
 30
0.0
 11
14.06172439427031
 21
-19.6
 31
0.0
  0
LINE
  5
B1C
330
17
100
AcDbEntity
  8
hatch
100
AcDbLine
 10
13.660303038033003
 20
-19.86
 30
0.0
 11
13.920303038033001
 21
-19.6
 31
0.0
  0
LINE
  5
B1D
330
17
100
AcDbEntity
  8
hatch
100
AcDbLine
 10
13.518881681795692
 20
-19.86
 30
0.0
 11
13.778881681795692
 21
-19.6
 31
0.0
  0
LINE
  5
B1E
330
17
100
AcDbEntity
  8
hatch
100
AcDbLine
 10
13.377460325558388
 20
-19.86
 30
0.0
 11
13.637460325558386
 21
-19.6
 31
0.0
  0
LINE
  5
B1F
330
17
100
AcDbEntity
  8
hatch
100
AcDbLine
 10
13.236038969321074
 20
-19.86
 30
0.0
 11
13.496038969321074
 21
-19.6
 31
0.0
  0
LINE
  5
B20
330
17
100
AcDbEntity
  8
hatch
100
AcDbLine
 10
13.094617613083763
 20
-19.860000000000003
 30
0.0
 11
13.354617613083763
 21
-19.6
 31
0.0
  0
LINE
  5
B21
330
17
100
AcDbEntity
  8
hatch
100
AcDbLine
 10
12.953196256846455
 20
-19.86
 30
0.0
 11
13.213196256846455
 21
-19.6
 31
0.0
  0
LINE
  5
B22
330
17
100
AcDbEntity
  8
hatch
100
AcDbLine
 10
12.811774900609144
 20
-19.860000000000003
 30
0.0
 11
13.071774900609144
 21
-19.6
 31
0.0
  0
LINE
  5
B23
330
17
100
AcDbEntity
  8
hatch
100
AcDbLine
 10
12.670353544371837
 20
-19.86
 30
0.0
 11
12.930353544371837
 21
-19.6
 31
0.0
  0
LINE
  5
B24
330
17
100
AcDbEntity
  8
hatch
100
AcDbLine
 10
12.528932188134528
 20
-19.86
 30
0.0
 11
12.788932188134526
 21
-19.6
 31
0.0
  0
LINE
  5
B25
330
17
100
AcDbEntity
  8
hatch
100
AcDbLine
 10
12.500000000000002
 20
-19.747510831897213
 30
0.0
 11
12.647510831897216
 21
-19.6
 31
0.0
  0
LINE
  5
B26
330
17
100
AcDbEntity
  8
hatch
100
AcDbLine
 10
12.5
 20
-19.60608947565991
 30
0.0
 11
12.506089475659909
 21
-19.6
 31
0.0
  0
LWPOLYLINE
  5
B27
330
17
100
AcDbEntity
  8
marco-fino
100
AcDbPolyline
 90
4
 70
1
 10
12.5
 20
-19.6
 10
19.6
 20
-19.6
 10
19.6
 20
-19.86
 10
12.5
 20
-19.86
  0
TEXT
  5
B28
330
17
100
AcDbEntity
  8
texto
100
AcDbText
 10
12.850000000000001
 20
-19.775000000000002
 30
0.0
 40
0.09
  1
Nº
 72
1
 11
12.850000000000001
 21
-19.775000000000002
 31
0.0
100
AcDbText
  0
TEXT
  5
B29
330
17
100
AcDbEntity
  8
texto
100
AcDbText
 10
14.0
 20
-19.775000000000002
 30
0.0
 40
0.09
  1
Tipo
 72
1
 11
14.0
 21
-19.775000000000002
 31
0.0
100
AcDbText
  0
TEXT
  5
B2A
330
17
100
AcDbEntity
  8
texto
100
AcDbText
 10
15.65
 20
-19.775000000000002
 30
0.0
 40
0.09
  1
Ubicación
 72
1
 11
15.65
 21
-19.775000000000002
 31
0.0
100
AcDbText
  0
TEXT
  5
B2B
330
17
100
AcDbEntity
  8
texto
100
AcDbText
 10
16.900000000000002
 20
-19.775000000000002
 30
0.0
 40
0.09
  1
Ancho
 72
1
 11
16.900000000000002
 21
-19.775000000000002
 31
0.0
100
AcDbText
  0
TEXT
  5
B2C
330
17
100
AcDbEntity
  8
texto
100
AcDbText
 10
17.7
 20
-19.775000000000002
 30
0.0
 40
0.09
  1
Alto
 72
1
 11
17.7
 21
-19.775000000000002
 31
0.0
100
AcDbText
  0
TEXT
  5
B2D
330
17
100
AcDbEntity
  8
texto
100
AcDbText
 10
18.55
 20
-19.775000000000002
 30
0.0
 40
0.09
  1
Alféizar
 72
1
 11
18.55
 21
-19.775000000000002
 31
0.0
100
AcDbText
  0
TEXT
  5
B2E
330
17
100
AcDbEntity
  8
texto
100
AcDbText
 10
19.3
 20
-19.775000000000002
 30
0.0
 40
0.09
  1
Cant.
 72
1
 11
19.3
 21
-19.775000000000002
 31
0.0
100
AcDbText
  0
LINE
  5
B2F
330
17
100
AcDbEntity
  8
marco-fino
100
AcDbLine
 10
13.200000000000001
 20
-19.6
 30
0.0
 11
13.200000000000001
 21
-19.86
 31
0.0
  0
LINE
  5
B30
330
17
100
AcDbEntity
  8
marco-fino
100
AcDbLine
 10
14.8
 20
-19.6
 30
0.0
 11
14.8
 21
-19.86
 31
0.0
  0
LINE
  5
B31
330
17
100
AcDbEntity
  8
marco-fino
100
AcDbLine
 10
16.5
 20
-19.6
 30
0.0
 11
16.5
 21
-19.86
 31
0.0
  0
LINE
  5
B32
330
17
100
AcDbEntity
  8
marco-fino
100
AcDbLine
 10
17.3
 20
-19.6
 30
0.0
 11
17.3
 21
-19.86
 31
0.0
  0
LINE
  5
B33
330
17
100
AcDbEntity
  8
marco-fino
100
AcDbLine
 10
18.1
 20
-19.6
 30
0.0
 11
18.1
 21
-19.86
 31
0.0
  0
LINE
  5
B34
330
17
100
AcDbEntity
  8
marco-fino
100
AcDbLine
 10
19.0
 20
-19.6
 30
0.0
 11
19.0
 21
-19.86
 31
0.0
  0
LWPOLYLINE
  5
B35
330
17
100
AcDbEntity
  8
marco-fino
100
AcDbPolyline
 90
4
 70
1
 10
12.5
 20
-19.86
 10
19.6
 20
-19.86
 10
19.6
 20
-20.085
 10
12.5
 20
-20.085
  0
TEXT
  5
B36
330
17
100
AcDbEntity
  8
texto
100
AcDbText
 10
12.850000000000001
 20
-20.0175
 30
0.0
 40
0.09
  1
V-105
 72
1
 11
12.850000000000001
 21
-20.0175
 31
0.0
100
AcDbText
  0
TEXT
  5
B37
330
17
100
AcDbEntity
  8
texto
100
AcDbText
 10
14.0
 20
-20.0175
 30
0.0
 40
0.09
  1
Ventana 2 hojas
 72
1
 11
14.0
 21
-20.0175
 31
0.0
100
AcDbText
  0
TEXT
  5
B38
330
17
100
AcDbEntity
  8
texto
100
AcDbText
 10
15.65
 20
-20.0175
 30
0.0
 40
0.09
  1
Fachada norte
 72
1
 11
15.65
 21
-20.0175
 31
0.0
100
AcDbText
  0
TEXT
  5
B39
330
17
100
AcDbEntity
  8
texto
100
AcDbText
 10
16.900000000000002
 20
-20.0175
 30
0.0
 40
0.09
  1
1,50
 72
1
 11
16.900000000000002
 21
-20.0175
 31
0.0
100
AcDbText
  0
TEXT
  5
B3A
330
17
100
AcDbEntity
  8
texto
100
AcDbText
 10
17.7
 20
-20.0175
 30
0.0
 40
0.09
  1
1,50
 72
1
 11
17.7
 21
-20.0175
 31
0.0
100
AcDbText
  0
TEXT
  5
B3B
330
17
100
AcDbEntity
  8
texto
100
AcDbText
 10
18.55
 20
-20.0175
 30
0.0
 40
0.09
  1
+4,15
 72
1
 11
18.55
 21
-20.0175
 31
0.0
100
AcDbText
  0
TEXT
  5
B3C
330
17
100
AcDbEntity
  8
texto
100
AcDbText
 10
19.3
 20
-20.0175
 30
0.0
 40
0.09
  1
1
 72
1
 11
19.3
 21
-20.0175
 31
0.0
100
AcDbText
  0
LINE
  5
B3D
330
17
100
AcDbEntity
  8
marco-fino
100
AcDbLine
 10
13.200000000000001
 20
-19.86
 30
0.0
 11
13.200000000000001
 21
-20.085
 31
0.0
  0
LINE
  5
B3E
330
17
100
AcDbEntity
  8
marco-fino
100
AcDbLine
 10
14.8
 20
-19.86
 30
0.0
 11
14.8
 21
-20.085
 31
0.0
  0
LINE
  5
B3F
330
17
100
AcDbEntity
  8
marco-fino
100
AcDbLine
 10
16.5
 20
-19.86
 30
0.0
 11
16.5
 21
-20.085
 31
0.0
  0
LINE
  5
B40
330
17
100
AcDbEntity
  8
marco-fino
100
AcDbLine
 10
17.3
 20
-19.86
 30
0.0
 11
17.3
 21
-20.085
 31
0.0
  0
LINE
  5
B41
330
17
100
AcDbEntity
  8
marco-fino
100
AcDbLine
 10
18.1
 20
-19.86
 30
0.0
 11
18.1
 21
-20.085
 31
0.0
  0
LINE
  5
B42
330
17
100
AcDbEntity
  8
marco-fino
100
AcDbLine
 10
19.0
 20
-19.86
 30
0.0
 11
19.0
 21
-20.085
 31
0.0
  0
LWPOLYLINE
  5
B43
330
17
100
AcDbEntity
  8
marco-fino
100
AcDbPolyline
 90
4
 70
1
 10
12.5
 20
-20.085
 10
19.6
 20
-20.085
 10
19.6
 20
-20.310000000000002
 10
12.5
 20
-20.310000000000002
  0
TEXT
  5
B44
330
17
100
AcDbEntity
  8
texto
100
AcDbText
 10
12.850000000000001
 20
-20.2425
 30
0.0
 40
0.09
  1
V-106
 72
1
 11
12.850000000000001
 21
-20.2425
 31
0.0
100
AcDbText
  0
TEXT
  5
B45
330
17
100
AcDbEntity
  8
texto
100
AcDbText
 10
14.0
 20
-20.2425
 30
0.0
 40
0.09
  1
Ventana 2 hojas
 72
1
 11
14.0
 21
-20.2425
 31
0.0
100
AcDbText
  0
TEXT
  5
B46
330
17
100
AcDbEntity
  8
texto
100
AcDbText
 10
15.65
 20
-20.2425
 30
0.0
 40
0.09
  1
Fachada norte
 72
1
 11
15.65
 21
-20.2425
 31
0.0
100
AcDbText
  0
TEXT
  5
B47
330
17
100
AcDbEntity
  8
texto
100
AcDbText
 10
16.900000000000002
 20
-20.2425
 30
0.0
 40
0.09
  1
1,50
 72
1
 11
16.900000000000002
 21
-20.2425
 31
0.0
100
AcDbText
  0
TEXT
  5
B48
330
17
100
AcDbEntity
  8
texto
100
AcDbText
 10
17.7
 20
-20.2425
 30
0.0
 40
0.09
  1
1,50
 72
1
 11
17.7
 21
-20.2425
 31
0.0
100
AcDbText
  0
TEXT
  5
B49
330
17
100
AcDbEntity
  8
texto
100
AcDbText
 10
18.55
 20
-20.2425
 30
0.0
 40
0.09
  1
+4,15
 72
1
 11
18.55
 21
-20.2425
 31
0.0
100
AcDbText
  0
TEXT
  5
B4A
330
17
100
AcDbEntity
  8
texto
100
AcDbText
 10
19.3
 20
-20.2425
 30
0.0
 40
0.09
  1
1
 72
1
 11
19.3
 21
-20.2425
 31
0.0
100
AcDbText
  0
LINE
  5
B4B
330
17
100
AcDbEntity
  8
marco-fino
100
AcDbLine
 10
13.200000000000001
 20
-20.085
 30
0.0
 11
13.200000000000001
 21
-20.310000000000002
 31
0.0
  0
LINE
  5
B4C
330
17
100
AcDbEntity
  8
marco-fino
100
AcDbLine
 10
14.8
 20
-20.085
 30
0.0
 11
14.8
 21
-20.310000000000002
 31
0.0
  0
LINE
  5
B4D
330
17
100
AcDbEntity
  8
marco-fino
100
AcDbLine
 10
16.5
 20
-20.085
 30
0.0
 11
16.5
 21
-20.310000000000002
 31
0.0
  0
LINE
  5
B4E
330
17
100
AcDbEntity
  8
marco-fino
100
AcDbLine
 10
17.3
 20
-20.085
 30
0.0
 11
17.3
 21
-20.310000000000002
 31
0.0
  0
LINE
  5
B4F
330
17
100
AcDbEntity
  8
marco-fino
100
AcDbLine
 10
18.1
 20
-20.085
 30
0.0
 11
18.1
 21
-20.310000000000002
 31
0.0
  0
LINE
  5
B50
330
17
100
AcDbEntity
  8
marco-fino
100
AcDbLine
 10
19.0
 20
-20.085
 30
0.0
 11
19.0
 21
-20.310000000000002
 31
0.0
  0
LWPOLYLINE
  5
B51
330
17
100
AcDbEntity
  8
marco-fino
100
AcDbPolyline
 90
4
 70
1
 10
12.5
 20
-20.310000000000002
 10
19.6
 20
-20.310000000000002
 10
19.6
 20
-20.535
 10
12.5
 20
-20.535
  0
TEXT
  5
B52
330
17
100
AcDbEntity
  8
texto
100
AcDbText
 10
12.850000000000001
 20
-20.4675
 30
0.0
 40
0.09
  1
V-107
 72
1
 11
12.850000000000001
 21
-20.4675
 31
0.0
100
AcDbText
  0
TEXT
  5
B53
330
17
100
AcDbEntity
  8
texto
100
AcDbText
 10
14.0
 20
-20.4675
 30
0.0
 40
0.09
  1
Ventana 2 hojas
 72
1
 11
14.0
 21
-20.4675
 31
0.0
100
AcDbText
  0
TEXT
  5
B54
330
17
100
AcDbEntity
  8
texto
100
AcDbText
 10
15.65
 20
-20.4675
 30
0.0
 40
0.09
  1
Fachada norte
 72
1
 11
15.65
 21
-20.4675
 31
0.0
100
AcDbText
  0
TEXT
  5
B55
330
17
100
AcDbEntity
  8
texto
100
AcDbText
 10
16.900000000000002
 20
-20.4675
 30
0.0
 40
0.09
  1
1,50
 72
1
 11
16.900000000000002
 21
-20.4675
 31
0.0
100
AcDbText
  0
TEXT
  5
B56
330
17
100
AcDbEntity
  8
texto
100
AcDbText
 10
17.7
 20
-20.4675
 30
0.0
 40
0.09
  1
1,50
 72
1
 11
17.7
 21
-20.4675
 31
0.0
100
AcDbText
  0
TEXT
  5
B57
330
17
100
AcDbEntity
  8
texto
100
AcDbText
 10
18.55
 20
-20.4675
 30
0.0
 40
0.09
  1
+4,15
 72
1
 11
18.55
 21
-20.4675
 31
0.0
100
AcDbText
  0
TEXT
  5
B58
330
17
100
AcDbEntity
  8
texto
100
AcDbText
 10
19.3
 20
-20.4675
 30
0.0
 40
0.09
  1
1
 72
1
 11
19.3
 21
-20.4675
 31
0.0
100
AcDbText
  0
LINE
  5
B59
330
17
100
AcDbEntity
  8
marco-fino
100
AcDbLine
 10
13.200000000000001
 20
-20.310000000000002
 30
0.0
 11
13.200000000000001
 21
-20.535
 31
0.0
  0
LINE
  5
B5A
330
17
100
AcDbEntity
  8
marco-fino
100
AcDbLine
 10
14.8
 20
-20.310000000000002
 30
0.0
 11
14.8
 21
-20.535
 31
0.0
  0
LINE
  5
B5B
330
17
100
AcDbEntity
  8
marco-fino
100
AcDbLine
 10
16.5
 20
-20.310000000000002
 30
0.0
 11
16.5
 21
-20.535
 31
0.0
  0
LINE
  5
B5C
330
17
100
AcDbEntity
  8
marco-fino
100
AcDbLine
 10
17.3
 20
-20.310000000000002
 30
0.0
 11
17.3
 21
-20.535
 31
0.0
  0
LINE
  5
B5D
330
17
100
AcDbEntity
  8
marco-fino
100
AcDbLine
 10
18.1
 20
-20.310000000000002
 30
0.0
 11
18.1
 21
-20.535
 31
0.0
  0
LINE
  5
B5E
330
17
100
AcDbEntity
  8
marco-fino
100
AcDbLine
 10
19.0
 20
-20.310000000000002
 30
0.0
 11
19.0
 21
-20.535
 31
0.0
  0
LWPOLYLINE
  5
B5F
330
17
100
AcDbEntity
  8
marco-fino
100
AcDbPolyline
 90
4
 70
1
 10
12.5
 20
-20.535
 10
19.6
 20
-20.535
 10
19.6
 20
-20.76
 10
12.5
 20
-20.76
  0
TEXT
  5
B60
330
17
100
AcDbEntity
  8
texto
100
AcDbText
 10
12.850000000000001
 20
-20.6925
 30
0.0
 40
0.09
  1
V-108
 72
1
 11
12.850000000000001
 21
-20.6925
 31
0.0
100
AcDbText
  0
TEXT
  5
B61
330
17
100
AcDbEntity
  8
texto
100
AcDbText
 10
14.0
 20
-20.6925
 30
0.0
 40
0.09
  1
Ventana 2 hojas
 72
1
 11
14.0
 21
-20.6925
 31
0.0
100
AcDbText
  0
TEXT
  5
B62
330
17
100
AcDbEntity
  8
texto
100
AcDbText
 10
15.65
 20
-20.6925
 30
0.0
 40
0.09
  1
Fachada norte
 72
1
 11
15.65
 21
-20.6925
 31
0.0
100
AcDbText
  0
TEXT
  5
B63
330
17
100
AcDbEntity
  8
texto
100
AcDbText
 10
16.900000000000002
 20
-20.6925
 30
0.0
 40
0.09
  1
1,50
 72
1
 11
16.900000000000002
 21
-20.6925
 31
0.0
100
AcDbText
  0
TEXT
  5
B64
330
17
100
AcDbEntity
  8
texto
100
AcDbText
 10
17.7
 20
-20.6925
 30
0.0
 40
0.09
  1
1,50
 72
1
 11
17.7
 21
-20.6925
 31
0.0
100
AcDbText
  0
TEXT
  5
B65
330
17
100
AcDbEntity
  8
texto
100
AcDbText
 10
18.55
 20
-20.6925
 30
0.0
 40
0.09
  1
+4,15
 72
1
 11
18.55
 21
-20.6925
 31
0.0
100
AcDbText
  0
TEXT
  5
B66
330
17
100
AcDbEntity
  8
texto
100
AcDbText
 10
19.3
 20
-20.6925
 30
0.0
 40
0.09
  1
1
 72
1
 11
19.3
 21
-20.6925
 31
0.0
100
AcDbText
  0
LINE
  5
B67
330
17
100
AcDbEntity
  8
marco-fino
100
AcDbLine
 10
13.200000000000001
 20
-20.535
 30
0.0
 11
13.200000000000001
 21
-20.76
 31
0.0
  0
LINE
  5
B68
330
17
100
AcDbEntity
  8
marco-fino
100
AcDbLine
 10
14.8
 20
-20.535
 30
0.0
 11
14.8
 21
-20.76
 31
0.0
  0
LINE
  5
B69
330
17
100
AcDbEntity
  8
marco-fino
100
AcDbLine
 10
16.5
 20
-20.535
 30
0.0
 11
16.5
 21
-20.76
 31
0.0
  0
LINE
  5
B6A
330
17
100
AcDbEntity
  8
marco-fino
100
AcDbLine
 10
17.3
 20
-20.535
 30
0.0
 11
17.3
 21
-20.76
 31
0.0
  0
LINE
  5
B6B
330
17
100
AcDbEntity
  8
marco-fino
100
AcDbLine
 10
18.1
 20
-20.535
 30
0.0
 11
18.1
 21
-20.76
 31
0.0
  0
LINE
  5
B6C
330
17
100
AcDbEntity
  8
marco-fino
100
AcDbLine
 10
19.0
 20
-20.535
 30
0.0
 11
19.0
 21
-20.76
 31
0.0
  0
LWPOLYLINE
  5
B6D
330
17
100
AcDbEntity
  8
marco-fino
100
AcDbPolyline
 90
4
 70
1
 10
12.5
 20
-20.76
 10
19.6
 20
-20.76
 10
19.6
 20
-20.985
 10
12.5
 20
-20.985
  0
TEXT
  5
B6E
330
17
100
AcDbEntity
  8
texto
100
AcDbText
 10
12.850000000000001
 20
-20.9175
 30
0.0
 40
0.09
  1
V-205
 72
1
 11
12.850000000000001
 21
-20.9175
 31
0.0
100
AcDbText
  0
TEXT
  5
B6F
330
17
100
AcDbEntity
  8
texto
100
AcDbText
 10
14.0
 20
-20.9175
 30
0.0
 40
0.09
  1
Ventana 2 hojas
 72
1
 11
14.0
 21
-20.9175
 31
0.0
100
AcDbText
  0
TEXT
  5
B70
330
17
100
AcDbEntity
  8
texto
100
AcDbText
 10
15.65
 20
-20.9175
 30
0.0
 40
0.09
  1
Fachada sur
 72
1
 11
15.65
 21
-20.9175
 31
0.0
100
AcDbText
  0
TEXT
  5
B71
330
17
100
AcDbEntity
  8
texto
100
AcDbText
 10
16.900000000000002
 20
-20.9175
 30
0.0
 40
0.09
  1
1,50
 72
1
 11
16.900000000000002
 21
-20.9175
 31
0.0
100
AcDbText
  0
TEXT
  5
B72
330
17
100
AcDbEntity
  8
texto
100
AcDbText
 10
17.7
 20
-20.9175
 30
0.0
 40
0.09
  1
1,50
 72
1
 11
17.7
 21
-20.9175
 31
0.0
100
AcDbText
  0
TEXT
  5
B73
330
17
100
AcDbEntity
  8
texto
100
AcDbText
 10
18.55
 20
-20.9175
 30
0.0
 40
0.09
  1
+4,15
 72
1
 11
18.55
 21
-20.9175
 31
0.0
100
AcDbText
  0
TEXT
  5
B74
330
17
100
AcDbEntity
  8
texto
100
AcDbText
 10
19.3
 20
-20.9175
 30
0.0
 40
0.09
  1
1
 72
1
 11
19.3
 21
-20.9175
 31
0.0
100
AcDbText
  0
LINE
  5
B75
330
17
100
AcDbEntity
  8
marco-fino
100
AcDbLine
 10
13.200000000000001
 20
-20.76
 30
0.0
 11
13.200000000000001
 21
-20.985
 31
0.0
  0
LINE
  5
B76
330
17
100
AcDbEntity
  8
marco-fino
100
AcDbLine
 10
14.8
 20
-20.76
 30
0.0
 11
14.8
 21
-20.985
 31
0.0
  0
LINE
  5
B77
330
17
100
AcDbEntity
  8
marco-fino
100
AcDbLine
 10
16.5
 20
-20.76
 30
0.0
 11
16.5
 21
-20.985
 31
0.0
  0
LINE
  5
B78
330
17
100
AcDbEntity
  8
marco-fino
100
AcDbLine
 10
17.3
 20
-20.76
 30
0.0
 11
17.3
 21
-20.985
 31
0.0
  0
LINE
  5
B79
330
17
100
AcDbEntity
  8
marco-fino
100
AcDbLine
 10
18.1
 20
-20.76
 30
0.0
 11
18.1
 21
-20.985
 31
0.0
  0
LINE
  5
B7A
330
17
100
AcDbEntity
  8
marco-fino
100
AcDbLine
 10
19.0
 20
-20.76
 30
0.0
 11
19.0
 21
-20.985
 31
0.0
  0
LWPOLYLINE
  5
B7B
330
17
100
AcDbEntity
  8
marco-fino
100
AcDbPolyline
 90
4
 70
1
 10
12.5
 20
-20.985
 10
19.6
 20
-20.985
 10
19.6
 20
-21.21
 10
12.5
 20
-21.21
  0
TEXT
  5
B7C
330
17
100
AcDbEntity
  8
texto
100
AcDbText
 10
12.850000000000001
 20
-21.1425
 30
0.0
 40
0.09
  1
V-206
 72
1
 11
12.850000000000001
 21
-21.1425
 31
0.0
100
AcDbText
  0
TEXT
  5
B7D
330
17
100
AcDbEntity
  8
texto
100
AcDbText
 10
14.0
 20
-21.1425
 30
0.0
 40
0.09
  1
Ventana 2 hojas
 72
1
 11
14.0
 21
-21.1425
 31
0.0
100
AcDbText
  0
TEXT
  5
B7E
330
17
100
AcDbEntity
  8
texto
100
AcDbText
 10
15.65
 20
-21.1425
 30
0.0
 40
0.09
  1
Fachada sur
 72
1
 11
15.65
 21
-21.1425
 31
0.0
100
AcDbText
  0
TEXT
  5
B7F
330
17
100
AcDbEntity
  8
texto
100
AcDbText
 10
16.900000000000002
 20
-21.1425
 30
0.0
 40
0.09
  1
1,50
 72
1
 11
16.900000000000002
 21
-21.1425
 31
0.0
100
AcDbText
  0
TEXT
  5
B80
330
17
100
AcDbEntity
  8
texto
100
AcDbText
 10
17.7
 20
-21.1425
 30
0.0
 40
0.09
  1
1,50
 72
1
 11
17.7
 21
-21.1425
 31
0.0
100
AcDbText
  0
TEXT
  5
B81
330
17
100
AcDbEntity
  8
texto
100
AcDbText
 10
18.55
 20
-21.1425
 30
0.0
 40
0.09
  1
+4,15
 72
1
 11
18.55
 21
-21.1425
 31
0.0
100
AcDbText
  0
TEXT
  5
B82
330
17
100
AcDbEntity
  8
texto
100
AcDbText
 10
19.3
 20
-21.1425
 30
0.0
 40
0.09
  1
1
 72
1
 11
19.3
 21
-21.1425
 31
0.0
100
AcDbText
  0
LINE
  5
B83
330
17
100
AcDbEntity
  8
marco-fino
100
AcDbLine
 10
13.200000000000001
 20
-20.985
 30
0.0
 11
13.200000000000001
 21
-21.21
 31
0.0
  0
LINE
  5
B84
330
17
100
AcDbEntity
  8
marco-fino
100
AcDbLine
 10
14.8
 20
-20.985
 30
0.0
 11
14.8
 21
-21.21
 31
0.0
  0
LINE
  5
B85
330
17
100
AcDbEntity
  8
marco-fino
100
AcDbLine
 10
16.5
 20
-20.985
 30
0.0
 11
16.5
 21
-21.21
 31
0.0
  0
LINE
  5
B86
330
17
100
AcDbEntity
  8
marco-fino
100
AcDbLine
 10
17.3
 20
-20.985
 30
0.0
 11
17.3
 21
-21.21
 31
0.0
  0
LINE
  5
B87
330
17
100
AcDbEntity
  8
marco-fino
100
AcDbLine
 10
18.1
 20
-20.985
 30
0.0
 11
18.1
 21
-21.21
 31
0.0
  0
LINE
  5
B88
330
17
100
AcDbEntity
  8
marco-fino
100
AcDbLine
 10
19.0
 20
-20.985
 30
0.0
 11
19.0
 21
-21.21
 31
0.0
  0
LWPOLYLINE
  5
B89
330
17
100
AcDbEntity
  8
marco-fino
100
AcDbPolyline
 90
4
 70
1
 10
12.5
 20
-21.21
 10
19.6
 20
-21.21
 10
19.6
 20
-21.435000000000002
 10
12.5
 20
-21.435000000000002
  0
TEXT
  5
B8A
330
17
100
AcDbEntity
  8
texto
100
AcDbText
 10
12.850000000000001
 20
-21.3675
 30
0.0
 40
0.09
  1
V-207
 72
1
 11
12.850000000000001
 21
-21.3675
 31
0.0
100
AcDbText
  0
TEXT
  5
B8B
330
17
100
AcDbEntity
  8
texto
100
AcDbText
 10
14.0
 20
-21.3675
 30
0.0
 40
0.09
  1
Ventana 2 hojas
 72
1
 11
14.0
 21
-21.3675
 31
0.0
100
AcDbText
  0
TEXT
  5
B8C
330
17
100
AcDbEntity
  8
texto
100
AcDbText
 10
15.65
 20
-21.3675
 30
0.0
 40
0.09
  1
Fachada sur
 72
1
 11
15.65
 21
-21.3675
 31
0.0
100
AcDbText
  0
TEXT
  5
B8D
330
17
100
AcDbEntity
  8
texto
100
AcDbText
 10
16.900000000000002
 20
-21.3675
 30
0.0
 40
0.09
  1
1,50
 72
1
 11
16.900000000000002
 21
-21.3675
 31
0.0
100
AcDbText
  0
TEXT
  5
B8E
330
17
100
AcDbEntity
  8
texto
100
AcDbText
 10
17.7
 20
-21.3675
 30
0.0
 40
0.09
  1
1,50
 72
1
 11
17.7
 21
-21.3675
 31
0.0
100
AcDbText
  0
TEXT
  5
B8F
330
17
100
AcDbEntity
  8
texto
100
AcDbText
 10
18.55
 20
-21.3675
 30
0.0
 40
0.09
  1
+4,15
 72
1
 11
18.55
 21
-21.3675
 31
0.0
100
AcDbText
  0
TEXT
  5
B90
330
17
100
AcDbEntity
  8
texto
100
AcDbText
 10
19.3
 20
-21.3675
 30
0.0
 40
0.09
  1
1
 72
1
 11
19.3
 21
-21.3675
 31
0.0
100
AcDbText
  0
LINE
  5
B91
330
17
100
AcDbEntity
  8
marco-fino
100
AcDbLine
 10
13.200000000000001
 20
-21.21
 30
0.0
 11
13.200000000000001
 21
-21.435000000000002
 31
0.0
  0
LINE
  5
B92
330
17
100
AcDbEntity
  8
marco-fino
100
AcDbLine
 10
14.8
 20
-21.21
 30
0.0
 11
14.8
 21
-21.435000000000002
 31
0.0
  0
LINE
  5
B93
330
17
100
AcDbEntity
  8
marco-fino
100
AcDbLine
 10
16.5
 20
-21.21
 30
0.0
 11
16.5
 21
-21.435000000000002
 31
0.0
  0
LINE
  5
B94
330
17
100
AcDbEntity
  8
marco-fino
100
AcDbLine
 10
17.3
 20
-21.21
 30
0.0
 11
17.3
 21
-21.435000000000002
 31
0.0
  0
LINE
  5
B95
330
17
100
AcDbEntity
  8
marco-fino
100
AcDbLine
 10
18.1
 20
-21.21
 30
0.0
 11
18.1
 21
-21.435000000000002
 31
0.0
  0
LINE
  5
B96
330
17
100
AcDbEntity
  8
marco-fino
100
AcDbLine
 10
19.0
 20
-21.21
 30
0.0
 11
19.0
 21
-21.435000000000002
 31
0.0
  0
LWPOLYLINE
  5
B97
330
17
100
AcDbEntity
  8
marco-fino
100
AcDbPolyline
 90
4
 70
1
 10
12.5
 20
-21.435000000000002
 10
19.6
 20
-21.435000000000002
 10
19.6
 20
-21.66
 10
12.5
 20
-21.66
  0
TEXT
  5
B98
330
17
100
AcDbEntity
  8
texto
100
AcDbText
 10
12.850000000000001
 20
-21.5925
 30
0.0
 40
0.09
  1
V-208
 72
1
 11
12.850000000000001
 21
-21.5925
 31
0.0
100
AcDbText
  0
TEXT
  5
B99
330
17
100
AcDbEntity
  8
texto
100
AcDbText
 10
14.0
 20
-21.5925
 30
0.0
 40
0.09
  1
Ventana 2 hojas
 72
1
 11
14.0
 21
-21.5925
 31
0.0
100
AcDbText
  0
TEXT
  5
B9A
330
17
100
AcDbEntity
  8
texto
100
AcDbText
 10
15.65
 20
-21.5925
 30
0.0
 40
0.09
  1
Fachada sur
 72
1
 11
15.65
 21
-21.5925
 31
0.0
100
AcDbText
  0
TEXT
  5
B9B
330
17
100
AcDbEntity
  8
texto
100
AcDbText
 10
16.900000000000002
 20
-21.5925
 30
0.0
 40
0.09
  1
1,50
 72
1
 11
16.900000000000002
 21
-21.5925
 31
0.0
100
AcDbText
  0
TEXT
  5
B9C
330
17
100
AcDbEntity
  8
texto
100
AcDbText
 10
17.7
 20
-21.5925
 30
0.0
 40
0.09
  1
1,50
 72
1
 11
17.7
 21
-21.5925
 31
0.0
100
AcDbText
  0
TEXT
  5
B9D
330
17
100
AcDbEntity
  8
texto
100
AcDbText
 10
18.55
 20
-21.5925
 30
0.0
 40
0.09
  1
+4,15
 72
1
 11
18.55
 21
-21.5925
 31
0.0
100
AcDbText
  0
TEXT
  5
B9E
330
17
100
AcDbEntity
  8
texto
100
AcDbText
 10
19.3
 20
-21.5925
 30
0.0
 40
0.09
  1
1
 72
1
 11
19.3
 21
-21.5925
 31
0.0
100
AcDbText
  0
LINE
  5
B9F
330
17
100
AcDbEntity
  8
marco-fino
100
AcDbLine
 10
13.200000000000001
 20
-21.435000000000002
 30
0.0
 11
13.200000000000001
 21
-21.66
 31
0.0
  0
LINE
  5
BA0
330
17
100
AcDbEntity
  8
marco-fino
100
AcDbLine
 10
14.8
 20
-21.435000000000002
 30
0.0
 11
14.8
 21
-21.66
 31
0.0
  0
LINE
  5
BA1
330
17
100
AcDbEntity
  8
marco-fino
100
AcDbLine
 10
16.5
 20
-21.435000000000002
 30
0.0
 11
16.5
 21
-21.66
 31
0.0
  0
LINE
  5
BA2
330
17
100
AcDbEntity
  8
marco-fino
100
AcDbLine
 10
17.3
 20
-21.435000000000002
 30
0.0
 11
17.3
 21
-21.66
 31
0.0
  0
LINE
  5
BA3
330
17
100
AcDbEntity
  8
marco-fino
100
AcDbLine
 10
18.1
 20
-21.435000000000002
 30
0.0
 11
18.1
 21
-21.66
 31
0.0
  0
LINE
  5
BA4
330
17
100
AcDbEntity
  8
marco-fino
100
AcDbLine
 10
19.0
 20
-21.435000000000002
 30
0.0
 11
19.0
 21
-21.66
 31
0.0
  0
LWPOLYLINE
  5
BA5
330
17
100
AcDbEntity
  8
marco-fino
100
AcDbPolyline
 90
4
 70
1
 10
12.5
 20
-21.66
 10
19.6
 20
-21.66
 10
19.6
 20
-21.885
 10
12.5
 20
-21.885
  0
TEXT
  5
BA6
330
17
100
AcDbEntity
  8
texto
100
AcDbText
 10
12.850000000000001
 20
-21.8175
 30
0.0
 40
0.09
  1
V-32
 72
1
 11
12.850000000000001
 21
-21.8175
 31
0.0
100
AcDbText
  0
TEXT
  5
BA7
330
17
100
AcDbEntity
  8
texto
100
AcDbText
 10
14.0
 20
-21.8175
 30
0.0
 40
0.09
  1
Ventana alta
 72
1
 11
14.0
 21
-21.8175
 31
0.0
100
AcDbText
  0
TEXT
  5
BA8
330
17
100
AcDbEntity
  8
texto
100
AcDbText
 10
15.65
 20
-21.8175
 30
0.0
 40
0.09
  1
Fachada norte
 72
1
 11
15.65
 21
-21.8175
 31
0.0
100
AcDbText
  0
TEXT
  5
BA9
330
17
100
AcDbEntity
  8
texto
100
AcDbText
 10
16.900000000000002
 20
-21.8175
 30
0.0
 40
0.09
  1
0,50
 72
1
 11
16.900000000000002
 21
-21.8175
 31
0.0
100
AcDbText
  0
TEXT
  5
BAA
330
17
100
AcDbEntity
  8
texto
100
AcDbText
 10
17.7
 20
-21.8175
 30
0.0
 40
0.09
  1
0,80
 72
1
 11
17.7
 21
-21.8175
 31
0.0
100
AcDbText
  0
TEXT
  5
BAB
330
17
100
AcDbEntity
  8
texto
100
AcDbText
 10
18.55
 20
-21.8175
 30
0.0
 40
0.09
  1
+4,95
 72
1
 11
18.55
 21
-21.8175
 31
0.0
100
AcDbText
  0
TEXT
  5
BAC
330
17
100
AcDbEntity
  8
texto
100
AcDbText
 10
19.3
 20
-21.8175
 30
0.0
 40
0.09
  1
1
 72
1
 11
19.3
 21
-21.8175
 31
0.0
100
AcDbText
  0
LINE
  5
BAD
330
17
100
AcDbEntity
  8
marco-fino
100
AcDbLine
 10
13.200000000000001
 20
-21.66
 30
0.0
 11
13.200000000000001
 21
-21.885
 31
0.0
  0
LINE
  5
BAE
330
17
100
AcDbEntity
  8
marco-fino
100
AcDbLine
 10
14.8
 20
-21.66
 30
0.0
 11
14.8
 21
-21.885
 31
0.0
  0
LINE
  5
BAF
330
17
100
AcDbEntity
  8
marco-fino
100
AcDbLine
 10
16.5
 20
-21.66
 30
0.0
 11
16.5
 21
-21.885
 31
0.0
  0
LINE
  5
BB0
330
17
100
AcDbEntity
  8
marco-fino
100
AcDbLine
 10
17.3
 20
-21.66
 30
0.0
 11
17.3
 21
-21.885
 31
0.0
  0
LINE
  5
BB1
330
17
100
AcDbEntity
  8
marco-fino
100
AcDbLine
 10
18.1
 20
-21.66
 30
0.0
 11
18.1
 21
-21.885
 31
0.0
  0
LINE
  5
BB2
330
17
100
AcDbEntity
  8
marco-fino
100
AcDbLine
 10
19.0
 20
-21.66
 30
0.0
 11
19.0
 21
-21.885
 31
0.0
  0
LWPOLYLINE
  5
BB3
330
17
100
AcDbEntity
  8
marco-fino
100
AcDbPolyline
 90
4
 70
1
 10
12.5
 20
-21.885
 10
19.6
 20
-21.885
 10
19.6
 20
-22.11
 10
12.5
 20
-22.11
  0
TEXT
  5
BB4
330
17
100
AcDbEntity
  8
texto
100
AcDbText
 10
12.850000000000001
 20
-22.0425
 30
0.0
 40
0.09
  1
V-34
 72
1
 11
12.850000000000001
 21
-22.0425
 31
0.0
100
AcDbText
  0
TEXT
  5
BB5
330
17
100
AcDbEntity
  8
texto
100
AcDbText
 10
14.0
 20
-22.0425
 30
0.0
 40
0.09
  1
Ventana alta
 72
1
 11
14.0
 21
-22.0425
 31
0.0
100
AcDbText
  0
TEXT
  5
BB6
330
17
100
AcDbEntity
  8
texto
100
AcDbText
 10
15.65
 20
-22.0425
 30
0.0
 40
0.09
  1
Fachada sur
 72
1
 11
15.65
 21
-22.0425
 31
0.0
100
AcDbText
  0
TEXT
  5
BB7
330
17
100
AcDbEntity
  8
texto
100
AcDbText
 10
16.900000000000002
 20
-22.0425
 30
0.0
 40
0.09
  1
0,50
 72
1
 11
16.900000000000002
 21
-22.0425
 31
0.0
100
AcDbText
  0
TEXT
  5
BB8
330
17
100
AcDbEntity
  8
texto
100
AcDbText
 10
17.7
 20
-22.0425
 30
0.0
 40
0.09
  1
0,80
 72
1
 11
17.7
 21
-22.0425
 31
0.0
100
AcDbText
  0
TEXT
  5
BB9
330
17
100
AcDbEntity
  8
texto
100
AcDbText
 10
18.55
 20
-22.0425
 30
0.0
 40
0.09
  1
+4,95
 72
1
 11
18.55
 21
-22.0425
 31
0.0
100
AcDbText
  0
TEXT
  5
BBA
330
17
100
AcDbEntity
  8
texto
100
AcDbText
 10
19.3
 20
-22.0425
 30
0.0
 40
0.09
  1
1
 72
1
 11
19.3
 21
-22.0425
 31
0.0
100
AcDbText
  0
LINE
  5
BBB
330
17
100
AcDbEntity
  8
marco-fino
100
AcDbLine
 10
13.200000000000001
 20
-21.885
 30
0.0
 11
13.200000000000001
 21
-22.11
 31
0.0
  0
LINE
  5
BBC
330
17
100
AcDbEntity
  8
marco-fino
100
AcDbLine
 10
14.8
 20
-21.885
 30
0.0
 11
14.8
 21
-22.11
 31
0.0
  0
LINE
  5
BBD
330
17
100
AcDbEntity
  8
marco-fino
100
AcDbLine
 10
16.5
 20
-21.885
 30
0.0
 11
16.5
 21
-22.11
 31
0.0
  0
LINE
  5
BBE
330
17
100
AcDbEntity
  8
marco-fino
100
AcDbLine
 10
17.3
 20
-21.885
 30
0.0
 11
17.3
 21
-22.11
 31
0.0
  0
LINE
  5
BBF
330
17
100
AcDbEntity
  8
marco-fino
100
AcDbLine
 10
18.1
 20
-21.885
 30
0.0
 11
18.1
 21
-22.11
 31
0.0
  0
LINE
  5
BC0
330
17
100
AcDbEntity
  8
marco-fino
100
AcDbLine
 10
19.0
 20
-21.885
 30
0.0
 11
19.0
 21
-22.11
 31
0.0
  0
LWPOLYLINE
  5
BC1
330
17
100
AcDbEntity
  8
marco-fino
100
AcDbPolyline
 90
4
 70
1
 10
12.5
 20
-22.11
 10
19.6
 20
-22.11
 10
19.6
 20
-22.335
 10
12.5
 20
-22.335
  0
TEXT
  5
BC2
330
17
100
AcDbEntity
  8
texto
100
AcDbText
 10
12.850000000000001
 20
-22.2675
 30
0.0
 40
0.09
  1
V-42
 72
1
 11
12.850000000000001
 21
-22.2675
 31
0.0
100
AcDbText
  0
TEXT
  5
BC3
330
17
100
AcDbEntity
  8
texto
100
AcDbText
 10
14.0
 20
-22.2675
 30
0.0
 40
0.09
  1
Ventana
 72
1
 11
14.0
 21
-22.2675
 31
0.0
100
AcDbText
  0
TEXT
  5
BC4
330
17
100
AcDbEntity
  8
texto
100
AcDbText
 10
15.65
 20
-22.2675
 30
0.0
 40
0.09
  1
Fachada norte
 72
1
 11
15.65
 21
-22.2675
 31
0.0
100
AcDbText
  0
TEXT
  5
BC5
330
17
100
AcDbEntity
  8
texto
100
AcDbText
 10
16.900000000000002
 20
-22.2675
 30
0.0
 40
0.09
  1
1,20
 72
1
 11
16.900000000000002
 21
-22.2675
 31
0.0
100
AcDbText
  0
TEXT
  5
BC6
330
17
100
AcDbEntity
  8
texto
100
AcDbText
 10
17.7
 20
-22.2675
 30
0.0
 40
0.09
  1
0,85
 72
1
 11
17.7
 21
-22.2675
 31
0.0
100
AcDbText
  0
TEXT
  5
BC7
330
17
100
AcDbEntity
  8
texto
100
AcDbText
 10
18.55
 20
-22.2675
 30
0.0
 40
0.09
  1
+5,00
 72
1
 11
18.55
 21
-22.2675
 31
0.0
100
AcDbText
  0
TEXT
  5
BC8
330
17
100
AcDbEntity
  8
texto
100
AcDbText
 10
19.3
 20
-22.2675
 30
0.0
 40
0.09
  1
1
 72
1
 11
19.3
 21
-22.2675
 31
0.0
100
AcDbText
  0
LINE
  5
BC9
330
17
100
AcDbEntity
  8
marco-fino
100
AcDbLine
 10
13.200000000000001
 20
-22.11
 30
0.0
 11
13.200000000000001
 21
-22.335
 31
0.0
  0
LINE
  5
BCA
330
17
100
AcDbEntity
  8
marco-fino
100
AcDbLine
 10
14.8
 20
-22.11
 30
0.0
 11
14.8
 21
-22.335
 31
0.0
  0
LINE
  5
BCB
330
17
100
AcDbEntity
  8
marco-fino
100
AcDbLine
 10
16.5
 20
-22.11
 30
0.0
 11
16.5
 21
-22.335
 31
0.0
  0
LINE
  5
BCC
330
17
100
AcDbEntity
  8
marco-fino
100
AcDbLine
 10
17.3
 20
-22.11
 30
0.0
 11
17.3
 21
-22.335
 31
0.0
  0
LINE
  5
BCD
330
17
100
AcDbEntity
  8
marco-fino
100
AcDbLine
 10
18.1
 20
-22.11
 30
0.0
 11
18.1
 21
-22.335
 31
0.0
  0
LINE
  5
BCE
330
17
100
AcDbEntity
  8
marco-fino
100
AcDbLine
 10
19.0
 20
-22.11
 30
0.0
 11
19.0
 21
-22.335
 31
0.0
  0
LWPOLYLINE
  5
BCF
330
17
100
AcDbEntity
  8
marco-fino
100
AcDbPolyline
 90
4
 70
1
 10
12.5
 20
-22.335
 10
19.6
 20
-22.335
 10
19.6
 20
-22.560000000000002
 10
12.5
 20
-22.560000000000002
  0
TEXT
  5
BD0
330
17
100
AcDbEntity
  8
texto
100
AcDbText
 10
12.850000000000001
 20
-22.4925
 30
0.0
 40
0.09
  1
V-47
 72
1
 11
12.850000000000001
 21
-22.4925
 31
0.0
100
AcDbText
  0
TEXT
  5
BD1
330
17
100
AcDbEntity
  8
texto
100
AcDbText
 10
14.0
 20
-22.4925
 30
0.0
 40
0.09
  1
Ventanal
 72
1
 11
14.0
 21
-22.4925
 31
0.0
100
AcDbText
  0
TEXT
  5
BD2
330
17
100
AcDbEntity
  8
texto
100
AcDbText
 10
15.65
 20
-22.4925
 30
0.0
 40
0.09
  1
Fachada este
 72
1
 11
15.65
 21
-22.4925
 31
0.0
100
AcDbText
  0
TEXT
  5
BD3
330
17
100
AcDbEntity
  8
texto
100
AcDbText
 10
16.900000000000002
 20
-22.4925
 30
0.0
 40
0.09
  1
2,00
 72
1
 11
16.900000000000002
 21
-22.4925
 31
0.0
100
AcDbText
  0
TEXT
  5
BD4
330
17
100
AcDbEntity
  8
texto
100
AcDbText
 10
17.7
 20
-22.4925
 30
0.0
 40
0.09
  1
1,70
 72
1
 11
17.7
 21
-22.4925
 31
0.0
100
AcDbText
  0
TEXT
  5
BD5
330
17
100
AcDbEntity
  8
texto
100
AcDbText
 10
18.55
 20
-22.4925
 30
0.0
 40
0.09
  1
+4,00
 72
1
 11
18.55
 21
-22.4925
 31
0.0
100
AcDbText
  0
TEXT
  5
BD6
330
17
100
AcDbEntity
  8
texto
100
AcDbText
 10
19.3
 20
-22.4925
 30
0.0
 40
0.09
  1
1
 72
1
 11
19.3
 21
-22.4925
 31
0.0
100
AcDbText
  0
LINE
  5
BD7
330
17
100
AcDbEntity
  8
marco-fino
100
AcDbLine
 10
13.200000000000001
 20
-22.335
 30
0.0
 11
13.200000000000001
 21
-22.560000000000002
 31
0.0
  0
LINE
  5
BD8
330
17
100
AcDbEntity
  8
marco-fino
100
AcDbLine
 10
14.8
 20
-22.335
 30
0.0
 11
14.8
 21
-22.560000000000002
 31
0.0
  0
LINE
  5
BD9
330
17
100
AcDbEntity
  8
marco-fino
100
AcDbLine
 10
16.5
 20
-22.335
 30
0.0
 11
16.5
 21
-22.560000000000002
 31
0.0
  0
LINE
  5
BDA
330
17
100
AcDbEntity
  8
marco-fino
100
AcDbLine
 10
17.3
 20
-22.335
 30
0.0
 11
17.3
 21
-22.560000000000002
 31
0.0
  0
LINE
  5
BDB
330
17
100
AcDbEntity
  8
marco-fino
100
AcDbLine
 10
18.1
 20
-22.335
 30
0.0
 11
18.1
 21
-22.560000000000002
 31
0.0
  0
LINE
  5
BDC
330
17
100
AcDbEntity
  8
marco-fino
100
AcDbLine
 10
19.0
 20
-22.335
 30
0.0
 11
19.0
 21
-22.560000000000002
 31
0.0
  0
LWPOLYLINE
  5
BDD
330
17
100
AcDbEntity
  8
marco-fino
100
AcDbPolyline
 90
4
 70
1
 10
12.5
 20
-22.560000000000002
 10
19.6
 20
-22.560000000000002
 10
19.6
 20
-22.785
 10
12.5
 20
-22.785
  0
TEXT
  5
BDE
330
17
100
AcDbEntity
  8
texto
100
AcDbText
 10
12.850000000000001
 20
-22.7175
 30
0.0
 40
0.09
  1
V-48
 72
1
 11
12.850000000000001
 21
-22.7175
 31
0.0
100
AcDbText
  0
TEXT
  5
BDF
330
17
100
AcDbEntity
  8
texto
100
AcDbText
 10
14.0
 20
-22.7175
 30
0.0
 40
0.09
  1
Ventana
 72
1
 11
14.0
 21
-22.7175
 31
0.0
100
AcDbText
  0
TEXT
  5
BE0
330
17
100
AcDbEntity
  8
texto
100
AcDbText
 10
15.65
 20
-22.7175
 30
0.0
 40
0.09
  1
Fachada este
 72
1
 11
15.65
 21
-22.7175
 31
0.0
100
AcDbText
  0
TEXT
  5
BE1
330
17
100
AcDbEntity
  8
texto
100
AcDbText
 10
16.900000000000002
 20
-22.7175
 30
0.0
 40
0.09
  1
0,90
 72
1
 11
16.900000000000002
 21
-22.7175
 31
0.0
100
AcDbText
  0
TEXT
  5
BE2
330
17
100
AcDbEntity
  8
texto
100
AcDbText
 10
17.7
 20
-22.7175
 30
0.0
 40
0.09
  1
1,00
 72
1
 11
17.7
 21
-22.7175
 31
0.0
100
AcDbText
  0
TEXT
  5
BE3
330
17
100
AcDbEntity
  8
texto
100
AcDbText
 10
18.55
 20
-22.7175
 30
0.0
 40
0.09
  1
+4,75
 72
1
 11
18.55
 21
-22.7175
 31
0.0
100
AcDbText
  0
TEXT
  5
BE4
330
17
100
AcDbEntity
  8
texto
100
AcDbText
 10
19.3
 20
-22.7175
 30
0.0
 40
0.09
  1
1
 72
1
 11
19.3
 21
-22.7175
 31
0.0
100
AcDbText
  0
LINE
  5
BE5
330
17
100
AcDbEntity
  8
marco-fino
100
AcDbLine
 10
13.200000000000001
 20
-22.560000000000002
 30
0.0
 11
13.200000000000001
 21
-22.785
 31
0.0
  0
LINE
  5
BE6
330
17
100
AcDbEntity
  8
marco-fino
100
AcDbLine
 10
14.8
 20
-22.560000000000002
 30
0.0
 11
14.8
 21
-22.785
 31
0.0
  0
LINE
  5
BE7
330
17
100
AcDbEntity
  8
marco-fino
100
AcDbLine
 10
16.5
 20
-22.560000000000002
 30
0.0
 11
16.5
 21
-22.785
 31
0.0
  0
LINE
  5
BE8
330
17
100
AcDbEntity
  8
marco-fino
100
AcDbLine
 10
17.3
 20
-22.560000000000002
 30
0.0
 11
17.3
 21
-22.785
 31
0.0
  0
LINE
  5
BE9
330
17
100
AcDbEntity
  8
marco-fino
100
AcDbLine
 10
18.1
 20
-22.560000000000002
 30
0.0
 11
18.1
 21
-22.785
 31
0.0
  0
LINE
  5
BEA
330
17
100
AcDbEntity
  8
marco-fino
100
AcDbLine
 10
19.0
 20
-22.560000000000002
 30
0.0
 11
19.0
 21
-22.785
 31
0.0
  0
LWPOLYLINE
  5
BEB
330
17
100
AcDbEntity
  8
marco-fino
100
AcDbPolyline
 90
4
 70
1
 10
12.5
 20
-22.785
 10
19.6
 20
-22.785
 10
19.6
 20
-23.01
 10
12.5
 20
-23.01
  0
TEXT
  5
BEC
330
17
100
AcDbEntity
  8
texto
100
AcDbText
 10
12.850000000000001
 20
-22.9425
 30
0.0
 40
0.09
  1
V-49
 72
1
 11
12.850000000000001
 21
-22.9425
 31
0.0
100
AcDbText
  0
TEXT
  5
BED
330
17
100
AcDbEntity
  8
texto
100
AcDbText
 10
14.0
 20
-22.9425
 30
0.0
 40
0.09
  1
Ventana 2 hojas
 72
1
 11
14.0
 21
-22.9425
 31
0.0
100
AcDbText
  0
TEXT
  5
BEE
330
17
100
AcDbEntity
  8
texto
100
AcDbText
 10
15.65
 20
-22.9425
 30
0.0
 40
0.09
  1
Fachada oeste
 72
1
 11
15.65
 21
-22.9425
 31
0.0
100
AcDbText
  0
TEXT
  5
BEF
330
17
100
AcDbEntity
  8
texto
100
AcDbText
 10
16.900000000000002
 20
-22.9425
 30
0.0
 40
0.09
  1
1,20
 72
1
 11
16.900000000000002
 21
-22.9425
 31
0.0
100
AcDbText
  0
TEXT
  5
BF0
330
17
100
AcDbEntity
  8
texto
100
AcDbText
 10
17.7
 20
-22.9425
 30
0.0
 40
0.09
  1
1,40
 72
1
 11
17.7
 21
-22.9425
 31
0.0
100
AcDbText
  0
TEXT
  5
BF1
330
17
100
AcDbEntity
  8
texto
100
AcDbText
 10
18.55
 20
-22.9425
 30
0.0
 40
0.09
  1
+4,15
 72
1
 11
18.55
 21
-22.9425
 31
0.0
100
AcDbText
  0
TEXT
  5
BF2
330
17
100
AcDbEntity
  8
texto
100
AcDbText
 10
19.3
 20
-22.9425
 30
0.0
 40
0.09
  1
1
 72
1
 11
19.3
 21
-22.9425
 31
0.0
100
AcDbText
  0
LINE
  5
BF3
330
17
100
AcDbEntity
  8
marco-fino
100
AcDbLine
 10
13.200000000000001
 20
-22.785
 30
0.0
 11
13.200000000000001
 21
-23.01
 31
0.0
  0
LINE
  5
BF4
330
17
100
AcDbEntity
  8
marco-fino
100
AcDbLine
 10
14.8
 20
-22.785
 30
0.0
 11
14.8
 21
-23.01
 31
0.0
  0
LINE
  5
BF5
330
17
100
AcDbEntity
  8
marco-fino
100
AcDbLine
 10
16.5
 20
-22.785
 30
0.0
 11
16.5
 21
-23.01
 31
0.0
  0
LINE
  5
BF6
330
17
100
AcDbEntity
  8
marco-fino
100
AcDbLine
 10
17.3
 20
-22.785
 30
0.0
 11
17.3
 21
-23.01
 31
0.0
  0
LINE
  5
BF7
330
17
100
AcDbEntity
  8
marco-fino
100
AcDbLine
 10
18.1
 20
-22.785
 30
0.0
 11
18.1
 21
-23.01
 31
0.0
  0
LINE
  5
BF8
330
17
100
AcDbEntity
  8
marco-fino
100
AcDbLine
 10
19.0
 20
-22.785
 30
0.0
 11
19.0
 21
-23.01
 31
0.0
  0
LWPOLYLINE
  5
BF9
330
17
100
AcDbEntity
  8
marco-fino
100
AcDbPolyline
 90
4
 70
1
 10
12.5
 20
-23.01
 10
19.6
 20
-23.01
 10
19.6
 20
-23.235
 10
12.5
 20
-23.235
  0
TEXT
  5
BFA
330
17
100
AcDbEntity
  8
texto
100
AcDbText
 10
12.850000000000001
 20
-23.1675
 30
0.0
 40
0.09
  1
V-50
 72
1
 11
12.850000000000001
 21
-23.1675
 31
0.0
100
AcDbText
  0
TEXT
  5
BFB
330
17
100
AcDbEntity
  8
texto
100
AcDbText
 10
14.0
 20
-23.1675
 30
0.0
 40
0.09
  1
Ventana 2 hojas
 72
1
 11
14.0
 21
-23.1675
 31
0.0
100
AcDbText
  0
TEXT
  5
BFC
330
17
100
AcDbEntity
  8
texto
100
AcDbText
 10
15.65
 20
-23.1675
 30
0.0
 40
0.09
  1
Fachada oeste
 72
1
 11
15.65
 21
-23.1675
 31
0.0
100
AcDbText
  0
TEXT
  5
BFD
330
17
100
AcDbEntity
  8
texto
100
AcDbText
 10
16.900000000000002
 20
-23.1675
 30
0.0
 40
0.09
  1
1,20
 72
1
 11
16.900000000000002
 21
-23.1675
 31
0.0
100
AcDbText
  0
TEXT
  5
BFE
330
17
100
AcDbEntity
  8
texto
100
AcDbText
 10
17.7
 20
-23.1675
 30
0.0
 40
0.09
  1
1,40
 72
1
 11
17.7
 21
-23.1675
 31
0.0
100
AcDbText
  0
TEXT
  5
BFF
330
17
100
AcDbEntity
  8
texto
100
AcDbText
 10
18.55
 20
-23.1675
 30
0.0
 40
0.09
  1
+4,15
 72
1
 11
18.55
 21
-23.1675
 31
0.0
100
AcDbText
  0
TEXT
  5
C00
330
17
100
AcDbEntity
  8
texto
100
AcDbText
 10
19.3
 20
-23.1675
 30
0.0
 40
0.09
  1
1
 72
1
 11
19.3
 21
-23.1675
 31
0.0
100
AcDbText
  0
LINE
  5
C01
330
17
100
AcDbEntity
  8
marco-fino
100
AcDbLine
 10
13.200000000000001
 20
-23.01
 30
0.0
 11
13.200000000000001
 21
-23.235
 31
0.0
  0
LINE
  5
C02
330
17
100
AcDbEntity
  8
marco-fino
100
AcDbLine
 10
14.8
 20
-23.01
 30
0.0
 11
14.8
 21
-23.235
 31
0.0
  0
LINE
  5
C03
330
17
100
AcDbEntity
  8
marco-fino
100
AcDbLine
 10
16.5
 20
-23.01
 30
0.0
 11
16.5
 21
-23.235
 31
0.0
  0
LINE
  5
C04
330
17
100
AcDbEntity
  8
marco-fino
100
AcDbLine
 10
17.3
 20
-23.01
 30
0.0
 11
17.3
 21
-23.235
 31
0.0
  0
LINE
  5
C05
330
17
100
AcDbEntity
  8
marco-fino
100
AcDbLine
 10
18.1
 20
-23.01
 30
0.0
 11
18.1
 21
-23.235
 31
0.0
  0
LINE
  5
C06
330
17
100
AcDbEntity
  8
marco-fino
100
AcDbLine
 10
19.0
 20
-23.01
 30
0.0
 11
19.0
 21
-23.235
 31
0.0
  0
LWPOLYLINE
  5
C07
330
17
100
AcDbEntity
  8
marco-fino
100
AcDbPolyline
 90
4
 70
1
 10
21.0
 20
-17.0
 10
30.400000000000002
 20
-17.0
 10
30.400000000000002
 20
-17.26
 10
21.0
 20
-17.26
  0
LWPOLYLINE
  5
C08
330
17
100
AcDbEntity
  8
sombra
100
AcDbPolyline
 90
4
 70
1
 10
21.0
 20
-17.0
 10
30.400000000000002
 20
-17.0
 10
30.400000000000002
 20
-17.26
 10
21.0
 20
-17.26
  0
LINE
  5
C09
330
17
100
AcDbEntity
  8
hatch
100
AcDbLine
 10
30.25857864376269
 20
-17.259999999999998
 30
0.0
 11
30.4
 21
-17.118578643762685
 31
0.0
  0
LINE
  5
C0A
330
17
100
AcDbEntity
  8
hatch
100
AcDbLine
 10
30.117157287525377
 20
-17.259999999999998
 30
0.0
 11
30.377157287525378
 21
-17.0
 31
0.0
  0
LINE
  5
C0B
330
17
100
AcDbEntity
  8
hatch
100
AcDbLine
 10
29.975735931288074
 20
-17.259999999999998
 30
0.0
 11
30.235735931288076
 21
-16.999999999999996
 31
0.0
  0
LINE
  5
C0C
330
17
100
AcDbEntity
  8
hatch
100
AcDbLine
 10
29.834314575050765
 20
-17.259999999999998
 30
0.0
 11
30.094314575050767
 21
-17.0
 31
0.0
  0
LINE
  5
C0D
330
17
100
AcDbEntity
  8
hatch
100
AcDbLine
 10
29.692893218813452
 20
-17.259999999999998
 30
0.0
 11
29.95289321881345
 21
-16.999999999999996
 31
0.0
  0
LINE
  5
C0E
330
17
100
AcDbEntity
  8
hatch
100
AcDbLine
 10
29.55147186257614
 20
-17.259999999999998
 30
0.0
 11
29.81147186257614
 21
-16.999999999999996
 31
0.0
  0
LINE
  5
C0F
330
17
100
AcDbEntity
  8
hatch
100
AcDbLine
 10
29.41005050633883
 20
-17.259999999999998
 30
0.0
 11
29.67005050633883
 21
-17.0
 31
0.0
  0
LINE
  5
C10
330
17
100
AcDbEntity
  8
hatch
100
AcDbLine
 10
29.26862915010153
 20
-17.259999999999998
 30
0.0
 11
29.52862915010153
 21
-17.0
 31
0.0
  0
LINE
  5
C11
330
17
100
AcDbEntity
  8
hatch
100
AcDbLine
 10
29.127207793864216
 20
-17.259999999999998
 30
0.0
 11
29.387207793864214
 21
-16.999999999999996
 31
0.0
  0
LINE
  5
C12
330
17
100
AcDbEntity
  8
hatch
100
AcDbLine
 10
28.985786437626906
 20
-17.259999999999998
 30
0.0
 11
29.245786437626904
 21
-17.0
 31
0.0
  0
LINE
  5
C13
330
17
100
AcDbEntity
  8
hatch
100
AcDbLine
 10
28.844365081389594
 20
-17.259999999999998
 30
0.0
 11
29.104365081389595
 21
-17.0
 31
0.0
  0
LINE
  5
C14
330
17
100
AcDbEntity
  8
hatch
100
AcDbLine
 10
28.70294372515228
 20
-17.26
 30
0.0
 11
28.962943725152282
 21
-17.0
 31
0.0
  0
LINE
  5
C15
330
17
100
AcDbEntity
  8
hatch
100
AcDbLine
 10
28.561522368914982
 20
-17.259999999999998
 30
0.0
 11
28.82152236891498
 21
-17.0
 31
0.0
  0
LINE
  5
C16
330
17
100
AcDbEntity
  8
hatch
100
AcDbLine
 10
28.42010101267767
 20
-17.259999999999998
 30
0.0
 11
28.680101012677667
 21
-16.999999999999996
 31
0.0
  0
LINE
  5
C17
330
17
100
AcDbEntity
  8
hatch
100
AcDbLine
 10
28.278679656440357
 20
-17.259999999999998
 30
0.0
 11
28.538679656440358
 21
-17.0
 31
0.0
  0
LINE
  5
C18
330
17
100
AcDbEntity
  8
hatch
100
AcDbLine
 10
28.137258300203044
 20
-17.26
 30
0.0
 11
28.397258300203045
 21
-17.0
 31
0.0
  0
LINE
  5
C19
330
17
100
AcDbEntity
  8
hatch
100
AcDbLine
 10
27.99583694396573
 20
-17.259999999999998
 30
0.0
 11
28.255836943965733
 21
-16.999999999999996
 31
0.0
  0
LINE
  5
C1A
330
17
100
AcDbEntity
  8
hatch
100
AcDbLine
 10
27.85441558772843
 20
-17.259999999999998
 30
0.0
 11
28.114415587728427
 21
-17.0
 31
0.0
  0
LINE
  5
C1B
330
17
100
AcDbEntity
  8
hatch
100
AcDbLine
 10
27.71299423149112
 20
-17.259999999999998
 30
0.0
 11
27.97299423149112
 21
-16.999999999999996
 31
0.0
  0
LINE
  5
C1C
330
17
100
AcDbEntity
  8
hatch
100
AcDbLine
 10
27.57157287525381
 20
-17.259999999999998
 30
0.0
 11
27.831572875253812
 21
-17.0
 31
0.0
  0
LINE
  5
C1D
330
17
100
AcDbEntity
  8
hatch
100
AcDbLine
 10
27.430151519016494
 20
-17.259999999999998
 30
0.0
 11
27.690151519016496
 21
-16.999999999999996
 31
0.0
  0
LINE
  5
C1E
330
17
100
AcDbEntity
  8
hatch
100
AcDbLine
 10
27.288730162779192
 20
-17.259999999999998
 30
0.0
 11
27.548730162779194
 21
-17.0
 31
0.0
  0
LINE
  5
C1F
330
17
100
AcDbEntity
  8
hatch
100
AcDbLine
 10
27.14730880654188
 20
-17.259999999999998
 30
0.0
 11
27.40730880654188
 21
-16.999999999999996
 31
0.0
  0
LINE
  5
C20
330
17
100
AcDbEntity
  8
hatch
100
AcDbLine
 10
27.005887450304574
 20
-17.259999999999998
 30
0.0
 11
27.265887450304575
 21
-17.0
 31
0.0
  0
LINE
  5
C21
330
17
100
AcDbEntity
  8
hatch
100
AcDbLine
 10
26.86446609406726
 20
-17.26
 30
0.0
 11
27.124466094067262
 21
-17.0
 31
0.0
  0
LINE
  5
C22
330
17
100
AcDbEntity
  8
hatch
100
AcDbLine
 10
26.723044737829948
 20
-17.259999999999998
 30
0.0
 11
26.98304473782995
 21
-17.0
 31
0.0
  0
LINE
  5
C23
330
17
100
AcDbEntity
  8
hatch
100
AcDbLine
 10
26.581623381592642
 20
-17.26
 30
0.0
 11
26.841623381592644
 21
-17.0
 31
0.0
  0
LINE
  5
C24
330
17
100
AcDbEntity
  8
hatch
100
AcDbLine
 10
26.44020202535533
 20
-17.259999999999998
 30
0.0
 11
26.70020202535533
 21
-16.999999999999996
 31
0.0
  0
LINE
  5
C25
330
17
100
AcDbEntity
  8
hatch
100
AcDbLine
 10
26.298780669118024
 20
-17.259999999999998
 30
0.0
 11
26.558780669118025
 21
-17.0
 31
0.0
  0
LINE
  5
C26
330
17
100
AcDbEntity
  8
hatch
100
AcDbLine
 10
26.15735931288071
 20
-17.259999999999998
 30
0.0
 11
26.417359312880713
 21
-16.999999999999996
 31
0.0
  0
LINE
  5
C27
330
17
100
AcDbEntity
  8
hatch
100
AcDbLine
 10
26.015937956643402
 20
-17.259999999999998
 30
0.0
 11
26.275937956643403
 21
-17.0
 31
0.0
  0
LINE
  5
C28
330
17
100
AcDbEntity
  8
hatch
100
AcDbLine
 10
25.874516600406093
 20
-17.259999999999998
 30
0.0
 11
26.134516600406094
 21
-16.999999999999996
 31
0.0
  0
LINE
  5
C29
330
17
100
AcDbEntity
  8
hatch
100
AcDbLine
 10
25.733095244168783
 20
-17.259999999999998
 30
0.0
 11
25.993095244168785
 21
-17.0
 31
0.0
  0
LINE
  5
C2A
330
17
100
AcDbEntity
  8
hatch
100
AcDbLine
 10
25.591673887931478
 20
-17.259999999999998
 30
0.0
 11
25.85167388793148
 21
-16.999999999999996
 31
0.0
  0
LINE
  5
C2B
330
17
100
AcDbEntity
  8
hatch
100
AcDbLine
 10
25.450252531694165
 20
-17.259999999999998
 30
0.0
 11
25.710252531694167
 21
-17.0
 31
0.0
  0
LINE
  5
C2C
330
17
100
AcDbEntity
  8
hatch
100
AcDbLine
 10
25.308831175456852
 20
-17.26
 30
0.0
 11
25.568831175456854
 21
-17.0
 31
0.0
  0
LINE
  5
C2D
330
17
100
AcDbEntity
  8
hatch
100
AcDbLine
 10
25.167409819219547
 20
-17.259999999999998
 30
0.0
 11
25.427409819219548
 21
-17.0
 31
0.0
  0
LINE
  5
C2E
330
17
100
AcDbEntity
  8
hatch
100
AcDbLine
 10
25.025988462982234
 20
-17.26
 30
0.0
 11
25.285988462982235
 21
-17.0
 31
0.0
  0
LINE
  5
C2F
330
17
100
AcDbEntity
  8
hatch
100
AcDbLine
 10
24.884567106744928
 20
-17.259999999999998
 30
0.0
 11
25.14456710674493
 21
-17.0
 31
0.0
  0
LINE
  5
C30
330
17
100
AcDbEntity
  8
hatch
100
AcDbLine
 10
24.74314575050762
 20
-17.259999999999998
 30
0.0
 11
25.003145750507617
 21
-17.0
 31
0.0
  0
LINE
  5
C31
330
17
100
AcDbEntity
  8
hatch
100
AcDbLine
 10
24.601724394270306
 20
-17.26
 30
0.0
 11
24.861724394270308
 21
-17.0
 31
0.0
  0
LINE
  5
C32
330
17
100
AcDbEntity
  8
hatch
100
AcDbLine
 10
24.460303038033
 20
-17.26
 30
0.0
 11
24.720303038033
 21
-17.0
 31
0.0
  0
LINE
  5
C33
330
17
100
AcDbEntity
  8
hatch
100
AcDbLine
 10
24.318881681795688
 20
-17.26
 30
0.0
 11
24.57888168179569
 21
-17.0
 31
0.0
  0
LINE
  5
C34
330
17
100
AcDbEntity
  8
hatch
100
AcDbLine
 10
24.177460325558382
 20
-17.259999999999998
 30
0.0
 11
24.43746032555838
 21
-17.0
 31
0.0
  0
LINE
  5
C35
330
17
100
AcDbEntity
  8
hatch
100
AcDbLine
 10
24.03603896932107
 20
-17.26
 30
0.0
 11
24.29603896932107
 21
-17.0
 31
0.0
  0
LINE
  5
C36
330
17
100
AcDbEntity
  8
hatch
100
AcDbLine
 10
23.89461761308376
 20
-17.259999999999998
 30
0.0
 11
24.15461761308376
 21
-17.0
 31
0.0
  0
LINE
  5
C37
330
17
100
AcDbEntity
  8
hatch
100
AcDbLine
 10
23.75319625684645
 20
-17.26
 30
0.0
 11
24.013196256846452
 21
-17.0
 31
0.0
  0
LINE
  5
C38
330
17
100
AcDbEntity
  8
hatch
100
AcDbLine
 10
23.61177490060914
 20
-17.259999999999998
 30
0.0
 11
23.871774900609143
 21
-16.999999999999996
 31
0.0
  0
LINE
  5
C39
330
17
100
AcDbEntity
  8
hatch
100
AcDbLine
 10
23.470353544371832
 20
-17.26
 30
0.0
 11
23.730353544371834
 21
-17.0
 31
0.0
  0
LINE
  5
C3A
330
17
100
AcDbEntity
  8
hatch
100
AcDbLine
 10
23.328932188134523
 20
-17.26
 30
0.0
 11
23.588932188134525
 21
-17.0
 31
0.0
  0
LINE
  5
C3B
330
17
100
AcDbEntity
  8
hatch
100
AcDbLine
 10
23.18751083189721
 20
-17.259999999999998
 30
0.0
 11
23.447510831897212
 21
-17.0
 31
0.0
  0
LINE
  5
C3C
330
17
100
AcDbEntity
  8
hatch
100
AcDbLine
 10
23.046089475659905
 20
-17.26
 30
0.0
 11
23.306089475659906
 21
-17.0
 31
0.0
  0
LINE
  5
C3D
330
17
100
AcDbEntity
  8
hatch
100
AcDbLine
 10
22.904668119422592
 20
-17.259999999999998
 30
0.0
 11
23.164668119422593
 21
-17.0
 31
0.0
  0
LINE
  5
C3E
330
17
100
AcDbEntity
  8
hatch
100
AcDbLine
 10
22.763246763185286
 20
-17.26
 30
0.0
 11
23.023246763185288
 21
-17.0
 31
0.0
  0
LINE
  5
C3F
330
17
100
AcDbEntity
  8
hatch
100
AcDbLine
 10
22.621825406947973
 20
-17.259999999999998
 30
0.0
 11
22.881825406947975
 21
-17.0
 31
0.0
  0
LINE
  5
C40
330
17
100
AcDbEntity
  8
hatch
100
AcDbLine
 10
22.48040405071066
 20
-17.26
 30
0.0
 11
22.740404050710662
 21
-17.0
 31
0.0
  0
LINE
  5
C41
330
17
100
AcDbEntity
  8
hatch
100
AcDbLine
 10
22.33898269447336
 20
-17.259999999999998
 30
0.0
 11
22.598982694473357
 21
-17.0
 31
0.0
  0
LINE
  5
C42
330
17
100
AcDbEntity
  8
hatch
100
AcDbLine
 10
22.197561338236042
 20
-17.26
 30
0.0
 11
22.457561338236044
 21
-17.0
 31
0.0
  0
LINE
  5
C43
330
17
100
AcDbEntity
  8
hatch
100
AcDbLine
 10
22.05613998199874
 20
-17.259999999999998
 30
0.0
 11
22.316139981998738
 21
-17.0
 31
0.0
  0
LINE
  5
C44
330
17
100
AcDbEntity
  8
hatch
100
AcDbLine
 10
21.914718625761424
 20
-17.26
 30
0.0
 11
22.174718625761425
 21
-17.0
 31
0.0
  0
LINE
  5
C45
330
17
100
AcDbEntity
  8
hatch
100
AcDbLine
 10
21.773297269524114
 20
-17.26
 30
0.0
 11
22.033297269524116
 21
-17.0
 31
0.0
  0
LINE
  5
C46
330
17
100
AcDbEntity
  8
hatch
100
AcDbLine
 10
21.63187591328681
 20
-17.259999999999998
 30
0.0
 11
21.891875913286807
 21
-17.0
 31
0.0
  0
LINE
  5
C47
330
17
100
AcDbEntity
  8
hatch
100
AcDbLine
 10
21.490454557049496
 20
-17.26
 30
0.0
 11
21.750454557049498
 21
-17.0
 31
0.0
  0
LINE
  5
C48
330
17
100
AcDbEntity
  8
hatch
100
AcDbLine
 10
21.349033200812187
 20
-17.26
 30
0.0
 11
21.60903320081219
 21
-17.0
 31
0.0
  0
LINE
  5
C49
330
17
100
AcDbEntity
  8
hatch
100
AcDbLine
 10
21.207611844574878
 20
-17.26
 30
0.0
 11
21.46761184457488
 21
-17.0
 31
0.0
  0
LINE
  5
C4A
330
17
100
AcDbEntity
  8
hatch
100
AcDbLine
 10
21.06619048833757
 20
-17.26
 30
0.0
 11
21.326190488337566
 21
-17.000000000000004
 31
0.0
  0
LINE
  5
C4B
330
17
100
AcDbEntity
  8
hatch
100
AcDbLine
 10
21.0
 20
-17.18476913210026
 30
0.0
 11
21.18476913210026
 21
-17.0
 31
0.0
  0
LINE
  5
C4C
330
17
100
AcDbEntity
  8
hatch
100
AcDbLine
 10
21.0
 20
-17.04334777586295
 30
0.0
 11
21.04334777586295
 21
-17.0
 31
0.0
  0
LWPOLYLINE
  5
C4D
330
17
100
AcDbEntity
  8
marco-fino
100
AcDbPolyline
 90
4
 70
1
 10
21.0
 20
-17.0
 10
30.400000000000002
 20
-17.0
 10
30.400000000000002
 20
-17.26
 10
21.0
 20
-17.26
  0
TEXT
  5
C4E
330
17
100
AcDbEntity
  8
texto
100
AcDbText
 10
21.900000000000002
 20
-17.175
 30
0.0
 40
0.0875
  1
Nivel
 72
1
 11
21.900000000000002
 21
-17.175
 31
0.0
100
AcDbText
  0
TEXT
  5
C4F
330
17
100
AcDbEntity
  8
texto
100
AcDbText
 10
23.3
 20
-17.175
 30
0.0
 40
0.0875
  1
Cota
 72
1
 11
23.3
 21
-17.175
 31
0.0
100
AcDbText
  0
TEXT
  5
C50
330
17
100
AcDbEntity
  8
texto
100
AcDbText
 10
24.35
 20
-17.175
 30
0.0
 40
0.0875
  1
Alt. libre
 72
1
 11
24.35
 21
-17.175
 31
0.0
100
AcDbText
  0
TEXT
  5
C51
330
17
100
AcDbEntity
  8
texto
100
AcDbText
 10
26.400000000000002
 20
-17.175
 30
0.0
 40
0.0875
  1
Destino
 72
1
 11
26.400000000000002
 21
-17.175
 31
0.0
100
AcDbText
  0
TEXT
  5
C52
330
17
100
AcDbEntity
  8
texto
100
AcDbText
 10
29.150000000000002
 20
-17.175
 30
0.0
 40
0.0875
  1
Estructura
 72
1
 11
29.150000000000002
 21
-17.175
 31
0.0
100
AcDbText
  0
LINE
  5
C53
330
17
100
AcDbEntity
  8
marco-fino
100
AcDbLine
 10
22.8
 20
-17.0
 30
0.0
 11
22.8
 21
-17.26
 31
0.0
  0
LINE
  5
C54
330
17
100
AcDbEntity
  8
marco-fino
100
AcDbLine
 10
23.8
 20
-17.0
 30
0.0
 11
23.8
 21
-17.26
 31
0.0
  0
LINE
  5
C55
330
17
100
AcDbEntity
  8
marco-fino
100
AcDbLine
 10
24.900000000000002
 20
-17.0
 30
0.0
 11
24.900000000000002
 21
-17.26
 31
0.0
  0
LINE
  5
C56
330
17
100
AcDbEntity
  8
marco-fino
100
AcDbLine
 10
27.900000000000002
 20
-17.0
 30
0.0
 11
27.900000000000002
 21
-17.26
 31
0.0
  0
LWPOLYLINE
  5
C57
330
17
100
AcDbEntity
  8
marco-fino
100
AcDbPolyline
 90
4
 70
1
 10
21.0
 20
-17.26
 10
30.400000000000002
 20
-17.26
 10
30.400000000000002
 20
-17.475
 10
21.0
 20
-17.475
  0
TEXT
  5
C58
330
17
100
AcDbEntity
  8
texto
100
AcDbText
 10
21.900000000000002
 20
-17.412499999999998
 30
0.0
 40
0.0875
  1
Terreno natural
 72
1
 11
21.900000000000002
 21
-17.412499999999998
 31
0.0
100
AcDbText
  0
TEXT
  5
C59
330
17
100
AcDbEntity
  8
texto
100
AcDbText
 10
23.3
 20
-17.412499999999998
 30
0.0
 40
0.0875
  1
-0,45
 72
1
 11
23.3
 21
-17.412499999999998
 31
0.0
100
AcDbText
  0
TEXT
  5
C5A
330
17
100
AcDbEntity
  8
texto
100
AcDbText
 10
24.35
 20
-17.412499999999998
 30
0.0
 40
0.0875
  1
—
 72
1
 11
24.35
 21
-17.412499999999998
 31
0.0
100
AcDbText
  0
TEXT
  5
C5B
330
17
100
AcDbEntity
  8
texto
100
AcDbText
 10
26.400000000000002
 20
-17.412499999999998
 30
0.0
 40
0.0875
  1
Exterior
 72
1
 11
26.400000000000002
 21
-17.412499999999998
 31
0.0
100
AcDbText
  0
TEXT
  5
C5C
330
17
100
AcDbEntity
  8
texto
100
AcDbText
 10
29.150000000000002
 20
-17.412499999999998
 30
0.0
 40
0.0875
  1
—
 72
1
 11
29.150000000000002
 21
-17.412499999999998
 31
0.0
100
AcDbText
  0
LINE
  5
C5D
330
17
100
AcDbEntity
  8
marco-fino
100
AcDbLine
 10
22.8
 20
-17.26
 30
0.0
 11
22.8
 21
-17.475
 31
0.0
  0
LINE
  5
C5E
330
17
100
AcDbEntity
  8
marco-fino
100
AcDbLine
 10
23.8
 20
-17.26
 30
0.0
 11
23.8
 21
-17.475
 31
0.0
  0
LINE
  5
C5F
330
17
100
AcDbEntity
  8
marco-fino
100
AcDbLine
 10
24.900000000000002
 20
-17.26
 30
0.0
 11
24.900000000000002
 21
-17.475
 31
0.0
  0
LINE
  5
C60
330
17
100
AcDbEntity
  8
marco-fino
100
AcDbLine
 10
27.900000000000002
 20
-17.26
 30
0.0
 11
27.900000000000002
 21
-17.475
 31
0.0
  0
LWPOLYLINE
  5
C61
330
17
100
AcDbEntity
  8
marco-fino
100
AcDbPolyline
 90
4
 70
1
 10
21.0
 20
-17.475
 10
30.400000000000002
 20
-17.475
 10
30.400000000000002
 20
-17.69
 10
21.0
 20
-17.69
  0
TEXT
  5
C62
330
17
100
AcDbEntity
  8
texto
100
AcDbText
 10
21.900000000000002
 20
-17.627499999999998
 30
0.0
 40
0.0875
  1
Fondo de cimiento
 72
1
 11
21.900000000000002
 21
-17.627499999999998
 31
0.0
100
AcDbText
  0
TEXT
  5
C63
330
17
100
AcDbEntity
  8
texto
100
AcDbText
 10
23.3
 20
-17.627499999999998
 30
0.0
 40
0.0875
  1
-1,05
 72
1
 11
23.3
 21
-17.627499999999998
 31
0.0
100
AcDbText
  0
TEXT
  5
C64
330
17
100
AcDbEntity
  8
texto
100
AcDbText
 10
24.35
 20
-17.627499999999998
 30
0.0
 40
0.0875
  1
—
 72
1
 11
24.35
 21
-17.627499999999998
 31
0.0
100
AcDbText
  0
TEXT
  5
C65
330
17
100
AcDbEntity
  8
texto
100
AcDbText
 10
26.400000000000002
 20
-17.627499999999998
 30
0.0
 40
0.0875
  1
Cimiento corrido 0,70 × 0,25
 72
1
 11
26.400000000000002
 21
-17.627499999999998
 31
0.0
100
AcDbText
  0
TEXT
  5
C66
330
17
100
AcDbEntity
  8
texto
100
AcDbText
 10
29.150000000000002
 20
-17.627499999999998
 30
0.0
 40
0.0875
  1
Concreto 1:8 + 25 % P.M.
 72
1
 11
29.150000000000002
 21
-17.627499999999998
 31
0.0
100
AcDbText
  0
LINE
  5
C67
330
17
100
AcDbEntity
  8
marco-fino
100
AcDbLine
 10
22.8
 20
-17.475
 30
0.0
 11
22.8
 21
-17.69
 31
0.0
  0
LINE
  5
C68
330
17
100
AcDbEntity
  8
marco-fino
100
AcDbLine
 10
23.8
 20
-17.475
 30
0.0
 11
23.8
 21
-17.69
 31
0.0
  0
LINE
  5
C69
330
17
100
AcDbEntity
  8
marco-fino
100
AcDbLine
 10
24.900000000000002
 20
-17.475
 30
0.0
 11
24.900000000000002
 21
-17.69
 31
0.0
  0
LINE
  5
C6A
330
17
100
AcDbEntity
  8
marco-fino
100
AcDbLine
 10
27.900000000000002
 20
-17.475
 30
0.0
 11
27.900000000000002
 21
-17.69
 31
0.0
  0
LWPOLYLINE
  5
C6B
330
17
100
AcDbEntity
  8
marco-fino
100
AcDbPolyline
 90
4
 70
1
 10
21.0
 20
-17.69
 10
30.400000000000002
 20
-17.69
 10
30.400000000000002
 20
-17.905
 10
21.0
 20
-17.905
  0
TEXT
  5
C6C
330
17
100
AcDbEntity
  8
texto
100
AcDbText
 10
21.900000000000002
 20
-17.842499999999998
 30
0.0
 40
0.0875
  1
N.P.T. planta baja
 72
1
 11
21.900000000000002
 21
-17.842499999999998
 31
0.0
100
AcDbText
  0
TEXT
  5
C6D
330
17
100
AcDbEntity
  8
texto
100
AcDbText
 10
23.3
 20
-17.842499999999998
 30
0.0
 40
0.0875
  1
±0,00
 72
1
 11
23.3
 21
-17.842499999999998
 31
0.0
100
AcDbText
  0
TEXT
  5
C6E
330
17
100
AcDbEntity
  8
texto
100
AcDbText
 10
24.35
 20
-17.842499999999998
 30
0.0
 40
0.0875
  1
2,90 m
 72
1
 11
24.35
 21
-17.842499999999998
 31
0.0
100
AcDbText
  0
TEXT
  5
C6F
330
17
100
AcDbEntity
  8
texto
100
AcDbText
 10
26.400000000000002
 20
-17.842499999999998
 30
0.0
 40
0.0875
  1
Dormitorios · SS.HH. · escalera
 72
1
 11
26.400000000000002
 21
-17.842499999999998
 31
0.0
100
AcDbText
  0
TEXT
  5
C70
330
17
100
AcDbEntity
  8
texto
100
AcDbText
 10
29.150000000000002
 20
-17.842499999999998
 30
0.0
 40
0.0875
  1
Losa aligerada h=0,30 m
 72
1
 11
29.150000000000002
 21
-17.842499999999998
 31
0.0
100
AcDbText
  0
LINE
  5
C71
330
17
100
AcDbEntity
  8
marco-fino
100
AcDbLine
 10
22.8
 20
-17.69
 30
0.0
 11
22.8
 21
-17.905
 31
0.0
  0
LINE
  5
C72
330
17
100
AcDbEntity
  8
marco-fino
100
AcDbLine
 10
23.8
 20
-17.69
 30
0.0
 11
23.8
 21
-17.905
 31
0.0
  0
LINE
  5
C73
330
17
100
AcDbEntity
  8
marco-fino
100
AcDbLine
 10
24.900000000000002
 20
-17.69
 30
0.0
 11
24.900000000000002
 21
-17.905
 31
0.0
  0
LINE
  5
C74
330
17
100
AcDbEntity
  8
marco-fino
100
AcDbLine
 10
27.900000000000002
 20
-17.69
 30
0.0
 11
27.900000000000002
 21
-17.905
 31
0.0
  0
LWPOLYLINE
  5
C75
330
17
100
AcDbEntity
  8
marco-fino
100
AcDbPolyline
 90
4
 70
1
 10
21.0
 20
-17.905
 10
30.400000000000002
 20
-17.905
 10
30.400000000000002
 20
-18.12
 10
21.0
 20
-18.12
  0
TEXT
  5
C76
330
17
100
AcDbEntity
  8
texto
100
AcDbText
 10
21.900000000000002
 20
-18.0575
 30
0.0
 40
0.0875
  1
N.P.T. planta alta
 72
1
 11
21.900000000000002
 21
-18.0575
 31
0.0
100
AcDbText
  0
TEXT
  5
C77
330
17
100
AcDbEntity
  8
texto
100
AcDbText
 10
23.3
 20
-18.0575
 30
0.0
 40
0.0875
  1
+3,25
 72
1
 11
23.3
 21
-18.0575
 31
0.0
100
AcDbText
  0
TEXT
  5
C78
330
17
100
AcDbEntity
  8
texto
100
AcDbText
 10
24.35
 20
-18.0575
 30
0.0
 40
0.0875
  1
2,60 m
 72
1
 11
24.35
 21
-18.0575
 31
0.0
100
AcDbText
  0
TEXT
  5
C79
330
17
100
AcDbEntity
  8
texto
100
AcDbText
 10
26.400000000000002
 20
-18.0575
 30
0.0
 40
0.0875
  1
Dormitorios · estudio
 72
1
 11
26.400000000000002
 21
-18.0575
 31
0.0
100
AcDbText
  0
TEXT
  5
C7A
330
17
100
AcDbEntity
  8
texto
100
AcDbText
 10
29.150000000000002
 20
-18.0575
 30
0.0
 40
0.0875
  1
Losa aligerada h=0,30 m
 72
1
 11
29.150000000000002
 21
-18.0575
 31
0.0
100
AcDbText
  0
LINE
  5
C7B
330
17
100
AcDbEntity
  8
marco-fino
100
AcDbLine
 10
22.8
 20
-17.905
 30
0.0
 11
22.8
 21
-18.12
 31
0.0
  0
LINE
  5
C7C
330
17
100
AcDbEntity
  8
marco-fino
100
AcDbLine
 10
23.8
 20
-17.905
 30
0.0
 11
23.8
 21
-18.12
 31
0.0
  0
LINE
  5
C7D
330
17
100
AcDbEntity
  8
marco-fino
100
AcDbLine
 10
24.900000000000002
 20
-17.905
 30
0.0
 11
24.900000000000002
 21
-18.12
 31
0.0
  0
LINE
  5
C7E
330
17
100
AcDbEntity
  8
marco-fino
100
AcDbLine
 10
27.900000000000002
 20
-17.905
 30
0.0
 11
27.900000000000002
 21
-18.12
 31
0.0
  0
LWPOLYLINE
  5
C7F
330
17
100
AcDbEntity
  8
marco-fino
100
AcDbPolyline
 90
4
 70
1
 10
21.0
 20
-18.12
 10
30.400000000000002
 20
-18.12
 10
30.400000000000002
 20
-18.335000000000004
 10
21.0
 20
-18.335000000000004
  0
TEXT
  5
C80
330
17
100
AcDbEntity
  8
texto
100
AcDbText
 10
21.900000000000002
 20
-18.2725
 30
0.0
 40
0.0875
  1
N.P.T. azotea
 72
1
 11
21.900000000000002
 21
-18.2725
 31
0.0
100
AcDbText
  0
TEXT
  5
C81
330
17
100
AcDbEntity
  8
texto
100
AcDbText
 10
23.3
 20
-18.2725
 30
0.0
 40
0.0875
  1
+6,20
 72
1
 11
23.3
 21
-18.2725
 31
0.0
100
AcDbText
  0
TEXT
  5
C82
330
17
100
AcDbEntity
  8
texto
100
AcDbText
 10
24.35
 20
-18.2725
 30
0.0
 40
0.0875
  1
—
 72
1
 11
24.35
 21
-18.2725
 31
0.0
100
AcDbText
  0
TEXT
  5
C83
330
17
100
AcDbEntity
  8
texto
100
AcDbText
 10
26.400000000000002
 20
-18.2725
 30
0.0
 40
0.0875
  1
Cubierta inaccesible
 72
1
 11
26.400000000000002
 21
-18.2725
 31
0.0
100
AcDbText
  0
TEXT
  5
C84
330
17
100
AcDbEntity
  8
texto
100
AcDbText
 10
29.150000000000002
 20
-18.2725
 30
0.0
 40
0.0875
  1
Pendiente 2 %
 72
1
 11
29.150000000000002
 21
-18.2725
 31
0.0
100
AcDbText
  0
LINE
  5
C85
330
17
100
AcDbEntity
  8
marco-fino
100
AcDbLine
 10
22.8
 20
-18.12
 30
0.0
 11
22.8
 21
-18.335000000000004
 31
0.0
  0
LINE
  5
C86
330
17
100
AcDbEntity
  8
marco-fino
100
AcDbLine
 10
23.8
 20
-18.12
 30
0.0
 11
23.8
 21
-18.335000000000004
 31
0.0
  0
LINE
  5
C87
330
17
100
AcDbEntity
  8
marco-fino
100
AcDbLine
 10
24.900000000000002
 20
-18.12
 30
0.0
 11
24.900000000000002
 21
-18.335000000000004
 31
0.0
  0
LINE
  5
C88
330
17
100
AcDbEntity
  8
marco-fino
100
AcDbLine
 10
27.900000000000002
 20
-18.12
 30
0.0
 11
27.900000000000002
 21
-18.335000000000004
 31
0.0
  0
LWPOLYLINE
  5
C89
330
17
100
AcDbEntity
  8
marco-fino
100
AcDbPolyline
 90
4
 70
1
 10
21.0
 20
-18.335000000000004
 10
30.400000000000002
 20
-18.335000000000004
 10
30.400000000000002
 20
-18.550000000000004
 10
21.0
 20
-18.550000000000004
  0
TEXT
  5
C8A
330
17
100
AcDbEntity
  8
texto
100
AcDbText
 10
21.900000000000002
 20
-18.4875
 30
0.0
 40
0.0875
  1
Remate de parapeto
 72
1
 11
21.900000000000002
 21
-18.4875
 31
0.0
100
AcDbText
  0
TEXT
  5
C8B
330
17
100
AcDbEntity
  8
texto
100
AcDbText
 10
23.3
 20
-18.4875
 30
0.0
 40
0.0875
  1
+7,15
 72
1
 11
23.3
 21
-18.4875
 31
0.0
100
AcDbText
  0
TEXT
  5
C8C
330
17
100
AcDbEntity
  8
texto
100
AcDbText
 10
24.35
 20
-18.4875
 30
0.0
 40
0.0875
  1
0,95 m
 72
1
 11
24.35
 21
-18.4875
 31
0.0
100
AcDbText
  0
TEXT
  5
C8D
330
17
100
AcDbEntity
  8
texto
100
AcDbText
 10
26.400000000000002
 20
-18.4875
 30
0.0
 40
0.0875
  1
Parapeto perimetral
 72
1
 11
26.400000000000002
 21
-18.4875
 31
0.0
100
AcDbText
  0
TEXT
  5
C8E
330
17
100
AcDbEntity
  8
texto
100
AcDbText
 10
29.150000000000002
 20
-18.4875
 30
0.0
 40
0.0875
  1
Albardilla de concreto
 72
1
 11
29.150000000000002
 21
-18.4875
 31
0.0
100
AcDbText
  0
LINE
  5
C8F
330
17
100
AcDbEntity
  8
marco-fino
100
AcDbLine
 10
22.8
 20
-18.335000000000004
 30
0.0
 11
22.8
 21
-18.550000000000004
 31
0.0
  0
LINE
  5
C90
330
17
100
AcDbEntity
  8
marco-fino
100
AcDbLine
 10
23.8
 20
-18.335000000000004
 30
0.0
 11
23.8
 21
-18.550000000000004
 31
0.0
  0
LINE
  5
C91
330
17
100
AcDbEntity
  8
marco-fino
100
AcDbLine
 10
24.900000000000002
 20
-18.335000000000004
 30
0.0
 11
24.900000000000002
 21
-18.550000000000004
 31
0.0
  0
LINE
  5
C92
330
17
100
AcDbEntity
  8
marco-fino
100
AcDbLine
 10
27.900000000000002
 20
-18.335000000000004
 30
0.0
 11
27.900000000000002
 21
-18.550000000000004
 31
0.0
  0
TEXT
  5
C93
330
17
100
AcDbEntity
  8
texto
100
AcDbText
 10
21.0
 20
-19.25
 30
0.0
 40
0.12
  1
AMOBLAMIENTO TIPO — DORMITORIO DOBLE (11,36 m²)
100
AcDbText
  0
LINE
  5
C94
330
17
100
AcDbEntity
  8
marco-medio
100
AcDbLine
 10
21.0
 20
-19.36
 30
0.0
 11
29.8
 21
-19.36
 31
0.0
  0
TEXT
  5
C95
330
17
100
AcDbEntity
  8
texto
100
AcDbText
 10
21.0
 20
-19.55
 30
0.0
 40
0.0925
  1
• 2 camas de 1,00 × 2,00 m, 2 escritorios de 1,20 × 0,60 m y 1 ropero.
100
AcDbText
  0
TEXT
  5
C96
330
17
100
AcDbEntity
  8
texto
100
AcDbText
 10
21.0
 20
-19.715000000000003
 30
0.0
 40
0.0925
  1
• SS.HH. por nivel: 3 inodoros, 3 lavabos, 2 duchas y 1 urinario.
100
AcDbText
  0
TEXT
  5
C97
330
17
100
AcDbEntity
  8
texto
100
AcDbText
 10
21.0
 20
-19.880000000000003
 30
0.0
 40
0.0925
  1
• Aforo: 16 camas por nivel · 32 camas en total.
100
AcDbText
  0
TEXT
  5
C98
330
17
100
AcDbEntity
  8
texto
100
AcDbText
 10
21.0
 20
-21.25
 30
0.0
 40
0.12
  1
NOTAS
100
AcDbText
  0
LINE
  5
C99
330
17
100
AcDbEntity
  8
marco-medio
100
AcDbLine
 10
21.0
 20
-21.36
 30
0.0
 11
31.0
 21
-21.36
 31
0.0
  0
TEXT
  5
C9A
330
17
100
AcDbEntity
  8
texto
100
AcDbText
 10
21.0
 20
-21.55
 30
0.0
 40
0.0925
  1
• Pasillo central de 1,70 m libre (ancho mínimo de circulación).
100
AcDbText
  0
TEXT
  5
C9B
330
17
100
AcDbEntity
  8
texto
100
AcDbText
 10
21.0
 20
-21.715000000000003
 30
0.0
 40
0.0925
  1
• Puertas de dormitorio 0,90 m y de SS.HH. 0,80 m.
100
AcDbText
  0
TEXT
  5
C9C
330
17
100
AcDbEntity
  8
texto
100
AcDbText
 10
21.0
 20
-21.880000000000003
 30
0.0
 40
0.0925
  1
• Dormitorios con ventilación cruzada (fachadas opuestas).
100
AcDbText
  0
CIRCLE
  5
C9D
330
17
100
AcDbEntity
  8
marco-medio
100
AcDbCircle
 10
39.6
 20
-23.1
 30
0.0
 40
0.65
  0
LWPOLYLINE
  5
C9E
330
17
100
AcDbEntity
  8
marco-medio
100
AcDbPolyline
 90
3
 70
1
 10
39.6
 20
-22.593000000000004
 10
39.431000000000004
 20
-23.295
 10
39.6
 20
-23.165000000000003
  0
LINE
  5
C9F
330
17
100
AcDbEntity
  8
hatch
100
AcDbLine
 10
39.46347506417281
 20
-23.16010357958988
 30
0.0
 11
39.6
 21
-23.02357864376269
 31
0.0
  0
LINE
  5
CA0
330
17
100
AcDbEntity
  8
hatch
100
AcDbLine
 10
39.50831598200415
 20
-22.973841305521226
 30
0.0
 11
39.6
 21
-22.88215728752538
 31
0.0
  0
LINE
  5
CA1
330
17
100
AcDbEntity
  8
hatch
100
AcDbLine
 10
39.55315689983549
 20
-22.787579031452587
 30
0.0
 11
39.6
 21
-22.74073593128808
 31
0.0
  0
LINE
  5
CA2
330
17
100
AcDbEntity
  8
hatch
100
AcDbLine
 10
39.59799781766684
 20
-22.601316757383934
 30
0.0
 11
39.6
 21
-22.59931457505077
 31
0.0
  0
LWPOLYLINE
  5
CA3
330
17
100
AcDbEntity
  8
marco-medio
100
AcDbPolyline
 90
3
 70
1
 10
39.6
 20
-22.593000000000004
 10
39.769000000000005
 20
-23.295
 10
39.6
 20
-23.165000000000003
  0
LINE
  5
CA4
330
17
100
AcDbEntity
  8
marco-fino
100
AcDbLine
 10
39.6
 20
-22.2875
 30
0.0
 11
39.6
 21
-23.4575
 31
0.0
  0
TEXT
  5
CA5
330
17
100
AcDbEntity
  8
texto
100
AcDbText
 10
39.6
 20
-22.0925
 30
0.0
 40
0.17
  1
N
 72
1
 11
39.6
 21
-22.0925
 31
0.0
100
AcDbText
  0
LWPOLYLINE
  5
CA6
330
17
100
AcDbEntity
  8
marco-medio
100
AcDbPolyline
 90
4
 70
1
 10
32.0
 20
-24.0
 10
33.0
 20
-24.0
 10
33.0
 20
-24.150000000000002
 10
32.0
 20
-24.150000000000002
  0
LINE
  5
CA7
330
17
100
AcDbEntity
  8
hatch
100
AcDbLine
 10
32.858578643762684
 20
-24.150000000000002
 30
0.0
 11
33.0
 21
-24.008578643762686
 31
0.0
  0
LINE
  5
CA8
330
17
100
AcDbEntity
  8
hatch
100
AcDbLine
 10
32.71715728752537
 20
-24.15
 30
0.0
 11
32.86715728752537
 21
-24.0
 31
0.0
  0
LINE
  5
CA9
330
17
100
AcDbEntity
  8
hatch
100
AcDbLine
 10
32.575735931288065
 20
-24.150000000000002
 30
0.0
 11
32.72573593128807
 21
-24.0
 31
0.0
  0
LINE
  5
CAA
330
17
100
AcDbEntity
  8
hatch
100
AcDbLine
 10
32.434314575050756
 20
-24.150000000000002
 30
0.0
 11
32.58431457505076
 21
-24.0
 31
0.0
  0
LINE
  5
CAB
330
17
100
AcDbEntity
  8
hatch
100
AcDbLine
 10
32.29289321881345
 20
-24.150000000000006
 30
0.0
 11
32.44289321881345
 21
-24.0
 31
0.0
  0
LINE
  5
CAC
330
17
100
AcDbEntity
  8
hatch
100
AcDbLine
 10
32.15147186257613
 20
-24.150000000000006
 30
0.0
 11
32.301471862576136
 21
-24.0
 31
0.0
  0
LINE
  5
CAD
330
17
100
AcDbEntity
  8
hatch
100
AcDbLine
 10
32.01005050633882
 20
-24.150000000000006
 30
0.0
 11
32.16005050633883
 21
-24.0
 31
0.0
  0
LINE
  5
CAE
330
17
100
AcDbEntity
  8
hatch
100
AcDbLine
 10
32.0
 20
-24.01862915010152
 30
0.0
 11
32.018629150101525
 21
-24.0
 31
0.0
  0
LWPOLYLINE
  5
CAF
330
17
100
AcDbEntity
  8
marco-medio
100
AcDbPolyline
 90
4
 70
1
 10
32.0
 20
-24.0
 10
33.0
 20
-24.0
 10
33.0
 20
-24.150000000000002
 10
32.0
 20
-24.150000000000002
  0
LWPOLYLINE
  5
CB0
330
17
100
AcDbEntity
  8
sombra
100
AcDbPolyline
 90
4
 70
1
 10
33.0
 20
-24.0
 10
34.0
 20
-24.0
 10
34.0
 20
-24.150000000000002
 10
33.0
 20
-24.150000000000002
  0
LINE
  5
CB1
330
17
100
AcDbEntity
  8
hatch
100
AcDbLine
 10
33.85857864376269
 20
-24.150000000000002
 30
0.0
 11
34.00000000000001
 21
-24.00857864376269
 31
0.0
  0
LINE
  5
CB2
330
17
100
AcDbEntity
  8
hatch
100
AcDbLine
 10
33.717157287525374
 20
-24.150000000000002
 30
0.0
 11
33.86715728752537
 21
-24.000000000000004
 31
0.0
  0
LINE
  5
CB3
330
17
100
AcDbEntity
  8
hatch
100
AcDbLine
 10
33.57573593128808
 20
-24.150000000000002
 30
0.0
 11
33.72573593128808
 21
-24.000000000000004
 31
0.0
  0
LINE
  5
CB4
330
17
100
AcDbEntity
  8
hatch
100
AcDbLine
 10
33.43431457505076
 20
-24.15
 30
0.0
 11
33.58431457505077
 21
-24.0
 31
0.0
  0
LINE
  5
CB5
330
17
100
AcDbEntity
  8
hatch
100
AcDbLine
 10
33.292893218813454
 20
-24.15
 30
0.0
 11
33.44289321881345
 21
-24.0
 31
0.0
  0
LINE
  5
CB6
330
17
100
AcDbEntity
  8
hatch
100
AcDbLine
 10
33.151471862576145
 20
-24.150000000000002
 30
0.0
 11
33.30147186257614
 21
-24.0
 31
0.0
  0
LINE
  5
CB7
330
17
100
AcDbEntity
  8
hatch
100
AcDbLine
 10
33.010050506338835
 20
-24.15
 30
0.0
 11
33.160050506338834
 21
-24.0
 31
0.0
  0
LINE
  5
CB8
330
17
100
AcDbEntity
  8
hatch
100
AcDbLine
 10
33.0
 20
-24.018629150101532
 30
0.0
 11
33.01862915010153
 21
-24.0
 31
0.0
  0
LWPOLYLINE
  5
CB9
330
17
100
AcDbEntity
  8
marco-medio
100
AcDbPolyline
 90
4
 70
1
 10
33.0
 20
-24.0
 10
34.0
 20
-24.0
 10
34.0
 20
-24.150000000000002
 10
33.0
 20
-24.150000000000002
  0
LWPOLYLINE
  5
CBA
330
17
100
AcDbEntity
  8
marco-medio
100
AcDbPolyline
 90
4
 70
1
 10
34.0
 20
-24.0
 10
35.0
 20
-24.0
 10
35.0
 20
-24.150000000000002
 10
34.0
 20
-24.150000000000002
  0
LINE
  5
CBB
330
17
100
AcDbEntity
  8
hatch
100
AcDbLine
 10
34.858578643762684
 20
-24.150000000000006
 30
0.0
 11
34.99999999999999
 21
-24.008578643762696
 31
0.0
  0
LINE
  5
CBC
330
17
100
AcDbEntity
  8
hatch
100
AcDbLine
 10
34.717157287525374
 20
-24.150000000000002
 30
0.0
 11
34.86715728752538
 21
-23.999999999999996
 31
0.0
  0
LINE
  5
CBD
330
17
100
AcDbEntity
  8
hatch
100
AcDbLine
 10
34.57573593128807
 20
-24.150000000000002
 30
0.0
 11
34.72573593128808
 21
-23.999999999999996
 31
0.0
  0
LINE
  5
CBE
330
17
100
AcDbEntity
  8
hatch
100
AcDbLine
 10
34.43431457505076
 20
-24.150000000000002
 30
0.0
 11
34.58431457505077
 21
-24.0
 31
0.0
  0
LINE
  5
CBF
330
17
100
AcDbEntity
  8
hatch
100
AcDbLine
 10
34.29289321881345
 20
-24.150000000000002
 30
0.0
 11
34.44289321881345
 21
-24.0
 31
0.0
  0
LINE
  5
CC0
330
17
100
AcDbEntity
  8
hatch
100
AcDbLine
 10
34.15147186257614
 20
-24.150000000000002
 30
0.0
 11
34.30147186257614
 21
-24.0
 31
0.0
  0
LINE
  5
CC1
330
17
100
AcDbEntity
  8
hatch
100
AcDbLine
 10
34.01005050633883
 20
-24.150000000000002
 30
0.0
 11
34.16005050633883
 21
-24.0
 31
0.0
  0
LINE
  5
CC2
330
17
100
AcDbEntity
  8
hatch
100
AcDbLine
 10
34.0
 20
-24.018629150101525
 30
0.0
 11
34.018629150101525
 21
-24.0
 31
0.0
  0
LWPOLYLINE
  5
CC3
330
17
100
AcDbEntity
  8
marco-medio
100
AcDbPolyline
 90
4
 70
1
 10
34.0
 20
-24.0
 10
35.0
 20
-24.0
 10
35.0
 20
-24.150000000000002
 10
34.0
 20
-24.150000000000002
  0
LWPOLYLINE
  5
CC4
330
17
100
AcDbEntity
  8
sombra
100
AcDbPolyline
 90
4
 70
1
 10
35.0
 20
-24.0
 10
36.0
 20
-24.0
 10
36.0
 20
-24.150000000000002
 10
35.0
 20
-24.150000000000002
  0
LINE
  5
CC5
330
17
100
AcDbEntity
  8
hatch
100
AcDbLine
 10
35.85857864376269
 20
-24.15
 30
0.0
 11
36.0
 21
-24.008578643762686
 31
0.0
  0
LINE
  5
CC6
330
17
100
AcDbEntity
  8
hatch
100
AcDbLine
 10
35.717157287525374
 20
-24.150000000000002
 30
0.0
 11
35.86715728752538
 21
-24.0
 31
0.0
  0
LINE
  5
CC7
330
17
100
AcDbEntity
  8
hatch
100
AcDbLine
 10
35.57573593128807
 20
-24.150000000000002
 30
0.0
 11
35.72573593128808
 21
-24.0
 31
0.0
  0
LINE
  5
CC8
330
17
100
AcDbEntity
  8
hatch
100
AcDbLine
 10
35.43431457505076
 20
-24.150000000000002
 30
0.0
 11
35.58431457505076
 21
-24.0
 31
0.0
  0
LINE
  5
CC9
330
17
100
AcDbEntity
  8
hatch
100
AcDbLine
 10
35.29289321881345
 20
-24.15
 30
0.0
 11
35.44289321881345
 21
-23.999999999999996
 31
0.0
  0
LINE
  5
CCA
330
17
100
AcDbEntity
  8
hatch
100
AcDbLine
 10
35.15147186257614
 20
-24.150000000000002
 30
0.0
 11
35.30147186257614
 21
-24.0
 31
0.0
  0
LINE
  5
CCB
330
17
100
AcDbEntity
  8
hatch
100
AcDbLine
 10
35.01005050633883
 20
-24.150000000000002
 30
0.0
 11
35.160050506338834
 21
-24.0
 31
0.0
  0
LINE
  5
CCC
330
17
100
AcDbEntity
  8
hatch
100
AcDbLine
 10
35.0
 20
-24.018629150101532
 30
0.0
 11
35.01862915010153
 21
-24.0
 31
0.0
  0
LWPOLYLINE
  5
CCD
330
17
100
AcDbEntity
  8
marco-medio
100
AcDbPolyline
 90
4
 70
1
 10
35.0
 20
-24.0
 10
36.0
 20
-24.0
 10
36.0
 20
-24.150000000000002
 10
35.0
 20
-24.150000000000002
  0
LWPOLYLINE
  5
CCE
330
17
100
AcDbEntity
  8
marco-medio
100
AcDbPolyline
 90
4
 70
1
 10
36.0
 20
-24.0
 10
37.0
 20
-24.0
 10
37.0
 20
-24.150000000000002
 10
36.0
 20
-24.150000000000002
  0
LINE
  5
CCF
330
17
100
AcDbEntity
  8
hatch
100
AcDbLine
 10
36.85857864376269
 20
-24.150000000000006
 30
0.0
 11
37.0
 21
-24.008578643762696
 31
0.0
  0
LINE
  5
CD0
330
17
100
AcDbEntity
  8
hatch
100
AcDbLine
 10
36.71715728752538
 20
-24.150000000000002
 30
0.0
 11
36.86715728752539
 21
-24.0
 31
0.0
  0
LINE
  5
CD1
330
17
100
AcDbEntity
  8
hatch
100
AcDbLine
 10
36.57573593128808
 20
-24.150000000000002
 30
0.0
 11
36.725735931288085
 21
-24.0
 31
0.0
  0
LINE
  5
CD2
330
17
100
AcDbEntity
  8
hatch
100
AcDbLine
 10
36.43431457505077
 20
-24.150000000000002
 30
0.0
 11
36.58431457505077
 21
-24.0
 31
0.0
  0
LINE
  5
CD3
330
17
100
AcDbEntity
  8
hatch
100
AcDbLine
 10
36.29289321881346
 20
-24.150000000000002
 30
0.0
 11
36.44289321881346
 21
-24.0
 31
0.0
  0
LINE
  5
CD4
330
17
100
AcDbEntity
  8
hatch
100
AcDbLine
 10
36.151471862576145
 20
-24.15
 30
0.0
 11
36.30147186257615
 21
-24.0
 31
0.0
  0
LINE
  5
CD5
330
17
100
AcDbEntity
  8
hatch
100
AcDbLine
 10
36.010050506338835
 20
-24.15
 30
0.0
 11
36.16005050633884
 21
-24.0
 31
0.0
  0
LINE
  5
CD6
330
17
100
AcDbEntity
  8
hatch
100
AcDbLine
 10
36.0
 20
-24.018629150101532
 30
0.0
 11
36.01862915010154
 21
-24.0
 31
0.0
  0
LWPOLYLINE
  5
CD7
330
17
100
AcDbEntity
  8
marco-medio
100
AcDbPolyline
 90
4
 70
1
 10
36.0
 20
-24.0
 10
37.0
 20
-24.0
 10
37.0
 20
-24.150000000000002
 10
36.0
 20
-24.150000000000002
  0
TEXT
  5
CD8
330
17
100
AcDbEntity
  8
texto
100
AcDbText
 10
31.925
 20
-24.12
 30
0.0
 40
0.1
  1
0
 72
2
100
AcDbText
  0
TEXT
  5
CD9
330
17
100
AcDbEntity
  8
texto
100
AcDbText
 10
37.075
 20
-24.12
 30
0.0
 40
0.1
  1
5 m
100
AcDbText
  0
LWPOLYLINE
  5
CDA
330
17
100
AcDbEntity
  8
sombra
100
AcDbPolyline
 90
4
 70
1
 10
31.950000000000003
 20
-26.0
 10
41.45
 20
-26.0
 10
41.45
 20
-29.1
 10
31.950000000000003
 20
-29.1
  0
LINE
  5
CDB
330
17
100
AcDbEntity
  8
hatch
100
AcDbLine
 10
41.30857864376269
 20
-29.1
 30
0.0
 11
41.45
 21
-28.95857864376269
 31
0.0
  0
LINE
  5
CDC
330
17
100
AcDbEntity
  8
hatch
100
AcDbLine
 10
41.16715728752538
 20
-29.099999999999998
 30
0.0
 11
41.449999999999996
 21
-28.817157287525376
 31
0.0
  0
LINE
  5
CDD
330
17
100
AcDbEntity
  8
hatch
100
AcDbLine
 10
41.025735931288075
 20
-29.099999999999998
 30
0.0
 11
41.449999999999996
 21
-28.675735931288074
 31
0.0
  0
LINE
  5
CDE
330
17
100
AcDbEntity
  8
hatch
100
AcDbLine
 10
40.884314575050766
 20
-29.1
 30
0.0
 11
41.45
 21
-28.534314575050765
 31
0.0
  0
LINE
  5
CDF
330
17
100
AcDbEntity
  8
hatch
100
AcDbLine
 10
40.74289321881345
 20
-29.099999999999998
 30
0.0
 11
41.45
 21
-28.39289321881345
 31
0.0
  0
LINE
  5
CE0
330
17
100
AcDbEntity
  8
hatch
100
AcDbLine
 10
40.60147186257614
 20
-29.099999999999998
 30
0.0
 11
41.45
 21
-28.251471862576135
 31
0.0
  0
LINE
  5
CE1
330
17
100
AcDbEntity
  8
hatch
100
AcDbLine
 10
40.46005050633883
 20
-29.1
 30
0.0
 11
41.45
 21
-28.11005050633883
 31
0.0
  0
LINE
  5
CE2
330
17
100
AcDbEntity
  8
hatch
100
AcDbLine
 10
40.31862915010153
 20
-29.1
 30
0.0
 11
41.45
 21
-27.968629150101528
 31
0.0
  0
LINE
  5
CE3
330
17
100
AcDbEntity
  8
hatch
100
AcDbLine
 10
40.17720779386421
 20
-29.099999999999998
 30
0.0
 11
41.45
 21
-27.82720779386421
 31
0.0
  0
LINE
  5
CE4
330
17
100
AcDbEntity
  8
hatch
100
AcDbLine
 10
40.03578643762691
 20
-29.099999999999994
 30
0.0
 11
41.45000000000001
 21
-27.6857864376269
 31
0.0
  0
LINE
  5
CE5
330
17
100
AcDbEntity
  8
hatch
100
AcDbLine
 10
39.894365081389594
 20
-29.1
 30
0.0
 11
41.45
 21
-27.544365081389593
 31
0.0
  0
LINE
  5
CE6
330
17
100
AcDbEntity
  8
hatch
100
AcDbLine
 10
39.75294372515228
 20
-29.1
 30
0.0
 11
41.45
 21
-27.402943725152276
 31
0.0
  0
LINE
  5
CE7
330
17
100
AcDbEntity
  8
hatch
100
AcDbLine
 10
39.611522368914976
 20
-29.099999999999998
 30
0.0
 11
41.45
 21
-27.261522368914974
 31
0.0
  0
LINE
  5
CE8
330
17
100
AcDbEntity
  8
hatch
100
AcDbLine
 10
39.470101012677674
 20
-29.099999999999994
 30
0.0
 11
41.45
 21
-27.12010101267766
 31
0.0
  0
LINE
  5
CE9
330
17
100
AcDbEntity
  8
hatch
100
AcDbLine
 10
39.32867965644036
 20
-29.1
 30
0.0
 11
41.45
 21
-26.978679656440356
 31
0.0
  0
LINE
  5
CEA
330
17
100
AcDbEntity
  8
hatch
100
AcDbLine
 10
39.18725830020304
 20
-29.099999999999998
 30
0.0
 11
41.45
 21
-26.83725830020304
 31
0.0
  0
LINE
  5
CEB
330
17
100
AcDbEntity
  8
hatch
100
AcDbLine
 10
39.04583694396574
 20
-29.099999999999994
 30
0.0
 11
41.45000000000001
 21
-26.695836943965727
 31
0.0
  0
LINE
  5
CEC
330
17
100
AcDbEntity
  8
hatch
100
AcDbLine
 10
38.90441558772844
 20
-29.099999999999994
 30
0.0
 11
41.45000000000001
 21
-26.554415587728425
 31
0.0
  0
LINE
  5
CED
330
17
100
AcDbEntity
  8
hatch
100
AcDbLine
 10
38.76299423149112
 20
-29.1
 30
0.0
 11
41.45
 21
-26.41299423149112
 31
0.0
  0
LINE
  5
CEE
330
17
100
AcDbEntity
  8
hatch
100
AcDbLine
 10
38.621572875253804
 20
-29.099999999999998
 30
0.0
 11
41.45
 21
-26.271572875253803
 31
0.0
  0
LINE
  5
CEF
330
17
100
AcDbEntity
  8
hatch
100
AcDbLine
 10
38.4801515190165
 20
-29.099999999999994
 30
0.0
 11
41.45000000000001
 21
-26.13015151901649
 31
0.0
  0
LINE
  5
CF0
330
17
100
AcDbEntity
  8
hatch
100
AcDbLine
 10
38.338730162779186
 20
-29.1
 30
0.0
 11
41.43873016277918
 21
-26.000000000000007
 31
0.0
  0
LINE
  5
CF1
330
17
100
AcDbEntity
  8
hatch
100
AcDbLine
 10
38.19730880654188
 20
-29.1
 30
0.0
 11
41.29730880654188
 21
-26.000000000000007
 31
0.0
  0
LINE
  5
CF2
330
17
100
AcDbEntity
  8
hatch
100
AcDbLine
 10
38.05588745030457
 20
-29.099999999999998
 30
0.0
 11
41.15588745030457
 21
-26.000000000000004
 31
0.0
  0
LINE
  5
CF3
330
17
100
AcDbEntity
  8
hatch
100
AcDbLine
 10
37.914466094067265
 20
-29.099999999999994
 30
0.0
 11
41.01446609406726
 21
-26.0
 31
0.0
  0
LINE
  5
CF4
330
17
100
AcDbEntity
  8
hatch
100
AcDbLine
 10
37.77304473782995
 20
-29.1
 30
0.0
 11
40.87304473782994
 21
-26.000000000000007
 31
0.0
  0
LINE
  5
CF5
330
17
100
AcDbEntity
  8
hatch
100
AcDbLine
 10
37.63162338159263
 20
-29.099999999999998
 30
0.0
 11
40.731623381592634
 21
-26.000000000000004
 31
0.0
  0
LINE
  5
CF6
330
17
100
AcDbEntity
  8
hatch
100
AcDbLine
 10
37.49020202535534
 20
-29.099999999999998
 30
0.0
 11
40.59020202535533
 21
-26.000000000000004
 31
0.0
  0
LINE
  5
CF7
330
17
100
AcDbEntity
  8
hatch
100
AcDbLine
 10
37.34878066911803
 20
-29.1
 30
0.0
 11
40.44878066911802
 21
-26.000000000000007
 31
0.0
  0
LINE
  5
CF8
330
17
100
AcDbEntity
  8
hatch
100
AcDbLine
 10
37.20735931288071
 20
-29.1
 30
0.0
 11
40.307359312880706
 21
-26.000000000000007
 31
0.0
  0
LINE
  5
CF9
330
17
100
AcDbEntity
  8
hatch
100
AcDbLine
 10
37.0659379566434
 20
-29.099999999999998
 30
0.0
 11
40.1659379566434
 21
-26.000000000000004
 31
0.0
  0
LINE
  5
CFA
330
17
100
AcDbEntity
  8
hatch
100
AcDbLine
 10
36.92451660040609
 20
-29.1
 30
0.0
 11
40.02451660040609
 21
-26.000000000000007
 31
0.0
  0
LINE
  5
CFB
330
17
100
AcDbEntity
  8
hatch
100
AcDbLine
 10
36.78309524416879
 20
-29.1
 30
0.0
 11
39.883095244168786
 21
-26.000000000000007
 31
0.0
  0
LINE
  5
CFC
330
17
100
AcDbEntity
  8
hatch
100
AcDbLine
 10
36.641673887931475
 20
-29.1
 30
0.0
 11
39.74167388793147
 21
-26.000000000000007
 31
0.0
  0
LINE
  5
CFD
330
17
100
AcDbEntity
  8
hatch
100
AcDbLine
 10
36.50025253169417
 20
-29.099999999999998
 30
0.0
 11
39.60025253169417
 21
-26.000000000000004
 31
0.0
  0
LINE
  5
CFE
330
17
100
AcDbEntity
  8
hatch
100
AcDbLine
 10
36.35883117545686
 20
-29.1
 30
0.0
 11
39.45883117545685
 21
-26.000000000000007
 31
0.0
  0
LINE
  5
CFF
330
17
100
AcDbEntity
  8
hatch
100
AcDbLine
 10
36.21740981921954
 20
-29.1
 30
0.0
 11
39.317409819219534
 21
-26.000000000000004
 31
0.0
  0
LINE
  5
D00
330
17
100
AcDbEntity
  8
hatch
100
AcDbLine
 10
36.07598846298224
 20
-29.099999999999998
 30
0.0
 11
39.17598846298223
 21
-26.000000000000004
 31
0.0
  0
LINE
  5
D01
330
17
100
AcDbEntity
  8
hatch
100
AcDbLine
 10
35.934567106744936
 20
-29.099999999999998
 30
0.0
 11
39.03456710674493
 21
-26.0
 31
0.0
  0
LINE
  5
D02
330
17
100
AcDbEntity
  8
hatch
100
AcDbLine
 10
35.79314575050762
 20
-29.1
 30
0.0
 11
38.893145750507614
 21
-26.000000000000007
 31
0.0
  0
LINE
  5
D03
330
17
100
AcDbEntity
  8
hatch
100
AcDbLine
 10
35.6517243942703
 20
-29.099999999999998
 30
0.0
 11
38.7517243942703
 21
-26.000000000000004
 31
0.0
  0
LINE
  5
D04
330
17
100
AcDbEntity
  8
hatch
100
AcDbLine
 10
35.510303038033
 20
-29.099999999999998
 30
0.0
 11
38.610303038032995
 21
-26.0
 31
0.0
  0
LINE
  5
D05
330
17
100
AcDbEntity
  8
hatch
100
AcDbLine
 10
35.3688816817957
 20
-29.099999999999998
 30
0.0
 11
38.46888168179569
 21
-26.0
 31
0.0
  0
LINE
  5
D06
330
17
100
AcDbEntity
  8
hatch
100
AcDbLine
 10
35.22746032555838
 20
-29.1
 30
0.0
 11
38.32746032555838
 21
-26.000000000000007
 31
0.0
  0
LINE
  5
D07
330
17
100
AcDbEntity
  8
hatch
100
AcDbLine
 10
35.086038969321066
 20
-29.099999999999998
 30
0.0
 11
38.18603896932107
 21
-26.000000000000004
 31
0.0
  0
LINE
  5
D08
330
17
100
AcDbEntity
  8
hatch
100
AcDbLine
 10
34.944617613083764
 20
-29.099999999999994
 30
0.0
 11
38.04461761308376
 21
-26.0
 31
0.0
  0
LINE
  5
D09
330
17
100
AcDbEntity
  8
hatch
100
AcDbLine
 10
34.80319625684645
 20
-29.099999999999998
 30
0.0
 11
37.90319625684644
 21
-26.000000000000004
 31
0.0
  0
LINE
  5
D0A
330
17
100
AcDbEntity
  8
hatch
100
AcDbLine
 10
34.661774900609146
 20
-29.1
 30
0.0
 11
37.76177490060914
 21
-26.000000000000007
 31
0.0
  0
LINE
  5
D0B
330
17
100
AcDbEntity
  8
hatch
100
AcDbLine
 10
34.52035354437184
 20
-29.099999999999998
 30
0.0
 11
37.62035354437183
 21
-26.0
 31
0.0
  0
LINE
  5
D0C
330
17
100
AcDbEntity
  8
hatch
100
AcDbLine
 10
34.37893218813453
 20
-29.1
 30
0.0
 11
37.47893218813452
 21
-26.000000000000004
 31
0.0
  0
LINE
  5
D0D
330
17
100
AcDbEntity
  8
hatch
100
AcDbLine
 10
34.23751083189721
 20
-29.1
 30
0.0
 11
37.337510831897205
 21
-26.000000000000004
 31
0.0
  0
LINE
  5
D0E
330
17
100
AcDbEntity
  8
hatch
100
AcDbLine
 10
34.0960894756599
 20
-29.099999999999998
 30
0.0
 11
37.196089475659896
 21
-26.0
 31
0.0
  0
LINE
  5
D0F
330
17
100
AcDbEntity
  8
hatch
100
AcDbLine
 10
33.9546681194226
 20
-29.099999999999998
 30
0.0
 11
37.054668119422594
 21
-26.0
 31
0.0
  0
LINE
  5
D10
330
17
100
AcDbEntity
  8
hatch
100
AcDbLine
 10
33.81324676318529
 20
-29.1
 30
0.0
 11
36.913246763185285
 21
-26.000000000000004
 31
0.0
  0
LINE
  5
D11
330
17
100
AcDbEntity
  8
hatch
100
AcDbLine
 10
33.671825406947974
 20
-29.1
 30
0.0
 11
36.771825406947976
 21
-26.000000000000004
 31
0.0
  0
LINE
  5
D12
330
17
100
AcDbEntity
  8
hatch
100
AcDbLine
 10
33.530404050710665
 20
-29.099999999999998
 30
0.0
 11
36.63040405071066
 21
-26.0
 31
0.0
  0
LINE
  5
D13
330
17
100
AcDbEntity
  8
hatch
100
AcDbLine
 10
33.388982694473356
 20
-29.1
 30
0.0
 11
36.48898269447335
 21
-26.000000000000004
 31
0.0
  0
LINE
  5
D14
330
17
100
AcDbEntity
  8
hatch
100
AcDbLine
 10
33.24756133823605
 20
-29.1
 30
0.0
 11
36.34756133823605
 21
-26.000000000000004
 31
0.0
  0
LINE
  5
D15
330
17
100
AcDbEntity
  8
hatch
100
AcDbLine
 10
33.10613998199874
 20
-29.1
 30
0.0
 11
36.20613998199874
 21
-26.000000000000004
 31
0.0
  0
LINE
  5
D16
330
17
100
AcDbEntity
  8
hatch
100
AcDbLine
 10
32.96471862576143
 20
-29.099999999999998
 30
0.0
 11
36.06471862576143
 21
-26.0
 31
0.0
  0
LINE
  5
D17
330
17
100
AcDbEntity
  8
hatch
100
AcDbLine
 10
32.82329726952412
 20
-29.099999999999998
 30
0.0
 11
35.92329726952411
 21
-26.0
 31
0.0
  0
LINE
  5
D18
330
17
100
AcDbEntity
  8
hatch
100
AcDbLine
 10
32.6818759132868
 20
-29.1
 30
0.0
 11
35.781875913286804
 21
-26.000000000000004
 31
0.0
  0
LINE
  5
D19
330
17
100
AcDbEntity
  8
hatch
100
AcDbLine
 10
32.54045455704951
 20
-29.1
 30
0.0
 11
35.6404545570495
 21
-26.000000000000004
 31
0.0
  0
LINE
  5
D1A
330
17
100
AcDbEntity
  8
hatch
100
AcDbLine
 10
32.39903320081219
 20
-29.1
 30
0.0
 11
35.49903320081219
 21
-26.000000000000004
 31
0.0
  0
LINE
  5
D1B
330
17
100
AcDbEntity
  8
hatch
100
AcDbLine
 10
32.25761184457488
 20
-29.099999999999998
 30
0.0
 11
35.357611844574876
 21
-26.0
 31
0.0
  0
LINE
  5
D1C
330
17
100
AcDbEntity
  8
hatch
100
AcDbLine
 10
32.11619048833757
 20
-29.1
 30
0.0
 11
35.21619048833757
 21
-26.000000000000004
 31
0.0
  0
LINE
  5
D1D
330
17
100
AcDbEntity
  8
hatch
100
AcDbLine
 10
31.974769132100256
 20
-29.1
 30
0.0
 11
35.07476913210026
 21
-26.000000000000004
 31
0.0
  0
LINE
  5
D1E
330
17
100
AcDbEntity
  8
hatch
100
AcDbLine
 10
31.95
 20
-28.983347775862956
 30
0.0
 11
34.933347775862956
 21
-26.000000000000004
 31
0.0
  0
LINE
  5
D1F
330
17
100
AcDbEntity
  8
hatch
100
AcDbLine
 10
31.950000000000003
 20
-28.84192641962564
 30
0.0
 11
34.79192641962564
 21
-26.0
 31
0.0
  0
LINE
  5
D20
330
17
100
AcDbEntity
  8
hatch
100
AcDbLine
 10
31.950000000000003
 20
-28.70050506338833
 30
0.0
 11
34.65050506338833
 21
-26.0
 31
0.0
  0
LINE
  5
D21
330
17
100
AcDbEntity
  8
hatch
100
AcDbLine
 10
31.95
 20
-28.55908370715102
 30
0.0
 11
34.50908370715102
 21
-26.000000000000004
 31
0.0
  0
LINE
  5
D22
330
17
100
AcDbEntity
  8
hatch
100
AcDbLine
 10
31.950000000000003
 20
-28.417662350913705
 30
0.0
 11
34.367662350913704
 21
-26.0
 31
0.0
  0
LINE
  5
D23
330
17
100
AcDbEntity
  8
hatch
100
AcDbLine
 10
31.950000000000003
 20
-28.276240994676407
 30
0.0
 11
34.22624099467641
 21
-26.000000000000004
 31
0.0
  0
LINE
  5
D24
330
17
100
AcDbEntity
  8
hatch
100
AcDbLine
 10
31.950000000000003
 20
-28.134819638439094
 30
0.0
 11
34.08481963843909
 21
-26.0
 31
0.0
  0
LINE
  5
D25
330
17
100
AcDbEntity
  8
hatch
100
AcDbLine
 10
31.950000000000003
 20
-27.993398282201785
 30
0.0
 11
33.943398282201784
 21
-26.000000000000004
 31
0.0
  0
LINE
  5
D26
330
17
100
AcDbEntity
  8
hatch
100
AcDbLine
 10
31.950000000000003
 20
-27.851976925964472
 30
0.0
 11
33.801976925964475
 21
-26.000000000000004
 31
0.0
  0
LINE
  5
D27
330
17
100
AcDbEntity
  8
hatch
100
AcDbLine
 10
31.950000000000003
 20
-27.71055556972716
 30
0.0
 11
33.66055556972716
 21
-26.0
 31
0.0
  0
LINE
  5
D28
330
17
100
AcDbEntity
  8
hatch
100
AcDbLine
 10
31.950000000000003
 20
-27.569134213489857
 30
0.0
 11
33.51913421348986
 21
-26.0
 31
0.0
  0
LINE
  5
D29
330
17
100
AcDbEntity
  8
hatch
100
AcDbLine
 10
31.950000000000003
 20
-27.427712857252548
 30
0.0
 11
33.37771285725255
 21
-26.0
 31
0.0
  0
LINE
  5
D2A
330
17
100
AcDbEntity
  8
hatch
100
AcDbLine
 10
31.950000000000003
 20
-27.28629150101524
 30
0.0
 11
33.23629150101524
 21
-26.000000000000004
 31
0.0
  0
LINE
  5
D2B
330
17
100
AcDbEntity
  8
hatch
100
AcDbLine
 10
31.950000000000003
 20
-27.144870144777922
 30
0.0
 11
33.09487014477793
 21
-26.0
 31
0.0
  0
LINE
  5
D2C
330
17
100
AcDbEntity
  8
hatch
100
AcDbLine
 10
31.950000000000003
 20
-27.003448788540613
 30
0.0
 11
32.95344878854061
 21
-26.0
 31
0.0
  0
LINE
  5
D2D
330
17
100
AcDbEntity
  8
hatch
100
AcDbLine
 10
31.950000000000003
 20
-26.86202743230331
 30
0.0
 11
32.81202743230331
 21
-26.0
 31
0.0
  0
LINE
  5
D2E
330
17
100
AcDbEntity
  8
hatch
100
AcDbLine
 10
31.950000000000003
 20
-26.720606076066
 30
0.0
 11
32.670606076066
 21
-26.0
 31
0.0
  0
LINE
  5
D2F
330
17
100
AcDbEntity
  8
hatch
100
AcDbLine
 10
31.950000000000003
 20
-26.579184719828685
 30
0.0
 11
32.52918471982869
 21
-26.0
 31
0.0
  0
LINE
  5
D30
330
17
100
AcDbEntity
  8
hatch
100
AcDbLine
 10
31.950000000000003
 20
-26.437763363591376
 30
0.0
 11
32.387763363591375
 21
-26.0
 31
0.0
  0
LINE
  5
D31
330
17
100
AcDbEntity
  8
hatch
100
AcDbLine
 10
31.950000000000003
 20
-26.296342007354067
 30
0.0
 11
32.246342007354066
 21
-26.0
 31
0.0
  0
LINE
  5
D32
330
17
100
AcDbEntity
  8
hatch
100
AcDbLine
 10
31.950000000000003
 20
-26.154920651116765
 30
0.0
 11
32.104920651116764
 21
-26.0
 31
0.0
  0
LINE
  5
D33
330
17
100
AcDbEntity
  8
hatch
100
AcDbLine
 10
31.950000000000003
 20
-26.013499294879455
 30
0.0
 11
31.96349929487945
 21
-26.000000000000004
 31
0.0
  0
LWPOLYLINE
  5
D34
330
17
100
AcDbEntity
  8
marco
100
AcDbPolyline
 90
4
 70
1
 10
31.950000000000003
 20
-26.0
 10
41.45
 20
-26.0
 10
41.45
 20
-29.1
 10
31.950000000000003
 20
-29.1
  0
LINE
  5
D35
330
17
100
AcDbEntity
  8
marco-medio
100
AcDbLine
 10
31.950000000000003
 20
-26.700000000000003
 30
0.0
 11
41.45
 21
-26.700000000000003
 31
0.0
  0
LINE
  5
D36
330
17
100
AcDbEntity
  8
marco-fino
100
AcDbLine
 10
31.950000000000003
 20
-27.1
 30
0.0
 11
41.45
 21
-27.1
 31
0.0
  0
LINE
  5
D37
330
17
100
AcDbEntity
  8
marco-fino
100
AcDbLine
 10
31.950000000000003
 20
-27.900000000000002
 30
0.0
 11
41.45
 21
-27.900000000000002
 31
0.0
  0
LINE
  5
D38
330
17
100
AcDbEntity
  8
marco-fino
100
AcDbLine
 10
37.35
 20
-27.1
 30
0.0
 11
37.35
 21
-29.1
 31
0.0
  0
LINE
  5
D39
330
17
100
AcDbEntity
  8
marco-fino
100
AcDbLine
 10
31.950000000000003
 20
-28.6
 30
0.0
 11
37.35
 21
-28.6
 31
0.0
  0
LINE
  5
D3A
330
17
100
AcDbEntity
  8
marco-fino
100
AcDbLine
 10
34.95
 20
-28.6
 30
0.0
 11
34.95
 21
-29.1
 31
0.0
  0
LINE
  5
D3B
330
17
100
AcDbEntity
  8
marco-fino
100
AcDbLine
 10
35.550000000000004
 20
-28.6
 30
0.0
 11
35.550000000000004
 21
-29.1
 31
0.0
  0
TEXT
  5
D3C
330
17
100
AcDbEntity
  8
texto
100
AcDbText
 10
32.1
 20
-26.25
 30
0.0
 40
0.145
  1
JMDSI · INGENIERÍA Y ARQUITECTURA
100
AcDbText
  0
TEXT
  5
D3D
330
17
100
AcDbEntity
  8
texto-suave
100
AcDbText
 10
32.1
 20
-26.55
 30
0.0
 40
0.11000000000000001
  1
Planos de proyecto — Bloque Dormitorios
100
AcDbText
  0
TEXT
  5
D3E
330
17
100
AcDbEntity
  8
texto
100
AcDbText
 10
41.300000000000004
 20
-26.25
 30
0.0
 40
0.16
  1
LÁMINA A-02
 72
2
100
AcDbText
  0
TEXT
  5
D3F
330
17
100
AcDbEntity
  8
texto-suave
100
AcDbText
 10
41.300000000000004
 20
-26.55
 30
0.0
 40
0.12
  1
E E 1:50
 72
2
100
AcDbText
  0
TEXT
  5
D40
330
17
100
AcDbEntity
  8
texto-suave
100
AcDbText
 10
32.1
 20
-27.950000000000003
 30
0.0
 40
0.095
  1
PROYECTO
100
AcDbText
  0
TEXT
  5
D41
330
17
100
AcDbEntity
  8
texto
100
AcDbText
 10
32.1
 20
-28.150000000000002
 30
0.0
 40
0.125
  1
BLOQUE DORMITORIOS — 2 NIVELES (PLANTA BAJA Y ALTA)
100
AcDbText
  0
TEXT
  5
D42
330
17
100
AcDbEntity
  8
texto-suave
100
AcDbText
 10
32.1
 20
-28.6
 30
0.0
 40
0.095
  1
CONTENIDO
100
AcDbText
  0
TEXT
  5
D43
330
17
100
AcDbEntity
  8
texto
100
AcDbText
 10
32.1
 20
-28.8
 30
0.0
 40
0.12
  1
PLANTA ALTA  ·  planta de arquitectura amoblada, ejes y cotas
100
AcDbText
  0
TEXT
  5
D44
330
17
100
AcDbEntity
  8
texto-suave
100
AcDbText
 10
35.050000000000004
 20
-28.6
 30
0.0
 40
0.095
  1
ESCALA
100
AcDbText
  0
TEXT
  5
D45
330
17
100
AcDbEntity
  8
texto
100
AcDbText
 10
35.050000000000004
 20
-28.8
 30
0.0
 40
0.12
  1
E 1:50
100
AcDbText
  0
TEXT
  5
D46
330
17
100
AcDbEntity
  8
texto-suave
100
AcDbText
 10
35.65
 20
-28.6
 30
0.0
 40
0.095
  1
Nº
100
AcDbText
  0
TEXT
  5
D47
330
17
100
AcDbEntity
  8
texto
100
AcDbText
 10
35.65
 20
-28.8
 30
0.0
 40
0.12
  1
A-02
100
AcDbText
  0
TEXT
  5
D48
330
17
100
AcDbEntity
  8
texto-suave
100
AcDbText
 10
37.45
 20
-27.1
 30
0.0
 40
0.095
  1
FECHA
100
AcDbText
  0
TEXT
  5
D49
330
17
100
AcDbEntity
  8
texto
100
AcDbText
 10
37.45
 20
-27.3
 30
0.0
 40
0.12
  1
2026-10-04
100
AcDbText
  0
TEXT
  5
D4A
330
17
100
AcDbEntity
  8
texto-suave
100
AcDbText
 10
37.45
 20
-27.950000000000003
 30
0.0
 40
0.095
  1
DIBUJÓ / REVISÓ
100
AcDbText
  0
TEXT
  5
D4B
330
17
100
AcDbEntity
  8
texto
100
AcDbText
 10
37.45
 20
-28.150000000000002
 30
0.0
 40
0.11000000000000001
  1
JMDSI · Área de Proyectos
100
AcDbText
  0
TEXT
  5
D4C
330
17
100
AcDbEntity
  8
texto-suave
100
AcDbText
 10
32.1
 20
-27.150000000000002
 30
0.0
 40
0.095
  1
EMPLAZAMIENTO / PROMOTOR
100
AcDbText
  0
TEXT
  5
D4D
330
17
100
AcDbEntity
  8
texto
100
AcDbText
 10
32.1
 20
-27.35
 30
0.0
 40
0.105
  1
Campus JMDSI — predio 100,00 × 100,00 m
100
AcDbText
  0
TEXT
  5
D4E
330
17
100
AcDbEntity
  8
texto-suave
100
AcDbText
 10
32.1
 20
-26.700000000000003
 30
0.0
 40
0.095
  1
Nº DE HOJA
100
AcDbText
  0
TEXT
  5
D4F
330
17
100
AcDbEntity
  8
texto
100
AcDbText
 10
32.1
 20
-26.900000000000002
 30
0.0
 40
0.12
  1
1 de 1
100
AcDbText
  0
TEXT
  5
D50
330
17
100
AcDbEntity
  8
texto-suave
100
AcDbText
 10
35.050000000000004
 20
-26.700000000000003
 30
0.0
 40
0.095
  1
MODIFICACIÓN
100
AcDbText
  0
TEXT
  5
D51
330
17
100
AcDbEntity
  8
texto
100
AcDbText
 10
35.050000000000004
 20
-26.900000000000002
 30
0.0
 40
0.105
  1
Emisión inicial
100
AcDbText
  0
ENDSEC
  0
SECTION
  2
OBJECTS
  0
DICTIONARY
  5
A
330
0
100
AcDbDictionary
281
1
  3
ACAD_COLOR
350
B
  3
ACAD_GROUP
350
C
  3
ACAD_LAYOUT
350
D
  3
ACAD_MATERIAL
350
E
  3
ACAD_MLEADERSTYLE
350
F
  3
ACAD_MLINESTYLE
350
10
  3
ACAD_PLOTSETTINGS
350
11
  3
ACAD_PLOTSTYLENAME
350
12
  3
ACAD_SCALELIST
350
14
  3
ACAD_TABLESTYLE
350
15
  3
ACAD_VISUALSTYLE
350
16
  3
EZDXF_META
350
2D
  0
DICTIONARY
  5
B
330
A
100
AcDbDictionary
281
1
  0
DICTIONARY
  5
C
330
A
100
AcDbDictionary
281
1
  0
DICTIONARY
  5
D
330
A
100
AcDbDictionary
281
1
  3
Model
350
1A
  3
Layout1
350
1E
  0
DICTIONARY
  5
E
330
A
100
AcDbDictionary
281
1
  3
ByBlock
350
1F
  3
ByLayer
350
20
  3
Global
350
21
  0
DICTIONARY
  5
F
330
A
100
AcDbDictionary
281
1
  3
Standard
350
2C
  0
DICTIONARY
  5
10
330
A
100
AcDbDictionary
281
1
  3
Standard
350
22
  0
DICTIONARY
  5
11
330
A
100
AcDbDictionary
281
1
  0
ACDBDICTIONARYWDFLT
  5
12
330
A
100
AcDbDictionary
281
1
  3
Normal
350
13
100
AcDbDictionaryWithDefault
340
13
  0
ACDBPLACEHOLDER
  5
13
330
12
  0
DICTIONARY
  5
14
330
A
100
AcDbDictionary
281
1
  0
DICTIONARY
  5
15
330
A
100
AcDbDictionary
281
1
  0
DICTIONARY
  5
16
330
A
100
AcDbDictionary
281
1
  3
2dWireframe
350
5A
  3
Basic
350
5B
  3
Brighten
350
5C
  3
ColorChange
350
5D
  3
Conceptual
350
5E
  3
Dim
350
5F
  3
EdgeColorOff
350
60
  3
Facepattern
350
61
  3
Flat
350
62
  3
FlatWithEdges
350
63
  3
Gouraud
350
64
  3
GouraudWithEdges
350
65
  3
Hidden
350
66
  3
JitterOff
350
67
  3
Linepattern
350
68
  3
Modeling
350
69
  3
OverhangOff
350
6A
  3
Realistic
350
6B
  3
Shaded
350
6C
  3
Shaded with edges
350
6D
  3
Shades of Gray
350
6E
  3
Sketchy
350
6F
  3
Thicken
350
70
  3
Wireframe
350
71
  3
X-Ray
350
72
  0
LAYOUT
  5
1A
330
D
100
AcDbPlotSettings
  1

  4
A3
  6

 40
7.5
 41
20.0
 42
7.5
 43
20.0
 44
420.0
 45
297.0
 46
0.0
 47
0.0
 48
0.0
 49
0.0
140
0.0
141
0.0
142
1.0
143
1.0
 70
1024
 72
1
 73
0
 74
5
  7

 75
16
 76
0
 77
2
 78
300
147
1.0
148
0.0
149
0.0
100
AcDbLayout
  1
Model
 70
1
 71
0
 10
0.0
 20
0.0
 11
420.0
 21
297.0
 12
0.0
 22
0.0
 32
0.0
 14
1e+20
 24
1e+20
 34
1e+20
 15
-1e+20
 25
-1e+20
 35
-1e+20
146
0.0
 13
0.0
 23
0.0
 33
0.0
 16
1.0
 26
0.0
 36
0.0
 17
0.0
 27
1.0
 37
0.0
 76
1
330
17
  0
LAYOUT
  5
1E
330
D
100
AcDbPlotSettings
  1

  4
A3
  6

 40
7.5
 41
20.0
 42
7.5
 43
20.0
 44
420.0
 45
297.0
 46
0.0
 47
0.0
 48
0.0
 49
0.0
140
0.0
141
0.0
142
1.0
143
1.0
 70
0
 72
1
 73
0
 74
5
  7

 75
16
 76
0
 77
2
 78
300
147
1.0
148
0.0
149
0.0
100
AcDbLayout
  1
Layout1
 70
1
 71
1
 10
0.0
 20
0.0
 11
420.0
 21
297.0
 12
0.0
 22
0.0
 32
0.0
 14
1e+20
 24
1e+20
 34
1e+20
 15
-1e+20
 25
-1e+20
 35
-1e+20
146
0.0
 13
0.0
 23
0.0
 33
0.0
 16
1.0
 26
0.0
 36
0.0
 17
0.0
 27
1.0
 37
0.0
 76
1
330
1B
  0
MATERIAL
  5
1F
102
{ACAD_REACTORS
330
E
102
}
330
E
100
AcDbMaterial
  1
ByBlock
  2

 70
0
 40
1.0
 71
1
 41
1.0
 91
-1023410177
 42
1.0
 72
1
  3

 73
1
 74
1
 75
1
 44
0.5
 73
0
 45
1.0
 46
1.0
 77
1
  4

 78
1
 79
1
170
1
 48
1.0
171
1
  6

172
1
173
1
174
1
140
1.0
141
1.0
175
1
  7

176
1
177
1
178
1
143
1.0
179
1
  8

270
1
271
1
272
1
145
1.0
146
1.0
273
1
  9

274
1
275
1
276
1
 42
1.0
 72
1
  3

 73
1
 74
1
 75
1
 94
63
  0
MATERIAL
  5
20
102
{ACAD_REACTORS
330
E
102
}
330
E
100
AcDbMaterial
  1
ByLayer
  2

 70
0
 40
1.0
 71
1
 41
1.0
 91
-1023410177
 42
1.0
 72
1
  3

 73
1
 74
1
 75
1
 44
0.5
 73
0
 45
1.0
 46
1.0
 77
1
  4

 78
1
 79
1
170
1
 48
1.0
171
1
  6

172
1
173
1
174
1
140
1.0
141
1.0
175
1
  7

176
1
177
1
178
1
143
1.0
179
1
  8

270
1
271
1
272
1
145
1.0
146
1.0
273
1
  9

274
1
275
1
276
1
 42
1.0
 72
1
  3

 73
1
 74
1
 75
1
 94
63
  0
MATERIAL
  5
21
102
{ACAD_REACTORS
330
E
102
}
330
E
100
AcDbMaterial
  1
Global
  2

 70
0
 40
1.0
 71
1
 41
1.0
 91
-1023410177
 42
1.0
 72
1
  3

 73
1
 74
1
 75
1
 44
0.5
 73
0
 45
1.0
 46
1.0
 77
1
  4

 78
1
 79
1
170
1
 48
1.0
171
1
  6

172
1
173
1
174
1
140
1.0
141
1.0
175
1
  7

176
1
177
1
178
1
143
1.0
179
1
  8

270
1
271
1
272
1
145
1.0
146
1.0
273
1
  9

274
1
275
1
276
1
 42
1.0
 72
1
  3

 73
1
 74
1
 75
1
 94
63
  0
MLINESTYLE
  5
22
102
{ACAD_REACTORS
330
10
102
}
330
10
100
AcDbMlineStyle
  2
Standard
 70
0
  3

 62
256
 51
90.0
 52
90.0
 71
2
 49
0.5
 62
256
  6
BYLAYER
 49
-0.5
 62
256
  6
BYLAYER
  0
MLEADERSTYLE
  5
2C
102
{ACAD_REACTORS
330
F
102
}
330
F
100
AcDbMLeaderStyle
179
2
170
2
171
1
172
0
 90
2
 40
0.0
 41
0.0
173
1
 91
-1056964608
 92
-2
290
1
 42
2.0
291
1
 43
8.0
  3
Standard
 44
4.0
300

342
29
174
1
175
1
176
0
178
1
 93
-1056964608
 45
4.0
292
0
297
0
 46
4.0
 94
-1056964608
 47
1.0
 49
1.0
140
1.0
294
1
141
0.0
177
0
142
1.0
295
0
296
0
143
3.75
271
0
272
9
273
9
  0
DICTIONARY
  5
2D
330
A
100
AcDbDictionary
280
1
281
1
  3
CREATED_BY_EZDXF
350
2E
  3
WRITTEN_BY_EZDXF
350
D54
  0
DICTIONARYVAR
  5
2E
330
2D
100
DictionaryVariables
280
0
  1
1.4.4 @ 2026-10-04T04:42:40.952017+00:00
  0
VISUALSTYLE
  5
5A
102
{ACAD_REACTORS
330
16
102
}
330
16
100
AcDbVisualStyle
  2
2dWireframe
 70
4
 90
0
 40
0.6
 62
7
290
0
291
0
  0
VISUALSTYLE
  5
5B
102
{ACAD_REACTORS
330
16
102
}
330
16
100
AcDbVisualStyle
  2
Basic
 70
7
 90
1
 40
0.6
 62
7
290
0
291
1
  0
VISUALSTYLE
  5
5C
102
{ACAD_REACTORS
330
16
102
}
330
16
100
AcDbVisualStyle
  2
Brighten
 70
12
 90
2
 40
0.6
 62
7
290
0
291
1
  0
VISUALSTYLE
  5
5D
102
{ACAD_REACTORS
330
16
102
}
330
16
100
AcDbVisualStyle
  2
ColorChange
 70
16
 90
2
 40
0.6
 62
8
290
0
291
1
  0
VISUALSTYLE
  5
5E
102
{ACAD_REACTORS
330
16
102
}
330
16
100
AcDbVisualStyle
  2
Conceptual
 70
9
 90
3
 40
0.6
 62
7
290
0
291
0
  0
VISUALSTYLE
  5
5F
102
{ACAD_REACTORS
330
16
102
}
330
16
100
AcDbVisualStyle
  2
Dim
 70
11
 90
2
 40
0.6
 62
7
290
0
291
1
  0
VISUALSTYLE
  5
60
102
{ACAD_REACTORS
330
16
102
}
330
16
100
AcDbVisualStyle
  2
EdgeColorOff
 70
22
 90
2
 40
0.6
 62
7
290
0
291
1
  0
VISUALSTYLE
  5
61
102
{ACAD_REACTORS
330
16
102
}
330
16
100
AcDbVisualStyle
  2
Facepattern
 70
15
 90
2
 40
0.6
 62
7
290
0
291
1
  0
VISUALSTYLE
  5
62
102
{ACAD_REACTORS
330
16
102
}
330
16
100
AcDbVisualStyle
  2
Flat
 70
0
 90
2
 40
0.6
 62
7
290
0
291
1
  0
VISUALSTYLE
  5
63
102
{ACAD_REACTORS
330
16
102
}
330
16
100
AcDbVisualStyle
  2
FlatWithEdges
 70
1
 90
2
 40
0.6
 62
7
290
0
291
1
  0
VISUALSTYLE
  5
64
102
{ACAD_REACTORS
330
16
102
}
330
16
100
AcDbVisualStyle
  2
Gouraud
 70
2
 90
2
 40
0.6
 62
7
290
0
291
1
  0
VISUALSTYLE
  5
65
102
{ACAD_REACTORS
330
16
102
}
330
16
100
AcDbVisualStyle
  2
GouraudWithEdges
 70
3
 90
2
 40
0.6
 62
7
290
0
291
1
  0
VISUALSTYLE
  5
66
102
{ACAD_REACTORS
330
16
102
}
330
16
100
AcDbVisualStyle
  2
Hidden
 70
6
 90
1
 40
0.6
 62
7
290
0
291
0
  0
VISUALSTYLE
  5
67
102
{ACAD_REACTORS
330
16
102
}
330
16
100
AcDbVisualStyle
  2
JitterOff
 70
20
 90
2
 40
0.6
 62
7
290
0
291
1
  0
VISUALSTYLE
  5
68
102
{ACAD_REACTORS
330
16
102
}
330
16
100
AcDbVisualStyle
  2
Linepattern
 70
14
 90
2
 40
0.6
 62
7
290
0
291
1
  0
VISUALSTYLE
  5
69
102
{ACAD_REACTORS
330
16
102
}
330
16
100
AcDbVisualStyle
  2
Modeling
 70
10
 90
2
 40
0.6
 62
7
290
0
291
0
  0
VISUALSTYLE
  5
6A
102
{ACAD_REACTORS
330
16
102
}
330
16
100
AcDbVisualStyle
  2
OverhangOff
 70
21
 90
2
 40
0.6
 62
7
290
0
291
1
  0
VISUALSTYLE
  5
6B
102
{ACAD_REACTORS
330
16
102
}
330
16
100
AcDbVisualStyle
  2
Realistic
 70
8
 90
2
 40
0.6
 62
7
290
0
291
0
  0
VISUALSTYLE
  5
6C
102
{ACAD_REACTORS
330
16
102
}
330
16
100
AcDbVisualStyle
  2
Shaded
 70
27
 90
2
 40
0.6
 62
7
290
0
291
0
  0
VISUALSTYLE
  5
6D
102
{ACAD_REACTORS
330
16
102
}
330
16
100
AcDbVisualStyle
  2
Shaded with edges
 70
26
 90
2
 40
0.6
 62
7
290
0
291
0
  0
VISUALSTYLE
  5
6E
102
{ACAD_REACTORS
330
16
102
}
330
16
100
AcDbVisualStyle
  2
Shades of Gray
 70
23
 90
2
 40
0.6
 62
7
290
0
291
0
  0
VISUALSTYLE
  5
6F
102
{ACAD_REACTORS
330
16
102
}
330
16
100
AcDbVisualStyle
  2
Sketchy
 70
24
 90
1
 40
0.6
 62
7
290
0
291
0
  0
VISUALSTYLE
  5
70
102
{ACAD_REACTORS
330
16
102
}
330
16
100
AcDbVisualStyle
  2
Thicken
 70
13
 90
2
 40
0.6
 62
7
290
0
291
1
  0
VISUALSTYLE
  5
71
102
{ACAD_REACTORS
330
16
102
}
330
16
100
AcDbVisualStyle
  2
Wireframe
 70
5
 90
0
 40
0.6
 62
7
290
0
291
0
  0
VISUALSTYLE
  5
72
102
{ACAD_REACTORS
330
16
102
}
330
16
100
AcDbVisualStyle
  2
X-Ray
 70
25
 90
2
 40
0.5
 62
7
290
0
291
0
  0
DICTIONARYVAR
  5
D54
330
2D
100
DictionaryVariables
280
0
  1
1.4.4 @ 2026-10-04T04:42:41.028973+00:00
  0
ENDSEC
  0
EOF
