  0
SECTION
  2
HEADER
  9
$ACADVER
  1
AC1024
  9
$ACADMAINTVER
 70
6
  9
$DWGCODEPAGE
  3
ANSI_1252
  9
$LASTSAVEDBY
  1
ezdxf
  9
$INSBASE
 10
0.0
 20
0.0
 30
0.0
  9
$EXTMIN
 10
1e+20
 20
1e+20
 30
1e+20
  9
$EXTMAX
 10
-1e+20
 20
-1e+20
 30
-1e+20
  9
$LIMMIN
 10
0.0
 20
0.0
  9
$LIMMAX
 10
420.0
 20
297.0
  9
$ORTHOMODE
 70
0
  9
$REGENMODE
 70
1
  9
$FILLMODE
 70
1
  9
$QTEXTMODE
 70
0
  9
$MIRRTEXT
 70
1
  9
$LTSCALE
 40
1.0
  9
$ATTMODE
 70
1
  9
$TEXTSIZE
 40
2.5
  9
$TRACEWID
 40
1.0
  9
$TEXTSTYLE
  7
OpenSans
  9
$CLAYER
  8
0
  9
$CELTYPE
  6
ByLayer
  9
$CECOLOR
 62
256
  9
$CELTSCALE
 40
1.0
  9
$DISPSILH
 70
0
  9
$DIMSCALE
 40
1.0
  9
$DIMASZ
 40
0.175
  9
$DIMEXO
 40
0.125
  9
$DIMDLI
 40
3.75
  9
$DIMRND
 40
0.0
  9
$DIMDLE
 40
0.0
  9
$DIMEXE
 40
0.375
  9
$DIMTP
 40
0.0
  9
$DIMTM
 40
0.0
  9
$DIMTXT
 40
0.25
  9
$DIMCEN
 40
2.5
  9
$DIMTSZ
 40
0.0
  9
$DIMTOL
 70
0
  9
$DIMLIM
 70
0
  9
$DIMTIH
 70
0
  9
$DIMTOH
 70
0
  9
$DIMSE1
 70
0
  9
$DIMSE2
 70
0
  9
$DIMTAD
 70
1
  9
$DIMZIN
 70
12
  9
$DIMBLK
  1
ARCHTICK
  9
$DIMASO
 70
1
  9
$DIMSHO
 70
1
  9
$DIMPOST
  1

  9
$DIMAPOST
  1

  9
$DIMALT
 70
0
  9
$DIMALTD
 70
3
  9
$DIMALTF
 40
0.03937007874
  9
$DIMLFAC
 40
100.0
  9
$DIMTOFL
 70
1
  9
$DIMTVP
 40
0.0
  9
$DIMTIX
 70
0
  9
$DIMSOXD
 70
0
  9
$DIMSAH
 70
0
  9
$DIMBLK1
  1

  9
$DIMBLK2
  1

  9
$DIMSTYLE
  2
EZDXF
  9
$DIMCLRD
 70
0
  9
$DIMCLRE
 70
0
  9
$DIMCLRT
 70
0
  9
$DIMTFAC
 40
0.5
  9
$DIMGAP
 40
0.1
  9
$DIMJUST
 70
0
  9
$DIMSD1
 70
0
  9
$DIMSD2
 70
0
  9
$DIMTOLJ
 70
0
  9
$DIMTZIN
 70
8
  9
$DIMALTZ
 70
0
  9
$DIMALTTZ
 70
0
  9
$DIMUPT
 70
1
  9
$DIMDEC
 70
2
  9
$DIMTDEC
 70
2
  9
$DIMALTU
 70
2
  9
$DIMALTTD
 70
3
  9
$DIMTXSTY
  7
OpenSansCondensed-Light
  9
$DIMAUNIT
 70
0
  9
$DIMADEC
 70
2
  9
$DIMALTRND
 40
0.0
  9
$DIMAZIN
 70
3
  9
$DIMDSEP
 70
46
  9
$DIMATFIT
 70
3
  9
$DIMFRAC
 70
0
  9
$DIMLDRBLK
  1

  9
$DIMLUNIT
 70
2
  9
$DIMLWD
 70
-2
  9
$DIMLWE
 70
-2
  9
$DIMTMOVE
 70
2
  9
$DIMFXL
 40
1.0
  9
$DIMFXLON
 70
0
  9
$DIMJOGANG
 40
0.785398163397
  9
$DIMTFILL
 70
0
  9
$DIMTFILLCLR
 70
0
  9
$DIMARCSYM
 70
0
  9
$DIMLTYPE
  6

  9
$DIMLTEX1
  6

  9
$DIMLTEX2
  6

  9
$DIMTXTDIRECTION
 70
0
  9
$LUNITS
 70
2
  9
$LUPREC
 70
4
  9
$SKETCHINC
 40
1.0
  9
$FILLETRAD
 40
10.0
  9
$AUNITS
 70
0
  9
$AUPREC
 70
2
  9
$MENU
  1
.
  9
$ELEVATION
 40
0.0
  9
$PELEVATION
 40
0.0
  9
$THICKNESS
 40
0.0
  9
$LIMCHECK
 70
0
  9
$CHAMFERA
 40
0.0
  9
$CHAMFERB
 40
0.0
  9
$CHAMFERC
 40
0.0
  9
$CHAMFERD
 40
0.0
  9
$SKPOLY
 70
0
  9
$TDCREATE
 40
2461318.1963194446
  9
$TDUCREATE
 40
2458532.153996898
  9
$TDUPDATE
 40
2461318.1963194446
  9
$TDUUPDATE
 40
2458532.1544311
  9
$TDINDWG
 40
0.0
  9
$TDUSRTIMER
 40
0.0
  9
$USRTIMER
 70
1
  9
$ANGBASE
 50
0.0
  9
$ANGDIR
 70
0
  9
$PDMODE
 70
0
  9
$PDSIZE
 40
0.0
  9
$PLINEWID
 40
0.0
  9
$SPLFRAME
 70
0
  9
$SPLINETYPE
 70
6
  9
$SPLINESEGS
 70
8
  9
$HANDSEED
  5
E94
  9
$SURFTAB1
 70
6
  9
$SURFTAB2
 70
6
  9
$SURFTYPE
 70
6
  9
$SURFU
 70
6
  9
$SURFV
 70
6
  9
$UCSBASE
  2

  9
$UCSNAME
  2

  9
$UCSORG
 10
0.0
 20
0.0
 30
0.0
  9
$UCSXDIR
 10
1.0
 20
0.0
 30
0.0
  9
$UCSYDIR
 10
0.0
 20
1.0
 30
0.0
  9
$UCSORTHOREF
  2

  9
$UCSORTHOVIEW
 70
0
  9
$UCSORGTOP
 10
0.0
 20
0.0
 30
0.0
  9
$UCSORGBOTTOM
 10
0.0
 20
0.0
 30
0.0
  9
$UCSORGLEFT
 10
0.0
 20
0.0
 30
0.0
  9
$UCSORGRIGHT
 10
0.0
 20
0.0
 30
0.0
  9
$UCSORGFRONT
 10
0.0
 20
0.0
 30
0.0
  9
$UCSORGBACK
 10
0.0
 20
0.0
 30
0.0
  9
$PUCSBASE
  2

  9
$PUCSNAME
  2

  9
$PUCSORG
 10
0.0
 20
0.0
 30
0.0
  9
$PUCSXDIR
 10
1.0
 20
0.0
 30
0.0
  9
$PUCSYDIR
 10
0.0
 20
1.0
 30
0.0
  9
$PUCSORTHOREF
  2

  9
$PUCSORTHOVIEW
 70
0
  9
$PUCSORGTOP
 10
0.0
 20
0.0
 30
0.0
  9
$PUCSORGBOTTOM
 10
0.0
 20
0.0
 30
0.0
  9
$PUCSORGLEFT
 10
0.0
 20
0.0
 30
0.0
  9
$PUCSORGRIGHT
 10
0.0
 20
0.0
 30
0.0
  9
$PUCSORGFRONT
 10
0.0
 20
0.0
 30
0.0
  9
$PUCSORGBACK
 10
0.0
 20
0.0
 30
0.0
  9
$USERI1
 70
0
  9
$USERI2
 70
0
  9
$USERI3
 70
0
  9
$USERI4
 70
0
  9
$USERI5
 70
0
  9
$USERR1
 40
0.0
  9
$USERR2
 40
0.0
  9
$USERR3
 40
0.0
  9
$USERR4
 40
0.0
  9
$USERR5
 40
0.0
  9
$WORLDVIEW
 70
1
  9
$SHADEDGE
 70
3
  9
$SHADEDIF
 70
70
  9
$TILEMODE
 70
1
  9
$MAXACTVP
 70
64
  9
$PINSBASE
 10
0.0
 20
0.0
 30
0.0
  9
$PLIMCHECK
 70
0
  9
$PEXTMIN
 10
1e+20
 20
1e+20
 30
1e+20
  9
$PEXTMAX
 10
-1e+20
 20
-1e+20
 30
-1e+20
  9
$PLIMMIN
 10
0.0
 20
0.0
  9
$PLIMMAX
 10
420.0
 20
297.0
  9
$UNITMODE
 70
0
  9
$VISRETAIN
 70
1
  9
$PLINEGEN
 70
0
  9
$PSLTSCALE
 70
1
  9
$TREEDEPTH
 70
3020
  9
$CMLSTYLE
  2
Standard
  9
$CMLJUST
 70
0
  9
$CMLSCALE
 40
20.0
  9
$PROXYGRAPHICS
 70
1
  9
$MEASUREMENT
 70
1
  9
$CELWEIGHT
370
-1
  9
$ENDCAPS
280
0
  9
$JOINSTYLE
280
0
  9
$LWDISPLAY
290
0
  9
$INSUNITS
 70
6
  9
$HYPERLINKBASE
  1

  9
$STYLESHEET
  1

  9
$XEDIT
290
1
  9
$CEPSNTYPE
380
0
  9
$PSTYLEMODE
290
1
  9
$FINGERPRINTGUID
  2
{8F29E6A4-32BE-475F-9CAE-006DCB772FE8}
  9
$VERSIONGUID
  2
{387EB40B-3042-482C-9F89-9F4DC225C883}
  9
$EXTNAMES
290
1
  9
$PSVPSCALE
 40
0.0
  9
$OLESTARTUP
290
0
  9
$SORTENTS
280
127
  9
$INDEXCTL
280
0
  9
$HIDETEXT
280
1
  9
$XCLIPFRAME
280
1
  9
$HALOGAP
280
0
  9
$OBSCOLOR
 70
257
  9
$OBSLTYPE
280
0
  9
$INTERSECTIONDISPLAY
280
0
  9
$INTERSECTIONCOLOR
 70
257
  9
$DIMASSOC
280
2
  9
$PROJECTNAME
  1

  9
$CAMERADISPLAY
290
0
  9
$LENSLENGTH
 40
50.0
  9
$CAMERAHEIGHT
 40
0.0
  9
$STEPSPERSEC
 40
24.0
  9
$STEPSIZE
 40
100.0
  9
$3DDWFPREC
 40
2.0
  9
$PSOLWIDTH
 40
0.005
  9
$PSOLHEIGHT
 40
0.08
  9
$LOFTANG1
 40
1.570796326795
  9
$LOFTANG2
 40
1.570796326795
  9
$LOFTMAG1
 40
0.0
  9
$LOFTMAG2
 40
0.0
  9
$LOFTPARAM
 70
7
  9
$LOFTNORMALS
280
1
  9
$LATITUDE
 40
37.795
  9
$LONGITUDE
 40
-122.394
  9
$NORTHDIRECTION
 40
0.0
  9
$TIMEZONE
 70
-8000
  9
$LIGHTGLYPHDISPLAY
280
1
  9
$TILEMODELIGHTSYNCH
280
1
  9
$CMATERIAL
347
20
  9
$SOLIDHIST
280
0
  9
$SHOWHIST
280
1
  9
$DWFFRAME
280
2
  9
$DGNFRAME
280
2
  9
$REALWORLDSCALE
290
1
  9
$INTERFERECOLOR
 62
256
  9
$CSHADOW
280
0
  9
$SHADOWPLANELOCATION
 40
0.0
  0
ENDSEC
  0
SECTION
  2
CLASSES
  0
CLASS
  1
ACDBDICTIONARYWDFLT
  2
AcDbDictionaryWithDefault
  3
ObjectDBX Classes
 90
0
 91
0
280
0
281
0
  0
CLASS
  1
SUN
  2
AcDbSun
  3
SCENEOE
 90
1153
 91
0
280
0
281
0
  0
CLASS
  1
VISUALSTYLE
  2
AcDbVisualStyle
  3
ObjectDBX Classes
 90
4095
 91
0
280
0
281
0
  0
CLASS
  1
MATERIAL
  2
AcDbMaterial
  3
ObjectDBX Classes
 90
1153
 91
0
280
0
281
0
  0
CLASS
  1
SCALE
  2
AcDbScale
  3
ObjectDBX Classes
 90
1153
 91
0
280
0
281
0
  0
CLASS
  1
TABLESTYLE
  2
AcDbTableStyle
  3
ObjectDBX Classes
 90
4095
 91
0
280
0
281
0
  0
CLASS
  1
MLEADERSTYLE
  2
AcDbMLeaderStyle
  3
ACDB_MLEADERSTYLE_CLASS
 90
4095
 91
0
280
0
281
0
  0
CLASS
  1
DICTIONARYVAR
  2
AcDbDictionaryVar
  3
ObjectDBX Classes
 90
0
 91
0
280
0
281
0
  0
CLASS
  1
CELLSTYLEMAP
  2
AcDbCellStyleMap
  3
ObjectDBX Classes
 90
1152
 91
0
280
0
281
0
  0
CLASS
  1
MENTALRAYRENDERSETTINGS
  2
AcDbMentalRayRenderSettings
  3
SCENEOE
 90
1024
 91
0
280
0
281
0
  0
CLASS
  1
ACDBDETAILVIEWSTYLE
  2
AcDbDetailViewStyle
  3
ObjectDBX Classes
 90
1025
 91
0
280
0
281
0
  0
CLASS
  1
ACDBSECTIONVIEWSTYLE
  2
AcDbSectionViewStyle
  3
ObjectDBX Classes
 90
1025
 91
0
280
0
281
0
  0
CLASS
  1
RASTERVARIABLES
  2
AcDbRasterVariables
  3
ISM
 90
0
 91
0
280
0
281
0
  0
CLASS
  1
LAYOUT
  2
AcDbLayout
  3
ObjectDBX Classes
 90
0
 91
0
280
0
281
0
  0
CLASS
  1
ACDBPLACEHOLDER
  2
AcDbPlaceHolder
  3
ObjectDBX Classes
 90
0
 91
0
280
0
281
0
  0
ENDSEC
  0
SECTION
  2
TABLES
  0
TABLE
  2
VPORT
  5
8
330
0
100
AcDbSymbolTable
 70
1
  0
VPORT
  5
23
330
8
100
AcDbSymbolTableRecord
100
AcDbViewportTableRecord
  2
*Active
 70
0
 10
0.0
 20
0.0
 11
1.0
 21
1.0
 12
0.0
 22
0.0
 13
0.0
 23
0.0
 14
0.5
 24
0.5
 15
0.5
 25
0.5
 16
0.0
 26
0.0
 36
1.0
 17
0.0
 27
0.0
 37
0.0
 40
1000.0
 41
1.34
 42
50.0
 43
0.0
 44
0.0
 50
0.0
 51
0.0
 71
0
 72
1000
 73
1
 74
3
 75
0
 76
0
 77
0
 78
0
281
0
 65
0
146
0.0
  0
ENDTAB
  0
TABLE
  2
LTYPE
  5
2
330
0
100
AcDbSymbolTable
 70
21
  0
LTYPE
  5
24
330
2
100
AcDbSymbolTableRecord
100
AcDbLinetypeTableRecord
  2
ByBlock
 70
0
  3

 72
65
 73
0
 40
0.0
  0
LTYPE
  5
25
330
2
100
AcDbSymbolTableRecord
100
AcDbLinetypeTableRecord
  2
ByLayer
 70
0
  3

 72
65
 73
0
 40
0.0
  0
LTYPE
  5
26
330
2
100
AcDbSymbolTableRecord
100
AcDbLinetypeTableRecord
  2
Continuous
 70
0
  3

 72
65
 73
0
 40
0.0
  0
LTYPE
  5
2F
330
2
100
AcDbSymbolTableRecord
100
AcDbLinetypeTableRecord
  2
CENTER
 70
0
  3
Center ____ _ ____ _ ____ _ ____ _ ____ _ ____
 72
65
 73
4
 40
5.08
 49
3.175
 74
0
 49
-0.635
 74
0
 49
0.635
 74
0
 49
-0.635
 74
0
  0
LTYPE
  5
30
330
2
100
AcDbSymbolTableRecord
100
AcDbLinetypeTableRecord
  2
CENTERX2
 70
0
  3
Center (2x) ________  __  ________  __  ________
 72
65
 73
4
 40
8.89
 49
6.35
 74
0
 49
-0.635
 74
0
 49
1.27
 74
0
 49
-0.635
 74
0
  0
LTYPE
  5
31
330
2
100
AcDbSymbolTableRecord
100
AcDbLinetypeTableRecord
  2
CENTER2
 70
0
  3
Center (.5x) ____ _ ____ _ ____ _ ____ _ ____
 72
65
 73
4
 40
2.54
 49
1.587
 74
0
 49
-0.318
 74
0
 49
0.318
 74
0
 49
-0.318
 74
0
  0
LTYPE
  5
32
330
2
100
AcDbSymbolTableRecord
100
AcDbLinetypeTableRecord
  2
DASHED
 70
0
  3
Dashed __ __ __ __ __ __ __ __ __ __ __ __ __ _
 72
65
 73
2
 40
1.524
 49
1.27
 74
0
 49
-0.254
 74
0
  0
LTYPE
  5
33
330
2
100
AcDbSymbolTableRecord
100
AcDbLinetypeTableRecord
  2
DASHEDX2
 70
0
  3
Dashed (2x) ____  ____  ____  ____  ____  ____
 72
65
 73
2
 40
3.048
 49
2.54
 74
0
 49
-0.508
 74
0
  0
LTYPE
  5
34
330
2
100
AcDbSymbolTableRecord
100
AcDbLinetypeTableRecord
  2
DASHED2
 70
0
  3
Dashed (.5x) _ _ _ _ _ _ _ _ _ _ _ _ _ _
 72
65
 73
2
 40
0.762
 49
0.635
 74
0
 49
-0.127
 74
0
  0
LTYPE
  5
35
330
2
100
AcDbSymbolTableRecord
100
AcDbLinetypeTableRecord
  2
PHANTOM
 70
0
  3
Phantom ______  __  __  ______  __  __  ______
 72
65
 73
6
 40
6.35
 49
3.175
 74
0
 49
-0.635
 74
0
 49
0.635
 74
0
 49
-0.635
 74
0
 49
0.635
 74
0
 49
-0.635
 74
0
  0
LTYPE
  5
36
330
2
100
AcDbSymbolTableRecord
100
AcDbLinetypeTableRecord
  2
PHANTOMX2
 70
0
  3
Phantom (2x)____________    ____    ____    ____________
 72
65
 73
6
 40
10.795
 49
6.35
 74
0
 49
-0.635
 74
0
 49
1.27
 74
0
 49
-0.635
 74
0
 49
1.27
 74
0
 49
-0.635
 74
0
  0
LTYPE
  5
37
330
2
100
AcDbSymbolTableRecord
100
AcDbLinetypeTableRecord
  2
PHANTOM2
 70
0
  3
Phantom (.5x) ___ _ _ ___ _ _ ___ _ _ ___ _ _ ___
 72
65
 73
6
 40
3.175
 49
1.587
 74
0
 49
-0.318
 74
0
 49
0.318
 74
0
 49
-0.318
 74
0
 49
0.318
 74
0
 49
-0.318
 74
0
  0
LTYPE
  5
38
330
2
100
AcDbSymbolTableRecord
100
AcDbLinetypeTableRecord
  2
DASHDOT
 70
0
  3
Dash dot __ . __ . __ . __ . __ . __ . __ . __
 72
65
 73
4
 40
3.556
 49
2.54
 74
0
 49
-0.508
 74
0
 49
0.0
 74
0
 49
-0.508
 74
0
  0
LTYPE
  5
39
330
2
100
AcDbSymbolTableRecord
100
AcDbLinetypeTableRecord
  2
DASHDOTX2
 70
0
  3
Dash dot (2x) ____  .  ____  .  ____  .  ____
 72
65
 73
4
 40
6.096
 49
5.08
 74
0
 49
-0.508
 74
0
 49
0.0
 74
0
 49
-0.508
 74
0
  0
LTYPE
  5
3A
330
2
100
AcDbSymbolTableRecord
100
AcDbLinetypeTableRecord
  2
DASHDOT2
 70
0
  3
Dash dot (.5x) _ . _ . _ . _ . _ . _ . _ . _
 72
65
 73
4
 40
1.778
 49
1.27
 74
0
 49
-0.254
 74
0
 49
0.0
 74
0
 49
-0.254
 74
0
  0
LTYPE
  5
3B
330
2
100
AcDbSymbolTableRecord
100
AcDbLinetypeTableRecord
  2
DOT
 70
0
  3
Dot .  .  .  .  .  .  .  .  .  .  .  .  .  .  .  .
 72
65
 73
2
 40
0.508
 49
0.0
 74
0
 49
-0.508
 74
0
  0
LTYPE
  5
3C
330
2
100
AcDbSymbolTableRecord
100
AcDbLinetypeTableRecord
  2
DOTX2
 70
0
  3
Dot (2x) .    .    .    .    .    .    .    . 
 72
65
 73
2
 40
1.016
 49
0.0
 74
0
 49
-1.016
 74
0
  0
LTYPE
  5
3D
330
2
100
AcDbSymbolTableRecord
100
AcDbLinetypeTableRecord
  2
DOT2
 70
0
  3
Dot (.5) . . . . . . . . . . . . . . . . . . . 
 72
65
 73
2
 40
0.254
 49
0.0
 74
0
 49
-0.254
 74
0
  0
LTYPE
  5
3E
330
2
100
AcDbSymbolTableRecord
100
AcDbLinetypeTableRecord
  2
DIVIDE
 70
0
  3
Divide __ . . __ . . __ . . __ . . __ . . __
 72
65
 73
6
 40
4.064
 49
2.54
 74
0
 49
-0.508
 74
0
 49
0.0
 74
0
 49
-0.508
 74
0
 49
0.0
 74
0
 49
-0.508
 74
0
  0
LTYPE
  5
3F
330
2
100
AcDbSymbolTableRecord
100
AcDbLinetypeTableRecord
  2
DIVIDEX2
 70
0
  3
Divide (2x) ____  . .  ____  . .  ____  . .  ____
 72
65
 73
6
 40
6.604
 49
5.08
 74
0
 49
-0.508
 74
0
 49
0.0
 74
0
 49
-0.508
 74
0
 49
0.0
 74
0
 49
-0.508
 74
0
  0
LTYPE
  5
40
330
2
100
AcDbSymbolTableRecord
100
AcDbLinetypeTableRecord
  2
DIVIDE2
 70
0
  3
Divide(.5x) _ . _ . _ . _ . _ . _ . _ . _
 72
65
 73
6
 40
2.032
 49
1.27
 74
0
 49
-0.254
 74
0
 49
0.0
 74
0
 49
-0.254
 74
0
 49
0.0
 74
0
 49
-0.254
 74
0
  0
ENDTAB
  0
TABLE
  2
LAYER
  5
1
330
0
100
AcDbSymbolTable
 70
35
  0
LAYER
  5
27
330
1
100
AcDbSymbolTableRecord
100
AcDbLayerTableRecord
  2
0
 70
0
 62
7
  6
Continuous
370
-3
390
13
347
21
  0
LAYER
  5
28
330
1
100
AcDbSymbolTableRecord
100
AcDbLayerTableRecord
  2
Defpoints
 70
0
 62
7
  6
Continuous
290
0
370
-3
390
13
347
21
  0
LAYER
  5
8A
330
1
100
AcDbSymbolTableRecord
100
AcDbLayerTableRecord
  2
eje
 70
0
 62
7
  6
CONTINUOUS
370
13
390
13
347
21
  0
LAYER
  5
8B
330
1
100
AcDbSymbolTableRecord
100
AcDbLayerTableRecord
  2
muro-corte
 70
0
 62
7
  6
CONTINUOUS
370
60
390
13
347
21
  0
LAYER
  5
8C
330
1
100
AcDbSymbolTableRecord
100
AcDbLayerTableRecord
  2
muro-fill
 70
0
 62
7
  6
CONTINUOUS
370
25
390
13
347
21
  0
LAYER
  5
8D
330
1
100
AcDbSymbolTableRecord
100
AcDbLayerTableRecord
  2
muro-visto
 70
0
 62
7
  6
CONTINUOUS
370
35
390
13
347
21
  0
LAYER
  5
8E
330
1
100
AcDbSymbolTableRecord
100
AcDbLayerTableRecord
  2
tabique-fill
 70
0
 62
7
  6
CONTINUOUS
370
30
390
13
347
21
  0
LAYER
  5
8F
330
1
100
AcDbSymbolTableRecord
100
AcDbLayerTableRecord
  2
hueco
 70
0
 62
7
  6
CONTINUOUS
370
25
390
13
347
21
  0
LAYER
  5
90
330
1
100
AcDbSymbolTableRecord
100
AcDbLayerTableRecord
  2
carpinteria
 70
0
 62
7
  6
CONTINUOUS
370
25
390
13
347
21
  0
LAYER
  5
91
330
1
100
AcDbSymbolTableRecord
100
AcDbLayerTableRecord
  2
vidrio
 70
0
 62
7
  6
CONTINUOUS
370
18
390
13
347
21
  0
LAYER
  5
92
330
1
100
AcDbSymbolTableRecord
100
AcDbLayerTableRecord
  2
mobiliario
 70
0
 62
7
  6
CONTINUOUS
370
18
390
13
347
21
  0
LAYER
  5
93
330
1
100
AcDbSymbolTableRecord
100
AcDbLayerTableRecord
  2
sanitario
 70
0
 62
7
  6
CONTINUOUS
370
20
390
13
347
21
  0
LAYER
  5
94
330
1
100
AcDbSymbolTableRecord
100
AcDbLayerTableRecord
  2
texto
 70
0
 62
7
  6
CONTINUOUS
370
5
390
13
347
21
  0
LAYER
  5
95
330
1
100
AcDbSymbolTableRecord
100
AcDbLayerTableRecord
  2
texto-suave
 70
0
 62
7
  6
CONTINUOUS
370
5
390
13
347
21
  0
LAYER
  5
96
330
1
100
AcDbSymbolTableRecord
100
AcDbLayerTableRecord
  2
cota
 70
0
 62
7
  6
CONTINUOUS
370
13
390
13
347
21
  0
LAYER
  5
97
330
1
100
AcDbSymbolTableRecord
100
AcDbLayerTableRecord
  2
cota-texto
 70
0
 62
7
  6
CONTINUOUS
370
5
390
13
347
21
  0
LAYER
  5
98
330
1
100
AcDbSymbolTableRecord
100
AcDbLayerTableRecord
  2
nivel
 70
0
 62
7
  6
CONTINUOUS
370
20
390
13
347
21
  0
LAYER
  5
99
330
1
100
AcDbSymbolTableRecord
100
AcDbLayerTableRecord
  2
terreno
 70
0
 62
7
  6
CONTINUOUS
370
35
390
13
347
21
  0
LAYER
  5
9A
330
1
100
AcDbSymbolTableRecord
100
AcDbLayerTableRecord
  2
hormigon
 70
0
 62
7
  6
CONTINUOUS
370
30
390
13
347
21
  0
LAYER
  5
9B
330
1
100
AcDbSymbolTableRecord
100
AcDbLayerTableRecord
  2
hatch
 70
0
 62
7
  6
CONTINUOUS
370
9
390
13
347
21
  0
LAYER
  5
9C
330
1
100
AcDbSymbolTableRecord
100
AcDbLayerTableRecord
  2
hatch-2
 70
0
 62
7
  6
CONTINUOUS
370
9
390
13
347
21
  0
LAYER
  5
9D
330
1
100
AcDbSymbolTableRecord
100
AcDbLayerTableRecord
  2
marco
 70
0
 62
7
  6
CONTINUOUS
370
70
390
13
347
21
  0
LAYER
  5
9E
330
1
100
AcDbSymbolTableRecord
100
AcDbLayerTableRecord
  2
marco-fino
 70
0
 62
7
  6
CONTINUOUS
370
25
390
13
347
21
  0
LAYER
  5
9F
330
1
100
AcDbSymbolTableRecord
100
AcDbLayerTableRecord
  2
marco-medio
 70
0
 62
7
  6
CONTINUOUS
370
40
390
13
347
21
  0
LAYER
  5
A0
330
1
100
AcDbSymbolTableRecord
100
AcDbLayerTableRecord
  2
sombra
 70
0
 62
7
  6
CONTINUOUS
370
5
390
13
347
21
  0
LAYER
  5
A1
330
1
100
AcDbSymbolTableRecord
100
AcDbLayerTableRecord
  2
vegetal
 70
0
 62
7
  6
CONTINUOUS
370
20
390
13
347
21
  0
LAYER
  5
A2
330
1
100
AcDbSymbolTableRecord
100
AcDbLayerTableRecord
  2
arbol
 70
0
 62
7
  6
CONTINUOUS
370
18
390
13
347
21
  0
LAYER
  5
A3
330
1
100
AcDbSymbolTableRecord
100
AcDbLayerTableRecord
  2
agua
 70
0
 62
7
  6
CONTINUOUS
370
20
390
13
347
21
  0
LAYER
  5
A4
330
1
100
AcDbSymbolTableRecord
100
AcDbLayerTableRecord
  2
via
 70
0
 62
7
  6
CONTINUOUS
370
20
390
13
347
21
  0
LAYER
  5
A5
330
1
100
AcDbSymbolTableRecord
100
AcDbLayerTableRecord
  2
edificio
 70
0
 62
7
  6
CONTINUOUS
370
25
390
13
347
21
  0
LAYER
  5
A6
330
1
100
AcDbSymbolTableRecord
100
AcDbLayerTableRecord
  2
destacado
 70
0
 62
7
  6
CONTINUOUS
370
40
390
13
347
21
  0
LAYER
  5
A7
330
1
100
AcDbSymbolTableRecord
100
AcDbLayerTableRecord
  2
azul
 70
0
 62
7
  6
CONTINUOUS
370
25
390
13
347
21
  0
LAYER
  5
A8
330
1
100
AcDbSymbolTableRecord
100
AcDbLayerTableRecord
  2
cubierta
 70
0
 62
7
  6
CONTINUOUS
370
25
390
13
347
21
  0
LAYER
  5
A9
330
1
100
AcDbSymbolTableRecord
100
AcDbLayerTableRecord
  2
proyeccion
 70
0
 62
7
  6
CONTINUOUS
370
15
390
13
347
21
  0
LAYER
  5
AA
330
1
100
AcDbSymbolTableRecord
100
AcDbLayerTableRecord
  2
fondo
 70
0
 62
7
  6
CONTINUOUS
370
5
390
13
347
21
  0
ENDTAB
  0
TABLE
  2
STYLE
  5
5
330
0
100
AcDbSymbolTable
 70
26
  0
STYLE
  5
29
330
5
100
AcDbSymbolTableRecord
100
AcDbTextStyleTableRecord
  2
Standard
 70
0
 40
0.0
 41
1.0
 50
0.0
 71
0
 42
2.5
  3
txt
  4

  0
STYLE
  5
41
330
5
100
AcDbSymbolTableRecord
100
AcDbTextStyleTableRecord
  2
OpenSans-Light
 70
0
 40
0.0
 41
1.0
 50
0.0
 71
0
 42
2.5
  3
OpenSans-Light.ttf
  4

  0
STYLE
  5
42
330
5
100
AcDbSymbolTableRecord
100
AcDbTextStyleTableRecord
  2
OpenSans-Light-Italic
 70
0
 40
0.0
 41
1.0
 50
0.0
 71
0
 42
2.5
  3
OpenSans-LightItalic.ttf
  4

  0
STYLE
  5
43
330
5
100
AcDbSymbolTableRecord
100
AcDbTextStyleTableRecord
  2
OpenSans
 70
0
 40
0.0
 41
1.0
 50
0.0
 71
0
 42
2.5
  3
OpenSans-Regular.ttf
  4

  0
STYLE
  5
44
330
5
100
AcDbSymbolTableRecord
100
AcDbTextStyleTableRecord
  2
OpenSans-Italic
 70
0
 40
0.0
 41
1.0
 50
0.0
 71
0
 42
2.5
  3
OpenSans-Italic.ttf
  4

  0
STYLE
  5
45
330
5
100
AcDbSymbolTableRecord
100
AcDbTextStyleTableRecord
  2
OpenSans-SemiBold
 70
0
 40
0.0
 41
1.0
 50
0.0
 71
0
 42
2.5
  3
OpenSans-SemiBold.ttf
  4

  0
STYLE
  5
46
330
5
100
AcDbSymbolTableRecord
100
AcDbTextStyleTableRecord
  2
OpenSans-SemiBoldItalic
 70
0
 40
0.0
 41
1.0
 50
0.0
 71
0
 42
2.5
  3
OpenSans-SemiBoldItalic.ttf
  4

  0
STYLE
  5
47
330
5
100
AcDbSymbolTableRecord
100
AcDbTextStyleTableRecord
  2
OpenSans-Bold
 70
0
 40
0.0
 41
1.0
 50
0.0
 71
0
 42
2.5
  3
OpenSans-Bold.ttf
  4

  0
STYLE
  5
48
330
5
100
AcDbSymbolTableRecord
100
AcDbTextStyleTableRecord
  2
OpenSans-BoldItalic
 70
0
 40
0.0
 41
1.0
 50
0.0
 71
0
 42
2.5
  3
OpenSans-BoldItalic.ttf
  4

  0
STYLE
  5
49
330
5
100
AcDbSymbolTableRecord
100
AcDbTextStyleTableRecord
  2
OpenSans-ExtraBold
 70
0
 40
0.0
 41
1.0
 50
0.0
 71
0
 42
2.5
  3
OpenSans-ExtraBold.ttf
  4

  0
STYLE
  5
4A
330
5
100
AcDbSymbolTableRecord
100
AcDbTextStyleTableRecord
  2
OpenSans-ExtraBoldItalic
 70
0
 40
0.0
 41
1.0
 50
0.0
 71
0
 42
2.5
  3
OpenSans-ExtraBoldItalic.ttf
  4

  0
STYLE
  5
4B
330
5
100
AcDbSymbolTableRecord
100
AcDbTextStyleTableRecord
  2
OpenSansCondensed-Bold
 70
0
 40
0.0
 41
1.0
 50
0.0
 71
0
 42
2.5
  3
OpenSansCondensed-Bold.ttf
  4

  0
STYLE
  5
4C
330
5
100
AcDbSymbolTableRecord
100
AcDbTextStyleTableRecord
  2
OpenSansCondensed-Light
 70
0
 40
0.0
 41
1.0
 50
0.0
 71
0
 42
2.5
  3
OpenSansCondensed-Light.ttf
  4

  0
STYLE
  5
4D
330
5
100
AcDbSymbolTableRecord
100
AcDbTextStyleTableRecord
  2
OpenSansCondensed-Italic
 70
0
 40
0.0
 41
1.0
 50
0.0
 71
0
 42
2.5
  3
OpenSansCondensed-LightItalic.ttf
  4

  0
STYLE
  5
4E
330
5
100
AcDbSymbolTableRecord
100
AcDbTextStyleTableRecord
  2
LiberationSans
 70
0
 40
0.0
 41
1.0
 50
0.0
 71
0
 42
2.5
  3
LiberationSans-Regular.ttf
  4

  0
STYLE
  5
4F
330
5
100
AcDbSymbolTableRecord
100
AcDbTextStyleTableRecord
  2
LiberationSans-Bold
 70
0
 40
0.0
 41
1.0
 50
0.0
 71
0
 42
2.5
  3
LiberationSans-Bold.ttf
  4

  0
STYLE
  5
50
330
5
100
AcDbSymbolTableRecord
100
AcDbTextStyleTableRecord
  2
LiberationSans-BoldItalic
 70
0
 40
0.0
 41
1.0
 50
0.0
 71
0
 42
2.5
  3
LiberationSans-BoldItalic.ttf
  4

  0
STYLE
  5
51
330
5
100
AcDbSymbolTableRecord
100
AcDbTextStyleTableRecord
  2
LiberationSans-Italic
 70
0
 40
0.0
 41
1.0
 50
0.0
 71
0
 42
2.5
  3
LiberationSans-Italic.ttf
  4

  0
STYLE
  5
52
330
5
100
AcDbSymbolTableRecord
100
AcDbTextStyleTableRecord
  2
LiberationSerif
 70
0
 40
0.0
 41
1.0
 50
0.0
 71
0
 42
2.5
  3
LiberationSerif-Regular.ttf
  4

  0
STYLE
  5
53
330
5
100
AcDbSymbolTableRecord
100
AcDbTextStyleTableRecord
  2
LiberationSerif-Bold
 70
0
 40
0.0
 41
1.0
 50
0.0
 71
0
 42
2.5
  3
LiberationSerif-Bold.ttf
  4

  0
STYLE
  5
54
330
5
100
AcDbSymbolTableRecord
100
AcDbTextStyleTableRecord
  2
LiberationSerif-BoldItalic
 70
0
 40
0.0
 41
1.0
 50
0.0
 71
0
 42
2.5
  3
LiberationSerif-BoldItalic.ttf
  4

  0
STYLE
  5
55
330
5
100
AcDbSymbolTableRecord
100
AcDbTextStyleTableRecord
  2
LiberationSerif-Italic
 70
0
 40
0.0
 41
1.0
 50
0.0
 71
0
 42
2.5
  3
LiberationSerif-Italic.ttf
  4

  0
STYLE
  5
56
330
5
100
AcDbSymbolTableRecord
100
AcDbTextStyleTableRecord
  2
LiberationMono
 70
0
 40
0.0
 41
1.0
 50
0.0
 71
0
 42
2.5
  3
LiberationMono-Regular.ttf
  4

  0
STYLE
  5
57
330
5
100
AcDbSymbolTableRecord
100
AcDbTextStyleTableRecord
  2
LiberationMono-Bold
 70
0
 40
0.0
 41
1.0
 50
0.0
 71
0
 42
2.5
  3
LiberationMono-Bold.ttf
  4

  0
STYLE
  5
58
330
5
100
AcDbSymbolTableRecord
100
AcDbTextStyleTableRecord
  2
LiberationMono-BoldItalic
 70
0
 40
0.0
 41
1.0
 50
0.0
 71
0
 42
2.5
  3
LiberationMono-BoldItalic.ttf
  4

  0
STYLE
  5
59
330
5
100
AcDbSymbolTableRecord
100
AcDbTextStyleTableRecord
  2
LiberationMono-Italic
 70
0
 40
0.0
 41
1.0
 50
0.0
 71
0
 42
2.5
  3
LiberationMono-Italic.ttf
  4

  0
ENDTAB
  0
TABLE
  2
VIEW
  5
7
330
0
100
AcDbSymbolTable
 70
0
  0
ENDTAB
  0
TABLE
  2
UCS
  5
6
330
0
100
AcDbSymbolTable
 70
0
  0
ENDTAB
  0
TABLE
  2
APPID
  5
3
330
0
100
AcDbSymbolTable
 70
3
  0
APPID
  5
2A
330
3
100
AcDbSymbolTableRecord
100
AcDbRegAppTableRecord
  2
ACAD
 70
0
  0
APPID
  5
E91
330
3
100
AcDbSymbolTableRecord
100
AcDbRegAppTableRecord
  2
HATCHBACKGROUNDCOLOR
 70
0
  0
APPID
  5
E92
330
3
100
AcDbSymbolTableRecord
100
AcDbRegAppTableRecord
  2
EZDXF
 70
0
  0
ENDTAB
  0
TABLE
  2
DIMSTYLE
  5
4
330
0
100
AcDbSymbolTable
 70
12
100
AcDbDimStyleTable
  0
DIMSTYLE
105
2B
330
4
100
AcDbSymbolTableRecord
100
AcDbDimStyleTableRecord
  2
Standard
 70
0
 40
1.0
 41
2.5
 42
0.625
 43
3.75
 44
1.25
 45
0.0
 46
0.0
 47
0.0
 48
0.0
 49
2.5
140
2.5
141
2.5
142
0.0
143
0.03937007874
144
1.0
145
0.0
146
1.0
147
0.625
148
0.0
 69
0
 70
0
 71
0
 72
0
 73
0
 74
0
 75
0
 76
0
 77
1
 78
8
 79
3
170
0
171
3
172
1
173
0
174
0
175
0
176
0
177
0
178
0
179
2
271
2
272
2
273
2
274
3
275
0
276
0
277
2
278
44
279
0
280
0
281
0
282
0
283
0
284
8
285
0
286
0
288
0
289
3
290
0
371
-2
372
-2
  0
DIMSTYLE
105
73
330
4
100
AcDbSymbolTableRecord
100
AcDbDimStyleTableRecord
  2
EZDXF
 70
0
 40
1.0
 41
0.175
 42
0.125
 43
3.75
 44
0.375
 45
0.0
 46
0.0
 47
0.0
 48
0.0
 49
2.5
140
0.25
141
2.5
142
0.0
143
0.03937007874
144
100.0
145
0.0
146
0.5
147
0.1
148
0.0
 69
0
 70
0
 71
0
 72
0
 73
0
 74
0
 75
0
 76
0
 77
1
 78
12
 79
3
170
0
171
3
172
1
173
0
174
0
175
0
176
0
177
0
178
0
179
2
271
2
272
2
273
2
274
3
275
0
276
0
277
2
278
46
279
2
280
0
281
0
282
0
283
0
284
8
285
0
286
0
288
1
289
3
290
0
340
4C
342
74
371
-2
372
-2
  0
DIMSTYLE
105
7C
330
4
100
AcDbSymbolTableRecord
100
AcDbDimStyleTableRecord
  2
EZ_M_100_H25_CM
 70
0
 40
1.0
 41
0.25
 42
0.125
 43
3.75
 44
0.375
 45
0.0
 46
0.0
 47
0.0
 48
0.0
 49
2.5
140
0.25
141
2.5
142
0.125
143
0.03937007874
144
100.0
145
0.0
146
0.5
147
0.1
148
0.0
 69
0
 70
0
 71
0
 72
0
 73
0
 74
0
 75
0
 76
0
 77
1
 78
12
 79
3
170
0
171
3
172
1
173
0
174
0
175
0
176
0
177
0
178
0
179
2
271
2
272
2
273
2
274
3
275
0
276
0
277
2
278
46
279
2
280
0
281
0
282
0
283
0
284
8
285
0
286
0
288
1
289
3
290
0
340
4C
371
-2
372
-2
  0
DIMSTYLE
105
7D
330
4
100
AcDbSymbolTableRecord
100
AcDbDimStyleTableRecord
  2
EZ_M_50_H25_CM
 70
0
 40
1.0
 41
0.125
 42
0.0625
 43
3.75
 44
0.1875
 45
0.0
 46
0.0
 47
0.0
 48
0.0
 49
2.5
140
0.125
141
2.5
142
0.0625
143
0.03937007874
144
100.0
145
0.0
146
0.5
147
0.05
148
0.0
 69
0
 70
0
 71
0
 72
0
 73
0
 74
0
 75
0
 76
0
 77
1
 78
12
 79
3
170
0
171
3
172
1
173
0
174
0
175
0
176
0
177
0
178
0
179
2
271
2
272
2
273
2
274
3
275
0
276
0
277
2
278
46
279
2
280
0
281
0
282
0
283
0
284
8
285
0
286
0
288
1
289
3
290
0
340
4C
371
-2
372
-2
  0
DIMSTYLE
105
7E
330
4
100
AcDbSymbolTableRecord
100
AcDbDimStyleTableRecord
  2
EZ_M_25_H25_CM
 70
0
 40
1.0
 41
0.0625
 42
0.03125
 43
3.75
 44
0.09375
 45
0.0
 46
0.0
 47
0.0
 48
0.0
 49
2.5
140
0.0625
141
2.5
142
0.03125
143
0.03937007874
144
100.0
145
0.0
146
0.5
147
0.025
148
0.0
 69
0
 70
0
 71
0
 72
0
 73
0
 74
0
 75
0
 76
0
 77
1
 78
12
 79
3
170
0
171
3
172
1
173
0
174
0
175
0
176
0
177
0
178
0
179
2
271
2
272
2
273
2
274
3
275
0
276
0
277
2
278
46
279
2
280
0
281
0
282
0
283
0
284
8
285
0
286
0
288
1
289
3
290
0
340
4C
371
-2
372
-2
  0
DIMSTYLE
105
7F
330
4
100
AcDbSymbolTableRecord
100
AcDbDimStyleTableRecord
  2
EZ_M_20_H25_CM
 70
0
 40
1.0
 41
0.05
 42
0.025
 43
3.75
 44
0.07500000000000001
 45
0.0
 46
0.0
 47
0.0
 48
0.0
 49
2.5
140
0.05
141
2.5
142
0.025
143
0.03937007874
144
100.0
145
0.0
146
0.5
147
0.020000000000000004
148
0.0
 69
0
 70
0
 71
0
 72
0
 73
0
 74
0
 75
0
 76
0
 77
1
 78
12
 79
3
170
0
171
3
172
1
173
0
174
0
175
0
176
0
177
0
178
0
179
2
271
2
272
2
273
2
274
3
275
0
276
0
277
2
278
46
279
2
280
0
281
0
282
0
283
0
284
8
285
0
286
0
288
1
289
3
290
0
340
4C
371
-2
372
-2
  0
DIMSTYLE
105
80
330
4
100
AcDbSymbolTableRecord
100
AcDbDimStyleTableRecord
  2
EZ_M_10_H25_CM
 70
0
 40
1.0
 41
0.025
 42
0.0125
 43
3.75
 44
0.037500000000000006
 45
0.0
 46
0.0
 47
0.0
 48
0.0
 49
2.5
140
0.025
141
2.5
142
0.0125
143
0.03937007874
144
100.0
145
0.0
146
0.5
147
0.010000000000000002
148
0.0
 69
0
 70
0
 71
0
 72
0
 73
0
 74
0
 75
0
 76
0
 77
1
 78
12
 79
3
170
0
171
3
172
1
173
0
174
0
175
0
176
0
177
0
178
0
179
2
271
2
272
2
273
2
274
3
275
0
276
0
277
2
278
46
279
2
280
0
281
0
282
0
283
0
284
8
285
0
286
0
288
1
289
3
290
0
340
4C
371
-2
372
-2
  0
DIMSTYLE
105
81
330
4
100
AcDbSymbolTableRecord
100
AcDbDimStyleTableRecord
  2
EZ_M_5_H25_CM
 70
0
 40
1.0
 41
0.0125
 42
0.00625
 43
3.75
 44
0.018750000000000003
 45
0.0
 46
0.0
 47
0.0
 48
0.0
 49
2.5
140
0.0125
141
2.5
142
0.00625
143
0.03937007874
144
100.0
145
0.0
146
0.5
147
0.005000000000000001
148
0.0
 69
0
 70
0
 71
0
 72
0
 73
0
 74
0
 75
0
 76
0
 77
1
 78
12
 79
3
170
0
171
3
172
1
173
0
174
0
175
0
176
0
177
0
178
0
179
2
271
2
272
2
273
2
274
3
275
0
276
0
277
2
278
46
279
2
280
0
281
0
282
0
283
0
284
8
285
0
286
0
288
1
289
3
290
0
340
4C
371
-2
372
-2
  0
DIMSTYLE
105
82
330
4
100
AcDbSymbolTableRecord
100
AcDbDimStyleTableRecord
  2
EZ_M_1_H25_CM
 70
0
 40
1.0
 41
0.0025
 42
0.00125
 43
3.75
 44
0.00375
 45
0.0
 46
0.0
 47
0.0
 48
0.0
 49
2.5
140
0.0025
141
2.5
142
0.00125
143
0.03937007874
144
100.0
145
0.0
146
0.5
147
0.001
148
0.0
 69
0
 70
0
 71
0
 72
0
 73
0
 74
0
 75
0
 76
0
 77
1
 78
12
 79
3
170
0
171
3
172
1
173
0
174
0
175
0
176
0
177
0
178
0
179
2
271
2
272
2
273
2
274
3
275
0
276
0
277
2
278
46
279
2
280
0
281
0
282
0
283
0
284
8
285
0
286
0
288
1
289
3
290
0
340
4C
371
-2
372
-2
  0
DIMSTYLE
105
83
330
4
100
AcDbSymbolTableRecord
100
AcDbDimStyleTableRecord
  2
EZ_RADIUS
 70
0
 40
1.0
 41
0.25
 42
0.125
 43
3.75
 44
0.375
 45
0.0
 46
0.0
 47
0.0
 48
0.0
 49
2.5
140
0.25
141
0.0
142
0.0
143
0.03937007874
144
100.0
145
0.0
146
0.5
147
0.1
148
0.0
 69
0
 70
0
 71
0
 72
0
 73
0
 74
0
 75
0
 76
0
 77
1
 78
12
 79
3
170
0
171
3
172
0
173
0
174
0
175
0
176
0
177
0
178
0
179
2
271
2
272
2
273
2
274
3
275
0
276
0
277
2
278
46
279
1
280
0
281
0
282
0
283
0
284
8
285
0
286
0
288
1
289
3
290
0
340
4C
342
84
371
-2
372
-2
  0
DIMSTYLE
105
88
330
4
100
AcDbSymbolTableRecord
100
AcDbDimStyleTableRecord
  2
EZ_RADIUS_INSIDE
 70
0
 40
1.0
 41
0.25
 42
0.125
 43
3.75
 44
0.375
 45
0.0
 46
0.0
 47
0.0
 48
0.0
 49
2.5
140
0.25
141
0.0
142
0.0
143
0.03937007874
144
100.0
145
0.0
146
0.5
147
0.1
148
0.0
 69
0
 70
0
 71
0
 72
0
 73
0
 74
0
 75
0
 76
0
 77
0
 78
12
 79
3
170
0
171
3
172
0
173
0
174
1
175
0
176
0
177
0
178
0
179
2
271
2
272
2
273
2
274
3
275
0
276
0
277
2
278
46
279
0
280
0
281
0
282
0
283
0
284
8
285
0
286
0
288
1
289
0
290
0
340
4C
342
84
371
-2
372
-2
  0
DIMSTYLE
105
89
330
4
100
AcDbSymbolTableRecord
100
AcDbDimStyleTableRecord
  2
EZ_CURVED
 70
0
 40
1.0
 41
0.25
 42
0.125
 43
3.75
 44
0.375
 45
0.0
 46
0.0
 47
0.0
 48
0.0
 49
2.5
140
0.25
141
2.5
142
0.0
143
0.03937007874
144
100.0
145
0.0
146
0.5
147
0.1
148
0.0
 69
0
 70
0
 71
0
 72
0
 73
0
 74
0
 75
0
 76
0
 77
1
 78
12
 79
2
 90
2
170
0
171
3
172
1
173
0
174
0
175
0
176
0
177
0
178
0
179
2
271
2
272
2
273
2
274
3
275
0
276
0
277
2
278
46
279
2
280
0
281
0
282
0
283
0
284
8
285
0
286
0
288
1
289
3
290
0
340
4C
371
-2
372
-2
  0
ENDTAB
  0
TABLE
  2
BLOCK_RECORD
  5
9
330
0
100
AcDbSymbolTable
 70
5
  0
BLOCK_RECORD
  5
17
330
9
100
AcDbSymbolTableRecord
100
AcDbBlockTableRecord
  2
*Model_Space
340
1A
 70
0
280
1
281
0
  0
BLOCK_RECORD
  5
1B
330
9
100
AcDbSymbolTableRecord
100
AcDbBlockTableRecord
  2
*Paper_Space
340
1E
 70
0
280
1
281
0
  0
BLOCK_RECORD
  5
74
330
9
100
AcDbSymbolTableRecord
100
AcDbBlockTableRecord
  2
_ARCHTICK
340
0
 70
0
280
1
281
0
  0
BLOCK_RECORD
  5
78
330
9
100
AcDbSymbolTableRecord
100
AcDbBlockTableRecord
  2
_CLOSEDFILLED
340
0
 70
0
280
1
281
0
  0
BLOCK_RECORD
  5
84
330
9
100
AcDbSymbolTableRecord
100
AcDbBlockTableRecord
  2
_CLOSEDBLANK
340
0
 70
0
280
1
281
0
  0
ENDTAB
  0
ENDSEC
  0
SECTION
  2
BLOCKS
  0
BLOCK
  5
18
330
17
100
AcDbEntity
  8
0
100
AcDbBlockBegin
  2
*Model_Space
 70
0
 10
0.0
 20
0.0
 30
0.0
  3
*Model_Space
  1

  0
ENDBLK
  5
19
330
17
100
AcDbEntity
  8
0
100
AcDbBlockEnd
  0
BLOCK
  5
1C
330
1B
100
AcDbEntity
  8
0
100
AcDbBlockBegin
  2
*Paper_Space
 70
0
 10
0.0
 20
0.0
 30
0.0
  3
*Paper_Space
  1

  0
ENDBLK
  5
1D
330
1B
100
AcDbEntity
  8
0
100
AcDbBlockEnd
  0
BLOCK
  5
75
330
74
100
AcDbEntity
  8
0
100
AcDbBlockBegin
  2
_ARCHTICK
 70
0
 10
0.0
 20
0.0
 30
0.0
  3
_ARCHTICK
  1

  0
LWPOLYLINE
  5
77
330
74
100
AcDbEntity
  8
0
  6
BYBLOCK
 62
0
100
AcDbPolyline
 90
2
 70
0
 43
0.15
 10
-0.5
 20
-0.5
 10
0.5
 20
0.5
  0
ENDBLK
  5
76
330
74
100
AcDbEntity
  8
0
100
AcDbBlockEnd
  0
BLOCK
  5
79
330
78
100
AcDbEntity
  8
0
100
AcDbBlockBegin
  2
_CLOSEDFILLED
 70
0
 10
0.0
 20
0.0
 30
0.0
  3
_CLOSEDFILLED
  1

  0
SOLID
  5
7B
330
78
100
AcDbEntity
  8
0
  6
BYBLOCK
 62
0
100
AcDbTrace
 10
-1.0
 20
0.16439898372402537
 30
0.0
 11
0.0
 21
0.0
 31
0.0
 12
-1.0
 22
-0.16439898372402537
 32
0.0
 13
-1.0
 23
-0.16439898372402537
 33
0.0
  0
ENDBLK
  5
7A
330
78
100
AcDbEntity
  8
0
100
AcDbBlockEnd
  0
BLOCK
  5
85
330
84
100
AcDbEntity
  8
0
100
AcDbBlockBegin
  2
_CLOSEDBLANK
 70
0
 10
0.0
 20
0.0
 30
0.0
  3
_CLOSEDBLANK
  1

  0
LWPOLYLINE
  5
87
330
84
100
AcDbEntity
  8
0
  6
BYBLOCK
 62
0
100
AcDbPolyline
 90
3
 70
1
 10
-1.0
 20
0.16439898372402537
 10
0.0
 20
0.0
 10
-1.0
 20
-0.16439898372402537
  0
ENDBLK
  5
86
330
84
100
AcDbEntity
  8
0
100
AcDbBlockEnd
  0
ENDSEC
  0
SECTION
  2
ENTITIES
  0
LINE
  5
AB
330
17
100
AcDbEntity
  8
marco
100
AcDbLine
 10
1.25
 20
-0.6000000000000001
 30
0.0
 11
41.45
 21
-0.6000000000000001
 31
0.0
  0
LINE
  5
AC
330
17
100
AcDbEntity
  8
marco
100
AcDbLine
 10
41.45
 20
-0.6000000000000001
 30
0.0
 11
41.45
 21
-29.1
 31
0.0
  0
LINE
  5
AD
330
17
100
AcDbEntity
  8
marco
100
AcDbLine
 10
41.45
 20
-29.1
 30
0.0
 11
1.25
 21
-29.1
 31
0.0
  0
LINE
  5
AE
330
17
100
AcDbEntity
  8
marco
100
AcDbLine
 10
1.25
 20
-29.1
 30
0.0
 11
1.25
 21
-0.6000000000000001
 31
0.0
  0
LINE
  5
AF
330
17
100
AcDbEntity
  8
marco-fino
100
AcDbLine
 10
6.25
 20
-0.6000000000000001
 30
0.0
 11
6.25
 21
-0.8
 31
0.0
  0
LINE
  5
B0
330
17
100
AcDbEntity
  8
marco-fino
100
AcDbLine
 10
11.25
 20
-0.6000000000000001
 30
0.0
 11
11.25
 21
-0.8
 31
0.0
  0
LINE
  5
B1
330
17
100
AcDbEntity
  8
marco-fino
100
AcDbLine
 10
16.25
 20
-0.6000000000000001
 30
0.0
 11
16.25
 21
-0.8
 31
0.0
  0
LINE
  5
B2
330
17
100
AcDbEntity
  8
marco-fino
100
AcDbLine
 10
21.25
 20
-0.6000000000000001
 30
0.0
 11
21.25
 21
-0.8
 31
0.0
  0
LINE
  5
B3
330
17
100
AcDbEntity
  8
marco-fino
100
AcDbLine
 10
26.25
 20
-0.6000000000000001
 30
0.0
 11
26.25
 21
-0.8
 31
0.0
  0
LINE
  5
B4
330
17
100
AcDbEntity
  8
marco-fino
100
AcDbLine
 10
31.25
 20
-0.6000000000000001
 30
0.0
 11
31.25
 21
-0.8
 31
0.0
  0
LINE
  5
B5
330
17
100
AcDbEntity
  8
marco-fino
100
AcDbLine
 10
36.25
 20
-0.6000000000000001
 30
0.0
 11
36.25
 21
-0.8
 31
0.0
  0
LINE
  5
B6
330
17
100
AcDbEntity
  8
terreno
100
AcDbLine
 10
-1.2
 20
-0.45
 30
0.0
 11
0.0
 21
-0.45
 31
0.0
  0
LINE
  5
B7
330
17
100
AcDbEntity
  8
terreno
100
AcDbLine
 10
-1.2
 20
-0.45
 30
0.0
 11
-1.3799999999999997
 21
-0.65
 31
0.0
  0
LINE
  5
B8
330
17
100
AcDbEntity
  8
terreno
100
AcDbLine
 10
-0.7799999999999997
 20
-0.45
 30
0.0
 11
-0.9600000000000002
 21
-0.65
 31
0.0
  0
LINE
  5
B9
330
17
100
AcDbEntity
  8
terreno
100
AcDbLine
 10
-0.36000000000000015
 20
-0.45
 30
0.0
 11
-0.5399999999999998
 21
-0.65
 31
0.0
  0
LINE
  5
BA
330
17
100
AcDbEntity
  8
terreno
100
AcDbLine
 10
24.0
 20
-0.45
 30
0.0
 11
25.2
 21
-0.45
 31
0.0
  0
LINE
  5
BB
330
17
100
AcDbEntity
  8
terreno
100
AcDbLine
 10
24.0
 20
-0.45
 30
0.0
 11
23.82
 21
-0.65
 31
0.0
  0
LINE
  5
BC
330
17
100
AcDbEntity
  8
terreno
100
AcDbLine
 10
24.420000000000005
 20
-0.45
 30
0.0
 11
24.240000000000002
 21
-0.65
 31
0.0
  0
LINE
  5
BD
330
17
100
AcDbEntity
  8
terreno
100
AcDbLine
 10
24.840000000000003
 20
-0.45
 30
0.0
 11
24.660000000000004
 21
-0.65
 31
0.0
  0
LINE
  5
BE
330
17
100
AcDbEntity
  8
terreno
100
AcDbLine
 10
-0.5656854249492383
 20
-1.65
 30
0.0
 11
0.0
 21
-1.0843145750507617
 31
0.0
  0
LINE
  5
BF
330
17
100
AcDbEntity
  8
terreno
100
AcDbLine
 10
-1.1313708498984767
 20
-1.65
 30
0.0
 11
0.0
 21
-0.5186291501015233
 31
0.0
  0
LINE
  5
C0
330
17
100
AcDbEntity
  8
terreno
100
AcDbLine
 10
-1.2
 20
-1.152943725152285
 30
0.0
 11
-0.49705627484771425
 21
-0.45
 31
0.0
  0
LINE
  5
C1
330
17
100
AcDbEntity
  8
terreno
100
AcDbLine
 10
-1.2
 20
-0.5872583002030467
 30
0.0
 11
-1.0627416997969519
 21
-0.45
 31
0.0
  0
LINE
  5
C2
330
17
100
AcDbEntity
  8
terreno
100
AcDbLine
 10
24.634314575050762
 20
-1.65
 30
0.0
 11
25.199999999999996
 21
-1.084314575050763
 31
0.0
  0
LINE
  5
C3
330
17
100
AcDbEntity
  8
terreno
100
AcDbLine
 10
24.068629150101522
 20
-1.65
 30
0.0
 11
25.2
 21
-0.5186291501015233
 31
0.0
  0
LINE
  5
C4
330
17
100
AcDbEntity
  8
terreno
100
AcDbLine
 10
24.0
 20
-1.1529437251522836
 30
0.0
 11
24.702943725152284
 21
-0.4500000000000014
 31
0.0
  0
LINE
  5
C5
330
17
100
AcDbEntity
  8
terreno
100
AcDbLine
 10
24.0
 20
-0.5872583002030438
 30
0.0
 11
24.13725830020304
 21
-0.4500000000000014
 31
0.0
  0
LWPOLYLINE
  5
C6
330
17
100
AcDbEntity
  8
hormigon
100
AcDbPolyline
 90
4
 70
1
 10
0.0
 20
-0.45
 10
24.0
 20
-0.45
 10
24.0
 20
0.0
 10
0.0
 20
0.0
  0
LINE
  5
C7
330
17
100
AcDbEntity
  8
hatch
100
AcDbLine
 10
23.85857864376269
 20
-0.45000000000000107
 30
0.0
 11
24.0
 21
-0.30857864376269006
 31
0.0
  0
LINE
  5
C8
330
17
100
AcDbEntity
  8
hatch
100
AcDbLine
 10
23.71715728752538
 20
-0.45000000000000107
 30
0.0
 11
24.0
 21
-0.1671572875253844
 31
0.0
  0
LINE
  5
C9
330
17
100
AcDbEntity
  8
hatch
100
AcDbLine
 10
23.575735931288072
 20
-0.45000000000000107
 30
0.0
 11
24.0
 21
-0.025735931288071612
 31
0.0
  0
LINE
  5
CA
330
17
100
AcDbEntity
  8
hatch
100
AcDbLine
 10
23.434314575050763
 20
-0.45000000000000107
 30
0.0
 11
23.884314575050766
 21
0.0
 31
0.0
  0
LINE
  5
CB
330
17
100
AcDbEntity
  8
hatch
100
AcDbLine
 10
23.292893218813454
 20
-0.45000000000000107
 30
0.0
 11
23.742893218813457
 21
0.0
 31
0.0
  0
LINE
  5
CC
330
17
100
AcDbEntity
  8
hatch
100
AcDbLine
 10
23.15147186257614
 20
-0.4499999999999993
 30
0.0
 11
23.60147186257614
 21
1.7763568394002505e-15
 31
0.0
  0
LINE
  5
CD
330
17
100
AcDbEntity
  8
hatch
100
AcDbLine
 10
23.010050506338835
 20
-0.4499999999999993
 30
0.0
 11
23.46005050633884
 21
1.7763568394002505e-15
 31
0.0
  0
LINE
  5
CE
330
17
100
AcDbEntity
  8
hatch
100
AcDbLine
 10
22.868629150101526
 20
-0.45000000000000107
 30
0.0
 11
23.318629150101525
 21
0.0
 31
0.0
  0
LINE
  5
CF
330
17
100
AcDbEntity
  8
hatch
100
AcDbLine
 10
22.727207793864217
 20
-0.4499999999999993
 30
0.0
 11
23.17720779386422
 21
1.7763568394002505e-15
 31
0.0
  0
LINE
  5
D0
330
17
100
AcDbEntity
  8
hatch
100
AcDbLine
 10
22.585786437626908
 20
-0.4499999999999993
 30
0.0
 11
23.035786437626907
 21
0.0
 31
0.0
  0
LINE
  5
D1
330
17
100
AcDbEntity
  8
hatch
100
AcDbLine
 10
22.4443650813896
 20
-0.4499999999999975
 30
0.0
 11
22.894365081389594
 21
0.0
 31
0.0
  0
LINE
  5
D2
330
17
100
AcDbEntity
  8
hatch
100
AcDbLine
 10
22.30294372515229
 20
-0.4499999999999993
 30
0.0
 11
22.75294372515229
 21
0.0
 31
0.0
  0
LINE
  5
D3
330
17
100
AcDbEntity
  8
hatch
100
AcDbLine
 10
22.16152236891498
 20
-0.4499999999999975
 30
0.0
 11
22.611522368914976
 21
1.7763568394002505e-15
 31
0.0
  0
LINE
  5
D4
330
17
100
AcDbEntity
  8
hatch
100
AcDbLine
 10
22.02010101267767
 20
-0.4499999999999975
 30
0.0
 11
22.470101012677667
 21
1.7763568394002505e-15
 31
0.0
  0
LINE
  5
D5
330
17
100
AcDbEntity
  8
hatch
100
AcDbLine
 10
21.87867965644036
 20
-0.4499999999999975
 30
0.0
 11
22.328679656440357
 21
1.7763568394002505e-15
 31
0.0
  0
LINE
  5
D6
330
17
100
AcDbEntity
  8
hatch
100
AcDbLine
 10
21.737258300203052
 20
-0.4499999999999975
 30
0.0
 11
22.187258300203048
 21
1.7763568394002505e-15
 31
0.0
  0
LINE
  5
D7
330
17
100
AcDbEntity
  8
hatch
100
AcDbLine
 10
21.595836943965743
 20
-0.4499999999999975
 30
0.0
 11
22.04583694396574
 21
1.7763568394002505e-15
 31
0.0
  0
LINE
  5
D8
330
17
100
AcDbEntity
  8
hatch
100
AcDbLine
 10
21.45441558772843
 20
-0.4499999999999993
 30
0.0
 11
21.90441558772843
 21
0.0
 31
0.0
  0
LINE
  5
D9
330
17
100
AcDbEntity
  8
hatch
100
AcDbLine
 10
21.31299423149112
 20
-0.4499999999999993
 30
0.0
 11
21.76299423149112
 21
0.0
 31
0.0
  0
LINE
  5
DA
330
17
100
AcDbEntity
  8
hatch
100
AcDbLine
 10
21.171572875253812
 20
-0.4499999999999993
 30
0.0
 11
21.62157287525381
 21
0.0
 31
0.0
  0
LINE
  5
DB
330
17
100
AcDbEntity
  8
hatch
100
AcDbLine
 10
21.030151519016503
 20
-0.4499999999999975
 30
0.0
 11
21.480151519016502
 21
0.0
 31
0.0
  0
LINE
  5
DC
330
17
100
AcDbEntity
  8
hatch
100
AcDbLine
 10
20.888730162779197
 20
-0.4499999999999975
 30
0.0
 11
21.338730162779193
 21
0.0
 31
0.0
  0
LINE
  5
DD
330
17
100
AcDbEntity
  8
hatch
100
AcDbLine
 10
20.74730880654188
 20
-0.4499999999999993
 30
0.0
 11
21.197308806541884
 21
1.7763568394002505e-15
 31
0.0
  0
LINE
  5
DE
330
17
100
AcDbEntity
  8
hatch
100
AcDbLine
 10
20.605887450304575
 20
-0.4499999999999975
 30
0.0
 11
21.055887450304574
 21
1.7763568394002505e-15
 31
0.0
  0
LINE
  5
DF
330
17
100
AcDbEntity
  8
hatch
100
AcDbLine
 10
20.464466094067266
 20
-0.4499999999999975
 30
0.0
 11
20.914466094067265
 21
1.7763568394002505e-15
 31
0.0
  0
LINE
  5
E0
330
17
100
AcDbEntity
  8
hatch
100
AcDbLine
 10
20.323044737829957
 20
-0.4499999999999993
 30
0.0
 11
20.773044737829956
 21
0.0
 31
0.0
  0
LINE
  5
E1
330
17
100
AcDbEntity
  8
hatch
100
AcDbLine
 10
20.181623381592644
 20
-0.4499999999999993
 30
0.0
 11
20.631623381592647
 21
0.0
 31
0.0
  0
LINE
  5
E2
330
17
100
AcDbEntity
  8
hatch
100
AcDbLine
 10
20.040202025355335
 20
-0.4499999999999993
 30
0.0
 11
20.490202025355334
 21
0.0
 31
0.0
  0
LINE
  5
E3
330
17
100
AcDbEntity
  8
hatch
100
AcDbLine
 10
19.898780669118025
 20
-0.4499999999999975
 30
0.0
 11
20.348780669118025
 21
1.7763568394002505e-15
 31
0.0
  0
LINE
  5
E4
330
17
100
AcDbEntity
  8
hatch
100
AcDbLine
 10
19.757359312880716
 20
-0.4499999999999975
 30
0.0
 11
20.20735931288072
 21
1.7763568394002505e-15
 31
0.0
  0
LINE
  5
E5
330
17
100
AcDbEntity
  8
hatch
100
AcDbLine
 10
19.615937956643407
 20
-0.4499999999999993
 30
0.0
 11
20.06593795664341
 21
1.7763568394002505e-15
 31
0.0
  0
LINE
  5
E6
330
17
100
AcDbEntity
  8
hatch
100
AcDbLine
 10
19.474516600406098
 20
-0.4499999999999993
 30
0.0
 11
19.9245166004061
 21
1.7763568394002505e-15
 31
0.0
  0
LINE
  5
E7
330
17
100
AcDbEntity
  8
hatch
100
AcDbLine
 10
19.33309524416879
 20
-0.4499999999999993
 30
0.0
 11
19.783095244168788
 21
0.0
 31
0.0
  0
LINE
  5
E8
330
17
100
AcDbEntity
  8
hatch
100
AcDbLine
 10
19.19167388793148
 20
-0.4499999999999993
 30
0.0
 11
19.64167388793148
 21
0.0
 31
0.0
  0
LINE
  5
E9
330
17
100
AcDbEntity
  8
hatch
100
AcDbLine
 10
19.05025253169417
 20
-0.4499999999999993
 30
0.0
 11
19.50025253169417
 21
0.0
 31
0.0
  0
LINE
  5
EA
330
17
100
AcDbEntity
  8
hatch
100
AcDbLine
 10
18.90883117545686
 20
-0.4499999999999993
 30
0.0
 11
19.35883117545686
 21
0.0
 31
0.0
  0
LINE
  5
EB
330
17
100
AcDbEntity
  8
hatch
100
AcDbLine
 10
18.76740981921955
 20
-0.4499999999999993
 30
0.0
 11
19.21740981921955
 21
0.0
 31
0.0
  0
LINE
  5
EC
330
17
100
AcDbEntity
  8
hatch
100
AcDbLine
 10
18.625988462982242
 20
-0.4499999999999975
 30
0.0
 11
19.075988462982238
 21
1.7763568394002505e-15
 31
0.0
  0
LINE
  5
ED
330
17
100
AcDbEntity
  8
hatch
100
AcDbLine
 10
18.48456710674493
 20
-0.4499999999999993
 30
0.0
 11
18.93456710674493
 21
0.0
 31
0.0
  0
LINE
  5
EE
330
17
100
AcDbEntity
  8
hatch
100
AcDbLine
 10
18.34314575050762
 20
-0.4499999999999993
 30
0.0
 11
18.79314575050762
 21
1.7763568394002505e-15
 31
0.0
  0
LINE
  5
EF
330
17
100
AcDbEntity
  8
hatch
100
AcDbLine
 10
18.201724394270308
 20
-0.4499999999999993
 30
0.0
 11
18.65172439427031
 21
0.0
 31
0.0
  0
LINE
  5
F0
330
17
100
AcDbEntity
  8
hatch
100
AcDbLine
 10
18.060303038033005
 20
-0.4499999999999975
 30
0.0
 11
18.510303038033005
 21
1.7763568394002505e-15
 31
0.0
  0
LINE
  5
F1
330
17
100
AcDbEntity
  8
hatch
100
AcDbLine
 10
17.918881681795693
 20
-0.4499999999999993
 30
0.0
 11
18.368881681795692
 21
0.0
 31
0.0
  0
LINE
  5
F2
330
17
100
AcDbEntity
  8
hatch
100
AcDbLine
 10
17.777460325558383
 20
-0.4499999999999993
 30
0.0
 11
18.227460325558383
 21
0.0
 31
0.0
  0
LINE
  5
F3
330
17
100
AcDbEntity
  8
hatch
100
AcDbLine
 10
17.636038969321074
 20
-0.4499999999999993
 30
0.0
 11
18.086038969321073
 21
0.0
 31
0.0
  0
LINE
  5
F4
330
17
100
AcDbEntity
  8
hatch
100
AcDbLine
 10
17.49461761308376
 20
-0.4499999999999975
 30
0.0
 11
17.944617613083764
 21
1.7763568394002505e-15
 31
0.0
  0
LINE
  5
F5
330
17
100
AcDbEntity
  8
hatch
100
AcDbLine
 10
17.353196256846456
 20
-0.4499999999999975
 30
0.0
 11
17.803196256846455
 21
1.7763568394002505e-15
 31
0.0
  0
LINE
  5
F6
330
17
100
AcDbEntity
  8
hatch
100
AcDbLine
 10
17.211774900609143
 20
-0.4499999999999993
 30
0.0
 11
17.661774900609146
 21
1.7763568394002505e-15
 31
0.0
  0
LINE
  5
F7
330
17
100
AcDbEntity
  8
hatch
100
AcDbLine
 10
17.070353544371834
 20
-0.4499999999999993
 30
0.0
 11
17.520353544371837
 21
0.0
 31
0.0
  0
LINE
  5
F8
330
17
100
AcDbEntity
  8
hatch
100
AcDbLine
 10
16.928932188134528
 20
-0.4499999999999975
 30
0.0
 11
17.378932188134527
 21
1.7763568394002505e-15
 31
0.0
  0
LINE
  5
F9
330
17
100
AcDbEntity
  8
hatch
100
AcDbLine
 10
16.787510831897215
 20
-0.4499999999999975
 30
0.0
 11
17.237510831897215
 21
0.0
 31
0.0
  0
LINE
  5
FA
330
17
100
AcDbEntity
  8
hatch
100
AcDbLine
 10
16.646089475659906
 20
-0.4499999999999993
 30
0.0
 11
17.09608947565991
 21
0.0
 31
0.0
  0
LINE
  5
FB
330
17
100
AcDbEntity
  8
hatch
100
AcDbLine
 10
16.504668119422597
 20
-0.4499999999999993
 30
0.0
 11
16.954668119422596
 21
1.7763568394002505e-15
 31
0.0
  0
LINE
  5
FC
330
17
100
AcDbEntity
  8
hatch
100
AcDbLine
 10
16.363246763185288
 20
-0.4499999999999975
 30
0.0
 11
16.813246763185287
 21
0.0
 31
0.0
  0
LINE
  5
FD
330
17
100
AcDbEntity
  8
hatch
100
AcDbLine
 10
16.22182540694798
 20
-0.4499999999999975
 30
0.0
 11
16.671825406947978
 21
1.7763568394002505e-15
 31
0.0
  0
LINE
  5
FE
330
17
100
AcDbEntity
  8
hatch
100
AcDbLine
 10
16.08040405071067
 20
-0.4499999999999984
 30
0.0
 11
16.530404050710665
 21
0.0
 31
0.0
  0
LINE
  5
FF
330
17
100
AcDbEntity
  8
hatch
100
AcDbLine
 10
15.93898269447336
 20
-0.4499999999999984
 30
0.0
 11
16.388982694473363
 21
1.7763568394002505e-15
 31
0.0
  0
LINE
  5
100
330
17
100
AcDbEntity
  8
hatch
100
AcDbLine
 10
15.79756133823605
 20
-0.4500000000000002
 30
0.0
 11
16.247561338236046
 21
0.0
 31
0.0
  0
LINE
  5
101
330
17
100
AcDbEntity
  8
hatch
100
AcDbLine
 10
15.656139981998741
 20
-0.4499999999999984
 30
0.0
 11
16.106139981998737
 21
0.0
 31
0.0
  0
LINE
  5
102
330
17
100
AcDbEntity
  8
hatch
100
AcDbLine
 10
15.514718625761432
 20
-0.4499999999999984
 30
0.0
 11
15.964718625761432
 21
0.0
 31
0.0
  0
LINE
  5
103
330
17
100
AcDbEntity
  8
hatch
100
AcDbLine
 10
15.37329726952412
 20
-0.4499999999999993
 30
0.0
 11
15.82329726952412
 21
8.881784197001252e-16
 31
0.0
  0
LINE
  5
104
330
17
100
AcDbEntity
  8
hatch
100
AcDbLine
 10
15.231875913286814
 20
-0.4499999999999993
 30
0.0
 11
15.681875913286813
 21
0.0
 31
0.0
  0
LINE
  5
105
330
17
100
AcDbEntity
  8
hatch
100
AcDbLine
 10
15.090454557049503
 20
-0.4499999999999975
 30
0.0
 11
15.540454557049502
 21
1.7763568394002505e-15
 31
0.0
  0
LINE
  5
106
330
17
100
AcDbEntity
  8
hatch
100
AcDbLine
 10
14.949033200812192
 20
-0.4499999999999984
 30
0.0
 11
15.399033200812191
 21
0.0
 31
0.0
  0
LINE
  5
107
330
17
100
AcDbEntity
  8
hatch
100
AcDbLine
 10
14.807611844574883
 20
-0.4499999999999984
 30
0.0
 11
15.257611844574884
 21
1.7763568394002505e-15
 31
0.0
  0
LINE
  5
108
330
17
100
AcDbEntity
  8
hatch
100
AcDbLine
 10
14.666190488337573
 20
-0.4499999999999984
 30
0.0
 11
15.116190488337573
 21
0.0
 31
0.0
  0
LINE
  5
109
330
17
100
AcDbEntity
  8
hatch
100
AcDbLine
 10
14.524769132100268
 20
-0.4499999999999984
 30
0.0
 11
14.974769132100267
 21
8.881784197001252e-16
 31
0.0
  0
LINE
  5
10A
330
17
100
AcDbEntity
  8
hatch
100
AcDbLine
 10
14.383347775862955
 20
-0.4499999999999984
 30
0.0
 11
14.833347775862954
 21
8.881784197001252e-16
 31
0.0
  0
LINE
  5
10B
330
17
100
AcDbEntity
  8
hatch
100
AcDbLine
 10
14.241926419625646
 20
-0.4499999999999993
 30
0.0
 11
14.691926419625645
 21
0.0
 31
0.0
  0
LINE
  5
10C
330
17
100
AcDbEntity
  8
hatch
100
AcDbLine
 10
14.100505063388336
 20
-0.4499999999999993
 30
0.0
 11
14.550505063388336
 21
0.0
 31
0.0
  0
LINE
  5
10D
330
17
100
AcDbEntity
  8
hatch
100
AcDbLine
 10
13.959083707151024
 20
-0.4499999999999984
 30
0.0
 11
14.409083707151023
 21
8.881784197001252e-16
 31
0.0
  0
LINE
  5
10E
330
17
100
AcDbEntity
  8
hatch
100
AcDbLine
 10
13.817662350913718
 20
-0.4499999999999993
 30
0.0
 11
14.267662350913717
 21
0.0
 31
0.0
  0
LINE
  5
10F
330
17
100
AcDbEntity
  8
hatch
100
AcDbLine
 10
13.676240994676405
 20
-0.4499999999999993
 30
0.0
 11
14.126240994676404
 21
0.0
 31
0.0
  0
LINE
  5
110
330
17
100
AcDbEntity
  8
hatch
100
AcDbLine
 10
13.534819638439098
 20
-0.4499999999999993
 30
0.0
 11
13.984819638439097
 21
0.0
 31
0.0
  0
LINE
  5
111
330
17
100
AcDbEntity
  8
hatch
100
AcDbLine
 10
13.393398282201789
 20
-0.4499999999999993
 30
0.0
 11
13.843398282201788
 21
0.0
 31
0.0
  0
LINE
  5
112
330
17
100
AcDbEntity
  8
hatch
100
AcDbLine
 10
13.251976925964478
 20
-0.4499999999999984
 30
0.0
 11
13.701976925964477
 21
8.881784197001252e-16
 31
0.0
  0
LINE
  5
113
330
17
100
AcDbEntity
  8
hatch
100
AcDbLine
 10
13.110555569727172
 20
-0.4499999999999984
 30
0.0
 11
13.560555569727171
 21
0.0
 31
0.0
  0
LINE
  5
114
330
17
100
AcDbEntity
  8
hatch
100
AcDbLine
 10
12.969134213489859
 20
-0.4499999999999993
 30
0.0
 11
13.41913421348986
 21
8.881784197001252e-16
 31
0.0
  0
LINE
  5
115
330
17
100
AcDbEntity
  8
hatch
100
AcDbLine
 10
12.82771285725255
 20
-0.4499999999999993
 30
0.0
 11
13.27771285725255
 21
0.0
 31
0.0
  0
LINE
  5
116
330
17
100
AcDbEntity
  8
hatch
100
AcDbLine
 10
12.686291501015242
 20
-0.4499999999999975
 30
0.0
 11
13.136291501015242
 21
1.7763568394002505e-15
 31
0.0
  0
LINE
  5
117
330
17
100
AcDbEntity
  8
hatch
100
AcDbLine
 10
12.544870144777931
 20
-0.4499999999999984
 30
0.0
 11
12.99487014477793
 21
0.0
 31
0.0
  0
LINE
  5
118
330
17
100
AcDbEntity
  8
hatch
100
AcDbLine
 10
12.40344878854062
 20
-0.4499999999999993
 30
0.0
 11
12.85344878854062
 21
0.0
 31
0.0
  0
LINE
  5
119
330
17
100
AcDbEntity
  8
hatch
100
AcDbLine
 10
12.262027432303313
 20
-0.4499999999999984
 30
0.0
 11
12.71202743230331
 21
0.0
 31
0.0
  0
LINE
  5
11A
330
17
100
AcDbEntity
  8
hatch
100
AcDbLine
 10
12.120606076066004
 20
-0.4499999999999984
 30
0.0
 11
12.570606076066003
 21
0.0
 31
0.0
  0
LINE
  5
11B
330
17
100
AcDbEntity
  8
hatch
100
AcDbLine
 10
11.979184719828694
 20
-0.4499999999999984
 30
0.0
 11
12.429184719828694
 21
8.881784197001252e-16
 31
0.0
  0
LINE
  5
11C
330
17
100
AcDbEntity
  8
hatch
100
AcDbLine
 10
11.837763363591385
 20
-0.4499999999999984
 30
0.0
 11
12.287763363591385
 21
8.881784197001252e-16
 31
0.0
  0
LINE
  5
11D
330
17
100
AcDbEntity
  8
hatch
100
AcDbLine
 10
11.696342007354072
 20
-0.4499999999999993
 30
0.0
 11
12.146342007354072
 21
0.0
 31
0.0
  0
LINE
  5
11E
330
17
100
AcDbEntity
  8
hatch
100
AcDbLine
 10
11.554920651116763
 20
-0.4499999999999993
 30
0.0
 11
12.004920651116763
 21
8.881784197001252e-16
 31
0.0
  0
LINE
  5
11F
330
17
100
AcDbEntity
  8
hatch
100
AcDbLine
 10
11.413499294879454
 20
-0.4499999999999993
 30
0.0
 11
11.863499294879453
 21
8.881784197001252e-16
 31
0.0
  0
LINE
  5
120
330
17
100
AcDbEntity
  8
hatch
100
AcDbLine
 10
11.272077938642145
 20
-0.4499999999999993
 30
0.0
 11
11.722077938642144
 21
8.881784197001252e-16
 31
0.0
  0
LINE
  5
121
330
17
100
AcDbEntity
  8
hatch
100
AcDbLine
 10
11.130656582404836
 20
-0.4500000000000002
 30
0.0
 11
11.580656582404837
 21
0.0
 31
0.0
  0
LINE
  5
122
330
17
100
AcDbEntity
  8
hatch
100
AcDbLine
 10
10.989235226167523
 20
-0.4500000000000002
 30
0.0
 11
11.439235226167526
 21
8.881784197001252e-16
 31
0.0
  0
LINE
  5
123
330
17
100
AcDbEntity
  8
hatch
100
AcDbLine
 10
10.847813869930215
 20
-0.4499999999999993
 30
0.0
 11
11.297813869930216
 21
8.881784197001252e-16
 31
0.0
  0
LINE
  5
124
330
17
100
AcDbEntity
  8
hatch
100
AcDbLine
 10
10.706392513692906
 20
-0.4500000000000002
 30
0.0
 11
11.156392513692905
 21
0.0
 31
0.0
  0
LINE
  5
125
330
17
100
AcDbEntity
  8
hatch
100
AcDbLine
 10
10.564971157455599
 20
-0.4500000000000002
 30
0.0
 11
11.014971157455598
 21
0.0
 31
0.0
  0
LINE
  5
126
330
17
100
AcDbEntity
  8
hatch
100
AcDbLine
 10
10.423549801218286
 20
-0.4500000000000002
 30
0.0
 11
10.873549801218285
 21
8.881784197001252e-16
 31
0.0
  0
LINE
  5
127
330
17
100
AcDbEntity
  8
hatch
100
AcDbLine
 10
10.282128444980977
 20
-0.4499999999999993
 30
0.0
 11
10.732128444980976
 21
8.881784197001252e-16
 31
0.0
  0
LINE
  5
128
330
17
100
AcDbEntity
  8
hatch
100
AcDbLine
 10
10.140707088743667
 20
-0.45000000000000107
 30
0.0
 11
10.590707088743667
 21
-8.881784197001252e-16
 31
0.0
  0
LINE
  5
129
330
17
100
AcDbEntity
  8
hatch
100
AcDbLine
 10
9.999285732506358
 20
-0.4500000000000002
 30
0.0
 11
10.44928573250636
 21
0.0
 31
0.0
  0
LINE
  5
12A
330
17
100
AcDbEntity
  8
hatch
100
AcDbLine
 10
9.857864376269049
 20
-0.45000000000000107
 30
0.0
 11
10.30786437626905
 21
0.0
 31
0.0
  0
LINE
  5
12B
330
17
100
AcDbEntity
  8
hatch
100
AcDbLine
 10
9.71644302003174
 20
-0.4500000000000002
 30
0.0
 11
10.166443020031739
 21
0.0
 31
0.0
  0
LINE
  5
12C
330
17
100
AcDbEntity
  8
hatch
100
AcDbLine
 10
9.575021663794429
 20
-0.45000000000000107
 30
0.0
 11
10.02502166379443
 21
-8.881784197001252e-16
 31
0.0
  0
LINE
  5
12D
330
17
100
AcDbEntity
  8
hatch
100
AcDbLine
 10
9.433600307557121
 20
-0.4500000000000002
 30
0.0
 11
9.88360030755712
 21
0.0
 31
0.0
  0
LINE
  5
12E
330
17
100
AcDbEntity
  8
hatch
100
AcDbLine
 10
9.29217895131981
 20
-0.4500000000000002
 30
0.0
 11
9.742178951319811
 21
0.0
 31
0.0
  0
LINE
  5
12F
330
17
100
AcDbEntity
  8
hatch
100
AcDbLine
 10
9.150757595082503
 20
-0.4500000000000002
 30
0.0
 11
9.600757595082502
 21
8.881784197001252e-16
 31
0.0
  0
LINE
  5
130
330
17
100
AcDbEntity
  8
hatch
100
AcDbLine
 10
9.00933623884519
 20
-0.4500000000000002
 30
0.0
 11
9.459336238845191
 21
0.0
 31
0.0
  0
LINE
  5
131
330
17
100
AcDbEntity
  8
hatch
100
AcDbLine
 10
8.86791488260788
 20
-0.4500000000000002
 30
0.0
 11
9.31791488260788
 21
-8.881784197001252e-16
 31
0.0
  0
LINE
  5
132
330
17
100
AcDbEntity
  8
hatch
100
AcDbLine
 10
8.726493526370572
 20
-0.4500000000000002
 30
0.0
 11
9.176493526370573
 21
8.881784197001252e-16
 31
0.0
  0
LINE
  5
133
330
17
100
AcDbEntity
  8
hatch
100
AcDbLine
 10
8.585072170133262
 20
-0.4500000000000002
 30
0.0
 11
9.035072170133263
 21
8.881784197001252e-16
 31
0.0
  0
LINE
  5
134
330
17
100
AcDbEntity
  8
hatch
100
AcDbLine
 10
8.443650813895955
 20
-0.44999999999999973
 30
0.0
 11
8.893650813895956
 21
8.881784197001252e-16
 31
0.0
  0
LINE
  5
135
330
17
100
AcDbEntity
  8
hatch
100
AcDbLine
 10
8.302229457658642
 20
-0.4500000000000006
 30
0.0
 11
8.752229457658643
 21
-8.881784197001252e-16
 31
0.0
  0
LINE
  5
136
330
17
100
AcDbEntity
  8
hatch
100
AcDbLine
 10
8.160808101421335
 20
-0.44999999999999973
 30
0.0
 11
8.610808101421334
 21
8.881784197001252e-16
 31
0.0
  0
LINE
  5
137
330
17
100
AcDbEntity
  8
hatch
100
AcDbLine
 10
8.019386745184024
 20
-0.4500000000000002
 30
0.0
 11
8.469386745184025
 21
8.881784197001252e-16
 31
0.0
  0
LINE
  5
138
330
17
100
AcDbEntity
  8
hatch
100
AcDbLine
 10
7.877965388946716
 20
-0.4499999999999993
 30
0.0
 11
8.327965388946717
 21
8.881784197001252e-16
 31
0.0
  0
LINE
  5
139
330
17
100
AcDbEntity
  8
hatch
100
AcDbLine
 10
7.736544032709407
 20
-0.4500000000000002
 30
0.0
 11
8.186544032709406
 21
0.0
 31
0.0
  0
LINE
  5
13A
330
17
100
AcDbEntity
  8
hatch
100
AcDbLine
 10
7.595122676472095
 20
-0.44999999999999973
 30
0.0
 11
8.045122676472095
 21
8.881784197001252e-16
 31
0.0
  0
LINE
  5
13B
330
17
100
AcDbEntity
  8
hatch
100
AcDbLine
 10
7.453701320234786
 20
-0.4500000000000002
 30
0.0
 11
7.903701320234787
 21
8.881784197001252e-16
 31
0.0
  0
LINE
  5
13C
330
17
100
AcDbEntity
  8
hatch
100
AcDbLine
 10
7.312279963997478
 20
-0.44999999999999973
 30
0.0
 11
7.762279963997478
 21
4.440892098500626e-16
 31
0.0
  0
LINE
  5
13D
330
17
100
AcDbEntity
  8
hatch
100
AcDbLine
 10
7.170858607760168
 20
-0.4500000000000002
 30
0.0
 11
7.620858607760168
 21
-4.440892098500626e-16
 31
0.0
  0
LINE
  5
13E
330
17
100
AcDbEntity
  8
hatch
100
AcDbLine
 10
7.029437251522859
 20
-0.44999999999999973
 30
0.0
 11
7.47943725152286
 21
8.881784197001252e-16
 31
0.0
  0
LINE
  5
13F
330
17
100
AcDbEntity
  8
hatch
100
AcDbLine
 10
6.888015895285547
 20
-0.4500000000000006
 30
0.0
 11
7.338015895285548
 21
4.440892098500626e-16
 31
0.0
  0
LINE
  5
140
330
17
100
AcDbEntity
  8
hatch
100
AcDbLine
 10
6.746594539048239
 20
-0.4500000000000002
 30
0.0
 11
7.19659453904824
 21
4.440892098500626e-16
 31
0.0
  0
LINE
  5
141
330
17
100
AcDbEntity
  8
hatch
100
AcDbLine
 10
6.60517318281093
 20
-0.4500000000000002
 30
0.0
 11
7.055173182810929
 21
-4.440892098500626e-16
 31
0.0
  0
LINE
  5
142
330
17
100
AcDbEntity
  8
hatch
100
AcDbLine
 10
6.4637518265736205
 20
-0.4500000000000002
 30
0.0
 11
6.91375182657362
 21
-4.440892098500626e-16
 31
0.0
  0
LINE
  5
143
330
17
100
AcDbEntity
  8
hatch
100
AcDbLine
 10
6.322330470336311
 20
-0.4500000000000002
 30
0.0
 11
6.772330470336312
 21
8.881784197001252e-16
 31
0.0
  0
LINE
  5
144
330
17
100
AcDbEntity
  8
hatch
100
AcDbLine
 10
6.180909114099
 20
-0.4500000000000002
 30
0.0
 11
6.630909114099001
 21
8.881784197001252e-16
 31
0.0
  0
LINE
  5
145
330
17
100
AcDbEntity
  8
hatch
100
AcDbLine
 10
6.039487757861691
 20
-0.44999999999999973
 30
0.0
 11
6.48948775786169
 21
-4.440892098500626e-16
 31
0.0
  0
LINE
  5
146
330
17
100
AcDbEntity
  8
hatch
100
AcDbLine
 10
5.898066401624382
 20
-0.44999999999999973
 30
0.0
 11
6.348066401624381
 21
-4.440892098500626e-16
 31
0.0
  0
LINE
  5
147
330
17
100
AcDbEntity
  8
hatch
100
AcDbLine
 10
5.7566450453870734
 20
-0.4500000000000002
 30
0.0
 11
6.206645045387074
 21
4.440892098500626e-16
 31
0.0
  0
LINE
  5
148
330
17
100
AcDbEntity
  8
hatch
100
AcDbLine
 10
5.615223689149764
 20
-0.44999999999999973
 30
0.0
 11
6.065223689149765
 21
8.881784197001252e-16
 31
0.0
  0
LINE
  5
149
330
17
100
AcDbEntity
  8
hatch
100
AcDbLine
 10
5.473802332912452
 20
-0.44999999999999973
 30
0.0
 11
5.923802332912452
 21
-4.440892098500626e-16
 31
0.0
  0
LINE
  5
14A
330
17
100
AcDbEntity
  8
hatch
100
AcDbLine
 10
5.332380976675143
 20
-0.4500000000000002
 30
0.0
 11
5.782380976675143
 21
-8.881784197001252e-16
 31
0.0
  0
LINE
  5
14B
330
17
100
AcDbEntity
  8
hatch
100
AcDbLine
 10
5.190959620437835
 20
-0.44999999999999973
 30
0.0
 11
5.640959620437836
 21
8.881784197001252e-16
 31
0.0
  0
LINE
  5
14C
330
17
100
AcDbEntity
  8
hatch
100
AcDbLine
 10
5.049538264200526
 20
-0.44999999999999973
 30
0.0
 11
5.499538264200527
 21
8.881784197001252e-16
 31
0.0
  0
LINE
  5
14D
330
17
100
AcDbEntity
  8
hatch
100
AcDbLine
 10
4.908116907963217
 20
-0.44999999999999973
 30
0.0
 11
5.3581169079632165
 21
-4.440892098500626e-16
 31
0.0
  0
LINE
  5
14E
330
17
100
AcDbEntity
  8
hatch
100
AcDbLine
 10
4.766695551725905
 20
-0.44999999999999973
 30
0.0
 11
5.2166955517259055
 21
-4.440892098500626e-16
 31
0.0
  0
LINE
  5
14F
330
17
100
AcDbEntity
  8
hatch
100
AcDbLine
 10
4.625274195488597
 20
-0.44999999999999973
 30
0.0
 11
5.075274195488596
 21
-4.440892098500626e-16
 31
0.0
  0
LINE
  5
150
330
17
100
AcDbEntity
  8
hatch
100
AcDbLine
 10
4.483852839251288
 20
-0.44999999999999973
 30
0.0
 11
4.933852839251288
 21
8.881784197001252e-16
 31
0.0
  0
LINE
  5
151
330
17
100
AcDbEntity
  8
hatch
100
AcDbLine
 10
4.3424314830139785
 20
-0.44999999999999996
 30
0.0
 11
4.792431483013978
 21
0.0
 31
0.0
  0
LINE
  5
152
330
17
100
AcDbEntity
  8
hatch
100
AcDbLine
 10
4.201010126776669
 20
-0.4500000000000002
 30
0.0
 11
4.651010126776669
 21
-4.440892098500626e-16
 31
0.0
  0
LINE
  5
153
330
17
100
AcDbEntity
  8
hatch
100
AcDbLine
 10
4.059588770539357
 20
-0.44999999999999996
 30
0.0
 11
4.509588770539358
 21
-4.440892098500626e-16
 31
0.0
  0
LINE
  5
154
330
17
100
AcDbEntity
  8
hatch
100
AcDbLine
 10
3.918167414302048
 20
-0.44999999999999996
 30
0.0
 11
4.368167414302049
 21
8.881784197001252e-16
 31
0.0
  0
LINE
  5
155
330
17
100
AcDbEntity
  8
hatch
100
AcDbLine
 10
3.77674605806474
 20
-0.4500000000000002
 30
0.0
 11
4.226746058064741
 21
8.881784197001252e-16
 31
0.0
  0
LINE
  5
156
330
17
100
AcDbEntity
  8
hatch
100
AcDbLine
 10
3.6353247018274306
 20
-0.4500000000000002
 30
0.0
 11
4.08532470182743
 21
-4.440892098500626e-16
 31
0.0
  0
LINE
  5
157
330
17
100
AcDbEntity
  8
hatch
100
AcDbLine
 10
3.4939033455901214
 20
-0.44999999999999996
 30
0.0
 11
3.9439033455901216
 21
-2.220446049250313e-16
 31
0.0
  0
LINE
  5
158
330
17
100
AcDbEntity
  8
hatch
100
AcDbLine
 10
3.35248198935281
 20
-0.44999999999999996
 30
0.0
 11
3.8024819893528097
 21
-4.440892098500626e-16
 31
0.0
  0
LINE
  5
159
330
17
100
AcDbEntity
  8
hatch
100
AcDbLine
 10
3.2110606331155007
 20
-0.4500000000000002
 30
0.0
 11
3.6610606331155022
 21
1.1102230246251565e-15
 31
0.0
  0
LINE
  5
15A
330
17
100
AcDbEntity
  8
hatch
100
AcDbLine
 10
3.069639276878192
 20
-0.4500000000000002
 30
0.0
 11
3.519639276878192
 21
-2.220446049250313e-16
 31
0.0
  0
LINE
  5
15B
330
17
100
AcDbEntity
  8
hatch
100
AcDbLine
 10
2.9282179206408827
 20
-0.4500000000000002
 30
0.0
 11
3.378217920640883
 21
-2.220446049250313e-16
 31
0.0
  0
LINE
  5
15C
330
17
100
AcDbEntity
  8
hatch
100
AcDbLine
 10
2.786796564403574
 20
-0.4500000000000002
 30
0.0
 11
3.2367965644035737
 21
-2.220446049250313e-16
 31
0.0
  0
LINE
  5
15D
330
17
100
AcDbEntity
  8
hatch
100
AcDbLine
 10
2.6453752081662625
 20
-0.44999999999999996
 30
0.0
 11
3.0953752081662635
 21
8.881784197001252e-16
 31
0.0
  0
LINE
  5
15E
330
17
100
AcDbEntity
  8
hatch
100
AcDbLine
 10
2.5039538519289533
 20
-0.44999999999999996
 30
0.0
 11
2.9539538519289534
 21
-2.220446049250313e-16
 31
0.0
  0
LINE
  5
15F
330
17
100
AcDbEntity
  8
hatch
100
AcDbLine
 10
2.3625324956916445
 20
-0.45000000000000007
 30
0.0
 11
2.812532495691644
 21
-2.220446049250313e-16
 31
0.0
  0
LINE
  5
160
330
17
100
AcDbEntity
  8
hatch
100
AcDbLine
 10
2.2211111394543357
 20
-0.44999999999999996
 30
0.0
 11
2.671111139454335
 21
-2.220446049250313e-16
 31
0.0
  0
LINE
  5
161
330
17
100
AcDbEntity
  8
hatch
100
AcDbLine
 10
2.0796897832170265
 20
-0.44999999999999984
 30
0.0
 11
2.5296897832170275
 21
1.1102230246251565e-15
 31
0.0
  0
LINE
  5
162
330
17
100
AcDbEntity
  8
hatch
100
AcDbLine
 10
1.9382684269797146
 20
-0.44999999999999996
 30
0.0
 11
2.3882684269797148
 21
-2.220446049250313e-16
 31
0.0
  0
LINE
  5
163
330
17
100
AcDbEntity
  8
hatch
100
AcDbLine
 10
1.7968470707424058
 20
-0.45000000000000007
 30
0.0
 11
2.2468470707424055
 21
-2.220446049250313e-16
 31
0.0
  0
LINE
  5
164
330
17
100
AcDbEntity
  8
hatch
100
AcDbLine
 10
1.655425714505097
 20
-0.44999999999999996
 30
0.0
 11
2.1054257145050967
 21
0.0
 31
0.0
  0
LINE
  5
165
330
17
100
AcDbEntity
  8
hatch
100
AcDbLine
 10
1.5140043582677878
 20
-0.44999999999999996
 30
0.0
 11
1.9640043582677889
 21
1.1102230246251565e-15
 31
0.0
  0
LINE
  5
166
330
17
100
AcDbEntity
  8
hatch
100
AcDbLine
 10
1.3725830020304788
 20
-0.44999999999999996
 30
0.0
 11
1.8225830020304787
 21
-1.1102230246251565e-16
 31
0.0
  0
LINE
  5
167
330
17
100
AcDbEntity
  8
hatch
100
AcDbLine
 10
1.2311616457931673
 20
-0.44999999999999996
 30
0.0
 11
1.6811616457931673
 21
-1.1102230246251565e-16
 31
0.0
  0
LINE
  5
168
330
17
100
AcDbEntity
  8
hatch
100
AcDbLine
 10
1.0897402895558608
 20
-0.4499999999999999
 30
0.0
 11
1.5397402895558607
 21
-1.1102230246251565e-16
 31
0.0
  0
LINE
  5
169
330
17
100
AcDbEntity
  8
hatch
100
AcDbLine
 10
0.9483189333185493
 20
-0.44999999999999996
 30
0.0
 11
1.3983189333185493
 21
-1.1102230246251565e-16
 31
0.0
  0
LINE
  5
16A
330
17
100
AcDbEntity
  8
hatch
100
AcDbLine
 10
0.8068975770812378
 20
-0.44999999999999996
 30
0.0
 11
1.2568975770812378
 21
-1.1102230246251565e-16
 31
0.0
  0
LINE
  5
16B
330
17
100
AcDbEntity
  8
hatch
100
AcDbLine
 10
0.6654762208439312
 20
-0.44999999999999996
 30
0.0
 11
1.1154762208439313
 21
-1.1102230246251565e-16
 31
0.0
  0
LINE
  5
16C
330
17
100
AcDbEntity
  8
hatch
100
AcDbLine
 10
0.5240548646066197
 20
-0.44999999999999996
 30
0.0
 11
0.9740548646066196
 21
-5.551115123125783e-17
 31
0.0
  0
LINE
  5
16D
330
17
100
AcDbEntity
  8
hatch
100
AcDbLine
 10
0.3826335083693132
 20
-0.45
 30
0.0
 11
0.8326335083693133
 21
-5.551115123125783e-17
 31
0.0
  0
LINE
  5
16E
330
17
100
AcDbEntity
  8
hatch
100
AcDbLine
 10
0.24121215213200164
 20
-0.45
 30
0.0
 11
0.6912121521320016
 21
-5.551115123125783e-17
 31
0.0
  0
LINE
  5
16F
330
17
100
AcDbEntity
  8
hatch
100
AcDbLine
 10
0.09979079589469012
 20
-0.45
 30
0.0
 11
0.5497907958946902
 21
0.0
 31
0.0
  0
LINE
  5
170
330
17
100
AcDbEntity
  8
hatch
100
AcDbLine
 10
2.7755575615628914e-17
 20
-0.4083694396573836
 30
0.0
 11
0.4083694396573837
 21
-2.7755575615628914e-17
 31
0.0
  0
LINE
  5
171
330
17
100
AcDbEntity
  8
hatch
100
AcDbLine
 10
0.0
 20
-0.26694808342007215
 30
0.0
 11
0.26694808342007215
 21
0.0
 31
0.0
  0
LINE
  5
172
330
17
100
AcDbEntity
  8
hatch
100
AcDbLine
 10
0.0
 20
-0.12552672718276564
 30
0.0
 11
0.12552672718276564
 21
-1.3877787807814457e-17
 31
0.0
  0
LWPOLYLINE
  5
173
330
17
100
AcDbEntity
  8
muro-corte
100
AcDbPolyline
 90
4
 70
1
 10
0.0
 20
-0.45
 10
24.0
 20
-0.45
 10
24.0
 20
0.0
 10
0.0
 20
0.0
  0
LWPOLYLINE
  5
174
330
17
100
AcDbEntity
  8
sombra
100
AcDbPolyline
 90
4
 70
1
 10
0.0
 20
0.0
 10
24.0
 20
0.0
 10
24.0
 20
6.5
 10
0.0
 20
6.5
  0
LINE
  5
175
330
17
100
AcDbEntity
  8
hatch
100
AcDbLine
 10
23.85857864376269
 20
1.7763568394002505e-15
 30
0.0
 11
24.0
 21
0.14142135623731278
 31
0.0
  0
LINE
  5
176
330
17
100
AcDbEntity
  8
hatch
100
AcDbLine
 10
23.71715728752538
 20
0.0
 30
0.0
 11
24.0
 21
0.28284271247461845
 31
0.0
  0
LINE
  5
177
330
17
100
AcDbEntity
  8
hatch
100
AcDbLine
 10
23.575735931288072
 20
1.7763568394002505e-15
 30
0.0
 11
24.0
 21
0.42426406871193123
 31
0.0
  0
LINE
  5
178
330
17
100
AcDbEntity
  8
hatch
100
AcDbLine
 10
23.434314575050763
 20
0.0
 30
0.0
 11
24.0
 21
0.5656854249492369
 31
0.0
  0
LINE
  5
179
330
17
100
AcDbEntity
  8
hatch
100
AcDbLine
 10
23.292893218813454
 20
1.7763568394002505e-15
 30
0.0
 11
24.0
 21
0.7071067811865497
 31
0.0
  0
LINE
  5
17A
330
17
100
AcDbEntity
  8
hatch
100
AcDbLine
 10
23.15147186257614
 20
0.0
 30
0.0
 11
24.0
 21
0.8485281374238589
 31
0.0
  0
LINE
  5
17B
330
17
100
AcDbEntity
  8
hatch
100
AcDbLine
 10
23.010050506338835
 20
0.0
 30
0.0
 11
24.0
 21
0.9899494936611646
 31
0.0
  0
LINE
  5
17C
330
17
100
AcDbEntity
  8
hatch
100
AcDbLine
 10
22.868629150101523
 20
0.0
 30
0.0
 11
24.0
 21
1.1313708498984774
 31
0.0
  0
LINE
  5
17D
330
17
100
AcDbEntity
  8
hatch
100
AcDbLine
 10
22.727207793864217
 20
0.0
 30
0.0
 11
24.0
 21
1.272792206135783
 31
0.0
  0
LINE
  5
17E
330
17
100
AcDbEntity
  8
hatch
100
AcDbLine
 10
22.585786437626904
 20
0.0
 30
0.0
 11
24.0
 21
1.4142135623730958
 31
0.0
  0
LINE
  5
17F
330
17
100
AcDbEntity
  8
hatch
100
AcDbLine
 10
22.4443650813896
 20
1.7763568394002505e-15
 30
0.0
 11
24.0
 21
1.5556349186104068
 31
0.0
  0
LINE
  5
180
330
17
100
AcDbEntity
  8
hatch
100
AcDbLine
 10
22.30294372515229
 20
1.7763568394002505e-15
 30
0.0
 11
24.0
 21
1.6970562748477143
 31
0.0
  0
LINE
  5
181
330
17
100
AcDbEntity
  8
hatch
100
AcDbLine
 10
22.161522368914977
 20
0.0
 30
0.0
 11
24.0
 21
1.8384776310850235
 31
0.0
  0
LINE
  5
182
330
17
100
AcDbEntity
  8
hatch
100
AcDbLine
 10
22.020101012677667
 20
0.0
 30
0.0
 11
24.0
 21
1.9798989873223327
 31
0.0
  0
LINE
  5
183
330
17
100
AcDbEntity
  8
hatch
100
AcDbLine
 10
21.878679656440355
 20
-1.7763568394002505e-15
 30
0.0
 11
24.0
 21
2.121320343559642
 31
0.0
  0
LINE
  5
184
330
17
100
AcDbEntity
  8
hatch
100
AcDbLine
 10
21.73725830020305
 20
0.0
 30
0.0
 11
24.0
 21
2.262741699796953
 31
0.0
  0
LINE
  5
185
330
17
100
AcDbEntity
  8
hatch
100
AcDbLine
 10
21.59583694396574
 20
0.0
 30
0.0
 11
24.0
 21
2.4041630560342604
 31
0.0
  0
LINE
  5
186
330
17
100
AcDbEntity
  8
hatch
100
AcDbLine
 10
21.454415587728427
 20
1.7763568394002505e-15
 30
0.0
 11
24.0
 21
2.545584412271573
 31
0.0
  0
LINE
  5
187
330
17
100
AcDbEntity
  8
hatch
100
AcDbLine
 10
21.312994231491118
 20
0.0
 30
0.0
 11
24.0
 21
2.6870057685088806
 31
0.0
  0
LINE
  5
188
330
17
100
AcDbEntity
  8
hatch
100
AcDbLine
 10
21.17157287525381
 20
1.7763568394002505e-15
 30
0.0
 11
24.0
 21
2.8284271247461916
 31
0.0
  0
LINE
  5
189
330
17
100
AcDbEntity
  8
hatch
100
AcDbLine
 10
21.0301515190165
 20
1.7763568394002505e-15
 30
0.0
 11
24.0
 21
2.969848480983501
 31
0.0
  0
LINE
  5
18A
330
17
100
AcDbEntity
  8
hatch
100
AcDbLine
 10
20.88873016277919
 20
1.7763568394002505e-15
 30
0.0
 11
24.0
 21
3.11126983722081
 31
0.0
  0
LINE
  5
18B
330
17
100
AcDbEntity
  8
hatch
100
AcDbLine
 10
20.74730880654188
 20
0.0
 30
0.0
 11
24.0
 21
3.2526911934581193
 31
0.0
  0
LINE
  5
18C
330
17
100
AcDbEntity
  8
hatch
100
AcDbLine
 10
20.60588745030457
 20
0.0
 30
0.0
 11
24.0
 21
3.3941125496954268
 31
0.0
  0
LINE
  5
18D
330
17
100
AcDbEntity
  8
hatch
100
AcDbLine
 10
20.464466094067262
 20
0.0
 30
0.0
 11
24.0
 21
3.5355339059327378
 31
0.0
  0
LINE
  5
18E
330
17
100
AcDbEntity
  8
hatch
100
AcDbLine
 10
20.323044737829953
 20
0.0
 30
0.0
 11
24.0
 21
3.6769552621700488
 31
0.0
  0
LINE
  5
18F
330
17
100
AcDbEntity
  8
hatch
100
AcDbLine
 10
20.181623381592644
 20
0.0
 30
0.0
 11
24.0
 21
3.818376618407356
 31
0.0
  0
LINE
  5
190
330
17
100
AcDbEntity
  8
hatch
100
AcDbLine
 10
20.04020202535533
 20
0.0
 30
0.0
 11
24.0
 21
3.959797974644669
 31
0.0
  0
LINE
  5
191
330
17
100
AcDbEntity
  8
hatch
100
AcDbLine
 10
19.898780669118025
 20
1.7763568394002505e-15
 30
0.0
 11
24.0
 21
4.101219330881976
 31
0.0
  0
LINE
  5
192
330
17
100
AcDbEntity
  8
hatch
100
AcDbLine
 10
19.757359312880716
 20
1.7763568394002505e-15
 30
0.0
 11
24.0
 21
4.242640687119286
 31
0.0
  0
LINE
  5
193
330
17
100
AcDbEntity
  8
hatch
100
AcDbLine
 10
19.615937956643407
 20
0.0
 30
0.0
 11
24.0
 21
4.384062043356597
 31
0.0
  0
LINE
  5
194
330
17
100
AcDbEntity
  8
hatch
100
AcDbLine
 10
19.474516600406098
 20
-1.7763568394002505e-15
 30
0.0
 11
24.0
 21
4.525483399593902
 31
0.0
  0
LINE
  5
195
330
17
100
AcDbEntity
  8
hatch
100
AcDbLine
 10
19.333095244168785
 20
0.0
 30
0.0
 11
24.0
 21
4.666904755831215
 31
0.0
  0
LINE
  5
196
330
17
100
AcDbEntity
  8
hatch
100
AcDbLine
 10
19.191673887931476
 20
1.7763568394002505e-15
 30
0.0
 11
24.0
 21
4.808326112068523
 31
0.0
  0
LINE
  5
197
330
17
100
AcDbEntity
  8
hatch
100
AcDbLine
 10
19.050252531694166
 20
1.7763568394002505e-15
 30
0.0
 11
24.0
 21
4.949747468305834
 31
0.0
  0
LINE
  5
198
330
17
100
AcDbEntity
  8
hatch
100
AcDbLine
 10
18.908831175456857
 20
0.0
 30
0.0
 11
24.0
 21
5.091168824543143
 31
0.0
  0
LINE
  5
199
330
17
100
AcDbEntity
  8
hatch
100
AcDbLine
 10
18.76740981921955
 20
1.7763568394002505e-15
 30
0.0
 11
24.0
 21
5.232590180780452
 31
0.0
  0
LINE
  5
19A
330
17
100
AcDbEntity
  8
hatch
100
AcDbLine
 10
18.62598846298224
 20
1.7763568394002505e-15
 30
0.0
 11
24.0
 21
5.374011537017763
 31
0.0
  0
LINE
  5
19B
330
17
100
AcDbEntity
  8
hatch
100
AcDbLine
 10
18.48456710674493
 20
0.0
 30
0.0
 11
24.0
 21
5.5154328932550705
 31
0.0
  0
LINE
  5
19C
330
17
100
AcDbEntity
  8
hatch
100
AcDbLine
 10
18.343145750507617
 20
0.0
 30
0.0
 11
24.0
 21
5.65685424949238
 31
0.0
  0
LINE
  5
19D
330
17
100
AcDbEntity
  8
hatch
100
AcDbLine
 10
18.201724394270308
 20
0.0
 30
0.0
 11
24.0
 21
5.7982756057296925
 31
0.0
  0
LINE
  5
19E
330
17
100
AcDbEntity
  8
hatch
100
AcDbLine
 10
18.060303038033002
 20
0.0
 30
0.0
 11
24.0
 21
5.939696961966998
 31
0.0
  0
LINE
  5
19F
330
17
100
AcDbEntity
  8
hatch
100
AcDbLine
 10
17.91888168179569
 20
1.7763568394002505e-15
 30
0.0
 11
24.0
 21
6.081118318204311
 31
0.0
  0
LINE
  5
1A0
330
17
100
AcDbEntity
  8
hatch
100
AcDbLine
 10
17.77746032555838
 20
0.0
 30
0.0
 11
24.0
 21
6.222539674441618
 31
0.0
  0
LINE
  5
1A1
330
17
100
AcDbEntity
  8
hatch
100
AcDbLine
 10
17.63603896932107
 20
0.0
 30
0.0
 11
24.0
 21
6.363961030678929
 31
0.0
  0
LINE
  5
1A2
330
17
100
AcDbEntity
  8
hatch
100
AcDbLine
 10
17.49461761308376
 20
0.0
 30
0.0
 11
23.99461761308376
 21
6.500000000000002
 31
0.0
  0
LINE
  5
1A3
330
17
100
AcDbEntity
  8
hatch
100
AcDbLine
 10
17.353196256846456
 20
1.7763568394002505e-15
 30
0.0
 11
23.85319625684646
 21
6.5000000000000036
 31
0.0
  0
LINE
  5
1A4
330
17
100
AcDbEntity
  8
hatch
100
AcDbLine
 10
17.211774900609143
 20
0.0
 30
0.0
 11
23.711774900609146
 21
6.500000000000002
 31
0.0
  0
LINE
  5
1A5
330
17
100
AcDbEntity
  8
hatch
100
AcDbLine
 10
17.070353544371834
 20
0.0
 30
0.0
 11
23.570353544371834
 21
6.500000000000002
 31
0.0
  0
LINE
  5
1A6
330
17
100
AcDbEntity
  8
hatch
100
AcDbLine
 10
16.928932188134524
 20
0.0
 30
0.0
 11
23.428932188134528
 21
6.500000000000002
 31
0.0
  0
LINE
  5
1A7
330
17
100
AcDbEntity
  8
hatch
100
AcDbLine
 10
16.787510831897215
 20
1.7763568394002505e-15
 30
0.0
 11
23.287510831897215
 21
6.5000000000000036
 31
0.0
  0
LINE
  5
1A8
330
17
100
AcDbEntity
  8
hatch
100
AcDbLine
 10
16.646089475659906
 20
0.0
 30
0.0
 11
23.14608947565991
 21
6.5000000000000036
 31
0.0
  0
LINE
  5
1A9
330
17
100
AcDbEntity
  8
hatch
100
AcDbLine
 10
16.504668119422597
 20
0.0
 30
0.0
 11
23.004668119422597
 21
6.5000000000000036
 31
0.0
  0
LINE
  5
1AA
330
17
100
AcDbEntity
  8
hatch
100
AcDbLine
 10
16.363246763185288
 20
0.0
 30
0.0
 11
22.863246763185288
 21
6.500000000000002
 31
0.0
  0
LINE
  5
1AB
330
17
100
AcDbEntity
  8
hatch
100
AcDbLine
 10
16.22182540694798
 20
1.7763568394002505e-15
 30
0.0
 11
22.72182540694798
 21
6.5000000000000036
 31
0.0
  0
LINE
  5
1AC
330
17
100
AcDbEntity
  8
hatch
100
AcDbLine
 10
16.080404050710662
 20
0.0
 30
0.0
 11
22.58040405071067
 21
6.500000000000002
 31
0.0
  0
LINE
  5
1AD
330
17
100
AcDbEntity
  8
hatch
100
AcDbLine
 10
15.938982694473358
 20
0.0
 30
0.0
 11
22.43898269447336
 21
6.500000000000003
 31
0.0
  0
LINE
  5
1AE
330
17
100
AcDbEntity
  8
hatch
100
AcDbLine
 10
15.797561338236047
 20
0.0
 30
0.0
 11
22.29756133823605
 21
6.5000000000000036
 31
0.0
  0
LINE
  5
1AF
330
17
100
AcDbEntity
  8
hatch
100
AcDbLine
 10
15.656139981998738
 20
8.881784197001252e-16
 30
0.0
 11
22.15613998199874
 21
6.500000000000002
 31
0.0
  0
LINE
  5
1B0
330
17
100
AcDbEntity
  8
hatch
100
AcDbLine
 10
15.514718625761429
 20
0.0
 30
0.0
 11
22.014718625761432
 21
6.5000000000000036
 31
0.0
  0
LINE
  5
1B1
330
17
100
AcDbEntity
  8
hatch
100
AcDbLine
 10
15.373297269524116
 20
0.0
 30
0.0
 11
21.87329726952412
 21
6.500000000000003
 31
0.0
  0
LINE
  5
1B2
330
17
100
AcDbEntity
  8
hatch
100
AcDbLine
 10
15.23187591328681
 20
0.0
 30
0.0
 11
21.731875913286814
 21
6.5000000000000036
 31
0.0
  0
LINE
  5
1B3
330
17
100
AcDbEntity
  8
hatch
100
AcDbLine
 10
15.090454557049501
 20
8.881784197001252e-16
 30
0.0
 11
21.590454557049505
 21
6.500000000000003
 31
0.0
  0
LINE
  5
1B4
330
17
100
AcDbEntity
  8
hatch
100
AcDbLine
 10
14.94903320081219
 20
0.0
 30
0.0
 11
21.449033200812195
 21
6.500000000000003
 31
0.0
  0
LINE
  5
1B5
330
17
100
AcDbEntity
  8
hatch
100
AcDbLine
 10
14.807611844574883
 20
0.0
 30
0.0
 11
21.307611844574886
 21
6.500000000000003
 31
0.0
  0
LINE
  5
1B6
330
17
100
AcDbEntity
  8
hatch
100
AcDbLine
 10
14.66619048833757
 20
0.0
 30
0.0
 11
21.166190488337573
 21
6.5000000000000036
 31
0.0
  0
LINE
  5
1B7
330
17
100
AcDbEntity
  8
hatch
100
AcDbLine
 10
14.524769132100264
 20
1.7763568394002505e-15
 30
0.0
 11
21.024769132100268
 21
6.500000000000003
 31
0.0
  0
LINE
  5
1B8
330
17
100
AcDbEntity
  8
hatch
100
AcDbLine
 10
14.383347775862953
 20
1.7763568394002505e-15
 30
0.0
 11
20.883347775862955
 21
6.5000000000000036
 31
0.0
  0
LINE
  5
1B9
330
17
100
AcDbEntity
  8
hatch
100
AcDbLine
 10
14.241926419625642
 20
0.0
 30
0.0
 11
20.741926419625646
 21
6.500000000000002
 31
0.0
  0
LINE
  5
1BA
330
17
100
AcDbEntity
  8
hatch
100
AcDbLine
 10
14.100505063388333
 20
8.881784197001252e-16
 30
0.0
 11
20.600505063388336
 21
6.5000000000000036
 31
0.0
  0
LINE
  5
1BB
330
17
100
AcDbEntity
  8
hatch
100
AcDbLine
 10
13.959083707151022
 20
0.0
 30
0.0
 11
20.459083707151024
 21
6.500000000000003
 31
0.0
  0
LINE
  5
1BC
330
17
100
AcDbEntity
  8
hatch
100
AcDbLine
 10
13.817662350913714
 20
0.0
 30
0.0
 11
20.317662350913718
 21
6.500000000000003
 31
0.0
  0
LINE
  5
1BD
330
17
100
AcDbEntity
  8
hatch
100
AcDbLine
 10
13.676240994676405
 20
8.881784197001252e-16
 30
0.0
 11
20.17624099467641
 21
6.500000000000003
 31
0.0
  0
LINE
  5
1BE
330
17
100
AcDbEntity
  8
hatch
100
AcDbLine
 10
13.534819638439096
 20
8.881784197001252e-16
 30
0.0
 11
20.034819638439096
 21
6.500000000000003
 31
0.0
  0
LINE
  5
1BF
330
17
100
AcDbEntity
  8
hatch
100
AcDbLine
 10
13.393398282201787
 20
0.0
 30
0.0
 11
19.89339828220179
 21
6.5000000000000036
 31
0.0
  0
LINE
  5
1C0
330
17
100
AcDbEntity
  8
hatch
100
AcDbLine
 10
13.251976925964476
 20
1.7763568394002505e-15
 30
0.0
 11
19.751976925964478
 21
6.5000000000000036
 31
0.0
  0
LINE
  5
1C1
330
17
100
AcDbEntity
  8
hatch
100
AcDbLine
 10
13.110555569727168
 20
0.0
 30
0.0
 11
19.610555569727172
 21
6.5000000000000036
 31
0.0
  0
LINE
  5
1C2
330
17
100
AcDbEntity
  8
hatch
100
AcDbLine
 10
12.969134213489856
 20
8.881784197001252e-16
 30
0.0
 11
19.46913421348986
 21
6.5000000000000036
 31
0.0
  0
LINE
  5
1C3
330
17
100
AcDbEntity
  8
hatch
100
AcDbLine
 10
12.827712857252546
 20
0.0
 30
0.0
 11
19.32771285725255
 21
6.500000000000001
 31
0.0
  0
LINE
  5
1C4
330
17
100
AcDbEntity
  8
hatch
100
AcDbLine
 10
12.68629150101524
 20
8.881784197001252e-16
 30
0.0
 11
19.18629150101524
 21
6.500000000000003
 31
0.0
  0
LINE
  5
1C5
330
17
100
AcDbEntity
  8
hatch
100
AcDbLine
 10
12.54487014477793
 20
0.0
 30
0.0
 11
19.04487014477793
 21
6.500000000000003
 31
0.0
  0
LINE
  5
1C6
330
17
100
AcDbEntity
  8
hatch
100
AcDbLine
 10
12.403448788540619
 20
0.0
 30
0.0
 11
18.903448788540622
 21
6.500000000000002
 31
0.0
  0
LINE
  5
1C7
330
17
100
AcDbEntity
  8
hatch
100
AcDbLine
 10
12.26202743230331
 20
0.0
 30
0.0
 11
18.762027432303313
 21
6.5000000000000036
 31
0.0
  0
LINE
  5
1C8
330
17
100
AcDbEntity
  8
hatch
100
AcDbLine
 10
12.120606076066
 20
0.0
 30
0.0
 11
18.620606076066004
 21
6.500000000000002
 31
0.0
  0
LINE
  5
1C9
330
17
100
AcDbEntity
  8
hatch
100
AcDbLine
 10
11.979184719828691
 20
0.0
 30
0.0
 11
18.479184719828694
 21
6.5000000000000036
 31
0.0
  0
LINE
  5
1CA
330
17
100
AcDbEntity
  8
hatch
100
AcDbLine
 10
11.837763363591382
 20
0.0
 30
0.0
 11
18.337763363591385
 21
6.500000000000002
 31
0.0
  0
LINE
  5
1CB
330
17
100
AcDbEntity
  8
hatch
100
AcDbLine
 10
11.69634200735407
 20
0.0
 30
0.0
 11
18.196342007354076
 21
6.500000000000003
 31
0.0
  0
LINE
  5
1CC
330
17
100
AcDbEntity
  8
hatch
100
AcDbLine
 10
11.554920651116761
 20
0.0
 30
0.0
 11
18.054920651116767
 21
6.500000000000003
 31
0.0
  0
LINE
  5
1CD
330
17
100
AcDbEntity
  8
hatch
100
AcDbLine
 10
11.413499294879452
 20
0.0
 30
0.0
 11
17.913499294879458
 21
6.500000000000003
 31
0.0
  0
LINE
  5
1CE
330
17
100
AcDbEntity
  8
hatch
100
AcDbLine
 10
11.272077938642145
 20
8.881784197001252e-16
 30
0.0
 11
17.77207793864215
 21
6.500000000000003
 31
0.0
  0
LINE
  5
1CF
330
17
100
AcDbEntity
  8
hatch
100
AcDbLine
 10
11.130656582404836
 20
8.881784197001252e-16
 30
0.0
 11
17.63065658240484
 21
6.500000000000003
 31
0.0
  0
LINE
  5
1D0
330
17
100
AcDbEntity
  8
hatch
100
AcDbLine
 10
10.989235226167523
 20
0.0
 30
0.0
 11
17.489235226167526
 21
6.500000000000002
 31
0.0
  0
LINE
  5
1D1
330
17
100
AcDbEntity
  8
hatch
100
AcDbLine
 10
10.847813869930214
 20
8.881784197001252e-16
 30
0.0
 11
17.347813869930217
 21
6.5000000000000036
 31
0.0
  0
LINE
  5
1D2
330
17
100
AcDbEntity
  8
hatch
100
AcDbLine
 10
10.706392513692904
 20
0.0
 30
0.0
 11
17.206392513692908
 21
6.500000000000002
 31
0.0
  0
LINE
  5
1D3
330
17
100
AcDbEntity
  8
hatch
100
AcDbLine
 10
10.564971157455595
 20
8.881784197001252e-16
 30
0.0
 11
17.0649711574556
 21
6.5000000000000036
 31
0.0
  0
LINE
  5
1D4
330
17
100
AcDbEntity
  8
hatch
100
AcDbLine
 10
10.423549801218284
 20
0.0
 30
0.0
 11
16.923549801218286
 21
6.500000000000003
 31
0.0
  0
LINE
  5
1D5
330
17
100
AcDbEntity
  8
hatch
100
AcDbLine
 10
10.282128444980977
 20
8.881784197001252e-16
 30
0.0
 11
16.782128444980977
 21
6.500000000000003
 31
0.0
  0
LINE
  5
1D6
330
17
100
AcDbEntity
  8
hatch
100
AcDbLine
 10
10.140707088743666
 20
0.0
 30
0.0
 11
16.64070708874367
 21
6.500000000000004
 31
0.0
  0
LINE
  5
1D7
330
17
100
AcDbEntity
  8
hatch
100
AcDbLine
 10
9.999285732506358
 20
8.881784197001252e-16
 30
0.0
 11
16.499285732506358
 21
6.500000000000003
 31
0.0
  0
LINE
  5
1D8
330
17
100
AcDbEntity
  8
hatch
100
AcDbLine
 10
9.857864376269049
 20
0.0
 30
0.0
 11
16.357864376269053
 21
6.500000000000004
 31
0.0
  0
LINE
  5
1D9
330
17
100
AcDbEntity
  8
hatch
100
AcDbLine
 10
9.716443020031736
 20
8.881784197001252e-16
 30
0.0
 11
16.21644302003174
 21
6.5000000000000036
 31
0.0
  0
LINE
  5
1DA
330
17
100
AcDbEntity
  8
hatch
100
AcDbLine
 10
9.575021663794427
 20
8.881784197001252e-16
 30
0.0
 11
16.07502166379443
 21
6.500000000000002
 31
0.0
  0
LINE
  5
1DB
330
17
100
AcDbEntity
  8
hatch
100
AcDbLine
 10
9.43360030755712
 20
8.881784197001252e-16
 30
0.0
 11
15.933600307557121
 21
6.500000000000002
 31
0.0
  0
LINE
  5
1DC
330
17
100
AcDbEntity
  8
hatch
100
AcDbLine
 10
9.29217895131981
 20
0.0
 30
0.0
 11
15.792178951319812
 21
6.500000000000003
 31
0.0
  0
LINE
  5
1DD
330
17
100
AcDbEntity
  8
hatch
100
AcDbLine
 10
9.1507575950825
 20
0.0
 30
0.0
 11
15.650757595082505
 21
6.500000000000003
 31
0.0
  0
LINE
  5
1DE
330
17
100
AcDbEntity
  8
hatch
100
AcDbLine
 10
9.00933623884519
 20
8.881784197001252e-16
 30
0.0
 11
15.509336238845194
 21
6.500000000000003
 31
0.0
  0
LINE
  5
1DF
330
17
100
AcDbEntity
  8
hatch
100
AcDbLine
 10
8.86791488260788
 20
0.0
 30
0.0
 11
15.367914882607884
 21
6.500000000000003
 31
0.0
  0
LINE
  5
1E0
330
17
100
AcDbEntity
  8
hatch
100
AcDbLine
 10
8.726493526370572
 20
0.0
 30
0.0
 11
15.226493526370575
 21
6.500000000000002
 31
0.0
  0
LINE
  5
1E1
330
17
100
AcDbEntity
  8
hatch
100
AcDbLine
 10
8.585072170133262
 20
0.0
 30
0.0
 11
15.085072170133266
 21
6.500000000000002
 31
0.0
  0
LINE
  5
1E2
330
17
100
AcDbEntity
  8
hatch
100
AcDbLine
 10
8.443650813895953
 20
8.881784197001252e-16
 30
0.0
 11
14.943650813895957
 21
6.500000000000002
 31
0.0
  0
LINE
  5
1E3
330
17
100
AcDbEntity
  8
hatch
100
AcDbLine
 10
8.30222945765864
 20
0.0
 30
0.0
 11
14.802229457658646
 21
6.500000000000003
 31
0.0
  0
LINE
  5
1E4
330
17
100
AcDbEntity
  8
hatch
100
AcDbLine
 10
8.160808101421333
 20
0.0
 30
0.0
 11
14.660808101421337
 21
6.500000000000003
 31
0.0
  0
LINE
  5
1E5
330
17
100
AcDbEntity
  8
hatch
100
AcDbLine
 10
8.019386745184024
 20
0.0
 30
0.0
 11
14.519386745184027
 21
6.500000000000003
 31
0.0
  0
LINE
  5
1E6
330
17
100
AcDbEntity
  8
hatch
100
AcDbLine
 10
7.8779653889467145
 20
4.440892098500626e-16
 30
0.0
 11
14.377965388946718
 21
6.500000000000003
 31
0.0
  0
LINE
  5
1E7
330
17
100
AcDbEntity
  8
hatch
100
AcDbLine
 10
7.736544032709405
 20
0.0
 30
0.0
 11
14.236544032709409
 21
6.500000000000004
 31
0.0
  0
LINE
  5
1E8
330
17
100
AcDbEntity
  8
hatch
100
AcDbLine
 10
7.595122676472094
 20
8.881784197001252e-16
 30
0.0
 11
14.095122676472098
 21
6.500000000000002
 31
0.0
  0
LINE
  5
1E9
330
17
100
AcDbEntity
  8
hatch
100
AcDbLine
 10
7.453701320234785
 20
0.0
 30
0.0
 11
13.953701320234789
 21
6.500000000000002
 31
0.0
  0
LINE
  5
1EA
330
17
100
AcDbEntity
  8
hatch
100
AcDbLine
 10
7.312279963997476
 20
0.0
 30
0.0
 11
13.81227996399748
 21
6.500000000000002
 31
0.0
  0
LINE
  5
1EB
330
17
100
AcDbEntity
  8
hatch
100
AcDbLine
 10
7.170858607760167
 20
0.0
 30
0.0
 11
13.67085860776017
 21
6.500000000000002
 31
0.0
  0
LINE
  5
1EC
330
17
100
AcDbEntity
  8
hatch
100
AcDbLine
 10
7.029437251522857
 20
4.440892098500626e-16
 30
0.0
 11
13.529437251522861
 21
6.500000000000002
 31
0.0
  0
LINE
  5
1ED
330
17
100
AcDbEntity
  8
hatch
100
AcDbLine
 10
6.888015895285546
 20
0.0
 30
0.0
 11
13.38801589528555
 21
6.500000000000003
 31
0.0
  0
LINE
  5
1EE
330
17
100
AcDbEntity
  8
hatch
100
AcDbLine
 10
6.746594539048237
 20
0.0
 30
0.0
 11
13.24659453904824
 21
6.500000000000003
 31
0.0
  0
LINE
  5
1EF
330
17
100
AcDbEntity
  8
hatch
100
AcDbLine
 10
6.605173182810928
 20
4.440892098500626e-16
 30
0.0
 11
13.105173182810931
 21
6.500000000000003
 31
0.0
  0
LINE
  5
1F0
330
17
100
AcDbEntity
  8
hatch
100
AcDbLine
 10
6.463751826573619
 20
0.0
 30
0.0
 11
12.963751826573622
 21
6.500000000000002
 31
0.0
  0
LINE
  5
1F1
330
17
100
AcDbEntity
  8
hatch
100
AcDbLine
 10
6.32233047033631
 20
0.0
 30
0.0
 11
12.822330470336315
 21
6.500000000000002
 31
0.0
  0
LINE
  5
1F2
330
17
100
AcDbEntity
  8
hatch
100
AcDbLine
 10
6.1809091140989985
 20
4.440892098500626e-16
 30
0.0
 11
12.680909114099002
 21
6.500000000000002
 31
0.0
  0
LINE
  5
1F3
330
17
100
AcDbEntity
  8
hatch
100
AcDbLine
 10
6.039487757861689
 20
4.440892098500626e-16
 30
0.0
 11
12.539487757861693
 21
6.5000000000000036
 31
0.0
  0
LINE
  5
1F4
330
17
100
AcDbEntity
  8
hatch
100
AcDbLine
 10
5.898066401624381
 20
0.0
 30
0.0
 11
12.398066401624384
 21
6.5000000000000036
 31
0.0
  0
LINE
  5
1F5
330
17
100
AcDbEntity
  8
hatch
100
AcDbLine
 10
5.756645045387072
 20
0.0
 30
0.0
 11
12.256645045387074
 21
6.5000000000000036
 31
0.0
  0
LINE
  5
1F6
330
17
100
AcDbEntity
  8
hatch
100
AcDbLine
 10
5.615223689149763
 20
4.440892098500626e-16
 30
0.0
 11
12.115223689149767
 21
6.5000000000000036
 31
0.0
  0
LINE
  5
1F7
330
17
100
AcDbEntity
  8
hatch
100
AcDbLine
 10
5.473802332912451
 20
0.0
 30
0.0
 11
11.973802332912456
 21
6.500000000000002
 31
0.0
  0
LINE
  5
1F8
330
17
100
AcDbEntity
  8
hatch
100
AcDbLine
 10
5.332380976675142
 20
0.0
 30
0.0
 11
11.832380976675147
 21
6.500000000000002
 31
0.0
  0
LINE
  5
1F9
330
17
100
AcDbEntity
  8
hatch
100
AcDbLine
 10
5.190959620437834
 20
4.440892098500626e-16
 30
0.0
 11
11.690959620437834
 21
6.5
 31
0.0
  0
LINE
  5
1FA
330
17
100
AcDbEntity
  8
hatch
100
AcDbLine
 10
5.049538264200525
 20
4.440892098500626e-16
 30
0.0
 11
11.549538264200528
 21
6.500000000000002
 31
0.0
  0
LINE
  5
1FB
330
17
100
AcDbEntity
  8
hatch
100
AcDbLine
 10
4.908116907963215
 20
0.0
 30
0.0
 11
11.408116907963219
 21
6.500000000000002
 31
0.0
  0
LINE
  5
1FC
330
17
100
AcDbEntity
  8
hatch
100
AcDbLine
 10
4.7666955517259035
 20
0.0
 30
0.0
 11
11.266695551725906
 21
6.5000000000000036
 31
0.0
  0
LINE
  5
1FD
330
17
100
AcDbEntity
  8
hatch
100
AcDbLine
 10
4.625274195488594
 20
0.0
 30
0.0
 11
11.125274195488599
 21
6.5000000000000036
 31
0.0
  0
LINE
  5
1FE
330
17
100
AcDbEntity
  8
hatch
100
AcDbLine
 10
4.483852839251286
 20
0.0
 30
0.0
 11
10.98385283925129
 21
6.5000000000000036
 31
0.0
  0
LINE
  5
1FF
330
17
100
AcDbEntity
  8
hatch
100
AcDbLine
 10
4.342431483013977
 20
0.0
 30
0.0
 11
10.84243148301398
 21
6.500000000000003
 31
0.0
  0
LINE
  5
200
330
17
100
AcDbEntity
  8
hatch
100
AcDbLine
 10
4.2010101267766675
 20
0.0
 30
0.0
 11
10.701010126776671
 21
6.500000000000003
 31
0.0
  0
LINE
  5
201
330
17
100
AcDbEntity
  8
hatch
100
AcDbLine
 10
4.0595887705393565
 20
0.0
 30
0.0
 11
10.55958877053936
 21
6.500000000000002
 31
0.0
  0
LINE
  5
202
330
17
100
AcDbEntity
  8
hatch
100
AcDbLine
 10
3.9181674143020473
 20
0.0
 30
0.0
 11
10.41816741430205
 21
6.500000000000002
 31
0.0
  0
LINE
  5
203
330
17
100
AcDbEntity
  8
hatch
100
AcDbLine
 10
3.776746058064738
 20
0.0
 30
0.0
 11
10.276746058064742
 21
6.500000000000002
 31
0.0
  0
LINE
  5
204
330
17
100
AcDbEntity
  8
hatch
100
AcDbLine
 10
3.635324701827429
 20
0.0
 30
0.0
 11
10.135324701827432
 21
6.5000000000000036
 31
0.0
  0
LINE
  5
205
330
17
100
AcDbEntity
  8
hatch
100
AcDbLine
 10
3.4939033455901196
 20
0.0
 30
0.0
 11
9.993903345590123
 21
6.5000000000000036
 31
0.0
  0
LINE
  5
206
330
17
100
AcDbEntity
  8
hatch
100
AcDbLine
 10
3.3524819893528086
 20
2.220446049250313e-16
 30
0.0
 11
9.85248198935281
 21
6.500000000000001
 31
0.0
  0
LINE
  5
207
330
17
100
AcDbEntity
  8
hatch
100
AcDbLine
 10
3.2110606331154994
 20
0.0
 30
0.0
 11
9.711060633115503
 21
6.500000000000003
 31
0.0
  0
LINE
  5
208
330
17
100
AcDbEntity
  8
hatch
100
AcDbLine
 10
3.06963927687819
 20
2.220446049250313e-16
 30
0.0
 11
9.569639276878194
 21
6.500000000000003
 31
0.0
  0
LINE
  5
209
330
17
100
AcDbEntity
  8
hatch
100
AcDbLine
 10
2.9282179206408814
 20
0.0
 30
0.0
 11
9.428217920640886
 21
6.500000000000003
 31
0.0
  0
LINE
  5
20A
330
17
100
AcDbEntity
  8
hatch
100
AcDbLine
 10
2.7867965644035726
 20
2.220446049250313e-16
 30
0.0
 11
9.286796564403573
 21
6.500000000000002
 31
0.0
  0
LINE
  5
20B
330
17
100
AcDbEntity
  8
hatch
100
AcDbLine
 10
2.6453752081662607
 20
2.220446049250313e-16
 30
0.0
 11
9.145375208166264
 21
6.500000000000003
 31
0.0
  0
LINE
  5
20C
330
17
100
AcDbEntity
  8
hatch
100
AcDbLine
 10
2.503953851928952
 20
0.0
 30
0.0
 11
9.003953851928955
 21
6.500000000000003
 31
0.0
  0
LINE
  5
20D
330
17
100
AcDbEntity
  8
hatch
100
AcDbLine
 10
2.362532495691643
 20
2.220446049250313e-16
 30
0.0
 11
8.862532495691646
 21
6.500000000000003
 31
0.0
  0
LINE
  5
20E
330
17
100
AcDbEntity
  8
hatch
100
AcDbLine
 10
2.221111139454334
 20
0.0
 30
0.0
 11
8.721111139454337
 21
6.500000000000002
 31
0.0
  0
LINE
  5
20F
330
17
100
AcDbEntity
  8
hatch
100
AcDbLine
 10
2.0796897832170247
 20
0.0
 30
0.0
 11
8.57968978321703
 21
6.5000000000000036
 31
0.0
  0
LINE
  5
210
330
17
100
AcDbEntity
  8
hatch
100
AcDbLine
 10
1.9382684269797132
 20
0.0
 30
0.0
 11
8.438268426979718
 21
6.500000000000003
 31
0.0
  0
LINE
  5
211
330
17
100
AcDbEntity
  8
hatch
100
AcDbLine
 10
1.7968470707424042
 20
0.0
 30
0.0
 11
8.296847070742409
 21
6.5000000000000036
 31
0.0
  0
LINE
  5
212
330
17
100
AcDbEntity
  8
hatch
100
AcDbLine
 10
1.6554257145050952
 20
0.0
 30
0.0
 11
8.155425714505098
 21
6.500000000000002
 31
0.0
  0
LINE
  5
213
330
17
100
AcDbEntity
  8
hatch
100
AcDbLine
 10
1.5140043582677862
 20
0.0
 30
0.0
 11
8.01400435826779
 21
6.500000000000003
 31
0.0
  0
LINE
  5
214
330
17
100
AcDbEntity
  8
hatch
100
AcDbLine
 10
1.3725830020304772
 20
0.0
 30
0.0
 11
7.872583002030481
 21
6.500000000000003
 31
0.0
  0
LINE
  5
215
330
17
100
AcDbEntity
  8
hatch
100
AcDbLine
 10
1.2311616457931658
 20
0.0
 30
0.0
 11
7.731161645793169
 21
6.5000000000000036
 31
0.0
  0
LINE
  5
216
330
17
100
AcDbEntity
  8
hatch
100
AcDbLine
 10
1.0897402895558592
 20
0.0
 30
0.0
 11
7.589740289555862
 21
6.500000000000002
 31
0.0
  0
LINE
  5
217
330
17
100
AcDbEntity
  8
hatch
100
AcDbLine
 10
0.9483189333185476
 20
0.0
 30
0.0
 11
7.448318933318551
 21
6.500000000000001
 31
0.0
  0
LINE
  5
218
330
17
100
AcDbEntity
  8
hatch
100
AcDbLine
 10
0.8068975770812361
 20
0.0
 30
0.0
 11
7.30689757708124
 21
6.5000000000000036
 31
0.0
  0
LINE
  5
219
330
17
100
AcDbEntity
  8
hatch
100
AcDbLine
 10
0.6654762208439295
 20
-5.551115123125783e-17
 30
0.0
 11
7.165476220843933
 21
6.500000000000003
 31
0.0
  0
LINE
  5
21A
330
17
100
AcDbEntity
  8
hatch
100
AcDbLine
 10
0.5240548646066181
 20
0.0
 30
0.0
 11
7.024054864606621
 21
6.500000000000001
 31
0.0
  0
LINE
  5
21B
330
17
100
AcDbEntity
  8
hatch
100
AcDbLine
 10
0.3826335083693116
 20
0.0
 30
0.0
 11
6.882633508369314
 21
6.500000000000002
 31
0.0
  0
LINE
  5
21C
330
17
100
AcDbEntity
  8
hatch
100
AcDbLine
 10
0.24121215213200006
 20
0.0
 30
0.0
 11
6.741212152132004
 21
6.500000000000003
 31
0.0
  0
LINE
  5
21D
330
17
100
AcDbEntity
  8
hatch
100
AcDbLine
 10
0.09979079589468853
 20
6.938893903907228e-18
 30
0.0
 11
6.599790795894693
 21
6.500000000000003
 31
0.0
  0
LINE
  5
21E
330
17
100
AcDbEntity
  8
hatch
100
AcDbLine
 10
3.469446951953614e-18
 20
0.04163056034261796
 30
0.0
 11
6.4583694396573845
 21
6.500000000000002
 31
0.0
  0
LINE
  5
21F
330
17
100
AcDbEntity
  8
hatch
100
AcDbLine
 10
1.3877787807814457e-17
 20
0.18305191657992947
 30
0.0
 11
6.3169480834200735
 21
6.500000000000002
 31
0.0
  0
LINE
  5
220
330
17
100
AcDbEntity
  8
hatch
100
AcDbLine
 10
2.7755575615628914e-17
 20
0.3244732728172359
 30
0.0
 11
6.175526727182768
 21
6.5000000000000036
 31
0.0
  0
LINE
  5
221
330
17
100
AcDbEntity
  8
hatch
100
AcDbLine
 10
2.7755575615628914e-17
 20
0.4658946290545475
 30
0.0
 11
6.034105370945456
 21
6.500000000000003
 31
0.0
  0
LINE
  5
222
330
17
100
AcDbEntity
  8
hatch
100
AcDbLine
 10
5.551115123125783e-17
 20
0.607315985291859
 30
0.0
 11
5.892684014708145
 21
6.500000000000003
 31
0.0
  0
LINE
  5
223
330
17
100
AcDbEntity
  8
hatch
100
AcDbLine
 10
5.551115123125783e-17
 20
0.7487373415291654
 30
0.0
 11
5.751262658470837
 21
6.500000000000002
 31
0.0
  0
LINE
  5
224
330
17
100
AcDbEntity
  8
hatch
100
AcDbLine
 10
5.551115123125783e-17
 20
0.890158697766477
 30
0.0
 11
5.609841302233526
 21
6.500000000000002
 31
0.0
  0
LINE
  5
225
330
17
100
AcDbEntity
  8
hatch
100
AcDbLine
 10
1.1102230246251565e-16
 20
1.0315800540037836
 30
0.0
 11
5.468419945996221
 21
6.5000000000000036
 31
0.0
  0
LINE
  5
226
330
17
100
AcDbEntity
  8
hatch
100
AcDbLine
 10
1.1102230246251565e-16
 20
1.173001410241095
 30
0.0
 11
5.326998589758909
 21
6.5000000000000036
 31
0.0
  0
LINE
  5
227
330
17
100
AcDbEntity
  8
hatch
100
AcDbLine
 10
0.0
 20
1.3144227664784065
 30
0.0
 11
5.185577233521596
 21
6.500000000000002
 31
0.0
  0
LINE
  5
228
330
17
100
AcDbEntity
  8
hatch
100
AcDbLine
 10
-2.220446049250313e-16
 20
1.4558441227157126
 30
0.0
 11
5.0441558772842905
 21
6.500000000000002
 31
0.0
  0
LINE
  5
229
330
17
100
AcDbEntity
  8
hatch
100
AcDbLine
 10
2.220446049250313e-16
 20
1.5972654789530245
 30
0.0
 11
4.9027345210469795
 21
6.5000000000000036
 31
0.0
  0
LINE
  5
22A
330
17
100
AcDbEntity
  8
hatch
100
AcDbLine
 10
-2.220446049250313e-16
 20
1.7386868351903306
 30
0.0
 11
4.761313164809673
 21
6.500000000000003
 31
0.0
  0
LINE
  5
22B
330
17
100
AcDbEntity
  8
hatch
100
AcDbLine
 10
2.220446049250313e-16
 20
1.8801081914276425
 30
0.0
 11
4.61989180857236
 21
6.500000000000002
 31
0.0
  0
LINE
  5
22C
330
17
100
AcDbEntity
  8
hatch
100
AcDbLine
 10
-2.220446049250313e-16
 20
2.0215295476649535
 30
0.0
 11
4.478470452335048
 21
6.500000000000002
 31
0.0
  0
LINE
  5
22D
330
17
100
AcDbEntity
  8
hatch
100
AcDbLine
 10
0.0
 20
2.1629509039022605
 30
0.0
 11
4.3370490960977435
 21
6.500000000000003
 31
0.0
  0
LINE
  5
22E
330
17
100
AcDbEntity
  8
hatch
100
AcDbLine
 10
-2.220446049250313e-16
 20
2.304372260139572
 30
0.0
 11
4.1956277398604325
 21
6.5000000000000036
 31
0.0
  0
LINE
  5
22F
330
17
100
AcDbEntity
  8
hatch
100
AcDbLine
 10
0.0
 20
2.4457936163768785
 30
0.0
 11
4.054206383623124
 21
6.500000000000002
 31
0.0
  0
LINE
  5
230
330
17
100
AcDbEntity
  8
hatch
100
AcDbLine
 10
-2.220446049250313e-16
 20
2.5872149726141895
 30
0.0
 11
3.912785027385813
 21
6.500000000000002
 31
0.0
  0
LINE
  5
231
330
17
100
AcDbEntity
  8
hatch
100
AcDbLine
 10
2.220446049250313e-16
 20
2.7286363288515014
 30
0.0
 11
3.771363671148501
 21
6.500000000000002
 31
0.0
  0
LINE
  5
232
330
17
100
AcDbEntity
  8
hatch
100
AcDbLine
 10
-2.220446049250313e-16
 20
2.870057685088808
 30
0.0
 11
3.6299423149111956
 21
6.500000000000003
 31
0.0
  0
LINE
  5
233
330
17
100
AcDbEntity
  8
hatch
100
AcDbLine
 10
2.220446049250313e-16
 20
3.01147904132612
 30
0.0
 11
3.4885209586738837
 21
6.500000000000002
 31
0.0
  0
LINE
  5
234
330
17
100
AcDbEntity
  8
hatch
100
AcDbLine
 10
0.0
 20
3.152900397563431
 30
0.0
 11
3.3470996024365713
 21
6.500000000000002
 31
0.0
  0
LINE
  5
235
330
17
100
AcDbEntity
  8
hatch
100
AcDbLine
 10
-2.220446049250313e-16
 20
3.2943217538007374
 30
0.0
 11
3.2056782461992652
 21
6.500000000000002
 31
0.0
  0
LINE
  5
236
330
17
100
AcDbEntity
  8
hatch
100
AcDbLine
 10
0.0
 20
3.4357431100380484
 30
0.0
 11
3.064256889961955
 21
6.5000000000000036
 31
0.0
  0
LINE
  5
237
330
17
100
AcDbEntity
  8
hatch
100
AcDbLine
 10
-2.220446049250313e-16
 20
3.577164466275355
 30
0.0
 11
2.9228355337246468
 21
6.500000000000002
 31
0.0
  0
LINE
  5
238
330
17
100
AcDbEntity
  8
hatch
100
AcDbLine
 10
0.0
 20
3.718585822512667
 30
0.0
 11
2.7814141774873358
 21
6.500000000000002
 31
0.0
  0
LINE
  5
239
330
17
100
AcDbEntity
  8
hatch
100
AcDbLine
 10
0.0
 20
3.860007178749978
 30
0.0
 11
2.639992821250024
 21
6.500000000000002
 31
0.0
  0
LINE
  5
23A
330
17
100
AcDbEntity
  8
hatch
100
AcDbLine
 10
0.0
 20
4.001428534987285
 30
0.0
 11
2.4985714650127187
 21
6.5000000000000036
 31
0.0
  0
LINE
  5
23B
330
17
100
AcDbEntity
  8
hatch
100
AcDbLine
 10
0.0
 20
4.142849891224596
 30
0.0
 11
2.3571501087754063
 21
6.500000000000002
 31
0.0
  0
LINE
  5
23C
330
17
100
AcDbEntity
  8
hatch
100
AcDbLine
 10
-4.440892098500626e-16
 20
4.284271247461902
 30
0.0
 11
2.2157287525380993
 21
6.500000000000002
 31
0.0
  0
LINE
  5
23D
330
17
100
AcDbEntity
  8
hatch
100
AcDbLine
 10
0.0
 20
4.425692603699214
 30
0.0
 11
2.0743073963007883
 21
6.500000000000002
 31
0.0
  0
LINE
  5
23E
330
17
100
AcDbEntity
  8
hatch
100
AcDbLine
 10
-4.440892098500626e-16
 20
4.567113959936526
 30
0.0
 11
1.9328860400634769
 21
6.500000000000002
 31
0.0
  0
LINE
  5
23F
330
17
100
AcDbEntity
  8
hatch
100
AcDbLine
 10
-4.440892098500626e-16
 20
4.7085353161738315
 30
0.0
 11
1.7914646838261699
 21
6.500000000000002
 31
0.0
  0
LINE
  5
240
330
17
100
AcDbEntity
  8
hatch
100
AcDbLine
 10
0.0
 20
4.849956672411143
 30
0.0
 11
1.6500433275888589
 21
6.500000000000002
 31
0.0
  0
LINE
  5
241
330
17
100
AcDbEntity
  8
hatch
100
AcDbLine
 10
0.0
 20
4.99137802864845
 30
0.0
 11
1.5086219713515518
 21
6.500000000000002
 31
0.0
  0
LINE
  5
242
330
17
100
AcDbEntity
  8
hatch
100
AcDbLine
 10
-4.440892098500626e-16
 20
5.132799384885761
 30
0.0
 11
1.3672006151142404
 21
6.500000000000002
 31
0.0
  0
LINE
  5
243
330
17
100
AcDbEntity
  8
hatch
100
AcDbLine
 10
0.0
 20
5.274220741123073
 30
0.0
 11
1.2257792588769294
 21
6.500000000000002
 31
0.0
  0
LINE
  5
244
330
17
100
AcDbEntity
  8
hatch
100
AcDbLine
 10
0.0
 20
5.415642097360379
 30
0.0
 11
1.0843579026396228
 21
6.500000000000002
 31
0.0
  0
LINE
  5
245
330
17
100
AcDbEntity
  8
hatch
100
AcDbLine
 10
-4.440892098500626e-16
 20
5.55706345359769
 30
0.0
 11
0.942936546402311
 21
6.500000000000002
 31
0.0
  0
LINE
  5
246
330
17
100
AcDbEntity
  8
hatch
100
AcDbLine
 10
-4.440892098500626e-16
 20
5.698484809834998
 30
0.0
 11
0.8015151901650044
 21
6.500000000000002
 31
0.0
  0
LINE
  5
247
330
17
100
AcDbEntity
  8
hatch
100
AcDbLine
 10
0.0
 20
5.839906166072309
 30
0.0
 11
0.6600938339276934
 21
6.500000000000002
 31
0.0
  0
LINE
  5
248
330
17
100
AcDbEntity
  8
hatch
100
AcDbLine
 10
0.0
 20
5.981327522309621
 30
0.0
 11
0.5186724776903815
 21
6.500000000000002
 31
0.0
  0
LINE
  5
249
330
17
100
AcDbEntity
  8
hatch
100
AcDbLine
 10
-4.440892098500626e-16
 20
6.122748878546927
 30
0.0
 11
0.37725112145307493
 21
6.500000000000002
 31
0.0
  0
LINE
  5
24A
330
17
100
AcDbEntity
  8
hatch
100
AcDbLine
 10
0.0
 20
6.264170234784238
 30
0.0
 11
0.23582976521576393
 21
6.500000000000002
 31
0.0
  0
LINE
  5
24B
330
17
100
AcDbEntity
  8
hatch
100
AcDbLine
 10
0.0
 20
6.405591591021545
 30
0.0
 11
0.09440840897845737
 21
6.500000000000002
 31
0.0
  0
LWPOLYLINE
  5
24C
330
17
100
AcDbEntity
  8
muro-visto
100
AcDbPolyline
 90
4
 70
1
 10
0.0
 20
0.0
 10
24.0
 20
0.0
 10
24.0
 20
6.5
 10
0.0
 20
6.5
  0
LWPOLYLINE
  5
24D
330
17
100
AcDbEntity
  8
fondo
100
AcDbPolyline
 90
4
 70
1
 10
1.1
 20
0.9
 10
2.6
 20
0.9
 10
2.6
 20
2.4
 10
1.1
 20
2.4
  0
LINE
  5
24E
330
17
100
AcDbEntity
  8
hatch
100
AcDbLine
 10
2.4585786437626904
 20
0.8999999999999998
 30
0.0
 11
2.5999999999999996
 21
1.0414213562373096
 31
0.0
  0
LINE
  5
24F
330
17
100
AcDbEntity
  8
hatch
100
AcDbLine
 10
2.317157287525381
 20
0.9000000000000001
 30
0.0
 11
2.6
 21
1.182842712474619
 31
0.0
  0
LINE
  5
250
330
17
100
AcDbEntity
  8
hatch
100
AcDbLine
 10
2.175735931288071
 20
0.8999999999999998
 30
0.0
 11
2.6
 21
1.3242640687119285
 31
0.0
  0
LINE
  5
251
330
17
100
AcDbEntity
  8
hatch
100
AcDbLine
 10
2.034314575050762
 20
0.9
 30
0.0
 11
2.5999999999999996
 21
1.4656854249492381
 31
0.0
  0
LINE
  5
252
330
17
100
AcDbEntity
  8
hatch
100
AcDbLine
 10
1.8928932188134524
 20
0.8999999999999999
 30
0.0
 11
2.6
 21
1.6071067811865474
 31
0.0
  0
LINE
  5
253
330
17
100
AcDbEntity
  8
hatch
100
AcDbLine
 10
1.7514718625761427
 20
0.8999999999999999
 30
0.0
 11
2.5999999999999996
 21
1.7485281374238573
 31
0.0
  0
LINE
  5
254
330
17
100
AcDbEntity
  8
hatch
100
AcDbLine
 10
1.610050506338833
 20
0.9
 30
0.0
 11
2.6
 21
1.8899494936611667
 31
0.0
  0
LINE
  5
255
330
17
100
AcDbEntity
  8
hatch
100
AcDbLine
 10
1.4686291501015238
 20
0.8999999999999999
 30
0.0
 11
2.6
 21
2.031370849898476
 31
0.0
  0
LINE
  5
256
330
17
100
AcDbEntity
  8
hatch
100
AcDbLine
 10
1.3272077938642144
 20
0.9
 30
0.0
 11
2.6000000000000005
 21
2.1727922061357856
 31
0.0
  0
LINE
  5
257
330
17
100
AcDbEntity
  8
hatch
100
AcDbLine
 10
1.185786437626905
 20
0.8999999999999999
 30
0.0
 11
2.6
 21
2.3142135623730953
 31
0.0
  0
LINE
  5
258
330
17
100
AcDbEntity
  8
hatch
100
AcDbLine
 10
1.1
 20
0.9556349186104047
 30
0.0
 11
2.544365081389595
 21
2.4
 31
0.0
  0
LINE
  5
259
330
17
100
AcDbEntity
  8
hatch
100
AcDbLine
 10
1.1
 20
1.0970562748477144
 30
0.0
 11
2.402943725152286
 21
2.3999999999999995
 31
0.0
  0
LINE
  5
25A
330
17
100
AcDbEntity
  8
hatch
100
AcDbLine
 10
1.1
 20
1.2384776310850236
 30
0.0
 11
2.261522368914976
 21
2.4
 31
0.0
  0
LINE
  5
25B
330
17
100
AcDbEntity
  8
hatch
100
AcDbLine
 10
1.1
 20
1.3798989873223333
 30
0.0
 11
2.120101012677667
 21
2.4
 31
0.0
  0
LINE
  5
25C
330
17
100
AcDbEntity
  8
hatch
100
AcDbLine
 10
1.1
 20
1.5213203435596427
 30
0.0
 11
1.9786796564403573
 21
2.4
 31
0.0
  0
LINE
  5
25D
330
17
100
AcDbEntity
  8
hatch
100
AcDbLine
 10
1.1
 20
1.6627416997969522
 30
0.0
 11
1.8372583002030478
 21
2.4
 31
0.0
  0
LINE
  5
25E
330
17
100
AcDbEntity
  8
hatch
100
AcDbLine
 10
1.1
 20
1.8041630560342619
 30
0.0
 11
1.695836943965738
 21
2.4
 31
0.0
  0
LINE
  5
25F
330
17
100
AcDbEntity
  8
hatch
100
AcDbLine
 10
1.1
 20
1.9455844122715713
 30
0.0
 11
1.554415587728429
 21
2.4
 31
0.0
  0
LINE
  5
260
330
17
100
AcDbEntity
  8
hatch
100
AcDbLine
 10
1.1000000000000003
 20
2.087005768508881
 30
0.0
 11
1.412994231491119
 21
2.4
 31
0.0
  0
LINE
  5
261
330
17
100
AcDbEntity
  8
hatch
100
AcDbLine
 10
1.1000000000000003
 20
2.22842712474619
 30
0.0
 11
1.2715728752538098
 21
2.4
 31
0.0
  0
LINE
  5
262
330
17
100
AcDbEntity
  8
hatch
100
AcDbLine
 10
1.1000000000000003
 20
2.3698484809835
 30
0.0
 11
1.1301515190165001
 21
2.4
 31
0.0
  0
LWPOLYLINE
  5
263
330
17
100
AcDbEntity
  8
carpinteria
100
AcDbPolyline
 90
4
 70
1
 10
1.1
 20
0.9
 10
2.6
 20
0.9
 10
2.6
 20
2.4
 10
1.1
 20
2.4
  0
LWPOLYLINE
  5
264
330
17
100
AcDbEntity
  8
marco-medio
100
AcDbPolyline
 90
4
 70
1
 10
1.06
 20
0.8599999999999994
 10
2.6400000000000006
 20
0.8599999999999994
 10
2.6400000000000006
 20
2.4400000000000004
 10
1.06
 20
2.4400000000000004
  0
LINE
  5
265
330
17
100
AcDbEntity
  8
carpinteria
100
AcDbLine
 10
1.85
 20
0.9
 30
0.0
 11
1.85
 21
2.4
 31
0.0
  0
LINE
  5
266
330
17
100
AcDbEntity
  8
carpinteria
100
AcDbLine
 10
1.1
 20
2.05
 30
0.0
 11
2.6
 21
2.05
 31
0.0
  0
LINE
  5
267
330
17
100
AcDbEntity
  8
vidrio
100
AcDbLine
 10
1.15
 20
0.95
 30
0.0
 11
2.55
 21
2.35
 31
0.0
  0
LINE
  5
268
330
17
100
AcDbEntity
  8
marco-medio
100
AcDbLine
 10
1.0399999999999998
 20
0.8700000000000003
 30
0.0
 11
2.6599999999999993
 21
0.8700000000000003
 31
0.0
  0
LWPOLYLINE
  5
269
330
17
100
AcDbEntity
  8
fondo
100
AcDbPolyline
 90
4
 70
1
 10
4.45
 20
0.9
 10
5.95
 20
0.9
 10
5.95
 20
2.4
 10
4.45
 20
2.4
  0
LINE
  5
26A
330
17
100
AcDbEntity
  8
hatch
100
AcDbLine
 10
5.80857864376269
 20
0.8999999999999995
 30
0.0
 11
5.95
 21
1.0414213562373096
 31
0.0
  0
LINE
  5
26B
330
17
100
AcDbEntity
  8
hatch
100
AcDbLine
 10
5.667157287525381
 20
0.8999999999999999
 30
0.0
 11
5.949999999999999
 21
1.1828427124746193
 31
0.0
  0
LINE
  5
26C
330
17
100
AcDbEntity
  8
hatch
100
AcDbLine
 10
5.525735931288072
 20
0.8999999999999999
 30
0.0
 11
5.95
 21
1.324264068711929
 31
0.0
  0
LINE
  5
26D
330
17
100
AcDbEntity
  8
hatch
100
AcDbLine
 10
5.384314575050762
 20
0.9000000000000004
 30
0.0
 11
5.95
 21
1.4656854249492381
 31
0.0
  0
LINE
  5
26E
330
17
100
AcDbEntity
  8
hatch
100
AcDbLine
 10
5.242893218813453
 20
0.9000000000000004
 30
0.0
 11
5.95
 21
1.6071067811865478
 31
0.0
  0
LINE
  5
26F
330
17
100
AcDbEntity
  8
hatch
100
AcDbLine
 10
5.101471862576142
 20
0.8999999999999995
 30
0.0
 11
5.95
 21
1.7485281374238575
 31
0.0
  0
LINE
  5
270
330
17
100
AcDbEntity
  8
hatch
100
AcDbLine
 10
4.960050506338833
 20
0.9000000000000004
 30
0.0
 11
5.95
 21
1.8899494936611667
 31
0.0
  0
LINE
  5
271
330
17
100
AcDbEntity
  8
hatch
100
AcDbLine
 10
4.818629150101524
 20
0.9000000000000004
 30
0.0
 11
5.95
 21
2.031370849898477
 31
0.0
  0
LINE
  5
272
330
17
100
AcDbEntity
  8
hatch
100
AcDbLine
 10
4.6772077938642145
 20
0.8999999999999999
 30
0.0
 11
5.95
 21
2.172792206135786
 31
0.0
  0
LINE
  5
273
330
17
100
AcDbEntity
  8
hatch
100
AcDbLine
 10
4.535786437626905
 20
0.9000000000000001
 30
0.0
 11
5.950000000000001
 21
2.3142135623730953
 31
0.0
  0
LINE
  5
274
330
17
100
AcDbEntity
  8
hatch
100
AcDbLine
 10
4.45
 20
0.9556349186104052
 30
0.0
 11
5.894365081389595
 21
2.4000000000000004
 31
0.0
  0
LINE
  5
275
330
17
100
AcDbEntity
  8
hatch
100
AcDbLine
 10
4.45
 20
1.0970562748477146
 30
0.0
 11
5.752943725152286
 21
2.4
 31
0.0
  0
LINE
  5
276
330
17
100
AcDbEntity
  8
hatch
100
AcDbLine
 10
4.45
 20
1.238477631085024
 30
0.0
 11
5.611522368914977
 21
2.4000000000000004
 31
0.0
  0
LINE
  5
277
330
17
100
AcDbEntity
  8
hatch
100
AcDbLine
 10
4.45
 20
1.3798989873223333
 30
0.0
 11
5.4701010126776675
 21
2.4000000000000004
 31
0.0
  0
LINE
  5
278
330
17
100
AcDbEntity
  8
hatch
100
AcDbLine
 10
4.45
 20
1.5213203435596432
 30
0.0
 11
5.328679656440357
 21
2.4000000000000004
 31
0.0
  0
LINE
  5
279
330
17
100
AcDbEntity
  8
hatch
100
AcDbLine
 10
4.45
 20
1.6627416997969526
 30
0.0
 11
5.187258300203048
 21
2.4000000000000004
 31
0.0
  0
LINE
  5
27A
330
17
100
AcDbEntity
  8
hatch
100
AcDbLine
 10
4.45
 20
1.8041630560342625
 30
0.0
 11
5.045836943965738
 21
2.4000000000000004
 31
0.0
  0
LINE
  5
27B
330
17
100
AcDbEntity
  8
hatch
100
AcDbLine
 10
4.45
 20
1.9455844122715713
 30
0.0
 11
4.904415587728429
 21
2.4
 31
0.0
  0
LINE
  5
27C
330
17
100
AcDbEntity
  8
hatch
100
AcDbLine
 10
4.450000000000001
 20
2.087005768508882
 30
0.0
 11
4.762994231491119
 21
2.4000000000000004
 31
0.0
  0
LINE
  5
27D
330
17
100
AcDbEntity
  8
hatch
100
AcDbLine
 10
4.450000000000001
 20
2.22842712474619
 30
0.0
 11
4.621572875253809
 21
2.3999999999999995
 31
0.0
  0
LINE
  5
27E
330
17
100
AcDbEntity
  8
hatch
100
AcDbLine
 10
4.45
 20
2.3698484809835
 30
0.0
 11
4.4801515190165
 21
2.4
 31
0.0
  0
LWPOLYLINE
  5
27F
330
17
100
AcDbEntity
  8
carpinteria
100
AcDbPolyline
 90
4
 70
1
 10
4.45
 20
0.9
 10
5.95
 20
0.9
 10
5.95
 20
2.4
 10
4.45
 20
2.4
  0
LWPOLYLINE
  5
280
330
17
100
AcDbEntity
  8
marco-medio
100
AcDbPolyline
 90
4
 70
1
 10
4.409999999999999
 20
0.8599999999999994
 10
5.99
 20
0.8599999999999994
 10
5.99
 20
2.4400000000000004
 10
4.409999999999999
 20
2.4400000000000004
  0
LINE
  5
281
330
17
100
AcDbEntity
  8
carpinteria
100
AcDbLine
 10
5.2
 20
0.9
 30
0.0
 11
5.2
 21
2.4
 31
0.0
  0
LINE
  5
282
330
17
100
AcDbEntity
  8
carpinteria
100
AcDbLine
 10
4.45
 20
2.05
 30
0.0
 11
5.95
 21
2.05
 31
0.0
  0
LINE
  5
283
330
17
100
AcDbEntity
  8
vidrio
100
AcDbLine
 10
4.5
 20
0.95
 30
0.0
 11
5.9
 21
2.35
 31
0.0
  0
LINE
  5
284
330
17
100
AcDbEntity
  8
marco-medio
100
AcDbLine
 10
4.390000000000001
 20
0.8700000000000003
 30
0.0
 11
6.01
 21
0.8700000000000003
 31
0.0
  0
LWPOLYLINE
  5
285
330
17
100
AcDbEntity
  8
fondo
100
AcDbPolyline
 90
4
 70
1
 10
7.8
 20
0.9
 10
9.3
 20
0.9
 10
9.3
 20
2.4
 10
7.8
 20
2.4
  0
LINE
  5
286
330
17
100
AcDbEntity
  8
hatch
100
AcDbLine
 10
9.158578643762691
 20
0.8999999999999995
 30
0.0
 11
9.3
 21
1.0414213562373078
 31
0.0
  0
LINE
  5
287
330
17
100
AcDbEntity
  8
hatch
100
AcDbLine
 10
9.017157287525382
 20
0.8999999999999995
 30
0.0
 11
9.3
 21
1.1828427124746188
 31
0.0
  0
LINE
  5
288
330
17
100
AcDbEntity
  8
hatch
100
AcDbLine
 10
8.875735931288073
 20
0.899999999999999
 30
0.0
 11
9.3
 21
1.3242640687119276
 31
0.0
  0
LINE
  5
289
330
17
100
AcDbEntity
  8
hatch
100
AcDbLine
 10
8.734314575050764
 20
0.8999999999999995
 30
0.0
 11
9.3
 21
1.4656854249492373
 31
0.0
  0
LINE
  5
28A
330
17
100
AcDbEntity
  8
hatch
100
AcDbLine
 10
8.592893218813455
 20
0.9000000000000004
 30
0.0
 11
9.3
 21
1.6071067811865465
 31
0.0
  0
LINE
  5
28B
330
17
100
AcDbEntity
  8
hatch
100
AcDbLine
 10
8.451471862576145
 20
0.9000000000000004
 30
0.0
 11
9.3
 21
1.7485281374238557
 31
0.0
  0
LINE
  5
28C
330
17
100
AcDbEntity
  8
hatch
100
AcDbLine
 10
8.310050506338836
 20
0.8999999999999999
 30
0.0
 11
9.3
 21
1.8899494936611663
 31
0.0
  0
LINE
  5
28D
330
17
100
AcDbEntity
  8
hatch
100
AcDbLine
 10
8.168629150101527
 20
0.8999999999999999
 30
0.0
 11
9.3
 21
2.0313708498984755
 31
0.0
  0
LINE
  5
28E
330
17
100
AcDbEntity
  8
hatch
100
AcDbLine
 10
8.027207793864216
 20
0.9000000000000004
 30
0.0
 11
9.300000000000002
 21
2.172792206135786
 31
0.0
  0
LINE
  5
28F
330
17
100
AcDbEntity
  8
hatch
100
AcDbLine
 10
7.885786437626907
 20
0.9000000000000004
 30
0.0
 11
9.3
 21
2.3142135623730935
 31
0.0
  0
LINE
  5
290
330
17
100
AcDbEntity
  8
hatch
100
AcDbLine
 10
7.799999999999999
 20
0.9556349186104018
 30
0.0
 11
9.244365081389597
 21
2.3999999999999995
 31
0.0
  0
LINE
  5
291
330
17
100
AcDbEntity
  8
hatch
100
AcDbLine
 10
7.8
 20
1.0970562748477124
 30
0.0
 11
9.102943725152286
 21
2.4
 31
0.0
  0
LINE
  5
292
330
17
100
AcDbEntity
  8
hatch
100
AcDbLine
 10
7.8
 20
1.2384776310850216
 30
0.0
 11
8.961522368914979
 21
2.400000000000001
 31
0.0
  0
LINE
  5
293
330
17
100
AcDbEntity
  8
hatch
100
AcDbLine
 10
7.799999999999999
 20
1.3798989873223313
 30
0.0
 11
8.820101012677668
 21
2.4000000000000004
 31
0.0
  0
LINE
  5
294
330
17
100
AcDbEntity
  8
hatch
100
AcDbLine
 10
7.799999999999999
 20
1.52132034355964
 30
0.0
 11
8.678679656440359
 21
2.4
 31
0.0
  0
LINE
  5
295
330
17
100
AcDbEntity
  8
hatch
100
AcDbLine
 10
7.8
 20
1.6627416997969493
 30
0.0
 11
8.53725830020305
 21
2.4
 31
0.0
  0
LINE
  5
296
330
17
100
AcDbEntity
  8
hatch
100
AcDbLine
 10
7.800000000000001
 20
1.8041630560342599
 30
0.0
 11
8.39583694396574
 21
2.3999999999999995
 31
0.0
  0
LINE
  5
297
330
17
100
AcDbEntity
  8
hatch
100
AcDbLine
 10
7.800000000000001
 20
1.945584412271569
 30
0.0
 11
8.254415587728431
 21
2.3999999999999995
 31
0.0
  0
LINE
  5
298
330
17
100
AcDbEntity
  8
hatch
100
AcDbLine
 10
7.8
 20
2.0870057685088788
 30
0.0
 11
8.11299423149112
 21
2.4
 31
0.0
  0
LINE
  5
299
330
17
100
AcDbEntity
  8
hatch
100
AcDbLine
 10
7.8
 20
2.228427124746188
 30
0.0
 11
7.971572875253812
 21
2.4
 31
0.0
  0
LINE
  5
29A
330
17
100
AcDbEntity
  8
hatch
100
AcDbLine
 10
7.799999999999999
 20
2.3698484809834977
 30
0.0
 11
7.830151519016502
 21
2.4000000000000004
 31
0.0
  0
LWPOLYLINE
  5
29B
330
17
100
AcDbEntity
  8
carpinteria
100
AcDbPolyline
 90
4
 70
1
 10
7.8
 20
0.9
 10
9.3
 20
0.9
 10
9.3
 20
2.4
 10
7.8
 20
2.4
  0
LWPOLYLINE
  5
29C
330
17
100
AcDbEntity
  8
marco-medio
100
AcDbPolyline
 90
4
 70
1
 10
7.760000000000001
 20
0.8599999999999994
 10
9.34
 20
0.8599999999999994
 10
9.34
 20
2.4400000000000004
 10
7.760000000000001
 20
2.4400000000000004
  0
LINE
  5
29D
330
17
100
AcDbEntity
  8
carpinteria
100
AcDbLine
 10
8.55
 20
0.9
 30
0.0
 11
8.55
 21
2.4
 31
0.0
  0
LINE
  5
29E
330
17
100
AcDbEntity
  8
carpinteria
100
AcDbLine
 10
7.8
 20
2.05
 30
0.0
 11
9.3
 21
2.05
 31
0.0
  0
LINE
  5
29F
330
17
100
AcDbEntity
  8
vidrio
100
AcDbLine
 10
7.85
 20
0.95
 30
0.0
 11
9.25
 21
2.35
 31
0.0
  0
LINE
  5
2A0
330
17
100
AcDbEntity
  8
marco-medio
100
AcDbLine
 10
7.74
 20
0.8700000000000003
 30
0.0
 11
9.360000000000003
 21
0.8700000000000003
 31
0.0
  0
LWPOLYLINE
  5
2A1
330
17
100
AcDbEntity
  8
fondo
100
AcDbPolyline
 90
4
 70
1
 10
11.15
 20
0.9
 10
12.65
 20
0.9
 10
12.65
 20
2.4
 10
11.15
 20
2.4
  0
LINE
  5
2A2
330
17
100
AcDbEntity
  8
hatch
100
AcDbLine
 10
12.508578643762691
 20
0.9000000000000004
 30
0.0
 11
12.65
 21
1.0414213562373087
 31
0.0
  0
LINE
  5
2A3
330
17
100
AcDbEntity
  8
hatch
100
AcDbLine
 10
12.367157287525382
 20
0.9000000000000004
 30
0.0
 11
12.649999999999999
 21
1.182842712474618
 31
0.0
  0
LINE
  5
2A4
330
17
100
AcDbEntity
  8
hatch
100
AcDbLine
 10
12.225735931288071
 20
0.8999999999999995
 30
0.0
 11
12.65
 21
1.324264068711929
 31
0.0
  0
LINE
  5
2A5
330
17
100
AcDbEntity
  8
hatch
100
AcDbLine
 10
12.084314575050762
 20
0.9000000000000004
 30
0.0
 11
12.65
 21
1.4656854249492381
 31
0.0
  0
LINE
  5
2A6
330
17
100
AcDbEntity
  8
hatch
100
AcDbLine
 10
11.942893218813452
 20
0.9000000000000004
 30
0.0
 11
12.649999999999999
 21
1.6071067811865474
 31
0.0
  0
LINE
  5
2A7
330
17
100
AcDbEntity
  8
hatch
100
AcDbLine
 10
11.801471862576143
 20
0.9000000000000004
 30
0.0
 11
12.649999999999999
 21
1.7485281374238566
 31
0.0
  0
LINE
  5
2A8
330
17
100
AcDbEntity
  8
hatch
100
AcDbLine
 10
11.660050506338834
 20
0.9000000000000004
 30
0.0
 11
12.649999999999999
 21
1.8899494936611658
 31
0.0
  0
LINE
  5
2A9
330
17
100
AcDbEntity
  8
hatch
100
AcDbLine
 10
11.518629150101525
 20
0.8999999999999995
 30
0.0
 11
12.65
 21
2.031370849898476
 31
0.0
  0
LINE
  5
2AA
330
17
100
AcDbEntity
  8
hatch
100
AcDbLine
 10
11.377207793864214
 20
0.9000000000000004
 30
0.0
 11
12.649999999999999
 21
2.172792206135786
 31
0.0
  0
LINE
  5
2AB
330
17
100
AcDbEntity
  8
hatch
100
AcDbLine
 10
11.235786437626906
 20
0.8999999999999995
 30
0.0
 11
12.65
 21
2.3142135623730944
 31
0.0
  0
LINE
  5
2AC
330
17
100
AcDbEntity
  8
hatch
100
AcDbLine
 10
11.150000000000002
 20
0.9556349186104036
 30
0.0
 11
12.594365081389597
 21
2.3999999999999986
 31
0.0
  0
LINE
  5
2AD
330
17
100
AcDbEntity
  8
hatch
100
AcDbLine
 10
11.149999999999999
 20
1.0970562748477137
 30
0.0
 11
12.452943725152286
 21
2.4000000000000004
 31
0.0
  0
LINE
  5
2AE
330
17
100
AcDbEntity
  8
hatch
100
AcDbLine
 10
11.149999999999999
 20
1.238477631085023
 30
0.0
 11
12.311522368914977
 21
2.4000000000000004
 31
0.0
  0
LINE
  5
2AF
330
17
100
AcDbEntity
  8
hatch
100
AcDbLine
 10
11.150000000000002
 20
1.379898987322333
 30
0.0
 11
12.170101012677666
 21
2.3999999999999986
 31
0.0
  0
LINE
  5
2B0
330
17
100
AcDbEntity
  8
hatch
100
AcDbLine
 10
11.15
 20
1.5213203435596423
 30
0.0
 11
12.028679656440357
 21
2.3999999999999995
 31
0.0
  0
LINE
  5
2B1
330
17
100
AcDbEntity
  8
hatch
100
AcDbLine
 10
11.15
 20
1.6627416997969515
 30
0.0
 11
11.887258300203047
 21
2.3999999999999995
 31
0.0
  0
LINE
  5
2B2
330
17
100
AcDbEntity
  8
hatch
100
AcDbLine
 10
11.149999999999999
 20
1.8041630560342616
 30
0.0
 11
11.745836943965738
 21
2.4000000000000004
 31
0.0
  0
LINE
  5
2B3
330
17
100
AcDbEntity
  8
hatch
100
AcDbLine
 10
11.15
 20
1.9455844122715709
 30
0.0
 11
11.604415587728429
 21
2.4000000000000004
 31
0.0
  0
LINE
  5
2B4
330
17
100
AcDbEntity
  8
hatch
100
AcDbLine
 10
11.15
 20
2.087005768508881
 30
0.0
 11
11.46299423149112
 21
2.3999999999999995
 31
0.0
  0
LINE
  5
2B5
330
17
100
AcDbEntity
  8
hatch
100
AcDbLine
 10
11.15
 20
2.22842712474619
 30
0.0
 11
11.32157287525381
 21
2.3999999999999995
 31
0.0
  0
LINE
  5
2B6
330
17
100
AcDbEntity
  8
hatch
100
AcDbLine
 10
11.15
 20
2.3698484809834994
 30
0.0
 11
11.180151519016501
 21
2.4000000000000004
 31
0.0
  0
LWPOLYLINE
  5
2B7
330
17
100
AcDbEntity
  8
carpinteria
100
AcDbPolyline
 90
4
 70
1
 10
11.15
 20
0.9
 10
12.65
 20
0.9
 10
12.65
 20
2.4
 10
11.15
 20
2.4
  0
LWPOLYLINE
  5
2B8
330
17
100
AcDbEntity
  8
marco-medio
100
AcDbPolyline
 90
4
 70
1
 10
11.110000000000003
 20
0.8599999999999994
 10
12.689999999999998
 20
0.8599999999999994
 10
12.689999999999998
 20
2.4400000000000004
 10
11.110000000000003
 20
2.4400000000000004
  0
LINE
  5
2B9
330
17
100
AcDbEntity
  8
carpinteria
100
AcDbLine
 10
11.9
 20
0.9
 30
0.0
 11
11.9
 21
2.4
 31
0.0
  0
LINE
  5
2BA
330
17
100
AcDbEntity
  8
carpinteria
100
AcDbLine
 10
11.15
 20
2.05
 30
0.0
 11
12.65
 21
2.05
 31
0.0
  0
LINE
  5
2BB
330
17
100
AcDbEntity
  8
vidrio
100
AcDbLine
 10
11.2
 20
0.95
 30
0.0
 11
12.6
 21
2.35
 31
0.0
  0
LINE
  5
2BC
330
17
100
AcDbEntity
  8
marco-medio
100
AcDbLine
 10
11.09
 20
0.8700000000000003
 30
0.0
 11
12.710000000000003
 21
0.8700000000000003
 31
0.0
  0
LWPOLYLINE
  5
2BD
330
17
100
AcDbEntity
  8
fondo
100
AcDbPolyline
 90
4
 70
1
 10
14.4
 20
1.7
 10
14.9
 20
1.7
 10
14.9
 20
2.5
 10
14.4
 20
2.5
  0
LINE
  5
2BE
330
17
100
AcDbEntity
  8
hatch
100
AcDbLine
 10
14.75857864376269
 20
1.6999999999999984
 30
0.0
 11
14.899999999999999
 21
1.8414213562373076
 31
0.0
  0
LINE
  5
2BF
330
17
100
AcDbEntity
  8
hatch
100
AcDbLine
 10
14.61715728752538
 20
1.6999999999999984
 30
0.0
 11
14.899999999999999
 21
1.9828427124746169
 31
0.0
  0
LINE
  5
2C0
330
17
100
AcDbEntity
  8
hatch
100
AcDbLine
 10
14.47573593128807
 20
1.7000000000000002
 30
0.0
 11
14.899999999999999
 21
2.1242640687119296
 31
0.0
  0
LINE
  5
2C1
330
17
100
AcDbEntity
  8
hatch
100
AcDbLine
 10
14.4
 20
1.7656854249492389
 30
0.0
 11
14.899999999999999
 21
2.265685424949239
 31
0.0
  0
LINE
  5
2C2
330
17
100
AcDbEntity
  8
hatch
100
AcDbLine
 10
14.4
 20
1.9071067811865472
 30
0.0
 11
14.899999999999999
 21
2.407106781186547
 31
0.0
  0
LINE
  5
2C3
330
17
100
AcDbEntity
  8
hatch
100
AcDbLine
 10
14.400000000000002
 20
2.0485281374238564
 30
0.0
 11
14.851471862576144
 21
2.5
 31
0.0
  0
LINE
  5
2C4
330
17
100
AcDbEntity
  8
hatch
100
AcDbLine
 10
14.400000000000002
 20
2.1899494936611656
 30
0.0
 11
14.710050506338835
 21
2.5
 31
0.0
  0
LINE
  5
2C5
330
17
100
AcDbEntity
  8
hatch
100
AcDbLine
 10
14.399999999999999
 20
2.3313708498984775
 30
0.0
 11
14.568629150101522
 21
2.499999999999999
 31
0.0
  0
LINE
  5
2C6
330
17
100
AcDbEntity
  8
hatch
100
AcDbLine
 10
14.4
 20
2.4727922061357868
 30
0.0
 11
14.427207793864214
 21
2.499999999999999
 31
0.0
  0
LWPOLYLINE
  5
2C7
330
17
100
AcDbEntity
  8
carpinteria
100
AcDbPolyline
 90
4
 70
1
 10
14.4
 20
1.7
 10
14.9
 20
1.7
 10
14.9
 20
2.5
 10
14.4
 20
2.5
  0
LWPOLYLINE
  5
2C8
330
17
100
AcDbEntity
  8
marco-medio
100
AcDbPolyline
 90
4
 70
1
 10
14.360000000000003
 20
1.6599999999999995
 10
14.940000000000001
 20
1.6599999999999995
 10
14.940000000000001
 20
2.5400000000000005
 10
14.360000000000003
 20
2.5400000000000005
  0
LINE
  5
2C9
330
17
100
AcDbEntity
  8
carpinteria
100
AcDbLine
 10
14.4
 20
2.15
 30
0.0
 11
14.9
 21
2.15
 31
0.0
  0
LINE
  5
2CA
330
17
100
AcDbEntity
  8
vidrio
100
AcDbLine
 10
14.45
 20
1.75
 30
0.0
 11
14.85
 21
2.45
 31
0.0
  0
LINE
  5
2CB
330
17
100
AcDbEntity
  8
marco-medio
100
AcDbLine
 10
14.34
 20
1.6700000000000004
 30
0.0
 11
14.960000000000003
 21
1.6700000000000004
 31
0.0
  0
LWPOLYLINE
  5
2CC
330
17
100
AcDbEntity
  8
fondo
100
AcDbPolyline
 90
4
 70
1
 10
1.1
 20
4.15
 10
2.6
 20
4.15
 10
2.6
 20
5.65
 10
1.1
 20
5.65
  0
LINE
  5
2CD
330
17
100
AcDbEntity
  8
hatch
100
AcDbLine
 10
2.4585786437626904
 20
4.15
 30
0.0
 11
2.6
 21
4.29142135623731
 31
0.0
  0
LINE
  5
2CE
330
17
100
AcDbEntity
  8
hatch
100
AcDbLine
 10
2.317157287525381
 20
4.15
 30
0.0
 11
2.6000000000000005
 21
4.43284271247462
 31
0.0
  0
LINE
  5
2CF
330
17
100
AcDbEntity
  8
hatch
100
AcDbLine
 10
2.1757359312880715
 20
4.15
 30
0.0
 11
2.6
 21
4.574264068711929
 31
0.0
  0
LINE
  5
2D0
330
17
100
AcDbEntity
  8
hatch
100
AcDbLine
 10
2.034314575050762
 20
4.15
 30
0.0
 11
2.6
 21
4.715685424949238
 31
0.0
  0
LINE
  5
2D1
330
17
100
AcDbEntity
  8
hatch
100
AcDbLine
 10
1.8928932188134524
 20
4.15
 30
0.0
 11
2.6000000000000005
 21
4.857106781186547
 31
0.0
  0
LINE
  5
2D2
330
17
100
AcDbEntity
  8
hatch
100
AcDbLine
 10
1.7514718625761425
 20
4.15
 30
0.0
 11
2.5999999999999996
 21
4.9985281374238575
 31
0.0
  0
LINE
  5
2D3
330
17
100
AcDbEntity
  8
hatch
100
AcDbLine
 10
1.6100505063388337
 20
4.15
 30
0.0
 11
2.6000000000000005
 21
5.139949493661167
 31
0.0
  0
LINE
  5
2D4
330
17
100
AcDbEntity
  8
hatch
100
AcDbLine
 10
1.4686291501015238
 20
4.15
 30
0.0
 11
2.5999999999999996
 21
5.281370849898476
 31
0.0
  0
LINE
  5
2D5
330
17
100
AcDbEntity
  8
hatch
100
AcDbLine
 10
1.3272077938642146
 20
4.15
 30
0.0
 11
2.6000000000000005
 21
5.422792206135785
 31
0.0
  0
LINE
  5
2D6
330
17
100
AcDbEntity
  8
hatch
100
AcDbLine
 10
1.1857864376269047
 20
4.15
 30
0.0
 11
2.599999999999999
 21
5.564213562373095
 31
0.0
  0
LINE
  5
2D7
330
17
100
AcDbEntity
  8
hatch
100
AcDbLine
 10
1.1000000000000003
 20
4.205634918610405
 30
0.0
 11
2.5443650813895955
 21
5.65
 31
0.0
  0
LINE
  5
2D8
330
17
100
AcDbEntity
  8
hatch
100
AcDbLine
 10
1.1000000000000003
 20
4.347056274847715
 30
0.0
 11
2.4029437251522863
 21
5.65
 31
0.0
  0
LINE
  5
2D9
330
17
100
AcDbEntity
  8
hatch
100
AcDbLine
 10
1.1000000000000003
 20
4.488477631085024
 30
0.0
 11
2.261522368914977
 21
5.65
 31
0.0
  0
LINE
  5
2DA
330
17
100
AcDbEntity
  8
hatch
100
AcDbLine
 10
1.1000000000000003
 20
4.629898987322334
 30
0.0
 11
2.120101012677667
 21
5.65
 31
0.0
  0
LINE
  5
2DB
330
17
100
AcDbEntity
  8
hatch
100
AcDbLine
 10
1.0999999999999999
 20
4.771320343559642
 30
0.0
 11
1.978679656440358
 21
5.65
 31
0.0
  0
LINE
  5
2DC
330
17
100
AcDbEntity
  8
hatch
100
AcDbLine
 10
1.1
 20
4.912741699796952
 30
0.0
 11
1.837258300203048
 21
5.65
 31
0.0
  0
LINE
  5
2DD
330
17
100
AcDbEntity
  8
hatch
100
AcDbLine
 10
1.1
 20
5.0541630560342625
 30
0.0
 11
1.6958369439657388
 21
5.65
 31
0.0
  0
LINE
  5
2DE
330
17
100
AcDbEntity
  8
hatch
100
AcDbLine
 10
1.1
 20
5.195584412271572
 30
0.0
 11
1.5544155877284296
 21
5.65
 31
0.0
  0
LINE
  5
2DF
330
17
100
AcDbEntity
  8
hatch
100
AcDbLine
 10
1.1
 20
5.337005768508881
 30
0.0
 11
1.4129942314911195
 21
5.65
 31
0.0
  0
LINE
  5
2E0
330
17
100
AcDbEntity
  8
hatch
100
AcDbLine
 10
1.1
 20
5.47842712474619
 30
0.0
 11
1.2715728752538102
 21
5.65
 31
0.0
  0
LINE
  5
2E1
330
17
100
AcDbEntity
  8
hatch
100
AcDbLine
 10
1.1000000000000005
 20
5.6198484809835
 30
0.0
 11
1.130151519016501
 21
5.65
 31
0.0
  0
LWPOLYLINE
  5
2E2
330
17
100
AcDbEntity
  8
carpinteria
100
AcDbPolyline
 90
4
 70
1
 10
1.1
 20
4.15
 10
2.6
 20
4.15
 10
2.6
 20
5.65
 10
1.1
 20
5.65
  0
LWPOLYLINE
  5
2E3
330
17
100
AcDbEntity
  8
marco-medio
100
AcDbPolyline
 90
4
 70
1
 10
1.06
 20
4.109999999999999
 10
2.6400000000000006
 20
4.109999999999999
 10
2.6400000000000006
 20
5.69
 10
1.06
 20
5.69
  0
LINE
  5
2E4
330
17
100
AcDbEntity
  8
carpinteria
100
AcDbLine
 10
1.85
 20
4.15
 30
0.0
 11
1.85
 21
5.65
 31
0.0
  0
LINE
  5
2E5
330
17
100
AcDbEntity
  8
carpinteria
100
AcDbLine
 10
1.1
 20
5.300000000000001
 30
0.0
 11
2.6
 21
5.300000000000001
 31
0.0
  0
LINE
  5
2E6
330
17
100
AcDbEntity
  8
vidrio
100
AcDbLine
 10
1.15
 20
4.2
 30
0.0
 11
2.55
 21
5.6000000000000005
 31
0.0
  0
LINE
  5
2E7
330
17
100
AcDbEntity
  8
marco-medio
100
AcDbLine
 10
1.0399999999999998
 20
4.12
 30
0.0
 11
2.6599999999999993
 21
4.12
 31
0.0
  0
LWPOLYLINE
  5
2E8
330
17
100
AcDbEntity
  8
fondo
100
AcDbPolyline
 90
4
 70
1
 10
4.45
 20
4.15
 10
5.95
 20
4.15
 10
5.95
 20
5.65
 10
4.45
 20
5.65
  0
LINE
  5
2E9
330
17
100
AcDbEntity
  8
hatch
100
AcDbLine
 10
5.808578643762691
 20
4.15
 30
0.0
 11
5.95
 21
4.29142135623731
 31
0.0
  0
LINE
  5
2EA
330
17
100
AcDbEntity
  8
hatch
100
AcDbLine
 10
5.667157287525381
 20
4.1499999999999995
 30
0.0
 11
5.95
 21
4.432842712474619
 31
0.0
  0
LINE
  5
2EB
330
17
100
AcDbEntity
  8
hatch
100
AcDbLine
 10
5.525735931288072
 20
4.15
 30
0.0
 11
5.950000000000001
 21
4.57426406871193
 31
0.0
  0
LINE
  5
2EC
330
17
100
AcDbEntity
  8
hatch
100
AcDbLine
 10
5.3843145750507615
 20
4.15
 30
0.0
 11
5.95
 21
4.715685424949239
 31
0.0
  0
LINE
  5
2ED
330
17
100
AcDbEntity
  8
hatch
100
AcDbLine
 10
5.242893218813452
 20
4.15
 30
0.0
 11
5.95
 21
4.857106781186548
 31
0.0
  0
LINE
  5
2EE
330
17
100
AcDbEntity
  8
hatch
100
AcDbLine
 10
5.101471862576143
 20
4.15
 30
0.0
 11
5.95
 21
4.9985281374238575
 31
0.0
  0
LINE
  5
2EF
330
17
100
AcDbEntity
  8
hatch
100
AcDbLine
 10
4.960050506338833
 20
4.15
 30
0.0
 11
5.950000000000001
 21
5.139949493661168
 31
0.0
  0
LINE
  5
2F0
330
17
100
AcDbEntity
  8
hatch
100
AcDbLine
 10
4.818629150101525
 20
4.15
 30
0.0
 11
5.950000000000001
 21
5.281370849898477
 31
0.0
  0
LINE
  5
2F1
330
17
100
AcDbEntity
  8
hatch
100
AcDbLine
 10
4.6772077938642145
 20
4.1499999999999995
 30
0.0
 11
5.95
 21
5.422792206135785
 31
0.0
  0
LINE
  5
2F2
330
17
100
AcDbEntity
  8
hatch
100
AcDbLine
 10
4.535786437626904
 20
4.15
 30
0.0
 11
5.950000000000001
 21
5.564213562373097
 31
0.0
  0
LINE
  5
2F3
330
17
100
AcDbEntity
  8
hatch
100
AcDbLine
 10
4.45
 20
4.205634918610405
 30
0.0
 11
5.894365081389596
 21
5.650000000000001
 31
0.0
  0
LINE
  5
2F4
330
17
100
AcDbEntity
  8
hatch
100
AcDbLine
 10
4.45
 20
4.347056274847715
 30
0.0
 11
5.752943725152287
 21
5.650000000000001
 31
0.0
  0
LINE
  5
2F5
330
17
100
AcDbEntity
  8
hatch
100
AcDbLine
 10
4.45
 20
4.488477631085024
 30
0.0
 11
5.611522368914978
 21
5.650000000000001
 31
0.0
  0
LINE
  5
2F6
330
17
100
AcDbEntity
  8
hatch
100
AcDbLine
 10
4.450000000000001
 20
4.629898987322334
 30
0.0
 11
5.4701010126776675
 21
5.65
 31
0.0
  0
LINE
  5
2F7
330
17
100
AcDbEntity
  8
hatch
100
AcDbLine
 10
4.450000000000001
 20
4.771320343559643
 30
0.0
 11
5.328679656440358
 21
5.65
 31
0.0
  0
LINE
  5
2F8
330
17
100
AcDbEntity
  8
hatch
100
AcDbLine
 10
4.449999999999999
 20
4.912741699796953
 30
0.0
 11
5.187258300203048
 21
5.650000000000001
 31
0.0
  0
LINE
  5
2F9
330
17
100
AcDbEntity
  8
hatch
100
AcDbLine
 10
4.45
 20
5.0541630560342625
 30
0.0
 11
5.045836943965738
 21
5.65
 31
0.0
  0
LINE
  5
2FA
330
17
100
AcDbEntity
  8
hatch
100
AcDbLine
 10
4.45
 20
5.195584412271572
 30
0.0
 11
4.904415587728429
 21
5.65
 31
0.0
  0
LINE
  5
2FB
330
17
100
AcDbEntity
  8
hatch
100
AcDbLine
 10
4.45
 20
5.337005768508881
 30
0.0
 11
4.76299423149112
 21
5.65
 31
0.0
  0
LINE
  5
2FC
330
17
100
AcDbEntity
  8
hatch
100
AcDbLine
 10
4.45
 20
5.47842712474619
 30
0.0
 11
4.62157287525381
 21
5.65
 31
0.0
  0
LINE
  5
2FD
330
17
100
AcDbEntity
  8
hatch
100
AcDbLine
 10
4.45
 20
5.619848480983499
 30
0.0
 11
4.4801515190165
 21
5.6499999999999995
 31
0.0
  0
LWPOLYLINE
  5
2FE
330
17
100
AcDbEntity
  8
carpinteria
100
AcDbPolyline
 90
4
 70
1
 10
4.45
 20
4.15
 10
5.95
 20
4.15
 10
5.95
 20
5.65
 10
4.45
 20
5.65
  0
LWPOLYLINE
  5
2FF
330
17
100
AcDbEntity
  8
marco-medio
100
AcDbPolyline
 90
4
 70
1
 10
4.409999999999999
 20
4.109999999999999
 10
5.99
 20
4.109999999999999
 10
5.99
 20
5.69
 10
4.409999999999999
 20
5.69
  0
LINE
  5
300
330
17
100
AcDbEntity
  8
carpinteria
100
AcDbLine
 10
5.2
 20
4.15
 30
0.0
 11
5.2
 21
5.65
 31
0.0
  0
LINE
  5
301
330
17
100
AcDbEntity
  8
carpinteria
100
AcDbLine
 10
4.45
 20
5.300000000000001
 30
0.0
 11
5.95
 21
5.300000000000001
 31
0.0
  0
LINE
  5
302
330
17
100
AcDbEntity
  8
vidrio
100
AcDbLine
 10
4.5
 20
4.2
 30
0.0
 11
5.9
 21
5.6000000000000005
 31
0.0
  0
LINE
  5
303
330
17
100
AcDbEntity
  8
marco-medio
100
AcDbLine
 10
4.390000000000001
 20
4.12
 30
0.0
 11
6.01
 21
4.12
 31
0.0
  0
LWPOLYLINE
  5
304
330
17
100
AcDbEntity
  8
fondo
100
AcDbPolyline
 90
4
 70
1
 10
7.8
 20
4.15
 10
9.3
 20
4.15
 10
9.3
 20
5.65
 10
7.8
 20
5.65
  0
LINE
  5
305
330
17
100
AcDbEntity
  8
hatch
100
AcDbLine
 10
9.158578643762691
 20
4.15
 30
0.0
 11
9.3
 21
4.29142135623731
 31
0.0
  0
LINE
  5
306
330
17
100
AcDbEntity
  8
hatch
100
AcDbLine
 10
9.017157287525382
 20
4.15
 30
0.0
 11
9.3
 21
4.432842712474619
 31
0.0
  0
LINE
  5
307
330
17
100
AcDbEntity
  8
hatch
100
AcDbLine
 10
8.875735931288073
 20
4.15
 30
0.0
 11
9.3
 21
4.574264068711928
 31
0.0
  0
LINE
  5
308
330
17
100
AcDbEntity
  8
hatch
100
AcDbLine
 10
8.734314575050764
 20
4.149999999999999
 30
0.0
 11
9.3
 21
4.715685424949237
 31
0.0
  0
LINE
  5
309
330
17
100
AcDbEntity
  8
hatch
100
AcDbLine
 10
8.592893218813453
 20
4.15
 30
0.0
 11
9.3
 21
4.857106781186547
 31
0.0
  0
LINE
  5
30A
330
17
100
AcDbEntity
  8
hatch
100
AcDbLine
 10
8.451471862576144
 20
4.15
 30
0.0
 11
9.300000000000002
 21
4.9985281374238575
 31
0.0
  0
LINE
  5
30B
330
17
100
AcDbEntity
  8
hatch
100
AcDbLine
 10
8.310050506338834
 20
4.15
 30
0.0
 11
9.300000000000002
 21
5.139949493661167
 31
0.0
  0
LINE
  5
30C
330
17
100
AcDbEntity
  8
hatch
100
AcDbLine
 10
8.168629150101525
 20
4.15
 30
0.0
 11
9.3
 21
5.281370849898476
 31
0.0
  0
LINE
  5
30D
330
17
100
AcDbEntity
  8
hatch
100
AcDbLine
 10
8.027207793864216
 20
4.15
 30
0.0
 11
9.3
 21
5.422792206135785
 31
0.0
  0
LINE
  5
30E
330
17
100
AcDbEntity
  8
hatch
100
AcDbLine
 10
7.885786437626906
 20
4.15
 30
0.0
 11
9.300000000000002
 21
5.564213562373096
 31
0.0
  0
LINE
  5
30F
330
17
100
AcDbEntity
  8
hatch
100
AcDbLine
 10
7.800000000000001
 20
4.2056349186104045
 30
0.0
 11
9.244365081389597
 21
5.650000000000001
 31
0.0
  0
LINE
  5
310
330
17
100
AcDbEntity
  8
hatch
100
AcDbLine
 10
7.800000000000001
 20
4.347056274847714
 30
0.0
 11
9.102943725152288
 21
5.650000000000001
 31
0.0
  0
LINE
  5
311
330
17
100
AcDbEntity
  8
hatch
100
AcDbLine
 10
7.800000000000001
 20
4.488477631085023
 30
0.0
 11
8.961522368914979
 21
5.650000000000001
 31
0.0
  0
LINE
  5
312
330
17
100
AcDbEntity
  8
hatch
100
AcDbLine
 10
7.8
 20
4.629898987322333
 30
0.0
 11
8.820101012677668
 21
5.65
 31
0.0
  0
LINE
  5
313
330
17
100
AcDbEntity
  8
hatch
100
AcDbLine
 10
7.8
 20
4.771320343559642
 30
0.0
 11
8.678679656440359
 21
5.65
 31
0.0
  0
LINE
  5
314
330
17
100
AcDbEntity
  8
hatch
100
AcDbLine
 10
7.800000000000001
 20
4.912741699796952
 30
0.0
 11
8.53725830020305
 21
5.650000000000001
 31
0.0
  0
LINE
  5
315
330
17
100
AcDbEntity
  8
hatch
100
AcDbLine
 10
7.800000000000001
 20
5.054163056034262
 30
0.0
 11
8.395836943965739
 21
5.65
 31
0.0
  0
LINE
  5
316
330
17
100
AcDbEntity
  8
hatch
100
AcDbLine
 10
7.800000000000001
 20
5.195584412271571
 30
0.0
 11
8.25441558772843
 21
5.65
 31
0.0
  0
LINE
  5
317
330
17
100
AcDbEntity
  8
hatch
100
AcDbLine
 10
7.800000000000001
 20
5.33700576850888
 30
0.0
 11
8.11299423149112
 21
5.65
 31
0.0
  0
LINE
  5
318
330
17
100
AcDbEntity
  8
hatch
100
AcDbLine
 10
7.800000000000001
 20
5.478427124746189
 30
0.0
 11
7.971572875253811
 21
5.65
 31
0.0
  0
LINE
  5
319
330
17
100
AcDbEntity
  8
hatch
100
AcDbLine
 10
7.800000000000001
 20
5.619848480983499
 30
0.0
 11
7.830151519016502
 21
5.65
 31
0.0
  0
LWPOLYLINE
  5
31A
330
17
100
AcDbEntity
  8
carpinteria
100
AcDbPolyline
 90
4
 70
1
 10
7.8
 20
4.15
 10
9.3
 20
4.15
 10
9.3
 20
5.65
 10
7.8
 20
5.65
  0
LWPOLYLINE
  5
31B
330
17
100
AcDbEntity
  8
marco-medio
100
AcDbPolyline
 90
4
 70
1
 10
7.760000000000001
 20
4.109999999999999
 10
9.34
 20
4.109999999999999
 10
9.34
 20
5.69
 10
7.760000000000001
 20
5.69
  0
LINE
  5
31C
330
17
100
AcDbEntity
  8
carpinteria
100
AcDbLine
 10
8.55
 20
4.15
 30
0.0
 11
8.55
 21
5.65
 31
0.0
  0
LINE
  5
31D
330
17
100
AcDbEntity
  8
carpinteria
100
AcDbLine
 10
7.8
 20
5.300000000000001
 30
0.0
 11
9.3
 21
5.300000000000001
 31
0.0
  0
LINE
  5
31E
330
17
100
AcDbEntity
  8
vidrio
100
AcDbLine
 10
7.85
 20
4.2
 30
0.0
 11
9.25
 21
5.6000000000000005
 31
0.0
  0
LINE
  5
31F
330
17
100
AcDbEntity
  8
marco-medio
100
AcDbLine
 10
7.74
 20
4.12
 30
0.0
 11
9.360000000000003
 21
4.12
 31
0.0
  0
LWPOLYLINE
  5
320
330
17
100
AcDbEntity
  8
fondo
100
AcDbPolyline
 90
4
 70
1
 10
11.15
 20
4.15
 10
12.65
 20
4.15
 10
12.65
 20
5.65
 10
11.15
 20
5.65
  0
LINE
  5
321
330
17
100
AcDbEntity
  8
hatch
100
AcDbLine
 10
12.50857864376269
 20
4.149999999999999
 30
0.0
 11
12.649999999999999
 21
4.291421356237308
 31
0.0
  0
LINE
  5
322
330
17
100
AcDbEntity
  8
hatch
100
AcDbLine
 10
12.36715728752538
 20
4.149999999999999
 30
0.0
 11
12.649999999999999
 21
4.432842712474617
 31
0.0
  0
LINE
  5
323
330
17
100
AcDbEntity
  8
hatch
100
AcDbLine
 10
12.225735931288071
 20
4.149999999999999
 30
0.0
 11
12.649999999999999
 21
4.574264068711926
 31
0.0
  0
LINE
  5
324
330
17
100
AcDbEntity
  8
hatch
100
AcDbLine
 10
12.084314575050762
 20
4.1499999999999995
 30
0.0
 11
12.649999999999999
 21
4.715685424949238
 31
0.0
  0
LINE
  5
325
330
17
100
AcDbEntity
  8
hatch
100
AcDbLine
 10
11.942893218813452
 20
4.149999999999999
 30
0.0
 11
12.649999999999999
 21
4.8571067811865465
 31
0.0
  0
LINE
  5
326
330
17
100
AcDbEntity
  8
hatch
100
AcDbLine
 10
11.801471862576143
 20
4.15
 30
0.0
 11
12.649999999999999
 21
4.9985281374238575
 31
0.0
  0
LINE
  5
327
330
17
100
AcDbEntity
  8
hatch
100
AcDbLine
 10
11.660050506338834
 20
4.1499999999999995
 30
0.0
 11
12.649999999999999
 21
5.139949493661164
 31
0.0
  0
LINE
  5
328
330
17
100
AcDbEntity
  8
hatch
100
AcDbLine
 10
11.518629150101525
 20
4.1499999999999995
 30
0.0
 11
12.649999999999999
 21
5.281370849898473
 31
0.0
  0
LINE
  5
329
330
17
100
AcDbEntity
  8
hatch
100
AcDbLine
 10
11.377207793864214
 20
4.149999999999999
 30
0.0
 11
12.65
 21
5.422792206135785
 31
0.0
  0
LINE
  5
32A
330
17
100
AcDbEntity
  8
hatch
100
AcDbLine
 10
11.235786437626905
 20
4.149999999999999
 30
0.0
 11
12.65
 21
5.564213562373094
 31
0.0
  0
LINE
  5
32B
330
17
100
AcDbEntity
  8
hatch
100
AcDbLine
 10
11.15
 20
4.2056349186104045
 30
0.0
 11
12.594365081389595
 21
5.649999999999999
 31
0.0
  0
LINE
  5
32C
330
17
100
AcDbEntity
  8
hatch
100
AcDbLine
 10
11.15
 20
4.347056274847713
 30
0.0
 11
12.452943725152286
 21
5.649999999999999
 31
0.0
  0
LINE
  5
32D
330
17
100
AcDbEntity
  8
hatch
100
AcDbLine
 10
11.15
 20
4.488477631085022
 30
0.0
 11
12.311522368914977
 21
5.649999999999999
 31
0.0
  0
LINE
  5
32E
330
17
100
AcDbEntity
  8
hatch
100
AcDbLine
 10
11.15
 20
4.629898987322333
 30
0.0
 11
12.170101012677666
 21
5.649999999999999
 31
0.0
  0
LINE
  5
32F
330
17
100
AcDbEntity
  8
hatch
100
AcDbLine
 10
11.15
 20
4.771320343559642
 30
0.0
 11
12.028679656440357
 21
5.65
 31
0.0
  0
LINE
  5
330
330
17
100
AcDbEntity
  8
hatch
100
AcDbLine
 10
11.149999999999999
 20
4.912741699796952
 30
0.0
 11
11.887258300203047
 21
5.650000000000001
 31
0.0
  0
LINE
  5
331
330
17
100
AcDbEntity
  8
hatch
100
AcDbLine
 10
11.149999999999999
 20
5.054163056034262
 30
0.0
 11
11.745836943965738
 21
5.650000000000001
 31
0.0
  0
LINE
  5
332
330
17
100
AcDbEntity
  8
hatch
100
AcDbLine
 10
11.150000000000002
 20
5.19558441227157
 30
0.0
 11
11.604415587728429
 21
5.65
 31
0.0
  0
LINE
  5
333
330
17
100
AcDbEntity
  8
hatch
100
AcDbLine
 10
11.15
 20
5.337005768508881
 30
0.0
 11
11.462994231491122
 21
5.650000000000002
 31
0.0
  0
LINE
  5
334
330
17
100
AcDbEntity
  8
hatch
100
AcDbLine
 10
11.15
 20
5.478427124746189
 30
0.0
 11
11.321572875253812
 21
5.650000000000001
 31
0.0
  0
LINE
  5
335
330
17
100
AcDbEntity
  8
hatch
100
AcDbLine
 10
11.15
 20
5.619848480983499
 30
0.0
 11
11.180151519016503
 21
5.650000000000002
 31
0.0
  0
LWPOLYLINE
  5
336
330
17
100
AcDbEntity
  8
carpinteria
100
AcDbPolyline
 90
4
 70
1
 10
11.15
 20
4.15
 10
12.65
 20
4.15
 10
12.65
 20
5.65
 10
11.15
 20
5.65
  0
LWPOLYLINE
  5
337
330
17
100
AcDbEntity
  8
marco-medio
100
AcDbPolyline
 90
4
 70
1
 10
11.110000000000003
 20
4.109999999999999
 10
12.689999999999998
 20
4.109999999999999
 10
12.689999999999998
 20
5.69
 10
11.110000000000003
 20
5.69
  0
LINE
  5
338
330
17
100
AcDbEntity
  8
carpinteria
100
AcDbLine
 10
11.9
 20
4.15
 30
0.0
 11
11.9
 21
5.65
 31
0.0
  0
LINE
  5
339
330
17
100
AcDbEntity
  8
carpinteria
100
AcDbLine
 10
11.15
 20
5.300000000000001
 30
0.0
 11
12.65
 21
5.300000000000001
 31
0.0
  0
LINE
  5
33A
330
17
100
AcDbEntity
  8
vidrio
100
AcDbLine
 10
11.2
 20
4.2
 30
0.0
 11
12.6
 21
5.6000000000000005
 31
0.0
  0
LINE
  5
33B
330
17
100
AcDbEntity
  8
marco-medio
100
AcDbLine
 10
11.09
 20
4.12
 30
0.0
 11
12.710000000000003
 21
4.12
 31
0.0
  0
LWPOLYLINE
  5
33C
330
17
100
AcDbEntity
  8
fondo
100
AcDbPolyline
 90
4
 70
1
 10
14.4
 20
4.95
 10
14.9
 20
4.95
 10
14.9
 20
5.75
 10
14.4
 20
5.75
  0
LINE
  5
33D
330
17
100
AcDbEntity
  8
hatch
100
AcDbLine
 10
14.75857864376269
 20
4.949999999999999
 30
0.0
 11
14.899999999999999
 21
5.0914213562373085
 31
0.0
  0
LINE
  5
33E
330
17
100
AcDbEntity
  8
hatch
100
AcDbLine
 10
14.61715728752538
 20
4.95
 30
0.0
 11
14.9
 21
5.23284271247462
 31
0.0
  0
LINE
  5
33F
330
17
100
AcDbEntity
  8
hatch
100
AcDbLine
 10
14.475735931288071
 20
4.95
 30
0.0
 11
14.9
 21
5.37426406871193
 31
0.0
  0
LINE
  5
340
330
17
100
AcDbEntity
  8
hatch
100
AcDbLine
 10
14.4
 20
5.015685424949239
 30
0.0
 11
14.9
 21
5.515685424949239
 31
0.0
  0
LINE
  5
341
330
17
100
AcDbEntity
  8
hatch
100
AcDbLine
 10
14.4
 20
5.157106781186548
 30
0.0
 11
14.9
 21
5.657106781186548
 31
0.0
  0
LINE
  5
342
330
17
100
AcDbEntity
  8
hatch
100
AcDbLine
 10
14.4
 20
5.298528137423857
 30
0.0
 11
14.851471862576144
 21
5.750000000000001
 31
0.0
  0
LINE
  5
343
330
17
100
AcDbEntity
  8
hatch
100
AcDbLine
 10
14.400000000000002
 20
5.439949493661169
 30
0.0
 11
14.710050506338833
 21
5.750000000000002
 31
0.0
  0
LINE
  5
344
330
17
100
AcDbEntity
  8
hatch
100
AcDbLine
 10
14.400000000000002
 20
5.581370849898478
 30
0.0
 11
14.568629150101524
 21
5.750000000000002
 31
0.0
  0
LINE
  5
345
330
17
100
AcDbEntity
  8
hatch
100
AcDbLine
 10
14.400000000000002
 20
5.722792206135788
 30
0.0
 11
14.427207793864216
 21
5.750000000000002
 31
0.0
  0
LWPOLYLINE
  5
346
330
17
100
AcDbEntity
  8
carpinteria
100
AcDbPolyline
 90
4
 70
1
 10
14.4
 20
4.95
 10
14.9
 20
4.95
 10
14.9
 20
5.75
 10
14.4
 20
5.75
  0
LWPOLYLINE
  5
347
330
17
100
AcDbEntity
  8
marco-medio
100
AcDbPolyline
 90
4
 70
1
 10
14.360000000000003
 20
4.909999999999999
 10
14.940000000000001
 20
4.909999999999999
 10
14.940000000000001
 20
5.79
 10
14.360000000000003
 20
5.79
  0
LINE
  5
348
330
17
100
AcDbEntity
  8
carpinteria
100
AcDbLine
 10
14.4
 20
5.4
 30
0.0
 11
14.9
 21
5.4
 31
0.0
  0
LINE
  5
349
330
17
100
AcDbEntity
  8
vidrio
100
AcDbLine
 10
14.45
 20
5.0
 30
0.0
 11
14.85
 21
5.7
 31
0.0
  0
LINE
  5
34A
330
17
100
AcDbEntity
  8
marco-medio
100
AcDbLine
 10
14.34
 20
4.92
 30
0.0
 11
14.960000000000003
 21
4.92
 31
0.0
  0
LWPOLYLINE
  5
34B
330
17
100
AcDbEntity
  8
fondo
100
AcDbPolyline
 90
4
 70
1
 10
17.450000000000003
 20
0.0
 10
19.25
 20
0.0
 10
19.25
 20
2.4
 10
17.450000000000003
 20
2.4
  0
LINE
  5
34C
330
17
100
AcDbEntity
  8
hatch
100
AcDbLine
 10
19.10857864376269
 20
0.0
 30
0.0
 11
19.25
 21
0.14142135623730923
 31
0.0
  0
LINE
  5
34D
330
17
100
AcDbEntity
  8
hatch
100
AcDbLine
 10
18.96715728752538
 20
0.0
 30
0.0
 11
19.25
 21
0.28284271247461845
 31
0.0
  0
LINE
  5
34E
330
17
100
AcDbEntity
  8
hatch
100
AcDbLine
 10
18.82573593128807
 20
1.7763568394002505e-15
 30
0.0
 11
19.25
 21
0.42426406871193123
 31
0.0
  0
LINE
  5
34F
330
17
100
AcDbEntity
  8
hatch
100
AcDbLine
 10
18.684314575050763
 20
1.7763568394002505e-15
 30
0.0
 11
19.25
 21
0.5656854249492405
 31
0.0
  0
LINE
  5
350
330
17
100
AcDbEntity
  8
hatch
100
AcDbLine
 10
18.542893218813454
 20
1.7763568394002505e-15
 30
0.0
 11
19.25
 21
0.7071067811865497
 31
0.0
  0
LINE
  5
351
330
17
100
AcDbEntity
  8
hatch
100
AcDbLine
 10
18.401471862576145
 20
1.7763568394002505e-15
 30
0.0
 11
19.25
 21
0.8485281374238571
 31
0.0
  0
LINE
  5
352
330
17
100
AcDbEntity
  8
hatch
100
AcDbLine
 10
18.260050506338832
 20
0.0
 30
0.0
 11
19.25
 21
0.9899494936611664
 31
0.0
  0
LINE
  5
353
330
17
100
AcDbEntity
  8
hatch
100
AcDbLine
 10
18.11862915010152
 20
0.0
 30
0.0
 11
19.25
 21
1.1313708498984774
 31
0.0
  0
LINE
  5
354
330
17
100
AcDbEntity
  8
hatch
100
AcDbLine
 10
17.97720779386421
 20
0.0
 30
0.0
 11
19.25
 21
1.2727922061357866
 31
0.0
  0
LINE
  5
355
330
17
100
AcDbEntity
  8
hatch
100
AcDbLine
 10
17.8357864376269
 20
0.0
 30
0.0
 11
19.25
 21
1.4142135623730958
 31
0.0
  0
LINE
  5
356
330
17
100
AcDbEntity
  8
hatch
100
AcDbLine
 10
17.694365081389595
 20
0.0
 30
0.0
 11
19.25
 21
1.555634918610405
 31
0.0
  0
LINE
  5
357
330
17
100
AcDbEntity
  8
hatch
100
AcDbLine
 10
17.552943725152282
 20
0.0
 30
0.0
 11
19.25
 21
1.697056274847716
 31
0.0
  0
LINE
  5
358
330
17
100
AcDbEntity
  8
hatch
100
AcDbLine
 10
17.450000000000003
 20
0.03847763108502811
 30
0.0
 11
19.25
 21
1.8384776310850253
 31
0.0
  0
LINE
  5
359
330
17
100
AcDbEntity
  8
hatch
100
AcDbLine
 10
17.450000000000003
 20
0.17989898732233733
 30
0.0
 11
19.25
 21
1.9798989873223345
 31
0.0
  0
LINE
  5
35A
330
17
100
AcDbEntity
  8
hatch
100
AcDbLine
 10
17.450000000000003
 20
0.32132034355964656
 30
0.0
 11
19.25
 21
2.1213203435596437
 31
0.0
  0
LINE
  5
35B
330
17
100
AcDbEntity
  8
hatch
100
AcDbLine
 10
17.450000000000003
 20
0.4627416997969558
 30
0.0
 11
19.25
 21
2.262741699796953
 31
0.0
  0
LINE
  5
35C
330
17
100
AcDbEntity
  8
hatch
100
AcDbLine
 10
17.450000000000003
 20
0.6041630560342668
 30
0.0
 11
19.245836943965735
 21
2.4000000000000004
 31
0.0
  0
LINE
  5
35D
330
17
100
AcDbEntity
  8
hatch
100
AcDbLine
 10
17.450000000000003
 20
0.745584412271576
 30
0.0
 11
19.104415587728425
 21
2.4000000000000004
 31
0.0
  0
LINE
  5
35E
330
17
100
AcDbEntity
  8
hatch
100
AcDbLine
 10
17.450000000000003
 20
0.8870057685088835
 30
0.0
 11
18.962994231491116
 21
2.4000000000000004
 31
0.0
  0
LINE
  5
35F
330
17
100
AcDbEntity
  8
hatch
100
AcDbLine
 10
17.450000000000003
 20
1.0284271247461927
 30
0.0
 11
18.821572875253807
 21
2.4000000000000004
 31
0.0
  0
LINE
  5
360
330
17
100
AcDbEntity
  8
hatch
100
AcDbLine
 10
17.450000000000003
 20
1.169848480983502
 30
0.0
 11
18.680151519016498
 21
2.400000000000002
 31
0.0
  0
LINE
  5
361
330
17
100
AcDbEntity
  8
hatch
100
AcDbLine
 10
17.450000000000003
 20
1.3112698372208147
 30
0.0
 11
18.53873016277919
 21
2.400000000000002
 31
0.0
  0
LINE
  5
362
330
17
100
AcDbEntity
  8
hatch
100
AcDbLine
 10
17.450000000000003
 20
1.452691193458123
 30
0.0
 11
18.39730880654188
 21
2.3999999999999995
 31
0.0
  0
LINE
  5
363
330
17
100
AcDbEntity
  8
hatch
100
AcDbLine
 10
17.450000000000003
 20
1.5941125496954323
 30
0.0
 11
18.25588745030457
 21
2.4000000000000012
 31
0.0
  0
LINE
  5
364
330
17
100
AcDbEntity
  8
hatch
100
AcDbLine
 10
17.450000000000003
 20
1.7355339059327415
 30
0.0
 11
18.11446609406726
 21
2.3999999999999995
 31
0.0
  0
LINE
  5
365
330
17
100
AcDbEntity
  8
hatch
100
AcDbLine
 10
17.450000000000003
 20
1.8769552621700507
 30
0.0
 11
17.97304473782995
 21
2.3999999999999995
 31
0.0
  0
LINE
  5
366
330
17
100
AcDbEntity
  8
hatch
100
AcDbLine
 10
17.450000000000003
 20
2.018376618407361
 30
0.0
 11
17.831623381592642
 21
2.4000000000000004
 31
0.0
  0
LINE
  5
367
330
17
100
AcDbEntity
  8
hatch
100
AcDbLine
 10
17.450000000000003
 20
2.15979797464467
 30
0.0
 11
17.690202025355333
 21
2.4000000000000004
 31
0.0
  0
LINE
  5
368
330
17
100
AcDbEntity
  8
hatch
100
AcDbLine
 10
17.450000000000003
 20
2.3012193308819793
 30
0.0
 11
17.548780669118024
 21
2.4000000000000004
 31
0.0
  0
LWPOLYLINE
  5
369
330
17
100
AcDbEntity
  8
carpinteria
100
AcDbPolyline
 90
4
 70
1
 10
17.450000000000003
 20
0.0
 10
19.25
 20
0.0
 10
19.25
 20
2.4
 10
17.450000000000003
 20
2.4
  0
LINE
  5
36A
330
17
100
AcDbEntity
  8
carpinteria
100
AcDbLine
 10
18.35
 20
0.0
 30
0.0
 11
18.35
 21
2.4
 31
0.0
  0
LINE
  5
36B
330
17
100
AcDbEntity
  8
marco-medio
100
AcDbLine
 10
17.450000000000003
 20
2.4
 30
0.0
 11
19.25
 21
2.4
 31
0.0
  0
LINE
  5
36C
330
17
100
AcDbEntity
  8
marco-medio
100
AcDbLine
 10
17.450000000000003
 20
0.020000000000000285
 30
0.0
 11
19.25
 21
0.020000000000000285
 31
0.0
  0
LINE
  5
36D
330
17
100
AcDbEntity
  8
carpinteria
100
AcDbLine
 10
17.500000000000004
 20
1.95
 30
0.0
 11
19.2
 21
1.95
 31
0.0
  0
LINE
  5
36E
330
17
100
AcDbEntity
  8
vidrio
100
AcDbLine
 10
19.15
 20
1.9799999999999998
 30
0.0
 11
17.550000000000004
 21
2.35
 31
0.0
  0
LINE
  5
36F
330
17
100
AcDbEntity
  8
marco-fino
100
AcDbLine
 10
16.550000000000004
 20
-0.45
 30
0.0
 11
20.15
 21
-0.45
 31
0.0
  0
LINE
  5
370
330
17
100
AcDbEntity
  8
marco-fino
100
AcDbLine
 10
16.850000000000005
 20
-0.3
 30
0.0
 11
19.849999999999998
 21
-0.3
 31
0.0
  0
LINE
  5
371
330
17
100
AcDbEntity
  8
marco-fino
100
AcDbLine
 10
17.150000000000006
 20
-0.15
 30
0.0
 11
19.549999999999997
 21
-0.15
 31
0.0
  0
LINE
  5
372
330
17
100
AcDbEntity
  8
marco-fino
100
AcDbLine
 10
17.450000000000003
 20
0.0
 30
0.0
 11
19.25
 21
0.0
 31
0.0
  0
TEXT
  5
373
330
17
100
AcDbEntity
  8
texto-suave
100
AcDbText
 10
18.35
 20
-0.75
 30
0.0
 40
0.09
  1
INGRESO PRINCIPAL · 3 PELDAÑOS
 72
1
 11
18.35
 21
-0.75
 31
0.0
100
AcDbText
  0
LINE
  5
374
330
17
100
AcDbEntity
  8
marco-medio
100
AcDbLine
 10
0.0
 20
0.0
 30
0.0
 11
24.0
 21
0.0
 31
0.0
  0
LINE
  5
375
330
17
100
AcDbEntity
  8
marco-fino
100
AcDbLine
 10
0.0
 20
3.2
 30
0.0
 11
24.0
 21
3.2
 31
0.0
  0
LINE
  5
376
330
17
100
AcDbEntity
  8
marco-fino
100
AcDbLine
 10
0.0
 20
6.2
 30
0.0
 11
24.0
 21
6.2
 31
0.0
  0
LWPOLYLINE
  5
377
330
17
100
AcDbEntity
  8
hormigon
100
AcDbPolyline
 90
4
 70
1
 10
0.0
 20
6.2
 10
24.0
 20
6.2
 10
24.0
 20
6.5
 10
0.0
 20
6.5
  0
LINE
  5
378
330
17
100
AcDbEntity
  8
hatch
100
AcDbLine
 10
23.85857864376269
 20
6.199999999999999
 30
0.0
 11
24.0
 21
6.3414213562373085
 31
0.0
  0
LINE
  5
379
330
17
100
AcDbEntity
  8
hatch
100
AcDbLine
 10
23.71715728752538
 20
6.199999999999999
 30
0.0
 11
24.0
 21
6.482842712474618
 31
0.0
  0
LINE
  5
37A
330
17
100
AcDbEntity
  8
hatch
100
AcDbLine
 10
23.57573593128807
 20
6.199999999999999
 30
0.0
 11
23.87573593128807
 21
6.500000000000002
 31
0.0
  0
LINE
  5
37B
330
17
100
AcDbEntity
  8
hatch
100
AcDbLine
 10
23.43431457505076
 20
6.1999999999999975
 30
0.0
 11
23.734314575050764
 21
6.5000000000000036
 31
0.0
  0
LINE
  5
37C
330
17
100
AcDbEntity
  8
hatch
100
AcDbLine
 10
23.292893218813454
 20
6.199999999999999
 30
0.0
 11
23.59289321881345
 21
6.500000000000002
 31
0.0
  0
LINE
  5
37D
330
17
100
AcDbEntity
  8
hatch
100
AcDbLine
 10
23.151471862576145
 20
6.200000000000001
 30
0.0
 11
23.451471862576145
 21
6.5000000000000036
 31
0.0
  0
LINE
  5
37E
330
17
100
AcDbEntity
  8
hatch
100
AcDbLine
 10
23.010050506338835
 20
6.199999999999999
 30
0.0
 11
23.310050506338833
 21
6.500000000000002
 31
0.0
  0
LINE
  5
37F
330
17
100
AcDbEntity
  8
hatch
100
AcDbLine
 10
22.868629150101523
 20
6.199999999999999
 30
0.0
 11
23.168629150101523
 21
6.5
 31
0.0
  0
LINE
  5
380
330
17
100
AcDbEntity
  8
hatch
100
AcDbLine
 10
22.72720779386421
 20
6.1999999999999975
 30
0.0
 11
23.027207793864218
 21
6.500000000000002
 31
0.0
  0
LINE
  5
381
330
17
100
AcDbEntity
  8
hatch
100
AcDbLine
 10
22.585786437626904
 20
6.199999999999999
 30
0.0
 11
22.885786437626905
 21
6.500000000000002
 31
0.0
  0
LINE
  5
382
330
17
100
AcDbEntity
  8
hatch
100
AcDbLine
 10
22.4443650813896
 20
6.200000000000001
 30
0.0
 11
22.7443650813896
 21
6.500000000000002
 31
0.0
  0
LINE
  5
383
330
17
100
AcDbEntity
  8
hatch
100
AcDbLine
 10
22.302943725152282
 20
6.200000000000001
 30
0.0
 11
22.602943725152286
 21
6.5000000000000036
 31
0.0
  0
LINE
  5
384
330
17
100
AcDbEntity
  8
hatch
100
AcDbLine
 10
22.161522368914977
 20
6.199999999999999
 30
0.0
 11
22.461522368914977
 21
6.500000000000002
 31
0.0
  0
LINE
  5
385
330
17
100
AcDbEntity
  8
hatch
100
AcDbLine
 10
22.020101012677667
 20
6.200000000000001
 30
0.0
 11
22.320101012677668
 21
6.5000000000000036
 31
0.0
  0
LINE
  5
386
330
17
100
AcDbEntity
  8
hatch
100
AcDbLine
 10
21.878679656440358
 20
6.200000000000001
 30
0.0
 11
22.17867965644036
 21
6.500000000000002
 31
0.0
  0
LINE
  5
387
330
17
100
AcDbEntity
  8
hatch
100
AcDbLine
 10
21.73725830020305
 20
6.2
 30
0.0
 11
22.03725830020305
 21
6.500000000000003
 31
0.0
  0
LINE
  5
388
330
17
100
AcDbEntity
  8
hatch
100
AcDbLine
 10
21.595836943965736
 20
6.200000000000002
 30
0.0
 11
21.89583694396574
 21
6.500000000000003
 31
0.0
  0
LINE
  5
389
330
17
100
AcDbEntity
  8
hatch
100
AcDbLine
 10
21.454415587728427
 20
6.2
 30
0.0
 11
21.75441558772843
 21
6.500000000000003
 31
0.0
  0
LINE
  5
38A
330
17
100
AcDbEntity
  8
hatch
100
AcDbLine
 10
21.312994231491118
 20
6.1999999999999975
 30
0.0
 11
21.612994231491122
 21
6.500000000000002
 31
0.0
  0
LINE
  5
38B
330
17
100
AcDbEntity
  8
hatch
100
AcDbLine
 10
21.17157287525381
 20
6.199999999999999
 30
0.0
 11
21.471572875253813
 21
6.500000000000002
 31
0.0
  0
LINE
  5
38C
330
17
100
AcDbEntity
  8
hatch
100
AcDbLine
 10
21.0301515190165
 20
6.200000000000001
 30
0.0
 11
21.330151519016503
 21
6.5000000000000036
 31
0.0
  0
LINE
  5
38D
330
17
100
AcDbEntity
  8
hatch
100
AcDbLine
 10
20.88873016277919
 20
6.200000000000001
 30
0.0
 11
21.18873016277919
 21
6.5000000000000036
 31
0.0
  0
LINE
  5
38E
330
17
100
AcDbEntity
  8
hatch
100
AcDbLine
 10
20.74730880654188
 20
6.2
 30
0.0
 11
21.04730880654188
 21
6.500000000000001
 31
0.0
  0
LINE
  5
38F
330
17
100
AcDbEntity
  8
hatch
100
AcDbLine
 10
20.60588745030457
 20
6.2
 30
0.0
 11
20.905887450304572
 21
6.500000000000003
 31
0.0
  0
LINE
  5
390
330
17
100
AcDbEntity
  8
hatch
100
AcDbLine
 10
20.464466094067262
 20
6.2
 30
0.0
 11
20.764466094067267
 21
6.500000000000001
 31
0.0
  0
LINE
  5
391
330
17
100
AcDbEntity
  8
hatch
100
AcDbLine
 10
20.323044737829953
 20
6.200000000000002
 30
0.0
 11
20.623044737829957
 21
6.500000000000003
 31
0.0
  0
LINE
  5
392
330
17
100
AcDbEntity
  8
hatch
100
AcDbLine
 10
20.18162338159264
 20
6.1999999999999975
 30
0.0
 11
20.481623381592645
 21
6.5000000000000036
 31
0.0
  0
LINE
  5
393
330
17
100
AcDbEntity
  8
hatch
100
AcDbLine
 10
20.04020202535533
 20
6.199999999999999
 30
0.0
 11
20.340202025355335
 21
6.500000000000002
 31
0.0
  0
LINE
  5
394
330
17
100
AcDbEntity
  8
hatch
100
AcDbLine
 10
19.898780669118025
 20
6.200000000000001
 30
0.0
 11
20.198780669118026
 21
6.5000000000000036
 31
0.0
  0
LINE
  5
395
330
17
100
AcDbEntity
  8
hatch
100
AcDbLine
 10
19.757359312880716
 20
6.199999999999999
 30
0.0
 11
20.057359312880717
 21
6.500000000000002
 31
0.0
  0
LINE
  5
396
330
17
100
AcDbEntity
  8
hatch
100
AcDbLine
 10
19.615937956643403
 20
6.199999999999999
 30
0.0
 11
19.915937956643408
 21
6.5000000000000036
 31
0.0
  0
LINE
  5
397
330
17
100
AcDbEntity
  8
hatch
100
AcDbLine
 10
19.47451660040609
 20
6.199999999999998
 30
0.0
 11
19.774516600406095
 21
6.500000000000003
 31
0.0
  0
LINE
  5
398
330
17
100
AcDbEntity
  8
hatch
100
AcDbLine
 10
19.333095244168785
 20
6.2
 30
0.0
 11
19.633095244168786
 21
6.500000000000003
 31
0.0
  0
LINE
  5
399
330
17
100
AcDbEntity
  8
hatch
100
AcDbLine
 10
19.19167388793148
 20
6.200000000000002
 30
0.0
 11
19.491673887931476
 21
6.500000000000003
 31
0.0
  0
LINE
  5
39A
330
17
100
AcDbEntity
  8
hatch
100
AcDbLine
 10
19.050252531694166
 20
6.2
 30
0.0
 11
19.350252531694167
 21
6.500000000000003
 31
0.0
  0
LINE
  5
39B
330
17
100
AcDbEntity
  8
hatch
100
AcDbLine
 10
18.908831175456854
 20
6.199999999999998
 30
0.0
 11
19.20883117545686
 21
6.500000000000003
 31
0.0
  0
LINE
  5
39C
330
17
100
AcDbEntity
  8
hatch
100
AcDbLine
 10
18.767409819219548
 20
6.200000000000001
 30
0.0
 11
19.06740981921955
 21
6.5000000000000036
 31
0.0
  0
LINE
  5
39D
330
17
100
AcDbEntity
  8
hatch
100
AcDbLine
 10
18.62598846298224
 20
6.200000000000001
 30
0.0
 11
18.92598846298224
 21
6.500000000000002
 31
0.0
  0
LINE
  5
39E
330
17
100
AcDbEntity
  8
hatch
100
AcDbLine
 10
18.48456710674493
 20
6.200000000000001
 30
0.0
 11
18.78456710674493
 21
6.5000000000000036
 31
0.0
  0
LINE
  5
39F
330
17
100
AcDbEntity
  8
hatch
100
AcDbLine
 10
18.34314575050762
 20
6.200000000000001
 30
0.0
 11
18.64314575050762
 21
6.500000000000002
 31
0.0
  0
LINE
  5
3A0
330
17
100
AcDbEntity
  8
hatch
100
AcDbLine
 10
18.201724394270308
 20
6.199999999999998
 30
0.0
 11
18.501724394270312
 21
6.500000000000003
 31
0.0
  0
LINE
  5
3A1
330
17
100
AcDbEntity
  8
hatch
100
AcDbLine
 10
18.060303038033
 20
6.200000000000002
 30
0.0
 11
18.360303038033003
 21
6.500000000000003
 31
0.0
  0
LINE
  5
3A2
330
17
100
AcDbEntity
  8
hatch
100
AcDbLine
 10
17.918881681795696
 20
6.200000000000002
 30
0.0
 11
18.218881681795693
 21
6.500000000000003
 31
0.0
  0
LINE
  5
3A3
330
17
100
AcDbEntity
  8
hatch
100
AcDbLine
 10
17.77746032555838
 20
6.199999999999998
 30
0.0
 11
18.077460325558384
 21
6.500000000000004
 31
0.0
  0
LINE
  5
3A4
330
17
100
AcDbEntity
  8
hatch
100
AcDbLine
 10
17.63603896932107
 20
6.199999999999999
 30
0.0
 11
17.936038969321075
 21
6.500000000000002
 31
0.0
  0
LINE
  5
3A5
330
17
100
AcDbEntity
  8
hatch
100
AcDbLine
 10
17.49461761308376
 20
6.2
 30
0.0
 11
17.794617613083766
 21
6.500000000000004
 31
0.0
  0
LINE
  5
3A6
330
17
100
AcDbEntity
  8
hatch
100
AcDbLine
 10
17.353196256846452
 20
6.2
 30
0.0
 11
17.653196256846456
 21
6.500000000000003
 31
0.0
  0
LINE
  5
3A7
330
17
100
AcDbEntity
  8
hatch
100
AcDbLine
 10
17.211774900609143
 20
6.2
 30
0.0
 11
17.511774900609144
 21
6.500000000000001
 31
0.0
  0
LINE
  5
3A8
330
17
100
AcDbEntity
  8
hatch
100
AcDbLine
 10
17.070353544371834
 20
6.199999999999998
 30
0.0
 11
17.370353544371834
 21
6.500000000000001
 31
0.0
  0
LINE
  5
3A9
330
17
100
AcDbEntity
  8
hatch
100
AcDbLine
 10
16.928932188134524
 20
6.2
 30
0.0
 11
17.22893218813453
 21
6.500000000000003
 31
0.0
  0
LINE
  5
3AA
330
17
100
AcDbEntity
  8
hatch
100
AcDbLine
 10
16.78751083189721
 20
6.199999999999999
 30
0.0
 11
17.087510831897216
 21
6.5000000000000036
 31
0.0
  0
LINE
  5
3AB
330
17
100
AcDbEntity
  8
hatch
100
AcDbLine
 10
16.646089475659906
 20
6.200000000000001
 30
0.0
 11
16.946089475659907
 21
6.5000000000000036
 31
0.0
  0
LINE
  5
3AC
330
17
100
AcDbEntity
  8
hatch
100
AcDbLine
 10
16.504668119422593
 20
6.199999999999999
 30
0.0
 11
16.804668119422598
 21
6.500000000000002
 31
0.0
  0
LINE
  5
3AD
330
17
100
AcDbEntity
  8
hatch
100
AcDbLine
 10
16.363246763185284
 20
6.199999999999999
 30
0.0
 11
16.66324676318529
 21
6.5000000000000036
 31
0.0
  0
LINE
  5
3AE
330
17
100
AcDbEntity
  8
hatch
100
AcDbLine
 10
16.22182540694798
 20
6.200000000000001
 30
0.0
 11
16.52182540694798
 21
6.500000000000002
 31
0.0
  0
LINE
  5
3AF
330
17
100
AcDbEntity
  8
hatch
100
AcDbLine
 10
16.080404050710666
 20
6.2
 30
0.0
 11
16.38040405071067
 21
6.500000000000004
 31
0.0
  0
LINE
  5
3B0
330
17
100
AcDbEntity
  8
hatch
100
AcDbLine
 10
15.93898269447336
 20
6.200000000000002
 30
0.0
 11
16.23898269447336
 21
6.500000000000003
 31
0.0
  0
LINE
  5
3B1
330
17
100
AcDbEntity
  8
hatch
100
AcDbLine
 10
15.797561338236047
 20
6.2
 30
0.0
 11
16.097561338236048
 21
6.500000000000003
 31
0.0
  0
LINE
  5
3B2
330
17
100
AcDbEntity
  8
hatch
100
AcDbLine
 10
15.65613998199874
 20
6.200000000000002
 30
0.0
 11
15.95613998199874
 21
6.500000000000003
 31
0.0
  0
LINE
  5
3B3
330
17
100
AcDbEntity
  8
hatch
100
AcDbLine
 10
15.514718625761429
 20
6.2
 30
0.0
 11
15.814718625761431
 21
6.500000000000003
 31
0.0
  0
LINE
  5
3B4
330
17
100
AcDbEntity
  8
hatch
100
AcDbLine
 10
15.373297269524118
 20
6.2
 30
0.0
 11
15.673297269524122
 21
6.500000000000003
 31
0.0
  0
LINE
  5
3B5
330
17
100
AcDbEntity
  8
hatch
100
AcDbLine
 10
15.23187591328681
 20
6.2
 30
0.0
 11
15.531875913286813
 21
6.500000000000003
 31
0.0
  0
LINE
  5
3B6
330
17
100
AcDbEntity
  8
hatch
100
AcDbLine
 10
15.090454557049501
 20
6.200000000000001
 30
0.0
 11
15.390454557049502
 21
6.500000000000002
 31
0.0
  0
LINE
  5
3B7
330
17
100
AcDbEntity
  8
hatch
100
AcDbLine
 10
14.949033200812188
 20
6.199999999999999
 30
0.0
 11
15.249033200812192
 21
6.500000000000002
 31
0.0
  0
LINE
  5
3B8
330
17
100
AcDbEntity
  8
hatch
100
AcDbLine
 10
14.807611844574883
 20
6.200000000000001
 30
0.0
 11
15.107611844574883
 21
6.500000000000002
 31
0.0
  0
LINE
  5
3B9
330
17
100
AcDbEntity
  8
hatch
100
AcDbLine
 10
14.66619048833757
 20
6.199999999999999
 30
0.0
 11
14.966190488337574
 21
6.500000000000002
 31
0.0
  0
LINE
  5
3BA
330
17
100
AcDbEntity
  8
hatch
100
AcDbLine
 10
14.524769132100264
 20
6.200000000000001
 30
0.0
 11
14.824769132100265
 21
6.5000000000000036
 31
0.0
  0
LINE
  5
3BB
330
17
100
AcDbEntity
  8
hatch
100
AcDbLine
 10
14.383347775862951
 20
6.2
 30
0.0
 11
14.683347775862956
 21
6.500000000000003
 31
0.0
  0
LINE
  5
3BC
330
17
100
AcDbEntity
  8
hatch
100
AcDbLine
 10
14.241926419625642
 20
6.2
 30
0.0
 11
14.541926419625646
 21
6.500000000000004
 31
0.0
  0
LINE
  5
3BD
330
17
100
AcDbEntity
  8
hatch
100
AcDbLine
 10
14.100505063388333
 20
6.199999999999999
 30
0.0
 11
14.400505063388337
 21
6.500000000000002
 31
0.0
  0
LINE
  5
3BE
330
17
100
AcDbEntity
  8
hatch
100
AcDbLine
 10
13.959083707151024
 20
6.2
 30
0.0
 11
14.259083707151026
 21
6.500000000000003
 31
0.0
  0
LINE
  5
3BF
330
17
100
AcDbEntity
  8
hatch
100
AcDbLine
 10
13.817662350913714
 20
6.200000000000002
 30
0.0
 11
14.117662350913717
 21
6.500000000000003
 31
0.0
  0
LINE
  5
3C0
330
17
100
AcDbEntity
  8
hatch
100
AcDbLine
 10
13.676240994676405
 20
6.200000000000001
 30
0.0
 11
13.976240994676406
 21
6.5000000000000036
 31
0.0
  0
LINE
  5
3C1
330
17
100
AcDbEntity
  8
hatch
100
AcDbLine
 10
13.534819638439094
 20
6.199999999999999
 30
0.0
 11
13.834819638439098
 21
6.5000000000000036
 31
0.0
  0
LINE
  5
3C2
330
17
100
AcDbEntity
  8
hatch
100
AcDbLine
 10
13.393398282201787
 20
6.200000000000001
 30
0.0
 11
13.69339828220179
 21
6.5000000000000036
 31
0.0
  0
LINE
  5
3C3
330
17
100
AcDbEntity
  8
hatch
100
AcDbLine
 10
13.251976925964476
 20
6.199999999999999
 30
0.0
 11
13.551976925964478
 21
6.500000000000002
 31
0.0
  0
LINE
  5
3C4
330
17
100
AcDbEntity
  8
hatch
100
AcDbLine
 10
13.110555569727168
 20
6.200000000000001
 30
0.0
 11
13.41055556972717
 21
6.5000000000000036
 31
0.0
  0
LINE
  5
3C5
330
17
100
AcDbEntity
  8
hatch
100
AcDbLine
 10
12.969134213489856
 20
6.200000000000001
 30
0.0
 11
13.26913421348986
 21
6.500000000000002
 31
0.0
  0
LINE
  5
3C6
330
17
100
AcDbEntity
  8
hatch
100
AcDbLine
 10
12.827712857252546
 20
6.199999999999999
 30
0.0
 11
13.12771285725255
 21
6.500000000000002
 31
0.0
  0
LINE
  5
3C7
330
17
100
AcDbEntity
  8
hatch
100
AcDbLine
 10
12.686291501015239
 20
6.200000000000001
 30
0.0
 11
12.986291501015241
 21
6.500000000000002
 31
0.0
  0
LINE
  5
3C8
330
17
100
AcDbEntity
  8
hatch
100
AcDbLine
 10
12.54487014477793
 20
6.199999999999999
 30
0.0
 11
12.844870144777932
 21
6.500000000000002
 31
0.0
  0
LINE
  5
3C9
330
17
100
AcDbEntity
  8
hatch
100
AcDbLine
 10
12.403448788540617
 20
6.199999999999999
 30
0.0
 11
12.703448788540621
 21
6.5000000000000036
 31
0.0
  0
LINE
  5
3CA
330
17
100
AcDbEntity
  8
hatch
100
AcDbLine
 10
12.26202743230331
 20
6.2
 30
0.0
 11
12.562027432303312
 21
6.500000000000003
 31
0.0
  0
LINE
  5
3CB
330
17
100
AcDbEntity
  8
hatch
100
AcDbLine
 10
12.120606076065998
 20
6.199999999999998
 30
0.0
 11
12.420606076066003
 21
6.500000000000003
 31
0.0
  0
LINE
  5
3CC
330
17
100
AcDbEntity
  8
hatch
100
AcDbLine
 10
11.979184719828691
 20
6.2
 30
0.0
 11
12.279184719828693
 21
6.500000000000003
 31
0.0
  0
LINE
  5
3CD
330
17
100
AcDbEntity
  8
hatch
100
AcDbLine
 10
11.83776336359138
 20
6.2
 30
0.0
 11
12.137763363591384
 21
6.500000000000003
 31
0.0
  0
LINE
  5
3CE
330
17
100
AcDbEntity
  8
hatch
100
AcDbLine
 10
11.69634200735407
 20
6.199999999999999
 30
0.0
 11
11.996342007354073
 21
6.500000000000002
 31
0.0
  0
LINE
  5
3CF
330
17
100
AcDbEntity
  8
hatch
100
AcDbLine
 10
11.554920651116763
 20
6.200000000000001
 30
0.0
 11
11.854920651116764
 21
6.500000000000002
 31
0.0
  0
LINE
  5
3D0
330
17
100
AcDbEntity
  8
hatch
100
AcDbLine
 10
11.413499294879452
 20
6.199999999999999
 30
0.0
 11
11.713499294879455
 21
6.500000000000002
 31
0.0
  0
LINE
  5
3D1
330
17
100
AcDbEntity
  8
hatch
100
AcDbLine
 10
11.272077938642145
 20
6.200000000000001
 30
0.0
 11
11.572077938642146
 21
6.5000000000000036
 31
0.0
  0
LINE
  5
3D2
330
17
100
AcDbEntity
  8
hatch
100
AcDbLine
 10
11.130656582404834
 20
6.199999999999999
 30
0.0
 11
11.430656582404836
 21
6.5000000000000036
 31
0.0
  0
LINE
  5
3D3
330
17
100
AcDbEntity
  8
hatch
100
AcDbLine
 10
10.989235226167521
 20
6.2
 30
0.0
 11
11.289235226167525
 21
6.500000000000003
 31
0.0
  0
LINE
  5
3D4
330
17
100
AcDbEntity
  8
hatch
100
AcDbLine
 10
10.847813869930214
 20
6.2
 30
0.0
 11
11.147813869930218
 21
6.500000000000003
 31
0.0
  0
LINE
  5
3D5
330
17
100
AcDbEntity
  8
hatch
100
AcDbLine
 10
10.706392513692904
 20
6.199999999999999
 30
0.0
 11
11.006392513692909
 21
6.500000000000002
 31
0.0
  0
LINE
  5
3D6
330
17
100
AcDbEntity
  8
hatch
100
AcDbLine
 10
10.564971157455595
 20
6.200000000000001
 30
0.0
 11
10.8649711574556
 21
6.500000000000002
 31
0.0
  0
LINE
  5
3D7
330
17
100
AcDbEntity
  8
hatch
100
AcDbLine
 10
10.423549801218284
 20
6.199999999999999
 30
0.0
 11
10.723549801218287
 21
6.5000000000000036
 31
0.0
  0
LINE
  5
3D8
330
17
100
AcDbEntity
  8
hatch
100
AcDbLine
 10
10.282128444980975
 20
6.199999999999999
 30
0.0
 11
10.582128444980977
 21
6.5000000000000036
 31
0.0
  0
LINE
  5
3D9
330
17
100
AcDbEntity
  8
hatch
100
AcDbLine
 10
10.140707088743666
 20
6.199999999999999
 30
0.0
 11
10.440707088743668
 21
6.500000000000002
 31
0.0
  0
LINE
  5
3DA
330
17
100
AcDbEntity
  8
hatch
100
AcDbLine
 10
9.999285732506356
 20
6.199999999999999
 30
0.0
 11
10.299285732506359
 21
6.5000000000000036
 31
0.0
  0
LINE
  5
3DB
330
17
100
AcDbEntity
  8
hatch
100
AcDbLine
 10
9.857864376269047
 20
6.199999999999998
 30
0.0
 11
10.157864376269051
 21
6.500000000000003
 31
0.0
  0
LINE
  5
3DC
330
17
100
AcDbEntity
  8
hatch
100
AcDbLine
 10
9.716443020031736
 20
6.200000000000001
 30
0.0
 11
10.01644302003174
 21
6.500000000000003
 31
0.0
  0
LINE
  5
3DD
330
17
100
AcDbEntity
  8
hatch
100
AcDbLine
 10
9.575021663794427
 20
6.199999999999999
 30
0.0
 11
9.87502166379443
 21
6.500000000000002
 31
0.0
  0
LINE
  5
3DE
330
17
100
AcDbEntity
  8
hatch
100
AcDbLine
 10
9.43360030755712
 20
6.200000000000001
 30
0.0
 11
9.733600307557122
 21
6.500000000000002
 31
0.0
  0
LINE
  5
3DF
330
17
100
AcDbEntity
  8
hatch
100
AcDbLine
 10
9.292178951319809
 20
6.199999999999999
 30
0.0
 11
9.592178951319813
 21
6.500000000000002
 31
0.0
  0
LINE
  5
3E0
330
17
100
AcDbEntity
  8
hatch
100
AcDbLine
 10
9.1507575950825
 20
6.199999999999999
 30
0.0
 11
9.450757595082504
 21
6.500000000000003
 31
0.0
  0
LINE
  5
3E1
330
17
100
AcDbEntity
  8
hatch
100
AcDbLine
 10
9.00933623884519
 20
6.200000000000001
 30
0.0
 11
9.30933623884519
 21
6.500000000000002
 31
0.0
  0
LINE
  5
3E2
330
17
100
AcDbEntity
  8
hatch
100
AcDbLine
 10
8.867914882607879
 20
6.199999999999999
 30
0.0
 11
9.167914882607883
 21
6.500000000000003
 31
0.0
  0
LINE
  5
3E3
330
17
100
AcDbEntity
  8
hatch
100
AcDbLine
 10
8.726493526370572
 20
6.200000000000001
 30
0.0
 11
9.026493526370574
 21
6.500000000000003
 31
0.0
  0
LINE
  5
3E4
330
17
100
AcDbEntity
  8
hatch
100
AcDbLine
 10
8.585072170133262
 20
6.199999999999999
 30
0.0
 11
8.885072170133265
 21
6.500000000000003
 31
0.0
  0
LINE
  5
3E5
330
17
100
AcDbEntity
  8
hatch
100
AcDbLine
 10
8.443650813895953
 20
6.200000000000001
 30
0.0
 11
8.743650813895954
 21
6.500000000000002
 31
0.0
  0
LINE
  5
3E6
330
17
100
AcDbEntity
  8
hatch
100
AcDbLine
 10
8.30222945765864
 20
6.199999999999999
 30
0.0
 11
8.602229457658643
 21
6.500000000000001
 31
0.0
  0
LINE
  5
3E7
330
17
100
AcDbEntity
  8
hatch
100
AcDbLine
 10
8.160808101421333
 20
6.199999999999999
 30
0.0
 11
8.460808101421335
 21
6.500000000000003
 31
0.0
  0
LINE
  5
3E8
330
17
100
AcDbEntity
  8
hatch
100
AcDbLine
 10
8.019386745184024
 20
6.199999999999999
 30
0.0
 11
8.319386745184026
 21
6.500000000000003
 31
0.0
  0
LINE
  5
3E9
330
17
100
AcDbEntity
  8
hatch
100
AcDbLine
 10
7.8779653889467145
 20
6.199999999999999
 30
0.0
 11
8.177965388946717
 21
6.500000000000002
 31
0.0
  0
LINE
  5
3EA
330
17
100
AcDbEntity
  8
hatch
100
AcDbLine
 10
7.736544032709405
 20
6.2
 30
0.0
 11
8.036544032709408
 21
6.500000000000002
 31
0.0
  0
LINE
  5
3EB
330
17
100
AcDbEntity
  8
hatch
100
AcDbLine
 10
7.595122676472095
 20
6.200000000000001
 30
0.0
 11
7.895122676472097
 21
6.500000000000003
 31
0.0
  0
LINE
  5
3EC
330
17
100
AcDbEntity
  8
hatch
100
AcDbLine
 10
7.453701320234785
 20
6.199999999999999
 30
0.0
 11
7.7537013202347875
 21
6.500000000000003
 31
0.0
  0
LINE
  5
3ED
330
17
100
AcDbEntity
  8
hatch
100
AcDbLine
 10
7.312279963997476
 20
6.2
 30
0.0
 11
7.612279963997479
 21
6.500000000000003
 31
0.0
  0
LINE
  5
3EE
330
17
100
AcDbEntity
  8
hatch
100
AcDbLine
 10
7.170858607760167
 20
6.2
 30
0.0
 11
7.470858607760168
 21
6.500000000000002
 31
0.0
  0
LINE
  5
3EF
330
17
100
AcDbEntity
  8
hatch
100
AcDbLine
 10
7.029437251522857
 20
6.2
 30
0.0
 11
7.329437251522861
 21
6.5000000000000036
 31
0.0
  0
LINE
  5
3F0
330
17
100
AcDbEntity
  8
hatch
100
AcDbLine
 10
6.888015895285546
 20
6.2
 30
0.0
 11
7.18801589528555
 21
6.500000000000003
 31
0.0
  0
LINE
  5
3F1
330
17
100
AcDbEntity
  8
hatch
100
AcDbLine
 10
6.746594539048237
 20
6.2
 30
0.0
 11
7.0465945390482405
 21
6.500000000000003
 31
0.0
  0
LINE
  5
3F2
330
17
100
AcDbEntity
  8
hatch
100
AcDbLine
 10
6.605173182810928
 20
6.2
 30
0.0
 11
6.9051731828109295
 21
6.500000000000002
 31
0.0
  0
LINE
  5
3F3
330
17
100
AcDbEntity
  8
hatch
100
AcDbLine
 10
6.463751826573619
 20
6.2
 30
0.0
 11
6.763751826573622
 21
6.5000000000000036
 31
0.0
  0
LINE
  5
3F4
330
17
100
AcDbEntity
  8
hatch
100
AcDbLine
 10
6.32233047033631
 20
6.199999999999999
 30
0.0
 11
6.622330470336314
 21
6.500000000000003
 31
0.0
  0
LINE
  5
3F5
330
17
100
AcDbEntity
  8
hatch
100
AcDbLine
 10
6.1809091140989985
 20
6.2
 30
0.0
 11
6.480909114099002
 21
6.5000000000000036
 31
0.0
  0
LINE
  5
3F6
330
17
100
AcDbEntity
  8
hatch
100
AcDbLine
 10
6.039487757861689
 20
6.2
 30
0.0
 11
6.339487757861691
 21
6.500000000000002
 31
0.0
  0
LINE
  5
3F7
330
17
100
AcDbEntity
  8
hatch
100
AcDbLine
 10
5.898066401624381
 20
6.199999999999999
 30
0.0
 11
6.198066401624383
 21
6.500000000000001
 31
0.0
  0
LINE
  5
3F8
330
17
100
AcDbEntity
  8
hatch
100
AcDbLine
 10
5.756645045387072
 20
6.199999999999999
 30
0.0
 11
6.056645045387075
 21
6.500000000000003
 31
0.0
  0
LINE
  5
3F9
330
17
100
AcDbEntity
  8
hatch
100
AcDbLine
 10
5.615223689149762
 20
6.199999999999999
 30
0.0
 11
5.915223689149766
 21
6.500000000000003
 31
0.0
  0
LINE
  5
3FA
330
17
100
AcDbEntity
  8
hatch
100
AcDbLine
 10
5.473802332912451
 20
6.199999999999999
 30
0.0
 11
5.773802332912454
 21
6.500000000000002
 31
0.0
  0
LINE
  5
3FB
330
17
100
AcDbEntity
  8
hatch
100
AcDbLine
 10
5.332380976675142
 20
6.199999999999999
 30
0.0
 11
5.632380976675145
 21
6.500000000000002
 31
0.0
  0
LINE
  5
3FC
330
17
100
AcDbEntity
  8
hatch
100
AcDbLine
 10
5.190959620437833
 20
6.199999999999999
 30
0.0
 11
5.490959620437836
 21
6.500000000000003
 31
0.0
  0
LINE
  5
3FD
330
17
100
AcDbEntity
  8
hatch
100
AcDbLine
 10
5.049538264200524
 20
6.199999999999999
 30
0.0
 11
5.349538264200527
 21
6.500000000000003
 31
0.0
  0
LINE
  5
3FE
330
17
100
AcDbEntity
  8
hatch
100
AcDbLine
 10
4.908116907963215
 20
6.2
 30
0.0
 11
5.208116907963217
 21
6.500000000000002
 31
0.0
  0
LINE
  5
3FF
330
17
100
AcDbEntity
  8
hatch
100
AcDbLine
 10
4.7666955517259035
 20
6.199999999999999
 30
0.0
 11
5.066695551725906
 21
6.500000000000002
 31
0.0
  0
LINE
  5
400
330
17
100
AcDbEntity
  8
hatch
100
AcDbLine
 10
4.625274195488594
 20
6.199999999999999
 30
0.0
 11
4.925274195488598
 21
6.500000000000003
 31
0.0
  0
LINE
  5
401
330
17
100
AcDbEntity
  8
hatch
100
AcDbLine
 10
4.483852839251286
 20
6.2
 30
0.0
 11
4.7838528392512885
 21
6.500000000000003
 31
0.0
  0
LINE
  5
402
330
17
100
AcDbEntity
  8
hatch
100
AcDbLine
 10
4.342431483013977
 20
6.2
 30
0.0
 11
4.642431483013978
 21
6.500000000000002
 31
0.0
  0
LINE
  5
403
330
17
100
AcDbEntity
  8
hatch
100
AcDbLine
 10
4.2010101267766675
 20
6.2
 30
0.0
 11
4.501010126776669
 21
6.500000000000002
 31
0.0
  0
LINE
  5
404
330
17
100
AcDbEntity
  8
hatch
100
AcDbLine
 10
4.0595887705393565
 20
6.2
 30
0.0
 11
4.359588770539358
 21
6.500000000000002
 31
0.0
  0
LINE
  5
405
330
17
100
AcDbEntity
  8
hatch
100
AcDbLine
 10
3.9181674143020473
 20
6.2
 30
0.0
 11
4.21816741430205
 21
6.500000000000003
 31
0.0
  0
LINE
  5
406
330
17
100
AcDbEntity
  8
hatch
100
AcDbLine
 10
3.776746058064738
 20
6.2
 30
0.0
 11
4.07674605806474
 21
6.500000000000002
 31
0.0
  0
LINE
  5
407
330
17
100
AcDbEntity
  8
hatch
100
AcDbLine
 10
3.6353247018274293
 20
6.2
 30
0.0
 11
3.935324701827431
 21
6.500000000000002
 31
0.0
  0
LINE
  5
408
330
17
100
AcDbEntity
  8
hatch
100
AcDbLine
 10
3.49390334559012
 20
6.2
 30
0.0
 11
3.7939033455901217
 21
6.500000000000002
 31
0.0
  0
LINE
  5
409
330
17
100
AcDbEntity
  8
hatch
100
AcDbLine
 10
3.3524819893528086
 20
6.2
 30
0.0
 11
3.652481989352811
 21
6.5000000000000036
 31
0.0
  0
LINE
  5
40A
330
17
100
AcDbEntity
  8
hatch
100
AcDbLine
 10
3.2110606331155
 20
6.2
 30
0.0
 11
3.5110606331155014
 21
6.500000000000002
 31
0.0
  0
LINE
  5
40B
330
17
100
AcDbEntity
  8
hatch
100
AcDbLine
 10
3.0696392768781906
 20
6.2
 30
0.0
 11
3.369639276878192
 21
6.500000000000002
 31
0.0
  0
LINE
  5
40C
330
17
100
AcDbEntity
  8
hatch
100
AcDbLine
 10
2.928217920640882
 20
6.199999999999999
 30
0.0
 11
3.2282179206408834
 21
6.500000000000002
 31
0.0
  0
LINE
  5
40D
330
17
100
AcDbEntity
  8
hatch
100
AcDbLine
 10
2.7867965644035726
 20
6.199999999999999
 30
0.0
 11
3.086796564403576
 21
6.5000000000000036
 31
0.0
  0
LINE
  5
40E
330
17
100
AcDbEntity
  8
hatch
100
AcDbLine
 10
2.645375208166261
 20
6.2
 30
0.0
 11
2.9453752081662645
 21
6.5000000000000036
 31
0.0
  0
LINE
  5
40F
330
17
100
AcDbEntity
  8
hatch
100
AcDbLine
 10
2.5039538519289524
 20
6.2
 30
0.0
 11
2.803953851928954
 21
6.500000000000003
 31
0.0
  0
LINE
  5
410
330
17
100
AcDbEntity
  8
hatch
100
AcDbLine
 10
2.362532495691643
 20
6.199999999999999
 30
0.0
 11
2.6625324956916456
 21
6.500000000000002
 31
0.0
  0
LINE
  5
411
330
17
100
AcDbEntity
  8
hatch
100
AcDbLine
 10
2.221111139454334
 20
6.199999999999999
 30
0.0
 11
2.5211111394543364
 21
6.500000000000002
 31
0.0
  0
LINE
  5
412
330
17
100
AcDbEntity
  8
hatch
100
AcDbLine
 10
2.0796897832170247
 20
6.199999999999999
 30
0.0
 11
2.379689783217028
 21
6.5000000000000036
 31
0.0
  0
LINE
  5
413
330
17
100
AcDbEntity
  8
hatch
100
AcDbLine
 10
1.9382684269797128
 20
6.199999999999999
 30
0.0
 11
2.2382684269797153
 21
6.500000000000002
 31
0.0
  0
LINE
  5
414
330
17
100
AcDbEntity
  8
hatch
100
AcDbLine
 10
1.796847070742404
 20
6.199999999999999
 30
0.0
 11
2.096847070742407
 21
6.500000000000002
 31
0.0
  0
LINE
  5
415
330
17
100
AcDbEntity
  8
hatch
100
AcDbLine
 10
1.6554257145050948
 20
6.199999999999999
 30
0.0
 11
1.9554257145050977
 21
6.500000000000002
 31
0.0
  0
LINE
  5
416
330
17
100
AcDbEntity
  8
hatch
100
AcDbLine
 10
1.5140043582677856
 20
6.199999999999999
 30
0.0
 11
1.8140043582677894
 21
6.500000000000003
 31
0.0
  0
LINE
  5
417
330
17
100
AcDbEntity
  8
hatch
100
AcDbLine
 10
1.3725830020304772
 20
6.199999999999999
 30
0.0
 11
1.6725830020304797
 21
6.500000000000002
 31
0.0
  0
LINE
  5
418
330
17
100
AcDbEntity
  8
hatch
100
AcDbLine
 10
1.2311616457931653
 20
6.199999999999999
 30
0.0
 11
1.5311616457931683
 21
6.500000000000002
 31
0.0
  0
LINE
  5
419
330
17
100
AcDbEntity
  8
hatch
100
AcDbLine
 10
1.0897402895558588
 20
6.199999999999999
 30
0.0
 11
1.3897402895558613
 21
6.500000000000002
 31
0.0
  0
LINE
  5
41A
330
17
100
AcDbEntity
  8
hatch
100
AcDbLine
 10
0.9483189333185478
 20
6.199999999999999
 30
0.0
 11
1.248318933318549
 21
6.500000000000001
 31
0.0
  0
LINE
  5
41B
330
17
100
AcDbEntity
  8
hatch
100
AcDbLine
 10
0.8068975770812359
 20
6.199999999999999
 30
0.0
 11
1.106897577081237
 21
6.500000000000001
 31
0.0
  0
LINE
  5
41C
330
17
100
AcDbEntity
  8
hatch
100
AcDbLine
 10
0.6654762208439293
 20
6.199999999999999
 30
0.0
 11
0.9654762208439331
 21
6.5000000000000036
 31
0.0
  0
LINE
  5
41D
330
17
100
AcDbEntity
  8
hatch
100
AcDbLine
 10
0.5240548646066179
 20
6.199999999999999
 30
0.0
 11
0.8240548646066217
 21
6.5000000000000036
 31
0.0
  0
LINE
  5
41E
330
17
100
AcDbEntity
  8
hatch
100
AcDbLine
 10
0.38263350836931176
 20
6.199999999999999
 30
0.0
 11
0.6826335083693129
 21
6.500000000000001
 31
0.0
  0
LINE
  5
41F
330
17
100
AcDbEntity
  8
hatch
100
AcDbLine
 10
0.24121215213199987
 20
6.199999999999999
 30
0.0
 11
0.541212152132001
 21
6.500000000000001
 31
0.0
  0
LINE
  5
420
330
17
100
AcDbEntity
  8
hatch
100
AcDbLine
 10
0.09979079589468842
 20
6.199999999999999
 30
0.0
 11
0.39979079589469
 21
6.500000000000002
 31
0.0
  0
LINE
  5
421
330
17
100
AcDbEntity
  8
hatch
100
AcDbLine
 10
0.0
 20
6.241630560342617
 30
0.0
 11
0.2583694396573857
 21
6.5000000000000036
 31
0.0
  0
LINE
  5
422
330
17
100
AcDbEntity
  8
hatch
100
AcDbLine
 10
0.0
 20
6.383051916579928
 30
0.0
 11
0.11694808342007423
 21
6.5000000000000036
 31
0.0
  0
LWPOLYLINE
  5
423
330
17
100
AcDbEntity
  8
muro-corte
100
AcDbPolyline
 90
4
 70
1
 10
0.0
 20
6.2
 10
24.0
 20
6.2
 10
24.0
 20
6.5
 10
0.0
 20
6.5
  0
LINE
  5
424
330
17
100
AcDbEntity
  8
muro-corte
100
AcDbLine
 10
0.0
 20
7.15
 30
0.0
 11
24.0
 21
7.15
 31
0.0
  0
LWPOLYLINE
  5
425
330
17
100
AcDbEntity
  8
hormigon
100
AcDbPolyline
 90
4
 70
1
 10
-0.029999999999999714
 20
7.1
 10
24.03
 20
7.1
 10
24.03
 20
7.15
 10
-0.029999999999999714
 20
7.15
  0
LINE
  5
426
330
17
100
AcDbEntity
  8
hatch
100
AcDbLine
 10
23.888578643762692
 20
7.1
 30
0.0
 11
23.93857864376269
 21
7.15
 31
0.0
  0
LINE
  5
427
330
17
100
AcDbEntity
  8
hatch
100
AcDbLine
 10
23.747157287525383
 20
7.100000000000001
 30
0.0
 11
23.79715728752538
 21
7.149999999999999
 31
0.0
  0
LINE
  5
428
330
17
100
AcDbEntity
  8
hatch
100
AcDbLine
 10
23.605735931288073
 20
7.100000000000001
 30
0.0
 11
23.65573593128807
 21
7.149999999999999
 31
0.0
  0
LINE
  5
429
330
17
100
AcDbEntity
  8
hatch
100
AcDbLine
 10
23.46431457505076
 20
7.100000000000001
 30
0.0
 11
23.51431457505076
 21
7.15
 31
0.0
  0
LINE
  5
42A
330
17
100
AcDbEntity
  8
hatch
100
AcDbLine
 10
23.32289321881345
 20
7.1
 30
0.0
 11
23.372893218813452
 21
7.149999999999999
 31
0.0
  0
LINE
  5
42B
330
17
100
AcDbEntity
  8
hatch
100
AcDbLine
 10
23.181471862576146
 20
7.100000000000001
 30
0.0
 11
23.231471862576143
 21
7.15
 31
0.0
  0
LINE
  5
42C
330
17
100
AcDbEntity
  8
hatch
100
AcDbLine
 10
23.040050506338837
 20
7.100000000000002
 30
0.0
 11
23.090050506338834
 21
7.1499999999999995
 31
0.0
  0
LINE
  5
42D
330
17
100
AcDbEntity
  8
hatch
100
AcDbLine
 10
22.898629150101524
 20
7.100000000000002
 30
0.0
 11
22.94862915010152
 21
7.1499999999999995
 31
0.0
  0
LINE
  5
42E
330
17
100
AcDbEntity
  8
hatch
100
AcDbLine
 10
22.757207793864215
 20
7.1
 30
0.0
 11
22.807207793864215
 21
7.15
 31
0.0
  0
LINE
  5
42F
330
17
100
AcDbEntity
  8
hatch
100
AcDbLine
 10
22.6157864376269
 20
7.1
 30
0.0
 11
22.665786437626902
 21
7.149999999999999
 31
0.0
  0
LINE
  5
430
330
17
100
AcDbEntity
  8
hatch
100
AcDbLine
 10
22.474365081389596
 20
7.1
 30
0.0
 11
22.524365081389597
 21
7.15
 31
0.0
  0
LINE
  5
431
330
17
100
AcDbEntity
  8
hatch
100
AcDbLine
 10
22.332943725152287
 20
7.1
 30
0.0
 11
22.382943725152288
 21
7.149999999999999
 31
0.0
  0
LINE
  5
432
330
17
100
AcDbEntity
  8
hatch
100
AcDbLine
 10
22.191522368914974
 20
7.099999999999999
 30
0.0
 11
22.241522368914975
 21
7.1499999999999995
 31
0.0
  0
LINE
  5
433
330
17
100
AcDbEntity
  8
hatch
100
AcDbLine
 10
22.050101012677665
 20
7.1000000000000005
 30
0.0
 11
22.100101012677666
 21
7.1499999999999995
 31
0.0
  0
LINE
  5
434
330
17
100
AcDbEntity
  8
hatch
100
AcDbLine
 10
21.908679656440356
 20
7.099999999999999
 30
0.0
 11
21.958679656440356
 21
7.1499999999999995
 31
0.0
  0
LINE
  5
435
330
17
100
AcDbEntity
  8
hatch
100
AcDbLine
 10
21.767258300203046
 20
7.1000000000000005
 30
0.0
 11
21.81725830020305
 21
7.150000000000001
 31
0.0
  0
LINE
  5
436
330
17
100
AcDbEntity
  8
hatch
100
AcDbLine
 10
21.625836943965737
 20
7.099999999999999
 30
0.0
 11
21.675836943965738
 21
7.1499999999999995
 31
0.0
  0
LINE
  5
437
330
17
100
AcDbEntity
  8
hatch
100
AcDbLine
 10
21.484415587728428
 20
7.1
 30
0.0
 11
21.53441558772843
 21
7.149999999999999
 31
0.0
  0
LINE
  5
438
330
17
100
AcDbEntity
  8
hatch
100
AcDbLine
 10
21.34299423149112
 20
7.1
 30
0.0
 11
21.39299423149112
 21
7.15
 31
0.0
  0
LINE
  5
439
330
17
100
AcDbEntity
  8
hatch
100
AcDbLine
 10
21.20157287525381
 20
7.1
 30
0.0
 11
21.25157287525381
 21
7.149999999999999
 31
0.0
  0
LINE
  5
43A
330
17
100
AcDbEntity
  8
hatch
100
AcDbLine
 10
21.0601515190165
 20
7.100000000000001
 30
0.0
 11
21.1101515190165
 21
7.15
 31
0.0
  0
LINE
  5
43B
330
17
100
AcDbEntity
  8
hatch
100
AcDbLine
 10
20.91873016277919
 20
7.1
 30
0.0
 11
20.96873016277919
 21
7.15
 31
0.0
  0
LINE
  5
43C
330
17
100
AcDbEntity
  8
hatch
100
AcDbLine
 10
20.777308806541882
 20
7.099999999999999
 30
0.0
 11
20.82730880654188
 21
7.1499999999999995
 31
0.0
  0
LINE
  5
43D
330
17
100
AcDbEntity
  8
hatch
100
AcDbLine
 10
20.63588745030457
 20
7.099999999999999
 30
0.0
 11
20.68588745030457
 21
7.150000000000001
 31
0.0
  0
LINE
  5
43E
330
17
100
AcDbEntity
  8
hatch
100
AcDbLine
 10
20.494466094067263
 20
7.099999999999999
 30
0.0
 11
20.54446609406726
 21
7.1499999999999995
 31
0.0
  0
LINE
  5
43F
330
17
100
AcDbEntity
  8
hatch
100
AcDbLine
 10
20.35304473782995
 20
7.099999999999999
 30
0.0
 11
20.40304473782995
 21
7.150000000000001
 31
0.0
  0
LINE
  5
440
330
17
100
AcDbEntity
  8
hatch
100
AcDbLine
 10
20.211623381592645
 20
7.1000000000000005
 30
0.0
 11
20.261623381592642
 21
7.1499999999999995
 31
0.0
  0
LINE
  5
441
330
17
100
AcDbEntity
  8
hatch
100
AcDbLine
 10
20.070202025355332
 20
7.1
 30
0.0
 11
20.120202025355333
 21
7.149999999999999
 31
0.0
  0
LINE
  5
442
330
17
100
AcDbEntity
  8
hatch
100
AcDbLine
 10
19.928780669118023
 20
7.099999999999998
 30
0.0
 11
19.978780669118024
 21
7.15
 31
0.0
  0
LINE
  5
443
330
17
100
AcDbEntity
  8
hatch
100
AcDbLine
 10
19.787359312880714
 20
7.1
 30
0.0
 11
19.837359312880714
 21
7.15
 31
0.0
  0
LINE
  5
444
330
17
100
AcDbEntity
  8
hatch
100
AcDbLine
 10
19.645937956643404
 20
7.1000000000000005
 30
0.0
 11
19.695937956643405
 21
7.1499999999999995
 31
0.0
  0
LINE
  5
445
330
17
100
AcDbEntity
  8
hatch
100
AcDbLine
 10
19.504516600406095
 20
7.099999999999999
 30
0.0
 11
19.554516600406096
 21
7.1499999999999995
 31
0.0
  0
LINE
  5
446
330
17
100
AcDbEntity
  8
hatch
100
AcDbLine
 10
19.363095244168782
 20
7.1000000000000005
 30
0.0
 11
19.413095244168783
 21
7.1499999999999995
 31
0.0
  0
LINE
  5
447
330
17
100
AcDbEntity
  8
hatch
100
AcDbLine
 10
19.221673887931477
 20
7.1000000000000005
 30
0.0
 11
19.271673887931478
 21
7.150000000000001
 31
0.0
  0
LINE
  5
448
330
17
100
AcDbEntity
  8
hatch
100
AcDbLine
 10
19.080252531694168
 20
7.1
 30
0.0
 11
19.130252531694165
 21
7.149999999999999
 31
0.0
  0
LINE
  5
449
330
17
100
AcDbEntity
  8
hatch
100
AcDbLine
 10
18.93883117545686
 20
7.1
 30
0.0
 11
18.98883117545686
 21
7.15
 31
0.0
  0
LINE
  5
44A
330
17
100
AcDbEntity
  8
hatch
100
AcDbLine
 10
18.79740981921955
 20
7.1
 30
0.0
 11
18.84740981921955
 21
7.149999999999999
 31
0.0
  0
LINE
  5
44B
330
17
100
AcDbEntity
  8
hatch
100
AcDbLine
 10
18.655988462982236
 20
7.099999999999999
 30
0.0
 11
18.705988462982237
 21
7.1499999999999995
 31
0.0
  0
LINE
  5
44C
330
17
100
AcDbEntity
  8
hatch
100
AcDbLine
 10
18.514567106744927
 20
7.1000000000000005
 30
0.0
 11
18.56456710674493
 21
7.150000000000001
 31
0.0
  0
LINE
  5
44D
330
17
100
AcDbEntity
  8
hatch
100
AcDbLine
 10
18.373145750507618
 20
7.099999999999999
 30
0.0
 11
18.42314575050762
 21
7.1499999999999995
 31
0.0
  0
LINE
  5
44E
330
17
100
AcDbEntity
  8
hatch
100
AcDbLine
 10
18.23172439427031
 20
7.1
 30
0.0
 11
18.28172439427031
 21
7.150000000000002
 31
0.0
  0
LINE
  5
44F
330
17
100
AcDbEntity
  8
hatch
100
AcDbLine
 10
18.090303038032996
 20
7.099999999999998
 30
0.0
 11
18.140303038033
 21
7.15
 31
0.0
  0
LINE
  5
450
330
17
100
AcDbEntity
  8
hatch
100
AcDbLine
 10
17.94888168179569
 20
7.1
 30
0.0
 11
17.998881681795687
 21
7.149999999999999
 31
0.0
  0
LINE
  5
451
330
17
100
AcDbEntity
  8
hatch
100
AcDbLine
 10
17.807460325558377
 20
7.099999999999998
 30
0.0
 11
17.85746032555838
 21
7.15
 31
0.0
  0
LINE
  5
452
330
17
100
AcDbEntity
  8
hatch
100
AcDbLine
 10
17.66603896932107
 20
7.1
 30
0.0
 11
17.716038969321072
 21
7.149999999999999
 31
0.0
  0
LINE
  5
453
330
17
100
AcDbEntity
  8
hatch
100
AcDbLine
 10
17.52461761308376
 20
7.099999999999999
 30
0.0
 11
17.57461761308376
 21
7.150000000000001
 31
0.0
  0
LINE
  5
454
330
17
100
AcDbEntity
  8
hatch
100
AcDbLine
 10
17.38319625684645
 20
7.099999999999999
 30
0.0
 11
17.433196256846454
 21
7.150000000000001
 31
0.0
  0
LINE
  5
455
330
17
100
AcDbEntity
  8
hatch
100
AcDbLine
 10
17.241774900609144
 20
7.099999999999999
 30
0.0
 11
17.29177490060914
 21
7.1499999999999995
 31
0.0
  0
LINE
  5
456
330
17
100
AcDbEntity
  8
hatch
100
AcDbLine
 10
17.10035354437183
 20
7.099999999999999
 30
0.0
 11
17.150353544371832
 21
7.150000000000001
 31
0.0
  0
LINE
  5
457
330
17
100
AcDbEntity
  8
hatch
100
AcDbLine
 10
16.958932188134526
 20
7.1000000000000005
 30
0.0
 11
17.008932188134523
 21
7.1499999999999995
 31
0.0
  0
LINE
  5
458
330
17
100
AcDbEntity
  8
hatch
100
AcDbLine
 10
16.817510831897216
 20
7.1000000000000005
 30
0.0
 11
16.867510831897214
 21
7.150000000000001
 31
0.0
  0
LINE
  5
459
330
17
100
AcDbEntity
  8
hatch
100
AcDbLine
 10
16.676089475659907
 20
7.1000000000000005
 30
0.0
 11
16.726089475659904
 21
7.1499999999999995
 31
0.0
  0
LINE
  5
45A
330
17
100
AcDbEntity
  8
hatch
100
AcDbLine
 10
16.534668119422594
 20
7.1
 30
0.0
 11
16.584668119422595
 21
7.15
 31
0.0
  0
LINE
  5
45B
330
17
100
AcDbEntity
  8
hatch
100
AcDbLine
 10
16.393246763185285
 20
7.100000000000001
 30
0.0
 11
16.443246763185286
 21
7.15
 31
0.0
  0
LINE
  5
45C
330
17
100
AcDbEntity
  8
hatch
100
AcDbLine
 10
16.251825406947976
 20
7.1
 30
0.0
 11
16.301825406947977
 21
7.15
 31
0.0
  0
LINE
  5
45D
330
17
100
AcDbEntity
  8
hatch
100
AcDbLine
 10
16.110404050710667
 20
7.100000000000001
 30
0.0
 11
16.160404050710664
 21
7.149999999999999
 31
0.0
  0
LINE
  5
45E
330
17
100
AcDbEntity
  8
hatch
100
AcDbLine
 10
15.968982694473354
 20
7.099999999999998
 30
0.0
 11
16.018982694473358
 21
7.15
 31
0.0
  0
LINE
  5
45F
330
17
100
AcDbEntity
  8
hatch
100
AcDbLine
 10
15.827561338236048
 20
7.1000000000000005
 30
0.0
 11
15.877561338236045
 21
7.1499999999999995
 31
0.0
  0
LINE
  5
460
330
17
100
AcDbEntity
  8
hatch
100
AcDbLine
 10
15.686139981998735
 20
7.099999999999999
 30
0.0
 11
15.73613998199874
 21
7.150000000000001
 31
0.0
  0
LINE
  5
461
330
17
100
AcDbEntity
  8
hatch
100
AcDbLine
 10
15.54471862576143
 20
7.1
 30
0.0
 11
15.594718625761427
 21
7.149999999999999
 31
0.0
  0
LINE
  5
462
330
17
100
AcDbEntity
  8
hatch
100
AcDbLine
 10
15.403297269524117
 20
7.099999999999999
 30
0.0
 11
15.453297269524118
 21
7.1499999999999995
 31
0.0
  0
LINE
  5
463
330
17
100
AcDbEntity
  8
hatch
100
AcDbLine
 10
15.261875913286808
 20
7.099999999999999
 30
0.0
 11
15.311875913286809
 21
7.150000000000001
 31
0.0
  0
LINE
  5
464
330
17
100
AcDbEntity
  8
hatch
100
AcDbLine
 10
15.120454557049499
 20
7.1
 30
0.0
 11
15.1704545570495
 21
7.15
 31
0.0
  0
LINE
  5
465
330
17
100
AcDbEntity
  8
hatch
100
AcDbLine
 10
14.97903320081219
 20
7.1
 30
0.0
 11
15.029033200812192
 21
7.150000000000002
 31
0.0
  0
LINE
  5
466
330
17
100
AcDbEntity
  8
hatch
100
AcDbLine
 10
14.83761184457488
 20
7.1
 30
0.0
 11
14.88761184457488
 21
7.15
 31
0.0
  0
LINE
  5
467
330
17
100
AcDbEntity
  8
hatch
100
AcDbLine
 10
14.696190488337571
 20
7.1
 30
0.0
 11
14.74619048833757
 21
7.149999999999999
 31
0.0
  0
LINE
  5
468
330
17
100
AcDbEntity
  8
hatch
100
AcDbLine
 10
14.55476913210026
 20
7.099999999999998
 30
0.0
 11
14.604769132100262
 21
7.15
 31
0.0
  0
LINE
  5
469
330
17
100
AcDbEntity
  8
hatch
100
AcDbLine
 10
14.413347775862952
 20
7.1
 30
0.0
 11
14.46334777586295
 21
7.149999999999999
 31
0.0
  0
LINE
  5
46A
330
17
100
AcDbEntity
  8
hatch
100
AcDbLine
 10
14.27192641962564
 20
7.099999999999998
 30
0.0
 11
14.321926419625644
 21
7.15
 31
0.0
  0
LINE
  5
46B
330
17
100
AcDbEntity
  8
hatch
100
AcDbLine
 10
14.130505063388334
 20
7.1
 30
0.0
 11
14.180505063388335
 21
7.15
 31
0.0
  0
LINE
  5
46C
330
17
100
AcDbEntity
  8
hatch
100
AcDbLine
 10
13.989083707151025
 20
7.100000000000001
 30
0.0
 11
14.039083707151024
 21
7.15
 31
0.0
  0
LINE
  5
46D
330
17
100
AcDbEntity
  8
hatch
100
AcDbLine
 10
13.847662350913716
 20
7.1
 30
0.0
 11
13.897662350913716
 21
7.15
 31
0.0
  0
LINE
  5
46E
330
17
100
AcDbEntity
  8
hatch
100
AcDbLine
 10
13.706240994676403
 20
7.1000000000000005
 30
0.0
 11
13.756240994676403
 21
7.1499999999999995
 31
0.0
  0
LINE
  5
46F
330
17
100
AcDbEntity
  8
hatch
100
AcDbLine
 10
13.564819638439094
 20
7.099999999999999
 30
0.0
 11
13.614819638439096
 21
7.150000000000001
 31
0.0
  0
LINE
  5
470
330
17
100
AcDbEntity
  8
hatch
100
AcDbLine
 10
13.423398282201786
 20
7.1000000000000005
 30
0.0
 11
13.473398282201785
 21
7.1499999999999995
 31
0.0
  0
LINE
  5
471
330
17
100
AcDbEntity
  8
hatch
100
AcDbLine
 10
13.281976925964475
 20
7.1
 30
0.0
 11
13.331976925964476
 21
7.15
 31
0.0
  0
LINE
  5
472
330
17
100
AcDbEntity
  8
hatch
100
AcDbLine
 10
13.140555569727164
 20
7.099999999999998
 30
0.0
 11
13.190555569727167
 21
7.15
 31
0.0
  0
LINE
  5
473
330
17
100
AcDbEntity
  8
hatch
100
AcDbLine
 10
12.999134213489857
 20
7.1
 30
0.0
 11
13.049134213489857
 21
7.15
 31
0.0
  0
LINE
  5
474
330
17
100
AcDbEntity
  8
hatch
100
AcDbLine
 10
12.857712857252546
 20
7.1
 30
0.0
 11
12.907712857252548
 21
7.15
 31
0.0
  0
LINE
  5
475
330
17
100
AcDbEntity
  8
hatch
100
AcDbLine
 10
12.716291501015238
 20
7.1
 30
0.0
 11
12.766291501015239
 21
7.15
 31
0.0
  0
LINE
  5
476
330
17
100
AcDbEntity
  8
hatch
100
AcDbLine
 10
12.574870144777929
 20
7.1
 30
0.0
 11
12.62487014477793
 21
7.15
 31
0.0
  0
LINE
  5
477
330
17
100
AcDbEntity
  8
hatch
100
AcDbLine
 10
12.433448788540616
 20
7.099999999999999
 30
0.0
 11
12.483448788540617
 21
7.1499999999999995
 31
0.0
  0
LINE
  5
478
330
17
100
AcDbEntity
  8
hatch
100
AcDbLine
 10
12.29202743230331
 20
7.1000000000000005
 30
0.0
 11
12.342027432303308
 21
7.1499999999999995
 31
0.0
  0
LINE
  5
479
330
17
100
AcDbEntity
  8
hatch
100
AcDbLine
 10
12.150606076065998
 20
7.099999999999998
 30
0.0
 11
12.200606076065998
 21
7.149999999999999
 31
0.0
  0
LINE
  5
47A
330
17
100
AcDbEntity
  8
hatch
100
AcDbLine
 10
12.009184719828692
 20
7.1
 30
0.0
 11
12.05918471982869
 21
7.149999999999999
 31
0.0
  0
LINE
  5
47B
330
17
100
AcDbEntity
  8
hatch
100
AcDbLine
 10
11.86776336359138
 20
7.099999999999998
 30
0.0
 11
11.91776336359138
 21
7.15
 31
0.0
  0
LINE
  5
47C
330
17
100
AcDbEntity
  8
hatch
100
AcDbLine
 10
11.72634200735407
 20
7.1
 30
0.0
 11
11.77634200735407
 21
7.15
 31
0.0
  0
LINE
  5
47D
330
17
100
AcDbEntity
  8
hatch
100
AcDbLine
 10
11.58492065111676
 20
7.1
 30
0.0
 11
11.634920651116762
 21
7.15
 31
0.0
  0
LINE
  5
47E
330
17
100
AcDbEntity
  8
hatch
100
AcDbLine
 10
11.443499294879452
 20
7.1
 30
0.0
 11
11.493499294879452
 21
7.15
 31
0.0
  0
LINE
  5
47F
330
17
100
AcDbEntity
  8
hatch
100
AcDbLine
 10
11.302077938642142
 20
7.100000000000001
 30
0.0
 11
11.352077938642141
 21
7.149999999999999
 31
0.0
  0
LINE
  5
480
330
17
100
AcDbEntity
  8
hatch
100
AcDbLine
 10
11.160656582404833
 20
7.099999999999999
 30
0.0
 11
11.210656582404834
 21
7.1499999999999995
 31
0.0
  0
LINE
  5
481
330
17
100
AcDbEntity
  8
hatch
100
AcDbLine
 10
11.01923522616752
 20
7.099999999999998
 30
0.0
 11
11.069235226167521
 21
7.15
 31
0.0
  0
LINE
  5
482
330
17
100
AcDbEntity
  8
hatch
100
AcDbLine
 10
10.877813869930215
 20
7.1
 30
0.0
 11
10.927813869930214
 21
7.15
 31
0.0
  0
LINE
  5
483
330
17
100
AcDbEntity
  8
hatch
100
AcDbLine
 10
10.736392513692904
 20
7.099999999999998
 30
0.0
 11
10.786392513692904
 21
7.15
 31
0.0
  0
LINE
  5
484
330
17
100
AcDbEntity
  8
hatch
100
AcDbLine
 10
10.594971157455594
 20
7.099999999999998
 30
0.0
 11
10.644971157455597
 21
7.15
 31
0.0
  0
LINE
  5
485
330
17
100
AcDbEntity
  8
hatch
100
AcDbLine
 10
10.453549801218283
 20
7.100000000000001
 30
0.0
 11
10.503549801218284
 21
7.15
 31
0.0
  0
LINE
  5
486
330
17
100
AcDbEntity
  8
hatch
100
AcDbLine
 10
10.312128444980974
 20
7.099999999999999
 30
0.0
 11
10.362128444980975
 21
7.1499999999999995
 31
0.0
  0
LINE
  5
487
330
17
100
AcDbEntity
  8
hatch
100
AcDbLine
 10
10.170707088743665
 20
7.1000000000000005
 30
0.0
 11
10.220707088743666
 21
7.1499999999999995
 31
0.0
  0
LINE
  5
488
330
17
100
AcDbEntity
  8
hatch
100
AcDbLine
 10
10.029285732506356
 20
7.099999999999999
 30
0.0
 11
10.079285732506357
 21
7.1499999999999995
 31
0.0
  0
LINE
  5
489
330
17
100
AcDbEntity
  8
hatch
100
AcDbLine
 10
9.887864376269048
 20
7.1000000000000005
 30
0.0
 11
9.937864376269047
 21
7.1499999999999995
 31
0.0
  0
LINE
  5
48A
330
17
100
AcDbEntity
  8
hatch
100
AcDbLine
 10
9.746443020031737
 20
7.1
 30
0.0
 11
9.796443020031736
 21
7.15
 31
0.0
  0
LINE
  5
48B
330
17
100
AcDbEntity
  8
hatch
100
AcDbLine
 10
9.605021663794426
 20
7.1
 30
0.0
 11
9.655021663794429
 21
7.15
 31
0.0
  0
LINE
  5
48C
330
17
100
AcDbEntity
  8
hatch
100
AcDbLine
 10
9.463600307557117
 20
7.1
 30
0.0
 11
9.51360030755712
 21
7.15
 31
0.0
  0
LINE
  5
48D
330
17
100
AcDbEntity
  8
hatch
100
AcDbLine
 10
9.322178951319808
 20
7.1
 30
0.0
 11
9.37217895131981
 21
7.15
 31
0.0
  0
LINE
  5
48E
330
17
100
AcDbEntity
  8
hatch
100
AcDbLine
 10
9.1807575950825
 20
7.1
 30
0.0
 11
9.230757595082501
 21
7.15
 31
0.0
  0
LINE
  5
48F
330
17
100
AcDbEntity
  8
hatch
100
AcDbLine
 10
9.03933623884519
 20
7.1000000000000005
 30
0.0
 11
9.089336238845188
 21
7.1499999999999995
 31
0.0
  0
LINE
  5
490
330
17
100
AcDbEntity
  8
hatch
100
AcDbLine
 10
8.897914882607878
 20
7.099999999999999
 30
0.0
 11
8.94791488260788
 21
7.1499999999999995
 31
0.0
  0
LINE
  5
491
330
17
100
AcDbEntity
  8
hatch
100
AcDbLine
 10
8.756493526370571
 20
7.1000000000000005
 30
0.0
 11
8.80649352637057
 21
7.15
 31
0.0
  0
LINE
  5
492
330
17
100
AcDbEntity
  8
hatch
100
AcDbLine
 10
8.615072170133262
 20
7.1
 30
0.0
 11
8.665072170133262
 21
7.15
 31
0.0
  0
LINE
  5
493
330
17
100
AcDbEntity
  8
hatch
100
AcDbLine
 10
8.473650813895953
 20
7.1
 30
0.0
 11
8.523650813895951
 21
7.1499999999999995
 31
0.0
  0
LINE
  5
494
330
17
100
AcDbEntity
  8
hatch
100
AcDbLine
 10
8.332229457658642
 20
7.099999999999999
 30
0.0
 11
8.38222945765864
 21
7.1499999999999995
 31
0.0
  0
LINE
  5
495
330
17
100
AcDbEntity
  8
hatch
100
AcDbLine
 10
8.190808101421332
 20
7.1
 30
0.0
 11
8.240808101421331
 21
7.1499999999999995
 31
0.0
  0
LINE
  5
496
330
17
100
AcDbEntity
  8
hatch
100
AcDbLine
 10
8.049386745184023
 20
7.1
 30
0.0
 11
8.099386745184022
 21
7.1499999999999995
 31
0.0
  0
LINE
  5
497
330
17
100
AcDbEntity
  8
hatch
100
AcDbLine
 10
7.907965388946713
 20
7.1
 30
0.0
 11
7.957965388946713
 21
7.1499999999999995
 31
0.0
  0
LINE
  5
498
330
17
100
AcDbEntity
  8
hatch
100
AcDbLine
 10
7.766544032709406
 20
7.1
 30
0.0
 11
7.816544032709404
 21
7.149999999999999
 31
0.0
  0
LINE
  5
499
330
17
100
AcDbEntity
  8
hatch
100
AcDbLine
 10
7.625122676472094
 20
7.1000000000000005
 30
0.0
 11
7.675122676472093
 21
7.1499999999999995
 31
0.0
  0
LINE
  5
49A
330
17
100
AcDbEntity
  8
hatch
100
AcDbLine
 10
7.4837013202347835
 20
7.1
 30
0.0
 11
7.533701320234783
 21
7.1499999999999995
 31
0.0
  0
LINE
  5
49B
330
17
100
AcDbEntity
  8
hatch
100
AcDbLine
 10
7.342279963997475
 20
7.099999999999999
 30
0.0
 11
7.392279963997476
 21
7.1499999999999995
 31
0.0
  0
LINE
  5
49C
330
17
100
AcDbEntity
  8
hatch
100
AcDbLine
 10
7.200858607760166
 20
7.099999999999999
 30
0.0
 11
7.2508586077601676
 21
7.15
 31
0.0
  0
LINE
  5
49D
330
17
100
AcDbEntity
  8
hatch
100
AcDbLine
 10
7.059437251522857
 20
7.099999999999999
 30
0.0
 11
7.109437251522858
 21
7.15
 31
0.0
  0
LINE
  5
49E
330
17
100
AcDbEntity
  8
hatch
100
AcDbLine
 10
6.918015895285545
 20
7.1
 30
0.0
 11
6.968015895285546
 21
7.15
 31
0.0
  0
LINE
  5
49F
330
17
100
AcDbEntity
  8
hatch
100
AcDbLine
 10
6.7765945390482365
 20
7.099999999999999
 30
0.0
 11
6.826594539048238
 21
7.15
 31
0.0
  0
LINE
  5
4A0
330
17
100
AcDbEntity
  8
hatch
100
AcDbLine
 10
6.635173182810927
 20
7.099999999999999
 30
0.0
 11
6.685173182810929
 21
7.15
 31
0.0
  0
LINE
  5
4A1
330
17
100
AcDbEntity
  8
hatch
100
AcDbLine
 10
6.493751826573619
 20
7.099999999999999
 30
0.0
 11
6.54375182657362
 21
7.15
 31
0.0
  0
LINE
  5
4A2
330
17
100
AcDbEntity
  8
hatch
100
AcDbLine
 10
6.352330470336311
 20
7.1000000000000005
 30
0.0
 11
6.40233047033631
 21
7.15
 31
0.0
  0
LINE
  5
4A3
330
17
100
AcDbEntity
  8
hatch
100
AcDbLine
 10
6.210909114099
 20
7.1000000000000005
 30
0.0
 11
6.260909114098999
 21
7.15
 31
0.0
  0
LINE
  5
4A4
330
17
100
AcDbEntity
  8
hatch
100
AcDbLine
 10
6.0694877578616895
 20
7.099999999999999
 30
0.0
 11
6.11948775786169
 21
7.15
 31
0.0
  0
LINE
  5
4A5
330
17
100
AcDbEntity
  8
hatch
100
AcDbLine
 10
5.92806640162438
 20
7.099999999999999
 30
0.0
 11
5.978066401624381
 21
7.15
 31
0.0
  0
LINE
  5
4A6
330
17
100
AcDbEntity
  8
hatch
100
AcDbLine
 10
5.786645045387071
 20
7.1
 30
0.0
 11
5.836645045387072
 21
7.15
 31
0.0
  0
LINE
  5
4A7
330
17
100
AcDbEntity
  8
hatch
100
AcDbLine
 10
5.645223689149762
 20
7.1
 30
0.0
 11
5.695223689149762
 21
7.1499999999999995
 31
0.0
  0
LINE
  5
4A8
330
17
100
AcDbEntity
  8
hatch
100
AcDbLine
 10
5.503802332912451
 20
7.099999999999999
 30
0.0
 11
5.553802332912451
 21
7.1499999999999995
 31
0.0
  0
LINE
  5
4A9
330
17
100
AcDbEntity
  8
hatch
100
AcDbLine
 10
5.362380976675142
 20
7.1
 30
0.0
 11
5.412380976675141
 21
7.1499999999999995
 31
0.0
  0
LINE
  5
4AA
330
17
100
AcDbEntity
  8
hatch
100
AcDbLine
 10
5.220959620437832
 20
7.1
 30
0.0
 11
5.270959620437832
 21
7.1499999999999995
 31
0.0
  0
LINE
  5
4AB
330
17
100
AcDbEntity
  8
hatch
100
AcDbLine
 10
5.079538264200524
 20
7.1
 30
0.0
 11
5.129538264200523
 21
7.1499999999999995
 31
0.0
  0
LINE
  5
4AC
330
17
100
AcDbEntity
  8
hatch
100
AcDbLine
 10
4.938116907963215
 20
7.1
 30
0.0
 11
4.988116907963214
 21
7.1499999999999995
 31
0.0
  0
LINE
  5
4AD
330
17
100
AcDbEntity
  8
hatch
100
AcDbLine
 10
4.796695551725903
 20
7.1
 30
0.0
 11
4.846695551725903
 21
7.1499999999999995
 31
0.0
  0
LINE
  5
4AE
330
17
100
AcDbEntity
  8
hatch
100
AcDbLine
 10
4.655274195488594
 20
7.1
 30
0.0
 11
4.7052741954885935
 21
7.1499999999999995
 31
0.0
  0
LINE
  5
4AF
330
17
100
AcDbEntity
  8
hatch
100
AcDbLine
 10
4.513852839251285
 20
7.1
 30
0.0
 11
4.563852839251284
 21
7.1499999999999995
 31
0.0
  0
LINE
  5
4B0
330
17
100
AcDbEntity
  8
hatch
100
AcDbLine
 10
4.372431483013976
 20
7.1
 30
0.0
 11
4.422431483013976
 21
7.149999999999999
 31
0.0
  0
LINE
  5
4B1
330
17
100
AcDbEntity
  8
hatch
100
AcDbLine
 10
4.231010126776667
 20
7.1
 30
0.0
 11
4.281010126776667
 21
7.149999999999999
 31
0.0
  0
LINE
  5
4B2
330
17
100
AcDbEntity
  8
hatch
100
AcDbLine
 10
4.089588770539356
 20
7.1
 30
0.0
 11
4.139588770539355
 21
7.1499999999999995
 31
0.0
  0
LINE
  5
4B3
330
17
100
AcDbEntity
  8
hatch
100
AcDbLine
 10
3.948167414302046
 20
7.1
 30
0.0
 11
3.998167414302046
 21
7.1499999999999995
 31
0.0
  0
LINE
  5
4B4
330
17
100
AcDbEntity
  8
hatch
100
AcDbLine
 10
3.8067460580647374
 20
7.1
 30
0.0
 11
3.856746058064739
 21
7.15
 31
0.0
  0
LINE
  5
4B5
330
17
100
AcDbEntity
  8
hatch
100
AcDbLine
 10
3.665324701827428
 20
7.1
 30
0.0
 11
3.71532470182743
 21
7.15
 31
0.0
  0
LINE
  5
4B6
330
17
100
AcDbEntity
  8
hatch
100
AcDbLine
 10
3.523903345590119
 20
7.099999999999999
 30
0.0
 11
3.5739033455901206
 21
7.15
 31
0.0
  0
LINE
  5
4B7
330
17
100
AcDbEntity
  8
hatch
100
AcDbLine
 10
3.382481989352808
 20
7.1
 30
0.0
 11
3.4324819893528096
 21
7.15
 31
0.0
  0
LINE
  5
4B8
330
17
100
AcDbEntity
  8
hatch
100
AcDbLine
 10
3.2410606331154987
 20
7.1
 30
0.0
 11
3.2910606331155003
 21
7.15
 31
0.0
  0
LINE
  5
4B9
330
17
100
AcDbEntity
  8
hatch
100
AcDbLine
 10
3.0996392768781895
 20
7.1
 30
0.0
 11
3.149639276878191
 21
7.15
 31
0.0
  0
LINE
  5
4BA
330
17
100
AcDbEntity
  8
hatch
100
AcDbLine
 10
2.958217920640881
 20
7.1
 30
0.0
 11
3.008217920640882
 21
7.15
 31
0.0
  0
LINE
  5
4BB
330
17
100
AcDbEntity
  8
hatch
100
AcDbLine
 10
2.8167965644035724
 20
7.1
 30
0.0
 11
2.8667965644035722
 21
7.1499999999999995
 31
0.0
  0
LINE
  5
4BC
330
17
100
AcDbEntity
  8
hatch
100
AcDbLine
 10
2.67537520816626
 20
7.1
 30
0.0
 11
2.72537520816626
 21
7.15
 31
0.0
  0
LINE
  5
4BD
330
17
100
AcDbEntity
  8
hatch
100
AcDbLine
 10
2.533953851928951
 20
7.1
 30
0.0
 11
2.5839538519289516
 21
7.15
 31
0.0
  0
LINE
  5
4BE
330
17
100
AcDbEntity
  8
hatch
100
AcDbLine
 10
2.392532495691643
 20
7.1
 30
0.0
 11
2.4425324956916428
 21
7.1499999999999995
 31
0.0
  0
LINE
  5
4BF
330
17
100
AcDbEntity
  8
hatch
100
AcDbLine
 10
2.251111139454333
 20
7.099999999999999
 30
0.0
 11
2.3011111394543335
 21
7.1499999999999995
 31
0.0
  0
LINE
  5
4C0
330
17
100
AcDbEntity
  8
hatch
100
AcDbLine
 10
2.1096897832170245
 20
7.1
 30
0.0
 11
2.1596897832170243
 21
7.1499999999999995
 31
0.0
  0
LINE
  5
4C1
330
17
100
AcDbEntity
  8
hatch
100
AcDbLine
 10
1.968268426979713
 20
7.1
 30
0.0
 11
2.018268426979713
 21
7.1499999999999995
 31
0.0
  0
LINE
  5
4C2
330
17
100
AcDbEntity
  8
hatch
100
AcDbLine
 10
1.8268470707424034
 20
7.099999999999999
 30
0.0
 11
1.876847070742404
 21
7.1499999999999995
 31
0.0
  0
LINE
  5
4C3
330
17
100
AcDbEntity
  8
hatch
100
AcDbLine
 10
1.6854257145050942
 20
7.099999999999999
 30
0.0
 11
1.7354257145050949
 21
7.1499999999999995
 31
0.0
  0
LINE
  5
4C4
330
17
100
AcDbEntity
  8
hatch
100
AcDbLine
 10
1.544004358267785
 20
7.099999999999999
 30
0.0
 11
1.5940043582677856
 21
7.1499999999999995
 31
0.0
  0
LINE
  5
4C5
330
17
100
AcDbEntity
  8
hatch
100
AcDbLine
 10
1.4025830020304761
 20
7.1
 30
0.0
 11
1.4525830020304769
 21
7.149999999999999
 31
0.0
  0
LINE
  5
4C6
330
17
100
AcDbEntity
  8
hatch
100
AcDbLine
 10
1.2611616457931647
 20
7.099999999999999
 30
0.0
 11
1.3111616457931663
 21
7.15
 31
0.0
  0
LINE
  5
4C7
330
17
100
AcDbEntity
  8
hatch
100
AcDbLine
 10
1.1197402895558586
 20
7.1
 30
0.0
 11
1.1697402895558575
 21
7.149999999999999
 31
0.0
  0
LINE
  5
4C8
330
17
100
AcDbEntity
  8
hatch
100
AcDbLine
 10
0.9783189333185467
 20
7.1
 30
0.0
 11
1.0283189333185465
 21
7.149999999999999
 31
0.0
  0
LINE
  5
4C9
330
17
100
AcDbEntity
  8
hatch
100
AcDbLine
 10
0.8368975770812352
 20
7.099999999999999
 30
0.0
 11
0.8868975770812342
 21
7.149999999999999
 31
0.0
  0
LINE
  5
4CA
330
17
100
AcDbEntity
  8
hatch
100
AcDbLine
 10
0.6954762208439287
 20
7.1
 30
0.0
 11
0.7454762208439303
 21
7.15
 31
0.0
  0
LINE
  5
4CB
330
17
100
AcDbEntity
  8
hatch
100
AcDbLine
 10
0.5540548646066168
 20
7.1
 30
0.0
 11
0.6040548646066188
 21
7.15
 31
0.0
  0
LINE
  5
4CC
330
17
100
AcDbEntity
  8
hatch
100
AcDbLine
 10
0.4126335083693107
 20
7.1
 30
0.0
 11
0.46263350836931005
 21
7.149999999999999
 31
0.0
  0
LINE
  5
4CD
330
17
100
AcDbEntity
  8
hatch
100
AcDbLine
 10
0.27121215213199923
 20
7.1
 30
0.0
 11
0.3212121521319986
 21
7.149999999999999
 31
0.0
  0
LINE
  5
4CE
330
17
100
AcDbEntity
  8
hatch
100
AcDbLine
 10
0.12979079589468734
 20
7.1
 30
0.0
 11
0.17979079589468672
 21
7.149999999999999
 31
0.0
  0
LINE
  5
4CF
330
17
100
AcDbEntity
  8
hatch
100
AcDbLine
 10
-0.011630560342618779
 20
7.1
 30
0.0
 11
0.038369439657383264
 21
7.15
 31
0.0
  0
LWPOLYLINE
  5
4D0
330
17
100
AcDbEntity
  8
muro-corte
100
AcDbPolyline
 90
4
 70
1
 10
-0.029999999999999714
 20
7.1
 10
24.03
 20
7.1
 10
24.03
 20
7.15
 10
-0.029999999999999714
 20
7.15
  0
LINE
  5
4D1
330
17
100
AcDbEntity
  8
carpinteria
100
AcDbLine
 10
0.5399999999999998
 20
-0.45
 30
0.0
 11
0.5399999999999998
 21
6.9
 31
0.0
  0
LINE
  5
4D2
330
17
100
AcDbEntity
  8
carpinteria
100
AcDbLine
 10
0.6600000000000001
 20
-0.45
 30
0.0
 11
0.6600000000000001
 21
6.9
 31
0.0
  0
LINE
  5
4D3
330
17
100
AcDbEntity
  8
carpinteria
100
AcDbLine
 10
0.5399999999999998
 20
6.9
 30
0.0
 11
0.6600000000000001
 21
6.9
 31
0.0
  0
LINE
  5
4D4
330
17
100
AcDbEntity
  8
carpinteria
100
AcDbLine
 10
23.339999999999996
 20
-0.45
 30
0.0
 11
23.339999999999996
 21
6.9
 31
0.0
  0
LINE
  5
4D5
330
17
100
AcDbEntity
  8
carpinteria
100
AcDbLine
 10
23.459999999999997
 20
-0.45
 30
0.0
 11
23.459999999999997
 21
6.9
 31
0.0
  0
LINE
  5
4D6
330
17
100
AcDbEntity
  8
carpinteria
100
AcDbLine
 10
23.339999999999996
 20
6.9
 30
0.0
 11
23.459999999999997
 21
6.9
 31
0.0
  0
TEXT
  5
4D7
330
17
100
AcDbEntity
  8
texto-suave
100
AcDbText
 10
12.0
 20
6.65
 30
0.0
 40
0.09
  1
MURO DE ALBAÑILERÍA TARRAJEADO Y PINTADO
 72
1
 11
12.0
 21
6.65
 31
0.0
100
AcDbText
  0
TEXT
  5
4D8
330
17
100
AcDbEntity
  8
texto-suave
100
AcDbText
 10
12.0
 20
-0.3
 30
0.0
 40
0.085
  1
SOBRECIMIENTO DE CONCRETO 1:8 + 25% P.M.
 72
1
 11
12.0
 21
-0.3
 31
0.0
100
AcDbText
  0
LINE
  5
4D9
330
17
100
AcDbEntity
  8
nivel
100
AcDbLine
 10
3.7
 20
-11.5
 30
0.0
 11
2.2
 21
-11.5
 31
0.0
  0
LWPOLYLINE
  5
4DA
330
17
100
AcDbEntity
  8
nivel
100
AcDbPolyline
 90
3
 70
1
 10
3.7
 20
-11.5
 10
3.565
 20
-11.4175
 10
3.565
 20
-11.582500000000001
  0
LWPOLYLINE
  5
4DB
330
17
100
AcDbEntity
  8
nivel
100
AcDbPolyline
 90
3
 70
1
 10
3.7
 20
-11.5
 10
3.565
 20
-11.4175
 10
3.565
 20
-11.582500000000001
  0
LINE
  5
4DC
330
17
100
AcDbEntity
  8
hatch
100
AcDbLine
 10
3.565
 20
-11.49357864376269
 30
0.0
 11
3.6122212271630496
 21
-11.446357416599641
 31
0.0
  0
TEXT
  5
4DD
330
17
100
AcDbEntity
  8
texto
100
AcDbText
 10
3.475
 20
-11.440000000000001
 30
0.0
 40
0.105
  1
±0,00
 72
2
100
AcDbText
  0
LINE
  5
4DE
330
17
100
AcDbEntity
  8
nivel
100
AcDbLine
 10
3.7
 20
-8.25
 30
0.0
 11
2.2
 21
-8.25
 31
0.0
  0
LWPOLYLINE
  5
4DF
330
17
100
AcDbEntity
  8
nivel
100
AcDbPolyline
 90
3
 70
1
 10
3.7
 20
-8.25
 10
3.565
 20
-8.1675
 10
3.565
 20
-8.332500000000001
  0
LWPOLYLINE
  5
4E0
330
17
100
AcDbEntity
  8
nivel
100
AcDbPolyline
 90
3
 70
1
 10
3.7
 20
-8.25
 10
3.565
 20
-8.1675
 10
3.565
 20
-8.332500000000001
  0
LINE
  5
4E1
330
17
100
AcDbEntity
  8
hatch
100
AcDbLine
 10
3.565
 20
-8.243578643762689
 30
0.0
 11
3.612221227163048
 21
-8.196357416599641
 31
0.0
  0
TEXT
  5
4E2
330
17
100
AcDbEntity
  8
texto
100
AcDbText
 10
3.475
 20
-8.190000000000001
 30
0.0
 40
0.105
  1
+3,25
 72
2
100
AcDbText
  0
LINE
  5
4E3
330
17
100
AcDbEntity
  8
nivel
100
AcDbLine
 10
3.7
 20
-5.300000000000001
 30
0.0
 11
2.2
 21
-5.300000000000001
 31
0.0
  0
LWPOLYLINE
  5
4E4
330
17
100
AcDbEntity
  8
nivel
100
AcDbPolyline
 90
3
 70
1
 10
3.7
 20
-5.300000000000001
 10
3.565
 20
-5.2175
 10
3.565
 20
-5.3825
  0
LWPOLYLINE
  5
4E5
330
17
100
AcDbEntity
  8
nivel
100
AcDbPolyline
 90
3
 70
1
 10
3.7
 20
-5.300000000000001
 10
3.565
 20
-5.2175
 10
3.565
 20
-5.3825
  0
LINE
  5
4E6
330
17
100
AcDbEntity
  8
hatch
100
AcDbLine
 10
3.5650000000000004
 20
-5.29357864376269
 30
0.0
 11
3.6122212271630496
 21
-5.246357416599641
 31
0.0
  0
TEXT
  5
4E7
330
17
100
AcDbEntity
  8
texto
100
AcDbText
 10
3.475
 20
-5.24
 30
0.0
 40
0.105
  1
+6,20
 72
2
100
AcDbText
  0
LINE
  5
4E8
330
17
100
AcDbEntity
  8
nivel
100
AcDbLine
 10
3.7
 20
-4.3500000000000005
 30
0.0
 11
2.2
 21
-4.3500000000000005
 31
0.0
  0
LWPOLYLINE
  5
4E9
330
17
100
AcDbEntity
  8
nivel
100
AcDbPolyline
 90
3
 70
1
 10
3.7
 20
-4.3500000000000005
 10
3.565
 20
-4.2675
 10
3.565
 20
-4.4325
  0
LWPOLYLINE
  5
4EA
330
17
100
AcDbEntity
  8
nivel
100
AcDbPolyline
 90
3
 70
1
 10
3.7
 20
-4.3500000000000005
 10
3.565
 20
-4.2675
 10
3.565
 20
-4.4325
  0
LINE
  5
4EB
330
17
100
AcDbEntity
  8
hatch
100
AcDbLine
 10
3.5649999999999995
 20
-4.343578643762692
 30
0.0
 11
3.6122212271630496
 21
-4.296357416599641
 31
0.0
  0
TEXT
  5
4EC
330
17
100
AcDbEntity
  8
texto
100
AcDbText
 10
3.475
 20
-4.29
 30
0.0
 40
0.105
  1
+7,15
 72
2
100
AcDbText
  0
LINE
  5
4ED
330
17
100
AcDbEntity
  8
nivel
100
AcDbLine
 10
3.7
 20
-4.13
 30
0.0
 11
2.2
 21
-4.13
 31
0.0
  0
LWPOLYLINE
  5
4EE
330
17
100
AcDbEntity
  8
nivel
100
AcDbPolyline
 90
3
 70
1
 10
3.7
 20
-4.13
 10
3.565
 20
-4.047499999999999
 10
3.565
 20
-4.2125
  0
LWPOLYLINE
  5
4EF
330
17
100
AcDbEntity
  8
nivel
100
AcDbPolyline
 90
3
 70
1
 10
3.7
 20
-4.13
 10
3.565
 20
-4.047499999999999
 10
3.565
 20
-4.2125
  0
LINE
  5
4F0
330
17
100
AcDbEntity
  8
hatch
100
AcDbLine
 10
3.565
 20
-4.123578643762691
 30
0.0
 11
3.61222122716305
 21
-4.076357416599642
 31
0.0
  0
TEXT
  5
4F1
330
17
100
AcDbEntity
  8
texto
100
AcDbText
 10
3.475
 20
-4.069999999999999
 30
0.0
 40
0.095
  1
ALBARDILLA
 72
2
100
AcDbText
  0
LINE
  5
4F2
330
17
100
AcDbEntity
  8
nivel
100
AcDbLine
 10
29.35
 20
-11.950000000000001
 30
0.0
 11
30.650000000000002
 21
-11.950000000000001
 31
0.0
  0
LWPOLYLINE
  5
4F3
330
17
100
AcDbEntity
  8
nivel
100
AcDbPolyline
 90
3
 70
1
 10
29.35
 20
-11.950000000000001
 10
29.485000000000003
 20
-11.8675
 10
29.485000000000003
 20
-12.0325
  0
LWPOLYLINE
  5
4F4
330
17
100
AcDbEntity
  8
nivel
100
AcDbPolyline
 90
3
 70
1
 10
29.35
 20
-11.950000000000001
 10
29.485000000000003
 20
-11.8675
 10
29.485000000000003
 20
-12.0325
  0
LINE
  5
4F5
330
17
100
AcDbEntity
  8
hatch
100
AcDbLine
 10
29.39722122716305
 20
-11.978857416599638
 30
0.0
 11
29.485000000000003
 21
-11.891078643762686
 31
0.0
  0
TEXT
  5
4F6
330
17
100
AcDbEntity
  8
texto
100
AcDbText
 10
29.575000000000003
 20
-11.89
 30
0.0
 40
0.105
  1
NTN -0,45
100
AcDbText
  0
LINE
  5
4F7
330
17
100
AcDbEntity
  8
cota
100
AcDbLine
 10
5.0
 20
-4.375
 30
0.0
 11
5.0
 21
-3.9250000000000003
 31
0.0
  0
LINE
  5
4F8
330
17
100
AcDbEntity
  8
cota
100
AcDbLine
 10
29.0
 20
-4.375
 30
0.0
 11
29.0
 21
-3.9250000000000003
 31
0.0
  0
LINE
  5
4F9
330
17
100
AcDbEntity
  8
cota
100
AcDbLine
 10
5.0
 20
-3.85
 30
0.0
 11
29.0
 21
-3.85
 31
0.0
  0
LINE
  5
4FA
330
17
100
AcDbEntity
  8
cota
100
AcDbLine
 10
4.925000000000001
 20
-3.9250000000000003
 30
0.0
 11
5.075
 21
-3.7750000000000004
 31
0.0
  0
LINE
  5
4FB
330
17
100
AcDbEntity
  8
cota
100
AcDbLine
 10
28.925
 20
-3.9250000000000003
 30
0.0
 11
29.075000000000003
 21
-3.7750000000000004
 31
0.0
  0
TEXT
  5
4FC
330
17
100
AcDbEntity
  8
cota-texto
100
AcDbText
 10
17.0
 20
-3.7950000000000004
 30
0.0
 40
0.125
  1
24,00
 72
1
 11
17.0
 21
-3.7950000000000004
 31
0.0
100
AcDbText
  0
LINE
  5
4FD
330
17
100
AcDbEntity
  8
cota
100
AcDbLine
 10
5.0
 20
-12.025
 30
0.0
 11
5.0
 21
-12.375
 31
0.0
  0
LINE
  5
4FE
330
17
100
AcDbEntity
  8
cota
100
AcDbLine
 10
4.55
 20
-12.025
 30
0.0
 11
4.55
 21
-12.375
 31
0.0
  0
LINE
  5
4FF
330
17
100
AcDbEntity
  8
cota
100
AcDbLine
 10
5.0
 20
-12.3
 30
0.0
 11
4.55
 21
-12.3
 31
0.0
  0
LINE
  5
500
330
17
100
AcDbEntity
  8
cota
100
AcDbLine
 10
4.925000000000001
 20
-12.375
 30
0.0
 11
5.075
 21
-12.225000000000001
 31
0.0
  0
LINE
  5
501
330
17
100
AcDbEntity
  8
cota
100
AcDbLine
 10
4.4750000000000005
 20
-12.375
 30
0.0
 11
4.625
 21
-12.225000000000001
 31
0.0
  0
TEXT
  5
502
330
17
100
AcDbEntity
  8
cota-texto
100
AcDbText
 10
4.775
 20
-12.245000000000001
 30
0.0
 40
0.09
  1
0,45
 72
1
 11
4.775
 21
-12.245000000000001
 31
0.0
100
AcDbText
  0
TEXT
  5
503
330
17
100
AcDbEntity
  8
texto
100
AcDbText
 10
3.8000000000000003
 20
-3.1
 30
0.0
 40
0.18
  1
FACHADA SUR  ·  PRINCIPAL
100
AcDbText
  0
LINE
  5
504
330
17
100
AcDbEntity
  8
marco-medio
100
AcDbLine
 10
3.8000000000000003
 20
-3.23
 30
0.0
 11
13.8
 21
-3.23
 31
0.0
  0
TEXT
  5
505
330
17
100
AcDbEntity
  8
texto-suave
100
AcDbText
 10
13.8
 20
-3.1
 30
0.0
 40
0.11000000000000001
  1
E 1:50
 72
2
100
AcDbText
  0
TEXT
  5
506
330
17
100
AcDbEntity
  8
texto-suave
100
AcDbText
 10
3.8000000000000003
 20
-3.38
 30
0.0
 40
0.1
  1
Ingreso principal — niveles bajo (0,00) y alto (+3,25)
100
AcDbText
  0
LINE
  5
507
330
17
100
AcDbEntity
  8
terreno
100
AcDbLine
 10
-1.2
 20
-0.45
 30
0.0
 11
0.0
 21
-0.45
 31
0.0
  0
LINE
  5
508
330
17
100
AcDbEntity
  8
terreno
100
AcDbLine
 10
-1.2
 20
-0.45
 30
0.0
 11
-1.3799999999999997
 21
-0.65
 31
0.0
  0
LINE
  5
509
330
17
100
AcDbEntity
  8
terreno
100
AcDbLine
 10
-0.7799999999999997
 20
-0.45
 30
0.0
 11
-0.9600000000000002
 21
-0.65
 31
0.0
  0
LINE
  5
50A
330
17
100
AcDbEntity
  8
terreno
100
AcDbLine
 10
-0.36000000000000015
 20
-0.45
 30
0.0
 11
-0.5399999999999998
 21
-0.65
 31
0.0
  0
LINE
  5
50B
330
17
100
AcDbEntity
  8
terreno
100
AcDbLine
 10
24.0
 20
-0.45
 30
0.0
 11
25.2
 21
-0.45
 31
0.0
  0
LINE
  5
50C
330
17
100
AcDbEntity
  8
terreno
100
AcDbLine
 10
24.0
 20
-0.45
 30
0.0
 11
23.82
 21
-0.65
 31
0.0
  0
LINE
  5
50D
330
17
100
AcDbEntity
  8
terreno
100
AcDbLine
 10
24.420000000000005
 20
-0.45
 30
0.0
 11
24.240000000000002
 21
-0.65
 31
0.0
  0
LINE
  5
50E
330
17
100
AcDbEntity
  8
terreno
100
AcDbLine
 10
24.840000000000003
 20
-0.45
 30
0.0
 11
24.660000000000004
 21
-0.65
 31
0.0
  0
LINE
  5
50F
330
17
100
AcDbEntity
  8
terreno
100
AcDbLine
 10
-0.5656854249492383
 20
-1.65
 30
0.0
 11
0.0
 21
-1.084314575050763
 31
0.0
  0
LINE
  5
510
330
17
100
AcDbEntity
  8
terreno
100
AcDbLine
 10
-1.1313708498984767
 20
-1.65
 30
0.0
 11
0.0
 21
-0.5186291501015233
 31
0.0
  0
LINE
  5
511
330
17
100
AcDbEntity
  8
terreno
100
AcDbLine
 10
-1.2
 20
-1.1529437251522865
 30
0.0
 11
-0.49705627484771425
 21
-0.45
 31
0.0
  0
LINE
  5
512
330
17
100
AcDbEntity
  8
terreno
100
AcDbLine
 10
-1.2
 20
-0.5872583002030467
 30
0.0
 11
-1.0627416997969519
 21
-0.45
 31
0.0
  0
LINE
  5
513
330
17
100
AcDbEntity
  8
terreno
100
AcDbLine
 10
24.634314575050762
 20
-1.65
 30
0.0
 11
25.199999999999996
 21
-1.084314575050763
 31
0.0
  0
LINE
  5
514
330
17
100
AcDbEntity
  8
terreno
100
AcDbLine
 10
24.068629150101522
 20
-1.65
 30
0.0
 11
25.2
 21
-0.5186291501015233
 31
0.0
  0
LINE
  5
515
330
17
100
AcDbEntity
  8
terreno
100
AcDbLine
 10
24.0
 20
-1.1529437251522836
 30
0.0
 11
24.702943725152284
 21
-0.45
 31
0.0
  0
LINE
  5
516
330
17
100
AcDbEntity
  8
terreno
100
AcDbLine
 10
24.0
 20
-0.5872583002030438
 30
0.0
 11
24.13725830020304
 21
-0.45
 31
0.0
  0
LWPOLYLINE
  5
517
330
17
100
AcDbEntity
  8
hormigon
100
AcDbPolyline
 90
4
 70
1
 10
0.0
 20
-0.45
 10
24.0
 20
-0.45
 10
24.0
 20
0.0
 10
0.0
 20
0.0
  0
LINE
  5
518
330
17
100
AcDbEntity
  8
hatch
100
AcDbLine
 10
23.85857864376269
 20
-0.45000000000000107
 30
0.0
 11
24.0
 21
-0.30857864376269006
 31
0.0
  0
LINE
  5
519
330
17
100
AcDbEntity
  8
hatch
100
AcDbLine
 10
23.71715728752538
 20
-0.45000000000000107
 30
0.0
 11
24.0
 21
-0.1671572875253844
 31
0.0
  0
LINE
  5
51A
330
17
100
AcDbEntity
  8
hatch
100
AcDbLine
 10
23.575735931288072
 20
-0.45000000000000107
 30
0.0
 11
24.0
 21
-0.025735931288071612
 31
0.0
  0
LINE
  5
51B
330
17
100
AcDbEntity
  8
hatch
100
AcDbLine
 10
23.434314575050763
 20
-0.45000000000000107
 30
0.0
 11
23.884314575050766
 21
0.0
 31
0.0
  0
LINE
  5
51C
330
17
100
AcDbEntity
  8
hatch
100
AcDbLine
 10
23.292893218813454
 20
-0.45000000000000107
 30
0.0
 11
23.742893218813457
 21
0.0
 31
0.0
  0
LINE
  5
51D
330
17
100
AcDbEntity
  8
hatch
100
AcDbLine
 10
23.15147186257614
 20
-0.4499999999999993
 30
0.0
 11
23.60147186257614
 21
1.7763568394002505e-15
 31
0.0
  0
LINE
  5
51E
330
17
100
AcDbEntity
  8
hatch
100
AcDbLine
 10
23.010050506338835
 20
-0.4499999999999993
 30
0.0
 11
23.46005050633884
 21
1.7763568394002505e-15
 31
0.0
  0
LINE
  5
51F
330
17
100
AcDbEntity
  8
hatch
100
AcDbLine
 10
22.868629150101526
 20
-0.45000000000000107
 30
0.0
 11
23.318629150101525
 21
0.0
 31
0.0
  0
LINE
  5
520
330
17
100
AcDbEntity
  8
hatch
100
AcDbLine
 10
22.727207793864217
 20
-0.4499999999999993
 30
0.0
 11
23.17720779386422
 21
1.7763568394002505e-15
 31
0.0
  0
LINE
  5
521
330
17
100
AcDbEntity
  8
hatch
100
AcDbLine
 10
22.585786437626908
 20
-0.4499999999999993
 30
0.0
 11
23.035786437626907
 21
0.0
 31
0.0
  0
LINE
  5
522
330
17
100
AcDbEntity
  8
hatch
100
AcDbLine
 10
22.4443650813896
 20
-0.4499999999999975
 30
0.0
 11
22.894365081389594
 21
0.0
 31
0.0
  0
LINE
  5
523
330
17
100
AcDbEntity
  8
hatch
100
AcDbLine
 10
22.30294372515229
 20
-0.4499999999999993
 30
0.0
 11
22.75294372515229
 21
0.0
 31
0.0
  0
LINE
  5
524
330
17
100
AcDbEntity
  8
hatch
100
AcDbLine
 10
22.16152236891498
 20
-0.4499999999999975
 30
0.0
 11
22.611522368914976
 21
1.7763568394002505e-15
 31
0.0
  0
LINE
  5
525
330
17
100
AcDbEntity
  8
hatch
100
AcDbLine
 10
22.02010101267767
 20
-0.4499999999999975
 30
0.0
 11
22.470101012677667
 21
1.7763568394002505e-15
 31
0.0
  0
LINE
  5
526
330
17
100
AcDbEntity
  8
hatch
100
AcDbLine
 10
21.87867965644036
 20
-0.4499999999999975
 30
0.0
 11
22.328679656440357
 21
1.7763568394002505e-15
 31
0.0
  0
LINE
  5
527
330
17
100
AcDbEntity
  8
hatch
100
AcDbLine
 10
21.737258300203052
 20
-0.4499999999999975
 30
0.0
 11
22.187258300203048
 21
1.7763568394002505e-15
 31
0.0
  0
LINE
  5
528
330
17
100
AcDbEntity
  8
hatch
100
AcDbLine
 10
21.595836943965743
 20
-0.4499999999999975
 30
0.0
 11
22.04583694396574
 21
1.7763568394002505e-15
 31
0.0
  0
LINE
  5
529
330
17
100
AcDbEntity
  8
hatch
100
AcDbLine
 10
21.45441558772843
 20
-0.4499999999999993
 30
0.0
 11
21.90441558772843
 21
0.0
 31
0.0
  0
LINE
  5
52A
330
17
100
AcDbEntity
  8
hatch
100
AcDbLine
 10
21.31299423149112
 20
-0.4499999999999993
 30
0.0
 11
21.76299423149112
 21
0.0
 31
0.0
  0
LINE
  5
52B
330
17
100
AcDbEntity
  8
hatch
100
AcDbLine
 10
21.171572875253812
 20
-0.4499999999999993
 30
0.0
 11
21.62157287525381
 21
0.0
 31
0.0
  0
LINE
  5
52C
330
17
100
AcDbEntity
  8
hatch
100
AcDbLine
 10
21.030151519016503
 20
-0.4499999999999975
 30
0.0
 11
21.480151519016502
 21
0.0
 31
0.0
  0
LINE
  5
52D
330
17
100
AcDbEntity
  8
hatch
100
AcDbLine
 10
20.888730162779197
 20
-0.4499999999999975
 30
0.0
 11
21.338730162779193
 21
0.0
 31
0.0
  0
LINE
  5
52E
330
17
100
AcDbEntity
  8
hatch
100
AcDbLine
 10
20.74730880654188
 20
-0.4499999999999993
 30
0.0
 11
21.197308806541884
 21
1.7763568394002505e-15
 31
0.0
  0
LINE
  5
52F
330
17
100
AcDbEntity
  8
hatch
100
AcDbLine
 10
20.605887450304575
 20
-0.4499999999999975
 30
0.0
 11
21.055887450304574
 21
1.7763568394002505e-15
 31
0.0
  0
LINE
  5
530
330
17
100
AcDbEntity
  8
hatch
100
AcDbLine
 10
20.464466094067266
 20
-0.4499999999999975
 30
0.0
 11
20.914466094067265
 21
1.7763568394002505e-15
 31
0.0
  0
LINE
  5
531
330
17
100
AcDbEntity
  8
hatch
100
AcDbLine
 10
20.323044737829957
 20
-0.4499999999999993
 30
0.0
 11
20.773044737829956
 21
0.0
 31
0.0
  0
LINE
  5
532
330
17
100
AcDbEntity
  8
hatch
100
AcDbLine
 10
20.181623381592644
 20
-0.4499999999999993
 30
0.0
 11
20.631623381592647
 21
0.0
 31
0.0
  0
LINE
  5
533
330
17
100
AcDbEntity
  8
hatch
100
AcDbLine
 10
20.040202025355335
 20
-0.4499999999999993
 30
0.0
 11
20.490202025355334
 21
0.0
 31
0.0
  0
LINE
  5
534
330
17
100
AcDbEntity
  8
hatch
100
AcDbLine
 10
19.898780669118025
 20
-0.4499999999999975
 30
0.0
 11
20.348780669118025
 21
1.7763568394002505e-15
 31
0.0
  0
LINE
  5
535
330
17
100
AcDbEntity
  8
hatch
100
AcDbLine
 10
19.757359312880716
 20
-0.4499999999999975
 30
0.0
 11
20.20735931288072
 21
1.7763568394002505e-15
 31
0.0
  0
LINE
  5
536
330
17
100
AcDbEntity
  8
hatch
100
AcDbLine
 10
19.615937956643407
 20
-0.4499999999999993
 30
0.0
 11
20.06593795664341
 21
1.7763568394002505e-15
 31
0.0
  0
LINE
  5
537
330
17
100
AcDbEntity
  8
hatch
100
AcDbLine
 10
19.474516600406098
 20
-0.4499999999999993
 30
0.0
 11
19.9245166004061
 21
1.7763568394002505e-15
 31
0.0
  0
LINE
  5
538
330
17
100
AcDbEntity
  8
hatch
100
AcDbLine
 10
19.33309524416879
 20
-0.4499999999999993
 30
0.0
 11
19.783095244168788
 21
0.0
 31
0.0
  0
LINE
  5
539
330
17
100
AcDbEntity
  8
hatch
100
AcDbLine
 10
19.19167388793148
 20
-0.4499999999999993
 30
0.0
 11
19.64167388793148
 21
0.0
 31
0.0
  0
LINE
  5
53A
330
17
100
AcDbEntity
  8
hatch
100
AcDbLine
 10
19.05025253169417
 20
-0.4499999999999993
 30
0.0
 11
19.50025253169417
 21
0.0
 31
0.0
  0
LINE
  5
53B
330
17
100
AcDbEntity
  8
hatch
100
AcDbLine
 10
18.90883117545686
 20
-0.4499999999999993
 30
0.0
 11
19.35883117545686
 21
0.0
 31
0.0
  0
LINE
  5
53C
330
17
100
AcDbEntity
  8
hatch
100
AcDbLine
 10
18.76740981921955
 20
-0.4499999999999993
 30
0.0
 11
19.21740981921955
 21
0.0
 31
0.0
  0
LINE
  5
53D
330
17
100
AcDbEntity
  8
hatch
100
AcDbLine
 10
18.625988462982242
 20
-0.4499999999999975
 30
0.0
 11
19.075988462982238
 21
1.7763568394002505e-15
 31
0.0
  0
LINE
  5
53E
330
17
100
AcDbEntity
  8
hatch
100
AcDbLine
 10
18.48456710674493
 20
-0.4499999999999993
 30
0.0
 11
18.93456710674493
 21
0.0
 31
0.0
  0
LINE
  5
53F
330
17
100
AcDbEntity
  8
hatch
100
AcDbLine
 10
18.34314575050762
 20
-0.4499999999999993
 30
0.0
 11
18.79314575050762
 21
1.7763568394002505e-15
 31
0.0
  0
LINE
  5
540
330
17
100
AcDbEntity
  8
hatch
100
AcDbLine
 10
18.201724394270308
 20
-0.4499999999999993
 30
0.0
 11
18.65172439427031
 21
0.0
 31
0.0
  0
LINE
  5
541
330
17
100
AcDbEntity
  8
hatch
100
AcDbLine
 10
18.060303038033005
 20
-0.4499999999999975
 30
0.0
 11
18.510303038033005
 21
1.7763568394002505e-15
 31
0.0
  0
LINE
  5
542
330
17
100
AcDbEntity
  8
hatch
100
AcDbLine
 10
17.918881681795693
 20
-0.4499999999999993
 30
0.0
 11
18.368881681795692
 21
0.0
 31
0.0
  0
LINE
  5
543
330
17
100
AcDbEntity
  8
hatch
100
AcDbLine
 10
17.777460325558383
 20
-0.4499999999999993
 30
0.0
 11
18.227460325558383
 21
0.0
 31
0.0
  0
LINE
  5
544
330
17
100
AcDbEntity
  8
hatch
100
AcDbLine
 10
17.636038969321074
 20
-0.4499999999999993
 30
0.0
 11
18.086038969321073
 21
0.0
 31
0.0
  0
LINE
  5
545
330
17
100
AcDbEntity
  8
hatch
100
AcDbLine
 10
17.49461761308376
 20
-0.4499999999999975
 30
0.0
 11
17.944617613083764
 21
1.7763568394002505e-15
 31
0.0
  0
LINE
  5
546
330
17
100
AcDbEntity
  8
hatch
100
AcDbLine
 10
17.353196256846456
 20
-0.4499999999999975
 30
0.0
 11
17.803196256846455
 21
1.7763568394002505e-15
 31
0.0
  0
LINE
  5
547
330
17
100
AcDbEntity
  8
hatch
100
AcDbLine
 10
17.211774900609143
 20
-0.4499999999999993
 30
0.0
 11
17.661774900609146
 21
1.7763568394002505e-15
 31
0.0
  0
LINE
  5
548
330
17
100
AcDbEntity
  8
hatch
100
AcDbLine
 10
17.070353544371834
 20
-0.4499999999999993
 30
0.0
 11
17.520353544371837
 21
0.0
 31
0.0
  0
LINE
  5
549
330
17
100
AcDbEntity
  8
hatch
100
AcDbLine
 10
16.928932188134528
 20
-0.4499999999999975
 30
0.0
 11
17.378932188134527
 21
1.7763568394002505e-15
 31
0.0
  0
LINE
  5
54A
330
17
100
AcDbEntity
  8
hatch
100
AcDbLine
 10
16.787510831897215
 20
-0.4499999999999975
 30
0.0
 11
17.237510831897215
 21
0.0
 31
0.0
  0
LINE
  5
54B
330
17
100
AcDbEntity
  8
hatch
100
AcDbLine
 10
16.646089475659906
 20
-0.4499999999999993
 30
0.0
 11
17.09608947565991
 21
0.0
 31
0.0
  0
LINE
  5
54C
330
17
100
AcDbEntity
  8
hatch
100
AcDbLine
 10
16.504668119422597
 20
-0.4499999999999993
 30
0.0
 11
16.954668119422596
 21
1.7763568394002505e-15
 31
0.0
  0
LINE
  5
54D
330
17
100
AcDbEntity
  8
hatch
100
AcDbLine
 10
16.363246763185288
 20
-0.4499999999999975
 30
0.0
 11
16.813246763185287
 21
0.0
 31
0.0
  0
LINE
  5
54E
330
17
100
AcDbEntity
  8
hatch
100
AcDbLine
 10
16.22182540694798
 20
-0.4499999999999975
 30
0.0
 11
16.671825406947978
 21
1.7763568394002505e-15
 31
0.0
  0
LINE
  5
54F
330
17
100
AcDbEntity
  8
hatch
100
AcDbLine
 10
16.08040405071067
 20
-0.4499999999999984
 30
0.0
 11
16.530404050710665
 21
0.0
 31
0.0
  0
LINE
  5
550
330
17
100
AcDbEntity
  8
hatch
100
AcDbLine
 10
15.93898269447336
 20
-0.4499999999999984
 30
0.0
 11
16.388982694473363
 21
1.7763568394002505e-15
 31
0.0
  0
LINE
  5
551
330
17
100
AcDbEntity
  8
hatch
100
AcDbLine
 10
15.79756133823605
 20
-0.4500000000000002
 30
0.0
 11
16.247561338236046
 21
0.0
 31
0.0
  0
LINE
  5
552
330
17
100
AcDbEntity
  8
hatch
100
AcDbLine
 10
15.656139981998741
 20
-0.4499999999999984
 30
0.0
 11
16.106139981998737
 21
0.0
 31
0.0
  0
LINE
  5
553
330
17
100
AcDbEntity
  8
hatch
100
AcDbLine
 10
15.514718625761432
 20
-0.4499999999999984
 30
0.0
 11
15.964718625761432
 21
0.0
 31
0.0
  0
LINE
  5
554
330
17
100
AcDbEntity
  8
hatch
100
AcDbLine
 10
15.37329726952412
 20
-0.4499999999999993
 30
0.0
 11
15.82329726952412
 21
8.881784197001252e-16
 31
0.0
  0
LINE
  5
555
330
17
100
AcDbEntity
  8
hatch
100
AcDbLine
 10
15.231875913286814
 20
-0.4499999999999993
 30
0.0
 11
15.681875913286813
 21
0.0
 31
0.0
  0
LINE
  5
556
330
17
100
AcDbEntity
  8
hatch
100
AcDbLine
 10
15.090454557049503
 20
-0.4499999999999975
 30
0.0
 11
15.540454557049502
 21
1.7763568394002505e-15
 31
0.0
  0
LINE
  5
557
330
17
100
AcDbEntity
  8
hatch
100
AcDbLine
 10
14.949033200812192
 20
-0.4499999999999984
 30
0.0
 11
15.399033200812191
 21
0.0
 31
0.0
  0
LINE
  5
558
330
17
100
AcDbEntity
  8
hatch
100
AcDbLine
 10
14.807611844574883
 20
-0.4499999999999984
 30
0.0
 11
15.257611844574884
 21
1.7763568394002505e-15
 31
0.0
  0
LINE
  5
559
330
17
100
AcDbEntity
  8
hatch
100
AcDbLine
 10
14.666190488337573
 20
-0.4499999999999984
 30
0.0
 11
15.116190488337573
 21
0.0
 31
0.0
  0
LINE
  5
55A
330
17
100
AcDbEntity
  8
hatch
100
AcDbLine
 10
14.524769132100268
 20
-0.4499999999999984
 30
0.0
 11
14.974769132100267
 21
8.881784197001252e-16
 31
0.0
  0
LINE
  5
55B
330
17
100
AcDbEntity
  8
hatch
100
AcDbLine
 10
14.383347775862955
 20
-0.4499999999999984
 30
0.0
 11
14.833347775862954
 21
8.881784197001252e-16
 31
0.0
  0
LINE
  5
55C
330
17
100
AcDbEntity
  8
hatch
100
AcDbLine
 10
14.241926419625646
 20
-0.4499999999999993
 30
0.0
 11
14.691926419625645
 21
0.0
 31
0.0
  0
LINE
  5
55D
330
17
100
AcDbEntity
  8
hatch
100
AcDbLine
 10
14.100505063388336
 20
-0.4499999999999993
 30
0.0
 11
14.550505063388336
 21
0.0
 31
0.0
  0
LINE
  5
55E
330
17
100
AcDbEntity
  8
hatch
100
AcDbLine
 10
13.959083707151024
 20
-0.4499999999999984
 30
0.0
 11
14.409083707151023
 21
8.881784197001252e-16
 31
0.0
  0
LINE
  5
55F
330
17
100
AcDbEntity
  8
hatch
100
AcDbLine
 10
13.817662350913718
 20
-0.4499999999999993
 30
0.0
 11
14.267662350913717
 21
0.0
 31
0.0
  0
LINE
  5
560
330
17
100
AcDbEntity
  8
hatch
100
AcDbLine
 10
13.676240994676405
 20
-0.4499999999999993
 30
0.0
 11
14.126240994676404
 21
0.0
 31
0.0
  0
LINE
  5
561
330
17
100
AcDbEntity
  8
hatch
100
AcDbLine
 10
13.534819638439098
 20
-0.4499999999999993
 30
0.0
 11
13.984819638439097
 21
0.0
 31
0.0
  0
LINE
  5
562
330
17
100
AcDbEntity
  8
hatch
100
AcDbLine
 10
13.393398282201789
 20
-0.4499999999999993
 30
0.0
 11
13.843398282201788
 21
0.0
 31
0.0
  0
LINE
  5
563
330
17
100
AcDbEntity
  8
hatch
100
AcDbLine
 10
13.251976925964478
 20
-0.4499999999999984
 30
0.0
 11
13.701976925964477
 21
8.881784197001252e-16
 31
0.0
  0
LINE
  5
564
330
17
100
AcDbEntity
  8
hatch
100
AcDbLine
 10
13.110555569727172
 20
-0.4499999999999984
 30
0.0
 11
13.560555569727171
 21
0.0
 31
0.0
  0
LINE
  5
565
330
17
100
AcDbEntity
  8
hatch
100
AcDbLine
 10
12.969134213489859
 20
-0.4499999999999993
 30
0.0
 11
13.41913421348986
 21
8.881784197001252e-16
 31
0.0
  0
LINE
  5
566
330
17
100
AcDbEntity
  8
hatch
100
AcDbLine
 10
12.82771285725255
 20
-0.4499999999999993
 30
0.0
 11
13.27771285725255
 21
0.0
 31
0.0
  0
LINE
  5
567
330
17
100
AcDbEntity
  8
hatch
100
AcDbLine
 10
12.686291501015242
 20
-0.4499999999999975
 30
0.0
 11
13.136291501015242
 21
1.7763568394002505e-15
 31
0.0
  0
LINE
  5
568
330
17
100
AcDbEntity
  8
hatch
100
AcDbLine
 10
12.544870144777931
 20
-0.4499999999999984
 30
0.0
 11
12.99487014477793
 21
0.0
 31
0.0
  0
LINE
  5
569
330
17
100
AcDbEntity
  8
hatch
100
AcDbLine
 10
12.40344878854062
 20
-0.4499999999999993
 30
0.0
 11
12.85344878854062
 21
0.0
 31
0.0
  0
LINE
  5
56A
330
17
100
AcDbEntity
  8
hatch
100
AcDbLine
 10
12.262027432303313
 20
-0.4499999999999984
 30
0.0
 11
12.71202743230331
 21
0.0
 31
0.0
  0
LINE
  5
56B
330
17
100
AcDbEntity
  8
hatch
100
AcDbLine
 10
12.120606076066004
 20
-0.4499999999999984
 30
0.0
 11
12.570606076066003
 21
0.0
 31
0.0
  0
LINE
  5
56C
330
17
100
AcDbEntity
  8
hatch
100
AcDbLine
 10
11.979184719828694
 20
-0.4499999999999984
 30
0.0
 11
12.429184719828694
 21
8.881784197001252e-16
 31
0.0
  0
LINE
  5
56D
330
17
100
AcDbEntity
  8
hatch
100
AcDbLine
 10
11.837763363591385
 20
-0.4499999999999984
 30
0.0
 11
12.287763363591385
 21
8.881784197001252e-16
 31
0.0
  0
LINE
  5
56E
330
17
100
AcDbEntity
  8
hatch
100
AcDbLine
 10
11.696342007354072
 20
-0.4499999999999993
 30
0.0
 11
12.146342007354072
 21
0.0
 31
0.0
  0
LINE
  5
56F
330
17
100
AcDbEntity
  8
hatch
100
AcDbLine
 10
11.554920651116763
 20
-0.4499999999999993
 30
0.0
 11
12.004920651116763
 21
8.881784197001252e-16
 31
0.0
  0
LINE
  5
570
330
17
100
AcDbEntity
  8
hatch
100
AcDbLine
 10
11.413499294879454
 20
-0.4499999999999993
 30
0.0
 11
11.863499294879453
 21
8.881784197001252e-16
 31
0.0
  0
LINE
  5
571
330
17
100
AcDbEntity
  8
hatch
100
AcDbLine
 10
11.272077938642145
 20
-0.4499999999999993
 30
0.0
 11
11.722077938642144
 21
8.881784197001252e-16
 31
0.0
  0
LINE
  5
572
330
17
100
AcDbEntity
  8
hatch
100
AcDbLine
 10
11.130656582404836
 20
-0.4500000000000002
 30
0.0
 11
11.580656582404837
 21
0.0
 31
0.0
  0
LINE
  5
573
330
17
100
AcDbEntity
  8
hatch
100
AcDbLine
 10
10.989235226167523
 20
-0.4500000000000002
 30
0.0
 11
11.439235226167526
 21
8.881784197001252e-16
 31
0.0
  0
LINE
  5
574
330
17
100
AcDbEntity
  8
hatch
100
AcDbLine
 10
10.847813869930215
 20
-0.4499999999999993
 30
0.0
 11
11.297813869930216
 21
8.881784197001252e-16
 31
0.0
  0
LINE
  5
575
330
17
100
AcDbEntity
  8
hatch
100
AcDbLine
 10
10.706392513692906
 20
-0.4500000000000002
 30
0.0
 11
11.156392513692905
 21
0.0
 31
0.0
  0
LINE
  5
576
330
17
100
AcDbEntity
  8
hatch
100
AcDbLine
 10
10.564971157455599
 20
-0.4500000000000002
 30
0.0
 11
11.014971157455598
 21
0.0
 31
0.0
  0
LINE
  5
577
330
17
100
AcDbEntity
  8
hatch
100
AcDbLine
 10
10.423549801218286
 20
-0.4500000000000002
 30
0.0
 11
10.873549801218285
 21
8.881784197001252e-16
 31
0.0
  0
LINE
  5
578
330
17
100
AcDbEntity
  8
hatch
100
AcDbLine
 10
10.282128444980977
 20
-0.4499999999999993
 30
0.0
 11
10.732128444980976
 21
8.881784197001252e-16
 31
0.0
  0
LINE
  5
579
330
17
100
AcDbEntity
  8
hatch
100
AcDbLine
 10
10.140707088743667
 20
-0.45000000000000107
 30
0.0
 11
10.590707088743667
 21
-8.881784197001252e-16
 31
0.0
  0
LINE
  5
57A
330
17
100
AcDbEntity
  8
hatch
100
AcDbLine
 10
9.999285732506358
 20
-0.4500000000000002
 30
0.0
 11
10.44928573250636
 21
0.0
 31
0.0
  0
LINE
  5
57B
330
17
100
AcDbEntity
  8
hatch
100
AcDbLine
 10
9.857864376269049
 20
-0.45000000000000107
 30
0.0
 11
10.30786437626905
 21
0.0
 31
0.0
  0
LINE
  5
57C
330
17
100
AcDbEntity
  8
hatch
100
AcDbLine
 10
9.71644302003174
 20
-0.4500000000000002
 30
0.0
 11
10.166443020031739
 21
0.0
 31
0.0
  0
LINE
  5
57D
330
17
100
AcDbEntity
  8
hatch
100
AcDbLine
 10
9.575021663794429
 20
-0.45000000000000107
 30
0.0
 11
10.02502166379443
 21
-8.881784197001252e-16
 31
0.0
  0
LINE
  5
57E
330
17
100
AcDbEntity
  8
hatch
100
AcDbLine
 10
9.433600307557121
 20
-0.4500000000000002
 30
0.0
 11
9.88360030755712
 21
0.0
 31
0.0
  0
LINE
  5
57F
330
17
100
AcDbEntity
  8
hatch
100
AcDbLine
 10
9.29217895131981
 20
-0.4500000000000002
 30
0.0
 11
9.742178951319811
 21
0.0
 31
0.0
  0
LINE
  5
580
330
17
100
AcDbEntity
  8
hatch
100
AcDbLine
 10
9.150757595082503
 20
-0.4500000000000002
 30
0.0
 11
9.600757595082502
 21
8.881784197001252e-16
 31
0.0
  0
LINE
  5
581
330
17
100
AcDbEntity
  8
hatch
100
AcDbLine
 10
9.00933623884519
 20
-0.4500000000000002
 30
0.0
 11
9.459336238845191
 21
0.0
 31
0.0
  0
LINE
  5
582
330
17
100
AcDbEntity
  8
hatch
100
AcDbLine
 10
8.86791488260788
 20
-0.4500000000000002
 30
0.0
 11
9.31791488260788
 21
-8.881784197001252e-16
 31
0.0
  0
LINE
  5
583
330
17
100
AcDbEntity
  8
hatch
100
AcDbLine
 10
8.726493526370572
 20
-0.4500000000000002
 30
0.0
 11
9.176493526370573
 21
8.881784197001252e-16
 31
0.0
  0
LINE
  5
584
330
17
100
AcDbEntity
  8
hatch
100
AcDbLine
 10
8.585072170133262
 20
-0.4500000000000002
 30
0.0
 11
9.035072170133263
 21
8.881784197001252e-16
 31
0.0
  0
LINE
  5
585
330
17
100
AcDbEntity
  8
hatch
100
AcDbLine
 10
8.443650813895955
 20
-0.44999999999999973
 30
0.0
 11
8.893650813895956
 21
8.881784197001252e-16
 31
0.0
  0
LINE
  5
586
330
17
100
AcDbEntity
  8
hatch
100
AcDbLine
 10
8.302229457658642
 20
-0.4500000000000006
 30
0.0
 11
8.752229457658643
 21
-8.881784197001252e-16
 31
0.0
  0
LINE
  5
587
330
17
100
AcDbEntity
  8
hatch
100
AcDbLine
 10
8.160808101421335
 20
-0.44999999999999973
 30
0.0
 11
8.610808101421334
 21
8.881784197001252e-16
 31
0.0
  0
LINE
  5
588
330
17
100
AcDbEntity
  8
hatch
100
AcDbLine
 10
8.019386745184024
 20
-0.4500000000000002
 30
0.0
 11
8.469386745184025
 21
8.881784197001252e-16
 31
0.0
  0
LINE
  5
589
330
17
100
AcDbEntity
  8
hatch
100
AcDbLine
 10
7.877965388946716
 20
-0.4499999999999993
 30
0.0
 11
8.327965388946717
 21
8.881784197001252e-16
 31
0.0
  0
LINE
  5
58A
330
17
100
AcDbEntity
  8
hatch
100
AcDbLine
 10
7.736544032709407
 20
-0.4500000000000002
 30
0.0
 11
8.186544032709406
 21
0.0
 31
0.0
  0
LINE
  5
58B
330
17
100
AcDbEntity
  8
hatch
100
AcDbLine
 10
7.595122676472095
 20
-0.44999999999999973
 30
0.0
 11
8.045122676472095
 21
8.881784197001252e-16
 31
0.0
  0
LINE
  5
58C
330
17
100
AcDbEntity
  8
hatch
100
AcDbLine
 10
7.453701320234786
 20
-0.4500000000000002
 30
0.0
 11
7.903701320234787
 21
8.881784197001252e-16
 31
0.0
  0
LINE
  5
58D
330
17
100
AcDbEntity
  8
hatch
100
AcDbLine
 10
7.312279963997478
 20
-0.44999999999999973
 30
0.0
 11
7.762279963997478
 21
4.440892098500626e-16
 31
0.0
  0
LINE
  5
58E
330
17
100
AcDbEntity
  8
hatch
100
AcDbLine
 10
7.170858607760168
 20
-0.4500000000000002
 30
0.0
 11
7.620858607760168
 21
-4.440892098500626e-16
 31
0.0
  0
LINE
  5
58F
330
17
100
AcDbEntity
  8
hatch
100
AcDbLine
 10
7.029437251522859
 20
-0.44999999999999973
 30
0.0
 11
7.47943725152286
 21
8.881784197001252e-16
 31
0.0
  0
LINE
  5
590
330
17
100
AcDbEntity
  8
hatch
100
AcDbLine
 10
6.888015895285547
 20
-0.4500000000000006
 30
0.0
 11
7.338015895285548
 21
4.440892098500626e-16
 31
0.0
  0
LINE
  5
591
330
17
100
AcDbEntity
  8
hatch
100
AcDbLine
 10
6.746594539048239
 20
-0.4500000000000002
 30
0.0
 11
7.19659453904824
 21
4.440892098500626e-16
 31
0.0
  0
LINE
  5
592
330
17
100
AcDbEntity
  8
hatch
100
AcDbLine
 10
6.60517318281093
 20
-0.4500000000000002
 30
0.0
 11
7.055173182810929
 21
-4.440892098500626e-16
 31
0.0
  0
LINE
  5
593
330
17
100
AcDbEntity
  8
hatch
100
AcDbLine
 10
6.4637518265736205
 20
-0.4500000000000002
 30
0.0
 11
6.91375182657362
 21
-4.440892098500626e-16
 31
0.0
  0
LINE
  5
594
330
17
100
AcDbEntity
  8
hatch
100
AcDbLine
 10
6.322330470336311
 20
-0.4500000000000002
 30
0.0
 11
6.772330470336312
 21
8.881784197001252e-16
 31
0.0
  0
LINE
  5
595
330
17
100
AcDbEntity
  8
hatch
100
AcDbLine
 10
6.180909114099
 20
-0.4500000000000002
 30
0.0
 11
6.630909114099001
 21
8.881784197001252e-16
 31
0.0
  0
LINE
  5
596
330
17
100
AcDbEntity
  8
hatch
100
AcDbLine
 10
6.039487757861691
 20
-0.44999999999999973
 30
0.0
 11
6.48948775786169
 21
-4.440892098500626e-16
 31
0.0
  0
LINE
  5
597
330
17
100
AcDbEntity
  8
hatch
100
AcDbLine
 10
5.898066401624382
 20
-0.44999999999999973
 30
0.0
 11
6.348066401624381
 21
-4.440892098500626e-16
 31
0.0
  0
LINE
  5
598
330
17
100
AcDbEntity
  8
hatch
100
AcDbLine
 10
5.7566450453870734
 20
-0.4500000000000002
 30
0.0
 11
6.206645045387074
 21
4.440892098500626e-16
 31
0.0
  0
LINE
  5
599
330
17
100
AcDbEntity
  8
hatch
100
AcDbLine
 10
5.615223689149764
 20
-0.44999999999999973
 30
0.0
 11
6.065223689149765
 21
8.881784197001252e-16
 31
0.0
  0
LINE
  5
59A
330
17
100
AcDbEntity
  8
hatch
100
AcDbLine
 10
5.473802332912452
 20
-0.44999999999999973
 30
0.0
 11
5.923802332912452
 21
-4.440892098500626e-16
 31
0.0
  0
LINE
  5
59B
330
17
100
AcDbEntity
  8
hatch
100
AcDbLine
 10
5.332380976675143
 20
-0.4500000000000002
 30
0.0
 11
5.782380976675143
 21
-8.881784197001252e-16
 31
0.0
  0
LINE
  5
59C
330
17
100
AcDbEntity
  8
hatch
100
AcDbLine
 10
5.190959620437835
 20
-0.44999999999999973
 30
0.0
 11
5.640959620437836
 21
8.881784197001252e-16
 31
0.0
  0
LINE
  5
59D
330
17
100
AcDbEntity
  8
hatch
100
AcDbLine
 10
5.049538264200526
 20
-0.44999999999999973
 30
0.0
 11
5.499538264200527
 21
8.881784197001252e-16
 31
0.0
  0
LINE
  5
59E
330
17
100
AcDbEntity
  8
hatch
100
AcDbLine
 10
4.908116907963217
 20
-0.44999999999999973
 30
0.0
 11
5.3581169079632165
 21
-4.440892098500626e-16
 31
0.0
  0
LINE
  5
59F
330
17
100
AcDbEntity
  8
hatch
100
AcDbLine
 10
4.766695551725905
 20
-0.44999999999999973
 30
0.0
 11
5.2166955517259055
 21
-4.440892098500626e-16
 31
0.0
  0
LINE
  5
5A0
330
17
100
AcDbEntity
  8
hatch
100
AcDbLine
 10
4.625274195488597
 20
-0.44999999999999973
 30
0.0
 11
5.075274195488596
 21
-4.440892098500626e-16
 31
0.0
  0
LINE
  5
5A1
330
17
100
AcDbEntity
  8
hatch
100
AcDbLine
 10
4.483852839251288
 20
-0.44999999999999973
 30
0.0
 11
4.933852839251288
 21
8.881784197001252e-16
 31
0.0
  0
LINE
  5
5A2
330
17
100
AcDbEntity
  8
hatch
100
AcDbLine
 10
4.3424314830139785
 20
-0.44999999999999996
 30
0.0
 11
4.792431483013978
 21
0.0
 31
0.0
  0
LINE
  5
5A3
330
17
100
AcDbEntity
  8
hatch
100
AcDbLine
 10
4.201010126776669
 20
-0.4500000000000002
 30
0.0
 11
4.651010126776669
 21
-4.440892098500626e-16
 31
0.0
  0
LINE
  5
5A4
330
17
100
AcDbEntity
  8
hatch
100
AcDbLine
 10
4.059588770539357
 20
-0.44999999999999996
 30
0.0
 11
4.509588770539358
 21
-4.440892098500626e-16
 31
0.0
  0
LINE
  5
5A5
330
17
100
AcDbEntity
  8
hatch
100
AcDbLine
 10
3.918167414302048
 20
-0.44999999999999996
 30
0.0
 11
4.368167414302049
 21
8.881784197001252e-16
 31
0.0
  0
LINE
  5
5A6
330
17
100
AcDbEntity
  8
hatch
100
AcDbLine
 10
3.77674605806474
 20
-0.4500000000000002
 30
0.0
 11
4.226746058064741
 21
8.881784197001252e-16
 31
0.0
  0
LINE
  5
5A7
330
17
100
AcDbEntity
  8
hatch
100
AcDbLine
 10
3.6353247018274306
 20
-0.4500000000000002
 30
0.0
 11
4.08532470182743
 21
-4.440892098500626e-16
 31
0.0
  0
LINE
  5
5A8
330
17
100
AcDbEntity
  8
hatch
100
AcDbLine
 10
3.4939033455901214
 20
-0.44999999999999996
 30
0.0
 11
3.9439033455901216
 21
-2.220446049250313e-16
 31
0.0
  0
LINE
  5
5A9
330
17
100
AcDbEntity
  8
hatch
100
AcDbLine
 10
3.35248198935281
 20
-0.44999999999999996
 30
0.0
 11
3.8024819893528097
 21
-4.440892098500626e-16
 31
0.0
  0
LINE
  5
5AA
330
17
100
AcDbEntity
  8
hatch
100
AcDbLine
 10
3.2110606331155007
 20
-0.4500000000000002
 30
0.0
 11
3.6610606331155022
 21
1.1102230246251565e-15
 31
0.0
  0
LINE
  5
5AB
330
17
100
AcDbEntity
  8
hatch
100
AcDbLine
 10
3.069639276878192
 20
-0.4500000000000002
 30
0.0
 11
3.519639276878192
 21
-2.220446049250313e-16
 31
0.0
  0
LINE
  5
5AC
330
17
100
AcDbEntity
  8
hatch
100
AcDbLine
 10
2.9282179206408827
 20
-0.4500000000000002
 30
0.0
 11
3.378217920640883
 21
-2.220446049250313e-16
 31
0.0
  0
LINE
  5
5AD
330
17
100
AcDbEntity
  8
hatch
100
AcDbLine
 10
2.786796564403574
 20
-0.4500000000000002
 30
0.0
 11
3.2367965644035737
 21
-2.220446049250313e-16
 31
0.0
  0
LINE
  5
5AE
330
17
100
AcDbEntity
  8
hatch
100
AcDbLine
 10
2.6453752081662625
 20
-0.44999999999999996
 30
0.0
 11
3.0953752081662635
 21
8.881784197001252e-16
 31
0.0
  0
LINE
  5
5AF
330
17
100
AcDbEntity
  8
hatch
100
AcDbLine
 10
2.5039538519289533
 20
-0.44999999999999996
 30
0.0
 11
2.9539538519289534
 21
-2.220446049250313e-16
 31
0.0
  0
LINE
  5
5B0
330
17
100
AcDbEntity
  8
hatch
100
AcDbLine
 10
2.3625324956916445
 20
-0.45000000000000007
 30
0.0
 11
2.812532495691644
 21
-2.220446049250313e-16
 31
0.0
  0
LINE
  5
5B1
330
17
100
AcDbEntity
  8
hatch
100
AcDbLine
 10
2.2211111394543357
 20
-0.44999999999999996
 30
0.0
 11
2.671111139454335
 21
-2.220446049250313e-16
 31
0.0
  0
LINE
  5
5B2
330
17
100
AcDbEntity
  8
hatch
100
AcDbLine
 10
2.0796897832170265
 20
-0.44999999999999984
 30
0.0
 11
2.5296897832170275
 21
1.1102230246251565e-15
 31
0.0
  0
LINE
  5
5B3
330
17
100
AcDbEntity
  8
hatch
100
AcDbLine
 10
1.9382684269797146
 20
-0.44999999999999996
 30
0.0
 11
2.3882684269797148
 21
-2.220446049250313e-16
 31
0.0
  0
LINE
  5
5B4
330
17
100
AcDbEntity
  8
hatch
100
AcDbLine
 10
1.7968470707424058
 20
-0.45000000000000007
 30
0.0
 11
2.2468470707424055
 21
-2.220446049250313e-16
 31
0.0
  0
LINE
  5
5B5
330
17
100
AcDbEntity
  8
hatch
100
AcDbLine
 10
1.655425714505097
 20
-0.44999999999999996
 30
0.0
 11
2.1054257145050967
 21
0.0
 31
0.0
  0
LINE
  5
5B6
330
17
100
AcDbEntity
  8
hatch
100
AcDbLine
 10
1.5140043582677878
 20
-0.44999999999999996
 30
0.0
 11
1.9640043582677889
 21
1.1102230246251565e-15
 31
0.0
  0
LINE
  5
5B7
330
17
100
AcDbEntity
  8
hatch
100
AcDbLine
 10
1.3725830020304788
 20
-0.44999999999999996
 30
0.0
 11
1.8225830020304787
 21
-1.1102230246251565e-16
 31
0.0
  0
LINE
  5
5B8
330
17
100
AcDbEntity
  8
hatch
100
AcDbLine
 10
1.2311616457931673
 20
-0.44999999999999996
 30
0.0
 11
1.6811616457931673
 21
-1.1102230246251565e-16
 31
0.0
  0
LINE
  5
5B9
330
17
100
AcDbEntity
  8
hatch
100
AcDbLine
 10
1.0897402895558608
 20
-0.4499999999999999
 30
0.0
 11
1.5397402895558607
 21
-1.1102230246251565e-16
 31
0.0
  0
LINE
  5
5BA
330
17
100
AcDbEntity
  8
hatch
100
AcDbLine
 10
0.9483189333185493
 20
-0.44999999999999996
 30
0.0
 11
1.3983189333185493
 21
-1.1102230246251565e-16
 31
0.0
  0
LINE
  5
5BB
330
17
100
AcDbEntity
  8
hatch
100
AcDbLine
 10
0.8068975770812378
 20
-0.44999999999999996
 30
0.0
 11
1.2568975770812378
 21
-1.1102230246251565e-16
 31
0.0
  0
LINE
  5
5BC
330
17
100
AcDbEntity
  8
hatch
100
AcDbLine
 10
0.6654762208439312
 20
-0.44999999999999996
 30
0.0
 11
1.1154762208439313
 21
-1.1102230246251565e-16
 31
0.0
  0
LINE
  5
5BD
330
17
100
AcDbEntity
  8
hatch
100
AcDbLine
 10
0.5240548646066197
 20
-0.44999999999999996
 30
0.0
 11
0.9740548646066196
 21
-5.551115123125783e-17
 31
0.0
  0
LINE
  5
5BE
330
17
100
AcDbEntity
  8
hatch
100
AcDbLine
 10
0.3826335083693132
 20
-0.45
 30
0.0
 11
0.8326335083693133
 21
-5.551115123125783e-17
 31
0.0
  0
LINE
  5
5BF
330
17
100
AcDbEntity
  8
hatch
100
AcDbLine
 10
0.24121215213200164
 20
-0.45
 30
0.0
 11
0.6912121521320016
 21
-5.551115123125783e-17
 31
0.0
  0
LINE
  5
5C0
330
17
100
AcDbEntity
  8
hatch
100
AcDbLine
 10
0.09979079589469012
 20
-0.45
 30
0.0
 11
0.5497907958946902
 21
0.0
 31
0.0
  0
LINE
  5
5C1
330
17
100
AcDbEntity
  8
hatch
100
AcDbLine
 10
2.7755575615628914e-17
 20
-0.4083694396573836
 30
0.0
 11
0.4083694396573837
 21
-2.7755575615628914e-17
 31
0.0
  0
LINE
  5
5C2
330
17
100
AcDbEntity
  8
hatch
100
AcDbLine
 10
0.0
 20
-0.26694808342007215
 30
0.0
 11
0.26694808342007215
 21
0.0
 31
0.0
  0
LINE
  5
5C3
330
17
100
AcDbEntity
  8
hatch
100
AcDbLine
 10
0.0
 20
-0.12552672718276564
 30
0.0
 11
0.12552672718276564
 21
-1.3877787807814457e-17
 31
0.0
  0
LWPOLYLINE
  5
5C4
330
17
100
AcDbEntity
  8
muro-corte
100
AcDbPolyline
 90
4
 70
1
 10
0.0
 20
-0.45
 10
24.0
 20
-0.45
 10
24.0
 20
0.0
 10
0.0
 20
0.0
  0
LWPOLYLINE
  5
5C5
330
17
100
AcDbEntity
  8
sombra
100
AcDbPolyline
 90
4
 70
1
 10
0.0
 20
0.0
 10
24.0
 20
0.0
 10
24.0
 20
6.5
 10
0.0
 20
6.5
  0
LINE
  5
5C6
330
17
100
AcDbEntity
  8
hatch
100
AcDbLine
 10
23.85857864376269
 20
1.7763568394002505e-15
 30
0.0
 11
24.0
 21
0.14142135623731278
 31
0.0
  0
LINE
  5
5C7
330
17
100
AcDbEntity
  8
hatch
100
AcDbLine
 10
23.71715728752538
 20
0.0
 30
0.0
 11
24.0
 21
0.28284271247461845
 31
0.0
  0
LINE
  5
5C8
330
17
100
AcDbEntity
  8
hatch
100
AcDbLine
 10
23.575735931288072
 20
1.7763568394002505e-15
 30
0.0
 11
24.0
 21
0.42426406871193123
 31
0.0
  0
LINE
  5
5C9
330
17
100
AcDbEntity
  8
hatch
100
AcDbLine
 10
23.434314575050763
 20
0.0
 30
0.0
 11
24.0
 21
0.5656854249492369
 31
0.0
  0
LINE
  5
5CA
330
17
100
AcDbEntity
  8
hatch
100
AcDbLine
 10
23.292893218813454
 20
1.7763568394002505e-15
 30
0.0
 11
24.0
 21
0.7071067811865497
 31
0.0
  0
LINE
  5
5CB
330
17
100
AcDbEntity
  8
hatch
100
AcDbLine
 10
23.15147186257614
 20
0.0
 30
0.0
 11
24.0
 21
0.8485281374238589
 31
0.0
  0
LINE
  5
5CC
330
17
100
AcDbEntity
  8
hatch
100
AcDbLine
 10
23.010050506338835
 20
0.0
 30
0.0
 11
24.0
 21
0.9899494936611646
 31
0.0
  0
LINE
  5
5CD
330
17
100
AcDbEntity
  8
hatch
100
AcDbLine
 10
22.868629150101523
 20
0.0
 30
0.0
 11
24.0
 21
1.1313708498984774
 31
0.0
  0
LINE
  5
5CE
330
17
100
AcDbEntity
  8
hatch
100
AcDbLine
 10
22.727207793864217
 20
0.0
 30
0.0
 11
24.0
 21
1.272792206135783
 31
0.0
  0
LINE
  5
5CF
330
17
100
AcDbEntity
  8
hatch
100
AcDbLine
 10
22.585786437626904
 20
0.0
 30
0.0
 11
24.0
 21
1.4142135623730958
 31
0.0
  0
LINE
  5
5D0
330
17
100
AcDbEntity
  8
hatch
100
AcDbLine
 10
22.4443650813896
 20
1.7763568394002505e-15
 30
0.0
 11
24.0
 21
1.5556349186104068
 31
0.0
  0
LINE
  5
5D1
330
17
100
AcDbEntity
  8
hatch
100
AcDbLine
 10
22.30294372515229
 20
1.7763568394002505e-15
 30
0.0
 11
24.0
 21
1.6970562748477143
 31
0.0
  0
LINE
  5
5D2
330
17
100
AcDbEntity
  8
hatch
100
AcDbLine
 10
22.161522368914977
 20
0.0
 30
0.0
 11
24.0
 21
1.8384776310850235
 31
0.0
  0
LINE
  5
5D3
330
17
100
AcDbEntity
  8
hatch
100
AcDbLine
 10
22.020101012677667
 20
0.0
 30
0.0
 11
24.0
 21
1.9798989873223327
 31
0.0
  0
LINE
  5
5D4
330
17
100
AcDbEntity
  8
hatch
100
AcDbLine
 10
21.878679656440355
 20
-1.7763568394002505e-15
 30
0.0
 11
24.0
 21
2.121320343559642
 31
0.0
  0
LINE
  5
5D5
330
17
100
AcDbEntity
  8
hatch
100
AcDbLine
 10
21.73725830020305
 20
0.0
 30
0.0
 11
24.0
 21
2.262741699796953
 31
0.0
  0
LINE
  5
5D6
330
17
100
AcDbEntity
  8
hatch
100
AcDbLine
 10
21.59583694396574
 20
0.0
 30
0.0
 11
24.0
 21
2.4041630560342604
 31
0.0
  0
LINE
  5
5D7
330
17
100
AcDbEntity
  8
hatch
100
AcDbLine
 10
21.454415587728427
 20
1.7763568394002505e-15
 30
0.0
 11
24.0
 21
2.545584412271573
 31
0.0
  0
LINE
  5
5D8
330
17
100
AcDbEntity
  8
hatch
100
AcDbLine
 10
21.312994231491118
 20
0.0
 30
0.0
 11
24.0
 21
2.6870057685088806
 31
0.0
  0
LINE
  5
5D9
330
17
100
AcDbEntity
  8
hatch
100
AcDbLine
 10
21.17157287525381
 20
1.7763568394002505e-15
 30
0.0
 11
24.0
 21
2.8284271247461916
 31
0.0
  0
LINE
  5
5DA
330
17
100
AcDbEntity
  8
hatch
100
AcDbLine
 10
21.0301515190165
 20
1.7763568394002505e-15
 30
0.0
 11
24.0
 21
2.969848480983501
 31
0.0
  0
LINE
  5
5DB
330
17
100
AcDbEntity
  8
hatch
100
AcDbLine
 10
20.88873016277919
 20
1.7763568394002505e-15
 30
0.0
 11
24.0
 21
3.11126983722081
 31
0.0
  0
LINE
  5
5DC
330
17
100
AcDbEntity
  8
hatch
100
AcDbLine
 10
20.74730880654188
 20
0.0
 30
0.0
 11
24.0
 21
3.2526911934581193
 31
0.0
  0
LINE
  5
5DD
330
17
100
AcDbEntity
  8
hatch
100
AcDbLine
 10
20.60588745030457
 20
0.0
 30
0.0
 11
24.0
 21
3.3941125496954268
 31
0.0
  0
LINE
  5
5DE
330
17
100
AcDbEntity
  8
hatch
100
AcDbLine
 10
20.464466094067262
 20
0.0
 30
0.0
 11
24.0
 21
3.5355339059327378
 31
0.0
  0
LINE
  5
5DF
330
17
100
AcDbEntity
  8
hatch
100
AcDbLine
 10
20.323044737829953
 20
0.0
 30
0.0
 11
24.0
 21
3.6769552621700488
 31
0.0
  0
LINE
  5
5E0
330
17
100
AcDbEntity
  8
hatch
100
AcDbLine
 10
20.181623381592644
 20
0.0
 30
0.0
 11
24.0
 21
3.818376618407356
 31
0.0
  0
LINE
  5
5E1
330
17
100
AcDbEntity
  8
hatch
100
AcDbLine
 10
20.04020202535533
 20
0.0
 30
0.0
 11
24.0
 21
3.959797974644669
 31
0.0
  0
LINE
  5
5E2
330
17
100
AcDbEntity
  8
hatch
100
AcDbLine
 10
19.898780669118025
 20
1.7763568394002505e-15
 30
0.0
 11
24.0
 21
4.101219330881976
 31
0.0
  0
LINE
  5
5E3
330
17
100
AcDbEntity
  8
hatch
100
AcDbLine
 10
19.757359312880716
 20
1.7763568394002505e-15
 30
0.0
 11
24.0
 21
4.242640687119286
 31
0.0
  0
LINE
  5
5E4
330
17
100
AcDbEntity
  8
hatch
100
AcDbLine
 10
19.615937956643407
 20
0.0
 30
0.0
 11
24.0
 21
4.384062043356597
 31
0.0
  0
LINE
  5
5E5
330
17
100
AcDbEntity
  8
hatch
100
AcDbLine
 10
19.474516600406098
 20
-1.7763568394002505e-15
 30
0.0
 11
24.0
 21
4.525483399593902
 31
0.0
  0
LINE
  5
5E6
330
17
100
AcDbEntity
  8
hatch
100
AcDbLine
 10
19.333095244168785
 20
0.0
 30
0.0
 11
24.0
 21
4.666904755831215
 31
0.0
  0
LINE
  5
5E7
330
17
100
AcDbEntity
  8
hatch
100
AcDbLine
 10
19.191673887931476
 20
1.7763568394002505e-15
 30
0.0
 11
24.0
 21
4.808326112068523
 31
0.0
  0
LINE
  5
5E8
330
17
100
AcDbEntity
  8
hatch
100
AcDbLine
 10
19.050252531694166
 20
1.7763568394002505e-15
 30
0.0
 11
24.0
 21
4.949747468305834
 31
0.0
  0
LINE
  5
5E9
330
17
100
AcDbEntity
  8
hatch
100
AcDbLine
 10
18.908831175456857
 20
0.0
 30
0.0
 11
24.0
 21
5.091168824543143
 31
0.0
  0
LINE
  5
5EA
330
17
100
AcDbEntity
  8
hatch
100
AcDbLine
 10
18.76740981921955
 20
1.7763568394002505e-15
 30
0.0
 11
24.0
 21
5.232590180780452
 31
0.0
  0
LINE
  5
5EB
330
17
100
AcDbEntity
  8
hatch
100
AcDbLine
 10
18.62598846298224
 20
1.7763568394002505e-15
 30
0.0
 11
24.0
 21
5.374011537017763
 31
0.0
  0
LINE
  5
5EC
330
17
100
AcDbEntity
  8
hatch
100
AcDbLine
 10
18.48456710674493
 20
0.0
 30
0.0
 11
24.0
 21
5.5154328932550705
 31
0.0
  0
LINE
  5
5ED
330
17
100
AcDbEntity
  8
hatch
100
AcDbLine
 10
18.343145750507617
 20
0.0
 30
0.0
 11
24.0
 21
5.65685424949238
 31
0.0
  0
LINE
  5
5EE
330
17
100
AcDbEntity
  8
hatch
100
AcDbLine
 10
18.201724394270308
 20
0.0
 30
0.0
 11
24.0
 21
5.7982756057296925
 31
0.0
  0
LINE
  5
5EF
330
17
100
AcDbEntity
  8
hatch
100
AcDbLine
 10
18.060303038033002
 20
0.0
 30
0.0
 11
24.0
 21
5.939696961966998
 31
0.0
  0
LINE
  5
5F0
330
17
100
AcDbEntity
  8
hatch
100
AcDbLine
 10
17.91888168179569
 20
1.7763568394002505e-15
 30
0.0
 11
24.0
 21
6.081118318204311
 31
0.0
  0
LINE
  5
5F1
330
17
100
AcDbEntity
  8
hatch
100
AcDbLine
 10
17.77746032555838
 20
0.0
 30
0.0
 11
24.0
 21
6.222539674441618
 31
0.0
  0
LINE
  5
5F2
330
17
100
AcDbEntity
  8
hatch
100
AcDbLine
 10
17.63603896932107
 20
0.0
 30
0.0
 11
24.0
 21
6.363961030678929
 31
0.0
  0
LINE
  5
5F3
330
17
100
AcDbEntity
  8
hatch
100
AcDbLine
 10
17.49461761308376
 20
0.0
 30
0.0
 11
23.99461761308376
 21
6.500000000000002
 31
0.0
  0
LINE
  5
5F4
330
17
100
AcDbEntity
  8
hatch
100
AcDbLine
 10
17.353196256846456
 20
1.7763568394002505e-15
 30
0.0
 11
23.85319625684646
 21
6.5000000000000036
 31
0.0
  0
LINE
  5
5F5
330
17
100
AcDbEntity
  8
hatch
100
AcDbLine
 10
17.211774900609143
 20
0.0
 30
0.0
 11
23.711774900609146
 21
6.500000000000002
 31
0.0
  0
LINE
  5
5F6
330
17
100
AcDbEntity
  8
hatch
100
AcDbLine
 10
17.070353544371834
 20
0.0
 30
0.0
 11
23.570353544371834
 21
6.500000000000002
 31
0.0
  0
LINE
  5
5F7
330
17
100
AcDbEntity
  8
hatch
100
AcDbLine
 10
16.928932188134524
 20
0.0
 30
0.0
 11
23.428932188134528
 21
6.500000000000002
 31
0.0
  0
LINE
  5
5F8
330
17
100
AcDbEntity
  8
hatch
100
AcDbLine
 10
16.787510831897215
 20
1.7763568394002505e-15
 30
0.0
 11
23.287510831897215
 21
6.5000000000000036
 31
0.0
  0
LINE
  5
5F9
330
17
100
AcDbEntity
  8
hatch
100
AcDbLine
 10
16.646089475659906
 20
0.0
 30
0.0
 11
23.14608947565991
 21
6.5000000000000036
 31
0.0
  0
LINE
  5
5FA
330
17
100
AcDbEntity
  8
hatch
100
AcDbLine
 10
16.504668119422597
 20
0.0
 30
0.0
 11
23.004668119422597
 21
6.5000000000000036
 31
0.0
  0
LINE
  5
5FB
330
17
100
AcDbEntity
  8
hatch
100
AcDbLine
 10
16.363246763185288
 20
0.0
 30
0.0
 11
22.863246763185288
 21
6.500000000000002
 31
0.0
  0
LINE
  5
5FC
330
17
100
AcDbEntity
  8
hatch
100
AcDbLine
 10
16.22182540694798
 20
1.7763568394002505e-15
 30
0.0
 11
22.72182540694798
 21
6.5000000000000036
 31
0.0
  0
LINE
  5
5FD
330
17
100
AcDbEntity
  8
hatch
100
AcDbLine
 10
16.080404050710662
 20
0.0
 30
0.0
 11
22.58040405071067
 21
6.500000000000002
 31
0.0
  0
LINE
  5
5FE
330
17
100
AcDbEntity
  8
hatch
100
AcDbLine
 10
15.938982694473358
 20
0.0
 30
0.0
 11
22.43898269447336
 21
6.500000000000003
 31
0.0
  0
LINE
  5
5FF
330
17
100
AcDbEntity
  8
hatch
100
AcDbLine
 10
15.797561338236047
 20
0.0
 30
0.0
 11
22.29756133823605
 21
6.5000000000000036
 31
0.0
  0
LINE
  5
600
330
17
100
AcDbEntity
  8
hatch
100
AcDbLine
 10
15.656139981998738
 20
8.881784197001252e-16
 30
0.0
 11
22.15613998199874
 21
6.500000000000002
 31
0.0
  0
LINE
  5
601
330
17
100
AcDbEntity
  8
hatch
100
AcDbLine
 10
15.514718625761429
 20
0.0
 30
0.0
 11
22.014718625761432
 21
6.5000000000000036
 31
0.0
  0
LINE
  5
602
330
17
100
AcDbEntity
  8
hatch
100
AcDbLine
 10
15.373297269524116
 20
0.0
 30
0.0
 11
21.87329726952412
 21
6.500000000000003
 31
0.0
  0
LINE
  5
603
330
17
100
AcDbEntity
  8
hatch
100
AcDbLine
 10
15.23187591328681
 20
0.0
 30
0.0
 11
21.731875913286814
 21
6.5000000000000036
 31
0.0
  0
LINE
  5
604
330
17
100
AcDbEntity
  8
hatch
100
AcDbLine
 10
15.090454557049501
 20
8.881784197001252e-16
 30
0.0
 11
21.590454557049505
 21
6.500000000000003
 31
0.0
  0
LINE
  5
605
330
17
100
AcDbEntity
  8
hatch
100
AcDbLine
 10
14.94903320081219
 20
0.0
 30
0.0
 11
21.449033200812195
 21
6.500000000000003
 31
0.0
  0
LINE
  5
606
330
17
100
AcDbEntity
  8
hatch
100
AcDbLine
 10
14.807611844574883
 20
0.0
 30
0.0
 11
21.307611844574886
 21
6.500000000000003
 31
0.0
  0
LINE
  5
607
330
17
100
AcDbEntity
  8
hatch
100
AcDbLine
 10
14.66619048833757
 20
0.0
 30
0.0
 11
21.166190488337573
 21
6.5000000000000036
 31
0.0
  0
LINE
  5
608
330
17
100
AcDbEntity
  8
hatch
100
AcDbLine
 10
14.524769132100264
 20
1.7763568394002505e-15
 30
0.0
 11
21.024769132100268
 21
6.500000000000003
 31
0.0
  0
LINE
  5
609
330
17
100
AcDbEntity
  8
hatch
100
AcDbLine
 10
14.383347775862953
 20
1.7763568394002505e-15
 30
0.0
 11
20.883347775862955
 21
6.5000000000000036
 31
0.0
  0
LINE
  5
60A
330
17
100
AcDbEntity
  8
hatch
100
AcDbLine
 10
14.241926419625642
 20
0.0
 30
0.0
 11
20.741926419625646
 21
6.500000000000002
 31
0.0
  0
LINE
  5
60B
330
17
100
AcDbEntity
  8
hatch
100
AcDbLine
 10
14.100505063388333
 20
8.881784197001252e-16
 30
0.0
 11
20.600505063388336
 21
6.5000000000000036
 31
0.0
  0
LINE
  5
60C
330
17
100
AcDbEntity
  8
hatch
100
AcDbLine
 10
13.959083707151022
 20
0.0
 30
0.0
 11
20.459083707151024
 21
6.500000000000003
 31
0.0
  0
LINE
  5
60D
330
17
100
AcDbEntity
  8
hatch
100
AcDbLine
 10
13.817662350913714
 20
0.0
 30
0.0
 11
20.317662350913718
 21
6.500000000000003
 31
0.0
  0
LINE
  5
60E
330
17
100
AcDbEntity
  8
hatch
100
AcDbLine
 10
13.676240994676405
 20
8.881784197001252e-16
 30
0.0
 11
20.17624099467641
 21
6.500000000000003
 31
0.0
  0
LINE
  5
60F
330
17
100
AcDbEntity
  8
hatch
100
AcDbLine
 10
13.534819638439096
 20
8.881784197001252e-16
 30
0.0
 11
20.034819638439096
 21
6.500000000000003
 31
0.0
  0
LINE
  5
610
330
17
100
AcDbEntity
  8
hatch
100
AcDbLine
 10
13.393398282201787
 20
0.0
 30
0.0
 11
19.89339828220179
 21
6.5000000000000036
 31
0.0
  0
LINE
  5
611
330
17
100
AcDbEntity
  8
hatch
100
AcDbLine
 10
13.251976925964476
 20
1.7763568394002505e-15
 30
0.0
 11
19.751976925964478
 21
6.5000000000000036
 31
0.0
  0
LINE
  5
612
330
17
100
AcDbEntity
  8
hatch
100
AcDbLine
 10
13.110555569727168
 20
0.0
 30
0.0
 11
19.610555569727172
 21
6.5000000000000036
 31
0.0
  0
LINE
  5
613
330
17
100
AcDbEntity
  8
hatch
100
AcDbLine
 10
12.969134213489856
 20
8.881784197001252e-16
 30
0.0
 11
19.46913421348986
 21
6.5000000000000036
 31
0.0
  0
LINE
  5
614
330
17
100
AcDbEntity
  8
hatch
100
AcDbLine
 10
12.827712857252546
 20
0.0
 30
0.0
 11
19.32771285725255
 21
6.500000000000001
 31
0.0
  0
LINE
  5
615
330
17
100
AcDbEntity
  8
hatch
100
AcDbLine
 10
12.68629150101524
 20
8.881784197001252e-16
 30
0.0
 11
19.18629150101524
 21
6.500000000000003
 31
0.0
  0
LINE
  5
616
330
17
100
AcDbEntity
  8
hatch
100
AcDbLine
 10
12.54487014477793
 20
0.0
 30
0.0
 11
19.04487014477793
 21
6.500000000000003
 31
0.0
  0
LINE
  5
617
330
17
100
AcDbEntity
  8
hatch
100
AcDbLine
 10
12.403448788540619
 20
0.0
 30
0.0
 11
18.903448788540622
 21
6.500000000000002
 31
0.0
  0
LINE
  5
618
330
17
100
AcDbEntity
  8
hatch
100
AcDbLine
 10
12.26202743230331
 20
0.0
 30
0.0
 11
18.762027432303313
 21
6.5000000000000036
 31
0.0
  0
LINE
  5
619
330
17
100
AcDbEntity
  8
hatch
100
AcDbLine
 10
12.120606076066
 20
0.0
 30
0.0
 11
18.620606076066004
 21
6.500000000000002
 31
0.0
  0
LINE
  5
61A
330
17
100
AcDbEntity
  8
hatch
100
AcDbLine
 10
11.979184719828691
 20
0.0
 30
0.0
 11
18.479184719828694
 21
6.5000000000000036
 31
0.0
  0
LINE
  5
61B
330
17
100
AcDbEntity
  8
hatch
100
AcDbLine
 10
11.837763363591382
 20
0.0
 30
0.0
 11
18.337763363591385
 21
6.500000000000002
 31
0.0
  0
LINE
  5
61C
330
17
100
AcDbEntity
  8
hatch
100
AcDbLine
 10
11.69634200735407
 20
0.0
 30
0.0
 11
18.196342007354076
 21
6.500000000000003
 31
0.0
  0
LINE
  5
61D
330
17
100
AcDbEntity
  8
hatch
100
AcDbLine
 10
11.554920651116761
 20
0.0
 30
0.0
 11
18.054920651116767
 21
6.500000000000003
 31
0.0
  0
LINE
  5
61E
330
17
100
AcDbEntity
  8
hatch
100
AcDbLine
 10
11.413499294879452
 20
0.0
 30
0.0
 11
17.913499294879458
 21
6.500000000000003
 31
0.0
  0
LINE
  5
61F
330
17
100
AcDbEntity
  8
hatch
100
AcDbLine
 10
11.272077938642145
 20
8.881784197001252e-16
 30
0.0
 11
17.77207793864215
 21
6.500000000000003
 31
0.0
  0
LINE
  5
620
330
17
100
AcDbEntity
  8
hatch
100
AcDbLine
 10
11.130656582404836
 20
8.881784197001252e-16
 30
0.0
 11
17.63065658240484
 21
6.500000000000003
 31
0.0
  0
LINE
  5
621
330
17
100
AcDbEntity
  8
hatch
100
AcDbLine
 10
10.989235226167523
 20
0.0
 30
0.0
 11
17.489235226167526
 21
6.500000000000002
 31
0.0
  0
LINE
  5
622
330
17
100
AcDbEntity
  8
hatch
100
AcDbLine
 10
10.847813869930214
 20
8.881784197001252e-16
 30
0.0
 11
17.347813869930217
 21
6.5000000000000036
 31
0.0
  0
LINE
  5
623
330
17
100
AcDbEntity
  8
hatch
100
AcDbLine
 10
10.706392513692904
 20
0.0
 30
0.0
 11
17.206392513692908
 21
6.500000000000002
 31
0.0
  0
LINE
  5
624
330
17
100
AcDbEntity
  8
hatch
100
AcDbLine
 10
10.564971157455595
 20
8.881784197001252e-16
 30
0.0
 11
17.0649711574556
 21
6.5000000000000036
 31
0.0
  0
LINE
  5
625
330
17
100
AcDbEntity
  8
hatch
100
AcDbLine
 10
10.423549801218284
 20
0.0
 30
0.0
 11
16.923549801218286
 21
6.500000000000003
 31
0.0
  0
LINE
  5
626
330
17
100
AcDbEntity
  8
hatch
100
AcDbLine
 10
10.282128444980977
 20
8.881784197001252e-16
 30
0.0
 11
16.782128444980977
 21
6.500000000000003
 31
0.0
  0
LINE
  5
627
330
17
100
AcDbEntity
  8
hatch
100
AcDbLine
 10
10.140707088743666
 20
0.0
 30
0.0
 11
16.64070708874367
 21
6.500000000000004
 31
0.0
  0
LINE
  5
628
330
17
100
AcDbEntity
  8
hatch
100
AcDbLine
 10
9.999285732506358
 20
8.881784197001252e-16
 30
0.0
 11
16.499285732506358
 21
6.500000000000003
 31
0.0
  0
LINE
  5
629
330
17
100
AcDbEntity
  8
hatch
100
AcDbLine
 10
9.857864376269049
 20
0.0
 30
0.0
 11
16.357864376269053
 21
6.500000000000004
 31
0.0
  0
LINE
  5
62A
330
17
100
AcDbEntity
  8
hatch
100
AcDbLine
 10
9.716443020031736
 20
8.881784197001252e-16
 30
0.0
 11
16.21644302003174
 21
6.5000000000000036
 31
0.0
  0
LINE
  5
62B
330
17
100
AcDbEntity
  8
hatch
100
AcDbLine
 10
9.575021663794427
 20
8.881784197001252e-16
 30
0.0
 11
16.07502166379443
 21
6.500000000000002
 31
0.0
  0
LINE
  5
62C
330
17
100
AcDbEntity
  8
hatch
100
AcDbLine
 10
9.43360030755712
 20
8.881784197001252e-16
 30
0.0
 11
15.933600307557121
 21
6.500000000000002
 31
0.0
  0
LINE
  5
62D
330
17
100
AcDbEntity
  8
hatch
100
AcDbLine
 10
9.29217895131981
 20
0.0
 30
0.0
 11
15.792178951319812
 21
6.500000000000003
 31
0.0
  0
LINE
  5
62E
330
17
100
AcDbEntity
  8
hatch
100
AcDbLine
 10
9.1507575950825
 20
0.0
 30
0.0
 11
15.650757595082505
 21
6.500000000000003
 31
0.0
  0
LINE
  5
62F
330
17
100
AcDbEntity
  8
hatch
100
AcDbLine
 10
9.00933623884519
 20
8.881784197001252e-16
 30
0.0
 11
15.509336238845194
 21
6.500000000000003
 31
0.0
  0
LINE
  5
630
330
17
100
AcDbEntity
  8
hatch
100
AcDbLine
 10
8.86791488260788
 20
0.0
 30
0.0
 11
15.367914882607884
 21
6.500000000000003
 31
0.0
  0
LINE
  5
631
330
17
100
AcDbEntity
  8
hatch
100
AcDbLine
 10
8.726493526370572
 20
0.0
 30
0.0
 11
15.226493526370575
 21
6.500000000000002
 31
0.0
  0
LINE
  5
632
330
17
100
AcDbEntity
  8
hatch
100
AcDbLine
 10
8.585072170133262
 20
0.0
 30
0.0
 11
15.085072170133266
 21
6.500000000000002
 31
0.0
  0
LINE
  5
633
330
17
100
AcDbEntity
  8
hatch
100
AcDbLine
 10
8.443650813895953
 20
8.881784197001252e-16
 30
0.0
 11
14.943650813895957
 21
6.500000000000002
 31
0.0
  0
LINE
  5
634
330
17
100
AcDbEntity
  8
hatch
100
AcDbLine
 10
8.30222945765864
 20
0.0
 30
0.0
 11
14.802229457658646
 21
6.500000000000003
 31
0.0
  0
LINE
  5
635
330
17
100
AcDbEntity
  8
hatch
100
AcDbLine
 10
8.160808101421333
 20
0.0
 30
0.0
 11
14.660808101421337
 21
6.500000000000003
 31
0.0
  0
LINE
  5
636
330
17
100
AcDbEntity
  8
hatch
100
AcDbLine
 10
8.019386745184024
 20
0.0
 30
0.0
 11
14.519386745184027
 21
6.500000000000003
 31
0.0
  0
LINE
  5
637
330
17
100
AcDbEntity
  8
hatch
100
AcDbLine
 10
7.8779653889467145
 20
4.440892098500626e-16
 30
0.0
 11
14.377965388946718
 21
6.500000000000003
 31
0.0
  0
LINE
  5
638
330
17
100
AcDbEntity
  8
hatch
100
AcDbLine
 10
7.736544032709405
 20
0.0
 30
0.0
 11
14.236544032709409
 21
6.500000000000004
 31
0.0
  0
LINE
  5
639
330
17
100
AcDbEntity
  8
hatch
100
AcDbLine
 10
7.595122676472094
 20
8.881784197001252e-16
 30
0.0
 11
14.095122676472098
 21
6.500000000000002
 31
0.0
  0
LINE
  5
63A
330
17
100
AcDbEntity
  8
hatch
100
AcDbLine
 10
7.453701320234785
 20
0.0
 30
0.0
 11
13.953701320234789
 21
6.500000000000002
 31
0.0
  0
LINE
  5
63B
330
17
100
AcDbEntity
  8
hatch
100
AcDbLine
 10
7.312279963997476
 20
0.0
 30
0.0
 11
13.81227996399748
 21
6.500000000000002
 31
0.0
  0
LINE
  5
63C
330
17
100
AcDbEntity
  8
hatch
100
AcDbLine
 10
7.170858607760167
 20
0.0
 30
0.0
 11
13.67085860776017
 21
6.500000000000002
 31
0.0
  0
LINE
  5
63D
330
17
100
AcDbEntity
  8
hatch
100
AcDbLine
 10
7.029437251522857
 20
4.440892098500626e-16
 30
0.0
 11
13.529437251522861
 21
6.500000000000002
 31
0.0
  0
LINE
  5
63E
330
17
100
AcDbEntity
  8
hatch
100
AcDbLine
 10
6.888015895285546
 20
0.0
 30
0.0
 11
13.38801589528555
 21
6.500000000000003
 31
0.0
  0
LINE
  5
63F
330
17
100
AcDbEntity
  8
hatch
100
AcDbLine
 10
6.746594539048237
 20
0.0
 30
0.0
 11
13.24659453904824
 21
6.500000000000003
 31
0.0
  0
LINE
  5
640
330
17
100
AcDbEntity
  8
hatch
100
AcDbLine
 10
6.605173182810928
 20
4.440892098500626e-16
 30
0.0
 11
13.105173182810931
 21
6.500000000000003
 31
0.0
  0
LINE
  5
641
330
17
100
AcDbEntity
  8
hatch
100
AcDbLine
 10
6.463751826573619
 20
0.0
 30
0.0
 11
12.963751826573622
 21
6.500000000000002
 31
0.0
  0
LINE
  5
642
330
17
100
AcDbEntity
  8
hatch
100
AcDbLine
 10
6.32233047033631
 20
0.0
 30
0.0
 11
12.822330470336315
 21
6.500000000000002
 31
0.0
  0
LINE
  5
643
330
17
100
AcDbEntity
  8
hatch
100
AcDbLine
 10
6.1809091140989985
 20
4.440892098500626e-16
 30
0.0
 11
12.680909114099002
 21
6.500000000000002
 31
0.0
  0
LINE
  5
644
330
17
100
AcDbEntity
  8
hatch
100
AcDbLine
 10
6.039487757861689
 20
4.440892098500626e-16
 30
0.0
 11
12.539487757861693
 21
6.5000000000000036
 31
0.0
  0
LINE
  5
645
330
17
100
AcDbEntity
  8
hatch
100
AcDbLine
 10
5.898066401624381
 20
0.0
 30
0.0
 11
12.398066401624384
 21
6.5000000000000036
 31
0.0
  0
LINE
  5
646
330
17
100
AcDbEntity
  8
hatch
100
AcDbLine
 10
5.756645045387072
 20
0.0
 30
0.0
 11
12.256645045387074
 21
6.5000000000000036
 31
0.0
  0
LINE
  5
647
330
17
100
AcDbEntity
  8
hatch
100
AcDbLine
 10
5.615223689149763
 20
4.440892098500626e-16
 30
0.0
 11
12.115223689149767
 21
6.5000000000000036
 31
0.0
  0
LINE
  5
648
330
17
100
AcDbEntity
  8
hatch
100
AcDbLine
 10
5.473802332912451
 20
0.0
 30
0.0
 11
11.973802332912456
 21
6.500000000000002
 31
0.0
  0
LINE
  5
649
330
17
100
AcDbEntity
  8
hatch
100
AcDbLine
 10
5.332380976675142
 20
0.0
 30
0.0
 11
11.832380976675147
 21
6.500000000000002
 31
0.0
  0
LINE
  5
64A
330
17
100
AcDbEntity
  8
hatch
100
AcDbLine
 10
5.190959620437834
 20
4.440892098500626e-16
 30
0.0
 11
11.690959620437834
 21
6.5
 31
0.0
  0
LINE
  5
64B
330
17
100
AcDbEntity
  8
hatch
100
AcDbLine
 10
5.049538264200525
 20
4.440892098500626e-16
 30
0.0
 11
11.549538264200528
 21
6.500000000000002
 31
0.0
  0
LINE
  5
64C
330
17
100
AcDbEntity
  8
hatch
100
AcDbLine
 10
4.908116907963215
 20
0.0
 30
0.0
 11
11.408116907963219
 21
6.500000000000002
 31
0.0
  0
LINE
  5
64D
330
17
100
AcDbEntity
  8
hatch
100
AcDbLine
 10
4.7666955517259035
 20
0.0
 30
0.0
 11
11.266695551725906
 21
6.5000000000000036
 31
0.0
  0
LINE
  5
64E
330
17
100
AcDbEntity
  8
hatch
100
AcDbLine
 10
4.625274195488594
 20
0.0
 30
0.0
 11
11.125274195488599
 21
6.5000000000000036
 31
0.0
  0
LINE
  5
64F
330
17
100
AcDbEntity
  8
hatch
100
AcDbLine
 10
4.483852839251286
 20
0.0
 30
0.0
 11
10.98385283925129
 21
6.5000000000000036
 31
0.0
  0
LINE
  5
650
330
17
100
AcDbEntity
  8
hatch
100
AcDbLine
 10
4.342431483013977
 20
0.0
 30
0.0
 11
10.84243148301398
 21
6.500000000000003
 31
0.0
  0
LINE
  5
651
330
17
100
AcDbEntity
  8
hatch
100
AcDbLine
 10
4.2010101267766675
 20
0.0
 30
0.0
 11
10.701010126776671
 21
6.500000000000003
 31
0.0
  0
LINE
  5
652
330
17
100
AcDbEntity
  8
hatch
100
AcDbLine
 10
4.0595887705393565
 20
0.0
 30
0.0
 11
10.55958877053936
 21
6.500000000000002
 31
0.0
  0
LINE
  5
653
330
17
100
AcDbEntity
  8
hatch
100
AcDbLine
 10
3.9181674143020473
 20
0.0
 30
0.0
 11
10.41816741430205
 21
6.500000000000002
 31
0.0
  0
LINE
  5
654
330
17
100
AcDbEntity
  8
hatch
100
AcDbLine
 10
3.776746058064738
 20
0.0
 30
0.0
 11
10.276746058064742
 21
6.500000000000002
 31
0.0
  0
LINE
  5
655
330
17
100
AcDbEntity
  8
hatch
100
AcDbLine
 10
3.635324701827429
 20
0.0
 30
0.0
 11
10.135324701827432
 21
6.5000000000000036
 31
0.0
  0
LINE
  5
656
330
17
100
AcDbEntity
  8
hatch
100
AcDbLine
 10
3.4939033455901196
 20
0.0
 30
0.0
 11
9.993903345590123
 21
6.5000000000000036
 31
0.0
  0
LINE
  5
657
330
17
100
AcDbEntity
  8
hatch
100
AcDbLine
 10
3.3524819893528086
 20
2.220446049250313e-16
 30
0.0
 11
9.85248198935281
 21
6.500000000000001
 31
0.0
  0
LINE
  5
658
330
17
100
AcDbEntity
  8
hatch
100
AcDbLine
 10
3.2110606331154994
 20
0.0
 30
0.0
 11
9.711060633115503
 21
6.500000000000003
 31
0.0
  0
LINE
  5
659
330
17
100
AcDbEntity
  8
hatch
100
AcDbLine
 10
3.06963927687819
 20
2.220446049250313e-16
 30
0.0
 11
9.569639276878194
 21
6.500000000000003
 31
0.0
  0
LINE
  5
65A
330
17
100
AcDbEntity
  8
hatch
100
AcDbLine
 10
2.9282179206408814
 20
0.0
 30
0.0
 11
9.428217920640886
 21
6.500000000000003
 31
0.0
  0
LINE
  5
65B
330
17
100
AcDbEntity
  8
hatch
100
AcDbLine
 10
2.7867965644035726
 20
2.220446049250313e-16
 30
0.0
 11
9.286796564403573
 21
6.500000000000002
 31
0.0
  0
LINE
  5
65C
330
17
100
AcDbEntity
  8
hatch
100
AcDbLine
 10
2.6453752081662607
 20
2.220446049250313e-16
 30
0.0
 11
9.145375208166264
 21
6.500000000000003
 31
0.0
  0
LINE
  5
65D
330
17
100
AcDbEntity
  8
hatch
100
AcDbLine
 10
2.503953851928952
 20
0.0
 30
0.0
 11
9.003953851928955
 21
6.500000000000003
 31
0.0
  0
LINE
  5
65E
330
17
100
AcDbEntity
  8
hatch
100
AcDbLine
 10
2.362532495691643
 20
2.220446049250313e-16
 30
0.0
 11
8.862532495691646
 21
6.500000000000003
 31
0.0
  0
LINE
  5
65F
330
17
100
AcDbEntity
  8
hatch
100
AcDbLine
 10
2.221111139454334
 20
0.0
 30
0.0
 11
8.721111139454337
 21
6.500000000000002
 31
0.0
  0
LINE
  5
660
330
17
100
AcDbEntity
  8
hatch
100
AcDbLine
 10
2.0796897832170247
 20
0.0
 30
0.0
 11
8.57968978321703
 21
6.5000000000000036
 31
0.0
  0
LINE
  5
661
330
17
100
AcDbEntity
  8
hatch
100
AcDbLine
 10
1.9382684269797132
 20
0.0
 30
0.0
 11
8.438268426979718
 21
6.500000000000003
 31
0.0
  0
LINE
  5
662
330
17
100
AcDbEntity
  8
hatch
100
AcDbLine
 10
1.7968470707424042
 20
0.0
 30
0.0
 11
8.296847070742409
 21
6.5000000000000036
 31
0.0
  0
LINE
  5
663
330
17
100
AcDbEntity
  8
hatch
100
AcDbLine
 10
1.6554257145050952
 20
0.0
 30
0.0
 11
8.155425714505098
 21
6.500000000000002
 31
0.0
  0
LINE
  5
664
330
17
100
AcDbEntity
  8
hatch
100
AcDbLine
 10
1.5140043582677862
 20
0.0
 30
0.0
 11
8.01400435826779
 21
6.500000000000003
 31
0.0
  0
LINE
  5
665
330
17
100
AcDbEntity
  8
hatch
100
AcDbLine
 10
1.3725830020304772
 20
0.0
 30
0.0
 11
7.872583002030481
 21
6.500000000000003
 31
0.0
  0
LINE
  5
666
330
17
100
AcDbEntity
  8
hatch
100
AcDbLine
 10
1.2311616457931658
 20
0.0
 30
0.0
 11
7.731161645793169
 21
6.5000000000000036
 31
0.0
  0
LINE
  5
667
330
17
100
AcDbEntity
  8
hatch
100
AcDbLine
 10
1.0897402895558592
 20
0.0
 30
0.0
 11
7.589740289555862
 21
6.500000000000002
 31
0.0
  0
LINE
  5
668
330
17
100
AcDbEntity
  8
hatch
100
AcDbLine
 10
0.9483189333185476
 20
0.0
 30
0.0
 11
7.448318933318551
 21
6.500000000000001
 31
0.0
  0
LINE
  5
669
330
17
100
AcDbEntity
  8
hatch
100
AcDbLine
 10
0.8068975770812361
 20
0.0
 30
0.0
 11
7.30689757708124
 21
6.5000000000000036
 31
0.0
  0
LINE
  5
66A
330
17
100
AcDbEntity
  8
hatch
100
AcDbLine
 10
0.6654762208439295
 20
-5.551115123125783e-17
 30
0.0
 11
7.165476220843933
 21
6.500000000000003
 31
0.0
  0
LINE
  5
66B
330
17
100
AcDbEntity
  8
hatch
100
AcDbLine
 10
0.5240548646066181
 20
0.0
 30
0.0
 11
7.024054864606621
 21
6.500000000000001
 31
0.0
  0
LINE
  5
66C
330
17
100
AcDbEntity
  8
hatch
100
AcDbLine
 10
0.3826335083693116
 20
0.0
 30
0.0
 11
6.882633508369314
 21
6.500000000000002
 31
0.0
  0
LINE
  5
66D
330
17
100
AcDbEntity
  8
hatch
100
AcDbLine
 10
0.24121215213200006
 20
0.0
 30
0.0
 11
6.741212152132004
 21
6.500000000000003
 31
0.0
  0
LINE
  5
66E
330
17
100
AcDbEntity
  8
hatch
100
AcDbLine
 10
0.09979079589468853
 20
6.938893903907228e-18
 30
0.0
 11
6.599790795894693
 21
6.500000000000003
 31
0.0
  0
LINE
  5
66F
330
17
100
AcDbEntity
  8
hatch
100
AcDbLine
 10
3.469446951953614e-18
 20
0.04163056034261796
 30
0.0
 11
6.4583694396573845
 21
6.500000000000002
 31
0.0
  0
LINE
  5
670
330
17
100
AcDbEntity
  8
hatch
100
AcDbLine
 10
1.3877787807814457e-17
 20
0.18305191657992947
 30
0.0
 11
6.3169480834200735
 21
6.500000000000002
 31
0.0
  0
LINE
  5
671
330
17
100
AcDbEntity
  8
hatch
100
AcDbLine
 10
2.7755575615628914e-17
 20
0.3244732728172359
 30
0.0
 11
6.175526727182768
 21
6.5000000000000036
 31
0.0
  0
LINE
  5
672
330
17
100
AcDbEntity
  8
hatch
100
AcDbLine
 10
2.7755575615628914e-17
 20
0.4658946290545475
 30
0.0
 11
6.034105370945456
 21
6.500000000000003
 31
0.0
  0
LINE
  5
673
330
17
100
AcDbEntity
  8
hatch
100
AcDbLine
 10
5.551115123125783e-17
 20
0.607315985291859
 30
0.0
 11
5.892684014708145
 21
6.500000000000003
 31
0.0
  0
LINE
  5
674
330
17
100
AcDbEntity
  8
hatch
100
AcDbLine
 10
5.551115123125783e-17
 20
0.7487373415291654
 30
0.0
 11
5.751262658470837
 21
6.500000000000002
 31
0.0
  0
LINE
  5
675
330
17
100
AcDbEntity
  8
hatch
100
AcDbLine
 10
5.551115123125783e-17
 20
0.890158697766477
 30
0.0
 11
5.609841302233526
 21
6.500000000000002
 31
0.0
  0
LINE
  5
676
330
17
100
AcDbEntity
  8
hatch
100
AcDbLine
 10
1.1102230246251565e-16
 20
1.0315800540037836
 30
0.0
 11
5.468419945996221
 21
6.5000000000000036
 31
0.0
  0
LINE
  5
677
330
17
100
AcDbEntity
  8
hatch
100
AcDbLine
 10
1.1102230246251565e-16
 20
1.173001410241095
 30
0.0
 11
5.326998589758909
 21
6.5000000000000036
 31
0.0
  0
LINE
  5
678
330
17
100
AcDbEntity
  8
hatch
100
AcDbLine
 10
0.0
 20
1.3144227664784065
 30
0.0
 11
5.185577233521596
 21
6.500000000000002
 31
0.0
  0
LINE
  5
679
330
17
100
AcDbEntity
  8
hatch
100
AcDbLine
 10
-2.220446049250313e-16
 20
1.4558441227157126
 30
0.0
 11
5.0441558772842905
 21
6.500000000000002
 31
0.0
  0
LINE
  5
67A
330
17
100
AcDbEntity
  8
hatch
100
AcDbLine
 10
2.220446049250313e-16
 20
1.5972654789530245
 30
0.0
 11
4.9027345210469795
 21
6.5000000000000036
 31
0.0
  0
LINE
  5
67B
330
17
100
AcDbEntity
  8
hatch
100
AcDbLine
 10
-2.220446049250313e-16
 20
1.7386868351903306
 30
0.0
 11
4.761313164809673
 21
6.500000000000003
 31
0.0
  0
LINE
  5
67C
330
17
100
AcDbEntity
  8
hatch
100
AcDbLine
 10
2.220446049250313e-16
 20
1.8801081914276425
 30
0.0
 11
4.61989180857236
 21
6.500000000000002
 31
0.0
  0
LINE
  5
67D
330
17
100
AcDbEntity
  8
hatch
100
AcDbLine
 10
-2.220446049250313e-16
 20
2.0215295476649535
 30
0.0
 11
4.478470452335048
 21
6.500000000000002
 31
0.0
  0
LINE
  5
67E
330
17
100
AcDbEntity
  8
hatch
100
AcDbLine
 10
0.0
 20
2.1629509039022605
 30
0.0
 11
4.3370490960977435
 21
6.500000000000003
 31
0.0
  0
LINE
  5
67F
330
17
100
AcDbEntity
  8
hatch
100
AcDbLine
 10
-2.220446049250313e-16
 20
2.304372260139572
 30
0.0
 11
4.1956277398604325
 21
6.5000000000000036
 31
0.0
  0
LINE
  5
680
330
17
100
AcDbEntity
  8
hatch
100
AcDbLine
 10
0.0
 20
2.4457936163768785
 30
0.0
 11
4.054206383623124
 21
6.500000000000002
 31
0.0
  0
LINE
  5
681
330
17
100
AcDbEntity
  8
hatch
100
AcDbLine
 10
-2.220446049250313e-16
 20
2.5872149726141895
 30
0.0
 11
3.912785027385813
 21
6.500000000000002
 31
0.0
  0
LINE
  5
682
330
17
100
AcDbEntity
  8
hatch
100
AcDbLine
 10
2.220446049250313e-16
 20
2.7286363288515014
 30
0.0
 11
3.771363671148501
 21
6.500000000000002
 31
0.0
  0
LINE
  5
683
330
17
100
AcDbEntity
  8
hatch
100
AcDbLine
 10
-2.220446049250313e-16
 20
2.870057685088808
 30
0.0
 11
3.6299423149111956
 21
6.500000000000003
 31
0.0
  0
LINE
  5
684
330
17
100
AcDbEntity
  8
hatch
100
AcDbLine
 10
2.220446049250313e-16
 20
3.01147904132612
 30
0.0
 11
3.4885209586738837
 21
6.500000000000002
 31
0.0
  0
LINE
  5
685
330
17
100
AcDbEntity
  8
hatch
100
AcDbLine
 10
0.0
 20
3.152900397563431
 30
0.0
 11
3.3470996024365713
 21
6.500000000000002
 31
0.0
  0
LINE
  5
686
330
17
100
AcDbEntity
  8
hatch
100
AcDbLine
 10
-2.220446049250313e-16
 20
3.2943217538007374
 30
0.0
 11
3.2056782461992652
 21
6.500000000000002
 31
0.0
  0
LINE
  5
687
330
17
100
AcDbEntity
  8
hatch
100
AcDbLine
 10
0.0
 20
3.4357431100380484
 30
0.0
 11
3.064256889961955
 21
6.5000000000000036
 31
0.0
  0
LINE
  5
688
330
17
100
AcDbEntity
  8
hatch
100
AcDbLine
 10
-2.220446049250313e-16
 20
3.577164466275355
 30
0.0
 11
2.9228355337246468
 21
6.500000000000002
 31
0.0
  0
LINE
  5
689
330
17
100
AcDbEntity
  8
hatch
100
AcDbLine
 10
0.0
 20
3.718585822512667
 30
0.0
 11
2.7814141774873358
 21
6.500000000000002
 31
0.0
  0
LINE
  5
68A
330
17
100
AcDbEntity
  8
hatch
100
AcDbLine
 10
0.0
 20
3.860007178749978
 30
0.0
 11
2.639992821250024
 21
6.500000000000002
 31
0.0
  0
LINE
  5
68B
330
17
100
AcDbEntity
  8
hatch
100
AcDbLine
 10
0.0
 20
4.001428534987285
 30
0.0
 11
2.4985714650127187
 21
6.5000000000000036
 31
0.0
  0
LINE
  5
68C
330
17
100
AcDbEntity
  8
hatch
100
AcDbLine
 10
0.0
 20
4.142849891224596
 30
0.0
 11
2.3571501087754063
 21
6.500000000000002
 31
0.0
  0
LINE
  5
68D
330
17
100
AcDbEntity
  8
hatch
100
AcDbLine
 10
-4.440892098500626e-16
 20
4.284271247461902
 30
0.0
 11
2.2157287525380993
 21
6.500000000000002
 31
0.0
  0
LINE
  5
68E
330
17
100
AcDbEntity
  8
hatch
100
AcDbLine
 10
0.0
 20
4.425692603699214
 30
0.0
 11
2.0743073963007883
 21
6.500000000000002
 31
0.0
  0
LINE
  5
68F
330
17
100
AcDbEntity
  8
hatch
100
AcDbLine
 10
-4.440892098500626e-16
 20
4.567113959936526
 30
0.0
 11
1.9328860400634769
 21
6.500000000000002
 31
0.0
  0
LINE
  5
690
330
17
100
AcDbEntity
  8
hatch
100
AcDbLine
 10
-4.440892098500626e-16
 20
4.7085353161738315
 30
0.0
 11
1.7914646838261699
 21
6.500000000000002
 31
0.0
  0
LINE
  5
691
330
17
100
AcDbEntity
  8
hatch
100
AcDbLine
 10
0.0
 20
4.849956672411143
 30
0.0
 11
1.6500433275888589
 21
6.500000000000002
 31
0.0
  0
LINE
  5
692
330
17
100
AcDbEntity
  8
hatch
100
AcDbLine
 10
0.0
 20
4.99137802864845
 30
0.0
 11
1.5086219713515518
 21
6.500000000000002
 31
0.0
  0
LINE
  5
693
330
17
100
AcDbEntity
  8
hatch
100
AcDbLine
 10
-4.440892098500626e-16
 20
5.132799384885761
 30
0.0
 11
1.3672006151142404
 21
6.500000000000002
 31
0.0
  0
LINE
  5
694
330
17
100
AcDbEntity
  8
hatch
100
AcDbLine
 10
0.0
 20
5.274220741123073
 30
0.0
 11
1.2257792588769294
 21
6.500000000000002
 31
0.0
  0
LINE
  5
695
330
17
100
AcDbEntity
  8
hatch
100
AcDbLine
 10
0.0
 20
5.415642097360379
 30
0.0
 11
1.0843579026396228
 21
6.500000000000002
 31
0.0
  0
LINE
  5
696
330
17
100
AcDbEntity
  8
hatch
100
AcDbLine
 10
-4.440892098500626e-16
 20
5.55706345359769
 30
0.0
 11
0.942936546402311
 21
6.500000000000002
 31
0.0
  0
LINE
  5
697
330
17
100
AcDbEntity
  8
hatch
100
AcDbLine
 10
-4.440892098500626e-16
 20
5.698484809834998
 30
0.0
 11
0.8015151901650044
 21
6.500000000000002
 31
0.0
  0
LINE
  5
698
330
17
100
AcDbEntity
  8
hatch
100
AcDbLine
 10
0.0
 20
5.839906166072309
 30
0.0
 11
0.6600938339276934
 21
6.500000000000002
 31
0.0
  0
LINE
  5
699
330
17
100
AcDbEntity
  8
hatch
100
AcDbLine
 10
0.0
 20
5.981327522309621
 30
0.0
 11
0.5186724776903815
 21
6.500000000000002
 31
0.0
  0
LINE
  5
69A
330
17
100
AcDbEntity
  8
hatch
100
AcDbLine
 10
-4.440892098500626e-16
 20
6.122748878546927
 30
0.0
 11
0.37725112145307493
 21
6.500000000000002
 31
0.0
  0
LINE
  5
69B
330
17
100
AcDbEntity
  8
hatch
100
AcDbLine
 10
0.0
 20
6.264170234784238
 30
0.0
 11
0.23582976521576393
 21
6.500000000000002
 31
0.0
  0
LINE
  5
69C
330
17
100
AcDbEntity
  8
hatch
100
AcDbLine
 10
0.0
 20
6.405591591021545
 30
0.0
 11
0.09440840897845737
 21
6.500000000000002
 31
0.0
  0
LWPOLYLINE
  5
69D
330
17
100
AcDbEntity
  8
muro-visto
100
AcDbPolyline
 90
4
 70
1
 10
0.0
 20
0.0
 10
24.0
 20
0.0
 10
24.0
 20
6.5
 10
0.0
 20
6.5
  0
LWPOLYLINE
  5
69E
330
17
100
AcDbEntity
  8
fondo
100
AcDbPolyline
 90
4
 70
1
 10
1.1
 20
0.9
 10
2.6
 20
0.9
 10
2.6
 20
2.4
 10
1.1
 20
2.4
  0
LINE
  5
69F
330
17
100
AcDbEntity
  8
hatch
100
AcDbLine
 10
2.4585786437626904
 20
0.8999999999999998
 30
0.0
 11
2.5999999999999996
 21
1.0414213562373096
 31
0.0
  0
LINE
  5
6A0
330
17
100
AcDbEntity
  8
hatch
100
AcDbLine
 10
2.317157287525381
 20
0.9000000000000001
 30
0.0
 11
2.6
 21
1.182842712474619
 31
0.0
  0
LINE
  5
6A1
330
17
100
AcDbEntity
  8
hatch
100
AcDbLine
 10
2.175735931288071
 20
0.8999999999999998
 30
0.0
 11
2.6
 21
1.3242640687119285
 31
0.0
  0
LINE
  5
6A2
330
17
100
AcDbEntity
  8
hatch
100
AcDbLine
 10
2.034314575050762
 20
0.9
 30
0.0
 11
2.5999999999999996
 21
1.4656854249492381
 31
0.0
  0
LINE
  5
6A3
330
17
100
AcDbEntity
  8
hatch
100
AcDbLine
 10
1.8928932188134524
 20
0.8999999999999999
 30
0.0
 11
2.6
 21
1.6071067811865474
 31
0.0
  0
LINE
  5
6A4
330
17
100
AcDbEntity
  8
hatch
100
AcDbLine
 10
1.7514718625761427
 20
0.8999999999999999
 30
0.0
 11
2.5999999999999996
 21
1.7485281374238573
 31
0.0
  0
LINE
  5
6A5
330
17
100
AcDbEntity
  8
hatch
100
AcDbLine
 10
1.610050506338833
 20
0.9
 30
0.0
 11
2.6
 21
1.8899494936611667
 31
0.0
  0
LINE
  5
6A6
330
17
100
AcDbEntity
  8
hatch
100
AcDbLine
 10
1.4686291501015238
 20
0.8999999999999999
 30
0.0
 11
2.6
 21
2.031370849898476
 31
0.0
  0
LINE
  5
6A7
330
17
100
AcDbEntity
  8
hatch
100
AcDbLine
 10
1.3272077938642144
 20
0.9
 30
0.0
 11
2.6000000000000005
 21
2.1727922061357856
 31
0.0
  0
LINE
  5
6A8
330
17
100
AcDbEntity
  8
hatch
100
AcDbLine
 10
1.185786437626905
 20
0.8999999999999999
 30
0.0
 11
2.6
 21
2.3142135623730953
 31
0.0
  0
LINE
  5
6A9
330
17
100
AcDbEntity
  8
hatch
100
AcDbLine
 10
1.1
 20
0.9556349186104047
 30
0.0
 11
2.544365081389595
 21
2.4
 31
0.0
  0
LINE
  5
6AA
330
17
100
AcDbEntity
  8
hatch
100
AcDbLine
 10
1.1
 20
1.0970562748477144
 30
0.0
 11
2.402943725152286
 21
2.3999999999999995
 31
0.0
  0
LINE
  5
6AB
330
17
100
AcDbEntity
  8
hatch
100
AcDbLine
 10
1.1
 20
1.2384776310850236
 30
0.0
 11
2.261522368914976
 21
2.4
 31
0.0
  0
LINE
  5
6AC
330
17
100
AcDbEntity
  8
hatch
100
AcDbLine
 10
1.1
 20
1.3798989873223333
 30
0.0
 11
2.120101012677667
 21
2.4
 31
0.0
  0
LINE
  5
6AD
330
17
100
AcDbEntity
  8
hatch
100
AcDbLine
 10
1.1
 20
1.5213203435596427
 30
0.0
 11
1.9786796564403573
 21
2.4
 31
0.0
  0
LINE
  5
6AE
330
17
100
AcDbEntity
  8
hatch
100
AcDbLine
 10
1.1
 20
1.6627416997969522
 30
0.0
 11
1.8372583002030478
 21
2.4
 31
0.0
  0
LINE
  5
6AF
330
17
100
AcDbEntity
  8
hatch
100
AcDbLine
 10
1.1
 20
1.8041630560342619
 30
0.0
 11
1.695836943965738
 21
2.4
 31
0.0
  0
LINE
  5
6B0
330
17
100
AcDbEntity
  8
hatch
100
AcDbLine
 10
1.1
 20
1.9455844122715713
 30
0.0
 11
1.554415587728429
 21
2.4
 31
0.0
  0
LINE
  5
6B1
330
17
100
AcDbEntity
  8
hatch
100
AcDbLine
 10
1.1000000000000003
 20
2.087005768508881
 30
0.0
 11
1.412994231491119
 21
2.4
 31
0.0
  0
LINE
  5
6B2
330
17
100
AcDbEntity
  8
hatch
100
AcDbLine
 10
1.1000000000000003
 20
2.22842712474619
 30
0.0
 11
1.2715728752538098
 21
2.4
 31
0.0
  0
LINE
  5
6B3
330
17
100
AcDbEntity
  8
hatch
100
AcDbLine
 10
1.1000000000000003
 20
2.3698484809835
 30
0.0
 11
1.1301515190165001
 21
2.4
 31
0.0
  0
LWPOLYLINE
  5
6B4
330
17
100
AcDbEntity
  8
carpinteria
100
AcDbPolyline
 90
4
 70
1
 10
1.1
 20
0.9
 10
2.6
 20
0.9
 10
2.6
 20
2.4
 10
1.1
 20
2.4
  0
LWPOLYLINE
  5
6B5
330
17
100
AcDbEntity
  8
marco-medio
100
AcDbPolyline
 90
4
 70
1
 10
1.06
 20
0.8599999999999994
 10
2.6400000000000006
 20
0.8599999999999994
 10
2.6400000000000006
 20
2.4400000000000004
 10
1.06
 20
2.4400000000000004
  0
LINE
  5
6B6
330
17
100
AcDbEntity
  8
carpinteria
100
AcDbLine
 10
1.85
 20
0.9
 30
0.0
 11
1.85
 21
2.4
 31
0.0
  0
LINE
  5
6B7
330
17
100
AcDbEntity
  8
carpinteria
100
AcDbLine
 10
1.1
 20
2.05
 30
0.0
 11
2.6
 21
2.05
 31
0.0
  0
LINE
  5
6B8
330
17
100
AcDbEntity
  8
vidrio
100
AcDbLine
 10
1.15
 20
0.95
 30
0.0
 11
2.55
 21
2.35
 31
0.0
  0
LINE
  5
6B9
330
17
100
AcDbEntity
  8
marco-medio
100
AcDbLine
 10
1.0399999999999998
 20
0.8699999999999989
 30
0.0
 11
2.6599999999999993
 21
0.8699999999999989
 31
0.0
  0
LWPOLYLINE
  5
6BA
330
17
100
AcDbEntity
  8
fondo
100
AcDbPolyline
 90
4
 70
1
 10
4.45
 20
0.9
 10
5.95
 20
0.9
 10
5.95
 20
2.4
 10
4.45
 20
2.4
  0
LINE
  5
6BB
330
17
100
AcDbEntity
  8
hatch
100
AcDbLine
 10
5.80857864376269
 20
0.8999999999999995
 30
0.0
 11
5.95
 21
1.0414213562373096
 31
0.0
  0
LINE
  5
6BC
330
17
100
AcDbEntity
  8
hatch
100
AcDbLine
 10
5.667157287525381
 20
0.8999999999999999
 30
0.0
 11
5.949999999999999
 21
1.1828427124746193
 31
0.0
  0
LINE
  5
6BD
330
17
100
AcDbEntity
  8
hatch
100
AcDbLine
 10
5.525735931288072
 20
0.8999999999999999
 30
0.0
 11
5.95
 21
1.324264068711929
 31
0.0
  0
LINE
  5
6BE
330
17
100
AcDbEntity
  8
hatch
100
AcDbLine
 10
5.384314575050762
 20
0.9000000000000004
 30
0.0
 11
5.95
 21
1.4656854249492381
 31
0.0
  0
LINE
  5
6BF
330
17
100
AcDbEntity
  8
hatch
100
AcDbLine
 10
5.242893218813453
 20
0.9000000000000004
 30
0.0
 11
5.95
 21
1.6071067811865478
 31
0.0
  0
LINE
  5
6C0
330
17
100
AcDbEntity
  8
hatch
100
AcDbLine
 10
5.101471862576142
 20
0.8999999999999995
 30
0.0
 11
5.95
 21
1.7485281374238575
 31
0.0
  0
LINE
  5
6C1
330
17
100
AcDbEntity
  8
hatch
100
AcDbLine
 10
4.960050506338833
 20
0.9000000000000004
 30
0.0
 11
5.95
 21
1.8899494936611667
 31
0.0
  0
LINE
  5
6C2
330
17
100
AcDbEntity
  8
hatch
100
AcDbLine
 10
4.818629150101524
 20
0.9000000000000004
 30
0.0
 11
5.95
 21
2.031370849898477
 31
0.0
  0
LINE
  5
6C3
330
17
100
AcDbEntity
  8
hatch
100
AcDbLine
 10
4.6772077938642145
 20
0.8999999999999999
 30
0.0
 11
5.95
 21
2.172792206135786
 31
0.0
  0
LINE
  5
6C4
330
17
100
AcDbEntity
  8
hatch
100
AcDbLine
 10
4.535786437626905
 20
0.9000000000000001
 30
0.0
 11
5.950000000000001
 21
2.3142135623730953
 31
0.0
  0
LINE
  5
6C5
330
17
100
AcDbEntity
  8
hatch
100
AcDbLine
 10
4.45
 20
0.9556349186104052
 30
0.0
 11
5.894365081389595
 21
2.4000000000000004
 31
0.0
  0
LINE
  5
6C6
330
17
100
AcDbEntity
  8
hatch
100
AcDbLine
 10
4.45
 20
1.0970562748477146
 30
0.0
 11
5.752943725152286
 21
2.4
 31
0.0
  0
LINE
  5
6C7
330
17
100
AcDbEntity
  8
hatch
100
AcDbLine
 10
4.45
 20
1.238477631085024
 30
0.0
 11
5.611522368914977
 21
2.4000000000000004
 31
0.0
  0
LINE
  5
6C8
330
17
100
AcDbEntity
  8
hatch
100
AcDbLine
 10
4.45
 20
1.3798989873223333
 30
0.0
 11
5.4701010126776675
 21
2.4000000000000004
 31
0.0
  0
LINE
  5
6C9
330
17
100
AcDbEntity
  8
hatch
100
AcDbLine
 10
4.45
 20
1.5213203435596432
 30
0.0
 11
5.328679656440357
 21
2.4000000000000004
 31
0.0
  0
LINE
  5
6CA
330
17
100
AcDbEntity
  8
hatch
100
AcDbLine
 10
4.45
 20
1.6627416997969526
 30
0.0
 11
5.187258300203048
 21
2.4000000000000004
 31
0.0
  0
LINE
  5
6CB
330
17
100
AcDbEntity
  8
hatch
100
AcDbLine
 10
4.45
 20
1.8041630560342625
 30
0.0
 11
5.045836943965738
 21
2.4000000000000004
 31
0.0
  0
LINE
  5
6CC
330
17
100
AcDbEntity
  8
hatch
100
AcDbLine
 10
4.45
 20
1.9455844122715713
 30
0.0
 11
4.904415587728429
 21
2.4
 31
0.0
  0
LINE
  5
6CD
330
17
100
AcDbEntity
  8
hatch
100
AcDbLine
 10
4.450000000000001
 20
2.087005768508882
 30
0.0
 11
4.762994231491119
 21
2.4000000000000004
 31
0.0
  0
LINE
  5
6CE
330
17
100
AcDbEntity
  8
hatch
100
AcDbLine
 10
4.450000000000001
 20
2.22842712474619
 30
0.0
 11
4.621572875253809
 21
2.3999999999999995
 31
0.0
  0
LINE
  5
6CF
330
17
100
AcDbEntity
  8
hatch
100
AcDbLine
 10
4.45
 20
2.3698484809835
 30
0.0
 11
4.4801515190165
 21
2.4
 31
0.0
  0
LWPOLYLINE
  5
6D0
330
17
100
AcDbEntity
  8
carpinteria
100
AcDbPolyline
 90
4
 70
1
 10
4.45
 20
0.9
 10
5.95
 20
0.9
 10
5.95
 20
2.4
 10
4.45
 20
2.4
  0
LWPOLYLINE
  5
6D1
330
17
100
AcDbEntity
  8
marco-medio
100
AcDbPolyline
 90
4
 70
1
 10
4.409999999999999
 20
0.8599999999999994
 10
5.99
 20
0.8599999999999994
 10
5.99
 20
2.4400000000000004
 10
4.409999999999999
 20
2.4400000000000004
  0
LINE
  5
6D2
330
17
100
AcDbEntity
  8
carpinteria
100
AcDbLine
 10
5.2
 20
0.9
 30
0.0
 11
5.2
 21
2.4
 31
0.0
  0
LINE
  5
6D3
330
17
100
AcDbEntity
  8
carpinteria
100
AcDbLine
 10
4.45
 20
2.05
 30
0.0
 11
5.95
 21
2.05
 31
0.0
  0
LINE
  5
6D4
330
17
100
AcDbEntity
  8
vidrio
100
AcDbLine
 10
4.5
 20
0.95
 30
0.0
 11
5.9
 21
2.35
 31
0.0
  0
LINE
  5
6D5
330
17
100
AcDbEntity
  8
marco-medio
100
AcDbLine
 10
4.390000000000001
 20
0.8699999999999989
 30
0.0
 11
6.01
 21
0.8699999999999989
 31
0.0
  0
LWPOLYLINE
  5
6D6
330
17
100
AcDbEntity
  8
fondo
100
AcDbPolyline
 90
4
 70
1
 10
7.8
 20
0.9
 10
9.3
 20
0.9
 10
9.3
 20
2.4
 10
7.8
 20
2.4
  0
LINE
  5
6D7
330
17
100
AcDbEntity
  8
hatch
100
AcDbLine
 10
9.158578643762691
 20
0.8999999999999995
 30
0.0
 11
9.3
 21
1.0414213562373078
 31
0.0
  0
LINE
  5
6D8
330
17
100
AcDbEntity
  8
hatch
100
AcDbLine
 10
9.017157287525382
 20
0.8999999999999995
 30
0.0
 11
9.3
 21
1.1828427124746188
 31
0.0
  0
LINE
  5
6D9
330
17
100
AcDbEntity
  8
hatch
100
AcDbLine
 10
8.875735931288073
 20
0.899999999999999
 30
0.0
 11
9.3
 21
1.3242640687119276
 31
0.0
  0
LINE
  5
6DA
330
17
100
AcDbEntity
  8
hatch
100
AcDbLine
 10
8.734314575050764
 20
0.8999999999999995
 30
0.0
 11
9.3
 21
1.4656854249492373
 31
0.0
  0
LINE
  5
6DB
330
17
100
AcDbEntity
  8
hatch
100
AcDbLine
 10
8.592893218813455
 20
0.9000000000000004
 30
0.0
 11
9.3
 21
1.6071067811865465
 31
0.0
  0
LINE
  5
6DC
330
17
100
AcDbEntity
  8
hatch
100
AcDbLine
 10
8.451471862576145
 20
0.9000000000000004
 30
0.0
 11
9.3
 21
1.7485281374238557
 31
0.0
  0
LINE
  5
6DD
330
17
100
AcDbEntity
  8
hatch
100
AcDbLine
 10
8.310050506338836
 20
0.8999999999999999
 30
0.0
 11
9.3
 21
1.8899494936611663
 31
0.0
  0
LINE
  5
6DE
330
17
100
AcDbEntity
  8
hatch
100
AcDbLine
 10
8.168629150101527
 20
0.8999999999999999
 30
0.0
 11
9.3
 21
2.0313708498984755
 31
0.0
  0
LINE
  5
6DF
330
17
100
AcDbEntity
  8
hatch
100
AcDbLine
 10
8.027207793864216
 20
0.9000000000000004
 30
0.0
 11
9.300000000000002
 21
2.172792206135786
 31
0.0
  0
LINE
  5
6E0
330
17
100
AcDbEntity
  8
hatch
100
AcDbLine
 10
7.885786437626907
 20
0.9000000000000004
 30
0.0
 11
9.3
 21
2.3142135623730935
 31
0.0
  0
LINE
  5
6E1
330
17
100
AcDbEntity
  8
hatch
100
AcDbLine
 10
7.799999999999999
 20
0.9556349186104018
 30
0.0
 11
9.244365081389597
 21
2.3999999999999995
 31
0.0
  0
LINE
  5
6E2
330
17
100
AcDbEntity
  8
hatch
100
AcDbLine
 10
7.8
 20
1.0970562748477124
 30
0.0
 11
9.102943725152286
 21
2.4
 31
0.0
  0
LINE
  5
6E3
330
17
100
AcDbEntity
  8
hatch
100
AcDbLine
 10
7.8
 20
1.2384776310850216
 30
0.0
 11
8.961522368914979
 21
2.400000000000001
 31
0.0
  0
LINE
  5
6E4
330
17
100
AcDbEntity
  8
hatch
100
AcDbLine
 10
7.799999999999999
 20
1.3798989873223313
 30
0.0
 11
8.820101012677668
 21
2.4000000000000004
 31
0.0
  0
LINE
  5
6E5
330
17
100
AcDbEntity
  8
hatch
100
AcDbLine
 10
7.799999999999999
 20
1.52132034355964
 30
0.0
 11
8.678679656440359
 21
2.4
 31
0.0
  0
LINE
  5
6E6
330
17
100
AcDbEntity
  8
hatch
100
AcDbLine
 10
7.8
 20
1.6627416997969493
 30
0.0
 11
8.53725830020305
 21
2.4
 31
0.0
  0
LINE
  5
6E7
330
17
100
AcDbEntity
  8
hatch
100
AcDbLine
 10
7.800000000000001
 20
1.8041630560342599
 30
0.0
 11
8.39583694396574
 21
2.3999999999999995
 31
0.0
  0
LINE
  5
6E8
330
17
100
AcDbEntity
  8
hatch
100
AcDbLine
 10
7.800000000000001
 20
1.945584412271569
 30
0.0
 11
8.254415587728431
 21
2.3999999999999995
 31
0.0
  0
LINE
  5
6E9
330
17
100
AcDbEntity
  8
hatch
100
AcDbLine
 10
7.8
 20
2.0870057685088788
 30
0.0
 11
8.11299423149112
 21
2.4
 31
0.0
  0
LINE
  5
6EA
330
17
100
AcDbEntity
  8
hatch
100
AcDbLine
 10
7.8
 20
2.228427124746188
 30
0.0
 11
7.971572875253812
 21
2.4
 31
0.0
  0
LINE
  5
6EB
330
17
100
AcDbEntity
  8
hatch
100
AcDbLine
 10
7.799999999999999
 20
2.3698484809834977
 30
0.0
 11
7.830151519016502
 21
2.4000000000000004
 31
0.0
  0
LWPOLYLINE
  5
6EC
330
17
100
AcDbEntity
  8
carpinteria
100
AcDbPolyline
 90
4
 70
1
 10
7.8
 20
0.9
 10
9.3
 20
0.9
 10
9.3
 20
2.4
 10
7.8
 20
2.4
  0
LWPOLYLINE
  5
6ED
330
17
100
AcDbEntity
  8
marco-medio
100
AcDbPolyline
 90
4
 70
1
 10
7.760000000000001
 20
0.8599999999999994
 10
9.34
 20
0.8599999999999994
 10
9.34
 20
2.4400000000000004
 10
7.760000000000001
 20
2.4400000000000004
  0
LINE
  5
6EE
330
17
100
AcDbEntity
  8
carpinteria
100
AcDbLine
 10
8.55
 20
0.9
 30
0.0
 11
8.55
 21
2.4
 31
0.0
  0
LINE
  5
6EF
330
17
100
AcDbEntity
  8
carpinteria
100
AcDbLine
 10
7.8
 20
2.05
 30
0.0
 11
9.3
 21
2.05
 31
0.0
  0
LINE
  5
6F0
330
17
100
AcDbEntity
  8
vidrio
100
AcDbLine
 10
7.85
 20
0.95
 30
0.0
 11
9.25
 21
2.35
 31
0.0
  0
LINE
  5
6F1
330
17
100
AcDbEntity
  8
marco-medio
100
AcDbLine
 10
7.74
 20
0.8699999999999989
 30
0.0
 11
9.360000000000003
 21
0.8699999999999989
 31
0.0
  0
LWPOLYLINE
  5
6F2
330
17
100
AcDbEntity
  8
fondo
100
AcDbPolyline
 90
4
 70
1
 10
11.15
 20
0.9
 10
12.65
 20
0.9
 10
12.65
 20
2.4
 10
11.15
 20
2.4
  0
LINE
  5
6F3
330
17
100
AcDbEntity
  8
hatch
100
AcDbLine
 10
12.508578643762691
 20
0.9000000000000004
 30
0.0
 11
12.65
 21
1.0414213562373087
 31
0.0
  0
LINE
  5
6F4
330
17
100
AcDbEntity
  8
hatch
100
AcDbLine
 10
12.367157287525382
 20
0.9000000000000004
 30
0.0
 11
12.649999999999999
 21
1.182842712474618
 31
0.0
  0
LINE
  5
6F5
330
17
100
AcDbEntity
  8
hatch
100
AcDbLine
 10
12.225735931288071
 20
0.8999999999999995
 30
0.0
 11
12.65
 21
1.324264068711929
 31
0.0
  0
LINE
  5
6F6
330
17
100
AcDbEntity
  8
hatch
100
AcDbLine
 10
12.084314575050762
 20
0.9000000000000004
 30
0.0
 11
12.65
 21
1.4656854249492381
 31
0.0
  0
LINE
  5
6F7
330
17
100
AcDbEntity
  8
hatch
100
AcDbLine
 10
11.942893218813452
 20
0.9000000000000004
 30
0.0
 11
12.649999999999999
 21
1.6071067811865474
 31
0.0
  0
LINE
  5
6F8
330
17
100
AcDbEntity
  8
hatch
100
AcDbLine
 10
11.801471862576143
 20
0.9000000000000004
 30
0.0
 11
12.649999999999999
 21
1.7485281374238566
 31
0.0
  0
LINE
  5
6F9
330
17
100
AcDbEntity
  8
hatch
100
AcDbLine
 10
11.660050506338834
 20
0.9000000000000004
 30
0.0
 11
12.649999999999999
 21
1.8899494936611658
 31
0.0
  0
LINE
  5
6FA
330
17
100
AcDbEntity
  8
hatch
100
AcDbLine
 10
11.518629150101525
 20
0.8999999999999995
 30
0.0
 11
12.65
 21
2.031370849898476
 31
0.0
  0
LINE
  5
6FB
330
17
100
AcDbEntity
  8
hatch
100
AcDbLine
 10
11.377207793864214
 20
0.9000000000000004
 30
0.0
 11
12.649999999999999
 21
2.172792206135786
 31
0.0
  0
LINE
  5
6FC
330
17
100
AcDbEntity
  8
hatch
100
AcDbLine
 10
11.235786437626906
 20
0.8999999999999995
 30
0.0
 11
12.65
 21
2.3142135623730944
 31
0.0
  0
LINE
  5
6FD
330
17
100
AcDbEntity
  8
hatch
100
AcDbLine
 10
11.150000000000002
 20
0.9556349186104036
 30
0.0
 11
12.594365081389597
 21
2.3999999999999986
 31
0.0
  0
LINE
  5
6FE
330
17
100
AcDbEntity
  8
hatch
100
AcDbLine
 10
11.149999999999999
 20
1.0970562748477137
 30
0.0
 11
12.452943725152286
 21
2.4000000000000004
 31
0.0
  0
LINE
  5
6FF
330
17
100
AcDbEntity
  8
hatch
100
AcDbLine
 10
11.149999999999999
 20
1.238477631085023
 30
0.0
 11
12.311522368914977
 21
2.4000000000000004
 31
0.0
  0
LINE
  5
700
330
17
100
AcDbEntity
  8
hatch
100
AcDbLine
 10
11.150000000000002
 20
1.379898987322333
 30
0.0
 11
12.170101012677666
 21
2.3999999999999986
 31
0.0
  0
LINE
  5
701
330
17
100
AcDbEntity
  8
hatch
100
AcDbLine
 10
11.15
 20
1.5213203435596423
 30
0.0
 11
12.028679656440357
 21
2.3999999999999995
 31
0.0
  0
LINE
  5
702
330
17
100
AcDbEntity
  8
hatch
100
AcDbLine
 10
11.15
 20
1.6627416997969515
 30
0.0
 11
11.887258300203047
 21
2.3999999999999995
 31
0.0
  0
LINE
  5
703
330
17
100
AcDbEntity
  8
hatch
100
AcDbLine
 10
11.149999999999999
 20
1.8041630560342616
 30
0.0
 11
11.745836943965738
 21
2.4000000000000004
 31
0.0
  0
LINE
  5
704
330
17
100
AcDbEntity
  8
hatch
100
AcDbLine
 10
11.15
 20
1.9455844122715709
 30
0.0
 11
11.604415587728429
 21
2.4000000000000004
 31
0.0
  0
LINE
  5
705
330
17
100
AcDbEntity
  8
hatch
100
AcDbLine
 10
11.15
 20
2.087005768508881
 30
0.0
 11
11.46299423149112
 21
2.3999999999999995
 31
0.0
  0
LINE
  5
706
330
17
100
AcDbEntity
  8
hatch
100
AcDbLine
 10
11.15
 20
2.22842712474619
 30
0.0
 11
11.32157287525381
 21
2.3999999999999995
 31
0.0
  0
LINE
  5
707
330
17
100
AcDbEntity
  8
hatch
100
AcDbLine
 10
11.15
 20
2.3698484809834994
 30
0.0
 11
11.180151519016501
 21
2.4000000000000004
 31
0.0
  0
LWPOLYLINE
  5
708
330
17
100
AcDbEntity
  8
carpinteria
100
AcDbPolyline
 90
4
 70
1
 10
11.15
 20
0.9
 10
12.65
 20
0.9
 10
12.65
 20
2.4
 10
11.15
 20
2.4
  0
LWPOLYLINE
  5
709
330
17
100
AcDbEntity
  8
marco-medio
100
AcDbPolyline
 90
4
 70
1
 10
11.110000000000003
 20
0.8599999999999994
 10
12.689999999999998
 20
0.8599999999999994
 10
12.689999999999998
 20
2.4400000000000004
 10
11.110000000000003
 20
2.4400000000000004
  0
LINE
  5
70A
330
17
100
AcDbEntity
  8
carpinteria
100
AcDbLine
 10
11.9
 20
0.9
 30
0.0
 11
11.9
 21
2.4
 31
0.0
  0
LINE
  5
70B
330
17
100
AcDbEntity
  8
carpinteria
100
AcDbLine
 10
11.15
 20
2.05
 30
0.0
 11
12.65
 21
2.05
 31
0.0
  0
LINE
  5
70C
330
17
100
AcDbEntity
  8
vidrio
100
AcDbLine
 10
11.2
 20
0.95
 30
0.0
 11
12.6
 21
2.35
 31
0.0
  0
LINE
  5
70D
330
17
100
AcDbEntity
  8
marco-medio
100
AcDbLine
 10
11.09
 20
0.8699999999999989
 30
0.0
 11
12.710000000000003
 21
0.8699999999999989
 31
0.0
  0
LWPOLYLINE
  5
70E
330
17
100
AcDbEntity
  8
fondo
100
AcDbPolyline
 90
4
 70
1
 10
14.4
 20
1.7
 10
14.9
 20
1.7
 10
14.9
 20
2.5
 10
14.4
 20
2.5
  0
LINE
  5
70F
330
17
100
AcDbEntity
  8
hatch
100
AcDbLine
 10
14.75857864376269
 20
1.6999999999999984
 30
0.0
 11
14.899999999999999
 21
1.8414213562373076
 31
0.0
  0
LINE
  5
710
330
17
100
AcDbEntity
  8
hatch
100
AcDbLine
 10
14.61715728752538
 20
1.6999999999999984
 30
0.0
 11
14.899999999999999
 21
1.9828427124746169
 31
0.0
  0
LINE
  5
711
330
17
100
AcDbEntity
  8
hatch
100
AcDbLine
 10
14.47573593128807
 20
1.7000000000000002
 30
0.0
 11
14.899999999999999
 21
2.1242640687119296
 31
0.0
  0
LINE
  5
712
330
17
100
AcDbEntity
  8
hatch
100
AcDbLine
 10
14.4
 20
1.7656854249492389
 30
0.0
 11
14.899999999999999
 21
2.265685424949239
 31
0.0
  0
LINE
  5
713
330
17
100
AcDbEntity
  8
hatch
100
AcDbLine
 10
14.4
 20
1.9071067811865472
 30
0.0
 11
14.899999999999999
 21
2.407106781186547
 31
0.0
  0
LINE
  5
714
330
17
100
AcDbEntity
  8
hatch
100
AcDbLine
 10
14.400000000000002
 20
2.0485281374238564
 30
0.0
 11
14.851471862576144
 21
2.5
 31
0.0
  0
LINE
  5
715
330
17
100
AcDbEntity
  8
hatch
100
AcDbLine
 10
14.400000000000002
 20
2.1899494936611656
 30
0.0
 11
14.710050506338835
 21
2.5
 31
0.0
  0
LINE
  5
716
330
17
100
AcDbEntity
  8
hatch
100
AcDbLine
 10
14.399999999999999
 20
2.3313708498984775
 30
0.0
 11
14.568629150101522
 21
2.499999999999999
 31
0.0
  0
LINE
  5
717
330
17
100
AcDbEntity
  8
hatch
100
AcDbLine
 10
14.4
 20
2.4727922061357868
 30
0.0
 11
14.427207793864214
 21
2.499999999999999
 31
0.0
  0
LWPOLYLINE
  5
718
330
17
100
AcDbEntity
  8
carpinteria
100
AcDbPolyline
 90
4
 70
1
 10
14.4
 20
1.7
 10
14.9
 20
1.7
 10
14.9
 20
2.5
 10
14.4
 20
2.5
  0
LWPOLYLINE
  5
719
330
17
100
AcDbEntity
  8
marco-medio
100
AcDbPolyline
 90
4
 70
1
 10
14.360000000000003
 20
1.6599999999999995
 10
14.940000000000001
 20
1.6599999999999995
 10
14.940000000000001
 20
2.5400000000000005
 10
14.360000000000003
 20
2.5400000000000005
  0
LINE
  5
71A
330
17
100
AcDbEntity
  8
carpinteria
100
AcDbLine
 10
14.4
 20
2.15
 30
0.0
 11
14.9
 21
2.15
 31
0.0
  0
LINE
  5
71B
330
17
100
AcDbEntity
  8
vidrio
100
AcDbLine
 10
14.45
 20
1.75
 30
0.0
 11
14.85
 21
2.45
 31
0.0
  0
LINE
  5
71C
330
17
100
AcDbEntity
  8
marco-medio
100
AcDbLine
 10
14.34
 20
1.6699999999999988
 30
0.0
 11
14.960000000000003
 21
1.6699999999999988
 31
0.0
  0
LWPOLYLINE
  5
71D
330
17
100
AcDbEntity
  8
fondo
100
AcDbPolyline
 90
4
 70
1
 10
17.75
 20
1.9
 10
18.950000000000003
 20
1.9
 10
18.950000000000003
 20
2.85
 10
17.75
 20
2.85
  0
LINE
  5
71E
330
17
100
AcDbEntity
  8
hatch
100
AcDbLine
 10
18.808578643762694
 20
1.9000000000000004
 30
0.0
 11
18.950000000000003
 21
2.0414213562373096
 31
0.0
  0
LINE
  5
71F
330
17
100
AcDbEntity
  8
hatch
100
AcDbLine
 10
18.667157287525384
 20
1.9000000000000004
 30
0.0
 11
18.950000000000003
 21
2.182842712474619
 31
0.0
  0
LINE
  5
720
330
17
100
AcDbEntity
  8
hatch
100
AcDbLine
 10
18.525735931288075
 20
1.9000000000000021
 30
0.0
 11
18.950000000000003
 21
2.3242640687119316
 31
0.0
  0
LINE
  5
721
330
17
100
AcDbEntity
  8
hatch
100
AcDbLine
 10
18.384314575050766
 20
1.9000000000000021
 30
0.0
 11
18.950000000000003
 21
2.465685424949241
 31
0.0
  0
LINE
  5
722
330
17
100
AcDbEntity
  8
hatch
100
AcDbLine
 10
18.242893218813453
 20
1.9000000000000004
 30
0.0
 11
18.950000000000003
 21
2.60710678118655
 31
0.0
  0
LINE
  5
723
330
17
100
AcDbEntity
  8
hatch
100
AcDbLine
 10
18.101471862576144
 20
1.8999999999999986
 30
0.0
 11
18.950000000000003
 21
2.7485281374238575
 31
0.0
  0
LINE
  5
724
330
17
100
AcDbEntity
  8
hatch
100
AcDbLine
 10
17.960050506338835
 20
1.8999999999999986
 30
0.0
 11
18.910050506338834
 21
2.8499999999999996
 31
0.0
  0
LINE
  5
725
330
17
100
AcDbEntity
  8
hatch
100
AcDbLine
 10
17.818629150101522
 20
1.9000000000000004
 30
0.0
 11
18.768629150101525
 21
2.8499999999999996
 31
0.0
  0
LINE
  5
726
330
17
100
AcDbEntity
  8
hatch
100
AcDbLine
 10
17.749999999999996
 20
1.972792206135784
 30
0.0
 11
18.627207793864216
 21
2.8499999999999996
 31
0.0
  0
LINE
  5
727
330
17
100
AcDbEntity
  8
hatch
100
AcDbLine
 10
17.749999999999996
 20
2.1142135623730915
 30
0.0
 11
18.485786437626906
 21
2.8499999999999996
 31
0.0
  0
LINE
  5
728
330
17
100
AcDbEntity
  8
hatch
100
AcDbLine
 10
17.749999999999996
 20
2.2556349186104008
 30
0.0
 11
18.344365081389597
 21
2.8499999999999996
 31
0.0
  0
LINE
  5
729
330
17
100
AcDbEntity
  8
hatch
100
AcDbLine
 10
17.75
 20
2.3970562748477118
 30
0.0
 11
18.202943725152288
 21
2.8499999999999996
 31
0.0
  0
LINE
  5
72A
330
17
100
AcDbEntity
  8
hatch
100
AcDbLine
 10
17.75
 20
2.5384776310850237
 30
0.0
 11
18.061522368914975
 21
2.8499999999999988
 31
0.0
  0
LINE
  5
72B
330
17
100
AcDbEntity
  8
hatch
100
AcDbLine
 10
17.75
 20
2.679898987322333
 30
0.0
 11
17.920101012677666
 21
2.8499999999999988
 31
0.0
  0
LINE
  5
72C
330
17
100
AcDbEntity
  8
hatch
100
AcDbLine
 10
17.75
 20
2.821320343559642
 30
0.0
 11
17.778679656440357
 21
2.8499999999999988
 31
0.0
  0
LWPOLYLINE
  5
72D
330
17
100
AcDbEntity
  8
carpinteria
100
AcDbPolyline
 90
4
 70
1
 10
17.75
 20
1.9
 10
18.950000000000003
 20
1.9
 10
18.950000000000003
 20
2.85
 10
17.75
 20
2.85
  0
LWPOLYLINE
  5
72E
330
17
100
AcDbEntity
  8
marco-medio
100
AcDbPolyline
 90
4
 70
1
 10
17.71
 20
1.8599999999999994
 10
18.990000000000002
 20
1.8599999999999994
 10
18.990000000000002
 20
2.8900000000000006
 10
17.71
 20
2.8900000000000006
  0
LINE
  5
72F
330
17
100
AcDbEntity
  8
carpinteria
100
AcDbLine
 10
18.35
 20
1.9
 30
0.0
 11
18.35
 21
2.85
 31
0.0
  0
LINE
  5
730
330
17
100
AcDbEntity
  8
carpinteria
100
AcDbLine
 10
17.75
 20
2.5
 30
0.0
 11
18.950000000000003
 21
2.5
 31
0.0
  0
LINE
  5
731
330
17
100
AcDbEntity
  8
vidrio
100
AcDbLine
 10
17.8
 20
1.95
 30
0.0
 11
18.900000000000002
 21
2.8
 31
0.0
  0
LINE
  5
732
330
17
100
AcDbEntity
  8
marco-medio
100
AcDbLine
 10
17.69
 20
1.8699999999999988
 30
0.0
 11
19.01
 21
1.8699999999999988
 31
0.0
  0
LWPOLYLINE
  5
733
330
17
100
AcDbEntity
  8
fondo
100
AcDbPolyline
 90
4
 70
1
 10
1.1
 20
4.15
 10
2.6
 20
4.15
 10
2.6
 20
5.65
 10
1.1
 20
5.65
  0
LINE
  5
734
330
17
100
AcDbEntity
  8
hatch
100
AcDbLine
 10
2.4585786437626904
 20
4.15
 30
0.0
 11
2.6
 21
4.29142135623731
 31
0.0
  0
LINE
  5
735
330
17
100
AcDbEntity
  8
hatch
100
AcDbLine
 10
2.317157287525381
 20
4.15
 30
0.0
 11
2.6000000000000005
 21
4.43284271247462
 31
0.0
  0
LINE
  5
736
330
17
100
AcDbEntity
  8
hatch
100
AcDbLine
 10
2.1757359312880715
 20
4.15
 30
0.0
 11
2.6
 21
4.574264068711929
 31
0.0
  0
LINE
  5
737
330
17
100
AcDbEntity
  8
hatch
100
AcDbLine
 10
2.034314575050762
 20
4.15
 30
0.0
 11
2.6
 21
4.715685424949238
 31
0.0
  0
LINE
  5
738
330
17
100
AcDbEntity
  8
hatch
100
AcDbLine
 10
1.8928932188134524
 20
4.15
 30
0.0
 11
2.6000000000000005
 21
4.857106781186547
 31
0.0
  0
LINE
  5
739
330
17
100
AcDbEntity
  8
hatch
100
AcDbLine
 10
1.7514718625761425
 20
4.15
 30
0.0
 11
2.5999999999999996
 21
4.9985281374238575
 31
0.0
  0
LINE
  5
73A
330
17
100
AcDbEntity
  8
hatch
100
AcDbLine
 10
1.6100505063388337
 20
4.15
 30
0.0
 11
2.6000000000000005
 21
5.139949493661167
 31
0.0
  0
LINE
  5
73B
330
17
100
AcDbEntity
  8
hatch
100
AcDbLine
 10
1.4686291501015238
 20
4.15
 30
0.0
 11
2.5999999999999996
 21
5.281370849898476
 31
0.0
  0
LINE
  5
73C
330
17
100
AcDbEntity
  8
hatch
100
AcDbLine
 10
1.3272077938642146
 20
4.15
 30
0.0
 11
2.6000000000000005
 21
5.422792206135785
 31
0.0
  0
LINE
  5
73D
330
17
100
AcDbEntity
  8
hatch
100
AcDbLine
 10
1.1857864376269047
 20
4.15
 30
0.0
 11
2.599999999999999
 21
5.564213562373095
 31
0.0
  0
LINE
  5
73E
330
17
100
AcDbEntity
  8
hatch
100
AcDbLine
 10
1.1000000000000003
 20
4.205634918610405
 30
0.0
 11
2.5443650813895955
 21
5.65
 31
0.0
  0
LINE
  5
73F
330
17
100
AcDbEntity
  8
hatch
100
AcDbLine
 10
1.1000000000000003
 20
4.347056274847715
 30
0.0
 11
2.4029437251522863
 21
5.65
 31
0.0
  0
LINE
  5
740
330
17
100
AcDbEntity
  8
hatch
100
AcDbLine
 10
1.1000000000000003
 20
4.488477631085024
 30
0.0
 11
2.261522368914977
 21
5.65
 31
0.0
  0
LINE
  5
741
330
17
100
AcDbEntity
  8
hatch
100
AcDbLine
 10
1.1000000000000003
 20
4.629898987322334
 30
0.0
 11
2.120101012677667
 21
5.65
 31
0.0
  0
LINE
  5
742
330
17
100
AcDbEntity
  8
hatch
100
AcDbLine
 10
1.0999999999999999
 20
4.771320343559642
 30
0.0
 11
1.978679656440358
 21
5.65
 31
0.0
  0
LINE
  5
743
330
17
100
AcDbEntity
  8
hatch
100
AcDbLine
 10
1.1
 20
4.912741699796952
 30
0.0
 11
1.837258300203048
 21
5.65
 31
0.0
  0
LINE
  5
744
330
17
100
AcDbEntity
  8
hatch
100
AcDbLine
 10
1.1
 20
5.0541630560342625
 30
0.0
 11
1.6958369439657388
 21
5.65
 31
0.0
  0
LINE
  5
745
330
17
100
AcDbEntity
  8
hatch
100
AcDbLine
 10
1.1
 20
5.195584412271572
 30
0.0
 11
1.5544155877284296
 21
5.65
 31
0.0
  0
LINE
  5
746
330
17
100
AcDbEntity
  8
hatch
100
AcDbLine
 10
1.1
 20
5.337005768508881
 30
0.0
 11
1.4129942314911195
 21
5.65
 31
0.0
  0
LINE
  5
747
330
17
100
AcDbEntity
  8
hatch
100
AcDbLine
 10
1.1
 20
5.47842712474619
 30
0.0
 11
1.2715728752538102
 21
5.65
 31
0.0
  0
LINE
  5
748
330
17
100
AcDbEntity
  8
hatch
100
AcDbLine
 10
1.1000000000000005
 20
5.6198484809835
 30
0.0
 11
1.130151519016501
 21
5.65
 31
0.0
  0
LWPOLYLINE
  5
749
330
17
100
AcDbEntity
  8
carpinteria
100
AcDbPolyline
 90
4
 70
1
 10
1.1
 20
4.15
 10
2.6
 20
4.15
 10
2.6
 20
5.65
 10
1.1
 20
5.65
  0
LWPOLYLINE
  5
74A
330
17
100
AcDbEntity
  8
marco-medio
100
AcDbPolyline
 90
4
 70
1
 10
1.06
 20
4.109999999999999
 10
2.6400000000000006
 20
4.109999999999999
 10
2.6400000000000006
 20
5.69
 10
1.06
 20
5.69
  0
LINE
  5
74B
330
17
100
AcDbEntity
  8
carpinteria
100
AcDbLine
 10
1.85
 20
4.15
 30
0.0
 11
1.85
 21
5.65
 31
0.0
  0
LINE
  5
74C
330
17
100
AcDbEntity
  8
carpinteria
100
AcDbLine
 10
1.1
 20
5.3
 30
0.0
 11
2.6
 21
5.3
 31
0.0
  0
LINE
  5
74D
330
17
100
AcDbEntity
  8
vidrio
100
AcDbLine
 10
1.15
 20
4.2
 30
0.0
 11
2.55
 21
5.6
 31
0.0
  0
LINE
  5
74E
330
17
100
AcDbEntity
  8
marco-medio
100
AcDbLine
 10
1.0399999999999998
 20
4.119999999999999
 30
0.0
 11
2.6599999999999993
 21
4.119999999999999
 31
0.0
  0
LWPOLYLINE
  5
74F
330
17
100
AcDbEntity
  8
fondo
100
AcDbPolyline
 90
4
 70
1
 10
4.45
 20
4.15
 10
5.95
 20
4.15
 10
5.95
 20
5.65
 10
4.45
 20
5.65
  0
LINE
  5
750
330
17
100
AcDbEntity
  8
hatch
100
AcDbLine
 10
5.808578643762691
 20
4.15
 30
0.0
 11
5.95
 21
4.29142135623731
 31
0.0
  0
LINE
  5
751
330
17
100
AcDbEntity
  8
hatch
100
AcDbLine
 10
5.667157287525381
 20
4.1499999999999995
 30
0.0
 11
5.95
 21
4.432842712474619
 31
0.0
  0
LINE
  5
752
330
17
100
AcDbEntity
  8
hatch
100
AcDbLine
 10
5.525735931288072
 20
4.15
 30
0.0
 11
5.950000000000001
 21
4.57426406871193
 31
0.0
  0
LINE
  5
753
330
17
100
AcDbEntity
  8
hatch
100
AcDbLine
 10
5.3843145750507615
 20
4.15
 30
0.0
 11
5.95
 21
4.715685424949239
 31
0.0
  0
LINE
  5
754
330
17
100
AcDbEntity
  8
hatch
100
AcDbLine
 10
5.242893218813452
 20
4.15
 30
0.0
 11
5.95
 21
4.857106781186548
 31
0.0
  0
LINE
  5
755
330
17
100
AcDbEntity
  8
hatch
100
AcDbLine
 10
5.101471862576143
 20
4.15
 30
0.0
 11
5.95
 21
4.9985281374238575
 31
0.0
  0
LINE
  5
756
330
17
100
AcDbEntity
  8
hatch
100
AcDbLine
 10
4.960050506338833
 20
4.15
 30
0.0
 11
5.950000000000001
 21
5.139949493661168
 31
0.0
  0
LINE
  5
757
330
17
100
AcDbEntity
  8
hatch
100
AcDbLine
 10
4.818629150101525
 20
4.15
 30
0.0
 11
5.950000000000001
 21
5.281370849898477
 31
0.0
  0
LINE
  5
758
330
17
100
AcDbEntity
  8
hatch
100
AcDbLine
 10
4.6772077938642145
 20
4.1499999999999995
 30
0.0
 11
5.95
 21
5.422792206135785
 31
0.0
  0
LINE
  5
759
330
17
100
AcDbEntity
  8
hatch
100
AcDbLine
 10
4.535786437626904
 20
4.15
 30
0.0
 11
5.950000000000001
 21
5.564213562373097
 31
0.0
  0
LINE
  5
75A
330
17
100
AcDbEntity
  8
hatch
100
AcDbLine
 10
4.45
 20
4.205634918610405
 30
0.0
 11
5.894365081389596
 21
5.650000000000001
 31
0.0
  0
LINE
  5
75B
330
17
100
AcDbEntity
  8
hatch
100
AcDbLine
 10
4.45
 20
4.347056274847715
 30
0.0
 11
5.752943725152287
 21
5.650000000000001
 31
0.0
  0
LINE
  5
75C
330
17
100
AcDbEntity
  8
hatch
100
AcDbLine
 10
4.45
 20
4.488477631085024
 30
0.0
 11
5.611522368914978
 21
5.650000000000001
 31
0.0
  0
LINE
  5
75D
330
17
100
AcDbEntity
  8
hatch
100
AcDbLine
 10
4.450000000000001
 20
4.629898987322334
 30
0.0
 11
5.4701010126776675
 21
5.65
 31
0.0
  0
LINE
  5
75E
330
17
100
AcDbEntity
  8
hatch
100
AcDbLine
 10
4.450000000000001
 20
4.771320343559643
 30
0.0
 11
5.328679656440358
 21
5.65
 31
0.0
  0
LINE
  5
75F
330
17
100
AcDbEntity
  8
hatch
100
AcDbLine
 10
4.449999999999999
 20
4.912741699796953
 30
0.0
 11
5.187258300203048
 21
5.650000000000001
 31
0.0
  0
LINE
  5
760
330
17
100
AcDbEntity
  8
hatch
100
AcDbLine
 10
4.45
 20
5.0541630560342625
 30
0.0
 11
5.045836943965738
 21
5.65
 31
0.0
  0
LINE
  5
761
330
17
100
AcDbEntity
  8
hatch
100
AcDbLine
 10
4.45
 20
5.195584412271572
 30
0.0
 11
4.904415587728429
 21
5.65
 31
0.0
  0
LINE
  5
762
330
17
100
AcDbEntity
  8
hatch
100
AcDbLine
 10
4.45
 20
5.337005768508881
 30
0.0
 11
4.76299423149112
 21
5.65
 31
0.0
  0
LINE
  5
763
330
17
100
AcDbEntity
  8
hatch
100
AcDbLine
 10
4.45
 20
5.47842712474619
 30
0.0
 11
4.62157287525381
 21
5.65
 31
0.0
  0
LINE
  5
764
330
17
100
AcDbEntity
  8
hatch
100
AcDbLine
 10
4.45
 20
5.619848480983499
 30
0.0
 11
4.4801515190165
 21
5.6499999999999995
 31
0.0
  0
LWPOLYLINE
  5
765
330
17
100
AcDbEntity
  8
carpinteria
100
AcDbPolyline
 90
4
 70
1
 10
4.45
 20
4.15
 10
5.95
 20
4.15
 10
5.95
 20
5.65
 10
4.45
 20
5.65
  0
LWPOLYLINE
  5
766
330
17
100
AcDbEntity
  8
marco-medio
100
AcDbPolyline
 90
4
 70
1
 10
4.409999999999999
 20
4.109999999999999
 10
5.99
 20
4.109999999999999
 10
5.99
 20
5.69
 10
4.409999999999999
 20
5.69
  0
LINE
  5
767
330
17
100
AcDbEntity
  8
carpinteria
100
AcDbLine
 10
5.2
 20
4.15
 30
0.0
 11
5.2
 21
5.65
 31
0.0
  0
LINE
  5
768
330
17
100
AcDbEntity
  8
carpinteria
100
AcDbLine
 10
4.45
 20
5.3
 30
0.0
 11
5.95
 21
5.3
 31
0.0
  0
LINE
  5
769
330
17
100
AcDbEntity
  8
vidrio
100
AcDbLine
 10
4.5
 20
4.2
 30
0.0
 11
5.9
 21
5.6
 31
0.0
  0
LINE
  5
76A
330
17
100
AcDbEntity
  8
marco-medio
100
AcDbLine
 10
4.390000000000001
 20
4.119999999999999
 30
0.0
 11
6.01
 21
4.119999999999999
 31
0.0
  0
LWPOLYLINE
  5
76B
330
17
100
AcDbEntity
  8
fondo
100
AcDbPolyline
 90
4
 70
1
 10
7.8
 20
4.15
 10
9.3
 20
4.15
 10
9.3
 20
5.65
 10
7.8
 20
5.65
  0
LINE
  5
76C
330
17
100
AcDbEntity
  8
hatch
100
AcDbLine
 10
9.158578643762691
 20
4.15
 30
0.0
 11
9.3
 21
4.29142135623731
 31
0.0
  0
LINE
  5
76D
330
17
100
AcDbEntity
  8
hatch
100
AcDbLine
 10
9.017157287525382
 20
4.15
 30
0.0
 11
9.3
 21
4.432842712474619
 31
0.0
  0
LINE
  5
76E
330
17
100
AcDbEntity
  8
hatch
100
AcDbLine
 10
8.875735931288073
 20
4.15
 30
0.0
 11
9.3
 21
4.574264068711928
 31
0.0
  0
LINE
  5
76F
330
17
100
AcDbEntity
  8
hatch
100
AcDbLine
 10
8.734314575050764
 20
4.149999999999999
 30
0.0
 11
9.3
 21
4.715685424949237
 31
0.0
  0
LINE
  5
770
330
17
100
AcDbEntity
  8
hatch
100
AcDbLine
 10
8.592893218813453
 20
4.15
 30
0.0
 11
9.3
 21
4.857106781186547
 31
0.0
  0
LINE
  5
771
330
17
100
AcDbEntity
  8
hatch
100
AcDbLine
 10
8.451471862576144
 20
4.15
 30
0.0
 11
9.300000000000002
 21
4.9985281374238575
 31
0.0
  0
LINE
  5
772
330
17
100
AcDbEntity
  8
hatch
100
AcDbLine
 10
8.310050506338834
 20
4.15
 30
0.0
 11
9.300000000000002
 21
5.139949493661167
 31
0.0
  0
LINE
  5
773
330
17
100
AcDbEntity
  8
hatch
100
AcDbLine
 10
8.168629150101525
 20
4.15
 30
0.0
 11
9.3
 21
5.281370849898476
 31
0.0
  0
LINE
  5
774
330
17
100
AcDbEntity
  8
hatch
100
AcDbLine
 10
8.027207793864216
 20
4.15
 30
0.0
 11
9.3
 21
5.422792206135785
 31
0.0
  0
LINE
  5
775
330
17
100
AcDbEntity
  8
hatch
100
AcDbLine
 10
7.885786437626906
 20
4.15
 30
0.0
 11
9.300000000000002
 21
5.564213562373096
 31
0.0
  0
LINE
  5
776
330
17
100
AcDbEntity
  8
hatch
100
AcDbLine
 10
7.800000000000001
 20
4.2056349186104045
 30
0.0
 11
9.244365081389597
 21
5.650000000000001
 31
0.0
  0
LINE
  5
777
330
17
100
AcDbEntity
  8
hatch
100
AcDbLine
 10
7.800000000000001
 20
4.347056274847714
 30
0.0
 11
9.102943725152288
 21
5.650000000000001
 31
0.0
  0
LINE
  5
778
330
17
100
AcDbEntity
  8
hatch
100
AcDbLine
 10
7.800000000000001
 20
4.488477631085023
 30
0.0
 11
8.961522368914979
 21
5.650000000000001
 31
0.0
  0
LINE
  5
779
330
17
100
AcDbEntity
  8
hatch
100
AcDbLine
 10
7.8
 20
4.629898987322333
 30
0.0
 11
8.820101012677668
 21
5.65
 31
0.0
  0
LINE
  5
77A
330
17
100
AcDbEntity
  8
hatch
100
AcDbLine
 10
7.8
 20
4.771320343559642
 30
0.0
 11
8.678679656440359
 21
5.65
 31
0.0
  0
LINE
  5
77B
330
17
100
AcDbEntity
  8
hatch
100
AcDbLine
 10
7.800000000000001
 20
4.912741699796952
 30
0.0
 11
8.53725830020305
 21
5.650000000000001
 31
0.0
  0
LINE
  5
77C
330
17
100
AcDbEntity
  8
hatch
100
AcDbLine
 10
7.800000000000001
 20
5.054163056034262
 30
0.0
 11
8.395836943965739
 21
5.65
 31
0.0
  0
LINE
  5
77D
330
17
100
AcDbEntity
  8
hatch
100
AcDbLine
 10
7.800000000000001
 20
5.195584412271571
 30
0.0
 11
8.25441558772843
 21
5.65
 31
0.0
  0
LINE
  5
77E
330
17
100
AcDbEntity
  8
hatch
100
AcDbLine
 10
7.800000000000001
 20
5.33700576850888
 30
0.0
 11
8.11299423149112
 21
5.65
 31
0.0
  0
LINE
  5
77F
330
17
100
AcDbEntity
  8
hatch
100
AcDbLine
 10
7.800000000000001
 20
5.478427124746189
 30
0.0
 11
7.971572875253811
 21
5.65
 31
0.0
  0
LINE
  5
780
330
17
100
AcDbEntity
  8
hatch
100
AcDbLine
 10
7.800000000000001
 20
5.619848480983499
 30
0.0
 11
7.830151519016502
 21
5.65
 31
0.0
  0
LWPOLYLINE
  5
781
330
17
100
AcDbEntity
  8
carpinteria
100
AcDbPolyline
 90
4
 70
1
 10
7.8
 20
4.15
 10
9.3
 20
4.15
 10
9.3
 20
5.65
 10
7.8
 20
5.65
  0
LWPOLYLINE
  5
782
330
17
100
AcDbEntity
  8
marco-medio
100
AcDbPolyline
 90
4
 70
1
 10
7.760000000000001
 20
4.109999999999999
 10
9.34
 20
4.109999999999999
 10
9.34
 20
5.69
 10
7.760000000000001
 20
5.69
  0
LINE
  5
783
330
17
100
AcDbEntity
  8
carpinteria
100
AcDbLine
 10
8.55
 20
4.15
 30
0.0
 11
8.55
 21
5.65
 31
0.0
  0
LINE
  5
784
330
17
100
AcDbEntity
  8
carpinteria
100
AcDbLine
 10
7.8
 20
5.3
 30
0.0
 11
9.3
 21
5.3
 31
0.0
  0
LINE
  5
785
330
17
100
AcDbEntity
  8
vidrio
100
AcDbLine
 10
7.85
 20
4.2
 30
0.0
 11
9.25
 21
5.6
 31
0.0
  0
LINE
  5
786
330
17
100
AcDbEntity
  8
marco-medio
100
AcDbLine
 10
7.74
 20
4.119999999999999
 30
0.0
 11
9.360000000000003
 21
4.119999999999999
 31
0.0
  0
LWPOLYLINE
  5
787
330
17
100
AcDbEntity
  8
fondo
100
AcDbPolyline
 90
4
 70
1
 10
11.15
 20
4.15
 10
12.65
 20
4.15
 10
12.65
 20
5.65
 10
11.15
 20
5.65
  0
LINE
  5
788
330
17
100
AcDbEntity
  8
hatch
100
AcDbLine
 10
12.50857864376269
 20
4.149999999999999
 30
0.0
 11
12.649999999999999
 21
4.291421356237308
 31
0.0
  0
LINE
  5
789
330
17
100
AcDbEntity
  8
hatch
100
AcDbLine
 10
12.36715728752538
 20
4.149999999999999
 30
0.0
 11
12.649999999999999
 21
4.432842712474617
 31
0.0
  0
LINE
  5
78A
330
17
100
AcDbEntity
  8
hatch
100
AcDbLine
 10
12.225735931288071
 20
4.149999999999999
 30
0.0
 11
12.649999999999999
 21
4.574264068711926
 31
0.0
  0
LINE
  5
78B
330
17
100
AcDbEntity
  8
hatch
100
AcDbLine
 10
12.084314575050762
 20
4.1499999999999995
 30
0.0
 11
12.649999999999999
 21
4.715685424949238
 31
0.0
  0
LINE
  5
78C
330
17
100
AcDbEntity
  8
hatch
100
AcDbLine
 10
11.942893218813452
 20
4.149999999999999
 30
0.0
 11
12.649999999999999
 21
4.8571067811865465
 31
0.0
  0
LINE
  5
78D
330
17
100
AcDbEntity
  8
hatch
100
AcDbLine
 10
11.801471862576143
 20
4.15
 30
0.0
 11
12.649999999999999
 21
4.9985281374238575
 31
0.0
  0
LINE
  5
78E
330
17
100
AcDbEntity
  8
hatch
100
AcDbLine
 10
11.660050506338834
 20
4.1499999999999995
 30
0.0
 11
12.649999999999999
 21
5.139949493661164
 31
0.0
  0
LINE
  5
78F
330
17
100
AcDbEntity
  8
hatch
100
AcDbLine
 10
11.518629150101525
 20
4.1499999999999995
 30
0.0
 11
12.649999999999999
 21
5.281370849898473
 31
0.0
  0
LINE
  5
790
330
17
100
AcDbEntity
  8
hatch
100
AcDbLine
 10
11.377207793864214
 20
4.149999999999999
 30
0.0
 11
12.65
 21
5.422792206135785
 31
0.0
  0
LINE
  5
791
330
17
100
AcDbEntity
  8
hatch
100
AcDbLine
 10
11.235786437626905
 20
4.149999999999999
 30
0.0
 11
12.65
 21
5.564213562373094
 31
0.0
  0
LINE
  5
792
330
17
100
AcDbEntity
  8
hatch
100
AcDbLine
 10
11.15
 20
4.2056349186104045
 30
0.0
 11
12.594365081389595
 21
5.649999999999999
 31
0.0
  0
LINE
  5
793
330
17
100
AcDbEntity
  8
hatch
100
AcDbLine
 10
11.15
 20
4.347056274847713
 30
0.0
 11
12.452943725152286
 21
5.649999999999999
 31
0.0
  0
LINE
  5
794
330
17
100
AcDbEntity
  8
hatch
100
AcDbLine
 10
11.15
 20
4.488477631085022
 30
0.0
 11
12.311522368914977
 21
5.649999999999999
 31
0.0
  0
LINE
  5
795
330
17
100
AcDbEntity
  8
hatch
100
AcDbLine
 10
11.15
 20
4.629898987322333
 30
0.0
 11
12.170101012677666
 21
5.649999999999999
 31
0.0
  0
LINE
  5
796
330
17
100
AcDbEntity
  8
hatch
100
AcDbLine
 10
11.15
 20
4.771320343559642
 30
0.0
 11
12.028679656440357
 21
5.65
 31
0.0
  0
LINE
  5
797
330
17
100
AcDbEntity
  8
hatch
100
AcDbLine
 10
11.149999999999999
 20
4.912741699796952
 30
0.0
 11
11.887258300203047
 21
5.650000000000001
 31
0.0
  0
LINE
  5
798
330
17
100
AcDbEntity
  8
hatch
100
AcDbLine
 10
11.149999999999999
 20
5.054163056034262
 30
0.0
 11
11.745836943965738
 21
5.650000000000001
 31
0.0
  0
LINE
  5
799
330
17
100
AcDbEntity
  8
hatch
100
AcDbLine
 10
11.150000000000002
 20
5.19558441227157
 30
0.0
 11
11.604415587728429
 21
5.65
 31
0.0
  0
LINE
  5
79A
330
17
100
AcDbEntity
  8
hatch
100
AcDbLine
 10
11.15
 20
5.337005768508881
 30
0.0
 11
11.462994231491122
 21
5.650000000000002
 31
0.0
  0
LINE
  5
79B
330
17
100
AcDbEntity
  8
hatch
100
AcDbLine
 10
11.15
 20
5.478427124746189
 30
0.0
 11
11.321572875253812
 21
5.650000000000001
 31
0.0
  0
LINE
  5
79C
330
17
100
AcDbEntity
  8
hatch
100
AcDbLine
 10
11.15
 20
5.619848480983499
 30
0.0
 11
11.180151519016503
 21
5.650000000000002
 31
0.0
  0
LWPOLYLINE
  5
79D
330
17
100
AcDbEntity
  8
carpinteria
100
AcDbPolyline
 90
4
 70
1
 10
11.15
 20
4.15
 10
12.65
 20
4.15
 10
12.65
 20
5.65
 10
11.15
 20
5.65
  0
LWPOLYLINE
  5
79E
330
17
100
AcDbEntity
  8
marco-medio
100
AcDbPolyline
 90
4
 70
1
 10
11.110000000000003
 20
4.109999999999999
 10
12.689999999999998
 20
4.109999999999999
 10
12.689999999999998
 20
5.69
 10
11.110000000000003
 20
5.69
  0
LINE
  5
79F
330
17
100
AcDbEntity
  8
carpinteria
100
AcDbLine
 10
11.9
 20
4.15
 30
0.0
 11
11.9
 21
5.65
 31
0.0
  0
LINE
  5
7A0
330
17
100
AcDbEntity
  8
carpinteria
100
AcDbLine
 10
11.15
 20
5.3
 30
0.0
 11
12.65
 21
5.3
 31
0.0
  0
LINE
  5
7A1
330
17
100
AcDbEntity
  8
vidrio
100
AcDbLine
 10
11.2
 20
4.2
 30
0.0
 11
12.6
 21
5.6
 31
0.0
  0
LINE
  5
7A2
330
17
100
AcDbEntity
  8
marco-medio
100
AcDbLine
 10
11.09
 20
4.119999999999999
 30
0.0
 11
12.710000000000003
 21
4.119999999999999
 31
0.0
  0
LWPOLYLINE
  5
7A3
330
17
100
AcDbEntity
  8
fondo
100
AcDbPolyline
 90
4
 70
1
 10
14.4
 20
4.95
 10
14.9
 20
4.95
 10
14.9
 20
5.75
 10
14.4
 20
5.75
  0
LINE
  5
7A4
330
17
100
AcDbEntity
  8
hatch
100
AcDbLine
 10
14.75857864376269
 20
4.949999999999999
 30
0.0
 11
14.899999999999999
 21
5.0914213562373085
 31
0.0
  0
LINE
  5
7A5
330
17
100
AcDbEntity
  8
hatch
100
AcDbLine
 10
14.61715728752538
 20
4.95
 30
0.0
 11
14.9
 21
5.23284271247462
 31
0.0
  0
LINE
  5
7A6
330
17
100
AcDbEntity
  8
hatch
100
AcDbLine
 10
14.475735931288071
 20
4.95
 30
0.0
 11
14.9
 21
5.37426406871193
 31
0.0
  0
LINE
  5
7A7
330
17
100
AcDbEntity
  8
hatch
100
AcDbLine
 10
14.4
 20
5.015685424949239
 30
0.0
 11
14.9
 21
5.515685424949239
 31
0.0
  0
LINE
  5
7A8
330
17
100
AcDbEntity
  8
hatch
100
AcDbLine
 10
14.4
 20
5.157106781186548
 30
0.0
 11
14.9
 21
5.657106781186548
 31
0.0
  0
LINE
  5
7A9
330
17
100
AcDbEntity
  8
hatch
100
AcDbLine
 10
14.4
 20
5.298528137423857
 30
0.0
 11
14.851471862576144
 21
5.750000000000001
 31
0.0
  0
LINE
  5
7AA
330
17
100
AcDbEntity
  8
hatch
100
AcDbLine
 10
14.400000000000002
 20
5.439949493661169
 30
0.0
 11
14.710050506338833
 21
5.750000000000002
 31
0.0
  0
LINE
  5
7AB
330
17
100
AcDbEntity
  8
hatch
100
AcDbLine
 10
14.400000000000002
 20
5.581370849898478
 30
0.0
 11
14.568629150101524
 21
5.750000000000002
 31
0.0
  0
LINE
  5
7AC
330
17
100
AcDbEntity
  8
hatch
100
AcDbLine
 10
14.400000000000002
 20
5.722792206135788
 30
0.0
 11
14.427207793864216
 21
5.750000000000002
 31
0.0
  0
LWPOLYLINE
  5
7AD
330
17
100
AcDbEntity
  8
carpinteria
100
AcDbPolyline
 90
4
 70
1
 10
14.4
 20
4.95
 10
14.9
 20
4.95
 10
14.9
 20
5.75
 10
14.4
 20
5.75
  0
LWPOLYLINE
  5
7AE
330
17
100
AcDbEntity
  8
marco-medio
100
AcDbPolyline
 90
4
 70
1
 10
14.360000000000003
 20
4.909999999999999
 10
14.940000000000001
 20
4.909999999999999
 10
14.940000000000001
 20
5.790000000000001
 10
14.360000000000003
 20
5.790000000000001
  0
LINE
  5
7AF
330
17
100
AcDbEntity
  8
carpinteria
100
AcDbLine
 10
14.4
 20
5.4
 30
0.0
 11
14.9
 21
5.4
 31
0.0
  0
LINE
  5
7B0
330
17
100
AcDbEntity
  8
vidrio
100
AcDbLine
 10
14.45
 20
5.0
 30
0.0
 11
14.85
 21
5.7
 31
0.0
  0
LINE
  5
7B1
330
17
100
AcDbEntity
  8
marco-medio
100
AcDbLine
 10
14.34
 20
4.919999999999999
 30
0.0
 11
14.960000000000003
 21
4.919999999999999
 31
0.0
  0
LWPOLYLINE
  5
7B2
330
17
100
AcDbEntity
  8
fondo
100
AcDbPolyline
 90
4
 70
1
 10
17.75
 20
5.0
 10
18.950000000000003
 20
5.0
 10
18.950000000000003
 20
5.85
 10
17.75
 20
5.85
  0
LINE
  5
7B3
330
17
100
AcDbEntity
  8
hatch
100
AcDbLine
 10
18.808578643762694
 20
5.000000000000001
 30
0.0
 11
18.950000000000003
 21
5.141421356237308
 31
0.0
  0
LINE
  5
7B4
330
17
100
AcDbEntity
  8
hatch
100
AcDbLine
 10
18.667157287525384
 20
5.000000000000001
 30
0.0
 11
18.950000000000003
 21
5.282842712474619
 31
0.0
  0
LINE
  5
7B5
330
17
100
AcDbEntity
  8
hatch
100
AcDbLine
 10
18.525735931288075
 20
5.000000000000002
 30
0.0
 11
18.950000000000003
 21
5.424264068711931
 31
0.0
  0
LINE
  5
7B6
330
17
100
AcDbEntity
  8
hatch
100
AcDbLine
 10
18.384314575050762
 20
5.0
 30
0.0
 11
18.950000000000003
 21
5.565685424949239
 31
0.0
  0
LINE
  5
7B7
330
17
100
AcDbEntity
  8
hatch
100
AcDbLine
 10
18.242893218813453
 20
4.999999999999998
 30
0.0
 11
18.95
 21
5.707106781186546
 31
0.0
  0
LINE
  5
7B8
330
17
100
AcDbEntity
  8
hatch
100
AcDbLine
 10
18.101471862576144
 20
5.0
 30
0.0
 11
18.950000000000003
 21
5.848528137423857
 31
0.0
  0
LINE
  5
7B9
330
17
100
AcDbEntity
  8
hatch
100
AcDbLine
 10
17.960050506338835
 20
4.999999999999998
 30
0.0
 11
18.810050506338836
 21
5.85
 31
0.0
  0
LINE
  5
7BA
330
17
100
AcDbEntity
  8
hatch
100
AcDbLine
 10
17.818629150101522
 20
4.999999999999999
 30
0.0
 11
18.668629150101523
 21
5.849999999999999
 31
0.0
  0
LINE
  5
7BB
330
17
100
AcDbEntity
  8
hatch
100
AcDbLine
 10
17.749999999999996
 20
5.072792206135781
 30
0.0
 11
18.527207793864214
 21
5.8500000000000005
 31
0.0
  0
LINE
  5
7BC
330
17
100
AcDbEntity
  8
hatch
100
AcDbLine
 10
17.75
 20
5.214213562373092
 30
0.0
 11
18.385786437626905
 21
5.8500000000000005
 31
0.0
  0
LINE
  5
7BD
330
17
100
AcDbEntity
  8
hatch
100
AcDbLine
 10
17.75
 20
5.355634918610401
 30
0.0
 11
18.244365081389596
 21
5.849999999999999
 31
0.0
  0
LINE
  5
7BE
330
17
100
AcDbEntity
  8
hatch
100
AcDbLine
 10
17.75
 20
5.49705627484771
 30
0.0
 11
18.10294372515229
 21
5.85
 31
0.0
  0
LINE
  5
7BF
330
17
100
AcDbEntity
  8
hatch
100
AcDbLine
 10
17.749999999999996
 20
5.638477631085021
 30
0.0
 11
17.961522368914977
 21
5.85
 31
0.0
  0
LINE
  5
7C0
330
17
100
AcDbEntity
  8
hatch
100
AcDbLine
 10
17.749999999999996
 20
5.779898987322328
 30
0.0
 11
17.820101012677668
 21
5.850000000000001
 31
0.0
  0
LWPOLYLINE
  5
7C1
330
17
100
AcDbEntity
  8
carpinteria
100
AcDbPolyline
 90
4
 70
1
 10
17.75
 20
5.0
 10
18.950000000000003
 20
5.0
 10
18.950000000000003
 20
5.85
 10
17.75
 20
5.85
  0
LWPOLYLINE
  5
7C2
330
17
100
AcDbEntity
  8
marco-medio
100
AcDbPolyline
 90
4
 70
1
 10
17.71
 20
4.959999999999999
 10
18.990000000000002
 20
4.959999999999999
 10
18.990000000000002
 20
5.890000000000001
 10
17.71
 20
5.890000000000001
  0
LINE
  5
7C3
330
17
100
AcDbEntity
  8
carpinteria
100
AcDbLine
 10
18.35
 20
5.0
 30
0.0
 11
18.35
 21
5.85
 31
0.0
  0
LINE
  5
7C4
330
17
100
AcDbEntity
  8
carpinteria
100
AcDbLine
 10
17.75
 20
5.5
 30
0.0
 11
18.950000000000003
 21
5.5
 31
0.0
  0
LINE
  5
7C5
330
17
100
AcDbEntity
  8
vidrio
100
AcDbLine
 10
17.8
 20
5.05
 30
0.0
 11
18.900000000000002
 21
5.8
 31
0.0
  0
LINE
  5
7C6
330
17
100
AcDbEntity
  8
marco-medio
100
AcDbLine
 10
17.69
 20
4.969999999999999
 30
0.0
 11
19.01
 21
4.969999999999999
 31
0.0
  0
LINE
  5
7C7
330
17
100
AcDbEntity
  8
marco-medio
100
AcDbLine
 10
0.0
 20
0.0
 30
0.0
 11
24.0
 21
0.0
 31
0.0
  0
LINE
  5
7C8
330
17
100
AcDbEntity
  8
marco-fino
100
AcDbLine
 10
0.0
 20
3.2
 30
0.0
 11
24.0
 21
3.2
 31
0.0
  0
LINE
  5
7C9
330
17
100
AcDbEntity
  8
marco-fino
100
AcDbLine
 10
0.0
 20
6.2
 30
0.0
 11
24.0
 21
6.2
 31
0.0
  0
LWPOLYLINE
  5
7CA
330
17
100
AcDbEntity
  8
hormigon
100
AcDbPolyline
 90
4
 70
1
 10
0.0
 20
6.2
 10
24.0
 20
6.2
 10
24.0
 20
6.5
 10
0.0
 20
6.5
  0
LINE
  5
7CB
330
17
100
AcDbEntity
  8
hatch
100
AcDbLine
 10
23.85857864376269
 20
6.199999999999999
 30
0.0
 11
24.0
 21
6.3414213562373085
 31
0.0
  0
LINE
  5
7CC
330
17
100
AcDbEntity
  8
hatch
100
AcDbLine
 10
23.71715728752538
 20
6.199999999999999
 30
0.0
 11
24.0
 21
6.482842712474618
 31
0.0
  0
LINE
  5
7CD
330
17
100
AcDbEntity
  8
hatch
100
AcDbLine
 10
23.57573593128807
 20
6.199999999999999
 30
0.0
 11
23.87573593128807
 21
6.500000000000002
 31
0.0
  0
LINE
  5
7CE
330
17
100
AcDbEntity
  8
hatch
100
AcDbLine
 10
23.43431457505076
 20
6.1999999999999975
 30
0.0
 11
23.734314575050764
 21
6.5000000000000036
 31
0.0
  0
LINE
  5
7CF
330
17
100
AcDbEntity
  8
hatch
100
AcDbLine
 10
23.292893218813454
 20
6.199999999999999
 30
0.0
 11
23.59289321881345
 21
6.500000000000002
 31
0.0
  0
LINE
  5
7D0
330
17
100
AcDbEntity
  8
hatch
100
AcDbLine
 10
23.151471862576145
 20
6.200000000000001
 30
0.0
 11
23.451471862576145
 21
6.5000000000000036
 31
0.0
  0
LINE
  5
7D1
330
17
100
AcDbEntity
  8
hatch
100
AcDbLine
 10
23.010050506338835
 20
6.199999999999999
 30
0.0
 11
23.310050506338833
 21
6.500000000000002
 31
0.0
  0
LINE
  5
7D2
330
17
100
AcDbEntity
  8
hatch
100
AcDbLine
 10
22.868629150101523
 20
6.199999999999999
 30
0.0
 11
23.168629150101523
 21
6.5
 31
0.0
  0
LINE
  5
7D3
330
17
100
AcDbEntity
  8
hatch
100
AcDbLine
 10
22.72720779386421
 20
6.1999999999999975
 30
0.0
 11
23.027207793864218
 21
6.500000000000002
 31
0.0
  0
LINE
  5
7D4
330
17
100
AcDbEntity
  8
hatch
100
AcDbLine
 10
22.585786437626904
 20
6.199999999999999
 30
0.0
 11
22.885786437626905
 21
6.500000000000002
 31
0.0
  0
LINE
  5
7D5
330
17
100
AcDbEntity
  8
hatch
100
AcDbLine
 10
22.4443650813896
 20
6.200000000000001
 30
0.0
 11
22.7443650813896
 21
6.500000000000002
 31
0.0
  0
LINE
  5
7D6
330
17
100
AcDbEntity
  8
hatch
100
AcDbLine
 10
22.302943725152282
 20
6.200000000000001
 30
0.0
 11
22.602943725152286
 21
6.5000000000000036
 31
0.0
  0
LINE
  5
7D7
330
17
100
AcDbEntity
  8
hatch
100
AcDbLine
 10
22.161522368914977
 20
6.199999999999999
 30
0.0
 11
22.461522368914977
 21
6.500000000000002
 31
0.0
  0
LINE
  5
7D8
330
17
100
AcDbEntity
  8
hatch
100
AcDbLine
 10
22.020101012677667
 20
6.200000000000001
 30
0.0
 11
22.320101012677668
 21
6.5000000000000036
 31
0.0
  0
LINE
  5
7D9
330
17
100
AcDbEntity
  8
hatch
100
AcDbLine
 10
21.878679656440358
 20
6.200000000000001
 30
0.0
 11
22.17867965644036
 21
6.500000000000002
 31
0.0
  0
LINE
  5
7DA
330
17
100
AcDbEntity
  8
hatch
100
AcDbLine
 10
21.73725830020305
 20
6.2
 30
0.0
 11
22.03725830020305
 21
6.500000000000003
 31
0.0
  0
LINE
  5
7DB
330
17
100
AcDbEntity
  8
hatch
100
AcDbLine
 10
21.595836943965736
 20
6.200000000000002
 30
0.0
 11
21.89583694396574
 21
6.500000000000003
 31
0.0
  0
LINE
  5
7DC
330
17
100
AcDbEntity
  8
hatch
100
AcDbLine
 10
21.454415587728427
 20
6.2
 30
0.0
 11
21.75441558772843
 21
6.500000000000003
 31
0.0
  0
LINE
  5
7DD
330
17
100
AcDbEntity
  8
hatch
100
AcDbLine
 10
21.312994231491118
 20
6.1999999999999975
 30
0.0
 11
21.612994231491122
 21
6.500000000000002
 31
0.0
  0
LINE
  5
7DE
330
17
100
AcDbEntity
  8
hatch
100
AcDbLine
 10
21.17157287525381
 20
6.199999999999999
 30
0.0
 11
21.471572875253813
 21
6.500000000000002
 31
0.0
  0
LINE
  5
7DF
330
17
100
AcDbEntity
  8
hatch
100
AcDbLine
 10
21.0301515190165
 20
6.200000000000001
 30
0.0
 11
21.330151519016503
 21
6.5000000000000036
 31
0.0
  0
LINE
  5
7E0
330
17
100
AcDbEntity
  8
hatch
100
AcDbLine
 10
20.88873016277919
 20
6.200000000000001
 30
0.0
 11
21.18873016277919
 21
6.5000000000000036
 31
0.0
  0
LINE
  5
7E1
330
17
100
AcDbEntity
  8
hatch
100
AcDbLine
 10
20.74730880654188
 20
6.2
 30
0.0
 11
21.04730880654188
 21
6.500000000000001
 31
0.0
  0
LINE
  5
7E2
330
17
100
AcDbEntity
  8
hatch
100
AcDbLine
 10
20.60588745030457
 20
6.2
 30
0.0
 11
20.905887450304572
 21
6.500000000000003
 31
0.0
  0
LINE
  5
7E3
330
17
100
AcDbEntity
  8
hatch
100
AcDbLine
 10
20.464466094067262
 20
6.2
 30
0.0
 11
20.764466094067267
 21
6.500000000000001
 31
0.0
  0
LINE
  5
7E4
330
17
100
AcDbEntity
  8
hatch
100
AcDbLine
 10
20.323044737829953
 20
6.200000000000002
 30
0.0
 11
20.623044737829957
 21
6.500000000000003
 31
0.0
  0
LINE
  5
7E5
330
17
100
AcDbEntity
  8
hatch
100
AcDbLine
 10
20.18162338159264
 20
6.1999999999999975
 30
0.0
 11
20.481623381592645
 21
6.5000000000000036
 31
0.0
  0
LINE
  5
7E6
330
17
100
AcDbEntity
  8
hatch
100
AcDbLine
 10
20.04020202535533
 20
6.199999999999999
 30
0.0
 11
20.340202025355335
 21
6.500000000000002
 31
0.0
  0
LINE
  5
7E7
330
17
100
AcDbEntity
  8
hatch
100
AcDbLine
 10
19.898780669118025
 20
6.200000000000001
 30
0.0
 11
20.198780669118026
 21
6.5000000000000036
 31
0.0
  0
LINE
  5
7E8
330
17
100
AcDbEntity
  8
hatch
100
AcDbLine
 10
19.757359312880716
 20
6.199999999999999
 30
0.0
 11
20.057359312880717
 21
6.500000000000002
 31
0.0
  0
LINE
  5
7E9
330
17
100
AcDbEntity
  8
hatch
100
AcDbLine
 10
19.615937956643403
 20
6.199999999999999
 30
0.0
 11
19.915937956643408
 21
6.5000000000000036
 31
0.0
  0
LINE
  5
7EA
330
17
100
AcDbEntity
  8
hatch
100
AcDbLine
 10
19.47451660040609
 20
6.199999999999998
 30
0.0
 11
19.774516600406095
 21
6.500000000000003
 31
0.0
  0
LINE
  5
7EB
330
17
100
AcDbEntity
  8
hatch
100
AcDbLine
 10
19.333095244168785
 20
6.2
 30
0.0
 11
19.633095244168786
 21
6.500000000000003
 31
0.0
  0
LINE
  5
7EC
330
17
100
AcDbEntity
  8
hatch
100
AcDbLine
 10
19.19167388793148
 20
6.200000000000002
 30
0.0
 11
19.491673887931476
 21
6.500000000000003
 31
0.0
  0
LINE
  5
7ED
330
17
100
AcDbEntity
  8
hatch
100
AcDbLine
 10
19.050252531694166
 20
6.2
 30
0.0
 11
19.350252531694167
 21
6.500000000000003
 31
0.0
  0
LINE
  5
7EE
330
17
100
AcDbEntity
  8
hatch
100
AcDbLine
 10
18.908831175456854
 20
6.199999999999998
 30
0.0
 11
19.20883117545686
 21
6.500000000000003
 31
0.0
  0
LINE
  5
7EF
330
17
100
AcDbEntity
  8
hatch
100
AcDbLine
 10
18.767409819219548
 20
6.200000000000001
 30
0.0
 11
19.06740981921955
 21
6.5000000000000036
 31
0.0
  0
LINE
  5
7F0
330
17
100
AcDbEntity
  8
hatch
100
AcDbLine
 10
18.62598846298224
 20
6.200000000000001
 30
0.0
 11
18.92598846298224
 21
6.500000000000002
 31
0.0
  0
LINE
  5
7F1
330
17
100
AcDbEntity
  8
hatch
100
AcDbLine
 10
18.48456710674493
 20
6.200000000000001
 30
0.0
 11
18.78456710674493
 21
6.5000000000000036
 31
0.0
  0
LINE
  5
7F2
330
17
100
AcDbEntity
  8
hatch
100
AcDbLine
 10
18.34314575050762
 20
6.200000000000001
 30
0.0
 11
18.64314575050762
 21
6.500000000000002
 31
0.0
  0
LINE
  5
7F3
330
17
100
AcDbEntity
  8
hatch
100
AcDbLine
 10
18.201724394270308
 20
6.199999999999998
 30
0.0
 11
18.501724394270312
 21
6.500000000000003
 31
0.0
  0
LINE
  5
7F4
330
17
100
AcDbEntity
  8
hatch
100
AcDbLine
 10
18.060303038033
 20
6.200000000000002
 30
0.0
 11
18.360303038033003
 21
6.500000000000003
 31
0.0
  0
LINE
  5
7F5
330
17
100
AcDbEntity
  8
hatch
100
AcDbLine
 10
17.918881681795696
 20
6.200000000000002
 30
0.0
 11
18.218881681795693
 21
6.500000000000003
 31
0.0
  0
LINE
  5
7F6
330
17
100
AcDbEntity
  8
hatch
100
AcDbLine
 10
17.77746032555838
 20
6.199999999999998
 30
0.0
 11
18.077460325558384
 21
6.500000000000004
 31
0.0
  0
LINE
  5
7F7
330
17
100
AcDbEntity
  8
hatch
100
AcDbLine
 10
17.63603896932107
 20
6.199999999999999
 30
0.0
 11
17.936038969321075
 21
6.500000000000002
 31
0.0
  0
LINE
  5
7F8
330
17
100
AcDbEntity
  8
hatch
100
AcDbLine
 10
17.49461761308376
 20
6.2
 30
0.0
 11
17.794617613083766
 21
6.500000000000004
 31
0.0
  0
LINE
  5
7F9
330
17
100
AcDbEntity
  8
hatch
100
AcDbLine
 10
17.353196256846452
 20
6.2
 30
0.0
 11
17.653196256846456
 21
6.500000000000003
 31
0.0
  0
LINE
  5
7FA
330
17
100
AcDbEntity
  8
hatch
100
AcDbLine
 10
17.211774900609143
 20
6.2
 30
0.0
 11
17.511774900609144
 21
6.500000000000001
 31
0.0
  0
LINE
  5
7FB
330
17
100
AcDbEntity
  8
hatch
100
AcDbLine
 10
17.070353544371834
 20
6.199999999999998
 30
0.0
 11
17.370353544371834
 21
6.500000000000001
 31
0.0
  0
LINE
  5
7FC
330
17
100
AcDbEntity
  8
hatch
100
AcDbLine
 10
16.928932188134524
 20
6.2
 30
0.0
 11
17.22893218813453
 21
6.500000000000003
 31
0.0
  0
LINE
  5
7FD
330
17
100
AcDbEntity
  8
hatch
100
AcDbLine
 10
16.78751083189721
 20
6.199999999999999
 30
0.0
 11
17.087510831897216
 21
6.5000000000000036
 31
0.0
  0
LINE
  5
7FE
330
17
100
AcDbEntity
  8
hatch
100
AcDbLine
 10
16.646089475659906
 20
6.200000000000001
 30
0.0
 11
16.946089475659907
 21
6.5000000000000036
 31
0.0
  0
LINE
  5
7FF
330
17
100
AcDbEntity
  8
hatch
100
AcDbLine
 10
16.504668119422593
 20
6.199999999999999
 30
0.0
 11
16.804668119422598
 21
6.500000000000002
 31
0.0
  0
LINE
  5
800
330
17
100
AcDbEntity
  8
hatch
100
AcDbLine
 10
16.363246763185284
 20
6.199999999999999
 30
0.0
 11
16.66324676318529
 21
6.5000000000000036
 31
0.0
  0
LINE
  5
801
330
17
100
AcDbEntity
  8
hatch
100
AcDbLine
 10
16.22182540694798
 20
6.200000000000001
 30
0.0
 11
16.52182540694798
 21
6.500000000000002
 31
0.0
  0
LINE
  5
802
330
17
100
AcDbEntity
  8
hatch
100
AcDbLine
 10
16.080404050710666
 20
6.2
 30
0.0
 11
16.38040405071067
 21
6.500000000000004
 31
0.0
  0
LINE
  5
803
330
17
100
AcDbEntity
  8
hatch
100
AcDbLine
 10
15.93898269447336
 20
6.200000000000002
 30
0.0
 11
16.23898269447336
 21
6.500000000000003
 31
0.0
  0
LINE
  5
804
330
17
100
AcDbEntity
  8
hatch
100
AcDbLine
 10
15.797561338236047
 20
6.2
 30
0.0
 11
16.097561338236048
 21
6.500000000000003
 31
0.0
  0
LINE
  5
805
330
17
100
AcDbEntity
  8
hatch
100
AcDbLine
 10
15.65613998199874
 20
6.200000000000002
 30
0.0
 11
15.95613998199874
 21
6.500000000000003
 31
0.0
  0
LINE
  5
806
330
17
100
AcDbEntity
  8
hatch
100
AcDbLine
 10
15.514718625761429
 20
6.2
 30
0.0
 11
15.814718625761431
 21
6.500000000000003
 31
0.0
  0
LINE
  5
807
330
17
100
AcDbEntity
  8
hatch
100
AcDbLine
 10
15.373297269524118
 20
6.2
 30
0.0
 11
15.673297269524122
 21
6.500000000000003
 31
0.0
  0
LINE
  5
808
330
17
100
AcDbEntity
  8
hatch
100
AcDbLine
 10
15.23187591328681
 20
6.2
 30
0.0
 11
15.531875913286813
 21
6.500000000000003
 31
0.0
  0
LINE
  5
809
330
17
100
AcDbEntity
  8
hatch
100
AcDbLine
 10
15.090454557049501
 20
6.200000000000001
 30
0.0
 11
15.390454557049502
 21
6.500000000000002
 31
0.0
  0
LINE
  5
80A
330
17
100
AcDbEntity
  8
hatch
100
AcDbLine
 10
14.949033200812188
 20
6.199999999999999
 30
0.0
 11
15.249033200812192
 21
6.500000000000002
 31
0.0
  0
LINE
  5
80B
330
17
100
AcDbEntity
  8
hatch
100
AcDbLine
 10
14.807611844574883
 20
6.200000000000001
 30
0.0
 11
15.107611844574883
 21
6.500000000000002
 31
0.0
  0
LINE
  5
80C
330
17
100
AcDbEntity
  8
hatch
100
AcDbLine
 10
14.66619048833757
 20
6.199999999999999
 30
0.0
 11
14.966190488337574
 21
6.500000000000002
 31
0.0
  0
LINE
  5
80D
330
17
100
AcDbEntity
  8
hatch
100
AcDbLine
 10
14.524769132100264
 20
6.200000000000001
 30
0.0
 11
14.824769132100265
 21
6.5000000000000036
 31
0.0
  0
LINE
  5
80E
330
17
100
AcDbEntity
  8
hatch
100
AcDbLine
 10
14.383347775862951
 20
6.2
 30
0.0
 11
14.683347775862956
 21
6.500000000000003
 31
0.0
  0
LINE
  5
80F
330
17
100
AcDbEntity
  8
hatch
100
AcDbLine
 10
14.241926419625642
 20
6.2
 30
0.0
 11
14.541926419625646
 21
6.500000000000004
 31
0.0
  0
LINE
  5
810
330
17
100
AcDbEntity
  8
hatch
100
AcDbLine
 10
14.100505063388333
 20
6.199999999999999
 30
0.0
 11
14.400505063388337
 21
6.500000000000002
 31
0.0
  0
LINE
  5
811
330
17
100
AcDbEntity
  8
hatch
100
AcDbLine
 10
13.959083707151024
 20
6.2
 30
0.0
 11
14.259083707151026
 21
6.500000000000003
 31
0.0
  0
LINE
  5
812
330
17
100
AcDbEntity
  8
hatch
100
AcDbLine
 10
13.817662350913714
 20
6.200000000000002
 30
0.0
 11
14.117662350913717
 21
6.500000000000003
 31
0.0
  0
LINE
  5
813
330
17
100
AcDbEntity
  8
hatch
100
AcDbLine
 10
13.676240994676405
 20
6.200000000000001
 30
0.0
 11
13.976240994676406
 21
6.5000000000000036
 31
0.0
  0
LINE
  5
814
330
17
100
AcDbEntity
  8
hatch
100
AcDbLine
 10
13.534819638439094
 20
6.199999999999999
 30
0.0
 11
13.834819638439098
 21
6.5000000000000036
 31
0.0
  0
LINE
  5
815
330
17
100
AcDbEntity
  8
hatch
100
AcDbLine
 10
13.393398282201787
 20
6.200000000000001
 30
0.0
 11
13.69339828220179
 21
6.5000000000000036
 31
0.0
  0
LINE
  5
816
330
17
100
AcDbEntity
  8
hatch
100
AcDbLine
 10
13.251976925964476
 20
6.199999999999999
 30
0.0
 11
13.551976925964478
 21
6.500000000000002
 31
0.0
  0
LINE
  5
817
330
17
100
AcDbEntity
  8
hatch
100
AcDbLine
 10
13.110555569727168
 20
6.200000000000001
 30
0.0
 11
13.41055556972717
 21
6.5000000000000036
 31
0.0
  0
LINE
  5
818
330
17
100
AcDbEntity
  8
hatch
100
AcDbLine
 10
12.969134213489856
 20
6.200000000000001
 30
0.0
 11
13.26913421348986
 21
6.500000000000002
 31
0.0
  0
LINE
  5
819
330
17
100
AcDbEntity
  8
hatch
100
AcDbLine
 10
12.827712857252546
 20
6.199999999999999
 30
0.0
 11
13.12771285725255
 21
6.500000000000002
 31
0.0
  0
LINE
  5
81A
330
17
100
AcDbEntity
  8
hatch
100
AcDbLine
 10
12.686291501015239
 20
6.200000000000001
 30
0.0
 11
12.986291501015241
 21
6.500000000000002
 31
0.0
  0
LINE
  5
81B
330
17
100
AcDbEntity
  8
hatch
100
AcDbLine
 10
12.54487014477793
 20
6.199999999999999
 30
0.0
 11
12.844870144777932
 21
6.500000000000002
 31
0.0
  0
LINE
  5
81C
330
17
100
AcDbEntity
  8
hatch
100
AcDbLine
 10
12.403448788540617
 20
6.199999999999999
 30
0.0
 11
12.703448788540621
 21
6.5000000000000036
 31
0.0
  0
LINE
  5
81D
330
17
100
AcDbEntity
  8
hatch
100
AcDbLine
 10
12.26202743230331
 20
6.2
 30
0.0
 11
12.562027432303312
 21
6.500000000000003
 31
0.0
  0
LINE
  5
81E
330
17
100
AcDbEntity
  8
hatch
100
AcDbLine
 10
12.120606076065998
 20
6.199999999999998
 30
0.0
 11
12.420606076066003
 21
6.500000000000003
 31
0.0
  0
LINE
  5
81F
330
17
100
AcDbEntity
  8
hatch
100
AcDbLine
 10
11.979184719828691
 20
6.2
 30
0.0
 11
12.279184719828693
 21
6.500000000000003
 31
0.0
  0
LINE
  5
820
330
17
100
AcDbEntity
  8
hatch
100
AcDbLine
 10
11.83776336359138
 20
6.2
 30
0.0
 11
12.137763363591384
 21
6.500000000000003
 31
0.0
  0
LINE
  5
821
330
17
100
AcDbEntity
  8
hatch
100
AcDbLine
 10
11.69634200735407
 20
6.199999999999999
 30
0.0
 11
11.996342007354073
 21
6.500000000000002
 31
0.0
  0
LINE
  5
822
330
17
100
AcDbEntity
  8
hatch
100
AcDbLine
 10
11.554920651116763
 20
6.200000000000001
 30
0.0
 11
11.854920651116764
 21
6.500000000000002
 31
0.0
  0
LINE
  5
823
330
17
100
AcDbEntity
  8
hatch
100
AcDbLine
 10
11.413499294879452
 20
6.199999999999999
 30
0.0
 11
11.713499294879455
 21
6.500000000000002
 31
0.0
  0
LINE
  5
824
330
17
100
AcDbEntity
  8
hatch
100
AcDbLine
 10
11.272077938642145
 20
6.200000000000001
 30
0.0
 11
11.572077938642146
 21
6.5000000000000036
 31
0.0
  0
LINE
  5
825
330
17
100
AcDbEntity
  8
hatch
100
AcDbLine
 10
11.130656582404834
 20
6.199999999999999
 30
0.0
 11
11.430656582404836
 21
6.5000000000000036
 31
0.0
  0
LINE
  5
826
330
17
100
AcDbEntity
  8
hatch
100
AcDbLine
 10
10.989235226167521
 20
6.2
 30
0.0
 11
11.289235226167525
 21
6.500000000000003
 31
0.0
  0
LINE
  5
827
330
17
100
AcDbEntity
  8
hatch
100
AcDbLine
 10
10.847813869930214
 20
6.2
 30
0.0
 11
11.147813869930218
 21
6.500000000000003
 31
0.0
  0
LINE
  5
828
330
17
100
AcDbEntity
  8
hatch
100
AcDbLine
 10
10.706392513692904
 20
6.199999999999999
 30
0.0
 11
11.006392513692909
 21
6.500000000000002
 31
0.0
  0
LINE
  5
829
330
17
100
AcDbEntity
  8
hatch
100
AcDbLine
 10
10.564971157455595
 20
6.200000000000001
 30
0.0
 11
10.8649711574556
 21
6.500000000000002
 31
0.0
  0
LINE
  5
82A
330
17
100
AcDbEntity
  8
hatch
100
AcDbLine
 10
10.423549801218284
 20
6.199999999999999
 30
0.0
 11
10.723549801218287
 21
6.5000000000000036
 31
0.0
  0
LINE
  5
82B
330
17
100
AcDbEntity
  8
hatch
100
AcDbLine
 10
10.282128444980975
 20
6.199999999999999
 30
0.0
 11
10.582128444980977
 21
6.5000000000000036
 31
0.0
  0
LINE
  5
82C
330
17
100
AcDbEntity
  8
hatch
100
AcDbLine
 10
10.140707088743666
 20
6.199999999999999
 30
0.0
 11
10.440707088743668
 21
6.500000000000002
 31
0.0
  0
LINE
  5
82D
330
17
100
AcDbEntity
  8
hatch
100
AcDbLine
 10
9.999285732506356
 20
6.199999999999999
 30
0.0
 11
10.299285732506359
 21
6.5000000000000036
 31
0.0
  0
LINE
  5
82E
330
17
100
AcDbEntity
  8
hatch
100
AcDbLine
 10
9.857864376269047
 20
6.199999999999998
 30
0.0
 11
10.157864376269051
 21
6.500000000000003
 31
0.0
  0
LINE
  5
82F
330
17
100
AcDbEntity
  8
hatch
100
AcDbLine
 10
9.716443020031736
 20
6.200000000000001
 30
0.0
 11
10.01644302003174
 21
6.500000000000003
 31
0.0
  0
LINE
  5
830
330
17
100
AcDbEntity
  8
hatch
100
AcDbLine
 10
9.575021663794427
 20
6.199999999999999
 30
0.0
 11
9.87502166379443
 21
6.500000000000002
 31
0.0
  0
LINE
  5
831
330
17
100
AcDbEntity
  8
hatch
100
AcDbLine
 10
9.43360030755712
 20
6.200000000000001
 30
0.0
 11
9.733600307557122
 21
6.500000000000002
 31
0.0
  0
LINE
  5
832
330
17
100
AcDbEntity
  8
hatch
100
AcDbLine
 10
9.292178951319809
 20
6.199999999999999
 30
0.0
 11
9.592178951319813
 21
6.500000000000002
 31
0.0
  0
LINE
  5
833
330
17
100
AcDbEntity
  8
hatch
100
AcDbLine
 10
9.1507575950825
 20
6.199999999999999
 30
0.0
 11
9.450757595082504
 21
6.500000000000003
 31
0.0
  0
LINE
  5
834
330
17
100
AcDbEntity
  8
hatch
100
AcDbLine
 10
9.00933623884519
 20
6.200000000000001
 30
0.0
 11
9.30933623884519
 21
6.500000000000002
 31
0.0
  0
LINE
  5
835
330
17
100
AcDbEntity
  8
hatch
100
AcDbLine
 10
8.867914882607879
 20
6.199999999999999
 30
0.0
 11
9.167914882607883
 21
6.500000000000003
 31
0.0
  0
LINE
  5
836
330
17
100
AcDbEntity
  8
hatch
100
AcDbLine
 10
8.726493526370572
 20
6.200000000000001
 30
0.0
 11
9.026493526370574
 21
6.500000000000003
 31
0.0
  0
LINE
  5
837
330
17
100
AcDbEntity
  8
hatch
100
AcDbLine
 10
8.585072170133262
 20
6.199999999999999
 30
0.0
 11
8.885072170133265
 21
6.500000000000003
 31
0.0
  0
LINE
  5
838
330
17
100
AcDbEntity
  8
hatch
100
AcDbLine
 10
8.443650813895953
 20
6.200000000000001
 30
0.0
 11
8.743650813895954
 21
6.500000000000002
 31
0.0
  0
LINE
  5
839
330
17
100
AcDbEntity
  8
hatch
100
AcDbLine
 10
8.30222945765864
 20
6.199999999999999
 30
0.0
 11
8.602229457658643
 21
6.500000000000001
 31
0.0
  0
LINE
  5
83A
330
17
100
AcDbEntity
  8
hatch
100
AcDbLine
 10
8.160808101421333
 20
6.199999999999999
 30
0.0
 11
8.460808101421335
 21
6.500000000000003
 31
0.0
  0
LINE
  5
83B
330
17
100
AcDbEntity
  8
hatch
100
AcDbLine
 10
8.019386745184024
 20
6.199999999999999
 30
0.0
 11
8.319386745184026
 21
6.500000000000003
 31
0.0
  0
LINE
  5
83C
330
17
100
AcDbEntity
  8
hatch
100
AcDbLine
 10
7.8779653889467145
 20
6.199999999999999
 30
0.0
 11
8.177965388946717
 21
6.500000000000002
 31
0.0
  0
LINE
  5
83D
330
17
100
AcDbEntity
  8
hatch
100
AcDbLine
 10
7.736544032709405
 20
6.2
 30
0.0
 11
8.036544032709408
 21
6.500000000000002
 31
0.0
  0
LINE
  5
83E
330
17
100
AcDbEntity
  8
hatch
100
AcDbLine
 10
7.595122676472095
 20
6.200000000000001
 30
0.0
 11
7.895122676472097
 21
6.500000000000003
 31
0.0
  0
LINE
  5
83F
330
17
100
AcDbEntity
  8
hatch
100
AcDbLine
 10
7.453701320234785
 20
6.199999999999999
 30
0.0
 11
7.7537013202347875
 21
6.500000000000003
 31
0.0
  0
LINE
  5
840
330
17
100
AcDbEntity
  8
hatch
100
AcDbLine
 10
7.312279963997476
 20
6.2
 30
0.0
 11
7.612279963997479
 21
6.500000000000003
 31
0.0
  0
LINE
  5
841
330
17
100
AcDbEntity
  8
hatch
100
AcDbLine
 10
7.170858607760167
 20
6.2
 30
0.0
 11
7.470858607760168
 21
6.500000000000002
 31
0.0
  0
LINE
  5
842
330
17
100
AcDbEntity
  8
hatch
100
AcDbLine
 10
7.029437251522857
 20
6.2
 30
0.0
 11
7.329437251522861
 21
6.5000000000000036
 31
0.0
  0
LINE
  5
843
330
17
100
AcDbEntity
  8
hatch
100
AcDbLine
 10
6.888015895285546
 20
6.2
 30
0.0
 11
7.18801589528555
 21
6.500000000000003
 31
0.0
  0
LINE
  5
844
330
17
100
AcDbEntity
  8
hatch
100
AcDbLine
 10
6.746594539048237
 20
6.2
 30
0.0
 11
7.0465945390482405
 21
6.500000000000003
 31
0.0
  0
LINE
  5
845
330
17
100
AcDbEntity
  8
hatch
100
AcDbLine
 10
6.605173182810928
 20
6.2
 30
0.0
 11
6.9051731828109295
 21
6.500000000000002
 31
0.0
  0
LINE
  5
846
330
17
100
AcDbEntity
  8
hatch
100
AcDbLine
 10
6.463751826573619
 20
6.2
 30
0.0
 11
6.763751826573622
 21
6.5000000000000036
 31
0.0
  0
LINE
  5
847
330
17
100
AcDbEntity
  8
hatch
100
AcDbLine
 10
6.32233047033631
 20
6.199999999999999
 30
0.0
 11
6.622330470336314
 21
6.500000000000003
 31
0.0
  0
LINE
  5
848
330
17
100
AcDbEntity
  8
hatch
100
AcDbLine
 10
6.1809091140989985
 20
6.2
 30
0.0
 11
6.480909114099002
 21
6.5000000000000036
 31
0.0
  0
LINE
  5
849
330
17
100
AcDbEntity
  8
hatch
100
AcDbLine
 10
6.039487757861689
 20
6.2
 30
0.0
 11
6.339487757861691
 21
6.500000000000002
 31
0.0
  0
LINE
  5
84A
330
17
100
AcDbEntity
  8
hatch
100
AcDbLine
 10
5.898066401624381
 20
6.199999999999999
 30
0.0
 11
6.198066401624383
 21
6.500000000000001
 31
0.0
  0
LINE
  5
84B
330
17
100
AcDbEntity
  8
hatch
100
AcDbLine
 10
5.756645045387072
 20
6.199999999999999
 30
0.0
 11
6.056645045387075
 21
6.500000000000003
 31
0.0
  0
LINE
  5
84C
330
17
100
AcDbEntity
  8
hatch
100
AcDbLine
 10
5.615223689149762
 20
6.199999999999999
 30
0.0
 11
5.915223689149766
 21
6.500000000000003
 31
0.0
  0
LINE
  5
84D
330
17
100
AcDbEntity
  8
hatch
100
AcDbLine
 10
5.473802332912451
 20
6.199999999999999
 30
0.0
 11
5.773802332912454
 21
6.500000000000002
 31
0.0
  0
LINE
  5
84E
330
17
100
AcDbEntity
  8
hatch
100
AcDbLine
 10
5.332380976675142
 20
6.199999999999999
 30
0.0
 11
5.632380976675145
 21
6.500000000000002
 31
0.0
  0
LINE
  5
84F
330
17
100
AcDbEntity
  8
hatch
100
AcDbLine
 10
5.190959620437833
 20
6.199999999999999
 30
0.0
 11
5.490959620437836
 21
6.500000000000003
 31
0.0
  0
LINE
  5
850
330
17
100
AcDbEntity
  8
hatch
100
AcDbLine
 10
5.049538264200524
 20
6.199999999999999
 30
0.0
 11
5.349538264200527
 21
6.500000000000003
 31
0.0
  0
LINE
  5
851
330
17
100
AcDbEntity
  8
hatch
100
AcDbLine
 10
4.908116907963215
 20
6.2
 30
0.0
 11
5.208116907963217
 21
6.500000000000002
 31
0.0
  0
LINE
  5
852
330
17
100
AcDbEntity
  8
hatch
100
AcDbLine
 10
4.7666955517259035
 20
6.199999999999999
 30
0.0
 11
5.066695551725906
 21
6.500000000000002
 31
0.0
  0
LINE
  5
853
330
17
100
AcDbEntity
  8
hatch
100
AcDbLine
 10
4.625274195488594
 20
6.199999999999999
 30
0.0
 11
4.925274195488598
 21
6.500000000000003
 31
0.0
  0
LINE
  5
854
330
17
100
AcDbEntity
  8
hatch
100
AcDbLine
 10
4.483852839251286
 20
6.2
 30
0.0
 11
4.7838528392512885
 21
6.500000000000003
 31
0.0
  0
LINE
  5
855
330
17
100
AcDbEntity
  8
hatch
100
AcDbLine
 10
4.342431483013977
 20
6.2
 30
0.0
 11
4.642431483013978
 21
6.500000000000002
 31
0.0
  0
LINE
  5
856
330
17
100
AcDbEntity
  8
hatch
100
AcDbLine
 10
4.2010101267766675
 20
6.2
 30
0.0
 11
4.501010126776669
 21
6.500000000000002
 31
0.0
  0
LINE
  5
857
330
17
100
AcDbEntity
  8
hatch
100
AcDbLine
 10
4.0595887705393565
 20
6.2
 30
0.0
 11
4.359588770539358
 21
6.500000000000002
 31
0.0
  0
LINE
  5
858
330
17
100
AcDbEntity
  8
hatch
100
AcDbLine
 10
3.9181674143020473
 20
6.2
 30
0.0
 11
4.21816741430205
 21
6.500000000000003
 31
0.0
  0
LINE
  5
859
330
17
100
AcDbEntity
  8
hatch
100
AcDbLine
 10
3.776746058064738
 20
6.2
 30
0.0
 11
4.07674605806474
 21
6.500000000000002
 31
0.0
  0
LINE
  5
85A
330
17
100
AcDbEntity
  8
hatch
100
AcDbLine
 10
3.6353247018274293
 20
6.2
 30
0.0
 11
3.935324701827431
 21
6.500000000000002
 31
0.0
  0
LINE
  5
85B
330
17
100
AcDbEntity
  8
hatch
100
AcDbLine
 10
3.49390334559012
 20
6.2
 30
0.0
 11
3.7939033455901217
 21
6.500000000000002
 31
0.0
  0
LINE
  5
85C
330
17
100
AcDbEntity
  8
hatch
100
AcDbLine
 10
3.3524819893528086
 20
6.2
 30
0.0
 11
3.652481989352811
 21
6.5000000000000036
 31
0.0
  0
LINE
  5
85D
330
17
100
AcDbEntity
  8
hatch
100
AcDbLine
 10
3.2110606331155
 20
6.2
 30
0.0
 11
3.5110606331155014
 21
6.500000000000002
 31
0.0
  0
LINE
  5
85E
330
17
100
AcDbEntity
  8
hatch
100
AcDbLine
 10
3.0696392768781906
 20
6.2
 30
0.0
 11
3.369639276878192
 21
6.500000000000002
 31
0.0
  0
LINE
  5
85F
330
17
100
AcDbEntity
  8
hatch
100
AcDbLine
 10
2.928217920640882
 20
6.199999999999999
 30
0.0
 11
3.2282179206408834
 21
6.500000000000002
 31
0.0
  0
LINE
  5
860
330
17
100
AcDbEntity
  8
hatch
100
AcDbLine
 10
2.7867965644035726
 20
6.199999999999999
 30
0.0
 11
3.086796564403576
 21
6.5000000000000036
 31
0.0
  0
LINE
  5
861
330
17
100
AcDbEntity
  8
hatch
100
AcDbLine
 10
2.645375208166261
 20
6.2
 30
0.0
 11
2.9453752081662645
 21
6.5000000000000036
 31
0.0
  0
LINE
  5
862
330
17
100
AcDbEntity
  8
hatch
100
AcDbLine
 10
2.5039538519289524
 20
6.2
 30
0.0
 11
2.803953851928954
 21
6.500000000000003
 31
0.0
  0
LINE
  5
863
330
17
100
AcDbEntity
  8
hatch
100
AcDbLine
 10
2.362532495691643
 20
6.199999999999999
 30
0.0
 11
2.6625324956916456
 21
6.500000000000002
 31
0.0
  0
LINE
  5
864
330
17
100
AcDbEntity
  8
hatch
100
AcDbLine
 10
2.221111139454334
 20
6.199999999999999
 30
0.0
 11
2.5211111394543364
 21
6.500000000000002
 31
0.0
  0
LINE
  5
865
330
17
100
AcDbEntity
  8
hatch
100
AcDbLine
 10
2.0796897832170247
 20
6.199999999999999
 30
0.0
 11
2.379689783217028
 21
6.5000000000000036
 31
0.0
  0
LINE
  5
866
330
17
100
AcDbEntity
  8
hatch
100
AcDbLine
 10
1.9382684269797128
 20
6.199999999999999
 30
0.0
 11
2.2382684269797153
 21
6.500000000000002
 31
0.0
  0
LINE
  5
867
330
17
100
AcDbEntity
  8
hatch
100
AcDbLine
 10
1.796847070742404
 20
6.199999999999999
 30
0.0
 11
2.096847070742407
 21
6.500000000000002
 31
0.0
  0
LINE
  5
868
330
17
100
AcDbEntity
  8
hatch
100
AcDbLine
 10
1.6554257145050948
 20
6.199999999999999
 30
0.0
 11
1.9554257145050977
 21
6.500000000000002
 31
0.0
  0
LINE
  5
869
330
17
100
AcDbEntity
  8
hatch
100
AcDbLine
 10
1.5140043582677856
 20
6.199999999999999
 30
0.0
 11
1.8140043582677894
 21
6.500000000000003
 31
0.0
  0
LINE
  5
86A
330
17
100
AcDbEntity
  8
hatch
100
AcDbLine
 10
1.3725830020304772
 20
6.199999999999999
 30
0.0
 11
1.6725830020304797
 21
6.500000000000002
 31
0.0
  0
LINE
  5
86B
330
17
100
AcDbEntity
  8
hatch
100
AcDbLine
 10
1.2311616457931653
 20
6.199999999999999
 30
0.0
 11
1.5311616457931683
 21
6.500000000000002
 31
0.0
  0
LINE
  5
86C
330
17
100
AcDbEntity
  8
hatch
100
AcDbLine
 10
1.0897402895558588
 20
6.199999999999999
 30
0.0
 11
1.3897402895558613
 21
6.500000000000002
 31
0.0
  0
LINE
  5
86D
330
17
100
AcDbEntity
  8
hatch
100
AcDbLine
 10
0.9483189333185478
 20
6.199999999999999
 30
0.0
 11
1.248318933318549
 21
6.500000000000001
 31
0.0
  0
LINE
  5
86E
330
17
100
AcDbEntity
  8
hatch
100
AcDbLine
 10
0.8068975770812359
 20
6.199999999999999
 30
0.0
 11
1.106897577081237
 21
6.500000000000001
 31
0.0
  0
LINE
  5
86F
330
17
100
AcDbEntity
  8
hatch
100
AcDbLine
 10
0.6654762208439293
 20
6.199999999999999
 30
0.0
 11
0.9654762208439331
 21
6.5000000000000036
 31
0.0
  0
LINE
  5
870
330
17
100
AcDbEntity
  8
hatch
100
AcDbLine
 10
0.5240548646066179
 20
6.199999999999999
 30
0.0
 11
0.8240548646066217
 21
6.5000000000000036
 31
0.0
  0
LINE
  5
871
330
17
100
AcDbEntity
  8
hatch
100
AcDbLine
 10
0.38263350836931176
 20
6.199999999999999
 30
0.0
 11
0.6826335083693129
 21
6.500000000000001
 31
0.0
  0
LINE
  5
872
330
17
100
AcDbEntity
  8
hatch
100
AcDbLine
 10
0.24121215213199987
 20
6.199999999999999
 30
0.0
 11
0.541212152132001
 21
6.500000000000001
 31
0.0
  0
LINE
  5
873
330
17
100
AcDbEntity
  8
hatch
100
AcDbLine
 10
0.09979079589468842
 20
6.199999999999999
 30
0.0
 11
0.39979079589469
 21
6.500000000000002
 31
0.0
  0
LINE
  5
874
330
17
100
AcDbEntity
  8
hatch
100
AcDbLine
 10
0.0
 20
6.241630560342617
 30
0.0
 11
0.2583694396573857
 21
6.5000000000000036
 31
0.0
  0
LINE
  5
875
330
17
100
AcDbEntity
  8
hatch
100
AcDbLine
 10
0.0
 20
6.383051916579928
 30
0.0
 11
0.11694808342007423
 21
6.5000000000000036
 31
0.0
  0
LWPOLYLINE
  5
876
330
17
100
AcDbEntity
  8
muro-corte
100
AcDbPolyline
 90
4
 70
1
 10
0.0
 20
6.2
 10
24.0
 20
6.2
 10
24.0
 20
6.5
 10
0.0
 20
6.5
  0
LINE
  5
877
330
17
100
AcDbEntity
  8
muro-corte
100
AcDbLine
 10
0.0
 20
7.15
 30
0.0
 11
24.0
 21
7.15
 31
0.0
  0
LWPOLYLINE
  5
878
330
17
100
AcDbEntity
  8
hormigon
100
AcDbPolyline
 90
4
 70
1
 10
-0.029999999999999714
 20
7.1
 10
24.03
 20
7.1
 10
24.03
 20
7.15
 10
-0.029999999999999714
 20
7.15
  0
LINE
  5
879
330
17
100
AcDbEntity
  8
hatch
100
AcDbLine
 10
23.888578643762692
 20
7.1
 30
0.0
 11
23.93857864376269
 21
7.15
 31
0.0
  0
LINE
  5
87A
330
17
100
AcDbEntity
  8
hatch
100
AcDbLine
 10
23.747157287525383
 20
7.100000000000001
 30
0.0
 11
23.79715728752538
 21
7.149999999999999
 31
0.0
  0
LINE
  5
87B
330
17
100
AcDbEntity
  8
hatch
100
AcDbLine
 10
23.605735931288073
 20
7.100000000000001
 30
0.0
 11
23.65573593128807
 21
7.149999999999999
 31
0.0
  0
LINE
  5
87C
330
17
100
AcDbEntity
  8
hatch
100
AcDbLine
 10
23.46431457505076
 20
7.100000000000001
 30
0.0
 11
23.51431457505076
 21
7.15
 31
0.0
  0
LINE
  5
87D
330
17
100
AcDbEntity
  8
hatch
100
AcDbLine
 10
23.32289321881345
 20
7.1
 30
0.0
 11
23.372893218813452
 21
7.149999999999999
 31
0.0
  0
LINE
  5
87E
330
17
100
AcDbEntity
  8
hatch
100
AcDbLine
 10
23.181471862576146
 20
7.100000000000001
 30
0.0
 11
23.231471862576143
 21
7.15
 31
0.0
  0
LINE
  5
87F
330
17
100
AcDbEntity
  8
hatch
100
AcDbLine
 10
23.040050506338837
 20
7.100000000000002
 30
0.0
 11
23.090050506338834
 21
7.1499999999999995
 31
0.0
  0
LINE
  5
880
330
17
100
AcDbEntity
  8
hatch
100
AcDbLine
 10
22.898629150101524
 20
7.100000000000002
 30
0.0
 11
22.94862915010152
 21
7.1499999999999995
 31
0.0
  0
LINE
  5
881
330
17
100
AcDbEntity
  8
hatch
100
AcDbLine
 10
22.757207793864215
 20
7.1
 30
0.0
 11
22.807207793864215
 21
7.15
 31
0.0
  0
LINE
  5
882
330
17
100
AcDbEntity
  8
hatch
100
AcDbLine
 10
22.6157864376269
 20
7.1
 30
0.0
 11
22.665786437626902
 21
7.149999999999999
 31
0.0
  0
LINE
  5
883
330
17
100
AcDbEntity
  8
hatch
100
AcDbLine
 10
22.474365081389596
 20
7.1
 30
0.0
 11
22.524365081389597
 21
7.15
 31
0.0
  0
LINE
  5
884
330
17
100
AcDbEntity
  8
hatch
100
AcDbLine
 10
22.332943725152287
 20
7.1
 30
0.0
 11
22.382943725152288
 21
7.149999999999999
 31
0.0
  0
LINE
  5
885
330
17
100
AcDbEntity
  8
hatch
100
AcDbLine
 10
22.191522368914974
 20
7.099999999999999
 30
0.0
 11
22.241522368914975
 21
7.1499999999999995
 31
0.0
  0
LINE
  5
886
330
17
100
AcDbEntity
  8
hatch
100
AcDbLine
 10
22.050101012677665
 20
7.1000000000000005
 30
0.0
 11
22.100101012677666
 21
7.1499999999999995
 31
0.0
  0
LINE
  5
887
330
17
100
AcDbEntity
  8
hatch
100
AcDbLine
 10
21.908679656440356
 20
7.099999999999999
 30
0.0
 11
21.958679656440356
 21
7.1499999999999995
 31
0.0
  0
LINE
  5
888
330
17
100
AcDbEntity
  8
hatch
100
AcDbLine
 10
21.767258300203046
 20
7.1000000000000005
 30
0.0
 11
21.81725830020305
 21
7.150000000000001
 31
0.0
  0
LINE
  5
889
330
17
100
AcDbEntity
  8
hatch
100
AcDbLine
 10
21.625836943965737
 20
7.099999999999999
 30
0.0
 11
21.675836943965738
 21
7.1499999999999995
 31
0.0
  0
LINE
  5
88A
330
17
100
AcDbEntity
  8
hatch
100
AcDbLine
 10
21.484415587728428
 20
7.1
 30
0.0
 11
21.53441558772843
 21
7.149999999999999
 31
0.0
  0
LINE
  5
88B
330
17
100
AcDbEntity
  8
hatch
100
AcDbLine
 10
21.34299423149112
 20
7.1
 30
0.0
 11
21.39299423149112
 21
7.15
 31
0.0
  0
LINE
  5
88C
330
17
100
AcDbEntity
  8
hatch
100
AcDbLine
 10
21.20157287525381
 20
7.1
 30
0.0
 11
21.25157287525381
 21
7.149999999999999
 31
0.0
  0
LINE
  5
88D
330
17
100
AcDbEntity
  8
hatch
100
AcDbLine
 10
21.0601515190165
 20
7.100000000000001
 30
0.0
 11
21.1101515190165
 21
7.15
 31
0.0
  0
LINE
  5
88E
330
17
100
AcDbEntity
  8
hatch
100
AcDbLine
 10
20.91873016277919
 20
7.1
 30
0.0
 11
20.96873016277919
 21
7.15
 31
0.0
  0
LINE
  5
88F
330
17
100
AcDbEntity
  8
hatch
100
AcDbLine
 10
20.777308806541882
 20
7.099999999999999
 30
0.0
 11
20.82730880654188
 21
7.1499999999999995
 31
0.0
  0
LINE
  5
890
330
17
100
AcDbEntity
  8
hatch
100
AcDbLine
 10
20.63588745030457
 20
7.099999999999999
 30
0.0
 11
20.68588745030457
 21
7.150000000000001
 31
0.0
  0
LINE
  5
891
330
17
100
AcDbEntity
  8
hatch
100
AcDbLine
 10
20.494466094067263
 20
7.099999999999999
 30
0.0
 11
20.54446609406726
 21
7.1499999999999995
 31
0.0
  0
LINE
  5
892
330
17
100
AcDbEntity
  8
hatch
100
AcDbLine
 10
20.35304473782995
 20
7.099999999999999
 30
0.0
 11
20.40304473782995
 21
7.150000000000001
 31
0.0
  0
LINE
  5
893
330
17
100
AcDbEntity
  8
hatch
100
AcDbLine
 10
20.211623381592645
 20
7.1000000000000005
 30
0.0
 11
20.261623381592642
 21
7.1499999999999995
 31
0.0
  0
LINE
  5
894
330
17
100
AcDbEntity
  8
hatch
100
AcDbLine
 10
20.070202025355332
 20
7.1
 30
0.0
 11
20.120202025355333
 21
7.149999999999999
 31
0.0
  0
LINE
  5
895
330
17
100
AcDbEntity
  8
hatch
100
AcDbLine
 10
19.928780669118023
 20
7.099999999999998
 30
0.0
 11
19.978780669118024
 21
7.15
 31
0.0
  0
LINE
  5
896
330
17
100
AcDbEntity
  8
hatch
100
AcDbLine
 10
19.787359312880714
 20
7.1
 30
0.0
 11
19.837359312880714
 21
7.15
 31
0.0
  0
LINE
  5
897
330
17
100
AcDbEntity
  8
hatch
100
AcDbLine
 10
19.645937956643404
 20
7.1000000000000005
 30
0.0
 11
19.695937956643405
 21
7.1499999999999995
 31
0.0
  0
LINE
  5
898
330
17
100
AcDbEntity
  8
hatch
100
AcDbLine
 10
19.504516600406095
 20
7.099999999999999
 30
0.0
 11
19.554516600406096
 21
7.1499999999999995
 31
0.0
  0
LINE
  5
899
330
17
100
AcDbEntity
  8
hatch
100
AcDbLine
 10
19.363095244168782
 20
7.1000000000000005
 30
0.0
 11
19.413095244168783
 21
7.1499999999999995
 31
0.0
  0
LINE
  5
89A
330
17
100
AcDbEntity
  8
hatch
100
AcDbLine
 10
19.221673887931477
 20
7.1000000000000005
 30
0.0
 11
19.271673887931478
 21
7.150000000000001
 31
0.0
  0
LINE
  5
89B
330
17
100
AcDbEntity
  8
hatch
100
AcDbLine
 10
19.080252531694168
 20
7.1
 30
0.0
 11
19.130252531694165
 21
7.149999999999999
 31
0.0
  0
LINE
  5
89C
330
17
100
AcDbEntity
  8
hatch
100
AcDbLine
 10
18.93883117545686
 20
7.1
 30
0.0
 11
18.98883117545686
 21
7.15
 31
0.0
  0
LINE
  5
89D
330
17
100
AcDbEntity
  8
hatch
100
AcDbLine
 10
18.79740981921955
 20
7.1
 30
0.0
 11
18.84740981921955
 21
7.149999999999999
 31
0.0
  0
LINE
  5
89E
330
17
100
AcDbEntity
  8
hatch
100
AcDbLine
 10
18.655988462982236
 20
7.099999999999999
 30
0.0
 11
18.705988462982237
 21
7.1499999999999995
 31
0.0
  0
LINE
  5
89F
330
17
100
AcDbEntity
  8
hatch
100
AcDbLine
 10
18.514567106744927
 20
7.1000000000000005
 30
0.0
 11
18.56456710674493
 21
7.150000000000001
 31
0.0
  0
LINE
  5
8A0
330
17
100
AcDbEntity
  8
hatch
100
AcDbLine
 10
18.373145750507618
 20
7.099999999999999
 30
0.0
 11
18.42314575050762
 21
7.1499999999999995
 31
0.0
  0
LINE
  5
8A1
330
17
100
AcDbEntity
  8
hatch
100
AcDbLine
 10
18.23172439427031
 20
7.1
 30
0.0
 11
18.28172439427031
 21
7.150000000000002
 31
0.0
  0
LINE
  5
8A2
330
17
100
AcDbEntity
  8
hatch
100
AcDbLine
 10
18.090303038032996
 20
7.099999999999998
 30
0.0
 11
18.140303038033
 21
7.15
 31
0.0
  0
LINE
  5
8A3
330
17
100
AcDbEntity
  8
hatch
100
AcDbLine
 10
17.94888168179569
 20
7.1
 30
0.0
 11
17.998881681795687
 21
7.149999999999999
 31
0.0
  0
LINE
  5
8A4
330
17
100
AcDbEntity
  8
hatch
100
AcDbLine
 10
17.807460325558377
 20
7.099999999999998
 30
0.0
 11
17.85746032555838
 21
7.15
 31
0.0
  0
LINE
  5
8A5
330
17
100
AcDbEntity
  8
hatch
100
AcDbLine
 10
17.66603896932107
 20
7.1
 30
0.0
 11
17.716038969321072
 21
7.149999999999999
 31
0.0
  0
LINE
  5
8A6
330
17
100
AcDbEntity
  8
hatch
100
AcDbLine
 10
17.52461761308376
 20
7.099999999999999
 30
0.0
 11
17.57461761308376
 21
7.150000000000001
 31
0.0
  0
LINE
  5
8A7
330
17
100
AcDbEntity
  8
hatch
100
AcDbLine
 10
17.38319625684645
 20
7.099999999999999
 30
0.0
 11
17.433196256846454
 21
7.150000000000001
 31
0.0
  0
LINE
  5
8A8
330
17
100
AcDbEntity
  8
hatch
100
AcDbLine
 10
17.241774900609144
 20
7.099999999999999
 30
0.0
 11
17.29177490060914
 21
7.1499999999999995
 31
0.0
  0
LINE
  5
8A9
330
17
100
AcDbEntity
  8
hatch
100
AcDbLine
 10
17.10035354437183
 20
7.099999999999999
 30
0.0
 11
17.150353544371832
 21
7.150000000000001
 31
0.0
  0
LINE
  5
8AA
330
17
100
AcDbEntity
  8
hatch
100
AcDbLine
 10
16.958932188134526
 20
7.1000000000000005
 30
0.0
 11
17.008932188134523
 21
7.1499999999999995
 31
0.0
  0
LINE
  5
8AB
330
17
100
AcDbEntity
  8
hatch
100
AcDbLine
 10
16.817510831897216
 20
7.1000000000000005
 30
0.0
 11
16.867510831897214
 21
7.150000000000001
 31
0.0
  0
LINE
  5
8AC
330
17
100
AcDbEntity
  8
hatch
100
AcDbLine
 10
16.676089475659907
 20
7.1000000000000005
 30
0.0
 11
16.726089475659904
 21
7.1499999999999995
 31
0.0
  0
LINE
  5
8AD
330
17
100
AcDbEntity
  8
hatch
100
AcDbLine
 10
16.534668119422594
 20
7.1
 30
0.0
 11
16.584668119422595
 21
7.15
 31
0.0
  0
LINE
  5
8AE
330
17
100
AcDbEntity
  8
hatch
100
AcDbLine
 10
16.393246763185285
 20
7.100000000000001
 30
0.0
 11
16.443246763185286
 21
7.15
 31
0.0
  0
LINE
  5
8AF
330
17
100
AcDbEntity
  8
hatch
100
AcDbLine
 10
16.251825406947976
 20
7.1
 30
0.0
 11
16.301825406947977
 21
7.15
 31
0.0
  0
LINE
  5
8B0
330
17
100
AcDbEntity
  8
hatch
100
AcDbLine
 10
16.110404050710667
 20
7.100000000000001
 30
0.0
 11
16.160404050710664
 21
7.149999999999999
 31
0.0
  0
LINE
  5
8B1
330
17
100
AcDbEntity
  8
hatch
100
AcDbLine
 10
15.968982694473354
 20
7.099999999999998
 30
0.0
 11
16.018982694473358
 21
7.15
 31
0.0
  0
LINE
  5
8B2
330
17
100
AcDbEntity
  8
hatch
100
AcDbLine
 10
15.827561338236048
 20
7.1000000000000005
 30
0.0
 11
15.877561338236045
 21
7.1499999999999995
 31
0.0
  0
LINE
  5
8B3
330
17
100
AcDbEntity
  8
hatch
100
AcDbLine
 10
15.686139981998735
 20
7.099999999999999
 30
0.0
 11
15.73613998199874
 21
7.150000000000001
 31
0.0
  0
LINE
  5
8B4
330
17
100
AcDbEntity
  8
hatch
100
AcDbLine
 10
15.54471862576143
 20
7.1
 30
0.0
 11
15.594718625761427
 21
7.149999999999999
 31
0.0
  0
LINE
  5
8B5
330
17
100
AcDbEntity
  8
hatch
100
AcDbLine
 10
15.403297269524117
 20
7.099999999999999
 30
0.0
 11
15.453297269524118
 21
7.1499999999999995
 31
0.0
  0
LINE
  5
8B6
330
17
100
AcDbEntity
  8
hatch
100
AcDbLine
 10
15.261875913286808
 20
7.099999999999999
 30
0.0
 11
15.311875913286809
 21
7.150000000000001
 31
0.0
  0
LINE
  5
8B7
330
17
100
AcDbEntity
  8
hatch
100
AcDbLine
 10
15.120454557049499
 20
7.1
 30
0.0
 11
15.1704545570495
 21
7.15
 31
0.0
  0
LINE
  5
8B8
330
17
100
AcDbEntity
  8
hatch
100
AcDbLine
 10
14.97903320081219
 20
7.1
 30
0.0
 11
15.029033200812192
 21
7.150000000000002
 31
0.0
  0
LINE
  5
8B9
330
17
100
AcDbEntity
  8
hatch
100
AcDbLine
 10
14.83761184457488
 20
7.1
 30
0.0
 11
14.88761184457488
 21
7.15
 31
0.0
  0
LINE
  5
8BA
330
17
100
AcDbEntity
  8
hatch
100
AcDbLine
 10
14.696190488337571
 20
7.1
 30
0.0
 11
14.74619048833757
 21
7.149999999999999
 31
0.0
  0
LINE
  5
8BB
330
17
100
AcDbEntity
  8
hatch
100
AcDbLine
 10
14.55476913210026
 20
7.099999999999998
 30
0.0
 11
14.604769132100262
 21
7.15
 31
0.0
  0
LINE
  5
8BC
330
17
100
AcDbEntity
  8
hatch
100
AcDbLine
 10
14.413347775862952
 20
7.1
 30
0.0
 11
14.46334777586295
 21
7.149999999999999
 31
0.0
  0
LINE
  5
8BD
330
17
100
AcDbEntity
  8
hatch
100
AcDbLine
 10
14.27192641962564
 20
7.099999999999998
 30
0.0
 11
14.321926419625644
 21
7.15
 31
0.0
  0
LINE
  5
8BE
330
17
100
AcDbEntity
  8
hatch
100
AcDbLine
 10
14.130505063388334
 20
7.1
 30
0.0
 11
14.180505063388335
 21
7.15
 31
0.0
  0
LINE
  5
8BF
330
17
100
AcDbEntity
  8
hatch
100
AcDbLine
 10
13.989083707151025
 20
7.100000000000001
 30
0.0
 11
14.039083707151024
 21
7.15
 31
0.0
  0
LINE
  5
8C0
330
17
100
AcDbEntity
  8
hatch
100
AcDbLine
 10
13.847662350913716
 20
7.1
 30
0.0
 11
13.897662350913716
 21
7.15
 31
0.0
  0
LINE
  5
8C1
330
17
100
AcDbEntity
  8
hatch
100
AcDbLine
 10
13.706240994676403
 20
7.1000000000000005
 30
0.0
 11
13.756240994676403
 21
7.1499999999999995
 31
0.0
  0
LINE
  5
8C2
330
17
100
AcDbEntity
  8
hatch
100
AcDbLine
 10
13.564819638439094
 20
7.099999999999999
 30
0.0
 11
13.614819638439096
 21
7.150000000000001
 31
0.0
  0
LINE
  5
8C3
330
17
100
AcDbEntity
  8
hatch
100
AcDbLine
 10
13.423398282201786
 20
7.1000000000000005
 30
0.0
 11
13.473398282201785
 21
7.1499999999999995
 31
0.0
  0
LINE
  5
8C4
330
17
100
AcDbEntity
  8
hatch
100
AcDbLine
 10
13.281976925964475
 20
7.1
 30
0.0
 11
13.331976925964476
 21
7.15
 31
0.0
  0
LINE
  5
8C5
330
17
100
AcDbEntity
  8
hatch
100
AcDbLine
 10
13.140555569727164
 20
7.099999999999998
 30
0.0
 11
13.190555569727167
 21
7.15
 31
0.0
  0
LINE
  5
8C6
330
17
100
AcDbEntity
  8
hatch
100
AcDbLine
 10
12.999134213489857
 20
7.1
 30
0.0
 11
13.049134213489857
 21
7.15
 31
0.0
  0
LINE
  5
8C7
330
17
100
AcDbEntity
  8
hatch
100
AcDbLine
 10
12.857712857252546
 20
7.1
 30
0.0
 11
12.907712857252548
 21
7.15
 31
0.0
  0
LINE
  5
8C8
330
17
100
AcDbEntity
  8
hatch
100
AcDbLine
 10
12.716291501015238
 20
7.1
 30
0.0
 11
12.766291501015239
 21
7.15
 31
0.0
  0
LINE
  5
8C9
330
17
100
AcDbEntity
  8
hatch
100
AcDbLine
 10
12.574870144777929
 20
7.1
 30
0.0
 11
12.62487014477793
 21
7.15
 31
0.0
  0
LINE
  5
8CA
330
17
100
AcDbEntity
  8
hatch
100
AcDbLine
 10
12.433448788540616
 20
7.099999999999999
 30
0.0
 11
12.483448788540617
 21
7.1499999999999995
 31
0.0
  0
LINE
  5
8CB
330
17
100
AcDbEntity
  8
hatch
100
AcDbLine
 10
12.29202743230331
 20
7.1000000000000005
 30
0.0
 11
12.342027432303308
 21
7.1499999999999995
 31
0.0
  0
LINE
  5
8CC
330
17
100
AcDbEntity
  8
hatch
100
AcDbLine
 10
12.150606076065998
 20
7.099999999999998
 30
0.0
 11
12.200606076065998
 21
7.149999999999999
 31
0.0
  0
LINE
  5
8CD
330
17
100
AcDbEntity
  8
hatch
100
AcDbLine
 10
12.009184719828692
 20
7.1
 30
0.0
 11
12.05918471982869
 21
7.149999999999999
 31
0.0
  0
LINE
  5
8CE
330
17
100
AcDbEntity
  8
hatch
100
AcDbLine
 10
11.86776336359138
 20
7.099999999999998
 30
0.0
 11
11.91776336359138
 21
7.15
 31
0.0
  0
LINE
  5
8CF
330
17
100
AcDbEntity
  8
hatch
100
AcDbLine
 10
11.72634200735407
 20
7.1
 30
0.0
 11
11.77634200735407
 21
7.15
 31
0.0
  0
LINE
  5
8D0
330
17
100
AcDbEntity
  8
hatch
100
AcDbLine
 10
11.58492065111676
 20
7.1
 30
0.0
 11
11.634920651116762
 21
7.15
 31
0.0
  0
LINE
  5
8D1
330
17
100
AcDbEntity
  8
hatch
100
AcDbLine
 10
11.443499294879452
 20
7.1
 30
0.0
 11
11.493499294879452
 21
7.15
 31
0.0
  0
LINE
  5
8D2
330
17
100
AcDbEntity
  8
hatch
100
AcDbLine
 10
11.302077938642142
 20
7.100000000000001
 30
0.0
 11
11.352077938642141
 21
7.149999999999999
 31
0.0
  0
LINE
  5
8D3
330
17
100
AcDbEntity
  8
hatch
100
AcDbLine
 10
11.160656582404833
 20
7.099999999999999
 30
0.0
 11
11.210656582404834
 21
7.1499999999999995
 31
0.0
  0
LINE
  5
8D4
330
17
100
AcDbEntity
  8
hatch
100
AcDbLine
 10
11.01923522616752
 20
7.099999999999998
 30
0.0
 11
11.069235226167521
 21
7.15
 31
0.0
  0
LINE
  5
8D5
330
17
100
AcDbEntity
  8
hatch
100
AcDbLine
 10
10.877813869930215
 20
7.1
 30
0.0
 11
10.927813869930214
 21
7.15
 31
0.0
  0
LINE
  5
8D6
330
17
100
AcDbEntity
  8
hatch
100
AcDbLine
 10
10.736392513692904
 20
7.099999999999998
 30
0.0
 11
10.786392513692904
 21
7.15
 31
0.0
  0
LINE
  5
8D7
330
17
100
AcDbEntity
  8
hatch
100
AcDbLine
 10
10.594971157455594
 20
7.099999999999998
 30
0.0
 11
10.644971157455597
 21
7.15
 31
0.0
  0
LINE
  5
8D8
330
17
100
AcDbEntity
  8
hatch
100
AcDbLine
 10
10.453549801218283
 20
7.100000000000001
 30
0.0
 11
10.503549801218284
 21
7.15
 31
0.0
  0
LINE
  5
8D9
330
17
100
AcDbEntity
  8
hatch
100
AcDbLine
 10
10.312128444980974
 20
7.099999999999999
 30
0.0
 11
10.362128444980975
 21
7.1499999999999995
 31
0.0
  0
LINE
  5
8DA
330
17
100
AcDbEntity
  8
hatch
100
AcDbLine
 10
10.170707088743665
 20
7.1000000000000005
 30
0.0
 11
10.220707088743666
 21
7.1499999999999995
 31
0.0
  0
LINE
  5
8DB
330
17
100
AcDbEntity
  8
hatch
100
AcDbLine
 10
10.029285732506356
 20
7.099999999999999
 30
0.0
 11
10.079285732506357
 21
7.1499999999999995
 31
0.0
  0
LINE
  5
8DC
330
17
100
AcDbEntity
  8
hatch
100
AcDbLine
 10
9.887864376269048
 20
7.1000000000000005
 30
0.0
 11
9.937864376269047
 21
7.1499999999999995
 31
0.0
  0
LINE
  5
8DD
330
17
100
AcDbEntity
  8
hatch
100
AcDbLine
 10
9.746443020031737
 20
7.1
 30
0.0
 11
9.796443020031736
 21
7.15
 31
0.0
  0
LINE
  5
8DE
330
17
100
AcDbEntity
  8
hatch
100
AcDbLine
 10
9.605021663794426
 20
7.1
 30
0.0
 11
9.655021663794429
 21
7.15
 31
0.0
  0
LINE
  5
8DF
330
17
100
AcDbEntity
  8
hatch
100
AcDbLine
 10
9.463600307557117
 20
7.1
 30
0.0
 11
9.51360030755712
 21
7.15
 31
0.0
  0
LINE
  5
8E0
330
17
100
AcDbEntity
  8
hatch
100
AcDbLine
 10
9.322178951319808
 20
7.1
 30
0.0
 11
9.37217895131981
 21
7.15
 31
0.0
  0
LINE
  5
8E1
330
17
100
AcDbEntity
  8
hatch
100
AcDbLine
 10
9.1807575950825
 20
7.1
 30
0.0
 11
9.230757595082501
 21
7.15
 31
0.0
  0
LINE
  5
8E2
330
17
100
AcDbEntity
  8
hatch
100
AcDbLine
 10
9.03933623884519
 20
7.1000000000000005
 30
0.0
 11
9.089336238845188
 21
7.1499999999999995
 31
0.0
  0
LINE
  5
8E3
330
17
100
AcDbEntity
  8
hatch
100
AcDbLine
 10
8.897914882607878
 20
7.099999999999999
 30
0.0
 11
8.94791488260788
 21
7.1499999999999995
 31
0.0
  0
LINE
  5
8E4
330
17
100
AcDbEntity
  8
hatch
100
AcDbLine
 10
8.756493526370571
 20
7.1000000000000005
 30
0.0
 11
8.80649352637057
 21
7.15
 31
0.0
  0
LINE
  5
8E5
330
17
100
AcDbEntity
  8
hatch
100
AcDbLine
 10
8.615072170133262
 20
7.1
 30
0.0
 11
8.665072170133262
 21
7.15
 31
0.0
  0
LINE
  5
8E6
330
17
100
AcDbEntity
  8
hatch
100
AcDbLine
 10
8.473650813895953
 20
7.1
 30
0.0
 11
8.523650813895951
 21
7.1499999999999995
 31
0.0
  0
LINE
  5
8E7
330
17
100
AcDbEntity
  8
hatch
100
AcDbLine
 10
8.332229457658642
 20
7.099999999999999
 30
0.0
 11
8.38222945765864
 21
7.1499999999999995
 31
0.0
  0
LINE
  5
8E8
330
17
100
AcDbEntity
  8
hatch
100
AcDbLine
 10
8.190808101421332
 20
7.1
 30
0.0
 11
8.240808101421331
 21
7.1499999999999995
 31
0.0
  0
LINE
  5
8E9
330
17
100
AcDbEntity
  8
hatch
100
AcDbLine
 10
8.049386745184023
 20
7.1
 30
0.0
 11
8.099386745184022
 21
7.1499999999999995
 31
0.0
  0
LINE
  5
8EA
330
17
100
AcDbEntity
  8
hatch
100
AcDbLine
 10
7.907965388946713
 20
7.1
 30
0.0
 11
7.957965388946713
 21
7.1499999999999995
 31
0.0
  0
LINE
  5
8EB
330
17
100
AcDbEntity
  8
hatch
100
AcDbLine
 10
7.766544032709406
 20
7.1
 30
0.0
 11
7.816544032709404
 21
7.149999999999999
 31
0.0
  0
LINE
  5
8EC
330
17
100
AcDbEntity
  8
hatch
100
AcDbLine
 10
7.625122676472094
 20
7.1000000000000005
 30
0.0
 11
7.675122676472093
 21
7.1499999999999995
 31
0.0
  0
LINE
  5
8ED
330
17
100
AcDbEntity
  8
hatch
100
AcDbLine
 10
7.4837013202347835
 20
7.1
 30
0.0
 11
7.533701320234783
 21
7.1499999999999995
 31
0.0
  0
LINE
  5
8EE
330
17
100
AcDbEntity
  8
hatch
100
AcDbLine
 10
7.342279963997475
 20
7.099999999999999
 30
0.0
 11
7.392279963997476
 21
7.1499999999999995
 31
0.0
  0
LINE
  5
8EF
330
17
100
AcDbEntity
  8
hatch
100
AcDbLine
 10
7.200858607760166
 20
7.099999999999999
 30
0.0
 11
7.2508586077601676
 21
7.15
 31
0.0
  0
LINE
  5
8F0
330
17
100
AcDbEntity
  8
hatch
100
AcDbLine
 10
7.059437251522857
 20
7.099999999999999
 30
0.0
 11
7.109437251522858
 21
7.15
 31
0.0
  0
LINE
  5
8F1
330
17
100
AcDbEntity
  8
hatch
100
AcDbLine
 10
6.918015895285545
 20
7.1
 30
0.0
 11
6.968015895285546
 21
7.15
 31
0.0
  0
LINE
  5
8F2
330
17
100
AcDbEntity
  8
hatch
100
AcDbLine
 10
6.7765945390482365
 20
7.099999999999999
 30
0.0
 11
6.826594539048238
 21
7.15
 31
0.0
  0
LINE
  5
8F3
330
17
100
AcDbEntity
  8
hatch
100
AcDbLine
 10
6.635173182810927
 20
7.099999999999999
 30
0.0
 11
6.685173182810929
 21
7.15
 31
0.0
  0
LINE
  5
8F4
330
17
100
AcDbEntity
  8
hatch
100
AcDbLine
 10
6.493751826573619
 20
7.099999999999999
 30
0.0
 11
6.54375182657362
 21
7.15
 31
0.0
  0
LINE
  5
8F5
330
17
100
AcDbEntity
  8
hatch
100
AcDbLine
 10
6.352330470336311
 20
7.1000000000000005
 30
0.0
 11
6.40233047033631
 21
7.15
 31
0.0
  0
LINE
  5
8F6
330
17
100
AcDbEntity
  8
hatch
100
AcDbLine
 10
6.210909114099
 20
7.1000000000000005
 30
0.0
 11
6.260909114098999
 21
7.15
 31
0.0
  0
LINE
  5
8F7
330
17
100
AcDbEntity
  8
hatch
100
AcDbLine
 10
6.0694877578616895
 20
7.099999999999999
 30
0.0
 11
6.11948775786169
 21
7.15
 31
0.0
  0
LINE
  5
8F8
330
17
100
AcDbEntity
  8
hatch
100
AcDbLine
 10
5.92806640162438
 20
7.099999999999999
 30
0.0
 11
5.978066401624381
 21
7.15
 31
0.0
  0
LINE
  5
8F9
330
17
100
AcDbEntity
  8
hatch
100
AcDbLine
 10
5.786645045387071
 20
7.1
 30
0.0
 11
5.836645045387072
 21
7.15
 31
0.0
  0
LINE
  5
8FA
330
17
100
AcDbEntity
  8
hatch
100
AcDbLine
 10
5.645223689149762
 20
7.1
 30
0.0
 11
5.695223689149762
 21
7.1499999999999995
 31
0.0
  0
LINE
  5
8FB
330
17
100
AcDbEntity
  8
hatch
100
AcDbLine
 10
5.503802332912451
 20
7.099999999999999
 30
0.0
 11
5.553802332912451
 21
7.1499999999999995
 31
0.0
  0
LINE
  5
8FC
330
17
100
AcDbEntity
  8
hatch
100
AcDbLine
 10
5.362380976675142
 20
7.1
 30
0.0
 11
5.412380976675141
 21
7.1499999999999995
 31
0.0
  0
LINE
  5
8FD
330
17
100
AcDbEntity
  8
hatch
100
AcDbLine
 10
5.220959620437832
 20
7.1
 30
0.0
 11
5.270959620437832
 21
7.1499999999999995
 31
0.0
  0
LINE
  5
8FE
330
17
100
AcDbEntity
  8
hatch
100
AcDbLine
 10
5.079538264200524
 20
7.1
 30
0.0
 11
5.129538264200523
 21
7.1499999999999995
 31
0.0
  0
LINE
  5
8FF
330
17
100
AcDbEntity
  8
hatch
100
AcDbLine
 10
4.938116907963215
 20
7.1
 30
0.0
 11
4.988116907963214
 21
7.1499999999999995
 31
0.0
  0
LINE
  5
900
330
17
100
AcDbEntity
  8
hatch
100
AcDbLine
 10
4.796695551725903
 20
7.1
 30
0.0
 11
4.846695551725903
 21
7.1499999999999995
 31
0.0
  0
LINE
  5
901
330
17
100
AcDbEntity
  8
hatch
100
AcDbLine
 10
4.655274195488594
 20
7.1
 30
0.0
 11
4.7052741954885935
 21
7.1499999999999995
 31
0.0
  0
LINE
  5
902
330
17
100
AcDbEntity
  8
hatch
100
AcDbLine
 10
4.513852839251285
 20
7.1
 30
0.0
 11
4.563852839251284
 21
7.1499999999999995
 31
0.0
  0
LINE
  5
903
330
17
100
AcDbEntity
  8
hatch
100
AcDbLine
 10
4.372431483013976
 20
7.1
 30
0.0
 11
4.422431483013976
 21
7.149999999999999
 31
0.0
  0
LINE
  5
904
330
17
100
AcDbEntity
  8
hatch
100
AcDbLine
 10
4.231010126776667
 20
7.1
 30
0.0
 11
4.281010126776667
 21
7.149999999999999
 31
0.0
  0
LINE
  5
905
330
17
100
AcDbEntity
  8
hatch
100
AcDbLine
 10
4.089588770539356
 20
7.1
 30
0.0
 11
4.139588770539355
 21
7.1499999999999995
 31
0.0
  0
LINE
  5
906
330
17
100
AcDbEntity
  8
hatch
100
AcDbLine
 10
3.948167414302046
 20
7.1
 30
0.0
 11
3.998167414302046
 21
7.1499999999999995
 31
0.0
  0
LINE
  5
907
330
17
100
AcDbEntity
  8
hatch
100
AcDbLine
 10
3.8067460580647374
 20
7.1
 30
0.0
 11
3.856746058064739
 21
7.15
 31
0.0
  0
LINE
  5
908
330
17
100
AcDbEntity
  8
hatch
100
AcDbLine
 10
3.665324701827428
 20
7.1
 30
0.0
 11
3.71532470182743
 21
7.15
 31
0.0
  0
LINE
  5
909
330
17
100
AcDbEntity
  8
hatch
100
AcDbLine
 10
3.523903345590119
 20
7.099999999999999
 30
0.0
 11
3.5739033455901206
 21
7.15
 31
0.0
  0
LINE
  5
90A
330
17
100
AcDbEntity
  8
hatch
100
AcDbLine
 10
3.382481989352808
 20
7.1
 30
0.0
 11
3.4324819893528096
 21
7.15
 31
0.0
  0
LINE
  5
90B
330
17
100
AcDbEntity
  8
hatch
100
AcDbLine
 10
3.2410606331154987
 20
7.1
 30
0.0
 11
3.2910606331155003
 21
7.15
 31
0.0
  0
LINE
  5
90C
330
17
100
AcDbEntity
  8
hatch
100
AcDbLine
 10
3.0996392768781895
 20
7.1
 30
0.0
 11
3.149639276878191
 21
7.15
 31
0.0
  0
LINE
  5
90D
330
17
100
AcDbEntity
  8
hatch
100
AcDbLine
 10
2.958217920640881
 20
7.1
 30
0.0
 11
3.008217920640882
 21
7.15
 31
0.0
  0
LINE
  5
90E
330
17
100
AcDbEntity
  8
hatch
100
AcDbLine
 10
2.8167965644035724
 20
7.1
 30
0.0
 11
2.8667965644035722
 21
7.1499999999999995
 31
0.0
  0
LINE
  5
90F
330
17
100
AcDbEntity
  8
hatch
100
AcDbLine
 10
2.67537520816626
 20
7.1
 30
0.0
 11
2.72537520816626
 21
7.15
 31
0.0
  0
LINE
  5
910
330
17
100
AcDbEntity
  8
hatch
100
AcDbLine
 10
2.533953851928951
 20
7.1
 30
0.0
 11
2.5839538519289516
 21
7.15
 31
0.0
  0
LINE
  5
911
330
17
100
AcDbEntity
  8
hatch
100
AcDbLine
 10
2.392532495691643
 20
7.1
 30
0.0
 11
2.4425324956916428
 21
7.1499999999999995
 31
0.0
  0
LINE
  5
912
330
17
100
AcDbEntity
  8
hatch
100
AcDbLine
 10
2.251111139454333
 20
7.099999999999999
 30
0.0
 11
2.3011111394543335
 21
7.1499999999999995
 31
0.0
  0
LINE
  5
913
330
17
100
AcDbEntity
  8
hatch
100
AcDbLine
 10
2.1096897832170245
 20
7.1
 30
0.0
 11
2.1596897832170243
 21
7.1499999999999995
 31
0.0
  0
LINE
  5
914
330
17
100
AcDbEntity
  8
hatch
100
AcDbLine
 10
1.968268426979713
 20
7.1
 30
0.0
 11
2.018268426979713
 21
7.1499999999999995
 31
0.0
  0
LINE
  5
915
330
17
100
AcDbEntity
  8
hatch
100
AcDbLine
 10
1.8268470707424034
 20
7.099999999999999
 30
0.0
 11
1.876847070742404
 21
7.1499999999999995
 31
0.0
  0
LINE
  5
916
330
17
100
AcDbEntity
  8
hatch
100
AcDbLine
 10
1.6854257145050942
 20
7.099999999999999
 30
0.0
 11
1.7354257145050949
 21
7.1499999999999995
 31
0.0
  0
LINE
  5
917
330
17
100
AcDbEntity
  8
hatch
100
AcDbLine
 10
1.544004358267785
 20
7.099999999999999
 30
0.0
 11
1.5940043582677856
 21
7.1499999999999995
 31
0.0
  0
LINE
  5
918
330
17
100
AcDbEntity
  8
hatch
100
AcDbLine
 10
1.4025830020304761
 20
7.1
 30
0.0
 11
1.4525830020304769
 21
7.149999999999999
 31
0.0
  0
LINE
  5
919
330
17
100
AcDbEntity
  8
hatch
100
AcDbLine
 10
1.2611616457931647
 20
7.099999999999999
 30
0.0
 11
1.3111616457931663
 21
7.15
 31
0.0
  0
LINE
  5
91A
330
17
100
AcDbEntity
  8
hatch
100
AcDbLine
 10
1.1197402895558586
 20
7.1
 30
0.0
 11
1.1697402895558575
 21
7.149999999999999
 31
0.0
  0
LINE
  5
91B
330
17
100
AcDbEntity
  8
hatch
100
AcDbLine
 10
0.9783189333185467
 20
7.1
 30
0.0
 11
1.0283189333185465
 21
7.149999999999999
 31
0.0
  0
LINE
  5
91C
330
17
100
AcDbEntity
  8
hatch
100
AcDbLine
 10
0.8368975770812352
 20
7.099999999999999
 30
0.0
 11
0.8868975770812342
 21
7.149999999999999
 31
0.0
  0
LINE
  5
91D
330
17
100
AcDbEntity
  8
hatch
100
AcDbLine
 10
0.6954762208439287
 20
7.1
 30
0.0
 11
0.7454762208439303
 21
7.15
 31
0.0
  0
LINE
  5
91E
330
17
100
AcDbEntity
  8
hatch
100
AcDbLine
 10
0.5540548646066168
 20
7.1
 30
0.0
 11
0.6040548646066188
 21
7.15
 31
0.0
  0
LINE
  5
91F
330
17
100
AcDbEntity
  8
hatch
100
AcDbLine
 10
0.4126335083693107
 20
7.1
 30
0.0
 11
0.46263350836931005
 21
7.149999999999999
 31
0.0
  0
LINE
  5
920
330
17
100
AcDbEntity
  8
hatch
100
AcDbLine
 10
0.27121215213199923
 20
7.1
 30
0.0
 11
0.3212121521319986
 21
7.149999999999999
 31
0.0
  0
LINE
  5
921
330
17
100
AcDbEntity
  8
hatch
100
AcDbLine
 10
0.12979079589468734
 20
7.1
 30
0.0
 11
0.17979079589468672
 21
7.149999999999999
 31
0.0
  0
LINE
  5
922
330
17
100
AcDbEntity
  8
hatch
100
AcDbLine
 10
-0.011630560342618779
 20
7.1
 30
0.0
 11
0.038369439657383264
 21
7.15
 31
0.0
  0
LWPOLYLINE
  5
923
330
17
100
AcDbEntity
  8
muro-corte
100
AcDbPolyline
 90
4
 70
1
 10
-0.029999999999999714
 20
7.1
 10
24.03
 20
7.1
 10
24.03
 20
7.15
 10
-0.029999999999999714
 20
7.15
  0
LINE
  5
924
330
17
100
AcDbEntity
  8
carpinteria
100
AcDbLine
 10
0.5399999999999998
 20
-0.45
 30
0.0
 11
0.5399999999999998
 21
6.9
 31
0.0
  0
LINE
  5
925
330
17
100
AcDbEntity
  8
carpinteria
100
AcDbLine
 10
0.6600000000000001
 20
-0.45
 30
0.0
 11
0.6600000000000001
 21
6.9
 31
0.0
  0
LINE
  5
926
330
17
100
AcDbEntity
  8
carpinteria
100
AcDbLine
 10
0.5399999999999998
 20
6.9
 30
0.0
 11
0.6600000000000001
 21
6.9
 31
0.0
  0
LINE
  5
927
330
17
100
AcDbEntity
  8
carpinteria
100
AcDbLine
 10
23.339999999999996
 20
-0.45
 30
0.0
 11
23.339999999999996
 21
6.9
 31
0.0
  0
LINE
  5
928
330
17
100
AcDbEntity
  8
carpinteria
100
AcDbLine
 10
23.459999999999997
 20
-0.45
 30
0.0
 11
23.459999999999997
 21
6.9
 31
0.0
  0
LINE
  5
929
330
17
100
AcDbEntity
  8
carpinteria
100
AcDbLine
 10
23.339999999999996
 20
6.9
 30
0.0
 11
23.459999999999997
 21
6.9
 31
0.0
  0
TEXT
  5
92A
330
17
100
AcDbEntity
  8
texto-suave
100
AcDbText
 10
12.0
 20
6.65
 30
0.0
 40
0.09
  1
MURO DE ALBAÑILERÍA TARRAJEADO Y PINTADO
 72
1
 11
12.0
 21
6.65
 31
0.0
100
AcDbText
  0
TEXT
  5
92B
330
17
100
AcDbEntity
  8
texto-suave
100
AcDbText
 10
12.0
 20
-0.3
 30
0.0
 40
0.085
  1
SOBRECIMIENTO DE CONCRETO 1:8 + 25% P.M.
 72
1
 11
12.0
 21
-0.3
 31
0.0
100
AcDbText
  0
LINE
  5
92C
330
17
100
AcDbEntity
  8
nivel
100
AcDbLine
 10
3.7
 20
-23.5
 30
0.0
 11
2.2
 21
-23.5
 31
0.0
  0
LWPOLYLINE
  5
92D
330
17
100
AcDbEntity
  8
nivel
100
AcDbPolyline
 90
3
 70
1
 10
3.7
 20
-23.5
 10
3.565
 20
-23.417500000000004
 10
3.565
 20
-23.5825
  0
LWPOLYLINE
  5
92E
330
17
100
AcDbEntity
  8
nivel
100
AcDbPolyline
 90
3
 70
1
 10
3.7
 20
-23.5
 10
3.565
 20
-23.417500000000004
 10
3.565
 20
-23.5825
  0
LINE
  5
92F
330
17
100
AcDbEntity
  8
hatch
100
AcDbLine
 10
3.5649999999999995
 20
-23.49357864376269
 30
0.0
 11
3.6122212271630456
 21
-23.446357416599643
 31
0.0
  0
TEXT
  5
930
330
17
100
AcDbEntity
  8
texto
100
AcDbText
 10
3.475
 20
-23.44
 30
0.0
 40
0.105
  1
±0,00
 72
2
100
AcDbText
  0
LINE
  5
931
330
17
100
AcDbEntity
  8
nivel
100
AcDbLine
 10
3.7
 20
-20.25
 30
0.0
 11
2.2
 21
-20.25
 31
0.0
  0
LWPOLYLINE
  5
932
330
17
100
AcDbEntity
  8
nivel
100
AcDbPolyline
 90
3
 70
1
 10
3.7
 20
-20.25
 10
3.565
 20
-20.167500000000004
 10
3.565
 20
-20.3325
  0
LWPOLYLINE
  5
933
330
17
100
AcDbEntity
  8
nivel
100
AcDbPolyline
 90
3
 70
1
 10
3.7
 20
-20.25
 10
3.565
 20
-20.167500000000004
 10
3.565
 20
-20.3325
  0
LINE
  5
934
330
17
100
AcDbEntity
  8
hatch
100
AcDbLine
 10
3.5649999999999995
 20
-20.24357864376269
 30
0.0
 11
3.6122212271630474
 21
-20.19635741659964
 31
0.0
  0
TEXT
  5
935
330
17
100
AcDbEntity
  8
texto
100
AcDbText
 10
3.475
 20
-20.19
 30
0.0
 40
0.105
  1
+3,25
 72
2
100
AcDbText
  0
LINE
  5
936
330
17
100
AcDbEntity
  8
nivel
100
AcDbLine
 10
3.7
 20
-17.3
 30
0.0
 11
2.2
 21
-17.3
 31
0.0
  0
LWPOLYLINE
  5
937
330
17
100
AcDbEntity
  8
nivel
100
AcDbPolyline
 90
3
 70
1
 10
3.7
 20
-17.3
 10
3.565
 20
-17.2175
 10
3.565
 20
-17.3825
  0
LWPOLYLINE
  5
938
330
17
100
AcDbEntity
  8
nivel
100
AcDbPolyline
 90
3
 70
1
 10
3.7
 20
-17.3
 10
3.565
 20
-17.2175
 10
3.565
 20
-17.3825
  0
LINE
  5
939
330
17
100
AcDbEntity
  8
hatch
100
AcDbLine
 10
3.5650000000000004
 20
-17.29357864376269
 30
0.0
 11
3.61222122716305
 21
-17.246357416599643
 31
0.0
  0
TEXT
  5
93A
330
17
100
AcDbEntity
  8
texto
100
AcDbText
 10
3.475
 20
-17.240000000000002
 30
0.0
 40
0.105
  1
+6,20
 72
2
100
AcDbText
  0
LINE
  5
93B
330
17
100
AcDbEntity
  8
nivel
100
AcDbLine
 10
3.7
 20
-16.35
 30
0.0
 11
2.2
 21
-16.35
 31
0.0
  0
LWPOLYLINE
  5
93C
330
17
100
AcDbEntity
  8
nivel
100
AcDbPolyline
 90
3
 70
1
 10
3.7
 20
-16.35
 10
3.565
 20
-16.267500000000002
 10
3.565
 20
-16.4325
  0
LWPOLYLINE
  5
93D
330
17
100
AcDbEntity
  8
nivel
100
AcDbPolyline
 90
3
 70
1
 10
3.7
 20
-16.35
 10
3.565
 20
-16.267500000000002
 10
3.565
 20
-16.4325
  0
LINE
  5
93E
330
17
100
AcDbEntity
  8
hatch
100
AcDbLine
 10
3.5649999999999986
 20
-16.343578643762694
 30
0.0
 11
3.612221227163049
 21
-16.296357416599644
 31
0.0
  0
TEXT
  5
93F
330
17
100
AcDbEntity
  8
texto
100
AcDbText
 10
3.475
 20
-16.290000000000003
 30
0.0
 40
0.105
  1
+7,15
 72
2
100
AcDbText
  0
LINE
  5
940
330
17
100
AcDbEntity
  8
nivel
100
AcDbLine
 10
3.7
 20
-16.130000000000003
 30
0.0
 11
2.2
 21
-16.130000000000003
 31
0.0
  0
LWPOLYLINE
  5
941
330
17
100
AcDbEntity
  8
nivel
100
AcDbPolyline
 90
3
 70
1
 10
3.7
 20
-16.130000000000003
 10
3.565
 20
-16.047500000000003
 10
3.565
 20
-16.212500000000002
  0
LWPOLYLINE
  5
942
330
17
100
AcDbEntity
  8
nivel
100
AcDbPolyline
 90
3
 70
1
 10
3.7
 20
-16.130000000000003
 10
3.565
 20
-16.047500000000003
 10
3.565
 20
-16.212500000000002
  0
LINE
  5
943
330
17
100
AcDbEntity
  8
hatch
100
AcDbLine
 10
3.5650000000000004
 20
-16.12357864376269
 30
0.0
 11
3.612221227163049
 21
-16.076357416599645
 31
0.0
  0
TEXT
  5
944
330
17
100
AcDbEntity
  8
texto
100
AcDbText
 10
3.475
 20
-16.070000000000004
 30
0.0
 40
0.095
  1
ALBARDILLA
 72
2
100
AcDbText
  0
LINE
  5
945
330
17
100
AcDbEntity
  8
nivel
100
AcDbLine
 10
29.35
 20
-23.950000000000003
 30
0.0
 11
30.650000000000002
 21
-23.950000000000003
 31
0.0
  0
LWPOLYLINE
  5
946
330
17
100
AcDbEntity
  8
nivel
100
AcDbPolyline
 90
3
 70
1
 10
29.35
 20
-23.950000000000003
 10
29.485000000000003
 20
-23.867500000000003
 10
29.485000000000003
 20
-24.0325
  0
LWPOLYLINE
  5
947
330
17
100
AcDbEntity
  8
nivel
100
AcDbPolyline
 90
3
 70
1
 10
29.35
 20
-23.950000000000003
 10
29.485000000000003
 20
-23.867500000000003
 10
29.485000000000003
 20
-24.0325
  0
LINE
  5
948
330
17
100
AcDbEntity
  8
hatch
100
AcDbLine
 10
29.39722122716305
 20
-23.97885741659964
 30
0.0
 11
29.485
 21
-23.891078643762693
 31
0.0
  0
TEXT
  5
949
330
17
100
AcDbEntity
  8
texto
100
AcDbText
 10
29.575000000000003
 20
-23.89
 30
0.0
 40
0.105
  1
NTN -0,45
100
AcDbText
  0
LINE
  5
94A
330
17
100
AcDbEntity
  8
cota
100
AcDbLine
 10
5.0
 20
-16.375
 30
0.0
 11
5.0
 21
-15.925
 31
0.0
  0
LINE
  5
94B
330
17
100
AcDbEntity
  8
cota
100
AcDbLine
 10
29.0
 20
-16.375
 30
0.0
 11
29.0
 21
-15.925
 31
0.0
  0
LINE
  5
94C
330
17
100
AcDbEntity
  8
cota
100
AcDbLine
 10
5.0
 20
-15.850000000000001
 30
0.0
 11
29.0
 21
-15.850000000000001
 31
0.0
  0
LINE
  5
94D
330
17
100
AcDbEntity
  8
cota
100
AcDbLine
 10
4.925000000000001
 20
-15.925
 30
0.0
 11
5.075
 21
-15.775
 31
0.0
  0
LINE
  5
94E
330
17
100
AcDbEntity
  8
cota
100
AcDbLine
 10
28.925
 20
-15.925
 30
0.0
 11
29.075000000000003
 21
-15.775
 31
0.0
  0
TEXT
  5
94F
330
17
100
AcDbEntity
  8
cota-texto
100
AcDbText
 10
17.0
 20
-15.795
 30
0.0
 40
0.125
  1
24,00
 72
1
 11
17.0
 21
-15.795
 31
0.0
100
AcDbText
  0
LINE
  5
950
330
17
100
AcDbEntity
  8
cota
100
AcDbLine
 10
5.0
 20
-24.025000000000002
 30
0.0
 11
5.0
 21
-24.375
 31
0.0
  0
LINE
  5
951
330
17
100
AcDbEntity
  8
cota
100
AcDbLine
 10
4.55
 20
-24.025000000000002
 30
0.0
 11
4.55
 21
-24.375
 31
0.0
  0
LINE
  5
952
330
17
100
AcDbEntity
  8
cota
100
AcDbLine
 10
5.0
 20
-24.3
 30
0.0
 11
4.55
 21
-24.3
 31
0.0
  0
LINE
  5
953
330
17
100
AcDbEntity
  8
cota
100
AcDbLine
 10
4.925000000000001
 20
-24.375
 30
0.0
 11
5.075
 21
-24.225
 31
0.0
  0
LINE
  5
954
330
17
100
AcDbEntity
  8
cota
100
AcDbLine
 10
4.4750000000000005
 20
-24.375
 30
0.0
 11
4.625
 21
-24.225
 31
0.0
  0
TEXT
  5
955
330
17
100
AcDbEntity
  8
cota-texto
100
AcDbText
 10
4.775
 20
-24.245
 30
0.0
 40
0.09
  1
0,45
 72
1
 11
4.775
 21
-24.245
 31
0.0
100
AcDbText
  0
TEXT
  5
956
330
17
100
AcDbEntity
  8
texto
100
AcDbText
 10
3.8000000000000003
 20
-15.100000000000001
 30
0.0
 40
0.18
  1
FACHADA NORTE  ·  POSTERIOR
100
AcDbText
  0
LINE
  5
957
330
17
100
AcDbEntity
  8
marco-medio
100
AcDbLine
 10
3.8000000000000003
 20
-15.230000000000002
 30
0.0
 11
13.8
 21
-15.230000000000002
 31
0.0
  0
TEXT
  5
958
330
17
100
AcDbEntity
  8
texto-suave
100
AcDbText
 10
13.8
 20
-15.100000000000001
 30
0.0
 40
0.11000000000000001
  1
E 1:50
 72
2
100
AcDbText
  0
TEXT
  5
959
330
17
100
AcDbEntity
  8
texto-suave
100
AcDbText
 10
3.8000000000000003
 20
-15.380000000000003
 30
0.0
 40
0.1
  1
Ventanas de dormitorios en ambos niveles
100
AcDbText
  0
LINE
  5
95A
330
17
100
AcDbEntity
  8
terreno
100
AcDbLine
 10
-1.2
 20
-0.45
 30
0.0
 11
0.0
 21
-0.45
 31
0.0
  0
LINE
  5
95B
330
17
100
AcDbEntity
  8
terreno
100
AcDbLine
 10
-1.2
 20
-0.45
 30
0.0
 11
-1.3800000000000012
 21
-0.65
 31
0.0
  0
LINE
  5
95C
330
17
100
AcDbEntity
  8
terreno
100
AcDbLine
 10
-0.7800000000000011
 20
-0.45
 30
0.0
 11
-0.9600000000000023
 21
-0.65
 31
0.0
  0
LINE
  5
95D
330
17
100
AcDbEntity
  8
terreno
100
AcDbLine
 10
-0.36000000000000226
 20
-0.45
 30
0.0
 11
-0.5399999999999977
 21
-0.65
 31
0.0
  0
LINE
  5
95E
330
17
100
AcDbEntity
  8
terreno
100
AcDbLine
 10
9.6
 20
-0.45
 30
0.0
 11
10.8
 21
-0.45
 31
0.0
  0
LINE
  5
95F
330
17
100
AcDbEntity
  8
terreno
100
AcDbLine
 10
9.6
 20
-0.45
 30
0.0
 11
9.419999999999998
 21
-0.65
 31
0.0
  0
LINE
  5
960
330
17
100
AcDbEntity
  8
terreno
100
AcDbLine
 10
10.02
 20
-0.45
 30
0.0
 11
9.839999999999998
 21
-0.65
 31
0.0
  0
LINE
  5
961
330
17
100
AcDbEntity
  8
terreno
100
AcDbLine
 10
10.439999999999998
 20
-0.45
 30
0.0
 11
10.260000000000002
 21
-0.65
 31
0.0
  0
LINE
  5
962
330
17
100
AcDbEntity
  8
terreno
100
AcDbLine
 10
-0.5656854249492369
 20
-1.65
 30
0.0
 11
0.0
 21
-1.0843145750507617
 31
0.0
  0
LINE
  5
963
330
17
100
AcDbEntity
  8
terreno
100
AcDbLine
 10
-1.1313708498984738
 20
-1.65
 30
0.0
 11
0.0
 21
-0.5186291501015233
 31
0.0
  0
LINE
  5
964
330
17
100
AcDbEntity
  8
terreno
100
AcDbLine
 10
-1.2
 20
-1.152943725152285
 30
0.0
 11
-0.4970562748477164
 21
-0.45
 31
0.0
  0
LINE
  5
965
330
17
100
AcDbEntity
  8
terreno
100
AcDbLine
 10
-1.2
 20
-0.5872583002030467
 30
0.0
 11
-1.0627416997969532
 21
-0.45
 31
0.0
  0
LINE
  5
966
330
17
100
AcDbEntity
  8
terreno
100
AcDbLine
 10
10.234314575050757
 20
-1.65
 30
0.0
 11
10.8
 21
-1.0843145750507617
 31
0.0
  0
LINE
  5
967
330
17
100
AcDbEntity
  8
terreno
100
AcDbLine
 10
9.66862915010152
 20
-1.65
 30
0.0
 11
10.8
 21
-0.5186291501015233
 31
0.0
  0
LINE
  5
968
330
17
100
AcDbEntity
  8
terreno
100
AcDbLine
 10
9.6
 20
-1.1529437251522865
 30
0.0
 11
10.302943725152284
 21
-0.45
 31
0.0
  0
LINE
  5
969
330
17
100
AcDbEntity
  8
terreno
100
AcDbLine
 10
9.6
 20
-0.5872583002030481
 30
0.0
 11
9.737258300203047
 21
-0.45
 31
0.0
  0
LWPOLYLINE
  5
96A
330
17
100
AcDbEntity
  8
hormigon
100
AcDbPolyline
 90
4
 70
1
 10
0.0
 20
-0.45
 10
9.6
 20
-0.45
 10
9.6
 20
0.0
 10
0.0
 20
0.0
  0
LINE
  5
96B
330
17
100
AcDbEntity
  8
hatch
100
AcDbLine
 10
9.45857864376269
 20
-0.45000000000000107
 30
0.0
 11
9.6
 21
-0.30857864376269184
 31
0.0
  0
LINE
  5
96C
330
17
100
AcDbEntity
  8
hatch
100
AcDbLine
 10
9.31715728752538
 20
-0.4500000000000002
 30
0.0
 11
9.599999999999998
 21
-0.16715728752538084
 31
0.0
  0
LINE
  5
96D
330
17
100
AcDbEntity
  8
hatch
100
AcDbLine
 10
9.17573593128807
 20
-0.4500000000000002
 30
0.0
 11
9.599999999999998
 21
-0.0257359312880725
 31
0.0
  0
LINE
  5
96E
330
17
100
AcDbEntity
  8
hatch
100
AcDbLine
 10
9.034314575050761
 20
-0.4500000000000002
 30
0.0
 11
9.48431457505076
 21
0.0
 31
0.0
  0
LINE
  5
96F
330
17
100
AcDbEntity
  8
hatch
100
AcDbLine
 10
8.892893218813452
 20
-0.45000000000000107
 30
0.0
 11
9.342893218813451
 21
0.0
 31
0.0
  0
LINE
  5
970
330
17
100
AcDbEntity
  8
hatch
100
AcDbLine
 10
8.75147186257614
 20
-0.4500000000000002
 30
0.0
 11
9.201471862576142
 21
0.0
 31
0.0
  0
LINE
  5
971
330
17
100
AcDbEntity
  8
hatch
100
AcDbLine
 10
8.610050506338833
 20
-0.4500000000000002
 30
0.0
 11
9.060050506338833
 21
0.0
 31
0.0
  0
LINE
  5
972
330
17
100
AcDbEntity
  8
hatch
100
AcDbLine
 10
8.468629150101524
 20
-0.4500000000000002
 30
0.0
 11
8.918629150101523
 21
0.0
 31
0.0
  0
LINE
  5
973
330
17
100
AcDbEntity
  8
hatch
100
AcDbLine
 10
8.327207793864213
 20
-0.4500000000000006
 30
0.0
 11
8.777207793864214
 21
0.0
 31
0.0
  0
LINE
  5
974
330
17
100
AcDbEntity
  8
hatch
100
AcDbLine
 10
8.185786437626904
 20
-0.4500000000000006
 30
0.0
 11
8.635786437626905
 21
0.0
 31
0.0
  0
LINE
  5
975
330
17
100
AcDbEntity
  8
hatch
100
AcDbLine
 10
8.044365081389593
 20
-0.4500000000000002
 30
0.0
 11
8.494365081389594
 21
0.0
 31
0.0
  0
LINE
  5
976
330
17
100
AcDbEntity
  8
hatch
100
AcDbLine
 10
7.9029437251522845
 20
-0.4500000000000006
 30
0.0
 11
8.352943725152286
 21
0.0
 31
0.0
  0
LINE
  5
977
330
17
100
AcDbEntity
  8
hatch
100
AcDbLine
 10
7.761522368914976
 20
-0.44999999999999973
 30
0.0
 11
8.211522368914977
 21
0.0
 31
0.0
  0
LINE
  5
978
330
17
100
AcDbEntity
  8
hatch
100
AcDbLine
 10
7.620101012677665
 20
-0.4500000000000006
 30
0.0
 11
8.070101012677666
 21
0.0
 31
0.0
  0
LINE
  5
979
330
17
100
AcDbEntity
  8
hatch
100
AcDbLine
 10
7.478679656440357
 20
-0.4500000000000002
 30
0.0
 11
7.928679656440357
 21
0.0
 31
0.0
  0
LINE
  5
97A
330
17
100
AcDbEntity
  8
hatch
100
AcDbLine
 10
7.337258300203045
 20
-0.45000000000000107
 30
0.0
 11
7.787258300203046
 21
0.0
 31
0.0
  0
LINE
  5
97B
330
17
100
AcDbEntity
  8
hatch
100
AcDbLine
 10
7.1958369439657375
 20
-0.45000000000000107
 30
0.0
 11
7.645836943965738
 21
0.0
 31
0.0
  0
LINE
  5
97C
330
17
100
AcDbEntity
  8
hatch
100
AcDbLine
 10
7.054415587728428
 20
-0.4500000000000002
 30
0.0
 11
7.504415587728429
 21
0.0
 31
0.0
  0
LINE
  5
97D
330
17
100
AcDbEntity
  8
hatch
100
AcDbLine
 10
6.912994231491118
 20
-0.4500000000000002
 30
0.0
 11
7.362994231491118
 21
0.0
 31
0.0
  0
LINE
  5
97E
330
17
100
AcDbEntity
  8
hatch
100
AcDbLine
 10
6.771572875253809
 20
-0.4500000000000002
 30
0.0
 11
7.221572875253809
 21
4.440892098500626e-16
 31
0.0
  0
LINE
  5
97F
330
17
100
AcDbEntity
  8
hatch
100
AcDbLine
 10
6.630151519016499
 20
-0.4500000000000006
 30
0.0
 11
7.0801515190165
 21
0.0
 31
0.0
  0
LINE
  5
980
330
17
100
AcDbEntity
  8
hatch
100
AcDbLine
 10
6.48873016277919
 20
-0.4500000000000006
 30
0.0
 11
6.938730162779189
 21
-4.440892098500626e-16
 31
0.0
  0
LINE
  5
981
330
17
100
AcDbEntity
  8
hatch
100
AcDbLine
 10
6.34730880654188
 20
-0.4500000000000002
 30
0.0
 11
6.797308806541881
 21
0.0
 31
0.0
  0
LINE
  5
982
330
17
100
AcDbEntity
  8
hatch
100
AcDbLine
 10
6.20588745030457
 20
-0.4500000000000002
 30
0.0
 11
6.65588745030457
 21
4.440892098500626e-16
 31
0.0
  0
LINE
  5
983
330
17
100
AcDbEntity
  8
hatch
100
AcDbLine
 10
6.064466094067262
 20
-0.4500000000000002
 30
0.0
 11
6.514466094067262
 21
0.0
 31
0.0
  0
LINE
  5
984
330
17
100
AcDbEntity
  8
hatch
100
AcDbLine
 10
5.923044737829951
 20
-0.4500000000000006
 30
0.0
 11
6.373044737829951
 21
-8.881784197001252e-16
 31
0.0
  0
LINE
  5
985
330
17
100
AcDbEntity
  8
hatch
100
AcDbLine
 10
5.781623381592642
 20
-0.4500000000000006
 30
0.0
 11
6.231623381592643
 21
-4.440892098500626e-16
 31
0.0
  0
LINE
  5
986
330
17
100
AcDbEntity
  8
hatch
100
AcDbLine
 10
5.640202025355333
 20
-0.4500000000000002
 30
0.0
 11
6.0902020253553335
 21
-4.440892098500626e-16
 31
0.0
  0
LINE
  5
987
330
17
100
AcDbEntity
  8
hatch
100
AcDbLine
 10
5.498780669118023
 20
-0.44999999999999973
 30
0.0
 11
5.948780669118023
 21
0.0
 31
0.0
  0
LINE
  5
988
330
17
100
AcDbEntity
  8
hatch
100
AcDbLine
 10
5.357359312880714
 20
-0.44999999999999973
 30
0.0
 11
5.807359312880715
 21
4.440892098500626e-16
 31
0.0
  0
LINE
  5
989
330
17
100
AcDbEntity
  8
hatch
100
AcDbLine
 10
5.215937956643404
 20
-0.4500000000000002
 30
0.0
 11
5.665937956643404
 21
-4.440892098500626e-16
 31
0.0
  0
LINE
  5
98A
330
17
100
AcDbEntity
  8
hatch
100
AcDbLine
 10
5.074516600406095
 20
-0.4500000000000002
 30
0.0
 11
5.524516600406095
 21
0.0
 31
0.0
  0
LINE
  5
98B
330
17
100
AcDbEntity
  8
hatch
100
AcDbLine
 10
4.933095244168785
 20
-0.44999999999999973
 30
0.0
 11
5.383095244168786
 21
-4.440892098500626e-16
 31
0.0
  0
LINE
  5
98C
330
17
100
AcDbEntity
  8
hatch
100
AcDbLine
 10
4.791673887931475
 20
-0.4500000000000002
 30
0.0
 11
5.2416738879314755
 21
0.0
 31
0.0
  0
LINE
  5
98D
330
17
100
AcDbEntity
  8
hatch
100
AcDbLine
 10
4.650252531694166
 20
-0.44999999999999973
 30
0.0
 11
5.100252531694167
 21
0.0
 31
0.0
  0
LINE
  5
98E
330
17
100
AcDbEntity
  8
hatch
100
AcDbLine
 10
4.508831175456857
 20
-0.44999999999999973
 30
0.0
 11
4.958831175456857
 21
0.0
 31
0.0
  0
LINE
  5
98F
330
17
100
AcDbEntity
  8
hatch
100
AcDbLine
 10
4.367409819219548
 20
-0.4500000000000002
 30
0.0
 11
4.817409819219547
 21
-4.440892098500626e-16
 31
0.0
  0
LINE
  5
990
330
17
100
AcDbEntity
  8
hatch
100
AcDbLine
 10
4.2259884629822375
 20
-0.44999999999999973
 30
0.0
 11
4.675988462982238
 21
0.0
 31
0.0
  0
LINE
  5
991
330
17
100
AcDbEntity
  8
hatch
100
AcDbLine
 10
4.084567106744928
 20
-0.4500000000000002
 30
0.0
 11
4.5345671067449285
 21
0.0
 31
0.0
  0
LINE
  5
992
330
17
100
AcDbEntity
  8
hatch
100
AcDbLine
 10
3.943145750507619
 20
-0.4500000000000002
 30
0.0
 11
4.393145750507619
 21
0.0
 31
0.0
  0
LINE
  5
993
330
17
100
AcDbEntity
  8
hatch
100
AcDbLine
 10
3.801724394270309
 20
-0.4500000000000002
 30
0.0
 11
4.251724394270309
 21
0.0
 31
0.0
  0
LINE
  5
994
330
17
100
AcDbEntity
  8
hatch
100
AcDbLine
 10
3.6603030380329997
 20
-0.44999999999999996
 30
0.0
 11
4.110303038032999
 21
-4.440892098500626e-16
 31
0.0
  0
LINE
  5
995
330
17
100
AcDbEntity
  8
hatch
100
AcDbLine
 10
3.5188816817956905
 20
-0.44999999999999996
 30
0.0
 11
3.9688816817956907
 21
-2.220446049250313e-16
 31
0.0
  0
LINE
  5
996
330
17
100
AcDbEntity
  8
hatch
100
AcDbLine
 10
3.3774603255583804
 20
-0.44999999999999996
 30
0.0
 11
3.8274603255583806
 21
-2.220446049250313e-16
 31
0.0
  0
LINE
  5
997
330
17
100
AcDbEntity
  8
hatch
100
AcDbLine
 10
3.236038969321071
 20
-0.44999999999999996
 30
0.0
 11
3.686038969321072
 21
4.440892098500626e-16
 31
0.0
  0
LINE
  5
998
330
17
100
AcDbEntity
  8
hatch
100
AcDbLine
 10
3.094617613083761
 20
-0.4500000000000002
 30
0.0
 11
3.544617613083761
 21
-2.220446049250313e-16
 31
0.0
  0
LINE
  5
999
330
17
100
AcDbEntity
  8
hatch
100
AcDbLine
 10
2.953196256846452
 20
-0.4500000000000002
 30
0.0
 11
3.403196256846452
 21
-4.440892098500626e-16
 31
0.0
  0
LINE
  5
99A
330
17
100
AcDbEntity
  8
hatch
100
AcDbLine
 10
2.8117749006091417
 20
-0.44999999999999996
 30
0.0
 11
3.261774900609142
 21
-2.220446049250313e-16
 31
0.0
  0
LINE
  5
99B
330
17
100
AcDbEntity
  8
hatch
100
AcDbLine
 10
2.6703535443718325
 20
-0.4500000000000004
 30
0.0
 11
3.1203535443718327
 21
-2.220446049250313e-16
 31
0.0
  0
LINE
  5
99C
330
17
100
AcDbEntity
  8
hatch
100
AcDbLine
 10
2.5289321881345237
 20
-0.44999999999999996
 30
0.0
 11
2.9789321881345243
 21
4.440892098500626e-16
 31
0.0
  0
LINE
  5
99D
330
17
100
AcDbEntity
  8
hatch
100
AcDbLine
 10
2.3875108318972136
 20
-0.45000000000000007
 30
0.0
 11
2.8375108318972133
 21
-2.220446049250313e-16
 31
0.0
  0
LINE
  5
99E
330
17
100
AcDbEntity
  8
hatch
100
AcDbLine
 10
2.2460894756599044
 20
-0.44999999999999996
 30
0.0
 11
2.696089475659904
 21
-2.220446049250313e-16
 31
0.0
  0
LINE
  5
99F
330
17
100
AcDbEntity
  8
hatch
100
AcDbLine
 10
2.1046681194225942
 20
-0.45000000000000007
 30
0.0
 11
2.554668119422594
 21
-2.220446049250313e-16
 31
0.0
  0
LINE
  5
9A0
330
17
100
AcDbEntity
  8
hatch
100
AcDbLine
 10
1.9632467631852855
 20
-0.44999999999999996
 30
0.0
 11
2.413246763185285
 21
0.0
 31
0.0
  0
LINE
  5
9A1
330
17
100
AcDbEntity
  8
hatch
100
AcDbLine
 10
1.8218254069479762
 20
-0.45000000000000007
 30
0.0
 11
2.271825406947977
 21
4.440892098500626e-16
 31
0.0
  0
LINE
  5
9A2
330
17
100
AcDbEntity
  8
hatch
100
AcDbLine
 10
1.6804040507106661
 20
-0.45000000000000007
 30
0.0
 11
2.1304040507106663
 21
-2.220446049250313e-16
 31
0.0
  0
LINE
  5
9A3
330
17
100
AcDbEntity
  8
hatch
100
AcDbLine
 10
1.538982694473357
 20
-0.4500000000000002
 30
0.0
 11
1.988982694473357
 21
-1.1102230246251565e-16
 31
0.0
  0
LINE
  5
9A4
330
17
100
AcDbEntity
  8
hatch
100
AcDbLine
 10
1.3975613382360468
 20
-0.45000000000000007
 30
0.0
 11
1.8475613382360467
 21
-2.220446049250313e-16
 31
0.0
  0
LINE
  5
9A5
330
17
100
AcDbEntity
  8
hatch
100
AcDbLine
 10
1.2561399819987376
 20
-0.45000000000000007
 30
0.0
 11
1.7061399819987377
 21
-1.1102230246251565e-16
 31
0.0
  0
LINE
  5
9A6
330
17
100
AcDbEntity
  8
hatch
100
AcDbLine
 10
1.1147186257614288
 20
-0.44999999999999996
 30
0.0
 11
1.5647186257614294
 21
5.551115123125783e-16
 31
0.0
  0
LINE
  5
9A7
330
17
100
AcDbEntity
  8
hatch
100
AcDbLine
 10
0.9732972695241184
 20
-0.45
 30
0.0
 11
1.4232972695241184
 21
-1.1102230246251565e-16
 31
0.0
  0
LINE
  5
9A8
330
17
100
AcDbEntity
  8
hatch
100
AcDbLine
 10
0.8318759132868094
 20
-0.45000000000000007
 30
0.0
 11
1.2818759132868096
 21
-1.1102230246251565e-16
 31
0.0
  0
LINE
  5
9A9
330
17
100
AcDbEntity
  8
hatch
100
AcDbLine
 10
0.6904545570494991
 20
-0.45000000000000007
 30
0.0
 11
1.140454557049499
 21
-1.1102230246251565e-16
 31
0.0
  0
LINE
  5
9AA
330
17
100
AcDbEntity
  8
hatch
100
AcDbLine
 10
0.5490332008121902
 20
-0.45
 30
0.0
 11
0.9990332008121903
 21
-5.551115123125783e-17
 31
0.0
  0
LINE
  5
9AB
330
17
100
AcDbEntity
  8
hatch
100
AcDbLine
 10
0.40761184457488114
 20
-0.45000000000000007
 30
0.0
 11
0.8576118445748818
 21
5.551115123125783e-16
 31
0.0
  0
LINE
  5
9AC
330
17
100
AcDbEntity
  8
hatch
100
AcDbLine
 10
0.2661904883375709
 20
-0.45000000000000007
 30
0.0
 11
0.7161904883375709
 21
-5.551115123125783e-17
 31
0.0
  0
LINE
  5
9AD
330
17
100
AcDbEntity
  8
hatch
100
AcDbLine
 10
0.12476913210026191
 20
-0.44999999999999996
 30
0.0
 11
0.5747691321002619
 21
0.0
 31
0.0
  0
LINE
  5
9AE
330
17
100
AcDbEntity
  8
hatch
100
AcDbLine
 10
0.0
 20
-0.4333477758629516
 30
0.0
 11
0.4333477758629517
 21
-2.7755575615628914e-17
 31
0.0
  0
LINE
  5
9AF
330
17
100
AcDbEntity
  8
hatch
100
AcDbLine
 10
0.0
 20
-0.29192641962564264
 30
0.0
 11
0.2919264196256427
 21
-2.7755575615628914e-17
 31
0.0
  0
LINE
  5
9B0
330
17
100
AcDbEntity
  8
hatch
100
AcDbLine
 10
0.0
 20
-0.15050506338833367
 30
0.0
 11
0.1505050633883337
 21
-1.3877787807814457e-17
 31
0.0
  0
LINE
  5
9B1
330
17
100
AcDbEntity
  8
hatch
100
AcDbLine
 10
0.0
 20
-0.009083707151023414
 30
0.0
 11
0.009083707151023416
 21
-8.673617379884035e-19
 31
0.0
  0
LWPOLYLINE
  5
9B2
330
17
100
AcDbEntity
  8
muro-corte
100
AcDbPolyline
 90
4
 70
1
 10
0.0
 20
-0.45
 10
9.6
 20
-0.45
 10
9.6
 20
0.0
 10
0.0
 20
0.0
  0
LWPOLYLINE
  5
9B3
330
17
100
AcDbEntity
  8
sombra
100
AcDbPolyline
 90
4
 70
1
 10
0.0
 20
0.0
 10
9.6
 20
0.0
 10
9.6
 20
6.5
 10
0.0
 20
6.5
  0
LINE
  5
9B4
330
17
100
AcDbEntity
  8
hatch
100
AcDbLine
 10
9.45857864376269
 20
0.0
 30
0.0
 11
9.599999999999998
 21
0.14142135623730923
 31
0.0
  0
LINE
  5
9B5
330
17
100
AcDbEntity
  8
hatch
100
AcDbLine
 10
9.31715728752538
 20
0.0
 30
0.0
 11
9.6
 21
0.28284271247461934
 31
0.0
  0
LINE
  5
9B6
330
17
100
AcDbEntity
  8
hatch
100
AcDbLine
 10
9.17573593128807
 20
0.0
 30
0.0
 11
9.6
 21
0.42426406871192857
 31
0.0
  0
LINE
  5
9B7
330
17
100
AcDbEntity
  8
hatch
100
AcDbLine
 10
9.034314575050761
 20
0.0
 30
0.0
 11
9.599999999999998
 21
0.5656854249492387
 31
0.0
  0
LINE
  5
9B8
330
17
100
AcDbEntity
  8
hatch
100
AcDbLine
 10
8.892893218813452
 20
0.0
 30
0.0
 11
9.599999999999998
 21
0.707106781186547
 31
0.0
  0
LINE
  5
9B9
330
17
100
AcDbEntity
  8
hatch
100
AcDbLine
 10
8.751471862576143
 20
0.0
 30
0.0
 11
9.599999999999998
 21
0.8485281374238562
 31
0.0
  0
LINE
  5
9BA
330
17
100
AcDbEntity
  8
hatch
100
AcDbLine
 10
8.610050506338833
 20
-8.881784197001252e-16
 30
0.0
 11
9.6
 21
0.9899494936611664
 31
0.0
  0
LINE
  5
9BB
330
17
100
AcDbEntity
  8
hatch
100
AcDbLine
 10
8.468629150101524
 20
0.0
 30
0.0
 11
9.6
 21
1.1313708498984756
 31
0.0
  0
LINE
  5
9BC
330
17
100
AcDbEntity
  8
hatch
100
AcDbLine
 10
8.327207793864213
 20
0.0
 30
0.0
 11
9.599999999999998
 21
1.2727922061357857
 31
0.0
  0
LINE
  5
9BD
330
17
100
AcDbEntity
  8
hatch
100
AcDbLine
 10
8.185786437626904
 20
0.0
 30
0.0
 11
9.599999999999998
 21
1.414213562373095
 31
0.0
  0
LINE
  5
9BE
330
17
100
AcDbEntity
  8
hatch
100
AcDbLine
 10
8.044365081389596
 20
0.0
 30
0.0
 11
9.599999999999998
 21
1.5556349186104033
 31
0.0
  0
LINE
  5
9BF
330
17
100
AcDbEntity
  8
hatch
100
AcDbLine
 10
7.902943725152284
 20
-4.440892098500626e-16
 30
0.0
 11
9.6
 21
1.6970562748477147
 31
0.0
  0
LINE
  5
9C0
330
17
100
AcDbEntity
  8
hatch
100
AcDbLine
 10
7.761522368914976
 20
0.0
 30
0.0
 11
9.599999999999998
 21
1.8384776310850226
 31
0.0
  0
LINE
  5
9C1
330
17
100
AcDbEntity
  8
hatch
100
AcDbLine
 10
7.620101012677665
 20
4.440892098500626e-16
 30
0.0
 11
9.599999999999998
 21
1.9798989873223327
 31
0.0
  0
LINE
  5
9C2
330
17
100
AcDbEntity
  8
hatch
100
AcDbLine
 10
7.478679656440356
 20
0.0
 30
0.0
 11
9.599999999999998
 21
2.1213203435596415
 31
0.0
  0
LINE
  5
9C3
330
17
100
AcDbEntity
  8
hatch
100
AcDbLine
 10
7.337258300203048
 20
0.0
 30
0.0
 11
9.599999999999998
 21
2.2627416997969507
 31
0.0
  0
LINE
  5
9C4
330
17
100
AcDbEntity
  8
hatch
100
AcDbLine
 10
7.1958369439657375
 20
-4.440892098500626e-16
 30
0.0
 11
9.6
 21
2.4041630560342613
 31
0.0
  0
LINE
  5
9C5
330
17
100
AcDbEntity
  8
hatch
100
AcDbLine
 10
7.054415587728428
 20
0.0
 30
0.0
 11
9.6
 21
2.5455844122715705
 31
0.0
  0
LINE
  5
9C6
330
17
100
AcDbEntity
  8
hatch
100
AcDbLine
 10
6.912994231491118
 20
0.0
 30
0.0
 11
9.599999999999998
 21
2.68700576850888
 31
0.0
  0
LINE
  5
9C7
330
17
100
AcDbEntity
  8
hatch
100
AcDbLine
 10
6.77157287525381
 20
0.0
 30
0.0
 11
9.599999999999998
 21
2.8284271247461894
 31
0.0
  0
LINE
  5
9C8
330
17
100
AcDbEntity
  8
hatch
100
AcDbLine
 10
6.630151519016501
 20
4.440892098500626e-16
 30
0.0
 11
9.599999999999998
 21
2.9698484809834986
 31
0.0
  0
LINE
  5
9C9
330
17
100
AcDbEntity
  8
hatch
100
AcDbLine
 10
6.48873016277919
 20
-4.440892098500626e-16
 30
0.0
 11
9.6
 21
3.111269837220809
 31
0.0
  0
LINE
  5
9CA
330
17
100
AcDbEntity
  8
hatch
100
AcDbLine
 10
6.3473088065418795
 20
0.0
 30
0.0
 11
9.599999999999998
 21
3.252691193458119
 31
0.0
  0
LINE
  5
9CB
330
17
100
AcDbEntity
  8
hatch
100
AcDbLine
 10
6.205887450304571
 20
4.440892098500626e-16
 30
0.0
 11
9.599999999999998
 21
3.394112549695428
 31
0.0
  0
LINE
  5
9CC
330
17
100
AcDbEntity
  8
hatch
100
AcDbLine
 10
6.064466094067262
 20
4.440892098500626e-16
 30
0.0
 11
9.599999999999998
 21
3.5355339059327373
 31
0.0
  0
LINE
  5
9CD
330
17
100
AcDbEntity
  8
hatch
100
AcDbLine
 10
5.923044737829953
 20
0.0
 30
0.0
 11
9.6
 21
3.676955262170046
 31
0.0
  0
LINE
  5
9CE
330
17
100
AcDbEntity
  8
hatch
100
AcDbLine
 10
5.781623381592642
 20
-4.440892098500626e-16
 30
0.0
 11
9.599999999999998
 21
3.818376618407355
 31
0.0
  0
LINE
  5
9CF
330
17
100
AcDbEntity
  8
hatch
100
AcDbLine
 10
5.640202025355332
 20
-4.440892098500626e-16
 30
0.0
 11
9.599999999999998
 21
3.9597979746446645
 31
0.0
  0
LINE
  5
9D0
330
17
100
AcDbEntity
  8
hatch
100
AcDbLine
 10
5.498780669118023
 20
0.0
 30
0.0
 11
9.6
 21
4.1012193308819755
 31
0.0
  0
LINE
  5
9D1
330
17
100
AcDbEntity
  8
hatch
100
AcDbLine
 10
5.357359312880714
 20
0.0
 30
0.0
 11
9.6
 21
4.242640687119284
 31
0.0
  0
LINE
  5
9D2
330
17
100
AcDbEntity
  8
hatch
100
AcDbLine
 10
5.215937956643404
 20
0.0
 30
0.0
 11
9.599999999999998
 21
4.384062043356593
 31
0.0
  0
LINE
  5
9D3
330
17
100
AcDbEntity
  8
hatch
100
AcDbLine
 10
5.074516600406095
 20
0.0
 30
0.0
 11
9.6
 21
4.525483399593904
 31
0.0
  0
LINE
  5
9D4
330
17
100
AcDbEntity
  8
hatch
100
AcDbLine
 10
4.9330952441687845
 20
0.0
 30
0.0
 11
9.599999999999998
 21
4.6669047558312124
 31
0.0
  0
LINE
  5
9D5
330
17
100
AcDbEntity
  8
hatch
100
AcDbLine
 10
4.791673887931475
 20
0.0
 30
0.0
 11
9.6
 21
4.808326112068523
 31
0.0
  0
LINE
  5
9D6
330
17
100
AcDbEntity
  8
hatch
100
AcDbLine
 10
4.650252531694166
 20
0.0
 30
0.0
 11
9.599999999999998
 21
4.949747468305832
 31
0.0
  0
LINE
  5
9D7
330
17
100
AcDbEntity
  8
hatch
100
AcDbLine
 10
4.508831175456857
 20
0.0
 30
0.0
 11
9.599999999999998
 21
5.091168824543141
 31
0.0
  0
LINE
  5
9D8
330
17
100
AcDbEntity
  8
hatch
100
AcDbLine
 10
4.367409819219548
 20
0.0
 30
0.0
 11
9.599999999999998
 21
5.23259018078045
 31
0.0
  0
LINE
  5
9D9
330
17
100
AcDbEntity
  8
hatch
100
AcDbLine
 10
4.2259884629822375
 20
0.0
 30
0.0
 11
9.599999999999998
 21
5.3740115370177595
 31
0.0
  0
LINE
  5
9DA
330
17
100
AcDbEntity
  8
hatch
100
AcDbLine
 10
4.084567106744927
 20
0.0
 30
0.0
 11
9.599999999999998
 21
5.5154328932550705
 31
0.0
  0
LINE
  5
9DB
330
17
100
AcDbEntity
  8
hatch
100
AcDbLine
 10
3.943145750507619
 20
0.0
 30
0.0
 11
9.599999999999998
 21
5.65685424949238
 31
0.0
  0
LINE
  5
9DC
330
17
100
AcDbEntity
  8
hatch
100
AcDbLine
 10
3.8017243942703085
 20
0.0
 30
0.0
 11
9.599999999999998
 21
5.798275605729689
 31
0.0
  0
LINE
  5
9DD
330
17
100
AcDbEntity
  8
hatch
100
AcDbLine
 10
3.6603030380329997
 20
0.0
 30
0.0
 11
9.599999999999998
 21
5.939696961966998
 31
0.0
  0
LINE
  5
9DE
330
17
100
AcDbEntity
  8
hatch
100
AcDbLine
 10
3.5188816817956905
 20
0.0
 30
0.0
 11
9.599999999999998
 21
6.081118318204307
 31
0.0
  0
LINE
  5
9DF
330
17
100
AcDbEntity
  8
hatch
100
AcDbLine
 10
3.3774603255583804
 20
2.220446049250313e-16
 30
0.0
 11
9.599999999999998
 21
6.222539674441618
 31
0.0
  0
LINE
  5
9E0
330
17
100
AcDbEntity
  8
hatch
100
AcDbLine
 10
3.236038969321071
 20
0.0
 30
0.0
 11
9.599999999999998
 21
6.363961030678926
 31
0.0
  0
LINE
  5
9E1
330
17
100
AcDbEntity
  8
hatch
100
AcDbLine
 10
3.094617613083761
 20
0.0
 30
0.0
 11
9.594617613083761
 21
6.499999999999999
 31
0.0
  0
LINE
  5
9E2
330
17
100
AcDbEntity
  8
hatch
100
AcDbLine
 10
2.953196256846452
 20
0.0
 30
0.0
 11
9.453196256846452
 21
6.5
 31
0.0
  0
LINE
  5
9E3
330
17
100
AcDbEntity
  8
hatch
100
AcDbLine
 10
2.8117749006091417
 20
-2.220446049250313e-16
 30
0.0
 11
9.311774900609143
 21
6.5
 31
0.0
  0
LINE
  5
9E4
330
17
100
AcDbEntity
  8
hatch
100
AcDbLine
 10
2.6703535443718325
 20
0.0
 30
0.0
 11
9.170353544371833
 21
6.499999999999998
 31
0.0
  0
LINE
  5
9E5
330
17
100
AcDbEntity
  8
hatch
100
AcDbLine
 10
2.5289321881345237
 20
0.0
 30
0.0
 11
9.028932188134524
 21
6.5
 31
0.0
  0
LINE
  5
9E6
330
17
100
AcDbEntity
  8
hatch
100
AcDbLine
 10
2.387510831897213
 20
0.0
 30
0.0
 11
8.887510831897213
 21
6.5
 31
0.0
  0
LINE
  5
9E7
330
17
100
AcDbEntity
  8
hatch
100
AcDbLine
 10
2.2460894756599044
 20
0.0
 30
0.0
 11
8.746089475659904
 21
6.5
 31
0.0
  0
LINE
  5
9E8
330
17
100
AcDbEntity
  8
hatch
100
AcDbLine
 10
2.104668119422594
 20
-2.220446049250313e-16
 30
0.0
 11
8.604668119422595
 21
6.5
 31
0.0
  0
LINE
  5
9E9
330
17
100
AcDbEntity
  8
hatch
100
AcDbLine
 10
1.963246763185285
 20
0.0
 30
0.0
 11
8.463246763185285
 21
6.499999999999999
 31
0.0
  0
LINE
  5
9EA
330
17
100
AcDbEntity
  8
hatch
100
AcDbLine
 10
1.821825406947976
 20
0.0
 30
0.0
 11
8.321825406947976
 21
6.5
 31
0.0
  0
LINE
  5
9EB
330
17
100
AcDbEntity
  8
hatch
100
AcDbLine
 10
1.6804040507106657
 20
0.0
 30
0.0
 11
8.180404050710667
 21
6.5
 31
0.0
  0
LINE
  5
9EC
330
17
100
AcDbEntity
  8
hatch
100
AcDbLine
 10
1.538982694473357
 20
1.1102230246251565e-16
 30
0.0
 11
8.038982694473358
 21
6.5
 31
0.0
  0
LINE
  5
9ED
330
17
100
AcDbEntity
  8
hatch
100
AcDbLine
 10
1.3975613382360463
 20
-1.1102230246251565e-16
 30
0.0
 11
7.897561338236048
 21
6.5
 31
0.0
  0
LINE
  5
9EE
330
17
100
AcDbEntity
  8
hatch
100
AcDbLine
 10
1.2561399819987376
 20
0.0
 30
0.0
 11
7.7561399819987376
 21
6.499999999999999
 31
0.0
  0
LINE
  5
9EF
330
17
100
AcDbEntity
  8
hatch
100
AcDbLine
 10
1.1147186257614283
 20
0.0
 30
0.0
 11
7.61471862576143
 21
6.5
 31
0.0
  0
LINE
  5
9F0
330
17
100
AcDbEntity
  8
hatch
100
AcDbLine
 10
0.9732972695241182
 20
0.0
 30
0.0
 11
7.473297269524118
 21
6.5
 31
0.0
  0
LINE
  5
9F1
330
17
100
AcDbEntity
  8
hatch
100
AcDbLine
 10
0.8318759132868092
 20
5.551115123125783e-17
 30
0.0
 11
7.33187591328681
 21
6.499999999999999
 31
0.0
  0
LINE
  5
9F2
330
17
100
AcDbEntity
  8
hatch
100
AcDbLine
 10
0.6904545570494989
 20
0.0
 30
0.0
 11
7.190454557049501
 21
6.5
 31
0.0
  0
LINE
  5
9F3
330
17
100
AcDbEntity
  8
hatch
100
AcDbLine
 10
0.5490332008121899
 20
0.0
 30
0.0
 11
7.04903320081219
 21
6.499999999999999
 31
0.0
  0
LINE
  5
9F4
330
17
100
AcDbEntity
  8
hatch
100
AcDbLine
 10
0.40761184457488087
 20
0.0
 30
0.0
 11
6.907611844574882
 21
6.500000000000001
 31
0.0
  0
LINE
  5
9F5
330
17
100
AcDbEntity
  8
hatch
100
AcDbLine
 10
0.2661904883375706
 20
0.0
 30
0.0
 11
6.766190488337572
 21
6.499999999999999
 31
0.0
  0
LINE
  5
9F6
330
17
100
AcDbEntity
  8
hatch
100
AcDbLine
 10
0.12476913210026158
 20
0.0
 30
0.0
 11
6.624769132100263
 21
6.5
 31
0.0
  0
LINE
  5
9F7
330
17
100
AcDbEntity
  8
hatch
100
AcDbLine
 10
1.734723475976807e-18
 20
0.016652224137048692
 30
0.0
 11
6.483347775862953
 21
6.500000000000001
 31
0.0
  0
LINE
  5
9F8
330
17
100
AcDbEntity
  8
hatch
100
AcDbLine
 10
1.3877787807814457e-17
 20
0.1580735803743577
 30
0.0
 11
6.341926419625643
 21
6.499999999999999
 31
0.0
  0
LINE
  5
9F9
330
17
100
AcDbEntity
  8
hatch
100
AcDbLine
 10
2.7755575615628914e-17
 20
0.2994949366116667
 30
0.0
 11
6.200505063388334
 21
6.500000000000001
 31
0.0
  0
LINE
  5
9FA
330
17
100
AcDbEntity
  8
hatch
100
AcDbLine
 10
2.7755575615628914e-17
 20
0.44091629284897693
 30
0.0
 11
6.059083707151024
 21
6.5
 31
0.0
  0
LINE
  5
9FB
330
17
100
AcDbEntity
  8
hatch
100
AcDbLine
 10
5.551115123125783e-17
 20
0.5823376490862859
 30
0.0
 11
5.917662350913715
 21
6.5
 31
0.0
  0
LINE
  5
9FC
330
17
100
AcDbEntity
  8
hatch
100
AcDbLine
 10
5.551115123125783e-17
 20
0.7237590053235963
 30
0.0
 11
5.776240994676405
 21
6.500000000000001
 31
0.0
  0
LINE
  5
9FD
330
17
100
AcDbEntity
  8
hatch
100
AcDbLine
 10
5.551115123125783e-17
 20
0.8651803615609053
 30
0.0
 11
5.634819638439096
 21
6.5
 31
0.0
  0
LINE
  5
9FE
330
17
100
AcDbEntity
  8
hatch
100
AcDbLine
 10
-2.220446049250313e-16
 20
1.0066017177982138
 30
0.0
 11
5.493398282201787
 21
6.5
 31
0.0
  0
LINE
  5
9FF
330
17
100
AcDbEntity
  8
hatch
100
AcDbLine
 10
-2.220446049250313e-16
 20
1.1480230740355242
 30
0.0
 11
5.351976925964476
 21
6.5
 31
0.0
  0
LINE
  5
A00
330
17
100
AcDbEntity
  8
hatch
100
AcDbLine
 10
-2.220446049250313e-16
 20
1.2894444302728332
 30
0.0
 11
5.210555569727167
 21
6.5
 31
0.0
  0
LINE
  5
A01
330
17
100
AcDbEntity
  8
hatch
100
AcDbLine
 10
1.1102230246251565e-16
 20
1.4308657865101435
 30
0.0
 11
5.069134213489858
 21
6.5
 31
0.0
  0
LINE
  5
A02
330
17
100
AcDbEntity
  8
hatch
100
AcDbLine
 10
2.220446049250313e-16
 20
1.5722871427474527
 30
0.0
 11
4.927712857252548
 21
6.499999999999999
 31
0.0
  0
LINE
  5
A03
330
17
100
AcDbEntity
  8
hatch
100
AcDbLine
 10
2.220446049250313e-16
 20
1.7137084989847617
 30
0.0
 11
4.7862915010152385
 21
6.499999999999999
 31
0.0
  0
LINE
  5
A04
330
17
100
AcDbEntity
  8
hatch
100
AcDbLine
 10
2.220446049250313e-16
 20
1.8551298552220707
 30
0.0
 11
4.64487014477793
 21
6.5
 31
0.0
  0
LINE
  5
A05
330
17
100
AcDbEntity
  8
hatch
100
AcDbLine
 10
-2.220446049250313e-16
 20
1.996551211459382
 30
0.0
 11
4.503448788540619
 21
6.5
 31
0.0
  0
LINE
  5
A06
330
17
100
AcDbEntity
  8
hatch
100
AcDbLine
 10
0.0
 20
2.137972567696691
 30
0.0
 11
4.36202743230331
 21
6.5
 31
0.0
  0
LINE
  5
A07
330
17
100
AcDbEntity
  8
hatch
100
AcDbLine
 10
-2.220446049250313e-16
 20
2.279393923934
 30
0.0
 11
4.220606076066
 21
6.499999999999999
 31
0.0
  0
LINE
  5
A08
330
17
100
AcDbEntity
  8
hatch
100
AcDbLine
 10
0.0
 20
2.420815280171309
 30
0.0
 11
4.0791847198286915
 21
6.5
 31
0.0
  0
LINE
  5
A09
330
17
100
AcDbEntity
  8
hatch
100
AcDbLine
 10
-2.220446049250313e-16
 20
2.5622366364086178
 30
0.0
 11
3.9377633635913822
 21
6.5
 31
0.0
  0
LINE
  5
A0A
330
17
100
AcDbEntity
  8
hatch
100
AcDbLine
 10
2.220446049250313e-16
 20
2.7036579926459297
 30
0.0
 11
3.7963420073540712
 21
6.5
 31
0.0
  0
LINE
  5
A0B
330
17
100
AcDbEntity
  8
hatch
100
AcDbLine
 10
2.220446049250313e-16
 20
2.845079348883239
 30
0.0
 11
3.654920651116762
 21
6.5
 31
0.0
  0
LINE
  5
A0C
330
17
100
AcDbEntity
  8
hatch
100
AcDbLine
 10
-2.220446049250313e-16
 20
2.986500705120547
 30
0.0
 11
3.513499294879453
 21
6.5
 31
0.0
  0
LINE
  5
A0D
330
17
100
AcDbEntity
  8
hatch
100
AcDbLine
 10
0.0
 20
3.1279220613578564
 30
0.0
 11
3.372077938642144
 21
6.5
 31
0.0
  0
LINE
  5
A0E
330
17
100
AcDbEntity
  8
hatch
100
AcDbLine
 10
-2.220446049250313e-16
 20
3.2693434175951657
 30
0.0
 11
3.2306565824048348
 21
6.5
 31
0.0
  0
LINE
  5
A0F
330
17
100
AcDbEntity
  8
hatch
100
AcDbLine
 10
0.0
 20
3.4107647738324767
 30
0.0
 11
3.0892352261675233
 21
6.5
 31
0.0
  0
LINE
  5
A10
330
17
100
AcDbEntity
  8
hatch
100
AcDbLine
 10
0.0
 20
3.552186130069786
 30
0.0
 11
2.9478138699302145
 21
6.5
 31
0.0
  0
LINE
  5
A11
330
17
100
AcDbEntity
  8
hatch
100
AcDbLine
 10
0.0
 20
3.693607486307095
 30
0.0
 11
2.8063925136929053
 21
6.5
 31
0.0
  0
LINE
  5
A12
330
17
100
AcDbEntity
  8
hatch
100
AcDbLine
 10
0.0
 20
3.8350288425444043
 30
0.0
 11
2.6649711574555965
 21
6.5
 31
0.0
  0
LINE
  5
A13
330
17
100
AcDbEntity
  8
hatch
100
AcDbLine
 10
-2.220446049250313e-16
 20
3.9764501987817154
 30
0.0
 11
2.523549801218285
 21
6.5
 31
0.0
  0
LINE
  5
A14
330
17
100
AcDbEntity
  8
hatch
100
AcDbLine
 10
-4.440892098500626e-16
 20
4.117871555019024
 30
0.0
 11
2.382128444980976
 21
6.5
 31
0.0
  0
LINE
  5
A15
330
17
100
AcDbEntity
  8
hatch
100
AcDbLine
 10
-4.440892098500626e-16
 20
4.259292911256333
 30
0.0
 11
2.2407070887436666
 21
6.5
 31
0.0
  0
LINE
  5
A16
330
17
100
AcDbEntity
  8
hatch
100
AcDbLine
 10
0.0
 20
4.400714267493642
 30
0.0
 11
2.099285732506358
 21
6.5
 31
0.0
  0
LINE
  5
A17
330
17
100
AcDbEntity
  8
hatch
100
AcDbLine
 10
-4.440892098500626e-16
 20
4.542135623730951
 30
0.0
 11
1.9578643762690486
 21
6.5
 31
0.0
  0
LINE
  5
A18
330
17
100
AcDbEntity
  8
hatch
100
AcDbLine
 10
-4.440892098500626e-16
 20
4.683556979968262
 30
0.0
 11
1.8164430200317372
 21
6.5
 31
0.0
  0
LINE
  5
A19
330
17
100
AcDbEntity
  8
hatch
100
AcDbLine
 10
0.0
 20
4.824978336205572
 30
0.0
 11
1.6750216637944284
 21
6.5
 31
0.0
  0
LINE
  5
A1A
330
17
100
AcDbEntity
  8
hatch
100
AcDbLine
 10
0.0
 20
4.966399692442881
 30
0.0
 11
1.5336003075571192
 21
6.5
 31
0.0
  0
LINE
  5
A1B
330
17
100
AcDbEntity
  8
hatch
100
AcDbLine
 10
-4.440892098500626e-16
 20
5.10782104868019
 30
0.0
 11
1.3921789513198104
 21
6.5
 31
0.0
  0
LINE
  5
A1C
330
17
100
AcDbEntity
  8
hatch
100
AcDbLine
 10
-4.440892098500626e-16
 20
5.249242404917499
 30
0.0
 11
1.2507575950825012
 21
6.5
 31
0.0
  0
LINE
  5
A1D
330
17
100
AcDbEntity
  8
hatch
100
AcDbLine
 10
0.0
 20
5.39066376115481
 30
0.0
 11
1.1093362388451902
 21
6.5
 31
0.0
  0
LINE
  5
A1E
330
17
100
AcDbEntity
  8
hatch
100
AcDbLine
 10
-4.440892098500626e-16
 20
5.5320851173921195
 30
0.0
 11
0.9679148826078809
 21
6.5
 31
0.0
  0
LINE
  5
A1F
330
17
100
AcDbEntity
  8
hatch
100
AcDbLine
 10
-4.440892098500626e-16
 20
5.673506473629429
 30
0.0
 11
0.8264935263705717
 21
6.5
 31
0.0
  0
LINE
  5
A20
330
17
100
AcDbEntity
  8
hatch
100
AcDbLine
 10
0.0
 20
5.814927829866737
 30
0.0
 11
0.6850721701332629
 21
6.5
 31
0.0
  0
LINE
  5
A21
330
17
100
AcDbEntity
  8
hatch
100
AcDbLine
 10
0.0
 20
5.956349186104046
 30
0.0
 11
0.5436508138959542
 21
6.5
 31
0.0
  0
LINE
  5
A22
330
17
100
AcDbEntity
  8
hatch
100
AcDbLine
 10
-4.440892098500626e-16
 20
6.097770542341358
 30
0.0
 11
0.40222945765864226
 21
6.5
 31
0.0
  0
LINE
  5
A23
330
17
100
AcDbEntity
  8
hatch
100
AcDbLine
 10
0.0
 20
6.2391918985786665
 30
0.0
 11
0.2608081014213335
 21
6.5
 31
0.0
  0
LINE
  5
A24
330
17
100
AcDbEntity
  8
hatch
100
AcDbLine
 10
0.0
 20
6.380613254815976
 30
0.0
 11
0.1193867451840247
 21
6.5
 31
0.0
  0
LWPOLYLINE
  5
A25
330
17
100
AcDbEntity
  8
muro-visto
100
AcDbPolyline
 90
4
 70
1
 10
0.0
 20
0.0
 10
9.6
 20
0.0
 10
9.6
 20
6.5
 10
0.0
 20
6.5
  0
LWPOLYLINE
  5
A26
330
17
100
AcDbEntity
  8
fondo
100
AcDbPolyline
 90
4
 70
1
 10
1.55
 20
1.5
 10
2.45
 20
1.5
 10
2.45
 20
2.5
 10
1.55
 20
2.5
  0
LINE
  5
A27
330
17
100
AcDbEntity
  8
hatch
100
AcDbLine
 10
2.3085786437626905
 20
1.5
 30
0.0
 11
2.4499999999999997
 21
1.6414213562373097
 31
0.0
  0
LINE
  5
A28
330
17
100
AcDbEntity
  8
hatch
100
AcDbLine
 10
2.167157287525381
 20
1.5
 30
0.0
 11
2.45
 21
1.782842712474619
 31
0.0
  0
LINE
  5
A29
330
17
100
AcDbEntity
  8
hatch
100
AcDbLine
 10
2.025735931288071
 20
1.5
 30
0.0
 11
2.4499999999999997
 21
1.9242640687119283
 31
0.0
  0
LINE
  5
A2A
330
17
100
AcDbEntity
  8
hatch
100
AcDbLine
 10
1.8843145750507617
 20
1.5
 30
0.0
 11
2.45
 21
2.0656854249492382
 31
0.0
  0
LINE
  5
A2B
330
17
100
AcDbEntity
  8
hatch
100
AcDbLine
 10
1.7428932188134527
 20
1.5000000000000002
 30
0.0
 11
2.45
 21
2.2071067811865475
 31
0.0
  0
LINE
  5
A2C
330
17
100
AcDbEntity
  8
hatch
100
AcDbLine
 10
1.601471862576143
 20
1.5000000000000002
 30
0.0
 11
2.45
 21
2.3485281374238576
 31
0.0
  0
LINE
  5
A2D
330
17
100
AcDbEntity
  8
hatch
100
AcDbLine
 10
1.55
 20
1.589949493661167
 30
0.0
 11
2.45
 21
2.489949493661167
 31
0.0
  0
LINE
  5
A2E
330
17
100
AcDbEntity
  8
hatch
100
AcDbLine
 10
1.55
 20
1.731370849898476
 30
0.0
 11
2.3186291501015237
 21
2.5
 31
0.0
  0
LINE
  5
A2F
330
17
100
AcDbEntity
  8
hatch
100
AcDbLine
 10
1.5499999999999998
 20
1.8727922061357856
 30
0.0
 11
2.1772077938642145
 21
2.4999999999999996
 31
0.0
  0
LINE
  5
A30
330
17
100
AcDbEntity
  8
hatch
100
AcDbLine
 10
1.5499999999999998
 20
2.014213562373095
 30
0.0
 11
2.035786437626905
 21
2.5
 31
0.0
  0
LINE
  5
A31
330
17
100
AcDbEntity
  8
hatch
100
AcDbLine
 10
1.5499999999999998
 20
2.1556349186104047
 30
0.0
 11
1.8943650813895951
 21
2.4999999999999996
 31
0.0
  0
LINE
  5
A32
330
17
100
AcDbEntity
  8
hatch
100
AcDbLine
 10
1.5499999999999998
 20
2.297056274847714
 30
0.0
 11
1.7529437251522857
 21
2.5
 31
0.0
  0
LINE
  5
A33
330
17
100
AcDbEntity
  8
hatch
100
AcDbLine
 10
1.55
 20
2.4384776310850236
 30
0.0
 11
1.6115223689149765
 21
2.5
 31
0.0
  0
LWPOLYLINE
  5
A34
330
17
100
AcDbEntity
  8
carpinteria
100
AcDbPolyline
 90
4
 70
1
 10
1.55
 20
1.5
 10
2.45
 20
1.5
 10
2.45
 20
2.5
 10
1.55
 20
2.5
  0
LWPOLYLINE
  5
A35
330
17
100
AcDbEntity
  8
marco-medio
100
AcDbPolyline
 90
4
 70
1
 10
1.5100000000000022
 20
1.4599999999999995
 10
2.4899999999999975
 20
1.4599999999999995
 10
2.4899999999999975
 20
2.5400000000000005
 10
1.5100000000000022
 20
2.5400000000000005
  0
LINE
  5
A36
330
17
100
AcDbEntity
  8
carpinteria
100
AcDbLine
 10
1.55
 20
2.15
 30
0.0
 11
2.45
 21
2.15
 31
0.0
  0
LINE
  5
A37
330
17
100
AcDbEntity
  8
vidrio
100
AcDbLine
 10
1.6
 20
1.55
 30
0.0
 11
2.4
 21
2.45
 31
0.0
  0
LINE
  5
A38
330
17
100
AcDbEntity
  8
marco-medio
100
AcDbLine
 10
1.4899999999999978
 20
1.4700000000000002
 30
0.0
 11
2.5100000000000025
 21
1.4700000000000002
 31
0.0
  0
LWPOLYLINE
  5
A39
330
17
100
AcDbEntity
  8
fondo
100
AcDbPolyline
 90
4
 70
1
 10
6.8
 20
1.0
 10
8.3
 20
1.0
 10
8.3
 20
2.2
 10
6.8
 20
2.2
  0
LINE
  5
A3A
330
17
100
AcDbEntity
  8
hatch
100
AcDbLine
 10
8.158578643762691
 20
1.0000000000000004
 30
0.0
 11
8.3
 21
1.1414213562373097
 31
0.0
  0
LINE
  5
A3B
330
17
100
AcDbEntity
  8
hatch
100
AcDbLine
 10
8.01715728752538
 20
1.0000000000000009
 30
0.0
 11
8.3
 21
1.2828427124746202
 31
0.0
  0
LINE
  5
A3C
330
17
100
AcDbEntity
  8
hatch
100
AcDbLine
 10
7.875735931288073
 20
1.0000000000000009
 30
0.0
 11
8.3
 21
1.4242640687119286
 31
0.0
  0
LINE
  5
A3D
330
17
100
AcDbEntity
  8
hatch
100
AcDbLine
 10
7.734314575050762
 20
1.0000000000000004
 30
0.0
 11
8.3
 21
1.5656854249492391
 31
0.0
  0
LINE
  5
A3E
330
17
100
AcDbEntity
  8
hatch
100
AcDbLine
 10
7.592893218813453
 20
1.0000000000000004
 30
0.0
 11
8.3
 21
1.7071067811865483
 31
0.0
  0
LINE
  5
A3F
330
17
100
AcDbEntity
  8
hatch
100
AcDbLine
 10
7.451471862576142
 20
1.0
 30
0.0
 11
8.3
 21
1.848528137423858
 31
0.0
  0
LINE
  5
A40
330
17
100
AcDbEntity
  8
hatch
100
AcDbLine
 10
7.310050506338833
 20
0.9999999999999996
 30
0.0
 11
8.3
 21
1.9899494936611668
 31
0.0
  0
LINE
  5
A41
330
17
100
AcDbEntity
  8
hatch
100
AcDbLine
 10
7.168629150101524
 20
0.9999999999999996
 30
0.0
 11
8.3
 21
2.131370849898476
 31
0.0
  0
LINE
  5
A42
330
17
100
AcDbEntity
  8
hatch
100
AcDbLine
 10
7.027207793864214
 20
1.0
 30
0.0
 11
8.227207793864215
 21
2.2
 31
0.0
  0
LINE
  5
A43
330
17
100
AcDbEntity
  8
hatch
100
AcDbLine
 10
6.885786437626905
 20
1.0
 30
0.0
 11
8.085786437626906
 21
2.2
 31
0.0
  0
LINE
  5
A44
330
17
100
AcDbEntity
  8
hatch
100
AcDbLine
 10
6.799999999999999
 20
1.0556349186104041
 30
0.0
 11
7.944365081389596
 21
2.2000000000000006
 31
0.0
  0
LINE
  5
A45
330
17
100
AcDbEntity
  8
hatch
100
AcDbLine
 10
6.799999999999999
 20
1.1970562748477134
 30
0.0
 11
7.802943725152287
 21
2.2000000000000006
 31
0.0
  0
LINE
  5
A46
330
17
100
AcDbEntity
  8
hatch
100
AcDbLine
 10
6.799999999999999
 20
1.3384776310850222
 30
0.0
 11
7.661522368914977
 21
2.2000000000000006
 31
0.0
  0
LINE
  5
A47
330
17
100
AcDbEntity
  8
hatch
100
AcDbLine
 10
6.799999999999999
 20
1.4798989873223327
 30
0.0
 11
7.520101012677667
 21
2.200000000000001
 31
0.0
  0
LINE
  5
A48
330
17
100
AcDbEntity
  8
hatch
100
AcDbLine
 10
6.799999999999999
 20
1.621320343559642
 30
0.0
 11
7.378679656440358
 21
2.2
 31
0.0
  0
LINE
  5
A49
330
17
100
AcDbEntity
  8
hatch
100
AcDbLine
 10
6.799999999999999
 20
1.7627416997969512
 30
0.0
 11
7.237258300203049
 21
2.2
 31
0.0
  0
LINE
  5
A4A
330
17
100
AcDbEntity
  8
hatch
100
AcDbLine
 10
6.799999999999999
 20
1.9041630560342608
 30
0.0
 11
7.095836943965738
 21
2.2000000000000006
 31
0.0
  0
LINE
  5
A4B
330
17
100
AcDbEntity
  8
hatch
100
AcDbLine
 10
6.799999999999999
 20
2.0455844122715696
 30
0.0
 11
6.95441558772843
 21
2.2
 31
0.0
  0
LINE
  5
A4C
330
17
100
AcDbEntity
  8
hatch
100
AcDbLine
 10
6.8
 20
2.1870057685088806
 30
0.0
 11
6.812994231491119
 21
2.2
 31
0.0
  0
LWPOLYLINE
  5
A4D
330
17
100
AcDbEntity
  8
carpinteria
100
AcDbPolyline
 90
4
 70
1
 10
6.8
 20
1.0
 10
8.3
 20
1.0
 10
8.3
 20
2.2
 10
6.8
 20
2.2
  0
LWPOLYLINE
  5
A4E
330
17
100
AcDbEntity
  8
marco-medio
100
AcDbPolyline
 90
4
 70
1
 10
6.7600000000000025
 20
0.9599999999999994
 10
8.339999999999998
 20
0.9599999999999994
 10
8.339999999999998
 20
2.2400000000000007
 10
6.7600000000000025
 20
2.2400000000000007
  0
LINE
  5
A4F
330
17
100
AcDbEntity
  8
carpinteria
100
AcDbLine
 10
7.55
 20
1.0
 30
0.0
 11
7.55
 21
2.2
 31
0.0
  0
LINE
  5
A50
330
17
100
AcDbEntity
  8
carpinteria
100
AcDbLine
 10
6.8
 20
1.85
 30
0.0
 11
8.3
 21
1.85
 31
0.0
  0
LINE
  5
A51
330
17
100
AcDbEntity
  8
vidrio
100
AcDbLine
 10
6.85
 20
1.05
 30
0.0
 11
8.25
 21
2.15
 31
0.0
  0
LINE
  5
A52
330
17
100
AcDbEntity
  8
marco-medio
100
AcDbLine
 10
6.7399999999999975
 20
0.9700000000000003
 30
0.0
 11
8.360000000000003
 21
0.9700000000000003
 31
0.0
  0
LWPOLYLINE
  5
A53
330
17
100
AcDbEntity
  8
fondo
100
AcDbPolyline
 90
4
 70
1
 10
6.1
 20
4.0
 10
8.1
 20
4.0
 10
8.1
 20
5.7
 10
6.1
 20
5.7
  0
LINE
  5
A54
330
17
100
AcDbEntity
  8
hatch
100
AcDbLine
 10
7.95857864376269
 20
4.0
 30
0.0
 11
8.1
 21
4.141421356237309
 31
0.0
  0
LINE
  5
A55
330
17
100
AcDbEntity
  8
hatch
100
AcDbLine
 10
7.81715728752538
 20
4.0
 30
0.0
 11
8.1
 21
4.282842712474619
 31
0.0
  0
LINE
  5
A56
330
17
100
AcDbEntity
  8
hatch
100
AcDbLine
 10
7.675735931288071
 20
4.0
 30
0.0
 11
8.1
 21
4.4242640687119295
 31
0.0
  0
LINE
  5
A57
330
17
100
AcDbEntity
  8
hatch
100
AcDbLine
 10
7.534314575050762
 20
4.0
 30
0.0
 11
8.1
 21
4.565685424949239
 31
0.0
  0
LINE
  5
A58
330
17
100
AcDbEntity
  8
hatch
100
AcDbLine
 10
7.3928932188134535
 20
4.000000000000001
 30
0.0
 11
8.1
 21
4.707106781186548
 31
0.0
  0
LINE
  5
A59
330
17
100
AcDbEntity
  8
hatch
100
AcDbLine
 10
7.2514718625761425
 20
4.0
 30
0.0
 11
8.1
 21
4.848528137423857
 31
0.0
  0
LINE
  5
A5A
330
17
100
AcDbEntity
  8
hatch
100
AcDbLine
 10
7.110050506338832
 20
3.9999999999999996
 30
0.0
 11
8.1
 21
4.989949493661166
 31
0.0
  0
LINE
  5
A5B
330
17
100
AcDbEntity
  8
hatch
100
AcDbLine
 10
6.968629150101524
 20
4.000000000000001
 30
0.0
 11
8.100000000000001
 21
5.131370849898477
 31
0.0
  0
LINE
  5
A5C
330
17
100
AcDbEntity
  8
hatch
100
AcDbLine
 10
6.827207793864215
 20
4.000000000000001
 30
0.0
 11
8.100000000000001
 21
5.272792206135787
 31
0.0
  0
LINE
  5
A5D
330
17
100
AcDbEntity
  8
hatch
100
AcDbLine
 10
6.685786437626905
 20
4.0
 30
0.0
 11
8.1
 21
5.414213562373096
 31
0.0
  0
LINE
  5
A5E
330
17
100
AcDbEntity
  8
hatch
100
AcDbLine
 10
6.544365081389595
 20
4.0
 30
0.0
 11
8.1
 21
5.555634918610405
 31
0.0
  0
LINE
  5
A5F
330
17
100
AcDbEntity
  8
hatch
100
AcDbLine
 10
6.402943725152285
 20
4.0
 30
0.0
 11
8.1
 21
5.697056274847714
 31
0.0
  0
LINE
  5
A60
330
17
100
AcDbEntity
  8
hatch
100
AcDbLine
 10
6.261522368914976
 20
4.0
 30
0.0
 11
7.961522368914976
 21
5.700000000000001
 31
0.0
  0
LINE
  5
A61
330
17
100
AcDbEntity
  8
hatch
100
AcDbLine
 10
6.120101012677666
 20
4.0
 30
0.0
 11
7.820101012677666
 21
5.7
 31
0.0
  0
LINE
  5
A62
330
17
100
AcDbEntity
  8
hatch
100
AcDbLine
 10
6.1
 20
4.121320343559643
 30
0.0
 11
7.678679656440357
 21
5.7
 31
0.0
  0
LINE
  5
A63
330
17
100
AcDbEntity
  8
hatch
100
AcDbLine
 10
6.1000000000000005
 20
4.262741699796953
 30
0.0
 11
7.537258300203048
 21
5.7
 31
0.0
  0
LINE
  5
A64
330
17
100
AcDbEntity
  8
hatch
100
AcDbLine
 10
6.1000000000000005
 20
4.404163056034262
 30
0.0
 11
7.3958369439657385
 21
5.7
 31
0.0
  0
LINE
  5
A65
330
17
100
AcDbEntity
  8
hatch
100
AcDbLine
 10
6.1000000000000005
 20
4.545584412271571
 30
0.0
 11
7.254415587728429
 21
5.7
 31
0.0
  0
LINE
  5
A66
330
17
100
AcDbEntity
  8
hatch
100
AcDbLine
 10
6.1
 20
4.687005768508881
 30
0.0
 11
7.112994231491119
 21
5.700000000000001
 31
0.0
  0
LINE
  5
A67
330
17
100
AcDbEntity
  8
hatch
100
AcDbLine
 10
6.1000000000000005
 20
4.828427124746192
 30
0.0
 11
6.971572875253811
 21
5.700000000000001
 31
0.0
  0
LINE
  5
A68
330
17
100
AcDbEntity
  8
hatch
100
AcDbLine
 10
6.1000000000000005
 20
4.969848480983501
 30
0.0
 11
6.8301515190165
 21
5.7
 31
0.0
  0
LINE
  5
A69
330
17
100
AcDbEntity
  8
hatch
100
AcDbLine
 10
6.1000000000000005
 20
5.11126983722081
 30
0.0
 11
6.688730162779191
 21
5.7
 31
0.0
  0
LINE
  5
A6A
330
17
100
AcDbEntity
  8
hatch
100
AcDbLine
 10
6.100000000000001
 20
5.25269119345812
 30
0.0
 11
6.547308806541881
 21
5.7
 31
0.0
  0
LINE
  5
A6B
330
17
100
AcDbEntity
  8
hatch
100
AcDbLine
 10
6.1000000000000005
 20
5.39411254969543
 30
0.0
 11
6.405887450304572
 21
5.700000000000001
 31
0.0
  0
LINE
  5
A6C
330
17
100
AcDbEntity
  8
hatch
100
AcDbLine
 10
6.1000000000000005
 20
5.535533905932738
 30
0.0
 11
6.264466094067264
 21
5.700000000000001
 31
0.0
  0
LINE
  5
A6D
330
17
100
AcDbEntity
  8
hatch
100
AcDbLine
 10
6.1
 20
5.676955262170048
 30
0.0
 11
6.123044737829954
 21
5.700000000000002
 31
0.0
  0
LWPOLYLINE
  5
A6E
330
17
100
AcDbEntity
  8
carpinteria
100
AcDbPolyline
 90
4
 70
1
 10
6.1
 20
4.0
 10
8.1
 20
4.0
 10
8.1
 20
5.7
 10
6.1
 20
5.7
  0
LWPOLYLINE
  5
A6F
330
17
100
AcDbEntity
  8
marco-medio
100
AcDbPolyline
 90
4
 70
1
 10
6.060000000000002
 20
3.9599999999999995
 10
8.139999999999997
 20
3.9599999999999995
 10
8.139999999999997
 20
5.74
 10
6.060000000000002
 20
5.74
  0
LINE
  5
A70
330
17
100
AcDbEntity
  8
carpinteria
100
AcDbLine
 10
7.1
 20
4.0
 30
0.0
 11
7.1
 21
5.7
 31
0.0
  0
LINE
  5
A71
330
17
100
AcDbEntity
  8
carpinteria
100
AcDbLine
 10
6.1
 20
5.3500000000000005
 30
0.0
 11
8.1
 21
5.3500000000000005
 31
0.0
  0
LINE
  5
A72
330
17
100
AcDbEntity
  8
vidrio
100
AcDbLine
 10
6.15
 20
4.05
 30
0.0
 11
8.05
 21
5.65
 31
0.0
  0
LINE
  5
A73
330
17
100
AcDbEntity
  8
marco-medio
100
AcDbLine
 10
6.039999999999997
 20
3.97
 30
0.0
 11
8.160000000000002
 21
3.97
 31
0.0
  0
LWPOLYLINE
  5
A74
330
17
100
AcDbEntity
  8
fondo
100
AcDbPolyline
 90
4
 70
1
 10
1.55
 20
4.75
 10
2.45
 20
4.75
 10
2.45
 20
5.75
 10
1.55
 20
5.75
  0
LINE
  5
A75
330
17
100
AcDbEntity
  8
hatch
100
AcDbLine
 10
2.30857864376269
 20
4.749999999999999
 30
0.0
 11
2.45
 21
4.891421356237309
 31
0.0
  0
LINE
  5
A76
330
17
100
AcDbEntity
  8
hatch
100
AcDbLine
 10
2.167157287525381
 20
4.75
 30
0.0
 11
2.45
 21
5.0328427124746185
 31
0.0
  0
LINE
  5
A77
330
17
100
AcDbEntity
  8
hatch
100
AcDbLine
 10
2.0257359312880716
 20
4.75
 30
0.0
 11
2.4500000000000006
 21
5.174264068711929
 31
0.0
  0
LINE
  5
A78
330
17
100
AcDbEntity
  8
hatch
100
AcDbLine
 10
1.8843145750507617
 20
4.75
 30
0.0
 11
2.45
 21
5.315685424949238
 31
0.0
  0
LINE
  5
A79
330
17
100
AcDbEntity
  8
hatch
100
AcDbLine
 10
1.7428932188134523
 20
4.75
 30
0.0
 11
2.4500000000000006
 21
5.457106781186548
 31
0.0
  0
LINE
  5
A7A
330
17
100
AcDbEntity
  8
hatch
100
AcDbLine
 10
1.6014718625761435
 20
4.75
 30
0.0
 11
2.4500000000000006
 21
5.598528137423857
 31
0.0
  0
LINE
  5
A7B
330
17
100
AcDbEntity
  8
hatch
100
AcDbLine
 10
1.5500000000000007
 20
4.839949493661167
 30
0.0
 11
2.4500000000000006
 21
5.739949493661166
 31
0.0
  0
LINE
  5
A7C
330
17
100
AcDbEntity
  8
hatch
100
AcDbLine
 10
1.5500000000000005
 20
4.981370849898476
 30
0.0
 11
2.3186291501015237
 21
5.75
 31
0.0
  0
LINE
  5
A7D
330
17
100
AcDbEntity
  8
hatch
100
AcDbLine
 10
1.5500000000000007
 20
5.122792206135786
 30
0.0
 11
2.177207793864215
 21
5.75
 31
0.0
  0
LINE
  5
A7E
330
17
100
AcDbEntity
  8
hatch
100
AcDbLine
 10
1.5500000000000005
 20
5.2642135623730955
 30
0.0
 11
2.0357864376269053
 21
5.75
 31
0.0
  0
LINE
  5
A7F
330
17
100
AcDbEntity
  8
hatch
100
AcDbLine
 10
1.5500000000000005
 20
5.405634918610405
 30
0.0
 11
1.8943650813895963
 21
5.75
 31
0.0
  0
LINE
  5
A80
330
17
100
AcDbEntity
  8
hatch
100
AcDbLine
 10
1.5500000000000005
 20
5.547056274847715
 30
0.0
 11
1.7529437251522861
 21
5.75
 31
0.0
  0
LINE
  5
A81
330
17
100
AcDbEntity
  8
hatch
100
AcDbLine
 10
1.5500000000000007
 20
5.688477631085023
 30
0.0
 11
1.6115223689149771
 21
5.75
 31
0.0
  0
LWPOLYLINE
  5
A82
330
17
100
AcDbEntity
  8
carpinteria
100
AcDbPolyline
 90
4
 70
1
 10
1.55
 20
4.75
 10
2.45
 20
4.75
 10
2.45
 20
5.75
 10
1.55
 20
5.75
  0
LWPOLYLINE
  5
A83
330
17
100
AcDbEntity
  8
marco-medio
100
AcDbPolyline
 90
4
 70
1
 10
1.5100000000000022
 20
4.709999999999999
 10
2.4899999999999975
 20
4.709999999999999
 10
2.4899999999999975
 20
5.79
 10
1.5100000000000022
 20
5.79
  0
LINE
  5
A84
330
17
100
AcDbEntity
  8
carpinteria
100
AcDbLine
 10
1.55
 20
5.4
 30
0.0
 11
2.45
 21
5.4
 31
0.0
  0
LINE
  5
A85
330
17
100
AcDbEntity
  8
vidrio
100
AcDbLine
 10
1.6
 20
4.8
 30
0.0
 11
2.4
 21
5.7
 31
0.0
  0
LINE
  5
A86
330
17
100
AcDbEntity
  8
marco-medio
100
AcDbLine
 10
1.4899999999999978
 20
4.719999999999999
 30
0.0
 11
2.5100000000000025
 21
4.719999999999999
 31
0.0
  0
LINE
  5
A87
330
17
100
AcDbEntity
  8
marco-medio
100
AcDbLine
 10
0.0
 20
0.0
 30
0.0
 11
9.6
 21
0.0
 31
0.0
  0
LINE
  5
A88
330
17
100
AcDbEntity
  8
marco-fino
100
AcDbLine
 10
0.0
 20
3.2
 30
0.0
 11
9.6
 21
3.2
 31
0.0
  0
LINE
  5
A89
330
17
100
AcDbEntity
  8
marco-fino
100
AcDbLine
 10
0.0
 20
6.2
 30
0.0
 11
9.6
 21
6.2
 31
0.0
  0
LWPOLYLINE
  5
A8A
330
17
100
AcDbEntity
  8
hormigon
100
AcDbPolyline
 90
4
 70
1
 10
0.0
 20
6.2
 10
9.6
 20
6.2
 10
9.6
 20
6.5
 10
0.0
 20
6.5
  0
LINE
  5
A8B
330
17
100
AcDbEntity
  8
hatch
100
AcDbLine
 10
9.45857864376269
 20
6.199999999999999
 30
0.0
 11
9.6
 21
6.3414213562373085
 31
0.0
  0
LINE
  5
A8C
330
17
100
AcDbEntity
  8
hatch
100
AcDbLine
 10
9.317157287525381
 20
6.200000000000001
 30
0.0
 11
9.6
 21
6.482842712474618
 31
0.0
  0
LINE
  5
A8D
330
17
100
AcDbEntity
  8
hatch
100
AcDbLine
 10
9.17573593128807
 20
6.199999999999998
 30
0.0
 11
9.475735931288071
 21
6.499999999999999
 31
0.0
  0
LINE
  5
A8E
330
17
100
AcDbEntity
  8
hatch
100
AcDbLine
 10
9.034314575050761
 20
6.199999999999999
 30
0.0
 11
9.334314575050762
 21
6.5
 31
0.0
  0
LINE
  5
A8F
330
17
100
AcDbEntity
  8
hatch
100
AcDbLine
 10
8.892893218813452
 20
6.199999999999999
 30
0.0
 11
9.19289321881345
 21
6.499999999999999
 31
0.0
  0
LINE
  5
A90
330
17
100
AcDbEntity
  8
hatch
100
AcDbLine
 10
8.751471862576143
 20
6.2
 30
0.0
 11
9.051471862576141
 21
6.499999999999999
 31
0.0
  0
LINE
  5
A91
330
17
100
AcDbEntity
  8
hatch
100
AcDbLine
 10
8.610050506338833
 20
6.2
 30
0.0
 11
8.910050506338832
 21
6.499999999999999
 31
0.0
  0
LINE
  5
A92
330
17
100
AcDbEntity
  8
hatch
100
AcDbLine
 10
8.468629150101522
 20
6.199999999999998
 30
0.0
 11
8.768629150101523
 21
6.499999999999999
 31
0.0
  0
LINE
  5
A93
330
17
100
AcDbEntity
  8
hatch
100
AcDbLine
 10
8.327207793864213
 20
6.199999999999999
 30
0.0
 11
8.627207793864214
 21
6.5
 31
0.0
  0
LINE
  5
A94
330
17
100
AcDbEntity
  8
hatch
100
AcDbLine
 10
8.185786437626904
 20
6.2
 30
0.0
 11
8.485786437626905
 21
6.499999999999999
 31
0.0
  0
LINE
  5
A95
330
17
100
AcDbEntity
  8
hatch
100
AcDbLine
 10
8.044365081389595
 20
6.2
 30
0.0
 11
8.344365081389594
 21
6.499999999999999
 31
0.0
  0
LINE
  5
A96
330
17
100
AcDbEntity
  8
hatch
100
AcDbLine
 10
7.9029437251522845
 20
6.199999999999999
 30
0.0
 11
8.202943725152284
 21
6.5
 31
0.0
  0
LINE
  5
A97
330
17
100
AcDbEntity
  8
hatch
100
AcDbLine
 10
7.761522368914975
 20
6.199999999999999
 30
0.0
 11
8.061522368914975
 21
6.5
 31
0.0
  0
LINE
  5
A98
330
17
100
AcDbEntity
  8
hatch
100
AcDbLine
 10
7.620101012677665
 20
6.199999999999999
 30
0.0
 11
7.920101012677666
 21
6.5
 31
0.0
  0
LINE
  5
A99
330
17
100
AcDbEntity
  8
hatch
100
AcDbLine
 10
7.478679656440356
 20
6.199999999999999
 30
0.0
 11
7.778679656440356
 21
6.499999999999998
 31
0.0
  0
LINE
  5
A9A
330
17
100
AcDbEntity
  8
hatch
100
AcDbLine
 10
7.337258300203047
 20
6.2
 30
0.0
 11
7.6372583002030465
 21
6.5
 31
0.0
  0
LINE
  5
A9B
330
17
100
AcDbEntity
  8
hatch
100
AcDbLine
 10
7.195836943965737
 20
6.199999999999999
 30
0.0
 11
7.495836943965737
 21
6.5
 31
0.0
  0
LINE
  5
A9C
330
17
100
AcDbEntity
  8
hatch
100
AcDbLine
 10
7.054415587728427
 20
6.199999999999999
 30
0.0
 11
7.354415587728428
 21
6.5
 31
0.0
  0
LINE
  5
A9D
330
17
100
AcDbEntity
  8
hatch
100
AcDbLine
 10
6.912994231491118
 20
6.199999999999999
 30
0.0
 11
7.212994231491119
 21
6.5
 31
0.0
  0
LINE
  5
A9E
330
17
100
AcDbEntity
  8
hatch
100
AcDbLine
 10
6.771572875253809
 20
6.199999999999999
 30
0.0
 11
7.071572875253809
 21
6.499999999999999
 31
0.0
  0
LINE
  5
A9F
330
17
100
AcDbEntity
  8
hatch
100
AcDbLine
 10
6.6301515190165
 20
6.199999999999999
 30
0.0
 11
6.930151519016499
 21
6.5
 31
0.0
  0
LINE
  5
AA0
330
17
100
AcDbEntity
  8
hatch
100
AcDbLine
 10
6.488730162779189
 20
6.199999999999999
 30
0.0
 11
6.788730162779189
 21
6.5
 31
0.0
  0
LINE
  5
AA1
330
17
100
AcDbEntity
  8
hatch
100
AcDbLine
 10
6.3473088065418795
 20
6.199999999999999
 30
0.0
 11
6.64730880654188
 21
6.5
 31
0.0
  0
LINE
  5
AA2
330
17
100
AcDbEntity
  8
hatch
100
AcDbLine
 10
6.20588745030457
 20
6.199999999999999
 30
0.0
 11
6.505887450304571
 21
6.5
 31
0.0
  0
LINE
  5
AA3
330
17
100
AcDbEntity
  8
hatch
100
AcDbLine
 10
6.064466094067262
 20
6.199999999999999
 30
0.0
 11
6.364466094067261
 21
6.499999999999999
 31
0.0
  0
LINE
  5
AA4
330
17
100
AcDbEntity
  8
hatch
100
AcDbLine
 10
5.923044737829953
 20
6.2
 30
0.0
 11
6.223044737829952
 21
6.499999999999999
 31
0.0
  0
LINE
  5
AA5
330
17
100
AcDbEntity
  8
hatch
100
AcDbLine
 10
5.781623381592642
 20
6.199999999999999
 30
0.0
 11
6.081623381592642
 21
6.5
 31
0.0
  0
LINE
  5
AA6
330
17
100
AcDbEntity
  8
hatch
100
AcDbLine
 10
5.640202025355332
 20
6.199999999999999
 30
0.0
 11
5.940202025355332
 21
6.5
 31
0.0
  0
LINE
  5
AA7
330
17
100
AcDbEntity
  8
hatch
100
AcDbLine
 10
5.498780669118023
 20
6.2
 30
0.0
 11
5.798780669118024
 21
6.500000000000001
 31
0.0
  0
LINE
  5
AA8
330
17
100
AcDbEntity
  8
hatch
100
AcDbLine
 10
5.357359312880714
 20
6.2
 30
0.0
 11
5.657359312880713
 21
6.499999999999999
 31
0.0
  0
LINE
  5
AA9
330
17
100
AcDbEntity
  8
hatch
100
AcDbLine
 10
5.215937956643403
 20
6.199999999999998
 30
0.0
 11
5.515937956643404
 21
6.499999999999999
 31
0.0
  0
LINE
  5
AAA
330
17
100
AcDbEntity
  8
hatch
100
AcDbLine
 10
5.074516600406095
 20
6.199999999999999
 30
0.0
 11
5.374516600406095
 21
6.5
 31
0.0
  0
LINE
  5
AAB
330
17
100
AcDbEntity
  8
hatch
100
AcDbLine
 10
4.9330952441687845
 20
6.2
 30
0.0
 11
5.233095244168785
 21
6.500000000000001
 31
0.0
  0
LINE
  5
AAC
330
17
100
AcDbEntity
  8
hatch
100
AcDbLine
 10
4.791673887931475
 20
6.2
 30
0.0
 11
5.091673887931476
 21
6.500000000000001
 31
0.0
  0
LINE
  5
AAD
330
17
100
AcDbEntity
  8
hatch
100
AcDbLine
 10
4.650252531694166
 20
6.2
 30
0.0
 11
4.950252531694166
 21
6.499999999999999
 31
0.0
  0
LINE
  5
AAE
330
17
100
AcDbEntity
  8
hatch
100
AcDbLine
 10
4.508831175456856
 20
6.199999999999999
 30
0.0
 11
4.808831175456857
 21
6.5
 31
0.0
  0
LINE
  5
AAF
330
17
100
AcDbEntity
  8
hatch
100
AcDbLine
 10
4.367409819219547
 20
6.199999999999999
 30
0.0
 11
4.6674098192195475
 21
6.5
 31
0.0
  0
LINE
  5
AB0
330
17
100
AcDbEntity
  8
hatch
100
AcDbLine
 10
4.2259884629822375
 20
6.199999999999999
 30
0.0
 11
4.525988462982238
 21
6.5
 31
0.0
  0
LINE
  5
AB1
330
17
100
AcDbEntity
  8
hatch
100
AcDbLine
 10
4.084567106744927
 20
6.2
 30
0.0
 11
4.384567106744928
 21
6.5
 31
0.0
  0
LINE
  5
AB2
330
17
100
AcDbEntity
  8
hatch
100
AcDbLine
 10
3.943145750507619
 20
6.199999999999999
 30
0.0
 11
4.243145750507619
 21
6.5
 31
0.0
  0
LINE
  5
AB3
330
17
100
AcDbEntity
  8
hatch
100
AcDbLine
 10
3.801724394270308
 20
6.199999999999999
 30
0.0
 11
4.101724394270309
 21
6.5
 31
0.0
  0
LINE
  5
AB4
330
17
100
AcDbEntity
  8
hatch
100
AcDbLine
 10
3.660303038032999
 20
6.199999999999999
 30
0.0
 11
3.9603030380329995
 21
6.5
 31
0.0
  0
LINE
  5
AB5
330
17
100
AcDbEntity
  8
hatch
100
AcDbLine
 10
3.5188816817956896
 20
6.199999999999999
 30
0.0
 11
3.8188816817956903
 21
6.5
 31
0.0
  0
LINE
  5
AB6
330
17
100
AcDbEntity
  8
hatch
100
AcDbLine
 10
3.3774603255583804
 20
6.199999999999999
 30
0.0
 11
3.67746032555838
 21
6.5
 31
0.0
  0
LINE
  5
AB7
330
17
100
AcDbEntity
  8
hatch
100
AcDbLine
 10
3.236038969321071
 20
6.199999999999999
 30
0.0
 11
3.536038969321072
 21
6.5
 31
0.0
  0
LINE
  5
AB8
330
17
100
AcDbEntity
  8
hatch
100
AcDbLine
 10
3.09461761308376
 20
6.199999999999999
 30
0.0
 11
3.394617613083761
 21
6.5
 31
0.0
  0
LINE
  5
AB9
330
17
100
AcDbEntity
  8
hatch
100
AcDbLine
 10
2.9531962568464514
 20
6.199999999999999
 30
0.0
 11
3.253196256846452
 21
6.5
 31
0.0
  0
LINE
  5
ABA
330
17
100
AcDbEntity
  8
hatch
100
AcDbLine
 10
2.8117749006091417
 20
6.199999999999999
 30
0.0
 11
3.1117749006091424
 21
6.5
 31
0.0
  0
LINE
  5
ABB
330
17
100
AcDbEntity
  8
hatch
100
AcDbLine
 10
2.6703535443718325
 20
6.199999999999999
 30
0.0
 11
2.970353544371833
 21
6.5
 31
0.0
  0
LINE
  5
ABC
330
17
100
AcDbEntity
  8
hatch
100
AcDbLine
 10
2.528932188134524
 20
6.2
 30
0.0
 11
2.828932188134524
 21
6.5
 31
0.0
  0
LINE
  5
ABD
330
17
100
AcDbEntity
  8
hatch
100
AcDbLine
 10
2.3875108318972127
 20
6.199999999999999
 30
0.0
 11
2.6875108318972134
 21
6.5
 31
0.0
  0
LINE
  5
ABE
330
17
100
AcDbEntity
  8
hatch
100
AcDbLine
 10
2.246089475659904
 20
6.199999999999999
 30
0.0
 11
2.5460894756599046
 21
6.5
 31
0.0
  0
LINE
  5
ABF
330
17
100
AcDbEntity
  8
hatch
100
AcDbLine
 10
2.104668119422594
 20
6.199999999999999
 30
0.0
 11
2.4046681194225945
 21
6.5
 31
0.0
  0
LINE
  5
AC0
330
17
100
AcDbEntity
  8
hatch
100
AcDbLine
 10
1.963246763185285
 20
6.199999999999999
 30
0.0
 11
2.2632467631852857
 21
6.5
 31
0.0
  0
LINE
  5
AC1
330
17
100
AcDbEntity
  8
hatch
100
AcDbLine
 10
1.8218254069479758
 20
6.199999999999999
 30
0.0
 11
2.1218254069479765
 21
6.5
 31
0.0
  0
LINE
  5
AC2
330
17
100
AcDbEntity
  8
hatch
100
AcDbLine
 10
1.6804040507106657
 20
6.199999999999999
 30
0.0
 11
1.980404050710666
 21
6.5
 31
0.0
  0
LINE
  5
AC3
330
17
100
AcDbEntity
  8
hatch
100
AcDbLine
 10
1.5389826944733564
 20
6.199999999999999
 30
0.0
 11
1.8389826944733567
 21
6.5
 31
0.0
  0
LINE
  5
AC4
330
17
100
AcDbEntity
  8
hatch
100
AcDbLine
 10
1.3975613382360463
 20
6.199999999999999
 30
0.0
 11
1.697561338236047
 21
6.5
 31
0.0
  0
LINE
  5
AC5
330
17
100
AcDbEntity
  8
hatch
100
AcDbLine
 10
1.256139981998737
 20
6.199999999999999
 30
0.0
 11
1.5561399819987378
 21
6.5
 31
0.0
  0
LINE
  5
AC6
330
17
100
AcDbEntity
  8
hatch
100
AcDbLine
 10
1.1147186257614279
 20
6.199999999999999
 30
0.0
 11
1.4147186257614286
 21
6.5
 31
0.0
  0
LINE
  5
AC7
330
17
100
AcDbEntity
  8
hatch
100
AcDbLine
 10
0.9732972695241178
 20
6.199999999999999
 30
0.0
 11
1.2732972695241185
 21
6.5
 31
0.0
  0
LINE
  5
AC8
330
17
100
AcDbEntity
  8
hatch
100
AcDbLine
 10
0.8318759132868085
 20
6.199999999999999
 30
0.0
 11
1.1318759132868093
 21
6.5
 31
0.0
  0
LINE
  5
AC9
330
17
100
AcDbEntity
  8
hatch
100
AcDbLine
 10
0.6904545570494984
 20
6.199999999999999
 30
0.0
 11
0.9904545570494991
 21
6.5
 31
0.0
  0
LINE
  5
ACA
330
17
100
AcDbEntity
  8
hatch
100
AcDbLine
 10
0.5490332008121896
 20
6.199999999999999
 30
0.0
 11
0.8490332008121904
 21
6.5
 31
0.0
  0
LINE
  5
ACB
330
17
100
AcDbEntity
  8
hatch
100
AcDbLine
 10
0.40761184457488087
 20
6.199999999999999
 30
0.0
 11
0.7076118445748816
 21
6.5
 31
0.0
  0
LINE
  5
ACC
330
17
100
AcDbEntity
  8
hatch
100
AcDbLine
 10
0.26619048833757075
 20
6.199999999999999
 30
0.0
 11
0.566190488337571
 21
6.5
 31
0.0
  0
LINE
  5
ACD
330
17
100
AcDbEntity
  8
hatch
100
AcDbLine
 10
0.12476913210026153
 20
6.199999999999999
 30
0.0
 11
0.42476913210026224
 21
6.5
 31
0.0
  0
LINE
  5
ACE
330
17
100
AcDbEntity
  8
hatch
100
AcDbLine
 10
0.0
 20
6.216652224137048
 30
0.0
 11
0.2833477758629521
 21
6.5
 31
0.0
  0
LINE
  5
ACF
330
17
100
AcDbEntity
  8
hatch
100
AcDbLine
 10
0.0
 20
6.3580735803743575
 30
0.0
 11
0.1419264196256429
 21
6.5
 31
0.0
  0
LINE
  5
AD0
330
17
100
AcDbEntity
  8
hatch
100
AcDbLine
 10
-4.440892098500626e-16
 20
6.499494936611667
 30
0.0
 11
0.0005050633883336708
 21
6.5
 31
0.0
  0
LWPOLYLINE
  5
AD1
330
17
100
AcDbEntity
  8
muro-corte
100
AcDbPolyline
 90
4
 70
1
 10
0.0
 20
6.2
 10
9.6
 20
6.2
 10
9.6
 20
6.5
 10
0.0
 20
6.5
  0
LINE
  5
AD2
330
17
100
AcDbEntity
  8
muro-corte
100
AcDbLine
 10
0.0
 20
7.15
 30
0.0
 11
9.6
 21
7.15
 31
0.0
  0
LWPOLYLINE
  5
AD3
330
17
100
AcDbEntity
  8
hormigon
100
AcDbPolyline
 90
4
 70
1
 10
-0.030000000000001137
 20
7.1
 10
9.629999999999995
 20
7.1
 10
9.629999999999995
 20
7.15
 10
-0.030000000000001137
 20
7.15
  0
LINE
  5
AD4
330
17
100
AcDbEntity
  8
hatch
100
AcDbLine
 10
9.488578643762686
 20
7.1
 30
0.0
 11
9.538578643762685
 21
7.15
 31
0.0
  0
LINE
  5
AD5
330
17
100
AcDbEntity
  8
hatch
100
AcDbLine
 10
9.347157287525375
 20
7.1
 30
0.0
 11
9.397157287525376
 21
7.15
 31
0.0
  0
LINE
  5
AD6
330
17
100
AcDbEntity
  8
hatch
100
AcDbLine
 10
9.205735931288068
 20
7.1
 30
0.0
 11
9.255735931288068
 21
7.15
 31
0.0
  0
LINE
  5
AD7
330
17
100
AcDbEntity
  8
hatch
100
AcDbLine
 10
9.064314575050757
 20
7.1
 30
0.0
 11
9.11431457505076
 21
7.15
 31
0.0
  0
LINE
  5
AD8
330
17
100
AcDbEntity
  8
hatch
100
AcDbLine
 10
8.922893218813448
 20
7.1000000000000005
 30
0.0
 11
8.97289321881345
 21
7.150000000000001
 31
0.0
  0
LINE
  5
AD9
330
17
100
AcDbEntity
  8
hatch
100
AcDbLine
 10
8.781471862576138
 20
7.1000000000000005
 30
0.0
 11
8.831471862576137
 21
7.15
 31
0.0
  0
LINE
  5
ADA
330
17
100
AcDbEntity
  8
hatch
100
AcDbLine
 10
8.640050506338827
 20
7.099999999999999
 30
0.0
 11
8.690050506338828
 21
7.15
 31
0.0
  0
LINE
  5
ADB
330
17
100
AcDbEntity
  8
hatch
100
AcDbLine
 10
8.49862915010152
 20
7.1000000000000005
 30
0.0
 11
8.548629150101519
 21
7.15
 31
0.0
  0
LINE
  5
ADC
330
17
100
AcDbEntity
  8
hatch
100
AcDbLine
 10
8.357207793864209
 20
7.1
 30
0.0
 11
8.40720779386421
 21
7.15
 31
0.0
  0
LINE
  5
ADD
330
17
100
AcDbEntity
  8
hatch
100
AcDbLine
 10
8.2157864376269
 20
7.1
 30
0.0
 11
8.2657864376269
 21
7.1499999999999995
 31
0.0
  0
LINE
  5
ADE
330
17
100
AcDbEntity
  8
hatch
100
AcDbLine
 10
8.07436508138959
 20
7.1000000000000005
 30
0.0
 11
8.124365081389591
 21
7.15
 31
0.0
  0
LINE
  5
ADF
330
17
100
AcDbEntity
  8
hatch
100
AcDbLine
 10
7.93294372515228
 20
7.1
 30
0.0
 11
7.982943725152281
 21
7.15
 31
0.0
  0
LINE
  5
AE0
330
17
100
AcDbEntity
  8
hatch
100
AcDbLine
 10
7.791522368914971
 20
7.1
 30
0.0
 11
7.841522368914972
 21
7.15
 31
0.0
  0
LINE
  5
AE1
330
17
100
AcDbEntity
  8
hatch
100
AcDbLine
 10
7.650101012677662
 20
7.1
 30
0.0
 11
7.700101012677662
 21
7.1499999999999995
 31
0.0
  0
LINE
  5
AE2
330
17
100
AcDbEntity
  8
hatch
100
AcDbLine
 10
7.508679656440353
 20
7.1
 30
0.0
 11
7.5586796564403524
 21
7.1499999999999995
 31
0.0
  0
LINE
  5
AE3
330
17
100
AcDbEntity
  8
hatch
100
AcDbLine
 10
7.367258300203043
 20
7.1
 30
0.0
 11
7.417258300203043
 21
7.1499999999999995
 31
0.0
  0
LINE
  5
AE4
330
17
100
AcDbEntity
  8
hatch
100
AcDbLine
 10
7.225836943965732
 20
7.1
 30
0.0
 11
7.275836943965734
 21
7.15
 31
0.0
  0
LINE
  5
AE5
330
17
100
AcDbEntity
  8
hatch
100
AcDbLine
 10
7.084415587728425
 20
7.1000000000000005
 30
0.0
 11
7.134415587728425
 21
7.15
 31
0.0
  0
LINE
  5
AE6
330
17
100
AcDbEntity
  8
hatch
100
AcDbLine
 10
6.942994231491114
 20
7.1
 30
0.0
 11
6.992994231491114
 21
7.1499999999999995
 31
0.0
  0
LINE
  5
AE7
330
17
100
AcDbEntity
  8
hatch
100
AcDbLine
 10
6.801572875253804
 20
7.099999999999999
 30
0.0
 11
6.851572875253806
 21
7.150000000000001
 31
0.0
  0
LINE
  5
AE8
330
17
100
AcDbEntity
  8
hatch
100
AcDbLine
 10
6.660151519016495
 20
7.099999999999999
 30
0.0
 11
6.710151519016496
 21
7.1499999999999995
 31
0.0
  0
LINE
  5
AE9
330
17
100
AcDbEntity
  8
hatch
100
AcDbLine
 10
6.518730162779185
 20
7.1
 30
0.0
 11
6.568730162779187
 21
7.15
 31
0.0
  0
LINE
  5
AEA
330
17
100
AcDbEntity
  8
hatch
100
AcDbLine
 10
6.377308806541875
 20
7.1
 30
0.0
 11
6.427308806541877
 21
7.150000000000001
 31
0.0
  0
LINE
  5
AEB
330
17
100
AcDbEntity
  8
hatch
100
AcDbLine
 10
6.235887450304566
 20
7.1
 30
0.0
 11
6.285887450304567
 21
7.1499999999999995
 31
0.0
  0
LINE
  5
AEC
330
17
100
AcDbEntity
  8
hatch
100
AcDbLine
 10
6.094466094067258
 20
7.1
 30
0.0
 11
6.144466094067258
 21
7.150000000000001
 31
0.0
  0
LINE
  5
AED
330
17
100
AcDbEntity
  8
hatch
100
AcDbLine
 10
5.9530447378299485
 20
7.1000000000000005
 30
0.0
 11
6.003044737829948
 21
7.15
 31
0.0
  0
LINE
  5
AEE
330
17
100
AcDbEntity
  8
hatch
100
AcDbLine
 10
5.8116233815926375
 20
7.099999999999999
 30
0.0
 11
5.861623381592639
 21
7.15
 31
0.0
  0
LINE
  5
AEF
330
17
100
AcDbEntity
  8
hatch
100
AcDbLine
 10
5.670202025355329
 20
7.1
 30
0.0
 11
5.72020202535533
 21
7.15
 31
0.0
  0
LINE
  5
AF0
330
17
100
AcDbEntity
  8
hatch
100
AcDbLine
 10
5.528780669118019
 20
7.1000000000000005
 30
0.0
 11
5.578780669118019
 21
7.15
 31
0.0
  0
LINE
  5
AF1
330
17
100
AcDbEntity
  8
hatch
100
AcDbLine
 10
5.387359312880708
 20
7.099999999999999
 30
0.0
 11
5.4373593128807105
 21
7.15
 31
0.0
  0
LINE
  5
AF2
330
17
100
AcDbEntity
  8
hatch
100
AcDbLine
 10
5.245937956643401
 20
7.1000000000000005
 30
0.0
 11
5.2959379566434
 21
7.15
 31
0.0
  0
LINE
  5
AF3
330
17
100
AcDbEntity
  8
hatch
100
AcDbLine
 10
5.1045166004060905
 20
7.1
 30
0.0
 11
5.154516600406091
 21
7.15
 31
0.0
  0
LINE
  5
AF4
330
17
100
AcDbEntity
  8
hatch
100
AcDbLine
 10
4.963095244168781
 20
7.1
 30
0.0
 11
5.013095244168782
 21
7.15
 31
0.0
  0
LINE
  5
AF5
330
17
100
AcDbEntity
  8
hatch
100
AcDbLine
 10
4.821673887931469
 20
7.099999999999998
 30
0.0
 11
4.871673887931472
 21
7.15
 31
0.0
  0
LINE
  5
AF6
330
17
100
AcDbEntity
  8
hatch
100
AcDbLine
 10
4.680252531694162
 20
7.1
 30
0.0
 11
4.730252531694163
 21
7.15
 31
0.0
  0
LINE
  5
AF7
330
17
100
AcDbEntity
  8
hatch
100
AcDbLine
 10
4.538831175456853
 20
7.1
 30
0.0
 11
4.588831175456853
 21
7.15
 31
0.0
  0
LINE
  5
AF8
330
17
100
AcDbEntity
  8
hatch
100
AcDbLine
 10
4.3974098192195425
 20
7.1
 30
0.0
 11
4.447409819219543
 21
7.15
 31
0.0
  0
LINE
  5
AF9
330
17
100
AcDbEntity
  8
hatch
100
AcDbLine
 10
4.255988462982233
 20
7.1
 30
0.0
 11
4.305988462982234
 21
7.15
 31
0.0
  0
LINE
  5
AFA
330
17
100
AcDbEntity
  8
hatch
100
AcDbLine
 10
4.114567106744923
 20
7.1
 30
0.0
 11
4.164567106744924
 21
7.15
 31
0.0
  0
LINE
  5
AFB
330
17
100
AcDbEntity
  8
hatch
100
AcDbLine
 10
3.973145750507614
 20
7.099999999999999
 30
0.0
 11
4.023145750507615
 21
7.1499999999999995
 31
0.0
  0
LINE
  5
AFC
330
17
100
AcDbEntity
  8
hatch
100
AcDbLine
 10
3.8317243942703043
 20
7.1
 30
0.0
 11
3.881724394270305
 21
7.15
 31
0.0
  0
LINE
  5
AFD
330
17
100
AcDbEntity
  8
hatch
100
AcDbLine
 10
3.690303038032995
 20
7.1
 30
0.0
 11
3.740303038032996
 21
7.150000000000001
 31
0.0
  0
LINE
  5
AFE
330
17
100
AcDbEntity
  8
hatch
100
AcDbLine
 10
3.5488816817956863
 20
7.1
 30
0.0
 11
3.598881681795688
 21
7.15
 31
0.0
  0
LINE
  5
AFF
330
17
100
AcDbEntity
  8
hatch
100
AcDbLine
 10
3.4074603255583753
 20
7.099999999999999
 30
0.0
 11
3.457460325558377
 21
7.15
 31
0.0
  0
LINE
  5
B00
330
17
100
AcDbEntity
  8
hatch
100
AcDbLine
 10
3.266038969321066
 20
7.099999999999999
 30
0.0
 11
3.316038969321067
 21
7.15
 31
0.0
  0
LINE
  5
B01
330
17
100
AcDbEntity
  8
hatch
100
AcDbLine
 10
3.124617613083757
 20
7.1
 30
0.0
 11
3.1746176130837576
 21
7.15
 31
0.0
  0
LINE
  5
B02
330
17
100
AcDbEntity
  8
hatch
100
AcDbLine
 10
2.9831962568464476
 20
7.1
 30
0.0
 11
3.0331962568464483
 21
7.15
 31
0.0
  0
LINE
  5
B03
330
17
100
AcDbEntity
  8
hatch
100
AcDbLine
 10
2.8417749006091366
 20
7.099999999999999
 30
0.0
 11
2.8917749006091373
 21
7.15
 31
0.0
  0
LINE
  5
B04
330
17
100
AcDbEntity
  8
hatch
100
AcDbLine
 10
2.700353544371828
 20
7.099999999999999
 30
0.0
 11
2.7503535443718294
 21
7.15
 31
0.0
  0
LINE
  5
B05
330
17
100
AcDbEntity
  8
hatch
100
AcDbLine
 10
2.5589321881345186
 20
7.099999999999999
 30
0.0
 11
2.60893218813452
 21
7.15
 31
0.0
  0
LINE
  5
B06
330
17
100
AcDbEntity
  8
hatch
100
AcDbLine
 10
2.417510831897209
 20
7.1
 30
0.0
 11
2.4675108318972097
 21
7.15
 31
0.0
  0
LINE
  5
B07
330
17
100
AcDbEntity
  8
hatch
100
AcDbLine
 10
2.2760894756598997
 20
7.1
 30
0.0
 11
2.3260894756599013
 21
7.15
 31
0.0
  0
LINE
  5
B08
330
17
100
AcDbEntity
  8
hatch
100
AcDbLine
 10
2.134668119422589
 20
7.099999999999999
 30
0.0
 11
2.1846681194225908
 21
7.15
 31
0.0
  0
LINE
  5
B09
330
17
100
AcDbEntity
  8
hatch
100
AcDbLine
 10
1.99324676318528
 20
7.099999999999999
 30
0.0
 11
2.0432467631852815
 21
7.15
 31
0.0
  0
LINE
  5
B0A
330
17
100
AcDbEntity
  8
hatch
100
AcDbLine
 10
1.8518254069479707
 20
7.1
 30
0.0
 11
1.9018254069479723
 21
7.15
 31
0.0
  0
LINE
  5
B0B
330
17
100
AcDbEntity
  8
hatch
100
AcDbLine
 10
1.710404050710661
 20
7.1
 30
0.0
 11
1.7604040507106617
 21
7.15
 31
0.0
  0
LINE
  5
B0C
330
17
100
AcDbEntity
  8
hatch
100
AcDbLine
 10
1.5689826944733531
 20
7.1
 30
0.0
 11
1.618982694473353
 21
7.15
 31
0.0
  0
LINE
  5
B0D
330
17
100
AcDbEntity
  8
hatch
100
AcDbLine
 10
1.4275613382360413
 20
7.1
 30
0.0
 11
1.4775613382360429
 21
7.15
 31
0.0
  0
LINE
  5
B0E
330
17
100
AcDbEntity
  8
hatch
100
AcDbLine
 10
1.2861399819987325
 20
7.1
 30
0.0
 11
1.336139981998734
 21
7.15
 31
0.0
  0
LINE
  5
B0F
330
17
100
AcDbEntity
  8
hatch
100
AcDbLine
 10
1.1447186257614232
 20
7.1
 30
0.0
 11
1.1947186257614248
 21
7.15
 31
0.0
  0
LINE
  5
B10
330
17
100
AcDbEntity
  8
hatch
100
AcDbLine
 10
1.0032972695241136
 20
7.099999999999999
 30
0.0
 11
1.0532972695241143
 21
7.15
 31
0.0
  0
LINE
  5
B11
330
17
100
AcDbEntity
  8
hatch
100
AcDbLine
 10
0.8618759132868044
 20
7.1
 30
0.0
 11
0.911875913286806
 21
7.15
 31
0.0
  0
LINE
  5
B12
330
17
100
AcDbEntity
  8
hatch
100
AcDbLine
 10
0.7204545570494942
 20
7.1
 30
0.0
 11
0.7704545570494954
 21
7.15
 31
0.0
  0
LINE
  5
B13
330
17
100
AcDbEntity
  8
hatch
100
AcDbLine
 10
0.579033200812185
 20
7.1
 30
0.0
 11
0.6290332008121862
 21
7.15
 31
0.0
  0
LINE
  5
B14
330
17
100
AcDbEntity
  8
hatch
100
AcDbLine
 10
0.4376118445748758
 20
7.1
 30
0.0
 11
0.48761184457487694
 21
7.15
 31
0.0
  0
LINE
  5
B15
330
17
100
AcDbEntity
  8
hatch
100
AcDbLine
 10
0.29619048833756567
 20
7.1
 30
0.0
 11
0.3461904883375668
 21
7.15
 31
0.0
  0
LINE
  5
B16
330
17
100
AcDbEntity
  8
hatch
100
AcDbLine
 10
0.1547691321002569
 20
7.1
 30
0.0
 11
0.20476913210025804
 21
7.15
 31
0.0
  0
LINE
  5
B17
330
17
100
AcDbEntity
  8
hatch
100
AcDbLine
 10
0.013347775862946332
 20
7.1
 30
0.0
 11
0.06334777586294749
 21
7.15
 31
0.0
  0
LWPOLYLINE
  5
B18
330
17
100
AcDbEntity
  8
muro-corte
100
AcDbPolyline
 90
4
 70
1
 10
-0.030000000000001137
 20
7.1
 10
9.629999999999995
 20
7.1
 10
9.629999999999995
 20
7.15
 10
-0.030000000000001137
 20
7.15
  0
LINE
  5
B19
330
17
100
AcDbEntity
  8
carpinteria
100
AcDbLine
 10
0.5399999999999977
 20
-0.45
 30
0.0
 11
0.5399999999999977
 21
6.9
 31
0.0
  0
LINE
  5
B1A
330
17
100
AcDbEntity
  8
carpinteria
100
AcDbLine
 10
0.6600000000000023
 20
-0.45
 30
0.0
 11
0.6600000000000023
 21
6.9
 31
0.0
  0
LINE
  5
B1B
330
17
100
AcDbEntity
  8
carpinteria
100
AcDbLine
 10
0.5399999999999977
 20
6.9
 30
0.0
 11
0.6600000000000023
 21
6.9
 31
0.0
  0
LINE
  5
B1C
330
17
100
AcDbEntity
  8
carpinteria
100
AcDbLine
 10
8.939999999999998
 20
-0.45
 30
0.0
 11
8.939999999999998
 21
6.9
 31
0.0
  0
LINE
  5
B1D
330
17
100
AcDbEntity
  8
carpinteria
100
AcDbLine
 10
9.060000000000002
 20
-0.45
 30
0.0
 11
9.060000000000002
 21
6.9
 31
0.0
  0
LINE
  5
B1E
330
17
100
AcDbEntity
  8
carpinteria
100
AcDbLine
 10
8.939999999999998
 20
6.9
 30
0.0
 11
9.060000000000002
 21
6.9
 31
0.0
  0
TEXT
  5
B1F
330
17
100
AcDbEntity
  8
texto-suave
100
AcDbText
 10
4.8
 20
6.65
 30
0.0
 40
0.09
  1
MURO DE ALBAÑILERÍA TARRAJEADO Y PINTADO
 72
1
 11
4.8
 21
6.65
 31
0.0
100
AcDbText
  0
TEXT
  5
B20
330
17
100
AcDbEntity
  8
texto-suave
100
AcDbText
 10
4.8
 20
-0.3
 30
0.0
 40
0.085
  1
SOBRECIMIENTO DE CONCRETO 1:8 + 25% P.M.
 72
1
 11
4.8
 21
-0.3
 31
0.0
100
AcDbText
  0
LINE
  5
B21
330
17
100
AcDbEntity
  8
nivel
100
AcDbLine
 10
28.200000000000003
 20
-11.5
 30
0.0
 11
26.700000000000003
 21
-11.5
 31
0.0
  0
LWPOLYLINE
  5
B22
330
17
100
AcDbEntity
  8
nivel
100
AcDbPolyline
 90
3
 70
1
 10
28.200000000000003
 20
-11.5
 10
28.064999999999998
 20
-11.4175
 10
28.064999999999998
 20
-11.582500000000001
  0
LWPOLYLINE
  5
B23
330
17
100
AcDbEntity
  8
nivel
100
AcDbPolyline
 90
3
 70
1
 10
28.200000000000003
 20
-11.5
 10
28.064999999999998
 20
-11.4175
 10
28.064999999999998
 20
-11.582500000000001
  0
LINE
  5
B24
330
17
100
AcDbEntity
  8
hatch
100
AcDbLine
 10
28.064999999999998
 20
-11.493578643762689
 30
0.0
 11
28.112221227163047
 21
-11.44635741659964
 31
0.0
  0
TEXT
  5
B25
330
17
100
AcDbEntity
  8
texto
100
AcDbText
 10
27.975
 20
-11.440000000000001
 30
0.0
 40
0.105
  1
±0,00
 72
2
100
AcDbText
  0
LINE
  5
B26
330
17
100
AcDbEntity
  8
nivel
100
AcDbLine
 10
28.200000000000003
 20
-8.25
 30
0.0
 11
26.700000000000003
 21
-8.25
 31
0.0
  0
LWPOLYLINE
  5
B27
330
17
100
AcDbEntity
  8
nivel
100
AcDbPolyline
 90
3
 70
1
 10
28.200000000000003
 20
-8.25
 10
28.064999999999998
 20
-8.1675
 10
28.064999999999998
 20
-8.332500000000001
  0
LWPOLYLINE
  5
B28
330
17
100
AcDbEntity
  8
nivel
100
AcDbPolyline
 90
3
 70
1
 10
28.200000000000003
 20
-8.25
 10
28.064999999999998
 20
-8.1675
 10
28.064999999999998
 20
-8.332500000000001
  0
LINE
  5
B29
330
17
100
AcDbEntity
  8
hatch
100
AcDbLine
 10
28.064999999999998
 20
-8.243578643762694
 30
0.0
 11
28.112221227163047
 21
-8.196357416599643
 31
0.0
  0
TEXT
  5
B2A
330
17
100
AcDbEntity
  8
texto
100
AcDbText
 10
27.975
 20
-8.190000000000001
 30
0.0
 40
0.105
  1
+3,25
 72
2
100
AcDbText
  0
LINE
  5
B2B
330
17
100
AcDbEntity
  8
nivel
100
AcDbLine
 10
28.200000000000003
 20
-5.300000000000001
 30
0.0
 11
26.700000000000003
 21
-5.300000000000001
 31
0.0
  0
LWPOLYLINE
  5
B2C
330
17
100
AcDbEntity
  8
nivel
100
AcDbPolyline
 90
3
 70
1
 10
28.200000000000003
 20
-5.300000000000001
 10
28.064999999999998
 20
-5.2175
 10
28.064999999999998
 20
-5.3825
  0
LWPOLYLINE
  5
B2D
330
17
100
AcDbEntity
  8
nivel
100
AcDbPolyline
 90
3
 70
1
 10
28.200000000000003
 20
-5.300000000000001
 10
28.064999999999998
 20
-5.2175
 10
28.064999999999998
 20
-5.3825
  0
LINE
  5
B2E
330
17
100
AcDbEntity
  8
hatch
100
AcDbLine
 10
28.064999999999998
 20
-5.293578643762693
 30
0.0
 11
28.112221227163047
 21
-5.246357416599642
 31
0.0
  0
TEXT
  5
B2F
330
17
100
AcDbEntity
  8
texto
100
AcDbText
 10
27.975
 20
-5.24
 30
0.0
 40
0.105
  1
+6,20
 72
2
100
AcDbText
  0
LINE
  5
B30
330
17
100
AcDbEntity
  8
nivel
100
AcDbLine
 10
28.200000000000003
 20
-4.3500000000000005
 30
0.0
 11
26.700000000000003
 21
-4.3500000000000005
 31
0.0
  0
LWPOLYLINE
  5
B31
330
17
100
AcDbEntity
  8
nivel
100
AcDbPolyline
 90
3
 70
1
 10
28.200000000000003
 20
-4.3500000000000005
 10
28.064999999999998
 20
-4.2675
 10
28.064999999999998
 20
-4.4325
  0
LWPOLYLINE
  5
B32
330
17
100
AcDbEntity
  8
nivel
100
AcDbPolyline
 90
3
 70
1
 10
28.200000000000003
 20
-4.3500000000000005
 10
28.064999999999998
 20
-4.2675
 10
28.064999999999998
 20
-4.4325
  0
LINE
  5
B33
330
17
100
AcDbEntity
  8
hatch
100
AcDbLine
 10
28.064999999999998
 20
-4.34357864376269
 30
0.0
 11
28.112221227163047
 21
-4.296357416599639
 31
0.0
  0
TEXT
  5
B34
330
17
100
AcDbEntity
  8
texto
100
AcDbText
 10
27.975
 20
-4.29
 30
0.0
 40
0.105
  1
+7,15
 72
2
100
AcDbText
  0
LINE
  5
B35
330
17
100
AcDbEntity
  8
nivel
100
AcDbLine
 10
28.200000000000003
 20
-4.13
 30
0.0
 11
26.700000000000003
 21
-4.13
 31
0.0
  0
LWPOLYLINE
  5
B36
330
17
100
AcDbEntity
  8
nivel
100
AcDbPolyline
 90
3
 70
1
 10
28.200000000000003
 20
-4.13
 10
28.064999999999998
 20
-4.047499999999999
 10
28.064999999999998
 20
-4.2125
  0
LWPOLYLINE
  5
B37
330
17
100
AcDbEntity
  8
nivel
100
AcDbPolyline
 90
3
 70
1
 10
28.200000000000003
 20
-4.13
 10
28.064999999999998
 20
-4.047499999999999
 10
28.064999999999998
 20
-4.2125
  0
LINE
  5
B38
330
17
100
AcDbEntity
  8
hatch
100
AcDbLine
 10
28.064999999999998
 20
-4.123578643762691
 30
0.0
 11
28.112221227163047
 21
-4.07635741659964
 31
0.0
  0
TEXT
  5
B39
330
17
100
AcDbEntity
  8
texto
100
AcDbText
 10
27.975
 20
-4.069999999999999
 30
0.0
 40
0.095
  1
ALBARDILLA
 72
2
100
AcDbText
  0
LINE
  5
B3A
330
17
100
AcDbEntity
  8
nivel
100
AcDbLine
 10
39.45
 20
-11.950000000000001
 30
0.0
 11
40.75
 21
-11.950000000000001
 31
0.0
  0
LWPOLYLINE
  5
B3B
330
17
100
AcDbEntity
  8
nivel
100
AcDbPolyline
 90
3
 70
1
 10
39.45
 20
-11.950000000000001
 10
39.58500000000001
 20
-11.8675
 10
39.58500000000001
 20
-12.0325
  0
LWPOLYLINE
  5
B3C
330
17
100
AcDbEntity
  8
nivel
100
AcDbPolyline
 90
3
 70
1
 10
39.45
 20
-11.950000000000001
 10
39.58500000000001
 20
-11.8675
 10
39.58500000000001
 20
-12.0325
  0
LINE
  5
B3D
330
17
100
AcDbEntity
  8
hatch
100
AcDbLine
 10
39.49722122716305
 20
-11.978857416599642
 30
0.0
 11
39.585
 21
-11.891078643762693
 31
0.0
  0
TEXT
  5
B3E
330
17
100
AcDbEntity
  8
texto
100
AcDbText
 10
39.675000000000004
 20
-11.89
 30
0.0
 40
0.105
  1
NTN -0,45
100
AcDbText
  0
LINE
  5
B3F
330
17
100
AcDbEntity
  8
cota
100
AcDbLine
 10
29.5
 20
-4.375
 30
0.0
 11
29.5
 21
-3.9250000000000003
 31
0.0
  0
LINE
  5
B40
330
17
100
AcDbEntity
  8
cota
100
AcDbLine
 10
39.1
 20
-4.375
 30
0.0
 11
39.1
 21
-3.9250000000000003
 31
0.0
  0
LINE
  5
B41
330
17
100
AcDbEntity
  8
cota
100
AcDbLine
 10
29.5
 20
-3.85
 30
0.0
 11
39.1
 21
-3.85
 31
0.0
  0
LINE
  5
B42
330
17
100
AcDbEntity
  8
cota
100
AcDbLine
 10
29.425
 20
-3.9250000000000003
 30
0.0
 11
29.575000000000003
 21
-3.7750000000000004
 31
0.0
  0
LINE
  5
B43
330
17
100
AcDbEntity
  8
cota
100
AcDbLine
 10
39.025000000000006
 20
-3.9250000000000003
 30
0.0
 11
39.175000000000004
 21
-3.7750000000000004
 31
0.0
  0
TEXT
  5
B44
330
17
100
AcDbEntity
  8
cota-texto
100
AcDbText
 10
34.300000000000004
 20
-3.7950000000000004
 30
0.0
 40
0.125
  1
9,60
 72
1
 11
34.300000000000004
 21
-3.7950000000000004
 31
0.0
100
AcDbText
  0
LINE
  5
B45
330
17
100
AcDbEntity
  8
cota
100
AcDbLine
 10
29.5
 20
-12.025
 30
0.0
 11
29.5
 21
-12.375
 31
0.0
  0
LINE
  5
B46
330
17
100
AcDbEntity
  8
cota
100
AcDbLine
 10
29.05
 20
-12.025
 30
0.0
 11
29.05
 21
-12.375
 31
0.0
  0
LINE
  5
B47
330
17
100
AcDbEntity
  8
cota
100
AcDbLine
 10
29.5
 20
-12.3
 30
0.0
 11
29.05
 21
-12.3
 31
0.0
  0
LINE
  5
B48
330
17
100
AcDbEntity
  8
cota
100
AcDbLine
 10
29.425
 20
-12.375
 30
0.0
 11
29.575000000000003
 21
-12.225000000000001
 31
0.0
  0
LINE
  5
B49
330
17
100
AcDbEntity
  8
cota
100
AcDbLine
 10
28.975
 20
-12.375
 30
0.0
 11
29.125
 21
-12.225000000000001
 31
0.0
  0
TEXT
  5
B4A
330
17
100
AcDbEntity
  8
cota-texto
100
AcDbText
 10
29.275000000000002
 20
-12.245000000000001
 30
0.0
 40
0.09
  1
0,45
 72
1
 11
29.275000000000002
 21
-12.245000000000001
 31
0.0
100
AcDbText
  0
TEXT
  5
B4B
330
17
100
AcDbEntity
  8
texto
100
AcDbText
 10
28.3
 20
-3.1
 30
0.0
 40
0.18
  1
FACHADA ESTE
100
AcDbText
  0
LINE
  5
B4C
330
17
100
AcDbEntity
  8
marco-medio
100
AcDbLine
 10
28.3
 20
-3.23
 30
0.0
 11
34.300000000000004
 21
-3.23
 31
0.0
  0
TEXT
  5
B4D
330
17
100
AcDbEntity
  8
texto-suave
100
AcDbText
 10
34.300000000000004
 20
-3.1
 30
0.0
 40
0.11000000000000001
  1
E 1:50
 72
2
100
AcDbText
  0
TEXT
  5
B4E
330
17
100
AcDbEntity
  8
texto-suave
100
AcDbText
 10
28.3
 20
-3.38
 30
0.0
 40
0.1
  1
Lavandería, depósito y sala de estudio
100
AcDbText
  0
LINE
  5
B4F
330
17
100
AcDbEntity
  8
terreno
100
AcDbLine
 10
-1.2
 20
-0.45
 30
0.0
 11
0.0
 21
-0.45
 31
0.0
  0
LINE
  5
B50
330
17
100
AcDbEntity
  8
terreno
100
AcDbLine
 10
-1.2
 20
-0.45
 30
0.0
 11
-1.3800000000000012
 21
-0.65
 31
0.0
  0
LINE
  5
B51
330
17
100
AcDbEntity
  8
terreno
100
AcDbLine
 10
-0.7800000000000011
 20
-0.45
 30
0.0
 11
-0.9600000000000023
 21
-0.65
 31
0.0
  0
LINE
  5
B52
330
17
100
AcDbEntity
  8
terreno
100
AcDbLine
 10
-0.36000000000000226
 20
-0.45
 30
0.0
 11
-0.5399999999999977
 21
-0.65
 31
0.0
  0
LINE
  5
B53
330
17
100
AcDbEntity
  8
terreno
100
AcDbLine
 10
9.6
 20
-0.45
 30
0.0
 11
10.8
 21
-0.45
 31
0.0
  0
LINE
  5
B54
330
17
100
AcDbEntity
  8
terreno
100
AcDbLine
 10
9.6
 20
-0.45
 30
0.0
 11
9.419999999999998
 21
-0.65
 31
0.0
  0
LINE
  5
B55
330
17
100
AcDbEntity
  8
terreno
100
AcDbLine
 10
10.02
 20
-0.45
 30
0.0
 11
9.839999999999998
 21
-0.65
 31
0.0
  0
LINE
  5
B56
330
17
100
AcDbEntity
  8
terreno
100
AcDbLine
 10
10.439999999999998
 20
-0.45
 30
0.0
 11
10.260000000000002
 21
-0.65
 31
0.0
  0
LINE
  5
B57
330
17
100
AcDbEntity
  8
terreno
100
AcDbLine
 10
-0.5656854249492369
 20
-1.65
 30
0.0
 11
0.0
 21
-1.084314575050763
 31
0.0
  0
LINE
  5
B58
330
17
100
AcDbEntity
  8
terreno
100
AcDbLine
 10
-1.1313708498984738
 20
-1.65
 30
0.0
 11
0.0
 21
-0.5186291501015233
 31
0.0
  0
LINE
  5
B59
330
17
100
AcDbEntity
  8
terreno
100
AcDbLine
 10
-1.2
 20
-1.1529437251522865
 30
0.0
 11
-0.4970562748477164
 21
-0.45
 31
0.0
  0
LINE
  5
B5A
330
17
100
AcDbEntity
  8
terreno
100
AcDbLine
 10
-1.2
 20
-0.5872583002030467
 30
0.0
 11
-1.0627416997969532
 21
-0.45
 31
0.0
  0
LINE
  5
B5B
330
17
100
AcDbEntity
  8
terreno
100
AcDbLine
 10
10.234314575050757
 20
-1.65
 30
0.0
 11
10.8
 21
-1.084314575050763
 31
0.0
  0
LINE
  5
B5C
330
17
100
AcDbEntity
  8
terreno
100
AcDbLine
 10
9.66862915010152
 20
-1.65
 30
0.0
 11
10.8
 21
-0.5186291501015233
 31
0.0
  0
LINE
  5
B5D
330
17
100
AcDbEntity
  8
terreno
100
AcDbLine
 10
9.6
 20
-1.1529437251522865
 30
0.0
 11
10.302943725152284
 21
-0.45
 31
0.0
  0
LINE
  5
B5E
330
17
100
AcDbEntity
  8
terreno
100
AcDbLine
 10
9.6
 20
-0.5872583002030467
 30
0.0
 11
9.737258300203047
 21
-0.45
 31
0.0
  0
LWPOLYLINE
  5
B5F
330
17
100
AcDbEntity
  8
hormigon
100
AcDbPolyline
 90
4
 70
1
 10
0.0
 20
-0.45
 10
9.6
 20
-0.45
 10
9.6
 20
0.0
 10
0.0
 20
0.0
  0
LINE
  5
B60
330
17
100
AcDbEntity
  8
hatch
100
AcDbLine
 10
9.45857864376269
 20
-0.45000000000000107
 30
0.0
 11
9.6
 21
-0.30857864376269184
 31
0.0
  0
LINE
  5
B61
330
17
100
AcDbEntity
  8
hatch
100
AcDbLine
 10
9.31715728752538
 20
-0.4500000000000002
 30
0.0
 11
9.599999999999998
 21
-0.16715728752538084
 31
0.0
  0
LINE
  5
B62
330
17
100
AcDbEntity
  8
hatch
100
AcDbLine
 10
9.17573593128807
 20
-0.4500000000000002
 30
0.0
 11
9.599999999999998
 21
-0.0257359312880725
 31
0.0
  0
LINE
  5
B63
330
17
100
AcDbEntity
  8
hatch
100
AcDbLine
 10
9.034314575050761
 20
-0.4500000000000002
 30
0.0
 11
9.48431457505076
 21
0.0
 31
0.0
  0
LINE
  5
B64
330
17
100
AcDbEntity
  8
hatch
100
AcDbLine
 10
8.892893218813452
 20
-0.45000000000000107
 30
0.0
 11
9.342893218813451
 21
0.0
 31
0.0
  0
LINE
  5
B65
330
17
100
AcDbEntity
  8
hatch
100
AcDbLine
 10
8.75147186257614
 20
-0.4500000000000002
 30
0.0
 11
9.201471862576142
 21
0.0
 31
0.0
  0
LINE
  5
B66
330
17
100
AcDbEntity
  8
hatch
100
AcDbLine
 10
8.610050506338833
 20
-0.4500000000000002
 30
0.0
 11
9.060050506338833
 21
0.0
 31
0.0
  0
LINE
  5
B67
330
17
100
AcDbEntity
  8
hatch
100
AcDbLine
 10
8.468629150101524
 20
-0.4500000000000002
 30
0.0
 11
8.918629150101523
 21
0.0
 31
0.0
  0
LINE
  5
B68
330
17
100
AcDbEntity
  8
hatch
100
AcDbLine
 10
8.327207793864213
 20
-0.4500000000000006
 30
0.0
 11
8.777207793864214
 21
0.0
 31
0.0
  0
LINE
  5
B69
330
17
100
AcDbEntity
  8
hatch
100
AcDbLine
 10
8.185786437626904
 20
-0.4500000000000006
 30
0.0
 11
8.635786437626905
 21
0.0
 31
0.0
  0
LINE
  5
B6A
330
17
100
AcDbEntity
  8
hatch
100
AcDbLine
 10
8.044365081389593
 20
-0.4500000000000002
 30
0.0
 11
8.494365081389594
 21
0.0
 31
0.0
  0
LINE
  5
B6B
330
17
100
AcDbEntity
  8
hatch
100
AcDbLine
 10
7.9029437251522845
 20
-0.4500000000000006
 30
0.0
 11
8.352943725152286
 21
0.0
 31
0.0
  0
LINE
  5
B6C
330
17
100
AcDbEntity
  8
hatch
100
AcDbLine
 10
7.761522368914976
 20
-0.44999999999999973
 30
0.0
 11
8.211522368914977
 21
0.0
 31
0.0
  0
LINE
  5
B6D
330
17
100
AcDbEntity
  8
hatch
100
AcDbLine
 10
7.620101012677665
 20
-0.4500000000000006
 30
0.0
 11
8.070101012677666
 21
0.0
 31
0.0
  0
LINE
  5
B6E
330
17
100
AcDbEntity
  8
hatch
100
AcDbLine
 10
7.478679656440357
 20
-0.4500000000000002
 30
0.0
 11
7.928679656440357
 21
0.0
 31
0.0
  0
LINE
  5
B6F
330
17
100
AcDbEntity
  8
hatch
100
AcDbLine
 10
7.337258300203045
 20
-0.45000000000000107
 30
0.0
 11
7.787258300203046
 21
0.0
 31
0.0
  0
LINE
  5
B70
330
17
100
AcDbEntity
  8
hatch
100
AcDbLine
 10
7.1958369439657375
 20
-0.45000000000000107
 30
0.0
 11
7.645836943965738
 21
0.0
 31
0.0
  0
LINE
  5
B71
330
17
100
AcDbEntity
  8
hatch
100
AcDbLine
 10
7.054415587728428
 20
-0.4500000000000002
 30
0.0
 11
7.504415587728429
 21
0.0
 31
0.0
  0
LINE
  5
B72
330
17
100
AcDbEntity
  8
hatch
100
AcDbLine
 10
6.912994231491118
 20
-0.4500000000000002
 30
0.0
 11
7.362994231491118
 21
0.0
 31
0.0
  0
LINE
  5
B73
330
17
100
AcDbEntity
  8
hatch
100
AcDbLine
 10
6.771572875253809
 20
-0.4500000000000002
 30
0.0
 11
7.221572875253809
 21
4.440892098500626e-16
 31
0.0
  0
LINE
  5
B74
330
17
100
AcDbEntity
  8
hatch
100
AcDbLine
 10
6.630151519016499
 20
-0.4500000000000006
 30
0.0
 11
7.0801515190165
 21
0.0
 31
0.0
  0
LINE
  5
B75
330
17
100
AcDbEntity
  8
hatch
100
AcDbLine
 10
6.48873016277919
 20
-0.4500000000000006
 30
0.0
 11
6.938730162779189
 21
-4.440892098500626e-16
 31
0.0
  0
LINE
  5
B76
330
17
100
AcDbEntity
  8
hatch
100
AcDbLine
 10
6.34730880654188
 20
-0.4500000000000002
 30
0.0
 11
6.797308806541881
 21
0.0
 31
0.0
  0
LINE
  5
B77
330
17
100
AcDbEntity
  8
hatch
100
AcDbLine
 10
6.20588745030457
 20
-0.4500000000000002
 30
0.0
 11
6.65588745030457
 21
4.440892098500626e-16
 31
0.0
  0
LINE
  5
B78
330
17
100
AcDbEntity
  8
hatch
100
AcDbLine
 10
6.064466094067262
 20
-0.4500000000000002
 30
0.0
 11
6.514466094067262
 21
0.0
 31
0.0
  0
LINE
  5
B79
330
17
100
AcDbEntity
  8
hatch
100
AcDbLine
 10
5.923044737829951
 20
-0.4500000000000006
 30
0.0
 11
6.373044737829951
 21
-8.881784197001252e-16
 31
0.0
  0
LINE
  5
B7A
330
17
100
AcDbEntity
  8
hatch
100
AcDbLine
 10
5.781623381592642
 20
-0.4500000000000006
 30
0.0
 11
6.231623381592643
 21
-4.440892098500626e-16
 31
0.0
  0
LINE
  5
B7B
330
17
100
AcDbEntity
  8
hatch
100
AcDbLine
 10
5.640202025355333
 20
-0.4500000000000002
 30
0.0
 11
6.0902020253553335
 21
-4.440892098500626e-16
 31
0.0
  0
LINE
  5
B7C
330
17
100
AcDbEntity
  8
hatch
100
AcDbLine
 10
5.498780669118023
 20
-0.44999999999999973
 30
0.0
 11
5.948780669118023
 21
0.0
 31
0.0
  0
LINE
  5
B7D
330
17
100
AcDbEntity
  8
hatch
100
AcDbLine
 10
5.357359312880714
 20
-0.44999999999999973
 30
0.0
 11
5.807359312880715
 21
4.440892098500626e-16
 31
0.0
  0
LINE
  5
B7E
330
17
100
AcDbEntity
  8
hatch
100
AcDbLine
 10
5.215937956643404
 20
-0.4500000000000002
 30
0.0
 11
5.665937956643404
 21
-4.440892098500626e-16
 31
0.0
  0
LINE
  5
B7F
330
17
100
AcDbEntity
  8
hatch
100
AcDbLine
 10
5.074516600406095
 20
-0.4500000000000002
 30
0.0
 11
5.524516600406095
 21
0.0
 31
0.0
  0
LINE
  5
B80
330
17
100
AcDbEntity
  8
hatch
100
AcDbLine
 10
4.933095244168785
 20
-0.44999999999999973
 30
0.0
 11
5.383095244168786
 21
-4.440892098500626e-16
 31
0.0
  0
LINE
  5
B81
330
17
100
AcDbEntity
  8
hatch
100
AcDbLine
 10
4.791673887931475
 20
-0.4500000000000002
 30
0.0
 11
5.2416738879314755
 21
0.0
 31
0.0
  0
LINE
  5
B82
330
17
100
AcDbEntity
  8
hatch
100
AcDbLine
 10
4.650252531694166
 20
-0.44999999999999973
 30
0.0
 11
5.100252531694167
 21
0.0
 31
0.0
  0
LINE
  5
B83
330
17
100
AcDbEntity
  8
hatch
100
AcDbLine
 10
4.508831175456857
 20
-0.44999999999999973
 30
0.0
 11
4.958831175456857
 21
0.0
 31
0.0
  0
LINE
  5
B84
330
17
100
AcDbEntity
  8
hatch
100
AcDbLine
 10
4.367409819219548
 20
-0.4500000000000002
 30
0.0
 11
4.817409819219547
 21
-4.440892098500626e-16
 31
0.0
  0
LINE
  5
B85
330
17
100
AcDbEntity
  8
hatch
100
AcDbLine
 10
4.2259884629822375
 20
-0.44999999999999973
 30
0.0
 11
4.675988462982238
 21
0.0
 31
0.0
  0
LINE
  5
B86
330
17
100
AcDbEntity
  8
hatch
100
AcDbLine
 10
4.084567106744928
 20
-0.4500000000000002
 30
0.0
 11
4.5345671067449285
 21
0.0
 31
0.0
  0
LINE
  5
B87
330
17
100
AcDbEntity
  8
hatch
100
AcDbLine
 10
3.943145750507619
 20
-0.4500000000000002
 30
0.0
 11
4.393145750507619
 21
0.0
 31
0.0
  0
LINE
  5
B88
330
17
100
AcDbEntity
  8
hatch
100
AcDbLine
 10
3.801724394270309
 20
-0.4500000000000002
 30
0.0
 11
4.251724394270309
 21
0.0
 31
0.0
  0
LINE
  5
B89
330
17
100
AcDbEntity
  8
hatch
100
AcDbLine
 10
3.6603030380329997
 20
-0.44999999999999996
 30
0.0
 11
4.110303038032999
 21
-4.440892098500626e-16
 31
0.0
  0
LINE
  5
B8A
330
17
100
AcDbEntity
  8
hatch
100
AcDbLine
 10
3.5188816817956905
 20
-0.44999999999999996
 30
0.0
 11
3.9688816817956907
 21
-2.220446049250313e-16
 31
0.0
  0
LINE
  5
B8B
330
17
100
AcDbEntity
  8
hatch
100
AcDbLine
 10
3.3774603255583804
 20
-0.44999999999999996
 30
0.0
 11
3.8274603255583806
 21
-2.220446049250313e-16
 31
0.0
  0
LINE
  5
B8C
330
17
100
AcDbEntity
  8
hatch
100
AcDbLine
 10
3.236038969321071
 20
-0.44999999999999996
 30
0.0
 11
3.686038969321072
 21
4.440892098500626e-16
 31
0.0
  0
LINE
  5
B8D
330
17
100
AcDbEntity
  8
hatch
100
AcDbLine
 10
3.094617613083761
 20
-0.4500000000000002
 30
0.0
 11
3.544617613083761
 21
-2.220446049250313e-16
 31
0.0
  0
LINE
  5
B8E
330
17
100
AcDbEntity
  8
hatch
100
AcDbLine
 10
2.953196256846452
 20
-0.4500000000000002
 30
0.0
 11
3.403196256846452
 21
-4.440892098500626e-16
 31
0.0
  0
LINE
  5
B8F
330
17
100
AcDbEntity
  8
hatch
100
AcDbLine
 10
2.8117749006091417
 20
-0.44999999999999996
 30
0.0
 11
3.261774900609142
 21
-2.220446049250313e-16
 31
0.0
  0
LINE
  5
B90
330
17
100
AcDbEntity
  8
hatch
100
AcDbLine
 10
2.6703535443718325
 20
-0.4500000000000004
 30
0.0
 11
3.1203535443718327
 21
-2.220446049250313e-16
 31
0.0
  0
LINE
  5
B91
330
17
100
AcDbEntity
  8
hatch
100
AcDbLine
 10
2.5289321881345237
 20
-0.44999999999999996
 30
0.0
 11
2.9789321881345243
 21
4.440892098500626e-16
 31
0.0
  0
LINE
  5
B92
330
17
100
AcDbEntity
  8
hatch
100
AcDbLine
 10
2.3875108318972136
 20
-0.45000000000000007
 30
0.0
 11
2.8375108318972133
 21
-2.220446049250313e-16
 31
0.0
  0
LINE
  5
B93
330
17
100
AcDbEntity
  8
hatch
100
AcDbLine
 10
2.2460894756599044
 20
-0.44999999999999996
 30
0.0
 11
2.696089475659904
 21
-2.220446049250313e-16
 31
0.0
  0
LINE
  5
B94
330
17
100
AcDbEntity
  8
hatch
100
AcDbLine
 10
2.1046681194225942
 20
-0.45000000000000007
 30
0.0
 11
2.554668119422594
 21
-2.220446049250313e-16
 31
0.0
  0
LINE
  5
B95
330
17
100
AcDbEntity
  8
hatch
100
AcDbLine
 10
1.9632467631852855
 20
-0.44999999999999996
 30
0.0
 11
2.413246763185285
 21
0.0
 31
0.0
  0
LINE
  5
B96
330
17
100
AcDbEntity
  8
hatch
100
AcDbLine
 10
1.8218254069479762
 20
-0.45000000000000007
 30
0.0
 11
2.271825406947977
 21
4.440892098500626e-16
 31
0.0
  0
LINE
  5
B97
330
17
100
AcDbEntity
  8
hatch
100
AcDbLine
 10
1.6804040507106661
 20
-0.45000000000000007
 30
0.0
 11
2.1304040507106663
 21
-2.220446049250313e-16
 31
0.0
  0
LINE
  5
B98
330
17
100
AcDbEntity
  8
hatch
100
AcDbLine
 10
1.538982694473357
 20
-0.4500000000000002
 30
0.0
 11
1.988982694473357
 21
-1.1102230246251565e-16
 31
0.0
  0
LINE
  5
B99
330
17
100
AcDbEntity
  8
hatch
100
AcDbLine
 10
1.3975613382360468
 20
-0.45000000000000007
 30
0.0
 11
1.8475613382360467
 21
-2.220446049250313e-16
 31
0.0
  0
LINE
  5
B9A
330
17
100
AcDbEntity
  8
hatch
100
AcDbLine
 10
1.2561399819987376
 20
-0.45000000000000007
 30
0.0
 11
1.7061399819987377
 21
-1.1102230246251565e-16
 31
0.0
  0
LINE
  5
B9B
330
17
100
AcDbEntity
  8
hatch
100
AcDbLine
 10
1.1147186257614288
 20
-0.44999999999999996
 30
0.0
 11
1.5647186257614294
 21
5.551115123125783e-16
 31
0.0
  0
LINE
  5
B9C
330
17
100
AcDbEntity
  8
hatch
100
AcDbLine
 10
0.9732972695241184
 20
-0.45
 30
0.0
 11
1.4232972695241184
 21
-1.1102230246251565e-16
 31
0.0
  0
LINE
  5
B9D
330
17
100
AcDbEntity
  8
hatch
100
AcDbLine
 10
0.8318759132868094
 20
-0.45000000000000007
 30
0.0
 11
1.2818759132868096
 21
-1.1102230246251565e-16
 31
0.0
  0
LINE
  5
B9E
330
17
100
AcDbEntity
  8
hatch
100
AcDbLine
 10
0.6904545570494991
 20
-0.45000000000000007
 30
0.0
 11
1.140454557049499
 21
-1.1102230246251565e-16
 31
0.0
  0
LINE
  5
B9F
330
17
100
AcDbEntity
  8
hatch
100
AcDbLine
 10
0.5490332008121902
 20
-0.45
 30
0.0
 11
0.9990332008121903
 21
-5.551115123125783e-17
 31
0.0
  0
LINE
  5
BA0
330
17
100
AcDbEntity
  8
hatch
100
AcDbLine
 10
0.40761184457488114
 20
-0.45000000000000007
 30
0.0
 11
0.8576118445748818
 21
5.551115123125783e-16
 31
0.0
  0
LINE
  5
BA1
330
17
100
AcDbEntity
  8
hatch
100
AcDbLine
 10
0.2661904883375709
 20
-0.45000000000000007
 30
0.0
 11
0.7161904883375709
 21
-5.551115123125783e-17
 31
0.0
  0
LINE
  5
BA2
330
17
100
AcDbEntity
  8
hatch
100
AcDbLine
 10
0.12476913210026191
 20
-0.44999999999999996
 30
0.0
 11
0.5747691321002619
 21
0.0
 31
0.0
  0
LINE
  5
BA3
330
17
100
AcDbEntity
  8
hatch
100
AcDbLine
 10
0.0
 20
-0.4333477758629516
 30
0.0
 11
0.4333477758629517
 21
-2.7755575615628914e-17
 31
0.0
  0
LINE
  5
BA4
330
17
100
AcDbEntity
  8
hatch
100
AcDbLine
 10
0.0
 20
-0.29192641962564264
 30
0.0
 11
0.2919264196256427
 21
-2.7755575615628914e-17
 31
0.0
  0
LINE
  5
BA5
330
17
100
AcDbEntity
  8
hatch
100
AcDbLine
 10
0.0
 20
-0.15050506338833367
 30
0.0
 11
0.1505050633883337
 21
-1.3877787807814457e-17
 31
0.0
  0
LINE
  5
BA6
330
17
100
AcDbEntity
  8
hatch
100
AcDbLine
 10
0.0
 20
-0.009083707151023414
 30
0.0
 11
0.009083707151023416
 21
-8.673617379884035e-19
 31
0.0
  0
LWPOLYLINE
  5
BA7
330
17
100
AcDbEntity
  8
muro-corte
100
AcDbPolyline
 90
4
 70
1
 10
0.0
 20
-0.45
 10
9.6
 20
-0.45
 10
9.6
 20
0.0
 10
0.0
 20
0.0
  0
LWPOLYLINE
  5
BA8
330
17
100
AcDbEntity
  8
sombra
100
AcDbPolyline
 90
4
 70
1
 10
0.0
 20
0.0
 10
9.6
 20
0.0
 10
9.6
 20
6.5
 10
0.0
 20
6.5
  0
LINE
  5
BA9
330
17
100
AcDbEntity
  8
hatch
100
AcDbLine
 10
9.45857864376269
 20
0.0
 30
0.0
 11
9.599999999999998
 21
0.14142135623730923
 31
0.0
  0
LINE
  5
BAA
330
17
100
AcDbEntity
  8
hatch
100
AcDbLine
 10
9.31715728752538
 20
0.0
 30
0.0
 11
9.6
 21
0.28284271247461934
 31
0.0
  0
LINE
  5
BAB
330
17
100
AcDbEntity
  8
hatch
100
AcDbLine
 10
9.17573593128807
 20
0.0
 30
0.0
 11
9.6
 21
0.42426406871192857
 31
0.0
  0
LINE
  5
BAC
330
17
100
AcDbEntity
  8
hatch
100
AcDbLine
 10
9.034314575050761
 20
0.0
 30
0.0
 11
9.599999999999998
 21
0.5656854249492387
 31
0.0
  0
LINE
  5
BAD
330
17
100
AcDbEntity
  8
hatch
100
AcDbLine
 10
8.892893218813452
 20
0.0
 30
0.0
 11
9.599999999999998
 21
0.707106781186547
 31
0.0
  0
LINE
  5
BAE
330
17
100
AcDbEntity
  8
hatch
100
AcDbLine
 10
8.751471862576143
 20
0.0
 30
0.0
 11
9.599999999999998
 21
0.8485281374238562
 31
0.0
  0
LINE
  5
BAF
330
17
100
AcDbEntity
  8
hatch
100
AcDbLine
 10
8.610050506338833
 20
-8.881784197001252e-16
 30
0.0
 11
9.6
 21
0.9899494936611664
 31
0.0
  0
LINE
  5
BB0
330
17
100
AcDbEntity
  8
hatch
100
AcDbLine
 10
8.468629150101524
 20
0.0
 30
0.0
 11
9.6
 21
1.1313708498984756
 31
0.0
  0
LINE
  5
BB1
330
17
100
AcDbEntity
  8
hatch
100
AcDbLine
 10
8.327207793864213
 20
0.0
 30
0.0
 11
9.599999999999998
 21
1.2727922061357857
 31
0.0
  0
LINE
  5
BB2
330
17
100
AcDbEntity
  8
hatch
100
AcDbLine
 10
8.185786437626904
 20
0.0
 30
0.0
 11
9.599999999999998
 21
1.414213562373095
 31
0.0
  0
LINE
  5
BB3
330
17
100
AcDbEntity
  8
hatch
100
AcDbLine
 10
8.044365081389596
 20
0.0
 30
0.0
 11
9.599999999999998
 21
1.5556349186104033
 31
0.0
  0
LINE
  5
BB4
330
17
100
AcDbEntity
  8
hatch
100
AcDbLine
 10
7.902943725152284
 20
-4.440892098500626e-16
 30
0.0
 11
9.6
 21
1.6970562748477147
 31
0.0
  0
LINE
  5
BB5
330
17
100
AcDbEntity
  8
hatch
100
AcDbLine
 10
7.761522368914976
 20
0.0
 30
0.0
 11
9.599999999999998
 21
1.8384776310850226
 31
0.0
  0
LINE
  5
BB6
330
17
100
AcDbEntity
  8
hatch
100
AcDbLine
 10
7.620101012677665
 20
4.440892098500626e-16
 30
0.0
 11
9.599999999999998
 21
1.9798989873223327
 31
0.0
  0
LINE
  5
BB7
330
17
100
AcDbEntity
  8
hatch
100
AcDbLine
 10
7.478679656440356
 20
0.0
 30
0.0
 11
9.599999999999998
 21
2.1213203435596415
 31
0.0
  0
LINE
  5
BB8
330
17
100
AcDbEntity
  8
hatch
100
AcDbLine
 10
7.337258300203048
 20
0.0
 30
0.0
 11
9.599999999999998
 21
2.2627416997969507
 31
0.0
  0
LINE
  5
BB9
330
17
100
AcDbEntity
  8
hatch
100
AcDbLine
 10
7.1958369439657375
 20
-4.440892098500626e-16
 30
0.0
 11
9.6
 21
2.4041630560342613
 31
0.0
  0
LINE
  5
BBA
330
17
100
AcDbEntity
  8
hatch
100
AcDbLine
 10
7.054415587728428
 20
0.0
 30
0.0
 11
9.6
 21
2.5455844122715705
 31
0.0
  0
LINE
  5
BBB
330
17
100
AcDbEntity
  8
hatch
100
AcDbLine
 10
6.912994231491118
 20
0.0
 30
0.0
 11
9.599999999999998
 21
2.68700576850888
 31
0.0
  0
LINE
  5
BBC
330
17
100
AcDbEntity
  8
hatch
100
AcDbLine
 10
6.77157287525381
 20
0.0
 30
0.0
 11
9.599999999999998
 21
2.8284271247461894
 31
0.0
  0
LINE
  5
BBD
330
17
100
AcDbEntity
  8
hatch
100
AcDbLine
 10
6.630151519016501
 20
4.440892098500626e-16
 30
0.0
 11
9.599999999999998
 21
2.9698484809834986
 31
0.0
  0
LINE
  5
BBE
330
17
100
AcDbEntity
  8
hatch
100
AcDbLine
 10
6.48873016277919
 20
-4.440892098500626e-16
 30
0.0
 11
9.6
 21
3.111269837220809
 31
0.0
  0
LINE
  5
BBF
330
17
100
AcDbEntity
  8
hatch
100
AcDbLine
 10
6.3473088065418795
 20
0.0
 30
0.0
 11
9.599999999999998
 21
3.252691193458119
 31
0.0
  0
LINE
  5
BC0
330
17
100
AcDbEntity
  8
hatch
100
AcDbLine
 10
6.205887450304571
 20
4.440892098500626e-16
 30
0.0
 11
9.599999999999998
 21
3.394112549695428
 31
0.0
  0
LINE
  5
BC1
330
17
100
AcDbEntity
  8
hatch
100
AcDbLine
 10
6.064466094067262
 20
4.440892098500626e-16
 30
0.0
 11
9.599999999999998
 21
3.5355339059327373
 31
0.0
  0
LINE
  5
BC2
330
17
100
AcDbEntity
  8
hatch
100
AcDbLine
 10
5.923044737829953
 20
0.0
 30
0.0
 11
9.6
 21
3.676955262170046
 31
0.0
  0
LINE
  5
BC3
330
17
100
AcDbEntity
  8
hatch
100
AcDbLine
 10
5.781623381592642
 20
-4.440892098500626e-16
 30
0.0
 11
9.599999999999998
 21
3.818376618407355
 31
0.0
  0
LINE
  5
BC4
330
17
100
AcDbEntity
  8
hatch
100
AcDbLine
 10
5.640202025355332
 20
-4.440892098500626e-16
 30
0.0
 11
9.599999999999998
 21
3.9597979746446645
 31
0.0
  0
LINE
  5
BC5
330
17
100
AcDbEntity
  8
hatch
100
AcDbLine
 10
5.498780669118023
 20
0.0
 30
0.0
 11
9.6
 21
4.1012193308819755
 31
0.0
  0
LINE
  5
BC6
330
17
100
AcDbEntity
  8
hatch
100
AcDbLine
 10
5.357359312880714
 20
0.0
 30
0.0
 11
9.6
 21
4.242640687119284
 31
0.0
  0
LINE
  5
BC7
330
17
100
AcDbEntity
  8
hatch
100
AcDbLine
 10
5.215937956643404
 20
0.0
 30
0.0
 11
9.599999999999998
 21
4.384062043356593
 31
0.0
  0
LINE
  5
BC8
330
17
100
AcDbEntity
  8
hatch
100
AcDbLine
 10
5.074516600406095
 20
0.0
 30
0.0
 11
9.6
 21
4.525483399593904
 31
0.0
  0
LINE
  5
BC9
330
17
100
AcDbEntity
  8
hatch
100
AcDbLine
 10
4.9330952441687845
 20
0.0
 30
0.0
 11
9.599999999999998
 21
4.6669047558312124
 31
0.0
  0
LINE
  5
BCA
330
17
100
AcDbEntity
  8
hatch
100
AcDbLine
 10
4.791673887931475
 20
0.0
 30
0.0
 11
9.6
 21
4.808326112068523
 31
0.0
  0
LINE
  5
BCB
330
17
100
AcDbEntity
  8
hatch
100
AcDbLine
 10
4.650252531694166
 20
0.0
 30
0.0
 11
9.599999999999998
 21
4.949747468305832
 31
0.0
  0
LINE
  5
BCC
330
17
100
AcDbEntity
  8
hatch
100
AcDbLine
 10
4.508831175456857
 20
0.0
 30
0.0
 11
9.599999999999998
 21
5.091168824543141
 31
0.0
  0
LINE
  5
BCD
330
17
100
AcDbEntity
  8
hatch
100
AcDbLine
 10
4.367409819219548
 20
0.0
 30
0.0
 11
9.599999999999998
 21
5.23259018078045
 31
0.0
  0
LINE
  5
BCE
330
17
100
AcDbEntity
  8
hatch
100
AcDbLine
 10
4.2259884629822375
 20
0.0
 30
0.0
 11
9.599999999999998
 21
5.3740115370177595
 31
0.0
  0
LINE
  5
BCF
330
17
100
AcDbEntity
  8
hatch
100
AcDbLine
 10
4.084567106744927
 20
0.0
 30
0.0
 11
9.599999999999998
 21
5.5154328932550705
 31
0.0
  0
LINE
  5
BD0
330
17
100
AcDbEntity
  8
hatch
100
AcDbLine
 10
3.943145750507619
 20
0.0
 30
0.0
 11
9.599999999999998
 21
5.65685424949238
 31
0.0
  0
LINE
  5
BD1
330
17
100
AcDbEntity
  8
hatch
100
AcDbLine
 10
3.8017243942703085
 20
0.0
 30
0.0
 11
9.599999999999998
 21
5.798275605729689
 31
0.0
  0
LINE
  5
BD2
330
17
100
AcDbEntity
  8
hatch
100
AcDbLine
 10
3.6603030380329997
 20
0.0
 30
0.0
 11
9.599999999999998
 21
5.939696961966998
 31
0.0
  0
LINE
  5
BD3
330
17
100
AcDbEntity
  8
hatch
100
AcDbLine
 10
3.5188816817956905
 20
0.0
 30
0.0
 11
9.599999999999998
 21
6.081118318204307
 31
0.0
  0
LINE
  5
BD4
330
17
100
AcDbEntity
  8
hatch
100
AcDbLine
 10
3.3774603255583804
 20
2.220446049250313e-16
 30
0.0
 11
9.599999999999998
 21
6.222539674441618
 31
0.0
  0
LINE
  5
BD5
330
17
100
AcDbEntity
  8
hatch
100
AcDbLine
 10
3.236038969321071
 20
0.0
 30
0.0
 11
9.599999999999998
 21
6.363961030678926
 31
0.0
  0
LINE
  5
BD6
330
17
100
AcDbEntity
  8
hatch
100
AcDbLine
 10
3.094617613083761
 20
0.0
 30
0.0
 11
9.594617613083761
 21
6.499999999999999
 31
0.0
  0
LINE
  5
BD7
330
17
100
AcDbEntity
  8
hatch
100
AcDbLine
 10
2.953196256846452
 20
0.0
 30
0.0
 11
9.453196256846452
 21
6.5
 31
0.0
  0
LINE
  5
BD8
330
17
100
AcDbEntity
  8
hatch
100
AcDbLine
 10
2.8117749006091417
 20
-2.220446049250313e-16
 30
0.0
 11
9.311774900609143
 21
6.5
 31
0.0
  0
LINE
  5
BD9
330
17
100
AcDbEntity
  8
hatch
100
AcDbLine
 10
2.6703535443718325
 20
0.0
 30
0.0
 11
9.170353544371833
 21
6.499999999999998
 31
0.0
  0
LINE
  5
BDA
330
17
100
AcDbEntity
  8
hatch
100
AcDbLine
 10
2.5289321881345237
 20
0.0
 30
0.0
 11
9.028932188134524
 21
6.5
 31
0.0
  0
LINE
  5
BDB
330
17
100
AcDbEntity
  8
hatch
100
AcDbLine
 10
2.387510831897213
 20
0.0
 30
0.0
 11
8.887510831897213
 21
6.5
 31
0.0
  0
LINE
  5
BDC
330
17
100
AcDbEntity
  8
hatch
100
AcDbLine
 10
2.2460894756599044
 20
0.0
 30
0.0
 11
8.746089475659904
 21
6.5
 31
0.0
  0
LINE
  5
BDD
330
17
100
AcDbEntity
  8
hatch
100
AcDbLine
 10
2.104668119422594
 20
-2.220446049250313e-16
 30
0.0
 11
8.604668119422595
 21
6.5
 31
0.0
  0
LINE
  5
BDE
330
17
100
AcDbEntity
  8
hatch
100
AcDbLine
 10
1.963246763185285
 20
0.0
 30
0.0
 11
8.463246763185285
 21
6.499999999999999
 31
0.0
  0
LINE
  5
BDF
330
17
100
AcDbEntity
  8
hatch
100
AcDbLine
 10
1.821825406947976
 20
0.0
 30
0.0
 11
8.321825406947976
 21
6.5
 31
0.0
  0
LINE
  5
BE0
330
17
100
AcDbEntity
  8
hatch
100
AcDbLine
 10
1.6804040507106657
 20
0.0
 30
0.0
 11
8.180404050710667
 21
6.5
 31
0.0
  0
LINE
  5
BE1
330
17
100
AcDbEntity
  8
hatch
100
AcDbLine
 10
1.538982694473357
 20
1.1102230246251565e-16
 30
0.0
 11
8.038982694473358
 21
6.5
 31
0.0
  0
LINE
  5
BE2
330
17
100
AcDbEntity
  8
hatch
100
AcDbLine
 10
1.3975613382360463
 20
-1.1102230246251565e-16
 30
0.0
 11
7.897561338236048
 21
6.5
 31
0.0
  0
LINE
  5
BE3
330
17
100
AcDbEntity
  8
hatch
100
AcDbLine
 10
1.2561399819987376
 20
0.0
 30
0.0
 11
7.7561399819987376
 21
6.499999999999999
 31
0.0
  0
LINE
  5
BE4
330
17
100
AcDbEntity
  8
hatch
100
AcDbLine
 10
1.1147186257614283
 20
0.0
 30
0.0
 11
7.61471862576143
 21
6.5
 31
0.0
  0
LINE
  5
BE5
330
17
100
AcDbEntity
  8
hatch
100
AcDbLine
 10
0.9732972695241182
 20
0.0
 30
0.0
 11
7.473297269524118
 21
6.5
 31
0.0
  0
LINE
  5
BE6
330
17
100
AcDbEntity
  8
hatch
100
AcDbLine
 10
0.8318759132868092
 20
5.551115123125783e-17
 30
0.0
 11
7.33187591328681
 21
6.499999999999999
 31
0.0
  0
LINE
  5
BE7
330
17
100
AcDbEntity
  8
hatch
100
AcDbLine
 10
0.6904545570494989
 20
0.0
 30
0.0
 11
7.190454557049501
 21
6.5
 31
0.0
  0
LINE
  5
BE8
330
17
100
AcDbEntity
  8
hatch
100
AcDbLine
 10
0.5490332008121899
 20
0.0
 30
0.0
 11
7.04903320081219
 21
6.499999999999999
 31
0.0
  0
LINE
  5
BE9
330
17
100
AcDbEntity
  8
hatch
100
AcDbLine
 10
0.40761184457488087
 20
0.0
 30
0.0
 11
6.907611844574882
 21
6.500000000000001
 31
0.0
  0
LINE
  5
BEA
330
17
100
AcDbEntity
  8
hatch
100
AcDbLine
 10
0.2661904883375706
 20
0.0
 30
0.0
 11
6.766190488337572
 21
6.499999999999999
 31
0.0
  0
LINE
  5
BEB
330
17
100
AcDbEntity
  8
hatch
100
AcDbLine
 10
0.12476913210026158
 20
0.0
 30
0.0
 11
6.624769132100263
 21
6.5
 31
0.0
  0
LINE
  5
BEC
330
17
100
AcDbEntity
  8
hatch
100
AcDbLine
 10
1.734723475976807e-18
 20
0.016652224137048692
 30
0.0
 11
6.483347775862953
 21
6.500000000000001
 31
0.0
  0
LINE
  5
BED
330
17
100
AcDbEntity
  8
hatch
100
AcDbLine
 10
1.3877787807814457e-17
 20
0.1580735803743577
 30
0.0
 11
6.341926419625643
 21
6.499999999999999
 31
0.0
  0
LINE
  5
BEE
330
17
100
AcDbEntity
  8
hatch
100
AcDbLine
 10
2.7755575615628914e-17
 20
0.2994949366116667
 30
0.0
 11
6.200505063388334
 21
6.500000000000001
 31
0.0
  0
LINE
  5
BEF
330
17
100
AcDbEntity
  8
hatch
100
AcDbLine
 10
2.7755575615628914e-17
 20
0.44091629284897693
 30
0.0
 11
6.059083707151024
 21
6.5
 31
0.0
  0
LINE
  5
BF0
330
17
100
AcDbEntity
  8
hatch
100
AcDbLine
 10
5.551115123125783e-17
 20
0.5823376490862859
 30
0.0
 11
5.917662350913715
 21
6.5
 31
0.0
  0
LINE
  5
BF1
330
17
100
AcDbEntity
  8
hatch
100
AcDbLine
 10
5.551115123125783e-17
 20
0.7237590053235963
 30
0.0
 11
5.776240994676405
 21
6.500000000000001
 31
0.0
  0
LINE
  5
BF2
330
17
100
AcDbEntity
  8
hatch
100
AcDbLine
 10
5.551115123125783e-17
 20
0.8651803615609053
 30
0.0
 11
5.634819638439096
 21
6.5
 31
0.0
  0
LINE
  5
BF3
330
17
100
AcDbEntity
  8
hatch
100
AcDbLine
 10
-2.220446049250313e-16
 20
1.0066017177982138
 30
0.0
 11
5.493398282201787
 21
6.5
 31
0.0
  0
LINE
  5
BF4
330
17
100
AcDbEntity
  8
hatch
100
AcDbLine
 10
-2.220446049250313e-16
 20
1.1480230740355242
 30
0.0
 11
5.351976925964476
 21
6.5
 31
0.0
  0
LINE
  5
BF5
330
17
100
AcDbEntity
  8
hatch
100
AcDbLine
 10
-2.220446049250313e-16
 20
1.2894444302728332
 30
0.0
 11
5.210555569727167
 21
6.5
 31
0.0
  0
LINE
  5
BF6
330
17
100
AcDbEntity
  8
hatch
100
AcDbLine
 10
1.1102230246251565e-16
 20
1.4308657865101435
 30
0.0
 11
5.069134213489858
 21
6.5
 31
0.0
  0
LINE
  5
BF7
330
17
100
AcDbEntity
  8
hatch
100
AcDbLine
 10
2.220446049250313e-16
 20
1.5722871427474527
 30
0.0
 11
4.927712857252548
 21
6.499999999999999
 31
0.0
  0
LINE
  5
BF8
330
17
100
AcDbEntity
  8
hatch
100
AcDbLine
 10
2.220446049250313e-16
 20
1.7137084989847617
 30
0.0
 11
4.7862915010152385
 21
6.499999999999999
 31
0.0
  0
LINE
  5
BF9
330
17
100
AcDbEntity
  8
hatch
100
AcDbLine
 10
2.220446049250313e-16
 20
1.8551298552220707
 30
0.0
 11
4.64487014477793
 21
6.5
 31
0.0
  0
LINE
  5
BFA
330
17
100
AcDbEntity
  8
hatch
100
AcDbLine
 10
-2.220446049250313e-16
 20
1.996551211459382
 30
0.0
 11
4.503448788540619
 21
6.5
 31
0.0
  0
LINE
  5
BFB
330
17
100
AcDbEntity
  8
hatch
100
AcDbLine
 10
0.0
 20
2.137972567696691
 30
0.0
 11
4.36202743230331
 21
6.5
 31
0.0
  0
LINE
  5
BFC
330
17
100
AcDbEntity
  8
hatch
100
AcDbLine
 10
-2.220446049250313e-16
 20
2.279393923934
 30
0.0
 11
4.220606076066
 21
6.499999999999999
 31
0.0
  0
LINE
  5
BFD
330
17
100
AcDbEntity
  8
hatch
100
AcDbLine
 10
0.0
 20
2.420815280171309
 30
0.0
 11
4.0791847198286915
 21
6.5
 31
0.0
  0
LINE
  5
BFE
330
17
100
AcDbEntity
  8
hatch
100
AcDbLine
 10
-2.220446049250313e-16
 20
2.5622366364086178
 30
0.0
 11
3.9377633635913822
 21
6.5
 31
0.0
  0
LINE
  5
BFF
330
17
100
AcDbEntity
  8
hatch
100
AcDbLine
 10
2.220446049250313e-16
 20
2.7036579926459297
 30
0.0
 11
3.7963420073540712
 21
6.5
 31
0.0
  0
LINE
  5
C00
330
17
100
AcDbEntity
  8
hatch
100
AcDbLine
 10
2.220446049250313e-16
 20
2.845079348883239
 30
0.0
 11
3.654920651116762
 21
6.5
 31
0.0
  0
LINE
  5
C01
330
17
100
AcDbEntity
  8
hatch
100
AcDbLine
 10
-2.220446049250313e-16
 20
2.986500705120547
 30
0.0
 11
3.513499294879453
 21
6.5
 31
0.0
  0
LINE
  5
C02
330
17
100
AcDbEntity
  8
hatch
100
AcDbLine
 10
0.0
 20
3.1279220613578564
 30
0.0
 11
3.372077938642144
 21
6.5
 31
0.0
  0
LINE
  5
C03
330
17
100
AcDbEntity
  8
hatch
100
AcDbLine
 10
-2.220446049250313e-16
 20
3.2693434175951657
 30
0.0
 11
3.2306565824048348
 21
6.5
 31
0.0
  0
LINE
  5
C04
330
17
100
AcDbEntity
  8
hatch
100
AcDbLine
 10
0.0
 20
3.4107647738324767
 30
0.0
 11
3.0892352261675233
 21
6.5
 31
0.0
  0
LINE
  5
C05
330
17
100
AcDbEntity
  8
hatch
100
AcDbLine
 10
0.0
 20
3.552186130069786
 30
0.0
 11
2.9478138699302145
 21
6.5
 31
0.0
  0
LINE
  5
C06
330
17
100
AcDbEntity
  8
hatch
100
AcDbLine
 10
0.0
 20
3.693607486307095
 30
0.0
 11
2.8063925136929053
 21
6.5
 31
0.0
  0
LINE
  5
C07
330
17
100
AcDbEntity
  8
hatch
100
AcDbLine
 10
0.0
 20
3.8350288425444043
 30
0.0
 11
2.6649711574555965
 21
6.5
 31
0.0
  0
LINE
  5
C08
330
17
100
AcDbEntity
  8
hatch
100
AcDbLine
 10
-2.220446049250313e-16
 20
3.9764501987817154
 30
0.0
 11
2.523549801218285
 21
6.5
 31
0.0
  0
LINE
  5
C09
330
17
100
AcDbEntity
  8
hatch
100
AcDbLine
 10
-4.440892098500626e-16
 20
4.117871555019024
 30
0.0
 11
2.382128444980976
 21
6.5
 31
0.0
  0
LINE
  5
C0A
330
17
100
AcDbEntity
  8
hatch
100
AcDbLine
 10
-4.440892098500626e-16
 20
4.259292911256333
 30
0.0
 11
2.2407070887436666
 21
6.5
 31
0.0
  0
LINE
  5
C0B
330
17
100
AcDbEntity
  8
hatch
100
AcDbLine
 10
0.0
 20
4.400714267493642
 30
0.0
 11
2.099285732506358
 21
6.5
 31
0.0
  0
LINE
  5
C0C
330
17
100
AcDbEntity
  8
hatch
100
AcDbLine
 10
-4.440892098500626e-16
 20
4.542135623730951
 30
0.0
 11
1.9578643762690486
 21
6.5
 31
0.0
  0
LINE
  5
C0D
330
17
100
AcDbEntity
  8
hatch
100
AcDbLine
 10
-4.440892098500626e-16
 20
4.683556979968262
 30
0.0
 11
1.8164430200317372
 21
6.5
 31
0.0
  0
LINE
  5
C0E
330
17
100
AcDbEntity
  8
hatch
100
AcDbLine
 10
0.0
 20
4.824978336205572
 30
0.0
 11
1.6750216637944284
 21
6.5
 31
0.0
  0
LINE
  5
C0F
330
17
100
AcDbEntity
  8
hatch
100
AcDbLine
 10
0.0
 20
4.966399692442881
 30
0.0
 11
1.5336003075571192
 21
6.5
 31
0.0
  0
LINE
  5
C10
330
17
100
AcDbEntity
  8
hatch
100
AcDbLine
 10
-4.440892098500626e-16
 20
5.10782104868019
 30
0.0
 11
1.3921789513198104
 21
6.5
 31
0.0
  0
LINE
  5
C11
330
17
100
AcDbEntity
  8
hatch
100
AcDbLine
 10
-4.440892098500626e-16
 20
5.249242404917499
 30
0.0
 11
1.2507575950825012
 21
6.5
 31
0.0
  0
LINE
  5
C12
330
17
100
AcDbEntity
  8
hatch
100
AcDbLine
 10
0.0
 20
5.39066376115481
 30
0.0
 11
1.1093362388451902
 21
6.5
 31
0.0
  0
LINE
  5
C13
330
17
100
AcDbEntity
  8
hatch
100
AcDbLine
 10
-4.440892098500626e-16
 20
5.5320851173921195
 30
0.0
 11
0.9679148826078809
 21
6.5
 31
0.0
  0
LINE
  5
C14
330
17
100
AcDbEntity
  8
hatch
100
AcDbLine
 10
-4.440892098500626e-16
 20
5.673506473629429
 30
0.0
 11
0.8264935263705717
 21
6.5
 31
0.0
  0
LINE
  5
C15
330
17
100
AcDbEntity
  8
hatch
100
AcDbLine
 10
0.0
 20
5.814927829866737
 30
0.0
 11
0.6850721701332629
 21
6.5
 31
0.0
  0
LINE
  5
C16
330
17
100
AcDbEntity
  8
hatch
100
AcDbLine
 10
0.0
 20
5.956349186104046
 30
0.0
 11
0.5436508138959542
 21
6.5
 31
0.0
  0
LINE
  5
C17
330
17
100
AcDbEntity
  8
hatch
100
AcDbLine
 10
-4.440892098500626e-16
 20
6.097770542341358
 30
0.0
 11
0.40222945765864226
 21
6.5
 31
0.0
  0
LINE
  5
C18
330
17
100
AcDbEntity
  8
hatch
100
AcDbLine
 10
0.0
 20
6.2391918985786665
 30
0.0
 11
0.2608081014213335
 21
6.5
 31
0.0
  0
LINE
  5
C19
330
17
100
AcDbEntity
  8
hatch
100
AcDbLine
 10
0.0
 20
6.380613254815976
 30
0.0
 11
0.1193867451840247
 21
6.5
 31
0.0
  0
LWPOLYLINE
  5
C1A
330
17
100
AcDbEntity
  8
muro-visto
100
AcDbPolyline
 90
4
 70
1
 10
0.0
 20
0.0
 10
9.6
 20
0.0
 10
9.6
 20
6.5
 10
0.0
 20
6.5
  0
LWPOLYLINE
  5
C1B
330
17
100
AcDbEntity
  8
fondo
100
AcDbPolyline
 90
4
 70
1
 10
1.4
 20
0.9
 10
2.6
 20
0.9
 10
2.6
 20
2.3
 10
1.4
 20
2.3
  0
LINE
  5
C1C
330
17
100
AcDbEntity
  8
hatch
100
AcDbLine
 10
2.4585786437626904
 20
0.8999999999999998
 30
0.0
 11
2.5999999999999996
 21
1.0414213562373096
 31
0.0
  0
LINE
  5
C1D
330
17
100
AcDbEntity
  8
hatch
100
AcDbLine
 10
2.317157287525381
 20
0.9000000000000001
 30
0.0
 11
2.5999999999999996
 21
1.1828427124746188
 31
0.0
  0
LINE
  5
C1E
330
17
100
AcDbEntity
  8
hatch
100
AcDbLine
 10
2.175735931288071
 20
0.8999999999999998
 30
0.0
 11
2.6
 21
1.3242640687119285
 31
0.0
  0
LINE
  5
C1F
330
17
100
AcDbEntity
  8
hatch
100
AcDbLine
 10
2.034314575050762
 20
0.9
 30
0.0
 11
2.5999999999999996
 21
1.4656854249492381
 31
0.0
  0
LINE
  5
C20
330
17
100
AcDbEntity
  8
hatch
100
AcDbLine
 10
1.8928932188134524
 20
0.8999999999999999
 30
0.0
 11
2.6
 21
1.6071067811865474
 31
0.0
  0
LINE
  5
C21
330
17
100
AcDbEntity
  8
hatch
100
AcDbLine
 10
1.7514718625761427
 20
0.8999999999999999
 30
0.0
 11
2.5999999999999996
 21
1.7485281374238573
 31
0.0
  0
LINE
  5
C22
330
17
100
AcDbEntity
  8
hatch
100
AcDbLine
 10
1.610050506338833
 20
0.9
 30
0.0
 11
2.6
 21
1.8899494936611667
 31
0.0
  0
LINE
  5
C23
330
17
100
AcDbEntity
  8
hatch
100
AcDbLine
 10
1.4686291501015238
 20
0.8999999999999999
 30
0.0
 11
2.6
 21
2.031370849898476
 31
0.0
  0
LINE
  5
C24
330
17
100
AcDbEntity
  8
hatch
100
AcDbLine
 10
1.3999999999999997
 20
0.9727922061357853
 30
0.0
 11
2.6
 21
2.172792206135785
 31
0.0
  0
LINE
  5
C25
330
17
100
AcDbEntity
  8
hatch
100
AcDbLine
 10
1.4
 20
1.1142135623730949
 30
0.0
 11
2.5857864376269046
 21
2.3
 31
0.0
  0
LINE
  5
C26
330
17
100
AcDbEntity
  8
hatch
100
AcDbLine
 10
1.4
 20
1.2556349186104045
 30
0.0
 11
2.444365081389595
 21
2.3
 31
0.0
  0
LINE
  5
C27
330
17
100
AcDbEntity
  8
hatch
100
AcDbLine
 10
1.4
 20
1.3970562748477142
 30
0.0
 11
2.3029437251522857
 21
2.2999999999999994
 31
0.0
  0
LINE
  5
C28
330
17
100
AcDbEntity
  8
hatch
100
AcDbLine
 10
1.4000000000000001
 20
1.5384776310850237
 30
0.0
 11
2.1615223689149756
 21
2.3
 31
0.0
  0
LINE
  5
C29
330
17
100
AcDbEntity
  8
hatch
100
AcDbLine
 10
1.3999999999999997
 20
1.679898987322333
 30
0.0
 11
2.020101012677667
 21
2.3
 31
0.0
  0
LINE
  5
C2A
330
17
100
AcDbEntity
  8
hatch
100
AcDbLine
 10
1.4
 20
1.8213203435596423
 30
0.0
 11
1.8786796564403572
 21
2.3
 31
0.0
  0
LINE
  5
C2B
330
17
100
AcDbEntity
  8
hatch
100
AcDbLine
 10
1.4
 20
1.962741699796952
 30
0.0
 11
1.7372583002030477
 21
2.3
 31
0.0
  0
LINE
  5
C2C
330
17
100
AcDbEntity
  8
hatch
100
AcDbLine
 10
1.4
 20
2.104163056034262
 30
0.0
 11
1.595836943965738
 21
2.3
 31
0.0
  0
LINE
  5
C2D
330
17
100
AcDbEntity
  8
hatch
100
AcDbLine
 10
1.4000000000000001
 20
2.245584412271571
 30
0.0
 11
1.4544155877284286
 21
2.2999999999999994
 31
0.0
  0
LWPOLYLINE
  5
C2E
330
17
100
AcDbEntity
  8
carpinteria
100
AcDbPolyline
 90
4
 70
1
 10
1.4
 20
0.9
 10
2.6
 20
0.9
 10
2.6
 20
2.3
 10
1.4
 20
2.3
  0
LWPOLYLINE
  5
C2F
330
17
100
AcDbEntity
  8
marco-medio
100
AcDbPolyline
 90
4
 70
1
 10
1.3600000000000023
 20
0.8599999999999994
 10
2.639999999999998
 20
0.8599999999999994
 10
2.639999999999998
 20
2.3400000000000007
 10
1.3600000000000023
 20
2.3400000000000007
  0
LINE
  5
C30
330
17
100
AcDbEntity
  8
carpinteria
100
AcDbLine
 10
2.0
 20
0.9
 30
0.0
 11
2.0
 21
2.3
 31
0.0
  0
LINE
  5
C31
330
17
100
AcDbEntity
  8
carpinteria
100
AcDbLine
 10
1.4
 20
1.95
 30
0.0
 11
2.6
 21
1.95
 31
0.0
  0
LINE
  5
C32
330
17
100
AcDbEntity
  8
vidrio
100
AcDbLine
 10
1.45
 20
0.95
 30
0.0
 11
2.55
 21
2.25
 31
0.0
  0
LINE
  5
C33
330
17
100
AcDbEntity
  8
marco-medio
100
AcDbLine
 10
1.3399999999999976
 20
0.8699999999999989
 30
0.0
 11
2.6600000000000024
 21
0.8699999999999989
 31
0.0
  0
LWPOLYLINE
  5
C34
330
17
100
AcDbEntity
  8
fondo
100
AcDbPolyline
 90
4
 70
1
 10
6.95
 20
0.9
 10
8.15
 20
0.9
 10
8.15
 20
2.3
 10
6.95
 20
2.3
  0
LINE
  5
C35
330
17
100
AcDbEntity
  8
hatch
100
AcDbLine
 10
8.008578643762693
 20
0.8999999999999995
 30
0.0
 11
8.15
 21
1.0414213562373087
 31
0.0
  0
LINE
  5
C36
330
17
100
AcDbEntity
  8
hatch
100
AcDbLine
 10
7.867157287525382
 20
0.8999999999999995
 30
0.0
 11
8.15
 21
1.1828427124746188
 31
0.0
  0
LINE
  5
C37
330
17
100
AcDbEntity
  8
hatch
100
AcDbLine
 10
7.725735931288073
 20
0.899999999999999
 30
0.0
 11
8.150000000000002
 21
1.3242640687119276
 31
0.0
  0
LINE
  5
C38
330
17
100
AcDbEntity
  8
hatch
100
AcDbLine
 10
7.584314575050763
 20
0.8999999999999995
 30
0.0
 11
8.15
 21
1.4656854249492381
 31
0.0
  0
LINE
  5
C39
330
17
100
AcDbEntity
  8
hatch
100
AcDbLine
 10
7.4428932188134524
 20
0.8999999999999986
 30
0.0
 11
8.15
 21
1.6071067811865465
 31
0.0
  0
LINE
  5
C3A
330
17
100
AcDbEntity
  8
hatch
100
AcDbLine
 10
7.301471862576143
 20
0.8999999999999986
 30
0.0
 11
8.15
 21
1.7485281374238557
 31
0.0
  0
LINE
  5
C3B
330
17
100
AcDbEntity
  8
hatch
100
AcDbLine
 10
7.160050506338834
 20
0.899999999999999
 30
0.0
 11
8.150000000000002
 21
1.8899494936611663
 31
0.0
  0
LINE
  5
C3C
330
17
100
AcDbEntity
  8
hatch
100
AcDbLine
 10
7.018629150101525
 20
0.899999999999999
 30
0.0
 11
8.150000000000002
 21
2.0313708498984755
 31
0.0
  0
LINE
  5
C3D
330
17
100
AcDbEntity
  8
hatch
100
AcDbLine
 10
6.95
 20
0.972792206135785
 30
0.0
 11
8.15
 21
2.172792206135785
 31
0.0
  0
LINE
  5
C3E
330
17
100
AcDbEntity
  8
hatch
100
AcDbLine
 10
6.949999999999999
 20
1.1142135623730942
 30
0.0
 11
8.135786437626905
 21
2.299999999999999
 31
0.0
  0
LINE
  5
C3F
330
17
100
AcDbEntity
  8
hatch
100
AcDbLine
 10
6.949999999999999
 20
1.2556349186104034
 30
0.0
 11
7.994365081389596
 21
2.3
 31
0.0
  0
LINE
  5
C40
330
17
100
AcDbEntity
  8
hatch
100
AcDbLine
 10
6.95
 20
1.397056274847713
 30
0.0
 11
7.8529437251522864
 21
2.2999999999999994
 31
0.0
  0
LINE
  5
C41
330
17
100
AcDbEntity
  8
hatch
100
AcDbLine
 10
6.950000000000001
 20
1.5384776310850223
 30
0.0
 11
7.711522368914977
 21
2.2999999999999994
 31
0.0
  0
LINE
  5
C42
330
17
100
AcDbEntity
  8
hatch
100
AcDbLine
 10
6.949999999999999
 20
1.679898987322333
 30
0.0
 11
7.570101012677666
 21
2.3
 31
0.0
  0
LINE
  5
C43
330
17
100
AcDbEntity
  8
hatch
100
AcDbLine
 10
6.95
 20
1.8213203435596408
 30
0.0
 11
7.428679656440358
 21
2.2999999999999994
 31
0.0
  0
LINE
  5
C44
330
17
100
AcDbEntity
  8
hatch
100
AcDbLine
 10
6.949999999999999
 20
1.9627416997969505
 30
0.0
 11
7.287258300203048
 21
2.299999999999999
 31
0.0
  0
LINE
  5
C45
330
17
100
AcDbEntity
  8
hatch
100
AcDbLine
 10
6.950000000000001
 20
2.1041630560342606
 30
0.0
 11
7.1458369439657385
 21
2.299999999999999
 31
0.0
  0
LINE
  5
C46
330
17
100
AcDbEntity
  8
hatch
100
AcDbLine
 10
6.950000000000001
 20
2.24558441227157
 30
0.0
 11
7.004415587728429
 21
2.299999999999999
 31
0.0
  0
LWPOLYLINE
  5
C47
330
17
100
AcDbEntity
  8
carpinteria
100
AcDbPolyline
 90
4
 70
1
 10
6.95
 20
0.9
 10
8.15
 20
0.9
 10
8.15
 20
2.3
 10
6.95
 20
2.3
  0
LWPOLYLINE
  5
C48
330
17
100
AcDbEntity
  8
marco-medio
100
AcDbPolyline
 90
4
 70
1
 10
6.910000000000002
 20
0.8599999999999994
 10
8.189999999999998
 20
0.8599999999999994
 10
8.189999999999998
 20
2.3400000000000007
 10
6.910000000000002
 20
2.3400000000000007
  0
LINE
  5
C49
330
17
100
AcDbEntity
  8
carpinteria
100
AcDbLine
 10
7.55
 20
0.9
 30
0.0
 11
7.55
 21
2.3
 31
0.0
  0
LINE
  5
C4A
330
17
100
AcDbEntity
  8
carpinteria
100
AcDbLine
 10
6.95
 20
1.95
 30
0.0
 11
8.15
 21
1.95
 31
0.0
  0
LINE
  5
C4B
330
17
100
AcDbEntity
  8
vidrio
100
AcDbLine
 10
7.0
 20
0.95
 30
0.0
 11
8.1
 21
2.25
 31
0.0
  0
LINE
  5
C4C
330
17
100
AcDbEntity
  8
marco-medio
100
AcDbLine
 10
6.889999999999998
 20
0.8699999999999989
 30
0.0
 11
8.210000000000003
 21
0.8699999999999989
 31
0.0
  0
LWPOLYLINE
  5
C4D
330
17
100
AcDbEntity
  8
fondo
100
AcDbPolyline
 90
4
 70
1
 10
1.4
 20
4.15
 10
2.6
 20
4.15
 10
2.6
 20
5.55
 10
1.4
 20
5.55
  0
LINE
  5
C4E
330
17
100
AcDbEntity
  8
hatch
100
AcDbLine
 10
2.4585786437626904
 20
4.15
 30
0.0
 11
2.6
 21
4.29142135623731
 31
0.0
  0
LINE
  5
C4F
330
17
100
AcDbEntity
  8
hatch
100
AcDbLine
 10
2.317157287525381
 20
4.15
 30
0.0
 11
2.6000000000000005
 21
4.43284271247462
 31
0.0
  0
LINE
  5
C50
330
17
100
AcDbEntity
  8
hatch
100
AcDbLine
 10
2.1757359312880715
 20
4.15
 30
0.0
 11
2.6
 21
4.574264068711929
 31
0.0
  0
LINE
  5
C51
330
17
100
AcDbEntity
  8
hatch
100
AcDbLine
 10
2.034314575050762
 20
4.15
 30
0.0
 11
2.6
 21
4.715685424949238
 31
0.0
  0
LINE
  5
C52
330
17
100
AcDbEntity
  8
hatch
100
AcDbLine
 10
1.8928932188134524
 20
4.15
 30
0.0
 11
2.6000000000000005
 21
4.857106781186547
 31
0.0
  0
LINE
  5
C53
330
17
100
AcDbEntity
  8
hatch
100
AcDbLine
 10
1.7514718625761434
 20
4.15
 30
0.0
 11
2.5999999999999996
 21
4.9985281374238575
 31
0.0
  0
LINE
  5
C54
330
17
100
AcDbEntity
  8
hatch
100
AcDbLine
 10
1.6100505063388337
 20
4.15
 30
0.0
 11
2.5999999999999996
 21
5.139949493661167
 31
0.0
  0
LINE
  5
C55
330
17
100
AcDbEntity
  8
hatch
100
AcDbLine
 10
1.4686291501015243
 20
4.15
 30
0.0
 11
2.5999999999999996
 21
5.281370849898476
 31
0.0
  0
LINE
  5
C56
330
17
100
AcDbEntity
  8
hatch
100
AcDbLine
 10
1.4000000000000001
 20
4.222792206135786
 30
0.0
 11
2.6000000000000005
 21
5.422792206135785
 31
0.0
  0
LINE
  5
C57
330
17
100
AcDbEntity
  8
hatch
100
AcDbLine
 10
1.4
 20
4.364213562373095
 30
0.0
 11
2.5857864376269046
 21
5.55
 31
0.0
  0
LINE
  5
C58
330
17
100
AcDbEntity
  8
hatch
100
AcDbLine
 10
1.3999999999999997
 20
4.505634918610404
 30
0.0
 11
2.444365081389595
 21
5.55
 31
0.0
  0
LINE
  5
C59
330
17
100
AcDbEntity
  8
hatch
100
AcDbLine
 10
1.4000000000000001
 20
4.647056274847714
 30
0.0
 11
2.302943725152285
 21
5.55
 31
0.0
  0
LINE
  5
C5A
330
17
100
AcDbEntity
  8
hatch
100
AcDbLine
 10
1.4000000000000001
 20
4.788477631085024
 30
0.0
 11
2.1615223689149765
 21
5.549999999999999
 31
0.0
  0
LINE
  5
C5B
330
17
100
AcDbEntity
  8
hatch
100
AcDbLine
 10
1.3999999999999997
 20
4.929898987322334
 30
0.0
 11
2.0201010126776655
 21
5.549999999999999
 31
0.0
  0
LINE
  5
C5C
330
17
100
AcDbEntity
  8
hatch
100
AcDbLine
 10
1.3999999999999992
 20
5.071320343559642
 30
0.0
 11
1.878679656440357
 21
5.549999999999999
 31
0.0
  0
LINE
  5
C5D
330
17
100
AcDbEntity
  8
hatch
100
AcDbLine
 10
1.4
 20
5.212741699796952
 30
0.0
 11
1.7372583002030475
 21
5.55
 31
0.0
  0
LINE
  5
C5E
330
17
100
AcDbEntity
  8
hatch
100
AcDbLine
 10
1.3999999999999995
 20
5.3541630560342615
 30
0.0
 11
1.5958369439657378
 21
5.549999999999999
 31
0.0
  0
LINE
  5
C5F
330
17
100
AcDbEntity
  8
hatch
100
AcDbLine
 10
1.3999999999999995
 20
5.495584412271571
 30
0.0
 11
1.4544155877284286
 21
5.55
 31
0.0
  0
LWPOLYLINE
  5
C60
330
17
100
AcDbEntity
  8
carpinteria
100
AcDbPolyline
 90
4
 70
1
 10
1.4
 20
4.15
 10
2.6
 20
4.15
 10
2.6
 20
5.55
 10
1.4
 20
5.55
  0
LWPOLYLINE
  5
C61
330
17
100
AcDbEntity
  8
marco-medio
100
AcDbPolyline
 90
4
 70
1
 10
1.3600000000000023
 20
4.109999999999999
 10
2.639999999999998
 20
4.109999999999999
 10
2.639999999999998
 20
5.590000000000001
 10
1.3600000000000023
 20
5.590000000000001
  0
LINE
  5
C62
330
17
100
AcDbEntity
  8
carpinteria
100
AcDbLine
 10
2.0
 20
4.15
 30
0.0
 11
2.0
 21
5.55
 31
0.0
  0
LINE
  5
C63
330
17
100
AcDbEntity
  8
carpinteria
100
AcDbLine
 10
1.4
 20
5.2
 30
0.0
 11
2.6
 21
5.2
 31
0.0
  0
LINE
  5
C64
330
17
100
AcDbEntity
  8
vidrio
100
AcDbLine
 10
1.45
 20
4.2
 30
0.0
 11
2.55
 21
5.5
 31
0.0
  0
LINE
  5
C65
330
17
100
AcDbEntity
  8
marco-medio
100
AcDbLine
 10
1.3399999999999976
 20
4.119999999999999
 30
0.0
 11
2.6600000000000024
 21
4.119999999999999
 31
0.0
  0
LWPOLYLINE
  5
C66
330
17
100
AcDbEntity
  8
fondo
100
AcDbPolyline
 90
4
 70
1
 10
6.95
 20
4.15
 10
8.15
 20
4.15
 10
8.15
 20
5.55
 10
6.95
 20
5.55
  0
LINE
  5
C67
330
17
100
AcDbEntity
  8
hatch
100
AcDbLine
 10
8.008578643762691
 20
4.15
 30
0.0
 11
8.15
 21
4.291421356237309
 31
0.0
  0
LINE
  5
C68
330
17
100
AcDbEntity
  8
hatch
100
AcDbLine
 10
7.867157287525382
 20
4.15
 30
0.0
 11
8.15
 21
4.432842712474619
 31
0.0
  0
LINE
  5
C69
330
17
100
AcDbEntity
  8
hatch
100
AcDbLine
 10
7.725735931288072
 20
4.149999999999999
 30
0.0
 11
8.150000000000002
 21
4.574264068711928
 31
0.0
  0
LINE
  5
C6A
330
17
100
AcDbEntity
  8
hatch
100
AcDbLine
 10
7.584314575050763
 20
4.15
 30
0.0
 11
8.15
 21
4.715685424949237
 31
0.0
  0
LINE
  5
C6B
330
17
100
AcDbEntity
  8
hatch
100
AcDbLine
 10
7.442893218813453
 20
4.15
 30
0.0
 11
8.15
 21
4.857106781186547
 31
0.0
  0
LINE
  5
C6C
330
17
100
AcDbEntity
  8
hatch
100
AcDbLine
 10
7.301471862576144
 20
4.15
 30
0.0
 11
8.15
 21
4.998528137423857
 31
0.0
  0
LINE
  5
C6D
330
17
100
AcDbEntity
  8
hatch
100
AcDbLine
 10
7.160050506338834
 20
4.1499999999999995
 30
0.0
 11
8.15
 21
5.139949493661166
 31
0.0
  0
LINE
  5
C6E
330
17
100
AcDbEntity
  8
hatch
100
AcDbLine
 10
7.018629150101525
 20
4.1499999999999995
 30
0.0
 11
8.15
 21
5.281370849898476
 31
0.0
  0
LINE
  5
C6F
330
17
100
AcDbEntity
  8
hatch
100
AcDbLine
 10
6.95
 20
4.222792206135786
 30
0.0
 11
8.15
 21
5.422792206135785
 31
0.0
  0
LINE
  5
C70
330
17
100
AcDbEntity
  8
hatch
100
AcDbLine
 10
6.95
 20
4.364213562373095
 30
0.0
 11
8.135786437626905
 21
5.55
 31
0.0
  0
LINE
  5
C71
330
17
100
AcDbEntity
  8
hatch
100
AcDbLine
 10
6.95
 20
4.505634918610404
 30
0.0
 11
7.994365081389596
 21
5.55
 31
0.0
  0
LINE
  5
C72
330
17
100
AcDbEntity
  8
hatch
100
AcDbLine
 10
6.95
 20
4.6470562748477136
 30
0.0
 11
7.852943725152287
 21
5.55
 31
0.0
  0
LINE
  5
C73
330
17
100
AcDbEntity
  8
hatch
100
AcDbLine
 10
6.950000000000001
 20
4.788477631085024
 30
0.0
 11
7.7115223689149754
 21
5.549999999999999
 31
0.0
  0
LINE
  5
C74
330
17
100
AcDbEntity
  8
hatch
100
AcDbLine
 10
6.950000000000001
 20
4.929898987322334
 30
0.0
 11
7.570101012677666
 21
5.549999999999999
 31
0.0
  0
LINE
  5
C75
330
17
100
AcDbEntity
  8
hatch
100
AcDbLine
 10
6.95
 20
5.071320343559643
 30
0.0
 11
7.428679656440358
 21
5.549999999999999
 31
0.0
  0
LINE
  5
C76
330
17
100
AcDbEntity
  8
hatch
100
AcDbLine
 10
6.95
 20
5.212741699796952
 30
0.0
 11
7.287258300203049
 21
5.550000000000001
 31
0.0
  0
LINE
  5
C77
330
17
100
AcDbEntity
  8
hatch
100
AcDbLine
 10
6.95
 20
5.3541630560342615
 30
0.0
 11
7.145836943965739
 21
5.550000000000001
 31
0.0
  0
LINE
  5
C78
330
17
100
AcDbEntity
  8
hatch
100
AcDbLine
 10
6.950000000000001
 20
5.495584412271572
 30
0.0
 11
7.004415587728428
 21
5.549999999999999
 31
0.0
  0
LWPOLYLINE
  5
C79
330
17
100
AcDbEntity
  8
carpinteria
100
AcDbPolyline
 90
4
 70
1
 10
6.95
 20
4.15
 10
8.15
 20
4.15
 10
8.15
 20
5.55
 10
6.95
 20
5.55
  0
LWPOLYLINE
  5
C7A
330
17
100
AcDbEntity
  8
marco-medio
100
AcDbPolyline
 90
4
 70
1
 10
6.910000000000002
 20
4.109999999999999
 10
8.189999999999998
 20
4.109999999999999
 10
8.189999999999998
 20
5.590000000000001
 10
6.910000000000002
 20
5.590000000000001
  0
LINE
  5
C7B
330
17
100
AcDbEntity
  8
carpinteria
100
AcDbLine
 10
7.55
 20
4.15
 30
0.0
 11
7.55
 21
5.55
 31
0.0
  0
LINE
  5
C7C
330
17
100
AcDbEntity
  8
carpinteria
100
AcDbLine
 10
6.95
 20
5.2
 30
0.0
 11
8.15
 21
5.2
 31
0.0
  0
LINE
  5
C7D
330
17
100
AcDbEntity
  8
vidrio
100
AcDbLine
 10
7.0
 20
4.2
 30
0.0
 11
8.1
 21
5.5
 31
0.0
  0
LINE
  5
C7E
330
17
100
AcDbEntity
  8
marco-medio
100
AcDbLine
 10
6.889999999999998
 20
4.119999999999999
 30
0.0
 11
8.210000000000003
 21
4.119999999999999
 31
0.0
  0
LINE
  5
C7F
330
17
100
AcDbEntity
  8
marco-medio
100
AcDbLine
 10
0.0
 20
0.0
 30
0.0
 11
9.6
 21
0.0
 31
0.0
  0
LINE
  5
C80
330
17
100
AcDbEntity
  8
marco-fino
100
AcDbLine
 10
0.0
 20
3.2
 30
0.0
 11
9.6
 21
3.2
 31
0.0
  0
LINE
  5
C81
330
17
100
AcDbEntity
  8
marco-fino
100
AcDbLine
 10
0.0
 20
6.2
 30
0.0
 11
9.6
 21
6.2
 31
0.0
  0
LWPOLYLINE
  5
C82
330
17
100
AcDbEntity
  8
hormigon
100
AcDbPolyline
 90
4
 70
1
 10
0.0
 20
6.2
 10
9.6
 20
6.2
 10
9.6
 20
6.5
 10
0.0
 20
6.5
  0
LINE
  5
C83
330
17
100
AcDbEntity
  8
hatch
100
AcDbLine
 10
9.45857864376269
 20
6.199999999999999
 30
0.0
 11
9.6
 21
6.3414213562373085
 31
0.0
  0
LINE
  5
C84
330
17
100
AcDbEntity
  8
hatch
100
AcDbLine
 10
9.317157287525381
 20
6.200000000000001
 30
0.0
 11
9.6
 21
6.482842712474618
 31
0.0
  0
LINE
  5
C85
330
17
100
AcDbEntity
  8
hatch
100
AcDbLine
 10
9.17573593128807
 20
6.199999999999998
 30
0.0
 11
9.475735931288071
 21
6.499999999999999
 31
0.0
  0
LINE
  5
C86
330
17
100
AcDbEntity
  8
hatch
100
AcDbLine
 10
9.034314575050761
 20
6.199999999999999
 30
0.0
 11
9.334314575050762
 21
6.5
 31
0.0
  0
LINE
  5
C87
330
17
100
AcDbEntity
  8
hatch
100
AcDbLine
 10
8.892893218813452
 20
6.199999999999999
 30
0.0
 11
9.19289321881345
 21
6.499999999999999
 31
0.0
  0
LINE
  5
C88
330
17
100
AcDbEntity
  8
hatch
100
AcDbLine
 10
8.751471862576143
 20
6.2
 30
0.0
 11
9.051471862576141
 21
6.499999999999999
 31
0.0
  0
LINE
  5
C89
330
17
100
AcDbEntity
  8
hatch
100
AcDbLine
 10
8.610050506338833
 20
6.2
 30
0.0
 11
8.910050506338832
 21
6.499999999999999
 31
0.0
  0
LINE
  5
C8A
330
17
100
AcDbEntity
  8
hatch
100
AcDbLine
 10
8.468629150101522
 20
6.199999999999998
 30
0.0
 11
8.768629150101523
 21
6.499999999999999
 31
0.0
  0
LINE
  5
C8B
330
17
100
AcDbEntity
  8
hatch
100
AcDbLine
 10
8.327207793864213
 20
6.199999999999999
 30
0.0
 11
8.627207793864214
 21
6.5
 31
0.0
  0
LINE
  5
C8C
330
17
100
AcDbEntity
  8
hatch
100
AcDbLine
 10
8.185786437626904
 20
6.2
 30
0.0
 11
8.485786437626905
 21
6.499999999999999
 31
0.0
  0
LINE
  5
C8D
330
17
100
AcDbEntity
  8
hatch
100
AcDbLine
 10
8.044365081389595
 20
6.2
 30
0.0
 11
8.344365081389594
 21
6.499999999999999
 31
0.0
  0
LINE
  5
C8E
330
17
100
AcDbEntity
  8
hatch
100
AcDbLine
 10
7.9029437251522845
 20
6.199999999999999
 30
0.0
 11
8.202943725152284
 21
6.5
 31
0.0
  0
LINE
  5
C8F
330
17
100
AcDbEntity
  8
hatch
100
AcDbLine
 10
7.761522368914975
 20
6.199999999999999
 30
0.0
 11
8.061522368914975
 21
6.5
 31
0.0
  0
LINE
  5
C90
330
17
100
AcDbEntity
  8
hatch
100
AcDbLine
 10
7.620101012677665
 20
6.199999999999999
 30
0.0
 11
7.920101012677666
 21
6.5
 31
0.0
  0
LINE
  5
C91
330
17
100
AcDbEntity
  8
hatch
100
AcDbLine
 10
7.478679656440356
 20
6.199999999999999
 30
0.0
 11
7.778679656440356
 21
6.499999999999998
 31
0.0
  0
LINE
  5
C92
330
17
100
AcDbEntity
  8
hatch
100
AcDbLine
 10
7.337258300203047
 20
6.2
 30
0.0
 11
7.6372583002030465
 21
6.5
 31
0.0
  0
LINE
  5
C93
330
17
100
AcDbEntity
  8
hatch
100
AcDbLine
 10
7.195836943965737
 20
6.199999999999999
 30
0.0
 11
7.495836943965737
 21
6.5
 31
0.0
  0
LINE
  5
C94
330
17
100
AcDbEntity
  8
hatch
100
AcDbLine
 10
7.054415587728427
 20
6.199999999999999
 30
0.0
 11
7.354415587728428
 21
6.5
 31
0.0
  0
LINE
  5
C95
330
17
100
AcDbEntity
  8
hatch
100
AcDbLine
 10
6.912994231491118
 20
6.199999999999999
 30
0.0
 11
7.212994231491119
 21
6.5
 31
0.0
  0
LINE
  5
C96
330
17
100
AcDbEntity
  8
hatch
100
AcDbLine
 10
6.771572875253809
 20
6.199999999999999
 30
0.0
 11
7.071572875253809
 21
6.499999999999999
 31
0.0
  0
LINE
  5
C97
330
17
100
AcDbEntity
  8
hatch
100
AcDbLine
 10
6.6301515190165
 20
6.199999999999999
 30
0.0
 11
6.930151519016499
 21
6.5
 31
0.0
  0
LINE
  5
C98
330
17
100
AcDbEntity
  8
hatch
100
AcDbLine
 10
6.488730162779189
 20
6.199999999999999
 30
0.0
 11
6.788730162779189
 21
6.5
 31
0.0
  0
LINE
  5
C99
330
17
100
AcDbEntity
  8
hatch
100
AcDbLine
 10
6.3473088065418795
 20
6.199999999999999
 30
0.0
 11
6.64730880654188
 21
6.5
 31
0.0
  0
LINE
  5
C9A
330
17
100
AcDbEntity
  8
hatch
100
AcDbLine
 10
6.20588745030457
 20
6.199999999999999
 30
0.0
 11
6.505887450304571
 21
6.5
 31
0.0
  0
LINE
  5
C9B
330
17
100
AcDbEntity
  8
hatch
100
AcDbLine
 10
6.064466094067262
 20
6.199999999999999
 30
0.0
 11
6.364466094067261
 21
6.499999999999999
 31
0.0
  0
LINE
  5
C9C
330
17
100
AcDbEntity
  8
hatch
100
AcDbLine
 10
5.923044737829953
 20
6.2
 30
0.0
 11
6.223044737829952
 21
6.499999999999999
 31
0.0
  0
LINE
  5
C9D
330
17
100
AcDbEntity
  8
hatch
100
AcDbLine
 10
5.781623381592642
 20
6.199999999999999
 30
0.0
 11
6.081623381592642
 21
6.5
 31
0.0
  0
LINE
  5
C9E
330
17
100
AcDbEntity
  8
hatch
100
AcDbLine
 10
5.640202025355332
 20
6.199999999999999
 30
0.0
 11
5.940202025355332
 21
6.5
 31
0.0
  0
LINE
  5
C9F
330
17
100
AcDbEntity
  8
hatch
100
AcDbLine
 10
5.498780669118023
 20
6.2
 30
0.0
 11
5.798780669118024
 21
6.500000000000001
 31
0.0
  0
LINE
  5
CA0
330
17
100
AcDbEntity
  8
hatch
100
AcDbLine
 10
5.357359312880714
 20
6.2
 30
0.0
 11
5.657359312880713
 21
6.499999999999999
 31
0.0
  0
LINE
  5
CA1
330
17
100
AcDbEntity
  8
hatch
100
AcDbLine
 10
5.215937956643403
 20
6.199999999999998
 30
0.0
 11
5.515937956643404
 21
6.499999999999999
 31
0.0
  0
LINE
  5
CA2
330
17
100
AcDbEntity
  8
hatch
100
AcDbLine
 10
5.074516600406095
 20
6.199999999999999
 30
0.0
 11
5.374516600406095
 21
6.5
 31
0.0
  0
LINE
  5
CA3
330
17
100
AcDbEntity
  8
hatch
100
AcDbLine
 10
4.9330952441687845
 20
6.2
 30
0.0
 11
5.233095244168785
 21
6.500000000000001
 31
0.0
  0
LINE
  5
CA4
330
17
100
AcDbEntity
  8
hatch
100
AcDbLine
 10
4.791673887931475
 20
6.2
 30
0.0
 11
5.091673887931476
 21
6.500000000000001
 31
0.0
  0
LINE
  5
CA5
330
17
100
AcDbEntity
  8
hatch
100
AcDbLine
 10
4.650252531694166
 20
6.2
 30
0.0
 11
4.950252531694166
 21
6.499999999999999
 31
0.0
  0
LINE
  5
CA6
330
17
100
AcDbEntity
  8
hatch
100
AcDbLine
 10
4.508831175456856
 20
6.199999999999999
 30
0.0
 11
4.808831175456857
 21
6.5
 31
0.0
  0
LINE
  5
CA7
330
17
100
AcDbEntity
  8
hatch
100
AcDbLine
 10
4.367409819219547
 20
6.199999999999999
 30
0.0
 11
4.6674098192195475
 21
6.5
 31
0.0
  0
LINE
  5
CA8
330
17
100
AcDbEntity
  8
hatch
100
AcDbLine
 10
4.2259884629822375
 20
6.199999999999999
 30
0.0
 11
4.525988462982238
 21
6.5
 31
0.0
  0
LINE
  5
CA9
330
17
100
AcDbEntity
  8
hatch
100
AcDbLine
 10
4.084567106744927
 20
6.2
 30
0.0
 11
4.384567106744928
 21
6.5
 31
0.0
  0
LINE
  5
CAA
330
17
100
AcDbEntity
  8
hatch
100
AcDbLine
 10
3.943145750507619
 20
6.199999999999999
 30
0.0
 11
4.243145750507619
 21
6.5
 31
0.0
  0
LINE
  5
CAB
330
17
100
AcDbEntity
  8
hatch
100
AcDbLine
 10
3.801724394270308
 20
6.199999999999999
 30
0.0
 11
4.101724394270309
 21
6.5
 31
0.0
  0
LINE
  5
CAC
330
17
100
AcDbEntity
  8
hatch
100
AcDbLine
 10
3.660303038032999
 20
6.199999999999999
 30
0.0
 11
3.9603030380329995
 21
6.5
 31
0.0
  0
LINE
  5
CAD
330
17
100
AcDbEntity
  8
hatch
100
AcDbLine
 10
3.5188816817956896
 20
6.199999999999999
 30
0.0
 11
3.8188816817956903
 21
6.5
 31
0.0
  0
LINE
  5
CAE
330
17
100
AcDbEntity
  8
hatch
100
AcDbLine
 10
3.3774603255583804
 20
6.199999999999999
 30
0.0
 11
3.67746032555838
 21
6.5
 31
0.0
  0
LINE
  5
CAF
330
17
100
AcDbEntity
  8
hatch
100
AcDbLine
 10
3.236038969321071
 20
6.199999999999999
 30
0.0
 11
3.536038969321072
 21
6.5
 31
0.0
  0
LINE
  5
CB0
330
17
100
AcDbEntity
  8
hatch
100
AcDbLine
 10
3.09461761308376
 20
6.199999999999999
 30
0.0
 11
3.394617613083761
 21
6.5
 31
0.0
  0
LINE
  5
CB1
330
17
100
AcDbEntity
  8
hatch
100
AcDbLine
 10
2.9531962568464514
 20
6.199999999999999
 30
0.0
 11
3.253196256846452
 21
6.5
 31
0.0
  0
LINE
  5
CB2
330
17
100
AcDbEntity
  8
hatch
100
AcDbLine
 10
2.8117749006091417
 20
6.199999999999999
 30
0.0
 11
3.1117749006091424
 21
6.5
 31
0.0
  0
LINE
  5
CB3
330
17
100
AcDbEntity
  8
hatch
100
AcDbLine
 10
2.6703535443718325
 20
6.199999999999999
 30
0.0
 11
2.970353544371833
 21
6.5
 31
0.0
  0
LINE
  5
CB4
330
17
100
AcDbEntity
  8
hatch
100
AcDbLine
 10
2.528932188134524
 20
6.2
 30
0.0
 11
2.828932188134524
 21
6.5
 31
0.0
  0
LINE
  5
CB5
330
17
100
AcDbEntity
  8
hatch
100
AcDbLine
 10
2.3875108318972127
 20
6.199999999999999
 30
0.0
 11
2.6875108318972134
 21
6.5
 31
0.0
  0
LINE
  5
CB6
330
17
100
AcDbEntity
  8
hatch
100
AcDbLine
 10
2.246089475659904
 20
6.199999999999999
 30
0.0
 11
2.5460894756599046
 21
6.5
 31
0.0
  0
LINE
  5
CB7
330
17
100
AcDbEntity
  8
hatch
100
AcDbLine
 10
2.104668119422594
 20
6.199999999999999
 30
0.0
 11
2.4046681194225945
 21
6.5
 31
0.0
  0
LINE
  5
CB8
330
17
100
AcDbEntity
  8
hatch
100
AcDbLine
 10
1.963246763185285
 20
6.199999999999999
 30
0.0
 11
2.2632467631852857
 21
6.5
 31
0.0
  0
LINE
  5
CB9
330
17
100
AcDbEntity
  8
hatch
100
AcDbLine
 10
1.8218254069479758
 20
6.199999999999999
 30
0.0
 11
2.1218254069479765
 21
6.5
 31
0.0
  0
LINE
  5
CBA
330
17
100
AcDbEntity
  8
hatch
100
AcDbLine
 10
1.6804040507106657
 20
6.199999999999999
 30
0.0
 11
1.980404050710666
 21
6.5
 31
0.0
  0
LINE
  5
CBB
330
17
100
AcDbEntity
  8
hatch
100
AcDbLine
 10
1.5389826944733564
 20
6.199999999999999
 30
0.0
 11
1.8389826944733567
 21
6.5
 31
0.0
  0
LINE
  5
CBC
330
17
100
AcDbEntity
  8
hatch
100
AcDbLine
 10
1.3975613382360463
 20
6.199999999999999
 30
0.0
 11
1.697561338236047
 21
6.5
 31
0.0
  0
LINE
  5
CBD
330
17
100
AcDbEntity
  8
hatch
100
AcDbLine
 10
1.256139981998737
 20
6.199999999999999
 30
0.0
 11
1.5561399819987378
 21
6.5
 31
0.0
  0
LINE
  5
CBE
330
17
100
AcDbEntity
  8
hatch
100
AcDbLine
 10
1.1147186257614279
 20
6.199999999999999
 30
0.0
 11
1.4147186257614286
 21
6.5
 31
0.0
  0
LINE
  5
CBF
330
17
100
AcDbEntity
  8
hatch
100
AcDbLine
 10
0.9732972695241178
 20
6.199999999999999
 30
0.0
 11
1.2732972695241185
 21
6.5
 31
0.0
  0
LINE
  5
CC0
330
17
100
AcDbEntity
  8
hatch
100
AcDbLine
 10
0.8318759132868085
 20
6.199999999999999
 30
0.0
 11
1.1318759132868093
 21
6.5
 31
0.0
  0
LINE
  5
CC1
330
17
100
AcDbEntity
  8
hatch
100
AcDbLine
 10
0.6904545570494984
 20
6.199999999999999
 30
0.0
 11
0.9904545570494991
 21
6.5
 31
0.0
  0
LINE
  5
CC2
330
17
100
AcDbEntity
  8
hatch
100
AcDbLine
 10
0.5490332008121896
 20
6.199999999999999
 30
0.0
 11
0.8490332008121904
 21
6.5
 31
0.0
  0
LINE
  5
CC3
330
17
100
AcDbEntity
  8
hatch
100
AcDbLine
 10
0.40761184457488087
 20
6.199999999999999
 30
0.0
 11
0.7076118445748816
 21
6.5
 31
0.0
  0
LINE
  5
CC4
330
17
100
AcDbEntity
  8
hatch
100
AcDbLine
 10
0.26619048833757075
 20
6.199999999999999
 30
0.0
 11
0.566190488337571
 21
6.5
 31
0.0
  0
LINE
  5
CC5
330
17
100
AcDbEntity
  8
hatch
100
AcDbLine
 10
0.12476913210026153
 20
6.199999999999999
 30
0.0
 11
0.42476913210026224
 21
6.5
 31
0.0
  0
LINE
  5
CC6
330
17
100
AcDbEntity
  8
hatch
100
AcDbLine
 10
0.0
 20
6.216652224137048
 30
0.0
 11
0.2833477758629521
 21
6.5
 31
0.0
  0
LINE
  5
CC7
330
17
100
AcDbEntity
  8
hatch
100
AcDbLine
 10
0.0
 20
6.3580735803743575
 30
0.0
 11
0.1419264196256429
 21
6.5
 31
0.0
  0
LINE
  5
CC8
330
17
100
AcDbEntity
  8
hatch
100
AcDbLine
 10
-4.440892098500626e-16
 20
6.499494936611667
 30
0.0
 11
0.0005050633883336708
 21
6.5
 31
0.0
  0
LWPOLYLINE
  5
CC9
330
17
100
AcDbEntity
  8
muro-corte
100
AcDbPolyline
 90
4
 70
1
 10
0.0
 20
6.2
 10
9.6
 20
6.2
 10
9.6
 20
6.5
 10
0.0
 20
6.5
  0
LINE
  5
CCA
330
17
100
AcDbEntity
  8
muro-corte
100
AcDbLine
 10
0.0
 20
7.15
 30
0.0
 11
9.6
 21
7.15
 31
0.0
  0
LWPOLYLINE
  5
CCB
330
17
100
AcDbEntity
  8
hormigon
100
AcDbPolyline
 90
4
 70
1
 10
-0.030000000000001137
 20
7.1
 10
9.629999999999995
 20
7.1
 10
9.629999999999995
 20
7.15
 10
-0.030000000000001137
 20
7.15
  0
LINE
  5
CCC
330
17
100
AcDbEntity
  8
hatch
100
AcDbLine
 10
9.488578643762686
 20
7.1
 30
0.0
 11
9.538578643762685
 21
7.15
 31
0.0
  0
LINE
  5
CCD
330
17
100
AcDbEntity
  8
hatch
100
AcDbLine
 10
9.347157287525375
 20
7.1
 30
0.0
 11
9.397157287525376
 21
7.15
 31
0.0
  0
LINE
  5
CCE
330
17
100
AcDbEntity
  8
hatch
100
AcDbLine
 10
9.205735931288068
 20
7.1
 30
0.0
 11
9.255735931288068
 21
7.15
 31
0.0
  0
LINE
  5
CCF
330
17
100
AcDbEntity
  8
hatch
100
AcDbLine
 10
9.064314575050757
 20
7.1
 30
0.0
 11
9.11431457505076
 21
7.15
 31
0.0
  0
LINE
  5
CD0
330
17
100
AcDbEntity
  8
hatch
100
AcDbLine
 10
8.922893218813448
 20
7.1000000000000005
 30
0.0
 11
8.97289321881345
 21
7.150000000000001
 31
0.0
  0
LINE
  5
CD1
330
17
100
AcDbEntity
  8
hatch
100
AcDbLine
 10
8.781471862576138
 20
7.1000000000000005
 30
0.0
 11
8.831471862576137
 21
7.15
 31
0.0
  0
LINE
  5
CD2
330
17
100
AcDbEntity
  8
hatch
100
AcDbLine
 10
8.640050506338827
 20
7.099999999999999
 30
0.0
 11
8.690050506338828
 21
7.15
 31
0.0
  0
LINE
  5
CD3
330
17
100
AcDbEntity
  8
hatch
100
AcDbLine
 10
8.49862915010152
 20
7.1000000000000005
 30
0.0
 11
8.548629150101519
 21
7.15
 31
0.0
  0
LINE
  5
CD4
330
17
100
AcDbEntity
  8
hatch
100
AcDbLine
 10
8.357207793864209
 20
7.1
 30
0.0
 11
8.40720779386421
 21
7.15
 31
0.0
  0
LINE
  5
CD5
330
17
100
AcDbEntity
  8
hatch
100
AcDbLine
 10
8.2157864376269
 20
7.1
 30
0.0
 11
8.2657864376269
 21
7.1499999999999995
 31
0.0
  0
LINE
  5
CD6
330
17
100
AcDbEntity
  8
hatch
100
AcDbLine
 10
8.07436508138959
 20
7.1000000000000005
 30
0.0
 11
8.124365081389591
 21
7.15
 31
0.0
  0
LINE
  5
CD7
330
17
100
AcDbEntity
  8
hatch
100
AcDbLine
 10
7.93294372515228
 20
7.1
 30
0.0
 11
7.982943725152281
 21
7.15
 31
0.0
  0
LINE
  5
CD8
330
17
100
AcDbEntity
  8
hatch
100
AcDbLine
 10
7.791522368914971
 20
7.1
 30
0.0
 11
7.841522368914972
 21
7.15
 31
0.0
  0
LINE
  5
CD9
330
17
100
AcDbEntity
  8
hatch
100
AcDbLine
 10
7.650101012677662
 20
7.1
 30
0.0
 11
7.700101012677662
 21
7.1499999999999995
 31
0.0
  0
LINE
  5
CDA
330
17
100
AcDbEntity
  8
hatch
100
AcDbLine
 10
7.508679656440353
 20
7.1
 30
0.0
 11
7.5586796564403524
 21
7.1499999999999995
 31
0.0
  0
LINE
  5
CDB
330
17
100
AcDbEntity
  8
hatch
100
AcDbLine
 10
7.367258300203043
 20
7.1
 30
0.0
 11
7.417258300203043
 21
7.1499999999999995
 31
0.0
  0
LINE
  5
CDC
330
17
100
AcDbEntity
  8
hatch
100
AcDbLine
 10
7.225836943965732
 20
7.1
 30
0.0
 11
7.275836943965734
 21
7.15
 31
0.0
  0
LINE
  5
CDD
330
17
100
AcDbEntity
  8
hatch
100
AcDbLine
 10
7.084415587728425
 20
7.1000000000000005
 30
0.0
 11
7.134415587728425
 21
7.15
 31
0.0
  0
LINE
  5
CDE
330
17
100
AcDbEntity
  8
hatch
100
AcDbLine
 10
6.942994231491114
 20
7.1
 30
0.0
 11
6.992994231491114
 21
7.1499999999999995
 31
0.0
  0
LINE
  5
CDF
330
17
100
AcDbEntity
  8
hatch
100
AcDbLine
 10
6.801572875253804
 20
7.099999999999999
 30
0.0
 11
6.851572875253806
 21
7.150000000000001
 31
0.0
  0
LINE
  5
CE0
330
17
100
AcDbEntity
  8
hatch
100
AcDbLine
 10
6.660151519016495
 20
7.099999999999999
 30
0.0
 11
6.710151519016496
 21
7.1499999999999995
 31
0.0
  0
LINE
  5
CE1
330
17
100
AcDbEntity
  8
hatch
100
AcDbLine
 10
6.518730162779185
 20
7.1
 30
0.0
 11
6.568730162779187
 21
7.15
 31
0.0
  0
LINE
  5
CE2
330
17
100
AcDbEntity
  8
hatch
100
AcDbLine
 10
6.377308806541875
 20
7.1
 30
0.0
 11
6.427308806541877
 21
7.150000000000001
 31
0.0
  0
LINE
  5
CE3
330
17
100
AcDbEntity
  8
hatch
100
AcDbLine
 10
6.235887450304566
 20
7.1
 30
0.0
 11
6.285887450304567
 21
7.1499999999999995
 31
0.0
  0
LINE
  5
CE4
330
17
100
AcDbEntity
  8
hatch
100
AcDbLine
 10
6.094466094067258
 20
7.1
 30
0.0
 11
6.144466094067258
 21
7.150000000000001
 31
0.0
  0
LINE
  5
CE5
330
17
100
AcDbEntity
  8
hatch
100
AcDbLine
 10
5.9530447378299485
 20
7.1000000000000005
 30
0.0
 11
6.003044737829948
 21
7.15
 31
0.0
  0
LINE
  5
CE6
330
17
100
AcDbEntity
  8
hatch
100
AcDbLine
 10
5.8116233815926375
 20
7.099999999999999
 30
0.0
 11
5.861623381592639
 21
7.15
 31
0.0
  0
LINE
  5
CE7
330
17
100
AcDbEntity
  8
hatch
100
AcDbLine
 10
5.670202025355329
 20
7.1
 30
0.0
 11
5.72020202535533
 21
7.15
 31
0.0
  0
LINE
  5
CE8
330
17
100
AcDbEntity
  8
hatch
100
AcDbLine
 10
5.528780669118019
 20
7.1000000000000005
 30
0.0
 11
5.578780669118019
 21
7.15
 31
0.0
  0
LINE
  5
CE9
330
17
100
AcDbEntity
  8
hatch
100
AcDbLine
 10
5.387359312880708
 20
7.099999999999999
 30
0.0
 11
5.4373593128807105
 21
7.15
 31
0.0
  0
LINE
  5
CEA
330
17
100
AcDbEntity
  8
hatch
100
AcDbLine
 10
5.245937956643401
 20
7.1000000000000005
 30
0.0
 11
5.2959379566434
 21
7.15
 31
0.0
  0
LINE
  5
CEB
330
17
100
AcDbEntity
  8
hatch
100
AcDbLine
 10
5.1045166004060905
 20
7.1
 30
0.0
 11
5.154516600406091
 21
7.15
 31
0.0
  0
LINE
  5
CEC
330
17
100
AcDbEntity
  8
hatch
100
AcDbLine
 10
4.963095244168781
 20
7.1
 30
0.0
 11
5.013095244168782
 21
7.15
 31
0.0
  0
LINE
  5
CED
330
17
100
AcDbEntity
  8
hatch
100
AcDbLine
 10
4.821673887931469
 20
7.099999999999998
 30
0.0
 11
4.871673887931472
 21
7.15
 31
0.0
  0
LINE
  5
CEE
330
17
100
AcDbEntity
  8
hatch
100
AcDbLine
 10
4.680252531694162
 20
7.1
 30
0.0
 11
4.730252531694163
 21
7.15
 31
0.0
  0
LINE
  5
CEF
330
17
100
AcDbEntity
  8
hatch
100
AcDbLine
 10
4.538831175456853
 20
7.1
 30
0.0
 11
4.588831175456853
 21
7.15
 31
0.0
  0
LINE
  5
CF0
330
17
100
AcDbEntity
  8
hatch
100
AcDbLine
 10
4.3974098192195425
 20
7.1
 30
0.0
 11
4.447409819219543
 21
7.15
 31
0.0
  0
LINE
  5
CF1
330
17
100
AcDbEntity
  8
hatch
100
AcDbLine
 10
4.255988462982233
 20
7.1
 30
0.0
 11
4.305988462982234
 21
7.15
 31
0.0
  0
LINE
  5
CF2
330
17
100
AcDbEntity
  8
hatch
100
AcDbLine
 10
4.114567106744923
 20
7.1
 30
0.0
 11
4.164567106744924
 21
7.15
 31
0.0
  0
LINE
  5
CF3
330
17
100
AcDbEntity
  8
hatch
100
AcDbLine
 10
3.973145750507614
 20
7.099999999999999
 30
0.0
 11
4.023145750507615
 21
7.1499999999999995
 31
0.0
  0
LINE
  5
CF4
330
17
100
AcDbEntity
  8
hatch
100
AcDbLine
 10
3.8317243942703043
 20
7.1
 30
0.0
 11
3.881724394270305
 21
7.15
 31
0.0
  0
LINE
  5
CF5
330
17
100
AcDbEntity
  8
hatch
100
AcDbLine
 10
3.690303038032995
 20
7.1
 30
0.0
 11
3.740303038032996
 21
7.150000000000001
 31
0.0
  0
LINE
  5
CF6
330
17
100
AcDbEntity
  8
hatch
100
AcDbLine
 10
3.5488816817956863
 20
7.1
 30
0.0
 11
3.598881681795688
 21
7.15
 31
0.0
  0
LINE
  5
CF7
330
17
100
AcDbEntity
  8
hatch
100
AcDbLine
 10
3.4074603255583753
 20
7.099999999999999
 30
0.0
 11
3.457460325558377
 21
7.15
 31
0.0
  0
LINE
  5
CF8
330
17
100
AcDbEntity
  8
hatch
100
AcDbLine
 10
3.266038969321066
 20
7.099999999999999
 30
0.0
 11
3.316038969321067
 21
7.15
 31
0.0
  0
LINE
  5
CF9
330
17
100
AcDbEntity
  8
hatch
100
AcDbLine
 10
3.124617613083757
 20
7.1
 30
0.0
 11
3.1746176130837576
 21
7.15
 31
0.0
  0
LINE
  5
CFA
330
17
100
AcDbEntity
  8
hatch
100
AcDbLine
 10
2.9831962568464476
 20
7.1
 30
0.0
 11
3.0331962568464483
 21
7.15
 31
0.0
  0
LINE
  5
CFB
330
17
100
AcDbEntity
  8
hatch
100
AcDbLine
 10
2.8417749006091366
 20
7.099999999999999
 30
0.0
 11
2.8917749006091373
 21
7.15
 31
0.0
  0
LINE
  5
CFC
330
17
100
AcDbEntity
  8
hatch
100
AcDbLine
 10
2.700353544371828
 20
7.099999999999999
 30
0.0
 11
2.7503535443718294
 21
7.15
 31
0.0
  0
LINE
  5
CFD
330
17
100
AcDbEntity
  8
hatch
100
AcDbLine
 10
2.5589321881345186
 20
7.099999999999999
 30
0.0
 11
2.60893218813452
 21
7.15
 31
0.0
  0
LINE
  5
CFE
330
17
100
AcDbEntity
  8
hatch
100
AcDbLine
 10
2.417510831897209
 20
7.1
 30
0.0
 11
2.4675108318972097
 21
7.15
 31
0.0
  0
LINE
  5
CFF
330
17
100
AcDbEntity
  8
hatch
100
AcDbLine
 10
2.2760894756598997
 20
7.1
 30
0.0
 11
2.3260894756599013
 21
7.15
 31
0.0
  0
LINE
  5
D00
330
17
100
AcDbEntity
  8
hatch
100
AcDbLine
 10
2.134668119422589
 20
7.099999999999999
 30
0.0
 11
2.1846681194225908
 21
7.15
 31
0.0
  0
LINE
  5
D01
330
17
100
AcDbEntity
  8
hatch
100
AcDbLine
 10
1.99324676318528
 20
7.099999999999999
 30
0.0
 11
2.0432467631852815
 21
7.15
 31
0.0
  0
LINE
  5
D02
330
17
100
AcDbEntity
  8
hatch
100
AcDbLine
 10
1.8518254069479707
 20
7.1
 30
0.0
 11
1.9018254069479723
 21
7.15
 31
0.0
  0
LINE
  5
D03
330
17
100
AcDbEntity
  8
hatch
100
AcDbLine
 10
1.710404050710661
 20
7.1
 30
0.0
 11
1.7604040507106617
 21
7.15
 31
0.0
  0
LINE
  5
D04
330
17
100
AcDbEntity
  8
hatch
100
AcDbLine
 10
1.5689826944733531
 20
7.1
 30
0.0
 11
1.618982694473353
 21
7.15
 31
0.0
  0
LINE
  5
D05
330
17
100
AcDbEntity
  8
hatch
100
AcDbLine
 10
1.4275613382360413
 20
7.1
 30
0.0
 11
1.4775613382360429
 21
7.15
 31
0.0
  0
LINE
  5
D06
330
17
100
AcDbEntity
  8
hatch
100
AcDbLine
 10
1.2861399819987325
 20
7.1
 30
0.0
 11
1.336139981998734
 21
7.15
 31
0.0
  0
LINE
  5
D07
330
17
100
AcDbEntity
  8
hatch
100
AcDbLine
 10
1.1447186257614232
 20
7.1
 30
0.0
 11
1.1947186257614248
 21
7.15
 31
0.0
  0
LINE
  5
D08
330
17
100
AcDbEntity
  8
hatch
100
AcDbLine
 10
1.0032972695241136
 20
7.099999999999999
 30
0.0
 11
1.0532972695241143
 21
7.15
 31
0.0
  0
LINE
  5
D09
330
17
100
AcDbEntity
  8
hatch
100
AcDbLine
 10
0.8618759132868044
 20
7.1
 30
0.0
 11
0.911875913286806
 21
7.15
 31
0.0
  0
LINE
  5
D0A
330
17
100
AcDbEntity
  8
hatch
100
AcDbLine
 10
0.7204545570494942
 20
7.1
 30
0.0
 11
0.7704545570494954
 21
7.15
 31
0.0
  0
LINE
  5
D0B
330
17
100
AcDbEntity
  8
hatch
100
AcDbLine
 10
0.579033200812185
 20
7.1
 30
0.0
 11
0.6290332008121862
 21
7.15
 31
0.0
  0
LINE
  5
D0C
330
17
100
AcDbEntity
  8
hatch
100
AcDbLine
 10
0.4376118445748758
 20
7.1
 30
0.0
 11
0.48761184457487694
 21
7.15
 31
0.0
  0
LINE
  5
D0D
330
17
100
AcDbEntity
  8
hatch
100
AcDbLine
 10
0.29619048833756567
 20
7.1
 30
0.0
 11
0.3461904883375668
 21
7.15
 31
0.0
  0
LINE
  5
D0E
330
17
100
AcDbEntity
  8
hatch
100
AcDbLine
 10
0.1547691321002569
 20
7.1
 30
0.0
 11
0.20476913210025804
 21
7.15
 31
0.0
  0
LINE
  5
D0F
330
17
100
AcDbEntity
  8
hatch
100
AcDbLine
 10
0.013347775862946332
 20
7.1
 30
0.0
 11
0.06334777586294749
 21
7.15
 31
0.0
  0
LWPOLYLINE
  5
D10
330
17
100
AcDbEntity
  8
muro-corte
100
AcDbPolyline
 90
4
 70
1
 10
-0.030000000000001137
 20
7.1
 10
9.629999999999995
 20
7.1
 10
9.629999999999995
 20
7.15
 10
-0.030000000000001137
 20
7.15
  0
LINE
  5
D11
330
17
100
AcDbEntity
  8
carpinteria
100
AcDbLine
 10
0.5399999999999977
 20
-0.45
 30
0.0
 11
0.5399999999999977
 21
6.9
 31
0.0
  0
LINE
  5
D12
330
17
100
AcDbEntity
  8
carpinteria
100
AcDbLine
 10
0.6600000000000023
 20
-0.45
 30
0.0
 11
0.6600000000000023
 21
6.9
 31
0.0
  0
LINE
  5
D13
330
17
100
AcDbEntity
  8
carpinteria
100
AcDbLine
 10
0.5399999999999977
 20
6.9
 30
0.0
 11
0.6600000000000023
 21
6.9
 31
0.0
  0
LINE
  5
D14
330
17
100
AcDbEntity
  8
carpinteria
100
AcDbLine
 10
8.939999999999998
 20
-0.45
 30
0.0
 11
8.939999999999998
 21
6.9
 31
0.0
  0
LINE
  5
D15
330
17
100
AcDbEntity
  8
carpinteria
100
AcDbLine
 10
9.060000000000002
 20
-0.45
 30
0.0
 11
9.060000000000002
 21
6.9
 31
0.0
  0
LINE
  5
D16
330
17
100
AcDbEntity
  8
carpinteria
100
AcDbLine
 10
8.939999999999998
 20
6.9
 30
0.0
 11
9.060000000000002
 21
6.9
 31
0.0
  0
TEXT
  5
D17
330
17
100
AcDbEntity
  8
texto-suave
100
AcDbText
 10
4.8
 20
6.65
 30
0.0
 40
0.09
  1
MURO DE ALBAÑILERÍA TARRAJEADO Y PINTADO
 72
1
 11
4.8
 21
6.65
 31
0.0
100
AcDbText
  0
TEXT
  5
D18
330
17
100
AcDbEntity
  8
texto-suave
100
AcDbText
 10
4.8
 20
-0.3
 30
0.0
 40
0.085
  1
SOBRECIMIENTO DE CONCRETO 1:8 + 25% P.M.
 72
1
 11
4.8
 21
-0.3
 31
0.0
100
AcDbText
  0
LINE
  5
D19
330
17
100
AcDbEntity
  8
nivel
100
AcDbLine
 10
28.200000000000003
 20
-23.5
 30
0.0
 11
26.700000000000003
 21
-23.5
 31
0.0
  0
LWPOLYLINE
  5
D1A
330
17
100
AcDbEntity
  8
nivel
100
AcDbPolyline
 90
3
 70
1
 10
28.200000000000003
 20
-23.5
 10
28.064999999999998
 20
-23.417500000000004
 10
28.064999999999998
 20
-23.5825
  0
LWPOLYLINE
  5
D1B
330
17
100
AcDbEntity
  8
nivel
100
AcDbPolyline
 90
3
 70
1
 10
28.200000000000003
 20
-23.5
 10
28.064999999999998
 20
-23.417500000000004
 10
28.064999999999998
 20
-23.5825
  0
LINE
  5
D1C
330
17
100
AcDbEntity
  8
hatch
100
AcDbLine
 10
28.064999999999994
 20
-23.493578643762696
 30
0.0
 11
28.112221227163047
 21
-23.446357416599643
 31
0.0
  0
TEXT
  5
D1D
330
17
100
AcDbEntity
  8
texto
100
AcDbText
 10
27.975
 20
-23.44
 30
0.0
 40
0.105
  1
±0,00
 72
2
100
AcDbText
  0
LINE
  5
D1E
330
17
100
AcDbEntity
  8
nivel
100
AcDbLine
 10
28.200000000000003
 20
-20.25
 30
0.0
 11
26.700000000000003
 21
-20.25
 31
0.0
  0
LWPOLYLINE
  5
D1F
330
17
100
AcDbEntity
  8
nivel
100
AcDbPolyline
 90
3
 70
1
 10
28.200000000000003
 20
-20.25
 10
28.064999999999998
 20
-20.167500000000004
 10
28.064999999999998
 20
-20.3325
  0
LWPOLYLINE
  5
D20
330
17
100
AcDbEntity
  8
nivel
100
AcDbPolyline
 90
3
 70
1
 10
28.200000000000003
 20
-20.25
 10
28.064999999999998
 20
-20.167500000000004
 10
28.064999999999998
 20
-20.3325
  0
LINE
  5
D21
330
17
100
AcDbEntity
  8
hatch
100
AcDbLine
 10
28.064999999999998
 20
-20.24357864376269
 30
0.0
 11
28.112221227163044
 21
-20.19635741659964
 31
0.0
  0
TEXT
  5
D22
330
17
100
AcDbEntity
  8
texto
100
AcDbText
 10
27.975
 20
-20.19
 30
0.0
 40
0.105
  1
+3,25
 72
2
100
AcDbText
  0
LINE
  5
D23
330
17
100
AcDbEntity
  8
nivel
100
AcDbLine
 10
28.200000000000003
 20
-17.3
 30
0.0
 11
26.700000000000003
 21
-17.3
 31
0.0
  0
LWPOLYLINE
  5
D24
330
17
100
AcDbEntity
  8
nivel
100
AcDbPolyline
 90
3
 70
1
 10
28.200000000000003
 20
-17.3
 10
28.064999999999998
 20
-17.2175
 10
28.064999999999998
 20
-17.3825
  0
LWPOLYLINE
  5
D25
330
17
100
AcDbEntity
  8
nivel
100
AcDbPolyline
 90
3
 70
1
 10
28.200000000000003
 20
-17.3
 10
28.064999999999998
 20
-17.2175
 10
28.064999999999998
 20
-17.3825
  0
LINE
  5
D26
330
17
100
AcDbEntity
  8
hatch
100
AcDbLine
 10
28.064999999999998
 20
-17.293578643762697
 30
0.0
 11
28.11222122716305
 21
-17.246357416599643
 31
0.0
  0
TEXT
  5
D27
330
17
100
AcDbEntity
  8
texto
100
AcDbText
 10
27.975
 20
-17.240000000000002
 30
0.0
 40
0.105
  1
+6,20
 72
2
100
AcDbText
  0
LINE
  5
D28
330
17
100
AcDbEntity
  8
nivel
100
AcDbLine
 10
28.200000000000003
 20
-16.35
 30
0.0
 11
26.700000000000003
 21
-16.35
 31
0.0
  0
LWPOLYLINE
  5
D29
330
17
100
AcDbEntity
  8
nivel
100
AcDbPolyline
 90
3
 70
1
 10
28.200000000000003
 20
-16.35
 10
28.064999999999998
 20
-16.267500000000002
 10
28.064999999999998
 20
-16.4325
  0
LWPOLYLINE
  5
D2A
330
17
100
AcDbEntity
  8
nivel
100
AcDbPolyline
 90
3
 70
1
 10
28.200000000000003
 20
-16.35
 10
28.064999999999998
 20
-16.267500000000002
 10
28.064999999999998
 20
-16.4325
  0
LINE
  5
D2B
330
17
100
AcDbEntity
  8
hatch
100
AcDbLine
 10
28.064999999999998
 20
-16.343578643762694
 30
0.0
 11
28.112221227163047
 21
-16.296357416599644
 31
0.0
  0
TEXT
  5
D2C
330
17
100
AcDbEntity
  8
texto
100
AcDbText
 10
27.975
 20
-16.290000000000003
 30
0.0
 40
0.105
  1
+7,15
 72
2
100
AcDbText
  0
LINE
  5
D2D
330
17
100
AcDbEntity
  8
nivel
100
AcDbLine
 10
28.200000000000003
 20
-16.130000000000003
 30
0.0
 11
26.700000000000003
 21
-16.130000000000003
 31
0.0
  0
LWPOLYLINE
  5
D2E
330
17
100
AcDbEntity
  8
nivel
100
AcDbPolyline
 90
3
 70
1
 10
28.200000000000003
 20
-16.130000000000003
 10
28.064999999999998
 20
-16.047500000000003
 10
28.064999999999998
 20
-16.212500000000002
  0
LWPOLYLINE
  5
D2F
330
17
100
AcDbEntity
  8
nivel
100
AcDbPolyline
 90
3
 70
1
 10
28.200000000000003
 20
-16.130000000000003
 10
28.064999999999998
 20
-16.047500000000003
 10
28.064999999999998
 20
-16.212500000000002
  0
LINE
  5
D30
330
17
100
AcDbEntity
  8
hatch
100
AcDbLine
 10
28.064999999999998
 20
-16.123578643762695
 30
0.0
 11
28.112221227163047
 21
-16.076357416599645
 31
0.0
  0
TEXT
  5
D31
330
17
100
AcDbEntity
  8
texto
100
AcDbText
 10
27.975
 20
-16.070000000000004
 30
0.0
 40
0.095
  1
ALBARDILLA
 72
2
100
AcDbText
  0
LINE
  5
D32
330
17
100
AcDbEntity
  8
nivel
100
AcDbLine
 10
39.45
 20
-23.950000000000003
 30
0.0
 11
40.75
 21
-23.950000000000003
 31
0.0
  0
LWPOLYLINE
  5
D33
330
17
100
AcDbEntity
  8
nivel
100
AcDbPolyline
 90
3
 70
1
 10
39.45
 20
-23.950000000000003
 10
39.58500000000001
 20
-23.867500000000003
 10
39.58500000000001
 20
-24.0325
  0
LWPOLYLINE
  5
D34
330
17
100
AcDbEntity
  8
nivel
100
AcDbPolyline
 90
3
 70
1
 10
39.45
 20
-23.950000000000003
 10
39.58500000000001
 20
-23.867500000000003
 10
39.58500000000001
 20
-24.0325
  0
LINE
  5
D35
330
17
100
AcDbEntity
  8
hatch
100
AcDbLine
 10
39.49722122716306
 20
-23.978857416599645
 30
0.0
 11
39.58500000000001
 21
-23.891078643762697
 31
0.0
  0
TEXT
  5
D36
330
17
100
AcDbEntity
  8
texto
100
AcDbText
 10
39.675000000000004
 20
-23.89
 30
0.0
 40
0.105
  1
NTN -0,45
100
AcDbText
  0
LINE
  5
D37
330
17
100
AcDbEntity
  8
cota
100
AcDbLine
 10
29.5
 20
-16.375
 30
0.0
 11
29.5
 21
-15.925
 31
0.0
  0
LINE
  5
D38
330
17
100
AcDbEntity
  8
cota
100
AcDbLine
 10
39.1
 20
-16.375
 30
0.0
 11
39.1
 21
-15.925
 31
0.0
  0
LINE
  5
D39
330
17
100
AcDbEntity
  8
cota
100
AcDbLine
 10
29.5
 20
-15.850000000000001
 30
0.0
 11
39.1
 21
-15.850000000000001
 31
0.0
  0
LINE
  5
D3A
330
17
100
AcDbEntity
  8
cota
100
AcDbLine
 10
29.425
 20
-15.925
 30
0.0
 11
29.575000000000003
 21
-15.775
 31
0.0
  0
LINE
  5
D3B
330
17
100
AcDbEntity
  8
cota
100
AcDbLine
 10
39.025000000000006
 20
-15.925
 30
0.0
 11
39.175000000000004
 21
-15.775
 31
0.0
  0
TEXT
  5
D3C
330
17
100
AcDbEntity
  8
cota-texto
100
AcDbText
 10
34.300000000000004
 20
-15.795
 30
0.0
 40
0.125
  1
9,60
 72
1
 11
34.300000000000004
 21
-15.795
 31
0.0
100
AcDbText
  0
LINE
  5
D3D
330
17
100
AcDbEntity
  8
cota
100
AcDbLine
 10
29.5
 20
-24.025000000000002
 30
0.0
 11
29.5
 21
-24.375
 31
0.0
  0
LINE
  5
D3E
330
17
100
AcDbEntity
  8
cota
100
AcDbLine
 10
29.05
 20
-24.025000000000002
 30
0.0
 11
29.05
 21
-24.375
 31
0.0
  0
LINE
  5
D3F
330
17
100
AcDbEntity
  8
cota
100
AcDbLine
 10
29.5
 20
-24.3
 30
0.0
 11
29.05
 21
-24.3
 31
0.0
  0
LINE
  5
D40
330
17
100
AcDbEntity
  8
cota
100
AcDbLine
 10
29.425
 20
-24.375
 30
0.0
 11
29.575000000000003
 21
-24.225
 31
0.0
  0
LINE
  5
D41
330
17
100
AcDbEntity
  8
cota
100
AcDbLine
 10
28.975
 20
-24.375
 30
0.0
 11
29.125
 21
-24.225
 31
0.0
  0
TEXT
  5
D42
330
17
100
AcDbEntity
  8
cota-texto
100
AcDbText
 10
29.275000000000002
 20
-24.245
 30
0.0
 40
0.09
  1
0,45
 72
1
 11
29.275000000000002
 21
-24.245
 31
0.0
100
AcDbText
  0
TEXT
  5
D43
330
17
100
AcDbEntity
  8
texto
100
AcDbText
 10
28.3
 20
-15.100000000000001
 30
0.0
 40
0.18
  1
FACHADA OESTE
100
AcDbText
  0
LINE
  5
D44
330
17
100
AcDbEntity
  8
marco-medio
100
AcDbLine
 10
28.3
 20
-15.230000000000002
 30
0.0
 11
34.300000000000004
 21
-15.230000000000002
 31
0.0
  0
TEXT
  5
D45
330
17
100
AcDbEntity
  8
texto-suave
100
AcDbText
 10
34.300000000000004
 20
-15.100000000000001
 30
0.0
 40
0.11000000000000001
  1
E 1:50
 72
2
100
AcDbText
  0
TEXT
  5
D46
330
17
100
AcDbEntity
  8
texto-suave
100
AcDbText
 10
28.3
 20
-15.380000000000003
 30
0.0
 40
0.1
  1
Dormitorios extremos — ambos niveles
100
AcDbText
  0
TEXT
  5
D47
330
17
100
AcDbEntity
  8
texto
100
AcDbText
 10
2.0
 20
-24.3
 30
0.0
 40
0.12
  1
ACABADOS DE FACHADA
100
AcDbText
  0
LINE
  5
D48
330
17
100
AcDbEntity
  8
marco-medio
100
AcDbLine
 10
2.0
 20
-24.41
 30
0.0
 11
13.5
 21
-24.41
 31
0.0
  0
TEXT
  5
D49
330
17
100
AcDbEntity
  8
texto
100
AcDbText
 10
2.0
 20
-24.6
 30
0.0
 40
0.0925
  1
• Muros tarrajeados y pintados (látex acrílico, 2 manos).
100
AcDbText
  0
TEXT
  5
D4A
330
17
100
AcDbEntity
  8
texto
100
AcDbText
 10
2.0
 20
-24.765
 30
0.0
 40
0.0925
  1
• Sobrecimiento visto de concreto 1:8 + 25 % P.M.
100
AcDbText
  0
TEXT
  5
D4B
330
17
100
AcDbEntity
  8
texto
100
AcDbText
 10
2.0
 20
-24.930000000000003
 30
0.0
 40
0.0925
  1
• Parapeto de azotea con albardilla de concreto.
100
AcDbText
  0
TEXT
  5
D4C
330
17
100
AcDbEntity
  8
texto
100
AcDbText
 10
2.0
 20
-25.095000000000002
 30
0.0
 40
0.0925
  1
• Bajantes pluviales PVC Ø 4" y montantes empotradas.
100
AcDbText
  0
TEXT
  5
D4D
330
17
100
AcDbEntity
  8
texto
100
AcDbText
 10
2.0
 20
-25.260000000000005
 30
0.0
 40
0.0925
  1
• Ventanas de aluminio con vidrio templado de 6 mm.
100
AcDbText
  0
LWPOLYLINE
  5
D4E
330
17
100
AcDbEntity
  8
marco-medio
100
AcDbPolyline
 90
4
 70
1
 10
12.5
 20
-24.3
 10
13.5
 20
-24.3
 10
13.5
 20
-24.450000000000003
 10
12.5
 20
-24.450000000000003
  0
LINE
  5
D4F
330
17
100
AcDbEntity
  8
hatch
100
AcDbLine
 10
13.358578643762687
 20
-24.450000000000003
 30
0.0
 11
13.5
 21
-24.30857864376269
 31
0.0
  0
LINE
  5
D50
330
17
100
AcDbEntity
  8
hatch
100
AcDbLine
 10
13.217157287525383
 20
-24.45
 30
0.0
 11
13.367157287525385
 21
-24.299999999999997
 31
0.0
  0
LINE
  5
D51
330
17
100
AcDbEntity
  8
hatch
100
AcDbLine
 10
13.075735931288069
 20
-24.450000000000003
 30
0.0
 11
13.225735931288073
 21
-24.299999999999997
 31
0.0
  0
LINE
  5
D52
330
17
100
AcDbEntity
  8
hatch
100
AcDbLine
 10
12.934314575050763
 20
-24.450000000000003
 30
0.0
 11
13.084314575050769
 21
-24.3
 31
0.0
  0
LINE
  5
D53
330
17
100
AcDbEntity
  8
hatch
100
AcDbLine
 10
12.79289321881345
 20
-24.450000000000003
 30
0.0
 11
12.942893218813456
 21
-24.299999999999997
 31
0.0
  0
LINE
  5
D54
330
17
100
AcDbEntity
  8
hatch
100
AcDbLine
 10
12.651471862576141
 20
-24.450000000000003
 30
0.0
 11
12.801471862576143
 21
-24.299999999999997
 31
0.0
  0
LINE
  5
D55
330
17
100
AcDbEntity
  8
hatch
100
AcDbLine
 10
12.510050506338832
 20
-24.450000000000003
 30
0.0
 11
12.660050506338838
 21
-24.299999999999997
 31
0.0
  0
LINE
  5
D56
330
17
100
AcDbEntity
  8
hatch
100
AcDbLine
 10
12.499999999999998
 20
-24.318629150101525
 30
0.0
 11
12.518629150101527
 21
-24.299999999999997
 31
0.0
  0
LWPOLYLINE
  5
D57
330
17
100
AcDbEntity
  8
marco-medio
100
AcDbPolyline
 90
4
 70
1
 10
12.5
 20
-24.3
 10
13.5
 20
-24.3
 10
13.5
 20
-24.450000000000003
 10
12.5
 20
-24.450000000000003
  0
LWPOLYLINE
  5
D58
330
17
100
AcDbEntity
  8
sombra
100
AcDbPolyline
 90
4
 70
1
 10
13.5
 20
-24.3
 10
14.5
 20
-24.3
 10
14.5
 20
-24.450000000000003
 10
13.5
 20
-24.450000000000003
  0
LINE
  5
D59
330
17
100
AcDbEntity
  8
hatch
100
AcDbLine
 10
14.358578643762687
 20
-24.450000000000003
 30
0.0
 11
14.500000000000002
 21
-24.308578643762687
 31
0.0
  0
LINE
  5
D5A
330
17
100
AcDbEntity
  8
hatch
100
AcDbLine
 10
14.21715728752538
 20
-24.45
 30
0.0
 11
14.36715728752538
 21
-24.3
 31
0.0
  0
LINE
  5
D5B
330
17
100
AcDbEntity
  8
hatch
100
AcDbLine
 10
14.075735931288069
 20
-24.450000000000003
 30
0.0
 11
14.225735931288071
 21
-24.3
 31
0.0
  0
LINE
  5
D5C
330
17
100
AcDbEntity
  8
hatch
100
AcDbLine
 10
13.934314575050761
 20
-24.45
 30
0.0
 11
14.084314575050762
 21
-24.299999999999997
 31
0.0
  0
LINE
  5
D5D
330
17
100
AcDbEntity
  8
hatch
100
AcDbLine
 10
13.79289321881345
 20
-24.450000000000003
 30
0.0
 11
13.942893218813452
 21
-24.3
 31
0.0
  0
LINE
  5
D5E
330
17
100
AcDbEntity
  8
hatch
100
AcDbLine
 10
13.651471862576141
 20
-24.450000000000003
 30
0.0
 11
13.801471862576141
 21
-24.3
 31
0.0
  0
LINE
  5
D5F
330
17
100
AcDbEntity
  8
hatch
100
AcDbLine
 10
13.510050506338832
 20
-24.450000000000003
 30
0.0
 11
13.660050506338834
 21
-24.3
 31
0.0
  0
LINE
  5
D60
330
17
100
AcDbEntity
  8
hatch
100
AcDbLine
 10
13.5
 20
-24.318629150101522
 30
0.0
 11
13.518629150101525
 21
-24.3
 31
0.0
  0
LWPOLYLINE
  5
D61
330
17
100
AcDbEntity
  8
marco-medio
100
AcDbPolyline
 90
4
 70
1
 10
13.5
 20
-24.3
 10
14.5
 20
-24.3
 10
14.5
 20
-24.450000000000003
 10
13.5
 20
-24.450000000000003
  0
LWPOLYLINE
  5
D62
330
17
100
AcDbEntity
  8
marco-medio
100
AcDbPolyline
 90
4
 70
1
 10
14.5
 20
-24.3
 10
15.5
 20
-24.3
 10
15.5
 20
-24.450000000000003
 10
14.5
 20
-24.450000000000003
  0
LINE
  5
D63
330
17
100
AcDbEntity
  8
hatch
100
AcDbLine
 10
15.358578643762687
 20
-24.450000000000003
 30
0.0
 11
15.5
 21
-24.30857864376269
 31
0.0
  0
LINE
  5
D64
330
17
100
AcDbEntity
  8
hatch
100
AcDbLine
 10
15.217157287525385
 20
-24.450000000000003
 30
0.0
 11
15.367157287525387
 21
-24.3
 31
0.0
  0
LINE
  5
D65
330
17
100
AcDbEntity
  8
hatch
100
AcDbLine
 10
15.07573593128807
 20
-24.45
 30
0.0
 11
15.225735931288071
 21
-24.299999999999997
 31
0.0
  0
LINE
  5
D66
330
17
100
AcDbEntity
  8
hatch
100
AcDbLine
 10
14.934314575050767
 20
-24.450000000000003
 30
0.0
 11
15.084314575050769
 21
-24.3
 31
0.0
  0
LINE
  5
D67
330
17
100
AcDbEntity
  8
hatch
100
AcDbLine
 10
14.792893218813454
 20
-24.45
 30
0.0
 11
14.942893218813452
 21
-24.299999999999997
 31
0.0
  0
LINE
  5
D68
330
17
100
AcDbEntity
  8
hatch
100
AcDbLine
 10
14.651471862576143
 20
-24.45
 30
0.0
 11
14.801471862576143
 21
-24.3
 31
0.0
  0
LINE
  5
D69
330
17
100
AcDbEntity
  8
hatch
100
AcDbLine
 10
14.510050506338839
 20
-24.45
 30
0.0
 11
14.660050506338838
 21
-24.299999999999997
 31
0.0
  0
LINE
  5
D6A
330
17
100
AcDbEntity
  8
hatch
100
AcDbLine
 10
14.5
 20
-24.318629150101522
 30
0.0
 11
14.518629150101525
 21
-24.3
 31
0.0
  0
LWPOLYLINE
  5
D6B
330
17
100
AcDbEntity
  8
marco-medio
100
AcDbPolyline
 90
4
 70
1
 10
14.5
 20
-24.3
 10
15.5
 20
-24.3
 10
15.5
 20
-24.450000000000003
 10
14.5
 20
-24.450000000000003
  0
LWPOLYLINE
  5
D6C
330
17
100
AcDbEntity
  8
sombra
100
AcDbPolyline
 90
4
 70
1
 10
15.5
 20
-24.3
 10
16.5
 20
-24.3
 10
16.5
 20
-24.450000000000003
 10
15.5
 20
-24.450000000000003
  0
LINE
  5
D6D
330
17
100
AcDbEntity
  8
hatch
100
AcDbLine
 10
16.358578643762687
 20
-24.450000000000003
 30
0.0
 11
16.5
 21
-24.30857864376269
 31
0.0
  0
LINE
  5
D6E
330
17
100
AcDbEntity
  8
hatch
100
AcDbLine
 10
16.21715728752538
 20
-24.45
 30
0.0
 11
16.36715728752538
 21
-24.299999999999997
 31
0.0
  0
LINE
  5
D6F
330
17
100
AcDbEntity
  8
hatch
100
AcDbLine
 10
16.07573593128807
 20
-24.450000000000003
 30
0.0
 11
16.22573593128807
 21
-24.3
 31
0.0
  0
LINE
  5
D70
330
17
100
AcDbEntity
  8
hatch
100
AcDbLine
 10
15.934314575050765
 20
-24.45
 30
0.0
 11
16.08431457505077
 21
-24.299999999999997
 31
0.0
  0
LINE
  5
D71
330
17
100
AcDbEntity
  8
hatch
100
AcDbLine
 10
15.79289321881345
 20
-24.450000000000003
 30
0.0
 11
15.942893218813452
 21
-24.299999999999997
 31
0.0
  0
LINE
  5
D72
330
17
100
AcDbEntity
  8
hatch
100
AcDbLine
 10
15.651471862576141
 20
-24.450000000000003
 30
0.0
 11
15.801471862576143
 21
-24.3
 31
0.0
  0
LINE
  5
D73
330
17
100
AcDbEntity
  8
hatch
100
AcDbLine
 10
15.510050506338832
 20
-24.450000000000003
 30
0.0
 11
15.660050506338834
 21
-24.299999999999997
 31
0.0
  0
LINE
  5
D74
330
17
100
AcDbEntity
  8
hatch
100
AcDbLine
 10
15.500000000000002
 20
-24.318629150101522
 30
0.0
 11
15.518629150101525
 21
-24.3
 31
0.0
  0
LWPOLYLINE
  5
D75
330
17
100
AcDbEntity
  8
marco-medio
100
AcDbPolyline
 90
4
 70
1
 10
15.5
 20
-24.3
 10
16.5
 20
-24.3
 10
16.5
 20
-24.450000000000003
 10
15.5
 20
-24.450000000000003
  0
LWPOLYLINE
  5
D76
330
17
100
AcDbEntity
  8
marco-medio
100
AcDbPolyline
 90
4
 70
1
 10
16.5
 20
-24.3
 10
17.5
 20
-24.3
 10
17.5
 20
-24.450000000000003
 10
16.5
 20
-24.450000000000003
  0
LINE
  5
D77
330
17
100
AcDbEntity
  8
hatch
100
AcDbLine
 10
17.358578643762687
 20
-24.450000000000003
 30
0.0
 11
17.499999999999996
 21
-24.308578643762694
 31
0.0
  0
LINE
  5
D78
330
17
100
AcDbEntity
  8
hatch
100
AcDbLine
 10
17.217157287525385
 20
-24.450000000000003
 30
0.0
 11
17.367157287525387
 21
-24.299999999999997
 31
0.0
  0
LINE
  5
D79
330
17
100
AcDbEntity
  8
hatch
100
AcDbLine
 10
17.075735931288072
 20
-24.45
 30
0.0
 11
17.225735931288078
 21
-24.299999999999997
 31
0.0
  0
LINE
  5
D7A
330
17
100
AcDbEntity
  8
hatch
100
AcDbLine
 10
16.934314575050767
 20
-24.450000000000003
 30
0.0
 11
17.08431457505077
 21
-24.3
 31
0.0
  0
LINE
  5
D7B
330
17
100
AcDbEntity
  8
hatch
100
AcDbLine
 10
16.792893218813454
 20
-24.450000000000003
 30
0.0
 11
16.94289321881346
 21
-24.3
 31
0.0
  0
LINE
  5
D7C
330
17
100
AcDbEntity
  8
hatch
100
AcDbLine
 10
16.65147186257614
 20
-24.450000000000003
 30
0.0
 11
16.801471862576143
 21
-24.299999999999997
 31
0.0
  0
LINE
  5
D7D
330
17
100
AcDbEntity
  8
hatch
100
AcDbLine
 10
16.51005050633884
 20
-24.450000000000003
 30
0.0
 11
16.66005050633884
 21
-24.3
 31
0.0
  0
LINE
  5
D7E
330
17
100
AcDbEntity
  8
hatch
100
AcDbLine
 10
16.499999999999996
 20
-24.318629150101525
 30
0.0
 11
16.518629150101525
 21
-24.299999999999997
 31
0.0
  0
LWPOLYLINE
  5
D7F
330
17
100
AcDbEntity
  8
marco-medio
100
AcDbPolyline
 90
4
 70
1
 10
16.5
 20
-24.3
 10
17.5
 20
-24.3
 10
17.5
 20
-24.450000000000003
 10
16.5
 20
-24.450000000000003
  0
TEXT
  5
D80
330
17
100
AcDbEntity
  8
texto
100
AcDbText
 10
12.425
 20
-24.42
 30
0.0
 40
0.1
  1
0
 72
2
100
AcDbText
  0
TEXT
  5
D81
330
17
100
AcDbEntity
  8
texto
100
AcDbText
 10
17.575
 20
-24.42
 30
0.0
 40
0.1
  1
5 m
100
AcDbText
  0
LWPOLYLINE
  5
D82
330
17
100
AcDbEntity
  8
marco-fino
100
AcDbPolyline
 90
4
 70
1
 10
12.5
 20
-25.0
 10
20.700000000000003
 20
-25.0
 10
20.700000000000003
 20
-25.25
 10
12.5
 20
-25.25
  0
LWPOLYLINE
  5
D83
330
17
100
AcDbEntity
  8
sombra
100
AcDbPolyline
 90
4
 70
1
 10
12.5
 20
-25.0
 10
20.700000000000003
 20
-25.0
 10
20.700000000000003
 20
-25.25
 10
12.5
 20
-25.25
  0
LINE
  5
D84
330
17
100
AcDbEntity
  8
hatch
100
AcDbLine
 10
20.558578643762694
 20
-25.250000000000004
 30
0.0
 11
20.700000000000006
 21
-25.10857864376269
 31
0.0
  0
LINE
  5
D85
330
17
100
AcDbEntity
  8
hatch
100
AcDbLine
 10
20.41715728752538
 20
-25.25
 30
0.0
 11
20.66715728752538
 21
-25.0
 31
0.0
  0
LINE
  5
D86
330
17
100
AcDbEntity
  8
hatch
100
AcDbLine
 10
20.275735931288082
 20
-25.250000000000004
 30
0.0
 11
20.525735931288082
 21
-25.0
 31
0.0
  0
LINE
  5
D87
330
17
100
AcDbEntity
  8
hatch
100
AcDbLine
 10
20.13431457505077
 20
-25.25
 30
0.0
 11
20.38431457505077
 21
-25.0
 31
0.0
  0
LINE
  5
D88
330
17
100
AcDbEntity
  8
hatch
100
AcDbLine
 10
19.992893218813457
 20
-25.250000000000004
 30
0.0
 11
20.24289321881346
 21
-25.0
 31
0.0
  0
LINE
  5
D89
330
17
100
AcDbEntity
  8
hatch
100
AcDbLine
 10
19.851471862576147
 20
-25.250000000000004
 30
0.0
 11
20.101471862576147
 21
-25.0
 31
0.0
  0
LINE
  5
D8A
330
17
100
AcDbEntity
  8
hatch
100
AcDbLine
 10
19.71005050633884
 20
-25.25
 30
0.0
 11
19.960050506338842
 21
-25.0
 31
0.0
  0
LINE
  5
D8B
330
17
100
AcDbEntity
  8
hatch
100
AcDbLine
 10
19.56862915010153
 20
-25.250000000000004
 30
0.0
 11
19.818629150101533
 21
-25.0
 31
0.0
  0
LINE
  5
D8C
330
17
100
AcDbEntity
  8
hatch
100
AcDbLine
 10
19.42720779386422
 20
-25.25
 30
0.0
 11
19.677207793864223
 21
-25.0
 31
0.0
  0
LINE
  5
D8D
330
17
100
AcDbEntity
  8
hatch
100
AcDbLine
 10
19.28578643762691
 20
-25.250000000000004
 30
0.0
 11
19.535786437626914
 21
-25.0
 31
0.0
  0
LINE
  5
D8E
330
17
100
AcDbEntity
  8
hatch
100
AcDbLine
 10
19.144365081389598
 20
-25.25
 30
0.0
 11
19.394365081389598
 21
-25.0
 31
0.0
  0
LINE
  5
D8F
330
17
100
AcDbEntity
  8
hatch
100
AcDbLine
 10
19.002943725152292
 20
-25.250000000000004
 30
0.0
 11
19.252943725152296
 21
-25.0
 31
0.0
  0
LINE
  5
D90
330
17
100
AcDbEntity
  8
hatch
100
AcDbLine
 10
18.86152236891498
 20
-25.25
 30
0.0
 11
19.11152236891498
 21
-25.0
 31
0.0
  0
LINE
  5
D91
330
17
100
AcDbEntity
  8
hatch
100
AcDbLine
 10
18.720101012677674
 20
-25.250000000000004
 30
0.0
 11
18.970101012677677
 21
-25.0
 31
0.0
  0
LINE
  5
D92
330
17
100
AcDbEntity
  8
hatch
100
AcDbLine
 10
18.57867965644036
 20
-25.25
 30
0.0
 11
18.82867965644036
 21
-24.999999999999996
 31
0.0
  0
LINE
  5
D93
330
17
100
AcDbEntity
  8
hatch
100
AcDbLine
 10
18.437258300203048
 20
-25.25
 30
0.0
 11
18.68725830020305
 21
-25.0
 31
0.0
  0
LINE
  5
D94
330
17
100
AcDbEntity
  8
hatch
100
AcDbLine
 10
18.295836943965746
 20
-25.250000000000004
 30
0.0
 11
18.545836943965746
 21
-25.0
 31
0.0
  0
LINE
  5
D95
330
17
100
AcDbEntity
  8
hatch
100
AcDbLine
 10
18.154415587728433
 20
-25.25
 30
0.0
 11
18.404415587728433
 21
-25.0
 31
0.0
  0
LINE
  5
D96
330
17
100
AcDbEntity
  8
hatch
100
AcDbLine
 10
18.012994231491128
 20
-25.250000000000004
 30
0.0
 11
18.262994231491128
 21
-25.0
 31
0.0
  0
LINE
  5
D97
330
17
100
AcDbEntity
  8
hatch
100
AcDbLine
 10
17.871572875253815
 20
-25.25
 30
0.0
 11
18.121572875253815
 21
-25.0
 31
0.0
  0
LINE
  5
D98
330
17
100
AcDbEntity
  8
hatch
100
AcDbLine
 10
17.730151519016502
 20
-25.25
 30
0.0
 11
17.980151519016506
 21
-25.0
 31
0.0
  0
LINE
  5
D99
330
17
100
AcDbEntity
  8
hatch
100
AcDbLine
 10
17.588730162779196
 20
-25.25
 30
0.0
 11
17.838730162779196
 21
-25.0
 31
0.0
  0
LINE
  5
D9A
330
17
100
AcDbEntity
  8
hatch
100
AcDbLine
 10
17.447308806541884
 20
-25.25
 30
0.0
 11
17.697308806541887
 21
-25.0
 31
0.0
  0
LINE
  5
D9B
330
17
100
AcDbEntity
  8
hatch
100
AcDbLine
 10
17.305887450304578
 20
-25.25
 30
0.0
 11
17.555887450304578
 21
-25.0
 31
0.0
  0
LINE
  5
D9C
330
17
100
AcDbEntity
  8
hatch
100
AcDbLine
 10
17.164466094067265
 20
-25.25
 30
0.0
 11
17.41446609406727
 21
-25.0
 31
0.0
  0
LINE
  5
D9D
330
17
100
AcDbEntity
  8
hatch
100
AcDbLine
 10
17.023044737829956
 20
-25.250000000000004
 30
0.0
 11
17.27304473782996
 21
-25.0
 31
0.0
  0
LINE
  5
D9E
330
17
100
AcDbEntity
  8
hatch
100
AcDbLine
 10
16.881623381592647
 20
-25.25
 30
0.0
 11
17.13162338159265
 21
-25.0
 31
0.0
  0
LINE
  5
D9F
330
17
100
AcDbEntity
  8
hatch
100
AcDbLine
 10
16.740202025355337
 20
-25.25
 30
0.0
 11
16.99020202535534
 21
-25.0
 31
0.0
  0
LINE
  5
DA0
330
17
100
AcDbEntity
  8
hatch
100
AcDbLine
 10
16.598780669118028
 20
-25.25
 30
0.0
 11
16.84878066911803
 21
-25.0
 31
0.0
  0
LINE
  5
DA1
330
17
100
AcDbEntity
  8
hatch
100
AcDbLine
 10
16.45735931288072
 20
-25.25
 30
0.0
 11
16.707359312880723
 21
-25.0
 31
0.0
  0
LINE
  5
DA2
330
17
100
AcDbEntity
  8
hatch
100
AcDbLine
 10
16.31593795664341
 20
-25.250000000000004
 30
0.0
 11
16.56593795664341
 21
-25.0
 31
0.0
  0
LINE
  5
DA3
330
17
100
AcDbEntity
  8
hatch
100
AcDbLine
 10
16.1745166004061
 20
-25.25
 30
0.0
 11
16.424516600406104
 21
-25.0
 31
0.0
  0
LINE
  5
DA4
330
17
100
AcDbEntity
  8
hatch
100
AcDbLine
 10
16.03309524416879
 20
-25.250000000000004
 30
0.0
 11
16.28309524416879
 21
-25.0
 31
0.0
  0
LINE
  5
DA5
330
17
100
AcDbEntity
  8
hatch
100
AcDbLine
 10
15.891673887931482
 20
-25.25
 30
0.0
 11
16.141673887931486
 21
-25.0
 31
0.0
  0
LINE
  5
DA6
330
17
100
AcDbEntity
  8
hatch
100
AcDbLine
 10
15.750252531694173
 20
-25.250000000000004
 30
0.0
 11
16.000252531694173
 21
-25.0
 31
0.0
  0
LINE
  5
DA7
330
17
100
AcDbEntity
  8
hatch
100
AcDbLine
 10
15.60883117545686
 20
-25.25
 30
0.0
 11
15.85883117545686
 21
-25.0
 31
0.0
  0
LINE
  5
DA8
330
17
100
AcDbEntity
  8
hatch
100
AcDbLine
 10
15.467409819219554
 20
-25.250000000000004
 30
0.0
 11
15.717409819219558
 21
-25.0
 31
0.0
  0
LINE
  5
DA9
330
17
100
AcDbEntity
  8
hatch
100
AcDbLine
 10
15.325988462982242
 20
-25.25
 30
0.0
 11
15.575988462982242
 21
-25.0
 31
0.0
  0
LINE
  5
DAA
330
17
100
AcDbEntity
  8
hatch
100
AcDbLine
 10
15.184567106744936
 20
-25.25
 30
0.0
 11
15.43456710674494
 21
-25.0
 31
0.0
  0
LINE
  5
DAB
330
17
100
AcDbEntity
  8
hatch
100
AcDbLine
 10
15.043145750507627
 20
-25.25
 30
0.0
 11
15.293145750507628
 21
-24.999999999999996
 31
0.0
  0
LINE
  5
DAC
330
17
100
AcDbEntity
  8
hatch
100
AcDbLine
 10
14.901724394270312
 20
-25.25
 30
0.0
 11
15.151724394270314
 21
-25.0
 31
0.0
  0
LINE
  5
DAD
330
17
100
AcDbEntity
  8
hatch
100
AcDbLine
 10
14.760303038033008
 20
-25.250000000000004
 30
0.0
 11
15.01030303803301
 21
-25.0
 31
0.0
  0
LINE
  5
DAE
330
17
100
AcDbEntity
  8
hatch
100
AcDbLine
 10
14.618881681795694
 20
-25.25
 30
0.0
 11
14.868881681795695
 21
-25.0
 31
0.0
  0
LINE
  5
DAF
330
17
100
AcDbEntity
  8
hatch
100
AcDbLine
 10
14.47746032555839
 20
-25.250000000000004
 30
0.0
 11
14.727460325558392
 21
-25.0
 31
0.0
  0
LINE
  5
DB0
330
17
100
AcDbEntity
  8
hatch
100
AcDbLine
 10
14.336038969321077
 20
-25.25
 30
0.0
 11
14.586038969321077
 21
-25.0
 31
0.0
  0
LINE
  5
DB1
330
17
100
AcDbEntity
  8
hatch
100
AcDbLine
 10
14.194617613083764
 20
-25.25
 30
0.0
 11
14.444617613083768
 21
-25.0
 31
0.0
  0
LINE
  5
DB2
330
17
100
AcDbEntity
  8
hatch
100
AcDbLine
 10
14.053196256846459
 20
-25.25
 30
0.0
 11
14.303196256846459
 21
-25.0
 31
0.0
  0
LINE
  5
DB3
330
17
100
AcDbEntity
  8
hatch
100
AcDbLine
 10
13.911774900609146
 20
-25.25
 30
0.0
 11
14.16177490060915
 21
-25.0
 31
0.0
  0
LINE
  5
DB4
330
17
100
AcDbEntity
  8
hatch
100
AcDbLine
 10
13.770353544371844
 20
-25.25
 30
0.0
 11
14.020353544371844
 21
-25.0
 31
0.0
  0
LINE
  5
DB5
330
17
100
AcDbEntity
  8
hatch
100
AcDbLine
 10
13.62893218813453
 20
-25.25
 30
0.0
 11
13.878932188134531
 21
-25.0
 31
0.0
  0
LINE
  5
DB6
330
17
100
AcDbEntity
  8
hatch
100
AcDbLine
 10
13.487510831897218
 20
-25.250000000000004
 30
0.0
 11
13.737510831897222
 21
-25.0
 31
0.0
  0
LINE
  5
DB7
330
17
100
AcDbEntity
  8
hatch
100
AcDbLine
 10
13.34608947565991
 20
-25.25
 30
0.0
 11
13.596089475659912
 21
-25.0
 31
0.0
  0
LINE
  5
DB8
330
17
100
AcDbEntity
  8
hatch
100
AcDbLine
 10
13.2046681194226
 20
-25.25
 30
0.0
 11
13.454668119422603
 21
-25.0
 31
0.0
  0
LINE
  5
DB9
330
17
100
AcDbEntity
  8
hatch
100
AcDbLine
 10
13.063246763185292
 20
-25.25
 30
0.0
 11
13.313246763185294
 21
-25.0
 31
0.0
  0
LINE
  5
DBA
330
17
100
AcDbEntity
  8
hatch
100
AcDbLine
 10
12.921825406947981
 20
-25.25
 30
0.0
 11
13.171825406947985
 21
-25.0
 31
0.0
  0
LINE
  5
DBB
330
17
100
AcDbEntity
  8
hatch
100
AcDbLine
 10
12.780404050710672
 20
-25.250000000000004
 30
0.0
 11
13.030404050710674
 21
-25.0
 31
0.0
  0
LINE
  5
DBC
330
17
100
AcDbEntity
  8
hatch
100
AcDbLine
 10
12.638982694473363
 20
-25.25
 30
0.0
 11
12.888982694473366
 21
-25.0
 31
0.0
  0
LINE
  5
DBD
330
17
100
AcDbEntity
  8
hatch
100
AcDbLine
 10
12.500000000000002
 20
-25.247561338236054
 30
0.0
 11
12.747561338236055
 21
-25.0
 31
0.0
  0
LINE
  5
DBE
330
17
100
AcDbEntity
  8
hatch
100
AcDbLine
 10
12.5
 20
-25.106139981998744
 30
0.0
 11
12.606139981998748
 21
-25.0
 31
0.0
  0
LWPOLYLINE
  5
DBF
330
17
100
AcDbEntity
  8
marco-fino
100
AcDbPolyline
 90
4
 70
1
 10
12.5
 20
-25.0
 10
20.700000000000003
 20
-25.0
 10
20.700000000000003
 20
-25.25
 10
12.5
 20
-25.25
  0
TEXT
  5
DC0
330
17
100
AcDbEntity
  8
texto
100
AcDbText
 10
12.8
 20
-25.17
 30
0.0
 40
0.0875
  1
Nº
 72
1
 11
12.8
 21
-25.17
 31
0.0
100
AcDbText
  0
TEXT
  5
DC1
330
17
100
AcDbEntity
  8
texto
100
AcDbText
 10
14.4
 20
-25.17
 30
0.0
 40
0.0875
  1
Tipo de carpintería
 72
1
 11
14.4
 21
-25.17
 31
0.0
100
AcDbText
  0
TEXT
  5
DC2
330
17
100
AcDbEntity
  8
texto
100
AcDbText
 10
16.35
 20
-25.17
 30
0.0
 40
0.0875
  1
Medidas
 72
1
 11
16.35
 21
-25.17
 31
0.0
100
AcDbText
  0
TEXT
  5
DC3
330
17
100
AcDbEntity
  8
texto
100
AcDbText
 10
18.5
 20
-25.17
 30
0.0
 40
0.0875
  1
Ubicación
 72
1
 11
18.5
 21
-25.17
 31
0.0
100
AcDbText
  0
TEXT
  5
DC4
330
17
100
AcDbEntity
  8
texto
100
AcDbText
 10
20.35
 20
-25.17
 30
0.0
 40
0.0875
  1
Cant.
 72
1
 11
20.35
 21
-25.17
 31
0.0
100
AcDbText
  0
LINE
  5
DC5
330
17
100
AcDbEntity
  8
marco-fino
100
AcDbLine
 10
13.100000000000001
 20
-25.0
 30
0.0
 11
13.100000000000001
 21
-25.25
 31
0.0
  0
LINE
  5
DC6
330
17
100
AcDbEntity
  8
marco-fino
100
AcDbLine
 10
15.700000000000001
 20
-25.0
 30
0.0
 11
15.700000000000001
 21
-25.25
 31
0.0
  0
LINE
  5
DC7
330
17
100
AcDbEntity
  8
marco-fino
100
AcDbLine
 10
17.0
 20
-25.0
 30
0.0
 11
17.0
 21
-25.25
 31
0.0
  0
LINE
  5
DC8
330
17
100
AcDbEntity
  8
marco-fino
100
AcDbLine
 10
20.0
 20
-25.0
 30
0.0
 11
20.0
 21
-25.25
 31
0.0
  0
LWPOLYLINE
  5
DC9
330
17
100
AcDbEntity
  8
marco-fino
100
AcDbPolyline
 90
4
 70
1
 10
12.5
 20
-25.25
 10
20.700000000000003
 20
-25.25
 10
20.700000000000003
 20
-25.465000000000003
 10
12.5
 20
-25.465000000000003
  0
TEXT
  5
DCA
330
17
100
AcDbEntity
  8
texto
100
AcDbText
 10
12.8
 20
-25.4025
 30
0.0
 40
0.0875
  1
P-1
 72
1
 11
12.8
 21
-25.4025
 31
0.0
100
AcDbText
  0
TEXT
  5
DCB
330
17
100
AcDbEntity
  8
texto
100
AcDbText
 10
14.4
 20
-25.4025
 30
0.0
 40
0.0875
  1
Puerta de 1 hoja
 72
1
 11
14.4
 21
-25.4025
 31
0.0
100
AcDbText
  0
TEXT
  5
DCC
330
17
100
AcDbEntity
  8
texto
100
AcDbText
 10
16.35
 20
-25.4025
 30
0.0
 40
0.0875
  1
0,90 × 2,10
 72
1
 11
16.35
 21
-25.4025
 31
0.0
100
AcDbText
  0
TEXT
  5
DCD
330
17
100
AcDbEntity
  8
texto
100
AcDbText
 10
18.5
 20
-25.4025
 30
0.0
 40
0.0875
  1
Dormitorios, depósito, lavandería
 72
1
 11
18.5
 21
-25.4025
 31
0.0
100
AcDbText
  0
TEXT
  5
DCE
330
17
100
AcDbEntity
  8
texto
100
AcDbText
 10
20.35
 20
-25.4025
 30
0.0
 40
0.0875
  1
20
 72
1
 11
20.35
 21
-25.4025
 31
0.0
100
AcDbText
  0
LINE
  5
DCF
330
17
100
AcDbEntity
  8
marco-fino
100
AcDbLine
 10
13.100000000000001
 20
-25.25
 30
0.0
 11
13.100000000000001
 21
-25.465000000000003
 31
0.0
  0
LINE
  5
DD0
330
17
100
AcDbEntity
  8
marco-fino
100
AcDbLine
 10
15.700000000000001
 20
-25.25
 30
0.0
 11
15.700000000000001
 21
-25.465000000000003
 31
0.0
  0
LINE
  5
DD1
330
17
100
AcDbEntity
  8
marco-fino
100
AcDbLine
 10
17.0
 20
-25.25
 30
0.0
 11
17.0
 21
-25.465000000000003
 31
0.0
  0
LINE
  5
DD2
330
17
100
AcDbEntity
  8
marco-fino
100
AcDbLine
 10
20.0
 20
-25.25
 30
0.0
 11
20.0
 21
-25.465000000000003
 31
0.0
  0
LWPOLYLINE
  5
DD3
330
17
100
AcDbEntity
  8
marco-fino
100
AcDbPolyline
 90
4
 70
1
 10
12.5
 20
-25.465000000000003
 10
20.700000000000003
 20
-25.465000000000003
 10
20.700000000000003
 20
-25.680000000000003
 10
12.5
 20
-25.680000000000003
  0
TEXT
  5
DD4
330
17
100
AcDbEntity
  8
texto
100
AcDbText
 10
12.8
 20
-25.617500000000003
 30
0.0
 40
0.0875
  1
P-2
 72
1
 11
12.8
 21
-25.617500000000003
 31
0.0
100
AcDbText
  0
TEXT
  5
DD5
330
17
100
AcDbEntity
  8
texto
100
AcDbText
 10
14.4
 20
-25.617500000000003
 30
0.0
 40
0.0875
  1
Puerta de 1 hoja
 72
1
 11
14.4
 21
-25.617500000000003
 31
0.0
100
AcDbText
  0
TEXT
  5
DD6
330
17
100
AcDbEntity
  8
texto
100
AcDbText
 10
16.35
 20
-25.617500000000003
 30
0.0
 40
0.0875
  1
0,80 × 2,10
 72
1
 11
16.35
 21
-25.617500000000003
 31
0.0
100
AcDbText
  0
TEXT
  5
DD7
330
17
100
AcDbEntity
  8
texto
100
AcDbText
 10
18.5
 20
-25.617500000000003
 30
0.0
 40
0.0875
  1
SS.HH. (por nivel)
 72
1
 11
18.5
 21
-25.617500000000003
 31
0.0
100
AcDbText
  0
TEXT
  5
DD8
330
17
100
AcDbEntity
  8
texto
100
AcDbText
 10
20.35
 20
-25.617500000000003
 30
0.0
 40
0.0875
  1
4
 72
1
 11
20.35
 21
-25.617500000000003
 31
0.0
100
AcDbText
  0
LINE
  5
DD9
330
17
100
AcDbEntity
  8
marco-fino
100
AcDbLine
 10
13.100000000000001
 20
-25.465000000000003
 30
0.0
 11
13.100000000000001
 21
-25.680000000000003
 31
0.0
  0
LINE
  5
DDA
330
17
100
AcDbEntity
  8
marco-fino
100
AcDbLine
 10
15.700000000000001
 20
-25.465000000000003
 30
0.0
 11
15.700000000000001
 21
-25.680000000000003
 31
0.0
  0
LINE
  5
DDB
330
17
100
AcDbEntity
  8
marco-fino
100
AcDbLine
 10
17.0
 20
-25.465000000000003
 30
0.0
 11
17.0
 21
-25.680000000000003
 31
0.0
  0
LINE
  5
DDC
330
17
100
AcDbEntity
  8
marco-fino
100
AcDbLine
 10
20.0
 20
-25.465000000000003
 30
0.0
 11
20.0
 21
-25.680000000000003
 31
0.0
  0
LWPOLYLINE
  5
DDD
330
17
100
AcDbEntity
  8
marco-fino
100
AcDbPolyline
 90
4
 70
1
 10
12.5
 20
-25.680000000000003
 10
20.700000000000003
 20
-25.680000000000003
 10
20.700000000000003
 20
-25.895
 10
12.5
 20
-25.895
  0
TEXT
  5
DDE
330
17
100
AcDbEntity
  8
texto
100
AcDbText
 10
12.8
 20
-25.8325
 30
0.0
 40
0.0875
  1
P-3
 72
1
 11
12.8
 21
-25.8325
 31
0.0
100
AcDbText
  0
TEXT
  5
DDF
330
17
100
AcDbEntity
  8
texto
100
AcDbText
 10
14.4
 20
-25.8325
 30
0.0
 40
0.0875
  1
Puerta de 2 hojas
 72
1
 11
14.4
 21
-25.8325
 31
0.0
100
AcDbText
  0
TEXT
  5
DE0
330
17
100
AcDbEntity
  8
texto
100
AcDbText
 10
16.35
 20
-25.8325
 30
0.0
 40
0.0875
  1
1,80 × 2,40
 72
1
 11
16.35
 21
-25.8325
 31
0.0
100
AcDbText
  0
TEXT
  5
DE1
330
17
100
AcDbEntity
  8
texto
100
AcDbText
 10
18.5
 20
-25.8325
 30
0.0
 40
0.0875
  1
Ingreso principal (vestíbulo)
 72
1
 11
18.5
 21
-25.8325
 31
0.0
100
AcDbText
  0
TEXT
  5
DE2
330
17
100
AcDbEntity
  8
texto
100
AcDbText
 10
20.35
 20
-25.8325
 30
0.0
 40
0.0875
  1
1
 72
1
 11
20.35
 21
-25.8325
 31
0.0
100
AcDbText
  0
LINE
  5
DE3
330
17
100
AcDbEntity
  8
marco-fino
100
AcDbLine
 10
13.100000000000001
 20
-25.680000000000003
 30
0.0
 11
13.100000000000001
 21
-25.895
 31
0.0
  0
LINE
  5
DE4
330
17
100
AcDbEntity
  8
marco-fino
100
AcDbLine
 10
15.700000000000001
 20
-25.680000000000003
 30
0.0
 11
15.700000000000001
 21
-25.895
 31
0.0
  0
LINE
  5
DE5
330
17
100
AcDbEntity
  8
marco-fino
100
AcDbLine
 10
17.0
 20
-25.680000000000003
 30
0.0
 11
17.0
 21
-25.895
 31
0.0
  0
LINE
  5
DE6
330
17
100
AcDbEntity
  8
marco-fino
100
AcDbLine
 10
20.0
 20
-25.680000000000003
 30
0.0
 11
20.0
 21
-25.895
 31
0.0
  0
LWPOLYLINE
  5
DE7
330
17
100
AcDbEntity
  8
marco-fino
100
AcDbPolyline
 90
4
 70
1
 10
12.5
 20
-25.895
 10
20.700000000000003
 20
-25.895
 10
20.700000000000003
 20
-26.11
 10
12.5
 20
-26.11
  0
TEXT
  5
DE8
330
17
100
AcDbEntity
  8
texto
100
AcDbText
 10
12.8
 20
-26.0475
 30
0.0
 40
0.0875
  1
P-4
 72
1
 11
12.8
 21
-26.0475
 31
0.0
100
AcDbText
  0
TEXT
  5
DE9
330
17
100
AcDbEntity
  8
texto
100
AcDbText
 10
14.4
 20
-26.0475
 30
0.0
 40
0.0875
  1
Puerta de 1 hoja
 72
1
 11
14.4
 21
-26.0475
 31
0.0
100
AcDbText
  0
TEXT
  5
DEA
330
17
100
AcDbEntity
  8
texto
100
AcDbText
 10
16.35
 20
-26.0475
 30
0.0
 40
0.0875
  1
1,20 × 2,10
 72
1
 11
16.35
 21
-26.0475
 31
0.0
100
AcDbText
  0
TEXT
  5
DEB
330
17
100
AcDbEntity
  8
texto
100
AcDbText
 10
18.5
 20
-26.0475
 30
0.0
 40
0.0875
  1
Sala de estudio (planta alta)
 72
1
 11
18.5
 21
-26.0475
 31
0.0
100
AcDbText
  0
TEXT
  5
DEC
330
17
100
AcDbEntity
  8
texto
100
AcDbText
 10
20.35
 20
-26.0475
 30
0.0
 40
0.0875
  1
1
 72
1
 11
20.35
 21
-26.0475
 31
0.0
100
AcDbText
  0
LINE
  5
DED
330
17
100
AcDbEntity
  8
marco-fino
100
AcDbLine
 10
13.100000000000001
 20
-25.895
 30
0.0
 11
13.100000000000001
 21
-26.11
 31
0.0
  0
LINE
  5
DEE
330
17
100
AcDbEntity
  8
marco-fino
100
AcDbLine
 10
15.700000000000001
 20
-25.895
 30
0.0
 11
15.700000000000001
 21
-26.11
 31
0.0
  0
LINE
  5
DEF
330
17
100
AcDbEntity
  8
marco-fino
100
AcDbLine
 10
17.0
 20
-25.895
 30
0.0
 11
17.0
 21
-26.11
 31
0.0
  0
LINE
  5
DF0
330
17
100
AcDbEntity
  8
marco-fino
100
AcDbLine
 10
20.0
 20
-25.895
 30
0.0
 11
20.0
 21
-26.11
 31
0.0
  0
LWPOLYLINE
  5
DF1
330
17
100
AcDbEntity
  8
marco-fino
100
AcDbPolyline
 90
4
 70
1
 10
12.5
 20
-26.11
 10
20.700000000000003
 20
-26.11
 10
20.700000000000003
 20
-26.324999999999996
 10
12.5
 20
-26.324999999999996
  0
TEXT
  5
DF2
330
17
100
AcDbEntity
  8
texto
100
AcDbText
 10
12.8
 20
-26.262499999999996
 30
0.0
 40
0.0875
  1
V-1
 72
1
 11
12.8
 21
-26.262499999999996
 31
0.0
100
AcDbText
  0
TEXT
  5
DF3
330
17
100
AcDbEntity
  8
texto
100
AcDbText
 10
14.4
 20
-26.262499999999996
 30
0.0
 40
0.0875
  1
Ventana corredera 2 hojas
 72
1
 11
14.4
 21
-26.262499999999996
 31
0.0
100
AcDbText
  0
TEXT
  5
DF4
330
17
100
AcDbEntity
  8
texto
100
AcDbText
 10
16.35
 20
-26.262499999999996
 30
0.0
 40
0.0875
  1
1,50 × 1,50
 72
1
 11
16.35
 21
-26.262499999999996
 31
0.0
100
AcDbText
  0
TEXT
  5
DF5
330
17
100
AcDbEntity
  8
texto
100
AcDbText
 10
18.5
 20
-26.262499999999996
 30
0.0
 40
0.0875
  1
Dormitorios (ambos niveles)
 72
1
 11
18.5
 21
-26.262499999999996
 31
0.0
100
AcDbText
  0
TEXT
  5
DF6
330
17
100
AcDbEntity
  8
texto
100
AcDbText
 10
20.35
 20
-26.262499999999996
 30
0.0
 40
0.0875
  1
16
 72
1
 11
20.35
 21
-26.262499999999996
 31
0.0
100
AcDbText
  0
LINE
  5
DF7
330
17
100
AcDbEntity
  8
marco-fino
100
AcDbLine
 10
13.100000000000001
 20
-26.11
 30
0.0
 11
13.100000000000001
 21
-26.324999999999996
 31
0.0
  0
LINE
  5
DF8
330
17
100
AcDbEntity
  8
marco-fino
100
AcDbLine
 10
15.700000000000001
 20
-26.11
 30
0.0
 11
15.700000000000001
 21
-26.324999999999996
 31
0.0
  0
LINE
  5
DF9
330
17
100
AcDbEntity
  8
marco-fino
100
AcDbLine
 10
17.0
 20
-26.11
 30
0.0
 11
17.0
 21
-26.324999999999996
 31
0.0
  0
LINE
  5
DFA
330
17
100
AcDbEntity
  8
marco-fino
100
AcDbLine
 10
20.0
 20
-26.11
 30
0.0
 11
20.0
 21
-26.324999999999996
 31
0.0
  0
LWPOLYLINE
  5
DFB
330
17
100
AcDbEntity
  8
marco-fino
100
AcDbPolyline
 90
4
 70
1
 10
12.5
 20
-26.324999999999996
 10
20.700000000000003
 20
-26.324999999999996
 10
20.700000000000003
 20
-26.539999999999992
 10
12.5
 20
-26.539999999999992
  0
TEXT
  5
DFC
330
17
100
AcDbEntity
  8
texto
100
AcDbText
 10
12.8
 20
-26.477499999999992
 30
0.0
 40
0.0875
  1
V-2
 72
1
 11
12.8
 21
-26.477499999999992
 31
0.0
100
AcDbText
  0
TEXT
  5
DFD
330
17
100
AcDbEntity
  8
texto
100
AcDbText
 10
14.4
 20
-26.477499999999992
 30
0.0
 40
0.0875
  1
Ventana alta
 72
1
 11
14.4
 21
-26.477499999999992
 31
0.0
100
AcDbText
  0
TEXT
  5
DFE
330
17
100
AcDbEntity
  8
texto
100
AcDbText
 10
16.35
 20
-26.477499999999992
 30
0.0
 40
0.0875
  1
0,50 × 0,80
 72
1
 11
16.35
 21
-26.477499999999992
 31
0.0
100
AcDbText
  0
TEXT
  5
DFF
330
17
100
AcDbEntity
  8
texto
100
AcDbText
 10
18.5
 20
-26.477499999999992
 30
0.0
 40
0.0875
  1
SS.HH. (por nivel)
 72
1
 11
18.5
 21
-26.477499999999992
 31
0.0
100
AcDbText
  0
TEXT
  5
E00
330
17
100
AcDbEntity
  8
texto
100
AcDbText
 10
20.35
 20
-26.477499999999992
 30
0.0
 40
0.0875
  1
4
 72
1
 11
20.35
 21
-26.477499999999992
 31
0.0
100
AcDbText
  0
LINE
  5
E01
330
17
100
AcDbEntity
  8
marco-fino
100
AcDbLine
 10
13.100000000000001
 20
-26.324999999999996
 30
0.0
 11
13.100000000000001
 21
-26.539999999999992
 31
0.0
  0
LINE
  5
E02
330
17
100
AcDbEntity
  8
marco-fino
100
AcDbLine
 10
15.700000000000001
 20
-26.324999999999996
 30
0.0
 11
15.700000000000001
 21
-26.539999999999992
 31
0.0
  0
LINE
  5
E03
330
17
100
AcDbEntity
  8
marco-fino
100
AcDbLine
 10
17.0
 20
-26.324999999999996
 30
0.0
 11
17.0
 21
-26.539999999999992
 31
0.0
  0
LINE
  5
E04
330
17
100
AcDbEntity
  8
marco-fino
100
AcDbLine
 10
20.0
 20
-26.324999999999996
 30
0.0
 11
20.0
 21
-26.539999999999992
 31
0.0
  0
LWPOLYLINE
  5
E05
330
17
100
AcDbEntity
  8
marco-fino
100
AcDbPolyline
 90
4
 70
1
 10
12.5
 20
-26.539999999999992
 10
20.700000000000003
 20
-26.539999999999992
 10
20.700000000000003
 20
-26.754999999999992
 10
12.5
 20
-26.754999999999992
  0
TEXT
  5
E06
330
17
100
AcDbEntity
  8
texto
100
AcDbText
 10
12.8
 20
-26.692499999999992
 30
0.0
 40
0.0875
  1
V-3
 72
1
 11
12.8
 21
-26.692499999999992
 31
0.0
100
AcDbText
  0
TEXT
  5
E07
330
17
100
AcDbEntity
  8
texto
100
AcDbText
 10
14.4
 20
-26.692499999999992
 30
0.0
 40
0.0875
  1
Ventanal
 72
1
 11
14.4
 21
-26.692499999999992
 31
0.0
100
AcDbText
  0
TEXT
  5
E08
330
17
100
AcDbEntity
  8
texto
100
AcDbText
 10
16.35
 20
-26.692499999999992
 30
0.0
 40
0.0875
  1
2,00 × 1,70
 72
1
 11
16.35
 21
-26.692499999999992
 31
0.0
100
AcDbText
  0
TEXT
  5
E09
330
17
100
AcDbEntity
  8
texto
100
AcDbText
 10
18.5
 20
-26.692499999999992
 30
0.0
 40
0.0875
  1
Sala de estudio (planta alta)
 72
1
 11
18.5
 21
-26.692499999999992
 31
0.0
100
AcDbText
  0
TEXT
  5
E0A
330
17
100
AcDbEntity
  8
texto
100
AcDbText
 10
20.35
 20
-26.692499999999992
 30
0.0
 40
0.0875
  1
1
 72
1
 11
20.35
 21
-26.692499999999992
 31
0.0
100
AcDbText
  0
LINE
  5
E0B
330
17
100
AcDbEntity
  8
marco-fino
100
AcDbLine
 10
13.100000000000001
 20
-26.539999999999992
 30
0.0
 11
13.100000000000001
 21
-26.754999999999992
 31
0.0
  0
LINE
  5
E0C
330
17
100
AcDbEntity
  8
marco-fino
100
AcDbLine
 10
15.700000000000001
 20
-26.539999999999992
 30
0.0
 11
15.700000000000001
 21
-26.754999999999992
 31
0.0
  0
LINE
  5
E0D
330
17
100
AcDbEntity
  8
marco-fino
100
AcDbLine
 10
17.0
 20
-26.539999999999992
 30
0.0
 11
17.0
 21
-26.754999999999992
 31
0.0
  0
LINE
  5
E0E
330
17
100
AcDbEntity
  8
marco-fino
100
AcDbLine
 10
20.0
 20
-26.539999999999992
 30
0.0
 11
20.0
 21
-26.754999999999992
 31
0.0
  0
LWPOLYLINE
  5
E0F
330
17
100
AcDbEntity
  8
marco-fino
100
AcDbPolyline
 90
4
 70
1
 10
12.5
 20
-26.754999999999992
 10
20.700000000000003
 20
-26.754999999999992
 10
20.700000000000003
 20
-26.969999999999988
 10
12.5
 20
-26.969999999999988
  0
TEXT
  5
E10
330
17
100
AcDbEntity
  8
texto
100
AcDbText
 10
12.8
 20
-26.907499999999988
 30
0.0
 40
0.0875
  1
V-4
 72
1
 11
12.8
 21
-26.907499999999988
 31
0.0
100
AcDbText
  0
TEXT
  5
E11
330
17
100
AcDbEntity
  8
texto
100
AcDbText
 10
14.4
 20
-26.907499999999988
 30
0.0
 40
0.0875
  1
Ventanas varias
 72
1
 11
14.4
 21
-26.907499999999988
 31
0.0
100
AcDbText
  0
TEXT
  5
E12
330
17
100
AcDbEntity
  8
texto
100
AcDbText
 10
16.35
 20
-26.907499999999988
 30
0.0
 40
0.0875
  1
0,90 a 1,50
 72
1
 11
16.35
 21
-26.907499999999988
 31
0.0
100
AcDbText
  0
TEXT
  5
E13
330
17
100
AcDbEntity
  8
texto
100
AcDbText
 10
18.5
 20
-26.907499999999988
 30
0.0
 40
0.0875
  1
Servicios, lavandería y escalera
 72
1
 11
18.5
 21
-26.907499999999988
 31
0.0
100
AcDbText
  0
TEXT
  5
E14
330
17
100
AcDbEntity
  8
texto
100
AcDbText
 10
20.35
 20
-26.907499999999988
 30
0.0
 40
0.0875
  1
10
 72
1
 11
20.35
 21
-26.907499999999988
 31
0.0
100
AcDbText
  0
LINE
  5
E15
330
17
100
AcDbEntity
  8
marco-fino
100
AcDbLine
 10
13.100000000000001
 20
-26.754999999999992
 30
0.0
 11
13.100000000000001
 21
-26.969999999999988
 31
0.0
  0
LINE
  5
E16
330
17
100
AcDbEntity
  8
marco-fino
100
AcDbLine
 10
15.700000000000001
 20
-26.754999999999992
 30
0.0
 11
15.700000000000001
 21
-26.969999999999988
 31
0.0
  0
LINE
  5
E17
330
17
100
AcDbEntity
  8
marco-fino
100
AcDbLine
 10
17.0
 20
-26.754999999999992
 30
0.0
 11
17.0
 21
-26.969999999999988
 31
0.0
  0
LINE
  5
E18
330
17
100
AcDbEntity
  8
marco-fino
100
AcDbLine
 10
20.0
 20
-26.754999999999992
 30
0.0
 11
20.0
 21
-26.969999999999988
 31
0.0
  0
LWPOLYLINE
  5
E19
330
17
100
AcDbEntity
  8
sombra
100
AcDbPolyline
 90
4
 70
1
 10
31.950000000000003
 20
-26.0
 10
41.45
 20
-26.0
 10
41.45
 20
-29.1
 10
31.950000000000003
 20
-29.1
  0
LINE
  5
E1A
330
17
100
AcDbEntity
  8
hatch
100
AcDbLine
 10
41.30857864376269
 20
-29.1
 30
0.0
 11
41.45
 21
-28.95857864376269
 31
0.0
  0
LINE
  5
E1B
330
17
100
AcDbEntity
  8
hatch
100
AcDbLine
 10
41.16715728752538
 20
-29.099999999999998
 30
0.0
 11
41.449999999999996
 21
-28.817157287525376
 31
0.0
  0
LINE
  5
E1C
330
17
100
AcDbEntity
  8
hatch
100
AcDbLine
 10
41.025735931288075
 20
-29.099999999999998
 30
0.0
 11
41.449999999999996
 21
-28.675735931288074
 31
0.0
  0
LINE
  5
E1D
330
17
100
AcDbEntity
  8
hatch
100
AcDbLine
 10
40.884314575050766
 20
-29.1
 30
0.0
 11
41.45
 21
-28.534314575050765
 31
0.0
  0
LINE
  5
E1E
330
17
100
AcDbEntity
  8
hatch
100
AcDbLine
 10
40.74289321881345
 20
-29.099999999999998
 30
0.0
 11
41.45
 21
-28.39289321881345
 31
0.0
  0
LINE
  5
E1F
330
17
100
AcDbEntity
  8
hatch
100
AcDbLine
 10
40.60147186257614
 20
-29.099999999999998
 30
0.0
 11
41.45
 21
-28.251471862576135
 31
0.0
  0
LINE
  5
E20
330
17
100
AcDbEntity
  8
hatch
100
AcDbLine
 10
40.46005050633883
 20
-29.1
 30
0.0
 11
41.45
 21
-28.11005050633883
 31
0.0
  0
LINE
  5
E21
330
17
100
AcDbEntity
  8
hatch
100
AcDbLine
 10
40.31862915010153
 20
-29.1
 30
0.0
 11
41.45
 21
-27.968629150101528
 31
0.0
  0
LINE
  5
E22
330
17
100
AcDbEntity
  8
hatch
100
AcDbLine
 10
40.17720779386421
 20
-29.099999999999998
 30
0.0
 11
41.45
 21
-27.82720779386421
 31
0.0
  0
LINE
  5
E23
330
17
100
AcDbEntity
  8
hatch
100
AcDbLine
 10
40.03578643762691
 20
-29.099999999999994
 30
0.0
 11
41.45000000000001
 21
-27.6857864376269
 31
0.0
  0
LINE
  5
E24
330
17
100
AcDbEntity
  8
hatch
100
AcDbLine
 10
39.894365081389594
 20
-29.1
 30
0.0
 11
41.45
 21
-27.544365081389593
 31
0.0
  0
LINE
  5
E25
330
17
100
AcDbEntity
  8
hatch
100
AcDbLine
 10
39.75294372515228
 20
-29.1
 30
0.0
 11
41.45
 21
-27.402943725152276
 31
0.0
  0
LINE
  5
E26
330
17
100
AcDbEntity
  8
hatch
100
AcDbLine
 10
39.611522368914976
 20
-29.099999999999998
 30
0.0
 11
41.45
 21
-27.261522368914974
 31
0.0
  0
LINE
  5
E27
330
17
100
AcDbEntity
  8
hatch
100
AcDbLine
 10
39.470101012677674
 20
-29.099999999999994
 30
0.0
 11
41.45
 21
-27.12010101267766
 31
0.0
  0
LINE
  5
E28
330
17
100
AcDbEntity
  8
hatch
100
AcDbLine
 10
39.32867965644036
 20
-29.1
 30
0.0
 11
41.45
 21
-26.978679656440356
 31
0.0
  0
LINE
  5
E29
330
17
100
AcDbEntity
  8
hatch
100
AcDbLine
 10
39.18725830020304
 20
-29.099999999999998
 30
0.0
 11
41.45
 21
-26.83725830020304
 31
0.0
  0
LINE
  5
E2A
330
17
100
AcDbEntity
  8
hatch
100
AcDbLine
 10
39.04583694396574
 20
-29.099999999999994
 30
0.0
 11
41.45000000000001
 21
-26.695836943965727
 31
0.0
  0
LINE
  5
E2B
330
17
100
AcDbEntity
  8
hatch
100
AcDbLine
 10
38.90441558772844
 20
-29.099999999999994
 30
0.0
 11
41.45000000000001
 21
-26.554415587728425
 31
0.0
  0
LINE
  5
E2C
330
17
100
AcDbEntity
  8
hatch
100
AcDbLine
 10
38.76299423149112
 20
-29.1
 30
0.0
 11
41.45
 21
-26.41299423149112
 31
0.0
  0
LINE
  5
E2D
330
17
100
AcDbEntity
  8
hatch
100
AcDbLine
 10
38.621572875253804
 20
-29.099999999999998
 30
0.0
 11
41.45
 21
-26.271572875253803
 31
0.0
  0
LINE
  5
E2E
330
17
100
AcDbEntity
  8
hatch
100
AcDbLine
 10
38.4801515190165
 20
-29.099999999999994
 30
0.0
 11
41.45000000000001
 21
-26.13015151901649
 31
0.0
  0
LINE
  5
E2F
330
17
100
AcDbEntity
  8
hatch
100
AcDbLine
 10
38.338730162779186
 20
-29.1
 30
0.0
 11
41.43873016277918
 21
-26.000000000000007
 31
0.0
  0
LINE
  5
E30
330
17
100
AcDbEntity
  8
hatch
100
AcDbLine
 10
38.19730880654188
 20
-29.1
 30
0.0
 11
41.29730880654188
 21
-26.000000000000007
 31
0.0
  0
LINE
  5
E31
330
17
100
AcDbEntity
  8
hatch
100
AcDbLine
 10
38.05588745030457
 20
-29.099999999999998
 30
0.0
 11
41.15588745030457
 21
-26.000000000000004
 31
0.0
  0
LINE
  5
E32
330
17
100
AcDbEntity
  8
hatch
100
AcDbLine
 10
37.914466094067265
 20
-29.099999999999994
 30
0.0
 11
41.01446609406726
 21
-26.0
 31
0.0
  0
LINE
  5
E33
330
17
100
AcDbEntity
  8
hatch
100
AcDbLine
 10
37.77304473782995
 20
-29.1
 30
0.0
 11
40.87304473782994
 21
-26.000000000000007
 31
0.0
  0
LINE
  5
E34
330
17
100
AcDbEntity
  8
hatch
100
AcDbLine
 10
37.63162338159263
 20
-29.099999999999998
 30
0.0
 11
40.731623381592634
 21
-26.000000000000004
 31
0.0
  0
LINE
  5
E35
330
17
100
AcDbEntity
  8
hatch
100
AcDbLine
 10
37.49020202535534
 20
-29.099999999999998
 30
0.0
 11
40.59020202535533
 21
-26.000000000000004
 31
0.0
  0
LINE
  5
E36
330
17
100
AcDbEntity
  8
hatch
100
AcDbLine
 10
37.34878066911803
 20
-29.1
 30
0.0
 11
40.44878066911802
 21
-26.000000000000007
 31
0.0
  0
LINE
  5
E37
330
17
100
AcDbEntity
  8
hatch
100
AcDbLine
 10
37.20735931288071
 20
-29.1
 30
0.0
 11
40.307359312880706
 21
-26.000000000000007
 31
0.0
  0
LINE
  5
E38
330
17
100
AcDbEntity
  8
hatch
100
AcDbLine
 10
37.0659379566434
 20
-29.099999999999998
 30
0.0
 11
40.1659379566434
 21
-26.000000000000004
 31
0.0
  0
LINE
  5
E39
330
17
100
AcDbEntity
  8
hatch
100
AcDbLine
 10
36.92451660040609
 20
-29.1
 30
0.0
 11
40.02451660040609
 21
-26.000000000000007
 31
0.0
  0
LINE
  5
E3A
330
17
100
AcDbEntity
  8
hatch
100
AcDbLine
 10
36.78309524416879
 20
-29.1
 30
0.0
 11
39.883095244168786
 21
-26.000000000000007
 31
0.0
  0
LINE
  5
E3B
330
17
100
AcDbEntity
  8
hatch
100
AcDbLine
 10
36.641673887931475
 20
-29.1
 30
0.0
 11
39.74167388793147
 21
-26.000000000000007
 31
0.0
  0
LINE
  5
E3C
330
17
100
AcDbEntity
  8
hatch
100
AcDbLine
 10
36.50025253169417
 20
-29.099999999999998
 30
0.0
 11
39.60025253169417
 21
-26.000000000000004
 31
0.0
  0
LINE
  5
E3D
330
17
100
AcDbEntity
  8
hatch
100
AcDbLine
 10
36.35883117545686
 20
-29.1
 30
0.0
 11
39.45883117545685
 21
-26.000000000000007
 31
0.0
  0
LINE
  5
E3E
330
17
100
AcDbEntity
  8
hatch
100
AcDbLine
 10
36.21740981921954
 20
-29.1
 30
0.0
 11
39.317409819219534
 21
-26.000000000000004
 31
0.0
  0
LINE
  5
E3F
330
17
100
AcDbEntity
  8
hatch
100
AcDbLine
 10
36.07598846298224
 20
-29.099999999999998
 30
0.0
 11
39.17598846298223
 21
-26.000000000000004
 31
0.0
  0
LINE
  5
E40
330
17
100
AcDbEntity
  8
hatch
100
AcDbLine
 10
35.934567106744936
 20
-29.099999999999998
 30
0.0
 11
39.03456710674493
 21
-26.0
 31
0.0
  0
LINE
  5
E41
330
17
100
AcDbEntity
  8
hatch
100
AcDbLine
 10
35.79314575050762
 20
-29.1
 30
0.0
 11
38.893145750507614
 21
-26.000000000000007
 31
0.0
  0
LINE
  5
E42
330
17
100
AcDbEntity
  8
hatch
100
AcDbLine
 10
35.6517243942703
 20
-29.099999999999998
 30
0.0
 11
38.7517243942703
 21
-26.000000000000004
 31
0.0
  0
LINE
  5
E43
330
17
100
AcDbEntity
  8
hatch
100
AcDbLine
 10
35.510303038033
 20
-29.099999999999998
 30
0.0
 11
38.610303038032995
 21
-26.0
 31
0.0
  0
LINE
  5
E44
330
17
100
AcDbEntity
  8
hatch
100
AcDbLine
 10
35.3688816817957
 20
-29.099999999999998
 30
0.0
 11
38.46888168179569
 21
-26.0
 31
0.0
  0
LINE
  5
E45
330
17
100
AcDbEntity
  8
hatch
100
AcDbLine
 10
35.22746032555838
 20
-29.1
 30
0.0
 11
38.32746032555838
 21
-26.000000000000007
 31
0.0
  0
LINE
  5
E46
330
17
100
AcDbEntity
  8
hatch
100
AcDbLine
 10
35.086038969321066
 20
-29.099999999999998
 30
0.0
 11
38.18603896932107
 21
-26.000000000000004
 31
0.0
  0
LINE
  5
E47
330
17
100
AcDbEntity
  8
hatch
100
AcDbLine
 10
34.944617613083764
 20
-29.099999999999994
 30
0.0
 11
38.04461761308376
 21
-26.0
 31
0.0
  0
LINE
  5
E48
330
17
100
AcDbEntity
  8
hatch
100
AcDbLine
 10
34.80319625684645
 20
-29.099999999999998
 30
0.0
 11
37.90319625684644
 21
-26.000000000000004
 31
0.0
  0
LINE
  5
E49
330
17
100
AcDbEntity
  8
hatch
100
AcDbLine
 10
34.661774900609146
 20
-29.1
 30
0.0
 11
37.76177490060914
 21
-26.000000000000007
 31
0.0
  0
LINE
  5
E4A
330
17
100
AcDbEntity
  8
hatch
100
AcDbLine
 10
34.52035354437184
 20
-29.099999999999998
 30
0.0
 11
37.62035354437183
 21
-26.0
 31
0.0
  0
LINE
  5
E4B
330
17
100
AcDbEntity
  8
hatch
100
AcDbLine
 10
34.37893218813453
 20
-29.1
 30
0.0
 11
37.47893218813452
 21
-26.000000000000004
 31
0.0
  0
LINE
  5
E4C
330
17
100
AcDbEntity
  8
hatch
100
AcDbLine
 10
34.23751083189721
 20
-29.1
 30
0.0
 11
37.337510831897205
 21
-26.000000000000004
 31
0.0
  0
LINE
  5
E4D
330
17
100
AcDbEntity
  8
hatch
100
AcDbLine
 10
34.0960894756599
 20
-29.099999999999998
 30
0.0
 11
37.196089475659896
 21
-26.0
 31
0.0
  0
LINE
  5
E4E
330
17
100
AcDbEntity
  8
hatch
100
AcDbLine
 10
33.9546681194226
 20
-29.099999999999998
 30
0.0
 11
37.054668119422594
 21
-26.0
 31
0.0
  0
LINE
  5
E4F
330
17
100
AcDbEntity
  8
hatch
100
AcDbLine
 10
33.81324676318529
 20
-29.1
 30
0.0
 11
36.913246763185285
 21
-26.000000000000004
 31
0.0
  0
LINE
  5
E50
330
17
100
AcDbEntity
  8
hatch
100
AcDbLine
 10
33.671825406947974
 20
-29.1
 30
0.0
 11
36.771825406947976
 21
-26.000000000000004
 31
0.0
  0
LINE
  5
E51
330
17
100
AcDbEntity
  8
hatch
100
AcDbLine
 10
33.530404050710665
 20
-29.099999999999998
 30
0.0
 11
36.63040405071066
 21
-26.0
 31
0.0
  0
LINE
  5
E52
330
17
100
AcDbEntity
  8
hatch
100
AcDbLine
 10
33.388982694473356
 20
-29.1
 30
0.0
 11
36.48898269447335
 21
-26.000000000000004
 31
0.0
  0
LINE
  5
E53
330
17
100
AcDbEntity
  8
hatch
100
AcDbLine
 10
33.24756133823605
 20
-29.1
 30
0.0
 11
36.34756133823605
 21
-26.000000000000004
 31
0.0
  0
LINE
  5
E54
330
17
100
AcDbEntity
  8
hatch
100
AcDbLine
 10
33.10613998199874
 20
-29.1
 30
0.0
 11
36.20613998199874
 21
-26.000000000000004
 31
0.0
  0
LINE
  5
E55
330
17
100
AcDbEntity
  8
hatch
100
AcDbLine
 10
32.96471862576143
 20
-29.099999999999998
 30
0.0
 11
36.06471862576143
 21
-26.0
 31
0.0
  0
LINE
  5
E56
330
17
100
AcDbEntity
  8
hatch
100
AcDbLine
 10
32.82329726952412
 20
-29.099999999999998
 30
0.0
 11
35.92329726952411
 21
-26.0
 31
0.0
  0
LINE
  5
E57
330
17
100
AcDbEntity
  8
hatch
100
AcDbLine
 10
32.6818759132868
 20
-29.1
 30
0.0
 11
35.781875913286804
 21
-26.000000000000004
 31
0.0
  0
LINE
  5
E58
330
17
100
AcDbEntity
  8
hatch
100
AcDbLine
 10
32.54045455704951
 20
-29.1
 30
0.0
 11
35.6404545570495
 21
-26.000000000000004
 31
0.0
  0
LINE
  5
E59
330
17
100
AcDbEntity
  8
hatch
100
AcDbLine
 10
32.39903320081219
 20
-29.1
 30
0.0
 11
35.49903320081219
 21
-26.000000000000004
 31
0.0
  0
LINE
  5
E5A
330
17
100
AcDbEntity
  8
hatch
100
AcDbLine
 10
32.25761184457488
 20
-29.099999999999998
 30
0.0
 11
35.357611844574876
 21
-26.0
 31
0.0
  0
LINE
  5
E5B
330
17
100
AcDbEntity
  8
hatch
100
AcDbLine
 10
32.11619048833757
 20
-29.1
 30
0.0
 11
35.21619048833757
 21
-26.000000000000004
 31
0.0
  0
LINE
  5
E5C
330
17
100
AcDbEntity
  8
hatch
100
AcDbLine
 10
31.974769132100256
 20
-29.1
 30
0.0
 11
35.07476913210026
 21
-26.000000000000004
 31
0.0
  0
LINE
  5
E5D
330
17
100
AcDbEntity
  8
hatch
100
AcDbLine
 10
31.95
 20
-28.983347775862956
 30
0.0
 11
34.933347775862956
 21
-26.000000000000004
 31
0.0
  0
LINE
  5
E5E
330
17
100
AcDbEntity
  8
hatch
100
AcDbLine
 10
31.950000000000003
 20
-28.84192641962564
 30
0.0
 11
34.79192641962564
 21
-26.0
 31
0.0
  0
LINE
  5
E5F
330
17
100
AcDbEntity
  8
hatch
100
AcDbLine
 10
31.950000000000003
 20
-28.70050506338833
 30
0.0
 11
34.65050506338833
 21
-26.0
 31
0.0
  0
LINE
  5
E60
330
17
100
AcDbEntity
  8
hatch
100
AcDbLine
 10
31.95
 20
-28.55908370715102
 30
0.0
 11
34.50908370715102
 21
-26.000000000000004
 31
0.0
  0
LINE
  5
E61
330
17
100
AcDbEntity
  8
hatch
100
AcDbLine
 10
31.950000000000003
 20
-28.417662350913705
 30
0.0
 11
34.367662350913704
 21
-26.0
 31
0.0
  0
LINE
  5
E62
330
17
100
AcDbEntity
  8
hatch
100
AcDbLine
 10
31.950000000000003
 20
-28.276240994676407
 30
0.0
 11
34.22624099467641
 21
-26.000000000000004
 31
0.0
  0
LINE
  5
E63
330
17
100
AcDbEntity
  8
hatch
100
AcDbLine
 10
31.950000000000003
 20
-28.134819638439094
 30
0.0
 11
34.08481963843909
 21
-26.0
 31
0.0
  0
LINE
  5
E64
330
17
100
AcDbEntity
  8
hatch
100
AcDbLine
 10
31.950000000000003
 20
-27.993398282201785
 30
0.0
 11
33.943398282201784
 21
-26.000000000000004
 31
0.0
  0
LINE
  5
E65
330
17
100
AcDbEntity
  8
hatch
100
AcDbLine
 10
31.950000000000003
 20
-27.851976925964472
 30
0.0
 11
33.801976925964475
 21
-26.000000000000004
 31
0.0
  0
LINE
  5
E66
330
17
100
AcDbEntity
  8
hatch
100
AcDbLine
 10
31.950000000000003
 20
-27.71055556972716
 30
0.0
 11
33.66055556972716
 21
-26.0
 31
0.0
  0
LINE
  5
E67
330
17
100
AcDbEntity
  8
hatch
100
AcDbLine
 10
31.950000000000003
 20
-27.569134213489857
 30
0.0
 11
33.51913421348986
 21
-26.0
 31
0.0
  0
LINE
  5
E68
330
17
100
AcDbEntity
  8
hatch
100
AcDbLine
 10
31.950000000000003
 20
-27.427712857252548
 30
0.0
 11
33.37771285725255
 21
-26.0
 31
0.0
  0
LINE
  5
E69
330
17
100
AcDbEntity
  8
hatch
100
AcDbLine
 10
31.950000000000003
 20
-27.28629150101524
 30
0.0
 11
33.23629150101524
 21
-26.000000000000004
 31
0.0
  0
LINE
  5
E6A
330
17
100
AcDbEntity
  8
hatch
100
AcDbLine
 10
31.950000000000003
 20
-27.144870144777922
 30
0.0
 11
33.09487014477793
 21
-26.0
 31
0.0
  0
LINE
  5
E6B
330
17
100
AcDbEntity
  8
hatch
100
AcDbLine
 10
31.950000000000003
 20
-27.003448788540613
 30
0.0
 11
32.95344878854061
 21
-26.0
 31
0.0
  0
LINE
  5
E6C
330
17
100
AcDbEntity
  8
hatch
100
AcDbLine
 10
31.950000000000003
 20
-26.86202743230331
 30
0.0
 11
32.81202743230331
 21
-26.0
 31
0.0
  0
LINE
  5
E6D
330
17
100
AcDbEntity
  8
hatch
100
AcDbLine
 10
31.950000000000003
 20
-26.720606076066
 30
0.0
 11
32.670606076066
 21
-26.0
 31
0.0
  0
LINE
  5
E6E
330
17
100
AcDbEntity
  8
hatch
100
AcDbLine
 10
31.950000000000003
 20
-26.579184719828685
 30
0.0
 11
32.52918471982869
 21
-26.0
 31
0.0
  0
LINE
  5
E6F
330
17
100
AcDbEntity
  8
hatch
100
AcDbLine
 10
31.950000000000003
 20
-26.437763363591376
 30
0.0
 11
32.387763363591375
 21
-26.0
 31
0.0
  0
LINE
  5
E70
330
17
100
AcDbEntity
  8
hatch
100
AcDbLine
 10
31.950000000000003
 20
-26.296342007354067
 30
0.0
 11
32.246342007354066
 21
-26.0
 31
0.0
  0
LINE
  5
E71
330
17
100
AcDbEntity
  8
hatch
100
AcDbLine
 10
31.950000000000003
 20
-26.154920651116765
 30
0.0
 11
32.104920651116764
 21
-26.0
 31
0.0
  0
LINE
  5
E72
330
17
100
AcDbEntity
  8
hatch
100
AcDbLine
 10
31.950000000000003
 20
-26.013499294879455
 30
0.0
 11
31.96349929487945
 21
-26.000000000000004
 31
0.0
  0
LWPOLYLINE
  5
E73
330
17
100
AcDbEntity
  8
marco
100
AcDbPolyline
 90
4
 70
1
 10
31.950000000000003
 20
-26.0
 10
41.45
 20
-26.0
 10
41.45
 20
-29.1
 10
31.950000000000003
 20
-29.1
  0
LINE
  5
E74
330
17
100
AcDbEntity
  8
marco-medio
100
AcDbLine
 10
31.950000000000003
 20
-26.700000000000003
 30
0.0
 11
41.45
 21
-26.700000000000003
 31
0.0
  0
LINE
  5
E75
330
17
100
AcDbEntity
  8
marco-fino
100
AcDbLine
 10
31.950000000000003
 20
-27.1
 30
0.0
 11
41.45
 21
-27.1
 31
0.0
  0
LINE
  5
E76
330
17
100
AcDbEntity
  8
marco-fino
100
AcDbLine
 10
31.950000000000003
 20
-27.900000000000002
 30
0.0
 11
41.45
 21
-27.900000000000002
 31
0.0
  0
LINE
  5
E77
330
17
100
AcDbEntity
  8
marco-fino
100
AcDbLine
 10
37.35
 20
-27.1
 30
0.0
 11
37.35
 21
-29.1
 31
0.0
  0
LINE
  5
E78
330
17
100
AcDbEntity
  8
marco-fino
100
AcDbLine
 10
31.950000000000003
 20
-28.6
 30
0.0
 11
37.35
 21
-28.6
 31
0.0
  0
LINE
  5
E79
330
17
100
AcDbEntity
  8
marco-fino
100
AcDbLine
 10
34.95
 20
-28.6
 30
0.0
 11
34.95
 21
-29.1
 31
0.0
  0
LINE
  5
E7A
330
17
100
AcDbEntity
  8
marco-fino
100
AcDbLine
 10
35.550000000000004
 20
-28.6
 30
0.0
 11
35.550000000000004
 21
-29.1
 31
0.0
  0
TEXT
  5
E7B
330
17
100
AcDbEntity
  8
texto
100
AcDbText
 10
32.1
 20
-26.25
 30
0.0
 40
0.145
  1
JMDSI · INGENIERÍA Y ARQUITECTURA
100
AcDbText
  0
TEXT
  5
E7C
330
17
100
AcDbEntity
  8
texto-suave
100
AcDbText
 10
32.1
 20
-26.55
 30
0.0
 40
0.11000000000000001
  1
Planos de proyecto — Bloque Dormitorios
100
AcDbText
  0
TEXT
  5
E7D
330
17
100
AcDbEntity
  8
texto
100
AcDbText
 10
41.300000000000004
 20
-26.25
 30
0.0
 40
0.16
  1
LÁMINA A-04
 72
2
100
AcDbText
  0
TEXT
  5
E7E
330
17
100
AcDbEntity
  8
texto-suave
100
AcDbText
 10
41.300000000000004
 20
-26.55
 30
0.0
 40
0.12
  1
E E 1:50
 72
2
100
AcDbText
  0
TEXT
  5
E7F
330
17
100
AcDbEntity
  8
texto-suave
100
AcDbText
 10
32.1
 20
-27.950000000000003
 30
0.0
 40
0.095
  1
PROYECTO
100
AcDbText
  0
TEXT
  5
E80
330
17
100
AcDbEntity
  8
texto
100
AcDbText
 10
32.1
 20
-28.150000000000002
 30
0.0
 40
0.125
  1
BLOQUE DORMITORIOS — 2 NIVELES (PLANTA BAJA Y ALTA)
100
AcDbText
  0
TEXT
  5
E81
330
17
100
AcDbEntity
  8
texto-suave
100
AcDbText
 10
32.1
 20
-28.6
 30
0.0
 40
0.095
  1
CONTENIDO
100
AcDbText
  0
TEXT
  5
E82
330
17
100
AcDbEntity
  8
texto
100
AcDbText
 10
32.1
 20
-28.8
 30
0.0
 40
0.12
  1
Fachadas sur, norte, este y oeste (niveles bajo y alto) con dimensiones
100
AcDbText
  0
TEXT
  5
E83
330
17
100
AcDbEntity
  8
texto-suave
100
AcDbText
 10
35.050000000000004
 20
-28.6
 30
0.0
 40
0.095
  1
ESCALA
100
AcDbText
  0
TEXT
  5
E84
330
17
100
AcDbEntity
  8
texto
100
AcDbText
 10
35.050000000000004
 20
-28.8
 30
0.0
 40
0.12
  1
E 1:50
100
AcDbText
  0
TEXT
  5
E85
330
17
100
AcDbEntity
  8
texto-suave
100
AcDbText
 10
35.65
 20
-28.6
 30
0.0
 40
0.095
  1
Nº
100
AcDbText
  0
TEXT
  5
E86
330
17
100
AcDbEntity
  8
texto
100
AcDbText
 10
35.65
 20
-28.8
 30
0.0
 40
0.12
  1
A-04
100
AcDbText
  0
TEXT
  5
E87
330
17
100
AcDbEntity
  8
texto-suave
100
AcDbText
 10
37.45
 20
-27.1
 30
0.0
 40
0.095
  1
FECHA
100
AcDbText
  0
TEXT
  5
E88
330
17
100
AcDbEntity
  8
texto
100
AcDbText
 10
37.45
 20
-27.3
 30
0.0
 40
0.12
  1
2026-10-04
100
AcDbText
  0
TEXT
  5
E89
330
17
100
AcDbEntity
  8
texto-suave
100
AcDbText
 10
37.45
 20
-27.950000000000003
 30
0.0
 40
0.095
  1
DIBUJÓ / REVISÓ
100
AcDbText
  0
TEXT
  5
E8A
330
17
100
AcDbEntity
  8
texto
100
AcDbText
 10
37.45
 20
-28.150000000000002
 30
0.0
 40
0.11000000000000001
  1
JMDSI · Área de Proyectos
100
AcDbText
  0
TEXT
  5
E8B
330
17
100
AcDbEntity
  8
texto-suave
100
AcDbText
 10
32.1
 20
-27.150000000000002
 30
0.0
 40
0.095
  1
EMPLAZAMIENTO / PROMOTOR
100
AcDbText
  0
TEXT
  5
E8C
330
17
100
AcDbEntity
  8
texto
100
AcDbText
 10
32.1
 20
-27.35
 30
0.0
 40
0.105
  1
Campus JMDSI — predio 100,00 × 100,00 m
100
AcDbText
  0
TEXT
  5
E8D
330
17
100
AcDbEntity
  8
texto-suave
100
AcDbText
 10
32.1
 20
-26.700000000000003
 30
0.0
 40
0.095
  1
Nº DE HOJA
100
AcDbText
  0
TEXT
  5
E8E
330
17
100
AcDbEntity
  8
texto
100
AcDbText
 10
32.1
 20
-26.900000000000002
 30
0.0
 40
0.12
  1
1 de 1
100
AcDbText
  0
TEXT
  5
E8F
330
17
100
AcDbEntity
  8
texto-suave
100
AcDbText
 10
35.050000000000004
 20
-26.700000000000003
 30
0.0
 40
0.095
  1
MODIFICACIÓN
100
AcDbText
  0
TEXT
  5
E90
330
17
100
AcDbEntity
  8
texto
100
AcDbText
 10
35.050000000000004
 20
-26.900000000000002
 30
0.0
 40
0.105
  1
Emisión inicial
100
AcDbText
  0
ENDSEC
  0
SECTION
  2
OBJECTS
  0
DICTIONARY
  5
A
330
0
100
AcDbDictionary
281
1
  3
ACAD_COLOR
350
B
  3
ACAD_GROUP
350
C
  3
ACAD_LAYOUT
350
D
  3
ACAD_MATERIAL
350
E
  3
ACAD_MLEADERSTYLE
350
F
  3
ACAD_MLINESTYLE
350
10
  3
ACAD_PLOTSETTINGS
350
11
  3
ACAD_PLOTSTYLENAME
350
12
  3
ACAD_SCALELIST
350
14
  3
ACAD_TABLESTYLE
350
15
  3
ACAD_VISUALSTYLE
350
16
  3
EZDXF_META
350
2D
  0
DICTIONARY
  5
B
330
A
100
AcDbDictionary
281
1
  0
DICTIONARY
  5
C
330
A
100
AcDbDictionary
281
1
  0
DICTIONARY
  5
D
330
A
100
AcDbDictionary
281
1
  3
Model
350
1A
  3
Layout1
350
1E
  0
DICTIONARY
  5
E
330
A
100
AcDbDictionary
281
1
  3
ByBlock
350
1F
  3
ByLayer
350
20
  3
Global
350
21
  0
DICTIONARY
  5
F
330
A
100
AcDbDictionary
281
1
  3
Standard
350
2C
  0
DICTIONARY
  5
10
330
A
100
AcDbDictionary
281
1
  3
Standard
350
22
  0
DICTIONARY
  5
11
330
A
100
AcDbDictionary
281
1
  0
ACDBDICTIONARYWDFLT
  5
12
330
A
100
AcDbDictionary
281
1
  3
Normal
350
13
100
AcDbDictionaryWithDefault
340
13
  0
ACDBPLACEHOLDER
  5
13
330
12
  0
DICTIONARY
  5
14
330
A
100
AcDbDictionary
281
1
  0
DICTIONARY
  5
15
330
A
100
AcDbDictionary
281
1
  0
DICTIONARY
  5
16
330
A
100
AcDbDictionary
281
1
  3
2dWireframe
350
5A
  3
Basic
350
5B
  3
Brighten
350
5C
  3
ColorChange
350
5D
  3
Conceptual
350
5E
  3
Dim
350
5F
  3
EdgeColorOff
350
60
  3
Facepattern
350
61
  3
Flat
350
62
  3
FlatWithEdges
350
63
  3
Gouraud
350
64
  3
GouraudWithEdges
350
65
  3
Hidden
350
66
  3
JitterOff
350
67
  3
Linepattern
350
68
  3
Modeling
350
69
  3
OverhangOff
350
6A
  3
Realistic
350
6B
  3
Shaded
350
6C
  3
Shaded with edges
350
6D
  3
Shades of Gray
350
6E
  3
Sketchy
350
6F
  3
Thicken
350
70
  3
Wireframe
350
71
  3
X-Ray
350
72
  0
LAYOUT
  5
1A
330
D
100
AcDbPlotSettings
  1

  4
A3
  6

 40
7.5
 41
20.0
 42
7.5
 43
20.0
 44
420.0
 45
297.0
 46
0.0
 47
0.0
 48
0.0
 49
0.0
140
0.0
141
0.0
142
1.0
143
1.0
 70
1024
 72
1
 73
0
 74
5
  7

 75
16
 76
0
 77
2
 78
300
147
1.0
148
0.0
149
0.0
100
AcDbLayout
  1
Model
 70
1
 71
0
 10
0.0
 20
0.0
 11
420.0
 21
297.0
 12
0.0
 22
0.0
 32
0.0
 14
1e+20
 24
1e+20
 34
1e+20
 15
-1e+20
 25
-1e+20
 35
-1e+20
146
0.0
 13
0.0
 23
0.0
 33
0.0
 16
1.0
 26
0.0
 36
0.0
 17
0.0
 27
1.0
 37
0.0
 76
1
330
17
  0
LAYOUT
  5
1E
330
D
100
AcDbPlotSettings
  1

  4
A3
  6

 40
7.5
 41
20.0
 42
7.5
 43
20.0
 44
420.0
 45
297.0
 46
0.0
 47
0.0
 48
0.0
 49
0.0
140
0.0
141
0.0
142
1.0
143
1.0
 70
0
 72
1
 73
0
 74
5
  7

 75
16
 76
0
 77
2
 78
300
147
1.0
148
0.0
149
0.0
100
AcDbLayout
  1
Layout1
 70
1
 71
1
 10
0.0
 20
0.0
 11
420.0
 21
297.0
 12
0.0
 22
0.0
 32
0.0
 14
1e+20
 24
1e+20
 34
1e+20
 15
-1e+20
 25
-1e+20
 35
-1e+20
146
0.0
 13
0.0
 23
0.0
 33
0.0
 16
1.0
 26
0.0
 36
0.0
 17
0.0
 27
1.0
 37
0.0
 76
1
330
1B
  0
MATERIAL
  5
1F
102
{ACAD_REACTORS
330
E
102
}
330
E
100
AcDbMaterial
  1
ByBlock
  2

 70
0
 40
1.0
 71
1
 41
1.0
 91
-1023410177
 42
1.0
 72
1
  3

 73
1
 74
1
 75
1
 44
0.5
 73
0
 45
1.0
 46
1.0
 77
1
  4

 78
1
 79
1
170
1
 48
1.0
171
1
  6

172
1
173
1
174
1
140
1.0
141
1.0
175
1
  7

176
1
177
1
178
1
143
1.0
179
1
  8

270
1
271
1
272
1
145
1.0
146
1.0
273
1
  9

274
1
275
1
276
1
 42
1.0
 72
1
  3

 73
1
 74
1
 75
1
 94
63
  0
MATERIAL
  5
20
102
{ACAD_REACTORS
330
E
102
}
330
E
100
AcDbMaterial
  1
ByLayer
  2

 70
0
 40
1.0
 71
1
 41
1.0
 91
-1023410177
 42
1.0
 72
1
  3

 73
1
 74
1
 75
1
 44
0.5
 73
0
 45
1.0
 46
1.0
 77
1
  4

 78
1
 79
1
170
1
 48
1.0
171
1
  6

172
1
173
1
174
1
140
1.0
141
1.0
175
1
  7

176
1
177
1
178
1
143
1.0
179
1
  8

270
1
271
1
272
1
145
1.0
146
1.0
273
1
  9

274
1
275
1
276
1
 42
1.0
 72
1
  3

 73
1
 74
1
 75
1
 94
63
  0
MATERIAL
  5
21
102
{ACAD_REACTORS
330
E
102
}
330
E
100
AcDbMaterial
  1
Global
  2

 70
0
 40
1.0
 71
1
 41
1.0
 91
-1023410177
 42
1.0
 72
1
  3

 73
1
 74
1
 75
1
 44
0.5
 73
0
 45
1.0
 46
1.0
 77
1
  4

 78
1
 79
1
170
1
 48
1.0
171
1
  6

172
1
173
1
174
1
140
1.0
141
1.0
175
1
  7

176
1
177
1
178
1
143
1.0
179
1
  8

270
1
271
1
272
1
145
1.0
146
1.0
273
1
  9

274
1
275
1
276
1
 42
1.0
 72
1
  3

 73
1
 74
1
 75
1
 94
63
  0
MLINESTYLE
  5
22
102
{ACAD_REACTORS
330
10
102
}
330
10
100
AcDbMlineStyle
  2
Standard
 70
0
  3

 62
256
 51
90.0
 52
90.0
 71
2
 49
0.5
 62
256
  6
BYLAYER
 49
-0.5
 62
256
  6
BYLAYER
  0
MLEADERSTYLE
  5
2C
102
{ACAD_REACTORS
330
F
102
}
330
F
100
AcDbMLeaderStyle
179
2
170
2
171
1
172
0
 90
2
 40
0.0
 41
0.0
173
1
 91
-1056964608
 92
-2
290
1
 42
2.0
291
1
 43
8.0
  3
Standard
 44
4.0
300

342
29
174
1
175
1
176
0
178
1
 93
-1056964608
 45
4.0
292
0
297
0
 46
4.0
 94
-1056964608
 47
1.0
 49
1.0
140
1.0
294
1
141
0.0
177
0
142
1.0
295
0
296
0
143
3.75
271
0
272
9
273
9
  0
DICTIONARY
  5
2D
330
A
100
AcDbDictionary
280
1
281
1
  3
CREATED_BY_EZDXF
350
2E
  3
WRITTEN_BY_EZDXF
350
E93
  0
DICTIONARYVAR
  5
2E
330
2D
100
DictionaryVariables
280
0
  1
1.4.4 @ 2026-10-04T04:42:42.194393+00:00
  0
VISUALSTYLE
  5
5A
102
{ACAD_REACTORS
330
16
102
}
330
16
100
AcDbVisualStyle
  2
2dWireframe
 70
4
 90
0
 40
0.6
 62
7
290
0
291
0
  0
VISUALSTYLE
  5
5B
102
{ACAD_REACTORS
330
16
102
}
330
16
100
AcDbVisualStyle
  2
Basic
 70
7
 90
1
 40
0.6
 62
7
290
0
291
1
  0
VISUALSTYLE
  5
5C
102
{ACAD_REACTORS
330
16
102
}
330
16
100
AcDbVisualStyle
  2
Brighten
 70
12
 90
2
 40
0.6
 62
7
290
0
291
1
  0
VISUALSTYLE
  5
5D
102
{ACAD_REACTORS
330
16
102
}
330
16
100
AcDbVisualStyle
  2
ColorChange
 70
16
 90
2
 40
0.6
 62
8
290
0
291
1
  0
VISUALSTYLE
  5
5E
102
{ACAD_REACTORS
330
16
102
}
330
16
100
AcDbVisualStyle
  2
Conceptual
 70
9
 90
3
 40
0.6
 62
7
290
0
291
0
  0
VISUALSTYLE
  5
5F
102
{ACAD_REACTORS
330
16
102
}
330
16
100
AcDbVisualStyle
  2
Dim
 70
11
 90
2
 40
0.6
 62
7
290
0
291
1
  0
VISUALSTYLE
  5
60
102
{ACAD_REACTORS
330
16
102
}
330
16
100
AcDbVisualStyle
  2
EdgeColorOff
 70
22
 90
2
 40
0.6
 62
7
290
0
291
1
  0
VISUALSTYLE
  5
61
102
{ACAD_REACTORS
330
16
102
}
330
16
100
AcDbVisualStyle
  2
Facepattern
 70
15
 90
2
 40
0.6
 62
7
290
0
291
1
  0
VISUALSTYLE
  5
62
102
{ACAD_REACTORS
330
16
102
}
330
16
100
AcDbVisualStyle
  2
Flat
 70
0
 90
2
 40
0.6
 62
7
290
0
291
1
  0
VISUALSTYLE
  5
63
102
{ACAD_REACTORS
330
16
102
}
330
16
100
AcDbVisualStyle
  2
FlatWithEdges
 70
1
 90
2
 40
0.6
 62
7
290
0
291
1
  0
VISUALSTYLE
  5
64
102
{ACAD_REACTORS
330
16
102
}
330
16
100
AcDbVisualStyle
  2
Gouraud
 70
2
 90
2
 40
0.6
 62
7
290
0
291
1
  0
VISUALSTYLE
  5
65
102
{ACAD_REACTORS
330
16
102
}
330
16
100
AcDbVisualStyle
  2
GouraudWithEdges
 70
3
 90
2
 40
0.6
 62
7
290
0
291
1
  0
VISUALSTYLE
  5
66
102
{ACAD_REACTORS
330
16
102
}
330
16
100
AcDbVisualStyle
  2
Hidden
 70
6
 90
1
 40
0.6
 62
7
290
0
291
0
  0
VISUALSTYLE
  5
67
102
{ACAD_REACTORS
330
16
102
}
330
16
100
AcDbVisualStyle
  2
JitterOff
 70
20
 90
2
 40
0.6
 62
7
290
0
291
1
  0
VISUALSTYLE
  5
68
102
{ACAD_REACTORS
330
16
102
}
330
16
100
AcDbVisualStyle
  2
Linepattern
 70
14
 90
2
 40
0.6
 62
7
290
0
291
1
  0
VISUALSTYLE
  5
69
102
{ACAD_REACTORS
330
16
102
}
330
16
100
AcDbVisualStyle
  2
Modeling
 70
10
 90
2
 40
0.6
 62
7
290
0
291
0
  0
VISUALSTYLE
  5
6A
102
{ACAD_REACTORS
330
16
102
}
330
16
100
AcDbVisualStyle
  2
OverhangOff
 70
21
 90
2
 40
0.6
 62
7
290
0
291
1
  0
VISUALSTYLE
  5
6B
102
{ACAD_REACTORS
330
16
102
}
330
16
100
AcDbVisualStyle
  2
Realistic
 70
8
 90
2
 40
0.6
 62
7
290
0
291
0
  0
VISUALSTYLE
  5
6C
102
{ACAD_REACTORS
330
16
102
}
330
16
100
AcDbVisualStyle
  2
Shaded
 70
27
 90
2
 40
0.6
 62
7
290
0
291
0
  0
VISUALSTYLE
  5
6D
102
{ACAD_REACTORS
330
16
102
}
330
16
100
AcDbVisualStyle
  2
Shaded with edges
 70
26
 90
2
 40
0.6
 62
7
290
0
291
0
  0
VISUALSTYLE
  5
6E
102
{ACAD_REACTORS
330
16
102
}
330
16
100
AcDbVisualStyle
  2
Shades of Gray
 70
23
 90
2
 40
0.6
 62
7
290
0
291
0
  0
VISUALSTYLE
  5
6F
102
{ACAD_REACTORS
330
16
102
}
330
16
100
AcDbVisualStyle
  2
Sketchy
 70
24
 90
1
 40
0.6
 62
7
290
0
291
0
  0
VISUALSTYLE
  5
70
102
{ACAD_REACTORS
330
16
102
}
330
16
100
AcDbVisualStyle
  2
Thicken
 70
13
 90
2
 40
0.6
 62
7
290
0
291
1
  0
VISUALSTYLE
  5
71
102
{ACAD_REACTORS
330
16
102
}
330
16
100
AcDbVisualStyle
  2
Wireframe
 70
5
 90
0
 40
0.6
 62
7
290
0
291
0
  0
VISUALSTYLE
  5
72
102
{ACAD_REACTORS
330
16
102
}
330
16
100
AcDbVisualStyle
  2
X-Ray
 70
25
 90
2
 40
0.5
 62
7
290
0
291
0
  0
DICTIONARYVAR
  5
E93
330
2D
100
DictionaryVariables
280
0
  1
1.4.4 @ 2026-10-04T04:42:42.240346+00:00
  0
ENDSEC
  0
EOF
