  0
SECTION
  2
HEADER
  9
$ACADVER
  1
AC1024
  9
$ACADMAINTVER
 70
6
  9
$DWGCODEPAGE
  3
ANSI_1252
  9
$LASTSAVEDBY
  1
ezdxf
  9
$INSBASE
 10
0.0
 20
0.0
 30
0.0
  9
$EXTMIN
 10
1e+20
 20
1e+20
 30
1e+20
  9
$EXTMAX
 10
-1e+20
 20
-1e+20
 30
-1e+20
  9
$LIMMIN
 10
0.0
 20
0.0
  9
$LIMMAX
 10
420.0
 20
297.0
  9
$ORTHOMODE
 70
0
  9
$REGENMODE
 70
1
  9
$FILLMODE
 70
1
  9
$QTEXTMODE
 70
0
  9
$MIRRTEXT
 70
1
  9
$LTSCALE
 40
1.0
  9
$ATTMODE
 70
1
  9
$TEXTSIZE
 40
2.5
  9
$TRACEWID
 40
1.0
  9
$TEXTSTYLE
  7
OpenSans
  9
$CLAYER
  8
0
  9
$CELTYPE
  6
ByLayer
  9
$CECOLOR
 62
256
  9
$CELTSCALE
 40
1.0
  9
$DISPSILH
 70
0
  9
$DIMSCALE
 40
1.0
  9
$DIMASZ
 40
0.175
  9
$DIMEXO
 40
0.125
  9
$DIMDLI
 40
3.75
  9
$DIMRND
 40
0.0
  9
$DIMDLE
 40
0.0
  9
$DIMEXE
 40
0.375
  9
$DIMTP
 40
0.0
  9
$DIMTM
 40
0.0
  9
$DIMTXT
 40
0.25
  9
$DIMCEN
 40
2.5
  9
$DIMTSZ
 40
0.0
  9
$DIMTOL
 70
0
  9
$DIMLIM
 70
0
  9
$DIMTIH
 70
0
  9
$DIMTOH
 70
0
  9
$DIMSE1
 70
0
  9
$DIMSE2
 70
0
  9
$DIMTAD
 70
1
  9
$DIMZIN
 70
12
  9
$DIMBLK
  1
ARCHTICK
  9
$DIMASO
 70
1
  9
$DIMSHO
 70
1
  9
$DIMPOST
  1

  9
$DIMAPOST
  1

  9
$DIMALT
 70
0
  9
$DIMALTD
 70
3
  9
$DIMALTF
 40
0.03937007874
  9
$DIMLFAC
 40
100.0
  9
$DIMTOFL
 70
1
  9
$DIMTVP
 40
0.0
  9
$DIMTIX
 70
0
  9
$DIMSOXD
 70
0
  9
$DIMSAH
 70
0
  9
$DIMBLK1
  1

  9
$DIMBLK2
  1

  9
$DIMSTYLE
  2
EZDXF
  9
$DIMCLRD
 70
0
  9
$DIMCLRE
 70
0
  9
$DIMCLRT
 70
0
  9
$DIMTFAC
 40
0.5
  9
$DIMGAP
 40
0.1
  9
$DIMJUST
 70
0
  9
$DIMSD1
 70
0
  9
$DIMSD2
 70
0
  9
$DIMTOLJ
 70
0
  9
$DIMTZIN
 70
8
  9
$DIMALTZ
 70
0
  9
$DIMALTTZ
 70
0
  9
$DIMUPT
 70
1
  9
$DIMDEC
 70
2
  9
$DIMTDEC
 70
2
  9
$DIMALTU
 70
2
  9
$DIMALTTD
 70
3
  9
$DIMTXSTY
  7
OpenSansCondensed-Light
  9
$DIMAUNIT
 70
0
  9
$DIMADEC
 70
2
  9
$DIMALTRND
 40
0.0
  9
$DIMAZIN
 70
3
  9
$DIMDSEP
 70
46
  9
$DIMATFIT
 70
3
  9
$DIMFRAC
 70
0
  9
$DIMLDRBLK
  1

  9
$DIMLUNIT
 70
2
  9
$DIMLWD
 70
-2
  9
$DIMLWE
 70
-2
  9
$DIMTMOVE
 70
2
  9
$DIMFXL
 40
1.0
  9
$DIMFXLON
 70
0
  9
$DIMJOGANG
 40
0.785398163397
  9
$DIMTFILL
 70
0
  9
$DIMTFILLCLR
 70
0
  9
$DIMARCSYM
 70
0
  9
$DIMLTYPE
  6

  9
$DIMLTEX1
  6

  9
$DIMLTEX2
  6

  9
$DIMTXTDIRECTION
 70
0
  9
$LUNITS
 70
2
  9
$LUPREC
 70
4
  9
$SKETCHINC
 40
1.0
  9
$FILLETRAD
 40
10.0
  9
$AUNITS
 70
0
  9
$AUPREC
 70
2
  9
$MENU
  1
.
  9
$ELEVATION
 40
0.0
  9
$PELEVATION
 40
0.0
  9
$THICKNESS
 40
0.0
  9
$LIMCHECK
 70
0
  9
$CHAMFERA
 40
0.0
  9
$CHAMFERB
 40
0.0
  9
$CHAMFERC
 40
0.0
  9
$CHAMFERD
 40
0.0
  9
$SKPOLY
 70
0
  9
$TDCREATE
 40
2461318.1816435186
  9
$TDUCREATE
 40
2458532.153996898
  9
$TDUPDATE
 40
2461318.1816435186
  9
$TDUUPDATE
 40
2458532.1544311
  9
$TDINDWG
 40
0.0
  9
$TDUSRTIMER
 40
0.0
  9
$USRTIMER
 70
1
  9
$ANGBASE
 50
0.0
  9
$ANGDIR
 70
0
  9
$PDMODE
 70
0
  9
$PDSIZE
 40
0.0
  9
$PLINEWID
 40
0.0
  9
$SPLFRAME
 70
0
  9
$SPLINETYPE
 70
6
  9
$SPLINESEGS
 70
8
  9
$HANDSEED
  5
7B8
  9
$SURFTAB1
 70
6
  9
$SURFTAB2
 70
6
  9
$SURFTYPE
 70
6
  9
$SURFU
 70
6
  9
$SURFV
 70
6
  9
$UCSBASE
  2

  9
$UCSNAME
  2

  9
$UCSORG
 10
0.0
 20
0.0
 30
0.0
  9
$UCSXDIR
 10
1.0
 20
0.0
 30
0.0
  9
$UCSYDIR
 10
0.0
 20
1.0
 30
0.0
  9
$UCSORTHOREF
  2

  9
$UCSORTHOVIEW
 70
0
  9
$UCSORGTOP
 10
0.0
 20
0.0
 30
0.0
  9
$UCSORGBOTTOM
 10
0.0
 20
0.0
 30
0.0
  9
$UCSORGLEFT
 10
0.0
 20
0.0
 30
0.0
  9
$UCSORGRIGHT
 10
0.0
 20
0.0
 30
0.0
  9
$UCSORGFRONT
 10
0.0
 20
0.0
 30
0.0
  9
$UCSORGBACK
 10
0.0
 20
0.0
 30
0.0
  9
$PUCSBASE
  2

  9
$PUCSNAME
  2

  9
$PUCSORG
 10
0.0
 20
0.0
 30
0.0
  9
$PUCSXDIR
 10
1.0
 20
0.0
 30
0.0
  9
$PUCSYDIR
 10
0.0
 20
1.0
 30
0.0
  9
$PUCSORTHOREF
  2

  9
$PUCSORTHOVIEW
 70
0
  9
$PUCSORGTOP
 10
0.0
 20
0.0
 30
0.0
  9
$PUCSORGBOTTOM
 10
0.0
 20
0.0
 30
0.0
  9
$PUCSORGLEFT
 10
0.0
 20
0.0
 30
0.0
  9
$PUCSORGRIGHT
 10
0.0
 20
0.0
 30
0.0
  9
$PUCSORGFRONT
 10
0.0
 20
0.0
 30
0.0
  9
$PUCSORGBACK
 10
0.0
 20
0.0
 30
0.0
  9
$USERI1
 70
0
  9
$USERI2
 70
0
  9
$USERI3
 70
0
  9
$USERI4
 70
0
  9
$USERI5
 70
0
  9
$USERR1
 40
0.0
  9
$USERR2
 40
0.0
  9
$USERR3
 40
0.0
  9
$USERR4
 40
0.0
  9
$USERR5
 40
0.0
  9
$WORLDVIEW
 70
1
  9
$SHADEDGE
 70
3
  9
$SHADEDIF
 70
70
  9
$TILEMODE
 70
1
  9
$MAXACTVP
 70
64
  9
$PINSBASE
 10
0.0
 20
0.0
 30
0.0
  9
$PLIMCHECK
 70
0
  9
$PEXTMIN
 10
1e+20
 20
1e+20
 30
1e+20
  9
$PEXTMAX
 10
-1e+20
 20
-1e+20
 30
-1e+20
  9
$PLIMMIN
 10
0.0
 20
0.0
  9
$PLIMMAX
 10
420.0
 20
297.0
  9
$UNITMODE
 70
0
  9
$VISRETAIN
 70
1
  9
$PLINEGEN
 70
0
  9
$PSLTSCALE
 70
1
  9
$TREEDEPTH
 70
3020
  9
$CMLSTYLE
  2
Standard
  9
$CMLJUST
 70
0
  9
$CMLSCALE
 40
20.0
  9
$PROXYGRAPHICS
 70
1
  9
$MEASUREMENT
 70
1
  9
$CELWEIGHT
370
-1
  9
$ENDCAPS
280
0
  9
$JOINSTYLE
280
0
  9
$LWDISPLAY
290
0
  9
$INSUNITS
 70
6
  9
$HYPERLINKBASE
  1

  9
$STYLESHEET
  1

  9
$XEDIT
290
1
  9
$CEPSNTYPE
380
0
  9
$PSTYLEMODE
290
1
  9
$FINGERPRINTGUID
  2
{6056D085-32A8-4389-A4CA-61FF3A36DF10}
  9
$VERSIONGUID
  2
{901545B2-66B7-49D3-8C70-5FD1B2D6526C}
  9
$EXTNAMES
290
1
  9
$PSVPSCALE
 40
0.0
  9
$OLESTARTUP
290
0
  9
$SORTENTS
280
127
  9
$INDEXCTL
280
0
  9
$HIDETEXT
280
1
  9
$XCLIPFRAME
280
1
  9
$HALOGAP
280
0
  9
$OBSCOLOR
 70
257
  9
$OBSLTYPE
280
0
  9
$INTERSECTIONDISPLAY
280
0
  9
$INTERSECTIONCOLOR
 70
257
  9
$DIMASSOC
280
2
  9
$PROJECTNAME
  1

  9
$CAMERADISPLAY
290
0
  9
$LENSLENGTH
 40
50.0
  9
$CAMERAHEIGHT
 40
0.0
  9
$STEPSPERSEC
 40
24.0
  9
$STEPSIZE
 40
100.0
  9
$3DDWFPREC
 40
2.0
  9
$PSOLWIDTH
 40
0.005
  9
$PSOLHEIGHT
 40
0.08
  9
$LOFTANG1
 40
1.570796326795
  9
$LOFTANG2
 40
1.570796326795
  9
$LOFTMAG1
 40
0.0
  9
$LOFTMAG2
 40
0.0
  9
$LOFTPARAM
 70
7
  9
$LOFTNORMALS
280
1
  9
$LATITUDE
 40
37.795
  9
$LONGITUDE
 40
-122.394
  9
$NORTHDIRECTION
 40
0.0
  9
$TIMEZONE
 70
-8000
  9
$LIGHTGLYPHDISPLAY
280
1
  9
$TILEMODELIGHTSYNCH
280
1
  9
$CMATERIAL
347
20
  9
$SOLIDHIST
280
0
  9
$SHOWHIST
280
1
  9
$DWFFRAME
280
2
  9
$DGNFRAME
280
2
  9
$REALWORLDSCALE
290
1
  9
$INTERFERECOLOR
 62
256
  9
$CSHADOW
280
0
  9
$SHADOWPLANELOCATION
 40
0.0
  0
ENDSEC
  0
SECTION
  2
CLASSES
  0
CLASS
  1
ACDBDICTIONARYWDFLT
  2
AcDbDictionaryWithDefault
  3
ObjectDBX Classes
 90
0
 91
0
280
0
281
0
  0
CLASS
  1
SUN
  2
AcDbSun
  3
SCENEOE
 90
1153
 91
0
280
0
281
0
  0
CLASS
  1
VISUALSTYLE
  2
AcDbVisualStyle
  3
ObjectDBX Classes
 90
4095
 91
0
280
0
281
0
  0
CLASS
  1
MATERIAL
  2
AcDbMaterial
  3
ObjectDBX Classes
 90
1153
 91
0
280
0
281
0
  0
CLASS
  1
SCALE
  2
AcDbScale
  3
ObjectDBX Classes
 90
1153
 91
0
280
0
281
0
  0
CLASS
  1
TABLESTYLE
  2
AcDbTableStyle
  3
ObjectDBX Classes
 90
4095
 91
0
280
0
281
0
  0
CLASS
  1
MLEADERSTYLE
  2
AcDbMLeaderStyle
  3
ACDB_MLEADERSTYLE_CLASS
 90
4095
 91
0
280
0
281
0
  0
CLASS
  1
DICTIONARYVAR
  2
AcDbDictionaryVar
  3
ObjectDBX Classes
 90
0
 91
0
280
0
281
0
  0
CLASS
  1
CELLSTYLEMAP
  2
AcDbCellStyleMap
  3
ObjectDBX Classes
 90
1152
 91
0
280
0
281
0
  0
CLASS
  1
MENTALRAYRENDERSETTINGS
  2
AcDbMentalRayRenderSettings
  3
SCENEOE
 90
1024
 91
0
280
0
281
0
  0
CLASS
  1
ACDBDETAILVIEWSTYLE
  2
AcDbDetailViewStyle
  3
ObjectDBX Classes
 90
1025
 91
0
280
0
281
0
  0
CLASS
  1
ACDBSECTIONVIEWSTYLE
  2
AcDbSectionViewStyle
  3
ObjectDBX Classes
 90
1025
 91
0
280
0
281
0
  0
CLASS
  1
RASTERVARIABLES
  2
AcDbRasterVariables
  3
ISM
 90
0
 91
0
280
0
281
0
  0
CLASS
  1
LAYOUT
  2
AcDbLayout
  3
ObjectDBX Classes
 90
0
 91
0
280
0
281
0
  0
CLASS
  1
ACDBPLACEHOLDER
  2
AcDbPlaceHolder
  3
ObjectDBX Classes
 90
0
 91
0
280
0
281
0
  0
ENDSEC
  0
SECTION
  2
TABLES
  0
TABLE
  2
VPORT
  5
8
330
0
100
AcDbSymbolTable
 70
1
  0
VPORT
  5
23
330
8
100
AcDbSymbolTableRecord
100
AcDbViewportTableRecord
  2
*Active
 70
0
 10
0.0
 20
0.0
 11
1.0
 21
1.0
 12
0.0
 22
0.0
 13
0.0
 23
0.0
 14
0.5
 24
0.5
 15
0.5
 25
0.5
 16
0.0
 26
0.0
 36
1.0
 17
0.0
 27
0.0
 37
0.0
 40
1000.0
 41
1.34
 42
50.0
 43
0.0
 44
0.0
 50
0.0
 51
0.0
 71
0
 72
1000
 73
1
 74
3
 75
0
 76
0
 77
0
 78
0
281
0
 65
0
146
0.0
  0
ENDTAB
  0
TABLE
  2
LTYPE
  5
2
330
0
100
AcDbSymbolTable
 70
21
  0
LTYPE
  5
24
330
2
100
AcDbSymbolTableRecord
100
AcDbLinetypeTableRecord
  2
ByBlock
 70
0
  3

 72
65
 73
0
 40
0.0
  0
LTYPE
  5
25
330
2
100
AcDbSymbolTableRecord
100
AcDbLinetypeTableRecord
  2
ByLayer
 70
0
  3

 72
65
 73
0
 40
0.0
  0
LTYPE
  5
26
330
2
100
AcDbSymbolTableRecord
100
AcDbLinetypeTableRecord
  2
Continuous
 70
0
  3

 72
65
 73
0
 40
0.0
  0
LTYPE
  5
2F
330
2
100
AcDbSymbolTableRecord
100
AcDbLinetypeTableRecord
  2
CENTER
 70
0
  3
Center ____ _ ____ _ ____ _ ____ _ ____ _ ____
 72
65
 73
4
 40
5.08
 49
3.175
 74
0
 49
-0.635
 74
0
 49
0.635
 74
0
 49
-0.635
 74
0
  0
LTYPE
  5
30
330
2
100
AcDbSymbolTableRecord
100
AcDbLinetypeTableRecord
  2
CENTERX2
 70
0
  3
Center (2x) ________  __  ________  __  ________
 72
65
 73
4
 40
8.89
 49
6.35
 74
0
 49
-0.635
 74
0
 49
1.27
 74
0
 49
-0.635
 74
0
  0
LTYPE
  5
31
330
2
100
AcDbSymbolTableRecord
100
AcDbLinetypeTableRecord
  2
CENTER2
 70
0
  3
Center (.5x) ____ _ ____ _ ____ _ ____ _ ____
 72
65
 73
4
 40
2.54
 49
1.587
 74
0
 49
-0.318
 74
0
 49
0.318
 74
0
 49
-0.318
 74
0
  0
LTYPE
  5
32
330
2
100
AcDbSymbolTableRecord
100
AcDbLinetypeTableRecord
  2
DASHED
 70
0
  3
Dashed __ __ __ __ __ __ __ __ __ __ __ __ __ _
 72
65
 73
2
 40
1.524
 49
1.27
 74
0
 49
-0.254
 74
0
  0
LTYPE
  5
33
330
2
100
AcDbSymbolTableRecord
100
AcDbLinetypeTableRecord
  2
DASHEDX2
 70
0
  3
Dashed (2x) ____  ____  ____  ____  ____  ____
 72
65
 73
2
 40
3.048
 49
2.54
 74
0
 49
-0.508
 74
0
  0
LTYPE
  5
34
330
2
100
AcDbSymbolTableRecord
100
AcDbLinetypeTableRecord
  2
DASHED2
 70
0
  3
Dashed (.5x) _ _ _ _ _ _ _ _ _ _ _ _ _ _
 72
65
 73
2
 40
0.762
 49
0.635
 74
0
 49
-0.127
 74
0
  0
LTYPE
  5
35
330
2
100
AcDbSymbolTableRecord
100
AcDbLinetypeTableRecord
  2
PHANTOM
 70
0
  3
Phantom ______  __  __  ______  __  __  ______
 72
65
 73
6
 40
6.35
 49
3.175
 74
0
 49
-0.635
 74
0
 49
0.635
 74
0
 49
-0.635
 74
0
 49
0.635
 74
0
 49
-0.635
 74
0
  0
LTYPE
  5
36
330
2
100
AcDbSymbolTableRecord
100
AcDbLinetypeTableRecord
  2
PHANTOMX2
 70
0
  3
Phantom (2x)____________    ____    ____    ____________
 72
65
 73
6
 40
10.795
 49
6.35
 74
0
 49
-0.635
 74
0
 49
1.27
 74
0
 49
-0.635
 74
0
 49
1.27
 74
0
 49
-0.635
 74
0
  0
LTYPE
  5
37
330
2
100
AcDbSymbolTableRecord
100
AcDbLinetypeTableRecord
  2
PHANTOM2
 70
0
  3
Phantom (.5x) ___ _ _ ___ _ _ ___ _ _ ___ _ _ ___
 72
65
 73
6
 40
3.175
 49
1.587
 74
0
 49
-0.318
 74
0
 49
0.318
 74
0
 49
-0.318
 74
0
 49
0.318
 74
0
 49
-0.318
 74
0
  0
LTYPE
  5
38
330
2
100
AcDbSymbolTableRecord
100
AcDbLinetypeTableRecord
  2
DASHDOT
 70
0
  3
Dash dot __ . __ . __ . __ . __ . __ . __ . __
 72
65
 73
4
 40
3.556
 49
2.54
 74
0
 49
-0.508
 74
0
 49
0.0
 74
0
 49
-0.508
 74
0
  0
LTYPE
  5
39
330
2
100
AcDbSymbolTableRecord
100
AcDbLinetypeTableRecord
  2
DASHDOTX2
 70
0
  3
Dash dot (2x) ____  .  ____  .  ____  .  ____
 72
65
 73
4
 40
6.096
 49
5.08
 74
0
 49
-0.508
 74
0
 49
0.0
 74
0
 49
-0.508
 74
0
  0
LTYPE
  5
3A
330
2
100
AcDbSymbolTableRecord
100
AcDbLinetypeTableRecord
  2
DASHDOT2
 70
0
  3
Dash dot (.5x) _ . _ . _ . _ . _ . _ . _ . _
 72
65
 73
4
 40
1.778
 49
1.27
 74
0
 49
-0.254
 74
0
 49
0.0
 74
0
 49
-0.254
 74
0
  0
LTYPE
  5
3B
330
2
100
AcDbSymbolTableRecord
100
AcDbLinetypeTableRecord
  2
DOT
 70
0
  3
Dot .  .  .  .  .  .  .  .  .  .  .  .  .  .  .  .
 72
65
 73
2
 40
0.508
 49
0.0
 74
0
 49
-0.508
 74
0
  0
LTYPE
  5
3C
330
2
100
AcDbSymbolTableRecord
100
AcDbLinetypeTableRecord
  2
DOTX2
 70
0
  3
Dot (2x) .    .    .    .    .    .    .    . 
 72
65
 73
2
 40
1.016
 49
0.0
 74
0
 49
-1.016
 74
0
  0
LTYPE
  5
3D
330
2
100
AcDbSymbolTableRecord
100
AcDbLinetypeTableRecord
  2
DOT2
 70
0
  3
Dot (.5) . . . . . . . . . . . . . . . . . . . 
 72
65
 73
2
 40
0.254
 49
0.0
 74
0
 49
-0.254
 74
0
  0
LTYPE
  5
3E
330
2
100
AcDbSymbolTableRecord
100
AcDbLinetypeTableRecord
  2
DIVIDE
 70
0
  3
Divide __ . . __ . . __ . . __ . . __ . . __
 72
65
 73
6
 40
4.064
 49
2.54
 74
0
 49
-0.508
 74
0
 49
0.0
 74
0
 49
-0.508
 74
0
 49
0.0
 74
0
 49
-0.508
 74
0
  0
LTYPE
  5
3F
330
2
100
AcDbSymbolTableRecord
100
AcDbLinetypeTableRecord
  2
DIVIDEX2
 70
0
  3
Divide (2x) ____  . .  ____  . .  ____  . .  ____
 72
65
 73
6
 40
6.604
 49
5.08
 74
0
 49
-0.508
 74
0
 49
0.0
 74
0
 49
-0.508
 74
0
 49
0.0
 74
0
 49
-0.508
 74
0
  0
LTYPE
  5
40
330
2
100
AcDbSymbolTableRecord
100
AcDbLinetypeTableRecord
  2
DIVIDE2
 70
0
  3
Divide(.5x) _ . _ . _ . _ . _ . _ . _ . _
 72
65
 73
6
 40
2.032
 49
1.27
 74
0
 49
-0.254
 74
0
 49
0.0
 74
0
 49
-0.254
 74
0
 49
0.0
 74
0
 49
-0.254
 74
0
  0
ENDTAB
  0
TABLE
  2
LAYER
  5
1
330
0
100
AcDbSymbolTable
 70
35
  0
LAYER
  5
27
330
1
100
AcDbSymbolTableRecord
100
AcDbLayerTableRecord
  2
0
 70
0
 62
7
  6
Continuous
370
-3
390
13
347
21
  0
LAYER
  5
28
330
1
100
AcDbSymbolTableRecord
100
AcDbLayerTableRecord
  2
Defpoints
 70
0
 62
7
  6
Continuous
290
0
370
-3
390
13
347
21
  0
LAYER
  5
8A
330
1
100
AcDbSymbolTableRecord
100
AcDbLayerTableRecord
  2
eje
 70
0
 62
7
  6
CONTINUOUS
370
13
390
13
347
21
  0
LAYER
  5
8B
330
1
100
AcDbSymbolTableRecord
100
AcDbLayerTableRecord
  2
muro-corte
 70
0
 62
7
  6
CONTINUOUS
370
60
390
13
347
21
  0
LAYER
  5
8C
330
1
100
AcDbSymbolTableRecord
100
AcDbLayerTableRecord
  2
muro-fill
 70
0
 62
7
  6
CONTINUOUS
370
25
390
13
347
21
  0
LAYER
  5
8D
330
1
100
AcDbSymbolTableRecord
100
AcDbLayerTableRecord
  2
muro-visto
 70
0
 62
7
  6
CONTINUOUS
370
35
390
13
347
21
  0
LAYER
  5
8E
330
1
100
AcDbSymbolTableRecord
100
AcDbLayerTableRecord
  2
tabique-fill
 70
0
 62
7
  6
CONTINUOUS
370
30
390
13
347
21
  0
LAYER
  5
8F
330
1
100
AcDbSymbolTableRecord
100
AcDbLayerTableRecord
  2
hueco
 70
0
 62
7
  6
CONTINUOUS
370
25
390
13
347
21
  0
LAYER
  5
90
330
1
100
AcDbSymbolTableRecord
100
AcDbLayerTableRecord
  2
carpinteria
 70
0
 62
7
  6
CONTINUOUS
370
25
390
13
347
21
  0
LAYER
  5
91
330
1
100
AcDbSymbolTableRecord
100
AcDbLayerTableRecord
  2
vidrio
 70
0
 62
7
  6
CONTINUOUS
370
18
390
13
347
21
  0
LAYER
  5
92
330
1
100
AcDbSymbolTableRecord
100
AcDbLayerTableRecord
  2
mobiliario
 70
0
 62
7
  6
CONTINUOUS
370
18
390
13
347
21
  0
LAYER
  5
93
330
1
100
AcDbSymbolTableRecord
100
AcDbLayerTableRecord
  2
sanitario
 70
0
 62
7
  6
CONTINUOUS
370
20
390
13
347
21
  0
LAYER
  5
94
330
1
100
AcDbSymbolTableRecord
100
AcDbLayerTableRecord
  2
texto
 70
0
 62
7
  6
CONTINUOUS
370
5
390
13
347
21
  0
LAYER
  5
95
330
1
100
AcDbSymbolTableRecord
100
AcDbLayerTableRecord
  2
texto-suave
 70
0
 62
7
  6
CONTINUOUS
370
5
390
13
347
21
  0
LAYER
  5
96
330
1
100
AcDbSymbolTableRecord
100
AcDbLayerTableRecord
  2
cota
 70
0
 62
7
  6
CONTINUOUS
370
13
390
13
347
21
  0
LAYER
  5
97
330
1
100
AcDbSymbolTableRecord
100
AcDbLayerTableRecord
  2
cota-texto
 70
0
 62
7
  6
CONTINUOUS
370
5
390
13
347
21
  0
LAYER
  5
98
330
1
100
AcDbSymbolTableRecord
100
AcDbLayerTableRecord
  2
nivel
 70
0
 62
7
  6
CONTINUOUS
370
20
390
13
347
21
  0
LAYER
  5
99
330
1
100
AcDbSymbolTableRecord
100
AcDbLayerTableRecord
  2
terreno
 70
0
 62
7
  6
CONTINUOUS
370
35
390
13
347
21
  0
LAYER
  5
9A
330
1
100
AcDbSymbolTableRecord
100
AcDbLayerTableRecord
  2
hormigon
 70
0
 62
7
  6
CONTINUOUS
370
30
390
13
347
21
  0
LAYER
  5
9B
330
1
100
AcDbSymbolTableRecord
100
AcDbLayerTableRecord
  2
hatch
 70
0
 62
7
  6
CONTINUOUS
370
9
390
13
347
21
  0
LAYER
  5
9C
330
1
100
AcDbSymbolTableRecord
100
AcDbLayerTableRecord
  2
hatch-2
 70
0
 62
7
  6
CONTINUOUS
370
9
390
13
347
21
  0
LAYER
  5
9D
330
1
100
AcDbSymbolTableRecord
100
AcDbLayerTableRecord
  2
marco
 70
0
 62
7
  6
CONTINUOUS
370
70
390
13
347
21
  0
LAYER
  5
9E
330
1
100
AcDbSymbolTableRecord
100
AcDbLayerTableRecord
  2
marco-fino
 70
0
 62
7
  6
CONTINUOUS
370
25
390
13
347
21
  0
LAYER
  5
9F
330
1
100
AcDbSymbolTableRecord
100
AcDbLayerTableRecord
  2
marco-medio
 70
0
 62
7
  6
CONTINUOUS
370
40
390
13
347
21
  0
LAYER
  5
A0
330
1
100
AcDbSymbolTableRecord
100
AcDbLayerTableRecord
  2
sombra
 70
0
 62
7
  6
CONTINUOUS
370
5
390
13
347
21
  0
LAYER
  5
A1
330
1
100
AcDbSymbolTableRecord
100
AcDbLayerTableRecord
  2
vegetal
 70
0
 62
7
  6
CONTINUOUS
370
20
390
13
347
21
  0
LAYER
  5
A2
330
1
100
AcDbSymbolTableRecord
100
AcDbLayerTableRecord
  2
arbol
 70
0
 62
7
  6
CONTINUOUS
370
18
390
13
347
21
  0
LAYER
  5
A3
330
1
100
AcDbSymbolTableRecord
100
AcDbLayerTableRecord
  2
agua
 70
0
 62
7
  6
CONTINUOUS
370
20
390
13
347
21
  0
LAYER
  5
A4
330
1
100
AcDbSymbolTableRecord
100
AcDbLayerTableRecord
  2
via
 70
0
 62
7
  6
CONTINUOUS
370
20
390
13
347
21
  0
LAYER
  5
A5
330
1
100
AcDbSymbolTableRecord
100
AcDbLayerTableRecord
  2
edificio
 70
0
 62
7
  6
CONTINUOUS
370
25
390
13
347
21
  0
LAYER
  5
A6
330
1
100
AcDbSymbolTableRecord
100
AcDbLayerTableRecord
  2
destacado
 70
0
 62
7
  6
CONTINUOUS
370
40
390
13
347
21
  0
LAYER
  5
A7
330
1
100
AcDbSymbolTableRecord
100
AcDbLayerTableRecord
  2
azul
 70
0
 62
7
  6
CONTINUOUS
370
25
390
13
347
21
  0
LAYER
  5
A8
330
1
100
AcDbSymbolTableRecord
100
AcDbLayerTableRecord
  2
cubierta
 70
0
 62
7
  6
CONTINUOUS
370
25
390
13
347
21
  0
LAYER
  5
A9
330
1
100
AcDbSymbolTableRecord
100
AcDbLayerTableRecord
  2
proyeccion
 70
0
 62
7
  6
CONTINUOUS
370
15
390
13
347
21
  0
LAYER
  5
AA
330
1
100
AcDbSymbolTableRecord
100
AcDbLayerTableRecord
  2
fondo
 70
0
 62
7
  6
CONTINUOUS
370
5
390
13
347
21
  0
ENDTAB
  0
TABLE
  2
STYLE
  5
5
330
0
100
AcDbSymbolTable
 70
26
  0
STYLE
  5
29
330
5
100
AcDbSymbolTableRecord
100
AcDbTextStyleTableRecord
  2
Standard
 70
0
 40
0.0
 41
1.0
 50
0.0
 71
0
 42
2.5
  3
txt
  4

  0
STYLE
  5
41
330
5
100
AcDbSymbolTableRecord
100
AcDbTextStyleTableRecord
  2
OpenSans-Light
 70
0
 40
0.0
 41
1.0
 50
0.0
 71
0
 42
2.5
  3
OpenSans-Light.ttf
  4

  0
STYLE
  5
42
330
5
100
AcDbSymbolTableRecord
100
AcDbTextStyleTableRecord
  2
OpenSans-Light-Italic
 70
0
 40
0.0
 41
1.0
 50
0.0
 71
0
 42
2.5
  3
OpenSans-LightItalic.ttf
  4

  0
STYLE
  5
43
330
5
100
AcDbSymbolTableRecord
100
AcDbTextStyleTableRecord
  2
OpenSans
 70
0
 40
0.0
 41
1.0
 50
0.0
 71
0
 42
2.5
  3
OpenSans-Regular.ttf
  4

  0
STYLE
  5
44
330
5
100
AcDbSymbolTableRecord
100
AcDbTextStyleTableRecord
  2
OpenSans-Italic
 70
0
 40
0.0
 41
1.0
 50
0.0
 71
0
 42
2.5
  3
OpenSans-Italic.ttf
  4

  0
STYLE
  5
45
330
5
100
AcDbSymbolTableRecord
100
AcDbTextStyleTableRecord
  2
OpenSans-SemiBold
 70
0
 40
0.0
 41
1.0
 50
0.0
 71
0
 42
2.5
  3
OpenSans-SemiBold.ttf
  4

  0
STYLE
  5
46
330
5
100
AcDbSymbolTableRecord
100
AcDbTextStyleTableRecord
  2
OpenSans-SemiBoldItalic
 70
0
 40
0.0
 41
1.0
 50
0.0
 71
0
 42
2.5
  3
OpenSans-SemiBoldItalic.ttf
  4

  0
STYLE
  5
47
330
5
100
AcDbSymbolTableRecord
100
AcDbTextStyleTableRecord
  2
OpenSans-Bold
 70
0
 40
0.0
 41
1.0
 50
0.0
 71
0
 42
2.5
  3
OpenSans-Bold.ttf
  4

  0
STYLE
  5
48
330
5
100
AcDbSymbolTableRecord
100
AcDbTextStyleTableRecord
  2
OpenSans-BoldItalic
 70
0
 40
0.0
 41
1.0
 50
0.0
 71
0
 42
2.5
  3
OpenSans-BoldItalic.ttf
  4

  0
STYLE
  5
49
330
5
100
AcDbSymbolTableRecord
100
AcDbTextStyleTableRecord
  2
OpenSans-ExtraBold
 70
0
 40
0.0
 41
1.0
 50
0.0
 71
0
 42
2.5
  3
OpenSans-ExtraBold.ttf
  4

  0
STYLE
  5
4A
330
5
100
AcDbSymbolTableRecord
100
AcDbTextStyleTableRecord
  2
OpenSans-ExtraBoldItalic
 70
0
 40
0.0
 41
1.0
 50
0.0
 71
0
 42
2.5
  3
OpenSans-ExtraBoldItalic.ttf
  4

  0
STYLE
  5
4B
330
5
100
AcDbSymbolTableRecord
100
AcDbTextStyleTableRecord
  2
OpenSansCondensed-Bold
 70
0
 40
0.0
 41
1.0
 50
0.0
 71
0
 42
2.5
  3
OpenSansCondensed-Bold.ttf
  4

  0
STYLE
  5
4C
330
5
100
AcDbSymbolTableRecord
100
AcDbTextStyleTableRecord
  2
OpenSansCondensed-Light
 70
0
 40
0.0
 41
1.0
 50
0.0
 71
0
 42
2.5
  3
OpenSansCondensed-Light.ttf
  4

  0
STYLE
  5
4D
330
5
100
AcDbSymbolTableRecord
100
AcDbTextStyleTableRecord
  2
OpenSansCondensed-Italic
 70
0
 40
0.0
 41
1.0
 50
0.0
 71
0
 42
2.5
  3
OpenSansCondensed-LightItalic.ttf
  4

  0
STYLE
  5
4E
330
5
100
AcDbSymbolTableRecord
100
AcDbTextStyleTableRecord
  2
LiberationSans
 70
0
 40
0.0
 41
1.0
 50
0.0
 71
0
 42
2.5
  3
LiberationSans-Regular.ttf
  4

  0
STYLE
  5
4F
330
5
100
AcDbSymbolTableRecord
100
AcDbTextStyleTableRecord
  2
LiberationSans-Bold
 70
0
 40
0.0
 41
1.0
 50
0.0
 71
0
 42
2.5
  3
LiberationSans-Bold.ttf
  4

  0
STYLE
  5
50
330
5
100
AcDbSymbolTableRecord
100
AcDbTextStyleTableRecord
  2
LiberationSans-BoldItalic
 70
0
 40
0.0
 41
1.0
 50
0.0
 71
0
 42
2.5
  3
LiberationSans-BoldItalic.ttf
  4

  0
STYLE
  5
51
330
5
100
AcDbSymbolTableRecord
100
AcDbTextStyleTableRecord
  2
LiberationSans-Italic
 70
0
 40
0.0
 41
1.0
 50
0.0
 71
0
 42
2.5
  3
LiberationSans-Italic.ttf
  4

  0
STYLE
  5
52
330
5
100
AcDbSymbolTableRecord
100
AcDbTextStyleTableRecord
  2
LiberationSerif
 70
0
 40
0.0
 41
1.0
 50
0.0
 71
0
 42
2.5
  3
LiberationSerif-Regular.ttf
  4

  0
STYLE
  5
53
330
5
100
AcDbSymbolTableRecord
100
AcDbTextStyleTableRecord
  2
LiberationSerif-Bold
 70
0
 40
0.0
 41
1.0
 50
0.0
 71
0
 42
2.5
  3
LiberationSerif-Bold.ttf
  4

  0
STYLE
  5
54
330
5
100
AcDbSymbolTableRecord
100
AcDbTextStyleTableRecord
  2
LiberationSerif-BoldItalic
 70
0
 40
0.0
 41
1.0
 50
0.0
 71
0
 42
2.5
  3
LiberationSerif-BoldItalic.ttf
  4

  0
STYLE
  5
55
330
5
100
AcDbSymbolTableRecord
100
AcDbTextStyleTableRecord
  2
LiberationSerif-Italic
 70
0
 40
0.0
 41
1.0
 50
0.0
 71
0
 42
2.5
  3
LiberationSerif-Italic.ttf
  4

  0
STYLE
  5
56
330
5
100
AcDbSymbolTableRecord
100
AcDbTextStyleTableRecord
  2
LiberationMono
 70
0
 40
0.0
 41
1.0
 50
0.0
 71
0
 42
2.5
  3
LiberationMono-Regular.ttf
  4

  0
STYLE
  5
57
330
5
100
AcDbSymbolTableRecord
100
AcDbTextStyleTableRecord
  2
LiberationMono-Bold
 70
0
 40
0.0
 41
1.0
 50
0.0
 71
0
 42
2.5
  3
LiberationMono-Bold.ttf
  4

  0
STYLE
  5
58
330
5
100
AcDbSymbolTableRecord
100
AcDbTextStyleTableRecord
  2
LiberationMono-BoldItalic
 70
0
 40
0.0
 41
1.0
 50
0.0
 71
0
 42
2.5
  3
LiberationMono-BoldItalic.ttf
  4

  0
STYLE
  5
59
330
5
100
AcDbSymbolTableRecord
100
AcDbTextStyleTableRecord
  2
LiberationMono-Italic
 70
0
 40
0.0
 41
1.0
 50
0.0
 71
0
 42
2.5
  3
LiberationMono-Italic.ttf
  4

  0
ENDTAB
  0
TABLE
  2
VIEW
  5
7
330
0
100
AcDbSymbolTable
 70
0
  0
ENDTAB
  0
TABLE
  2
UCS
  5
6
330
0
100
AcDbSymbolTable
 70
0
  0
ENDTAB
  0
TABLE
  2
APPID
  5
3
330
0
100
AcDbSymbolTable
 70
3
  0
APPID
  5
2A
330
3
100
AcDbSymbolTableRecord
100
AcDbRegAppTableRecord
  2
ACAD
 70
0
  0
APPID
  5
7B5
330
3
100
AcDbSymbolTableRecord
100
AcDbRegAppTableRecord
  2
HATCHBACKGROUNDCOLOR
 70
0
  0
APPID
  5
7B6
330
3
100
AcDbSymbolTableRecord
100
AcDbRegAppTableRecord
  2
EZDXF
 70
0
  0
ENDTAB
  0
TABLE
  2
DIMSTYLE
  5
4
330
0
100
AcDbSymbolTable
 70
12
100
AcDbDimStyleTable
  0
DIMSTYLE
105
2B
330
4
100
AcDbSymbolTableRecord
100
AcDbDimStyleTableRecord
  2
Standard
 70
0
 40
1.0
 41
2.5
 42
0.625
 43
3.75
 44
1.25
 45
0.0
 46
0.0
 47
0.0
 48
0.0
 49
2.5
140
2.5
141
2.5
142
0.0
143
0.03937007874
144
1.0
145
0.0
146
1.0
147
0.625
148
0.0
 69
0
 70
0
 71
0
 72
0
 73
0
 74
0
 75
0
 76
0
 77
1
 78
8
 79
3
170
0
171
3
172
1
173
0
174
0
175
0
176
0
177
0
178
0
179
2
271
2
272
2
273
2
274
3
275
0
276
0
277
2
278
44
279
0
280
0
281
0
282
0
283
0
284
8
285
0
286
0
288
0
289
3
290
0
371
-2
372
-2
  0
DIMSTYLE
105
73
330
4
100
AcDbSymbolTableRecord
100
AcDbDimStyleTableRecord
  2
EZDXF
 70
0
 40
1.0
 41
0.175
 42
0.125
 43
3.75
 44
0.375
 45
0.0
 46
0.0
 47
0.0
 48
0.0
 49
2.5
140
0.25
141
2.5
142
0.0
143
0.03937007874
144
100.0
145
0.0
146
0.5
147
0.1
148
0.0
 69
0
 70
0
 71
0
 72
0
 73
0
 74
0
 75
0
 76
0
 77
1
 78
12
 79
3
170
0
171
3
172
1
173
0
174
0
175
0
176
0
177
0
178
0
179
2
271
2
272
2
273
2
274
3
275
0
276
0
277
2
278
46
279
2
280
0
281
0
282
0
283
0
284
8
285
0
286
0
288
1
289
3
290
0
340
4C
342
74
371
-2
372
-2
  0
DIMSTYLE
105
7C
330
4
100
AcDbSymbolTableRecord
100
AcDbDimStyleTableRecord
  2
EZ_M_100_H25_CM
 70
0
 40
1.0
 41
0.25
 42
0.125
 43
3.75
 44
0.375
 45
0.0
 46
0.0
 47
0.0
 48
0.0
 49
2.5
140
0.25
141
2.5
142
0.125
143
0.03937007874
144
100.0
145
0.0
146
0.5
147
0.1
148
0.0
 69
0
 70
0
 71
0
 72
0
 73
0
 74
0
 75
0
 76
0
 77
1
 78
12
 79
3
170
0
171
3
172
1
173
0
174
0
175
0
176
0
177
0
178
0
179
2
271
2
272
2
273
2
274
3
275
0
276
0
277
2
278
46
279
2
280
0
281
0
282
0
283
0
284
8
285
0
286
0
288
1
289
3
290
0
340
4C
371
-2
372
-2
  0
DIMSTYLE
105
7D
330
4
100
AcDbSymbolTableRecord
100
AcDbDimStyleTableRecord
  2
EZ_M_50_H25_CM
 70
0
 40
1.0
 41
0.125
 42
0.0625
 43
3.75
 44
0.1875
 45
0.0
 46
0.0
 47
0.0
 48
0.0
 49
2.5
140
0.125
141
2.5
142
0.0625
143
0.03937007874
144
100.0
145
0.0
146
0.5
147
0.05
148
0.0
 69
0
 70
0
 71
0
 72
0
 73
0
 74
0
 75
0
 76
0
 77
1
 78
12
 79
3
170
0
171
3
172
1
173
0
174
0
175
0
176
0
177
0
178
0
179
2
271
2
272
2
273
2
274
3
275
0
276
0
277
2
278
46
279
2
280
0
281
0
282
0
283
0
284
8
285
0
286
0
288
1
289
3
290
0
340
4C
371
-2
372
-2
  0
DIMSTYLE
105
7E
330
4
100
AcDbSymbolTableRecord
100
AcDbDimStyleTableRecord
  2
EZ_M_25_H25_CM
 70
0
 40
1.0
 41
0.0625
 42
0.03125
 43
3.75
 44
0.09375
 45
0.0
 46
0.0
 47
0.0
 48
0.0
 49
2.5
140
0.0625
141
2.5
142
0.03125
143
0.03937007874
144
100.0
145
0.0
146
0.5
147
0.025
148
0.0
 69
0
 70
0
 71
0
 72
0
 73
0
 74
0
 75
0
 76
0
 77
1
 78
12
 79
3
170
0
171
3
172
1
173
0
174
0
175
0
176
0
177
0
178
0
179
2
271
2
272
2
273
2
274
3
275
0
276
0
277
2
278
46
279
2
280
0
281
0
282
0
283
0
284
8
285
0
286
0
288
1
289
3
290
0
340
4C
371
-2
372
-2
  0
DIMSTYLE
105
7F
330
4
100
AcDbSymbolTableRecord
100
AcDbDimStyleTableRecord
  2
EZ_M_20_H25_CM
 70
0
 40
1.0
 41
0.05
 42
0.025
 43
3.75
 44
0.07500000000000001
 45
0.0
 46
0.0
 47
0.0
 48
0.0
 49
2.5
140
0.05
141
2.5
142
0.025
143
0.03937007874
144
100.0
145
0.0
146
0.5
147
0.020000000000000004
148
0.0
 69
0
 70
0
 71
0
 72
0
 73
0
 74
0
 75
0
 76
0
 77
1
 78
12
 79
3
170
0
171
3
172
1
173
0
174
0
175
0
176
0
177
0
178
0
179
2
271
2
272
2
273
2
274
3
275
0
276
0
277
2
278
46
279
2
280
0
281
0
282
0
283
0
284
8
285
0
286
0
288
1
289
3
290
0
340
4C
371
-2
372
-2
  0
DIMSTYLE
105
80
330
4
100
AcDbSymbolTableRecord
100
AcDbDimStyleTableRecord
  2
EZ_M_10_H25_CM
 70
0
 40
1.0
 41
0.025
 42
0.0125
 43
3.75
 44
0.037500000000000006
 45
0.0
 46
0.0
 47
0.0
 48
0.0
 49
2.5
140
0.025
141
2.5
142
0.0125
143
0.03937007874
144
100.0
145
0.0
146
0.5
147
0.010000000000000002
148
0.0
 69
0
 70
0
 71
0
 72
0
 73
0
 74
0
 75
0
 76
0
 77
1
 78
12
 79
3
170
0
171
3
172
1
173
0
174
0
175
0
176
0
177
0
178
0
179
2
271
2
272
2
273
2
274
3
275
0
276
0
277
2
278
46
279
2
280
0
281
0
282
0
283
0
284
8
285
0
286
0
288
1
289
3
290
0
340
4C
371
-2
372
-2
  0
DIMSTYLE
105
81
330
4
100
AcDbSymbolTableRecord
100
AcDbDimStyleTableRecord
  2
EZ_M_5_H25_CM
 70
0
 40
1.0
 41
0.0125
 42
0.00625
 43
3.75
 44
0.018750000000000003
 45
0.0
 46
0.0
 47
0.0
 48
0.0
 49
2.5
140
0.0125
141
2.5
142
0.00625
143
0.03937007874
144
100.0
145
0.0
146
0.5
147
0.005000000000000001
148
0.0
 69
0
 70
0
 71
0
 72
0
 73
0
 74
0
 75
0
 76
0
 77
1
 78
12
 79
3
170
0
171
3
172
1
173
0
174
0
175
0
176
0
177
0
178
0
179
2
271
2
272
2
273
2
274
3
275
0
276
0
277
2
278
46
279
2
280
0
281
0
282
0
283
0
284
8
285
0
286
0
288
1
289
3
290
0
340
4C
371
-2
372
-2
  0
DIMSTYLE
105
82
330
4
100
AcDbSymbolTableRecord
100
AcDbDimStyleTableRecord
  2
EZ_M_1_H25_CM
 70
0
 40
1.0
 41
0.0025
 42
0.00125
 43
3.75
 44
0.00375
 45
0.0
 46
0.0
 47
0.0
 48
0.0
 49
2.5
140
0.0025
141
2.5
142
0.00125
143
0.03937007874
144
100.0
145
0.0
146
0.5
147
0.001
148
0.0
 69
0
 70
0
 71
0
 72
0
 73
0
 74
0
 75
0
 76
0
 77
1
 78
12
 79
3
170
0
171
3
172
1
173
0
174
0
175
0
176
0
177
0
178
0
179
2
271
2
272
2
273
2
274
3
275
0
276
0
277
2
278
46
279
2
280
0
281
0
282
0
283
0
284
8
285
0
286
0
288
1
289
3
290
0
340
4C
371
-2
372
-2
  0
DIMSTYLE
105
83
330
4
100
AcDbSymbolTableRecord
100
AcDbDimStyleTableRecord
  2
EZ_RADIUS
 70
0
 40
1.0
 41
0.25
 42
0.125
 43
3.75
 44
0.375
 45
0.0
 46
0.0
 47
0.0
 48
0.0
 49
2.5
140
0.25
141
0.0
142
0.0
143
0.03937007874
144
100.0
145
0.0
146
0.5
147
0.1
148
0.0
 69
0
 70
0
 71
0
 72
0
 73
0
 74
0
 75
0
 76
0
 77
1
 78
12
 79
3
170
0
171
3
172
0
173
0
174
0
175
0
176
0
177
0
178
0
179
2
271
2
272
2
273
2
274
3
275
0
276
0
277
2
278
46
279
1
280
0
281
0
282
0
283
0
284
8
285
0
286
0
288
1
289
3
290
0
340
4C
342
84
371
-2
372
-2
  0
DIMSTYLE
105
88
330
4
100
AcDbSymbolTableRecord
100
AcDbDimStyleTableRecord
  2
EZ_RADIUS_INSIDE
 70
0
 40
1.0
 41
0.25
 42
0.125
 43
3.75
 44
0.375
 45
0.0
 46
0.0
 47
0.0
 48
0.0
 49
2.5
140
0.25
141
0.0
142
0.0
143
0.03937007874
144
100.0
145
0.0
146
0.5
147
0.1
148
0.0
 69
0
 70
0
 71
0
 72
0
 73
0
 74
0
 75
0
 76
0
 77
0
 78
12
 79
3
170
0
171
3
172
0
173
0
174
1
175
0
176
0
177
0
178
0
179
2
271
2
272
2
273
2
274
3
275
0
276
0
277
2
278
46
279
0
280
0
281
0
282
0
283
0
284
8
285
0
286
0
288
1
289
0
290
0
340
4C
342
84
371
-2
372
-2
  0
DIMSTYLE
105
89
330
4
100
AcDbSymbolTableRecord
100
AcDbDimStyleTableRecord
  2
EZ_CURVED
 70
0
 40
1.0
 41
0.25
 42
0.125
 43
3.75
 44
0.375
 45
0.0
 46
0.0
 47
0.0
 48
0.0
 49
2.5
140
0.25
141
2.5
142
0.0
143
0.03937007874
144
100.0
145
0.0
146
0.5
147
0.1
148
0.0
 69
0
 70
0
 71
0
 72
0
 73
0
 74
0
 75
0
 76
0
 77
1
 78
12
 79
2
 90
2
170
0
171
3
172
1
173
0
174
0
175
0
176
0
177
0
178
0
179
2
271
2
272
2
273
2
274
3
275
0
276
0
277
2
278
46
279
2
280
0
281
0
282
0
283
0
284
8
285
0
286
0
288
1
289
3
290
0
340
4C
371
-2
372
-2
  0
ENDTAB
  0
TABLE
  2
BLOCK_RECORD
  5
9
330
0
100
AcDbSymbolTable
 70
5
  0
BLOCK_RECORD
  5
17
330
9
100
AcDbSymbolTableRecord
100
AcDbBlockTableRecord
  2
*Model_Space
340
1A
 70
0
280
1
281
0
  0
BLOCK_RECORD
  5
1B
330
9
100
AcDbSymbolTableRecord
100
AcDbBlockTableRecord
  2
*Paper_Space
340
1E
 70
0
280
1
281
0
  0
BLOCK_RECORD
  5
74
330
9
100
AcDbSymbolTableRecord
100
AcDbBlockTableRecord
  2
_ARCHTICK
340
0
 70
0
280
1
281
0
  0
BLOCK_RECORD
  5
78
330
9
100
AcDbSymbolTableRecord
100
AcDbBlockTableRecord
  2
_CLOSEDFILLED
340
0
 70
0
280
1
281
0
  0
BLOCK_RECORD
  5
84
330
9
100
AcDbSymbolTableRecord
100
AcDbBlockTableRecord
  2
_CLOSEDBLANK
340
0
 70
0
280
1
281
0
  0
ENDTAB
  0
ENDSEC
  0
SECTION
  2
BLOCKS
  0
BLOCK
  5
18
330
17
100
AcDbEntity
  8
0
100
AcDbBlockBegin
  2
*Model_Space
 70
0
 10
0.0
 20
0.0
 30
0.0
  3
*Model_Space
  1

  0
ENDBLK
  5
19
330
17
100
AcDbEntity
  8
0
100
AcDbBlockEnd
  0
BLOCK
  5
1C
330
1B
100
AcDbEntity
  8
0
100
AcDbBlockBegin
  2
*Paper_Space
 70
0
 10
0.0
 20
0.0
 30
0.0
  3
*Paper_Space
  1

  0
ENDBLK
  5
1D
330
1B
100
AcDbEntity
  8
0
100
AcDbBlockEnd
  0
BLOCK
  5
75
330
74
100
AcDbEntity
  8
0
100
AcDbBlockBegin
  2
_ARCHTICK
 70
0
 10
0.0
 20
0.0
 30
0.0
  3
_ARCHTICK
  1

  0
LWPOLYLINE
  5
77
330
74
100
AcDbEntity
  8
0
  6
BYBLOCK
 62
0
100
AcDbPolyline
 90
2
 70
0
 43
0.15
 10
-0.5
 20
-0.5
 10
0.5
 20
0.5
  0
ENDBLK
  5
76
330
74
100
AcDbEntity
  8
0
100
AcDbBlockEnd
  0
BLOCK
  5
79
330
78
100
AcDbEntity
  8
0
100
AcDbBlockBegin
  2
_CLOSEDFILLED
 70
0
 10
0.0
 20
0.0
 30
0.0
  3
_CLOSEDFILLED
  1

  0
SOLID
  5
7B
330
78
100
AcDbEntity
  8
0
  6
BYBLOCK
 62
0
100
AcDbTrace
 10
-1.0
 20
0.16439898372402537
 30
0.0
 11
0.0
 21
0.0
 31
0.0
 12
-1.0
 22
-0.16439898372402537
 32
0.0
 13
-1.0
 23
-0.16439898372402537
 33
0.0
  0
ENDBLK
  5
7A
330
78
100
AcDbEntity
  8
0
100
AcDbBlockEnd
  0
BLOCK
  5
85
330
84
100
AcDbEntity
  8
0
100
AcDbBlockBegin
  2
_CLOSEDBLANK
 70
0
 10
0.0
 20
0.0
 30
0.0
  3
_CLOSEDBLANK
  1

  0
LWPOLYLINE
  5
87
330
84
100
AcDbEntity
  8
0
  6
BYBLOCK
 62
0
100
AcDbPolyline
 90
3
 70
1
 10
-1.0
 20
0.16439898372402537
 10
0.0
 20
0.0
 10
-1.0
 20
-0.16439898372402537
  0
ENDBLK
  5
86
330
84
100
AcDbEntity
  8
0
100
AcDbBlockEnd
  0
ENDSEC
  0
SECTION
  2
ENTITIES
  0
LINE
  5
AB
330
17
100
AcDbEntity
  8
marco
100
AcDbLine
 10
1.25
 20
-0.6000000000000001
 30
0.0
 11
41.45
 21
-0.6000000000000001
 31
0.0
  0
LINE
  5
AC
330
17
100
AcDbEntity
  8
marco
100
AcDbLine
 10
41.45
 20
-0.6000000000000001
 30
0.0
 11
41.45
 21
-29.1
 31
0.0
  0
LINE
  5
AD
330
17
100
AcDbEntity
  8
marco
100
AcDbLine
 10
41.45
 20
-29.1
 30
0.0
 11
1.25
 21
-29.1
 31
0.0
  0
LINE
  5
AE
330
17
100
AcDbEntity
  8
marco
100
AcDbLine
 10
1.25
 20
-29.1
 30
0.0
 11
1.25
 21
-0.6000000000000001
 31
0.0
  0
LINE
  5
AF
330
17
100
AcDbEntity
  8
marco-fino
100
AcDbLine
 10
6.25
 20
-0.6000000000000001
 30
0.0
 11
6.25
 21
-0.8
 31
0.0
  0
LINE
  5
B0
330
17
100
AcDbEntity
  8
marco-fino
100
AcDbLine
 10
11.25
 20
-0.6000000000000001
 30
0.0
 11
11.25
 21
-0.8
 31
0.0
  0
LINE
  5
B1
330
17
100
AcDbEntity
  8
marco-fino
100
AcDbLine
 10
16.25
 20
-0.6000000000000001
 30
0.0
 11
16.25
 21
-0.8
 31
0.0
  0
LINE
  5
B2
330
17
100
AcDbEntity
  8
marco-fino
100
AcDbLine
 10
21.25
 20
-0.6000000000000001
 30
0.0
 11
21.25
 21
-0.8
 31
0.0
  0
LINE
  5
B3
330
17
100
AcDbEntity
  8
marco-fino
100
AcDbLine
 10
26.25
 20
-0.6000000000000001
 30
0.0
 11
26.25
 21
-0.8
 31
0.0
  0
LINE
  5
B4
330
17
100
AcDbEntity
  8
marco-fino
100
AcDbLine
 10
31.25
 20
-0.6000000000000001
 30
0.0
 11
31.25
 21
-0.8
 31
0.0
  0
LINE
  5
B5
330
17
100
AcDbEntity
  8
marco-fino
100
AcDbLine
 10
36.25
 20
-0.6000000000000001
 30
0.0
 11
36.25
 21
-0.8
 31
0.0
  0
LINE
  5
B6
330
17
100
AcDbEntity
  8
hatch-2
100
AcDbLine
 10
0.25000000000000017
 20
0.6499999999999992
 30
0.0
 11
23.75
 21
0.6499999999999992
 31
0.0
  0
LINE
  5
B7
330
17
100
AcDbEntity
  8
hatch-2
100
AcDbLine
 10
0.25000000000000017
 20
1.05
 30
0.0
 11
23.75
 21
1.05
 31
0.0
  0
LINE
  5
B8
330
17
100
AcDbEntity
  8
hatch-2
100
AcDbLine
 10
0.25000000000000017
 20
1.4500000000000006
 30
0.0
 11
23.75
 21
1.4500000000000006
 31
0.0
  0
LINE
  5
B9
330
17
100
AcDbEntity
  8
hatch-2
100
AcDbLine
 10
0.25000000000000017
 20
1.8499999999999992
 30
0.0
 11
23.75
 21
1.8499999999999992
 31
0.0
  0
LINE
  5
BA
330
17
100
AcDbEntity
  8
hatch-2
100
AcDbLine
 10
0.25000000000000017
 20
2.25
 30
0.0
 11
23.75
 21
2.25
 31
0.0
  0
LINE
  5
BB
330
17
100
AcDbEntity
  8
hatch-2
100
AcDbLine
 10
0.25000000000000017
 20
2.650000000000001
 30
0.0
 11
23.75
 21
2.650000000000001
 31
0.0
  0
LINE
  5
BC
330
17
100
AcDbEntity
  8
hatch-2
100
AcDbLine
 10
0.25000000000000017
 20
3.050000000000001
 30
0.0
 11
23.75
 21
3.050000000000001
 31
0.0
  0
LINE
  5
BD
330
17
100
AcDbEntity
  8
hatch-2
100
AcDbLine
 10
0.25000000000000017
 20
3.4499999999999997
 30
0.0
 11
23.75
 21
3.4499999999999997
 31
0.0
  0
LINE
  5
BE
330
17
100
AcDbEntity
  8
hatch-2
100
AcDbLine
 10
0.25000000000000017
 20
3.8500000000000005
 30
0.0
 11
23.75
 21
3.8500000000000005
 31
0.0
  0
LINE
  5
BF
330
17
100
AcDbEntity
  8
hatch-2
100
AcDbLine
 10
0.25000000000000017
 20
4.25
 30
0.0
 11
23.75
 21
4.25
 31
0.0
  0
LINE
  5
C0
330
17
100
AcDbEntity
  8
hatch-2
100
AcDbLine
 10
0.25000000000000017
 20
4.6499999999999995
 30
0.0
 11
23.75
 21
4.6499999999999995
 31
0.0
  0
LINE
  5
C1
330
17
100
AcDbEntity
  8
hatch-2
100
AcDbLine
 10
0.25000000000000017
 20
5.050000000000001
 30
0.0
 11
23.75
 21
5.050000000000001
 31
0.0
  0
LINE
  5
C2
330
17
100
AcDbEntity
  8
hatch-2
100
AcDbLine
 10
0.25000000000000017
 20
5.45
 30
0.0
 11
23.75
 21
5.45
 31
0.0
  0
LINE
  5
C3
330
17
100
AcDbEntity
  8
hatch-2
100
AcDbLine
 10
0.25000000000000017
 20
5.8500000000000005
 30
0.0
 11
23.75
 21
5.8500000000000005
 31
0.0
  0
LINE
  5
C4
330
17
100
AcDbEntity
  8
hatch-2
100
AcDbLine
 10
0.25000000000000017
 20
6.25
 30
0.0
 11
23.75
 21
6.25
 31
0.0
  0
LINE
  5
C5
330
17
100
AcDbEntity
  8
hatch-2
100
AcDbLine
 10
0.25000000000000017
 20
6.65
 30
0.0
 11
23.75
 21
6.65
 31
0.0
  0
LINE
  5
C6
330
17
100
AcDbEntity
  8
hatch-2
100
AcDbLine
 10
0.25000000000000017
 20
7.050000000000001
 30
0.0
 11
23.75
 21
7.050000000000001
 31
0.0
  0
LINE
  5
C7
330
17
100
AcDbEntity
  8
hatch-2
100
AcDbLine
 10
0.25000000000000017
 20
7.45
 30
0.0
 11
23.75
 21
7.45
 31
0.0
  0
LINE
  5
C8
330
17
100
AcDbEntity
  8
hatch-2
100
AcDbLine
 10
0.25000000000000017
 20
7.85
 30
0.0
 11
23.75
 21
7.85
 31
0.0
  0
LINE
  5
C9
330
17
100
AcDbEntity
  8
hatch-2
100
AcDbLine
 10
0.25000000000000017
 20
8.25
 30
0.0
 11
23.75
 21
8.25
 31
0.0
  0
LINE
  5
CA
330
17
100
AcDbEntity
  8
hatch-2
100
AcDbLine
 10
0.25000000000000017
 20
8.65
 30
0.0
 11
23.75
 21
8.65
 31
0.0
  0
LINE
  5
CB
330
17
100
AcDbEntity
  8
hatch-2
100
AcDbLine
 10
0.25000000000000017
 20
9.05
 30
0.0
 11
23.75
 21
9.05
 31
0.0
  0
LWPOLYLINE
  5
CC
330
17
100
AcDbEntity
  8
marco-fino
100
AcDbPolyline
 90
4
 70
1
 10
0.25000000000000017
 20
0.2500000000000007
 10
23.75
 20
0.2500000000000007
 10
23.75
 20
9.35
 10
0.25000000000000017
 20
9.35
  0
LWPOLYLINE
  5
CD
330
17
100
AcDbEntity
  8
muro-fill
100
AcDbPolyline
 90
4
 70
1
 10
0.0
 20
0.0
 10
24.0
 20
0.0
 10
24.0
 20
0.2500000000000007
 10
0.0
 20
0.2500000000000007
  0
LINE
  5
CE
330
17
100
AcDbEntity
  8
hatch
100
AcDbLine
 10
23.78786796564404
 20
1.7763568394002505e-15
 30
0.0
 11
24.0
 21
0.21213203435596384
 31
0.0
  0
LINE
  5
CF
330
17
100
AcDbEntity
  8
hatch
100
AcDbLine
 10
23.575735931288072
 20
1.7763568394002505e-15
 30
0.0
 11
23.825735931288072
 21
0.25000000000000355
 31
0.0
  0
LINE
  5
D0
330
17
100
AcDbEntity
  8
hatch
100
AcDbLine
 10
23.36360389693211
 20
0.0
 30
0.0
 11
23.613603896932112
 21
0.2500000000000018
 31
0.0
  0
LINE
  5
D1
330
17
100
AcDbEntity
  8
hatch
100
AcDbLine
 10
23.15147186257614
 20
0.0
 30
0.0
 11
23.401471862576145
 21
0.2500000000000018
 31
0.0
  0
LINE
  5
D2
330
17
100
AcDbEntity
  8
hatch
100
AcDbLine
 10
22.939339828220177
 20
1.7763568394002505e-15
 30
0.0
 11
23.18933982822018
 21
0.25000000000000355
 31
0.0
  0
LINE
  5
D3
330
17
100
AcDbEntity
  8
hatch
100
AcDbLine
 10
22.727207793864217
 20
0.0
 30
0.0
 11
22.977207793864217
 21
0.2500000000000018
 31
0.0
  0
LINE
  5
D4
330
17
100
AcDbEntity
  8
hatch
100
AcDbLine
 10
22.51507575950825
 20
-1.7763568394002505e-15
 30
0.0
 11
22.76507575950825
 21
0.2500000000000018
 31
0.0
  0
LINE
  5
D5
330
17
100
AcDbEntity
  8
hatch
100
AcDbLine
 10
22.30294372515229
 20
1.7763568394002505e-15
 30
0.0
 11
22.55294372515229
 21
0.25000000000000355
 31
0.0
  0
LINE
  5
D6
330
17
100
AcDbEntity
  8
hatch
100
AcDbLine
 10
22.090811690796322
 20
0.0
 30
0.0
 11
22.340811690796322
 21
0.2500000000000018
 31
0.0
  0
LINE
  5
D7
330
17
100
AcDbEntity
  8
hatch
100
AcDbLine
 10
21.878679656440355
 20
-1.7763568394002505e-15
 30
0.0
 11
22.12867965644036
 21
0.2500000000000018
 31
0.0
  0
LINE
  5
D8
330
17
100
AcDbEntity
  8
hatch
100
AcDbLine
 10
21.666547622084394
 20
1.7763568394002505e-15
 30
0.0
 11
21.916547622084394
 21
0.25000000000000355
 31
0.0
  0
LINE
  5
D9
330
17
100
AcDbEntity
  8
hatch
100
AcDbLine
 10
21.454415587728427
 20
1.7763568394002505e-15
 30
0.0
 11
21.70441558772843
 21
0.25000000000000355
 31
0.0
  0
LINE
  5
DA
330
17
100
AcDbEntity
  8
hatch
100
AcDbLine
 10
21.242283553372467
 20
0.0
 30
0.0
 11
21.492283553372467
 21
0.2500000000000018
 31
0.0
  0
LINE
  5
DB
330
17
100
AcDbEntity
  8
hatch
100
AcDbLine
 10
21.0301515190165
 20
1.7763568394002505e-15
 30
0.0
 11
21.280151519016503
 21
0.25000000000000355
 31
0.0
  0
LINE
  5
DC
330
17
100
AcDbEntity
  8
hatch
100
AcDbLine
 10
20.818019484660535
 20
1.7763568394002505e-15
 30
0.0
 11
21.06801948466054
 21
0.25000000000000355
 31
0.0
  0
LINE
  5
DD
330
17
100
AcDbEntity
  8
hatch
100
AcDbLine
 10
20.60588745030457
 20
0.0
 30
0.0
 11
20.85588745030457
 21
0.2500000000000018
 31
0.0
  0
LINE
  5
DE
330
17
100
AcDbEntity
  8
hatch
100
AcDbLine
 10
20.393755415948608
 20
0.0
 30
0.0
 11
20.64375541594861
 21
0.2500000000000018
 31
0.0
  0
LINE
  5
DF
330
17
100
AcDbEntity
  8
hatch
100
AcDbLine
 10
20.181623381592644
 20
0.0
 30
0.0
 11
20.431623381592647
 21
0.25000000000000355
 31
0.0
  0
LINE
  5
E0
330
17
100
AcDbEntity
  8
hatch
100
AcDbLine
 10
19.96949134723668
 20
0.0
 30
0.0
 11
20.219491347236684
 21
0.2500000000000018
 31
0.0
  0
LINE
  5
E1
330
17
100
AcDbEntity
  8
hatch
100
AcDbLine
 10
19.757359312880716
 20
1.7763568394002505e-15
 30
0.0
 11
20.007359312880716
 21
0.25000000000000355
 31
0.0
  0
LINE
  5
E2
330
17
100
AcDbEntity
  8
hatch
100
AcDbLine
 10
19.54522727852475
 20
0.0
 30
0.0
 11
19.795227278524752
 21
0.25000000000000355
 31
0.0
  0
LINE
  5
E3
330
17
100
AcDbEntity
  8
hatch
100
AcDbLine
 10
19.333095244168785
 20
0.0
 30
0.0
 11
19.58309524416879
 21
0.25000000000000355
 31
0.0
  0
LINE
  5
E4
330
17
100
AcDbEntity
  8
hatch
100
AcDbLine
 10
19.12096320981282
 20
1.7763568394002505e-15
 30
0.0
 11
19.370963209812825
 21
0.25000000000000355
 31
0.0
  0
LINE
  5
E5
330
17
100
AcDbEntity
  8
hatch
100
AcDbLine
 10
18.908831175456857
 20
0.0
 30
0.0
 11
19.15883117545686
 21
0.2500000000000018
 31
0.0
  0
LINE
  5
E6
330
17
100
AcDbEntity
  8
hatch
100
AcDbLine
 10
18.696699141100893
 20
0.0
 30
0.0
 11
18.946699141100893
 21
0.25000000000000355
 31
0.0
  0
LINE
  5
E7
330
17
100
AcDbEntity
  8
hatch
100
AcDbLine
 10
18.48456710674493
 20
0.0
 30
0.0
 11
18.734567106744933
 21
0.2500000000000018
 31
0.0
  0
LINE
  5
E8
330
17
100
AcDbEntity
  8
hatch
100
AcDbLine
 10
18.272435072388962
 20
0.0
 30
0.0
 11
18.522435072388966
 21
0.25000000000000355
 31
0.0
  0
LINE
  5
E9
330
17
100
AcDbEntity
  8
hatch
100
AcDbLine
 10
18.060303038033002
 20
0.0
 30
0.0
 11
18.310303038033005
 21
0.2500000000000018
 31
0.0
  0
LINE
  5
EA
330
17
100
AcDbEntity
  8
hatch
100
AcDbLine
 10
17.848171003677038
 20
0.0
 30
0.0
 11
18.098171003677038
 21
0.25000000000000355
 31
0.0
  0
LINE
  5
EB
330
17
100
AcDbEntity
  8
hatch
100
AcDbLine
 10
17.63603896932107
 20
0.0
 30
0.0
 11
17.886038969321074
 21
0.25000000000000355
 31
0.0
  0
LINE
  5
EC
330
17
100
AcDbEntity
  8
hatch
100
AcDbLine
 10
17.42390693496511
 20
0.0
 30
0.0
 11
17.67390693496511
 21
0.2500000000000018
 31
0.0
  0
LINE
  5
ED
330
17
100
AcDbEntity
  8
hatch
100
AcDbLine
 10
17.211774900609143
 20
0.0
 30
0.0
 11
17.461774900609143
 21
0.2500000000000018
 31
0.0
  0
LINE
  5
EE
330
17
100
AcDbEntity
  8
hatch
100
AcDbLine
 10
16.99964286625318
 20
0.0
 30
0.0
 11
17.249642866253183
 21
0.25000000000000355
 31
0.0
  0
LINE
  5
EF
330
17
100
AcDbEntity
  8
hatch
100
AcDbLine
 10
16.787510831897215
 20
1.7763568394002505e-15
 30
0.0
 11
17.037510831897215
 21
0.2500000000000018
 31
0.0
  0
LINE
  5
F0
330
17
100
AcDbEntity
  8
hatch
100
AcDbLine
 10
16.575378797541248
 20
0.0
 30
0.0
 11
16.825378797541255
 21
0.2500000000000018
 31
0.0
  0
LINE
  5
F1
330
17
100
AcDbEntity
  8
hatch
100
AcDbLine
 10
16.363246763185288
 20
1.7763568394002505e-15
 30
0.0
 11
16.61324676318529
 21
0.25000000000000355
 31
0.0
  0
LINE
  5
F2
330
17
100
AcDbEntity
  8
hatch
100
AcDbLine
 10
16.15111472882932
 20
1.7763568394002505e-15
 30
0.0
 11
16.40111472882932
 21
0.2500000000000018
 31
0.0
  0
LINE
  5
F3
330
17
100
AcDbEntity
  8
hatch
100
AcDbLine
 10
15.938982694473358
 20
0.0
 30
0.0
 11
16.18898269447336
 21
0.25000000000000266
 31
0.0
  0
LINE
  5
F4
330
17
100
AcDbEntity
  8
hatch
100
AcDbLine
 10
15.726850660117394
 20
8.881784197001252e-16
 30
0.0
 11
15.976850660117396
 21
0.2500000000000009
 31
0.0
  0
LINE
  5
F5
330
17
100
AcDbEntity
  8
hatch
100
AcDbLine
 10
15.514718625761429
 20
0.0
 30
0.0
 11
15.764718625761432
 21
0.25000000000000355
 31
0.0
  0
LINE
  5
F6
330
17
100
AcDbEntity
  8
hatch
100
AcDbLine
 10
15.302586591405467
 20
0.0
 30
0.0
 11
15.552586591405468
 21
0.2500000000000018
 31
0.0
  0
LINE
  5
F7
330
17
100
AcDbEntity
  8
hatch
100
AcDbLine
 10
15.090454557049501
 20
8.881784197001252e-16
 30
0.0
 11
15.340454557049503
 21
0.25000000000000355
 31
0.0
  0
LINE
  5
F8
330
17
100
AcDbEntity
  8
hatch
100
AcDbLine
 10
14.878322522693537
 20
0.0
 30
0.0
 11
15.12832252269354
 21
0.25000000000000355
 31
0.0
  0
LINE
  5
F9
330
17
100
AcDbEntity
  8
hatch
100
AcDbLine
 10
14.666190488337573
 20
0.0
 30
0.0
 11
14.916190488337573
 21
0.25000000000000266
 31
0.0
  0
LINE
  5
FA
330
17
100
AcDbEntity
  8
hatch
100
AcDbLine
 10
14.45405845398161
 20
8.881784197001252e-16
 30
0.0
 11
14.70405845398161
 21
0.2500000000000018
 31
0.0
  0
LINE
  5
FB
330
17
100
AcDbEntity
  8
hatch
100
AcDbLine
 10
14.241926419625646
 20
0.0
 30
0.0
 11
14.49192641962565
 21
0.25000000000000266
 31
0.0
  0
LINE
  5
FC
330
17
100
AcDbEntity
  8
hatch
100
AcDbLine
 10
14.029794385269678
 20
0.0
 30
0.0
 11
14.279794385269678
 21
0.2500000000000018
 31
0.0
  0
LINE
  5
FD
330
17
100
AcDbEntity
  8
hatch
100
AcDbLine
 10
13.817662350913714
 20
0.0
 30
0.0
 11
14.067662350913718
 21
0.2500000000000018
 31
0.0
  0
LINE
  5
FE
330
17
100
AcDbEntity
  8
hatch
100
AcDbLine
 10
13.60553031655775
 20
0.0
 30
0.0
 11
13.855530316557754
 21
0.25000000000000266
 31
0.0
  0
LINE
  5
FF
330
17
100
AcDbEntity
  8
hatch
100
AcDbLine
 10
13.393398282201787
 20
0.0
 30
0.0
 11
13.643398282201787
 21
0.2500000000000018
 31
0.0
  0
LINE
  5
100
330
17
100
AcDbEntity
  8
hatch
100
AcDbLine
 10
13.181266247845823
 20
8.881784197001252e-16
 30
0.0
 11
13.431266247845826
 21
0.25000000000000266
 31
0.0
  0
LINE
  5
101
330
17
100
AcDbEntity
  8
hatch
100
AcDbLine
 10
12.969134213489856
 20
8.881784197001252e-16
 30
0.0
 11
13.219134213489859
 21
0.25000000000000266
 31
0.0
  0
LINE
  5
102
330
17
100
AcDbEntity
  8
hatch
100
AcDbLine
 10
12.757002179133895
 20
8.881784197001252e-16
 30
0.0
 11
13.007002179133897
 21
0.25000000000000355
 31
0.0
  0
LINE
  5
103
330
17
100
AcDbEntity
  8
hatch
100
AcDbLine
 10
12.54487014477793
 20
0.0
 30
0.0
 11
12.794870144777931
 21
0.2500000000000018
 31
0.0
  0
LINE
  5
104
330
17
100
AcDbEntity
  8
hatch
100
AcDbLine
 10
12.332738110421964
 20
8.881784197001252e-16
 30
0.0
 11
12.582738110421968
 21
0.25000000000000266
 31
0.0
  0
LINE
  5
105
330
17
100
AcDbEntity
  8
hatch
100
AcDbLine
 10
12.120606076066
 20
0.0
 30
0.0
 11
12.370606076066002
 21
0.2500000000000018
 31
0.0
  0
LINE
  5
106
330
17
100
AcDbEntity
  8
hatch
100
AcDbLine
 10
11.908474041710038
 20
0.0
 30
0.0
 11
12.15847404171004
 21
0.2500000000000018
 31
0.0
  0
LINE
  5
107
330
17
100
AcDbEntity
  8
hatch
100
AcDbLine
 10
11.696342007354072
 20
8.881784197001252e-16
 30
0.0
 11
11.946342007354076
 21
0.25000000000000266
 31
0.0
  0
LINE
  5
108
330
17
100
AcDbEntity
  8
hatch
100
AcDbLine
 10
11.484209972998109
 20
0.0
 30
0.0
 11
11.73420997299811
 21
0.2500000000000018
 31
0.0
  0
LINE
  5
109
330
17
100
AcDbEntity
  8
hatch
100
AcDbLine
 10
11.272077938642145
 20
8.881784197001252e-16
 30
0.0
 11
11.522077938642145
 21
0.25000000000000266
 31
0.0
  0
LINE
  5
10A
330
17
100
AcDbEntity
  8
hatch
100
AcDbLine
 10
11.05994590428618
 20
0.0
 30
0.0
 11
11.309945904286181
 21
0.2500000000000018
 31
0.0
  0
LINE
  5
10B
330
17
100
AcDbEntity
  8
hatch
100
AcDbLine
 10
10.847813869930217
 20
8.881784197001252e-16
 30
0.0
 11
11.097813869930217
 21
0.2500000000000018
 31
0.0
  0
LINE
  5
10C
330
17
100
AcDbEntity
  8
hatch
100
AcDbLine
 10
10.635681835574252
 20
0.0
 30
0.0
 11
10.885681835574253
 21
0.25000000000000266
 31
0.0
  0
LINE
  5
10D
330
17
100
AcDbEntity
  8
hatch
100
AcDbLine
 10
10.423549801218286
 20
0.0
 30
0.0
 11
10.67354980121829
 21
0.25000000000000266
 31
0.0
  0
LINE
  5
10E
330
17
100
AcDbEntity
  8
hatch
100
AcDbLine
 10
10.211417766862322
 20
0.0
 30
0.0
 11
10.461417766862322
 21
0.2500000000000009
 31
0.0
  0
LINE
  5
10F
330
17
100
AcDbEntity
  8
hatch
100
AcDbLine
 10
9.999285732506358
 20
8.881784197001252e-16
 30
0.0
 11
10.249285732506358
 21
0.25000000000000266
 31
0.0
  0
LINE
  5
110
330
17
100
AcDbEntity
  8
hatch
100
AcDbLine
 10
9.787153698150394
 20
0.0
 30
0.0
 11
10.037153698150398
 21
0.25000000000000266
 31
0.0
  0
LINE
  5
111
330
17
100
AcDbEntity
  8
hatch
100
AcDbLine
 10
9.57502166379443
 20
0.0
 30
0.0
 11
9.82502166379443
 21
0.2500000000000009
 31
0.0
  0
LINE
  5
112
330
17
100
AcDbEntity
  8
hatch
100
AcDbLine
 10
9.362889629438467
 20
8.881784197001252e-16
 30
0.0
 11
9.612889629438467
 21
0.25000000000000266
 31
0.0
  0
LINE
  5
113
330
17
100
AcDbEntity
  8
hatch
100
AcDbLine
 10
9.1507575950825
 20
0.0
 30
0.0
 11
9.400757595082503
 21
0.25000000000000266
 31
0.0
  0
LINE
  5
114
330
17
100
AcDbEntity
  8
hatch
100
AcDbLine
 10
8.938625560726535
 20
0.0
 30
0.0
 11
9.188625560726535
 21
0.2500000000000018
 31
0.0
  0
LINE
  5
115
330
17
100
AcDbEntity
  8
hatch
100
AcDbLine
 10
8.726493526370573
 20
0.0
 30
0.0
 11
8.976493526370575
 21
0.25000000000000266
 31
0.0
  0
LINE
  5
116
330
17
100
AcDbEntity
  8
hatch
100
AcDbLine
 10
8.51436149201461
 20
8.881784197001252e-16
 30
0.0
 11
8.764361492014611
 21
0.2500000000000018
 31
0.0
  0
LINE
  5
117
330
17
100
AcDbEntity
  8
hatch
100
AcDbLine
 10
8.302229457658644
 20
0.0
 30
0.0
 11
8.552229457658648
 21
0.25000000000000266
 31
0.0
  0
LINE
  5
118
330
17
100
AcDbEntity
  8
hatch
100
AcDbLine
 10
8.09009742330268
 20
0.0
 30
0.0
 11
8.340097423302682
 21
0.25000000000000266
 31
0.0
  0
LINE
  5
119
330
17
100
AcDbEntity
  8
hatch
100
AcDbLine
 10
7.8779653889467145
 20
4.440892098500626e-16
 30
0.0
 11
8.127965388946716
 21
0.2500000000000009
 31
0.0
  0
LINE
  5
11A
330
17
100
AcDbEntity
  8
hatch
100
AcDbLine
 10
7.665833354590752
 20
0.0
 30
0.0
 11
7.915833354590755
 21
0.25000000000000266
 31
0.0
  0
LINE
  5
11B
330
17
100
AcDbEntity
  8
hatch
100
AcDbLine
 10
7.453701320234787
 20
0.0
 30
0.0
 11
7.70370132023479
 21
0.25000000000000266
 31
0.0
  0
LINE
  5
11C
330
17
100
AcDbEntity
  8
hatch
100
AcDbLine
 10
7.241569285878823
 20
0.0
 30
0.0
 11
7.491569285878824
 21
0.25000000000000133
 31
0.0
  0
LINE
  5
11D
330
17
100
AcDbEntity
  8
hatch
100
AcDbLine
 10
7.029437251522857
 20
4.440892098500626e-16
 30
0.0
 11
7.279437251522861
 21
0.2500000000000031
 31
0.0
  0
LINE
  5
11E
330
17
100
AcDbEntity
  8
hatch
100
AcDbLine
 10
6.8173052171668935
 20
4.440892098500626e-16
 30
0.0
 11
7.067305217166895
 21
0.2500000000000031
 31
0.0
  0
LINE
  5
11F
330
17
100
AcDbEntity
  8
hatch
100
AcDbLine
 10
6.6051731828109315
 20
0.0
 30
0.0
 11
6.855173182810932
 21
0.2500000000000018
 31
0.0
  0
LINE
  5
120
330
17
100
AcDbEntity
  8
hatch
100
AcDbLine
 10
6.393041148454967
 20
8.881784197001252e-16
 30
0.0
 11
6.643041148454969
 21
0.25000000000000266
 31
0.0
  0
LINE
  5
121
330
17
100
AcDbEntity
  8
hatch
100
AcDbLine
 10
6.180909114099001
 20
0.0
 30
0.0
 11
6.430909114099004
 21
0.25000000000000266
 31
0.0
  0
LINE
  5
122
330
17
100
AcDbEntity
  8
hatch
100
AcDbLine
 10
5.968777079743036
 20
0.0
 30
0.0
 11
6.218777079743038
 21
0.25000000000000133
 31
0.0
  0
LINE
  5
123
330
17
100
AcDbEntity
  8
hatch
100
AcDbLine
 10
5.756645045387072
 20
0.0
 30
0.0
 11
6.006645045387074
 21
0.25000000000000266
 31
0.0
  0
LINE
  5
124
330
17
100
AcDbEntity
  8
hatch
100
AcDbLine
 10
5.54451301103111
 20
0.0
 30
0.0
 11
5.7945130110311105
 21
0.25000000000000133
 31
0.0
  0
LINE
  5
125
330
17
100
AcDbEntity
  8
hatch
100
AcDbLine
 10
5.332380976675145
 20
0.0
 30
0.0
 11
5.582380976675147
 21
0.25000000000000133
 31
0.0
  0
LINE
  5
126
330
17
100
AcDbEntity
  8
hatch
100
AcDbLine
 10
5.120248942319179
 20
-4.440892098500626e-16
 30
0.0
 11
5.370248942319183
 21
0.25000000000000266
 31
0.0
  0
LINE
  5
127
330
17
100
AcDbEntity
  8
hatch
100
AcDbLine
 10
4.908116907963215
 20
0.0
 30
0.0
 11
5.158116907963217
 21
0.25000000000000133
 31
0.0
  0
LINE
  5
128
330
17
100
AcDbEntity
  8
hatch
100
AcDbLine
 10
4.695984873607251
 20
0.0
 30
0.0
 11
4.945984873607252
 21
0.25000000000000133
 31
0.0
  0
LINE
  5
129
330
17
100
AcDbEntity
  8
hatch
100
AcDbLine
 10
4.483852839251289
 20
4.440892098500626e-16
 30
0.0
 11
4.733852839251291
 21
0.2500000000000031
 31
0.0
  0
LINE
  5
12A
330
17
100
AcDbEntity
  8
hatch
100
AcDbLine
 10
4.271720804895323
 20
0.0
 30
0.0
 11
4.521720804895325
 21
0.2500000000000018
 31
0.0
  0
LINE
  5
12B
330
17
100
AcDbEntity
  8
hatch
100
AcDbLine
 10
4.059588770539358
 20
0.0
 30
0.0
 11
4.309588770539362
 21
0.2500000000000031
 31
0.0
  0
LINE
  5
12C
330
17
100
AcDbEntity
  8
hatch
100
AcDbLine
 10
3.847456736183394
 20
4.440892098500626e-16
 30
0.0
 11
4.097456736183397
 21
0.2500000000000031
 31
0.0
  0
LINE
  5
12D
330
17
100
AcDbEntity
  8
hatch
100
AcDbLine
 10
3.6353247018274315
 20
0.0
 30
0.0
 11
3.8853247018274333
 21
0.2500000000000018
 31
0.0
  0
LINE
  5
12E
330
17
100
AcDbEntity
  8
hatch
100
AcDbLine
 10
3.423192667471467
 20
2.220446049250313e-16
 30
0.0
 11
3.67319266747147
 21
0.2500000000000029
 31
0.0
  0
LINE
  5
12F
330
17
100
AcDbEntity
  8
hatch
100
AcDbLine
 10
3.211060633115502
 20
0.0
 30
0.0
 11
3.461060633115504
 21
0.25000000000000155
 31
0.0
  0
LINE
  5
130
330
17
100
AcDbEntity
  8
hatch
100
AcDbLine
 10
2.9989285987595373
 20
0.0
 30
0.0
 11
3.248928598759539
 21
0.25000000000000155
 31
0.0
  0
LINE
  5
131
330
17
100
AcDbEntity
  8
hatch
100
AcDbLine
 10
2.7867965644035726
 20
2.220446049250313e-16
 30
0.0
 11
3.0367965644035753
 21
0.2500000000000031
 31
0.0
  0
LINE
  5
132
330
17
100
AcDbEntity
  8
hatch
100
AcDbLine
 10
2.57466453004761
 20
0.0
 30
0.0
 11
2.824664530047612
 21
0.2500000000000018
 31
0.0
  0
LINE
  5
133
330
17
100
AcDbEntity
  8
hatch
100
AcDbLine
 10
2.3625324956916454
 20
0.0
 30
0.0
 11
2.612532495691647
 21
0.2500000000000018
 31
0.0
  0
LINE
  5
134
330
17
100
AcDbEntity
  8
hatch
100
AcDbLine
 10
2.1504004613356806
 20
0.0
 30
0.0
 11
2.4004004613356837
 21
0.2500000000000031
 31
0.0
  0
LINE
  5
135
330
17
100
AcDbEntity
  8
hatch
100
AcDbLine
 10
1.938268426979716
 20
0.0
 30
0.0
 11
2.1882684269797177
 21
0.2500000000000019
 31
0.0
  0
LINE
  5
136
330
17
100
AcDbEntity
  8
hatch
100
AcDbLine
 10
1.726136392623751
 20
0.0
 30
0.0
 11
1.976136392623753
 21
0.2500000000000019
 31
0.0
  0
LINE
  5
137
330
17
100
AcDbEntity
  8
hatch
100
AcDbLine
 10
1.5140043582677887
 20
1.1102230246251565e-16
 30
0.0
 11
1.7640043582677905
 21
0.250000000000002
 31
0.0
  0
LINE
  5
138
330
17
100
AcDbEntity
  8
hatch
100
AcDbLine
 10
1.3018723239118215
 20
0.0
 30
0.0
 11
1.5518723239118235
 21
0.2500000000000019
 31
0.0
  0
LINE
  5
139
330
17
100
AcDbEntity
  8
hatch
100
AcDbLine
 10
1.0897402895558592
 20
0.0
 30
0.0
 11
1.339740289555861
 21
0.2500000000000019
 31
0.0
  0
LINE
  5
13A
330
17
100
AcDbEntity
  8
hatch
100
AcDbLine
 10
0.8776082551998969
 20
0.0
 30
0.0
 11
1.127608255199899
 21
0.2500000000000019
 31
0.0
  0
LINE
  5
13B
330
17
100
AcDbEntity
  8
hatch
100
AcDbLine
 10
0.6654762208439295
 20
-5.551115123125783e-17
 30
0.0
 11
0.9154762208439317
 21
0.25000000000000194
 31
0.0
  0
LINE
  5
13C
330
17
100
AcDbEntity
  8
hatch
100
AcDbLine
 10
0.45334418648796737
 20
0.0
 30
0.0
 11
0.7033441864879693
 21
0.25000000000000194
 31
0.0
  0
LINE
  5
13D
330
17
100
AcDbEntity
  8
hatch
100
AcDbLine
 10
0.24121215213200006
 20
0.0
 30
0.0
 11
0.4912121521320021
 21
0.25000000000000194
 31
0.0
  0
LINE
  5
13E
330
17
100
AcDbEntity
  8
hatch
100
AcDbLine
 10
0.029080117776037803
 20
0.0
 30
0.0
 11
0.27908011777603986
 21
0.250000000000002
 31
0.0
  0
LINE
  5
13F
330
17
100
AcDbEntity
  8
hatch
100
AcDbLine
 10
1.3877787807814457e-17
 20
0.18305191657992442
 30
0.0
 11
0.0669480834200776
 21
0.250000000000002
 31
0.0
  0
LWPOLYLINE
  5
140
330
17
100
AcDbEntity
  8
muro-corte
100
AcDbPolyline
 90
4
 70
1
 10
0.0
 20
0.0
 10
24.0
 20
0.0
 10
24.0
 20
0.2500000000000007
 10
0.0
 20
0.2500000000000007
  0
LWPOLYLINE
  5
141
330
17
100
AcDbEntity
  8
muro-fill
100
AcDbPolyline
 90
4
 70
1
 10
0.0
 20
9.35
 10
24.0
 20
9.35
 10
24.0
 20
9.6
 10
0.0
 20
9.6
  0
LINE
  5
142
330
17
100
AcDbEntity
  8
hatch
100
AcDbLine
 10
23.787867965644036
 20
9.35
 30
0.0
 11
24.0
 21
9.562132034355963
 31
0.0
  0
LINE
  5
143
330
17
100
AcDbEntity
  8
hatch
100
AcDbLine
 10
23.575735931288072
 20
9.349999999999998
 30
0.0
 11
23.825735931288072
 21
9.600000000000001
 31
0.0
  0
LINE
  5
144
330
17
100
AcDbEntity
  8
hatch
100
AcDbLine
 10
23.36360389693211
 20
9.35
 30
0.0
 11
23.61360389693211
 21
9.600000000000003
 31
0.0
  0
LINE
  5
145
330
17
100
AcDbEntity
  8
hatch
100
AcDbLine
 10
23.151471862576148
 20
9.350000000000001
 30
0.0
 11
23.401471862576145
 21
9.600000000000001
 31
0.0
  0
LINE
  5
146
330
17
100
AcDbEntity
  8
hatch
100
AcDbLine
 10
22.93933982822018
 20
9.350000000000001
 30
0.0
 11
23.18933982822018
 21
9.600000000000001
 31
0.0
  0
LINE
  5
147
330
17
100
AcDbEntity
  8
hatch
100
AcDbLine
 10
22.727207793864217
 20
9.350000000000001
 30
0.0
 11
22.977207793864217
 21
9.599999999999998
 31
0.0
  0
LINE
  5
148
330
17
100
AcDbEntity
  8
hatch
100
AcDbLine
 10
22.515075759508246
 20
9.349999999999998
 30
0.0
 11
22.765075759508253
 21
9.600000000000001
 31
0.0
  0
LINE
  5
149
330
17
100
AcDbEntity
  8
hatch
100
AcDbLine
 10
22.30294372515229
 20
9.350000000000001
 30
0.0
 11
22.55294372515229
 21
9.600000000000001
 31
0.0
  0
LINE
  5
14A
330
17
100
AcDbEntity
  8
hatch
100
AcDbLine
 10
22.090811690796325
 20
9.350000000000001
 30
0.0
 11
22.340811690796322
 21
9.600000000000001
 31
0.0
  0
LINE
  5
14B
330
17
100
AcDbEntity
  8
hatch
100
AcDbLine
 10
21.878679656440358
 20
9.35
 30
0.0
 11
22.12867965644036
 21
9.600000000000001
 31
0.0
  0
LINE
  5
14C
330
17
100
AcDbEntity
  8
hatch
100
AcDbLine
 10
21.666547622084394
 20
9.350000000000001
 30
0.0
 11
21.916547622084394
 21
9.6
 31
0.0
  0
LINE
  5
14D
330
17
100
AcDbEntity
  8
hatch
100
AcDbLine
 10
21.454415587728427
 20
9.350000000000001
 30
0.0
 11
21.70441558772843
 21
9.600000000000001
 31
0.0
  0
LINE
  5
14E
330
17
100
AcDbEntity
  8
hatch
100
AcDbLine
 10
21.242283553372467
 20
9.35
 30
0.0
 11
21.49228355337247
 21
9.600000000000001
 31
0.0
  0
LINE
  5
14F
330
17
100
AcDbEntity
  8
hatch
100
AcDbLine
 10
21.030151519016503
 20
9.350000000000001
 30
0.0
 11
21.280151519016503
 21
9.6
 31
0.0
  0
LINE
  5
150
330
17
100
AcDbEntity
  8
hatch
100
AcDbLine
 10
20.81801948466054
 20
9.350000000000001
 30
0.0
 11
21.06801948466054
 21
9.600000000000001
 31
0.0
  0
LINE
  5
151
330
17
100
AcDbEntity
  8
hatch
100
AcDbLine
 10
20.60588745030457
 20
9.350000000000001
 30
0.0
 11
20.85588745030457
 21
9.600000000000001
 31
0.0
  0
LINE
  5
152
330
17
100
AcDbEntity
  8
hatch
100
AcDbLine
 10
20.39375541594861
 20
9.350000000000001
 30
0.0
 11
20.64375541594861
 21
9.600000000000001
 31
0.0
  0
LINE
  5
153
330
17
100
AcDbEntity
  8
hatch
100
AcDbLine
 10
20.181623381592644
 20
9.349999999999998
 30
0.0
 11
20.431623381592647
 21
9.600000000000001
 31
0.0
  0
LINE
  5
154
330
17
100
AcDbEntity
  8
hatch
100
AcDbLine
 10
19.96949134723668
 20
9.350000000000001
 30
0.0
 11
20.21949134723668
 21
9.600000000000001
 31
0.0
  0
LINE
  5
155
330
17
100
AcDbEntity
  8
hatch
100
AcDbLine
 10
19.757359312880716
 20
9.35
 30
0.0
 11
20.00735931288072
 21
9.600000000000001
 31
0.0
  0
LINE
  5
156
330
17
100
AcDbEntity
  8
hatch
100
AcDbLine
 10
19.545227278524752
 20
9.350000000000001
 30
0.0
 11
19.795227278524752
 21
9.600000000000001
 31
0.0
  0
LINE
  5
157
330
17
100
AcDbEntity
  8
hatch
100
AcDbLine
 10
19.33309524416879
 20
9.350000000000001
 30
0.0
 11
19.58309524416879
 21
9.600000000000001
 31
0.0
  0
LINE
  5
158
330
17
100
AcDbEntity
  8
hatch
100
AcDbLine
 10
19.120963209812825
 20
9.35
 30
0.0
 11
19.370963209812825
 21
9.600000000000001
 31
0.0
  0
LINE
  5
159
330
17
100
AcDbEntity
  8
hatch
100
AcDbLine
 10
18.908831175456857
 20
9.349999999999998
 30
0.0
 11
19.15883117545686
 21
9.600000000000001
 31
0.0
  0
LINE
  5
15A
330
17
100
AcDbEntity
  8
hatch
100
AcDbLine
 10
18.696699141100893
 20
9.350000000000001
 30
0.0
 11
18.946699141100897
 21
9.600000000000001
 31
0.0
  0
LINE
  5
15B
330
17
100
AcDbEntity
  8
hatch
100
AcDbLine
 10
18.48456710674493
 20
9.350000000000001
 30
0.0
 11
18.73456710674493
 21
9.600000000000001
 31
0.0
  0
LINE
  5
15C
330
17
100
AcDbEntity
  8
hatch
100
AcDbLine
 10
18.272435072388966
 20
9.35
 30
0.0
 11
18.522435072388966
 21
9.600000000000001
 31
0.0
  0
LINE
  5
15D
330
17
100
AcDbEntity
  8
hatch
100
AcDbLine
 10
18.060303038033002
 20
9.35
 30
0.0
 11
18.310303038033002
 21
9.6
 31
0.0
  0
LINE
  5
15E
330
17
100
AcDbEntity
  8
hatch
100
AcDbLine
 10
17.848171003677038
 20
9.35
 30
0.0
 11
18.098171003677038
 21
9.600000000000001
 31
0.0
  0
LINE
  5
15F
330
17
100
AcDbEntity
  8
hatch
100
AcDbLine
 10
17.636038969321074
 20
9.350000000000001
 30
0.0
 11
17.886038969321074
 21
9.600000000000001
 31
0.0
  0
LINE
  5
160
330
17
100
AcDbEntity
  8
hatch
100
AcDbLine
 10
17.42390693496511
 20
9.35
 30
0.0
 11
17.673906934965114
 21
9.600000000000003
 31
0.0
  0
LINE
  5
161
330
17
100
AcDbEntity
  8
hatch
100
AcDbLine
 10
17.211774900609146
 20
9.349999999999998
 30
0.0
 11
17.461774900609146
 21
9.600000000000001
 31
0.0
  0
LINE
  5
162
330
17
100
AcDbEntity
  8
hatch
100
AcDbLine
 10
16.99964286625318
 20
9.349999999999998
 30
0.0
 11
17.249642866253183
 21
9.600000000000001
 31
0.0
  0
LINE
  5
163
330
17
100
AcDbEntity
  8
hatch
100
AcDbLine
 10
16.78751083189722
 20
9.350000000000001
 30
0.0
 11
17.037510831897215
 21
9.600000000000001
 31
0.0
  0
LINE
  5
164
330
17
100
AcDbEntity
  8
hatch
100
AcDbLine
 10
16.57537879754125
 20
9.35
 30
0.0
 11
16.825378797541255
 21
9.600000000000003
 31
0.0
  0
LINE
  5
165
330
17
100
AcDbEntity
  8
hatch
100
AcDbLine
 10
16.363246763185288
 20
9.350000000000001
 30
0.0
 11
16.61324676318529
 21
9.600000000000003
 31
0.0
  0
LINE
  5
166
330
17
100
AcDbEntity
  8
hatch
100
AcDbLine
 10
16.151114728829324
 20
9.35
 30
0.0
 11
16.401114728829324
 21
9.600000000000001
 31
0.0
  0
LINE
  5
167
330
17
100
AcDbEntity
  8
hatch
100
AcDbLine
 10
15.938982694473356
 20
9.349999999999998
 30
0.0
 11
16.18898269447336
 21
9.600000000000001
 31
0.0
  0
LINE
  5
168
330
17
100
AcDbEntity
  8
hatch
100
AcDbLine
 10
15.726850660117396
 20
9.350000000000001
 30
0.0
 11
15.976850660117396
 21
9.600000000000001
 31
0.0
  0
LINE
  5
169
330
17
100
AcDbEntity
  8
hatch
100
AcDbLine
 10
15.51471862576143
 20
9.350000000000001
 30
0.0
 11
15.764718625761432
 21
9.600000000000001
 31
0.0
  0
LINE
  5
16A
330
17
100
AcDbEntity
  8
hatch
100
AcDbLine
 10
15.302586591405467
 20
9.350000000000001
 30
0.0
 11
15.552586591405467
 21
9.600000000000001
 31
0.0
  0
LINE
  5
16B
330
17
100
AcDbEntity
  8
hatch
100
AcDbLine
 10
15.090454557049505
 20
9.350000000000003
 30
0.0
 11
15.340454557049505
 21
9.600000000000001
 31
0.0
  0
LINE
  5
16C
330
17
100
AcDbEntity
  8
hatch
100
AcDbLine
 10
14.878322522693535
 20
9.349999999999998
 30
0.0
 11
15.128322522693539
 21
9.6
 31
0.0
  0
LINE
  5
16D
330
17
100
AcDbEntity
  8
hatch
100
AcDbLine
 10
14.666190488337573
 20
9.35
 30
0.0
 11
14.916190488337575
 21
9.600000000000001
 31
0.0
  0
LINE
  5
16E
330
17
100
AcDbEntity
  8
hatch
100
AcDbLine
 10
14.45405845398161
 20
9.35
 30
0.0
 11
14.70405845398161
 21
9.600000000000001
 31
0.0
  0
LINE
  5
16F
330
17
100
AcDbEntity
  8
hatch
100
AcDbLine
 10
14.241926419625647
 20
9.350000000000001
 30
0.0
 11
14.49192641962565
 21
9.600000000000003
 31
0.0
  0
LINE
  5
170
330
17
100
AcDbEntity
  8
hatch
100
AcDbLine
 10
14.029794385269682
 20
9.35
 30
0.0
 11
14.279794385269682
 21
9.600000000000001
 31
0.0
  0
LINE
  5
171
330
17
100
AcDbEntity
  8
hatch
100
AcDbLine
 10
13.817662350913714
 20
9.349999999999998
 30
0.0
 11
14.067662350913718
 21
9.6
 31
0.0
  0
LINE
  5
172
330
17
100
AcDbEntity
  8
hatch
100
AcDbLine
 10
13.60553031655775
 20
9.349999999999998
 30
0.0
 11
13.855530316557752
 21
9.600000000000001
 31
0.0
  0
LINE
  5
173
330
17
100
AcDbEntity
  8
hatch
100
AcDbLine
 10
13.393398282201789
 20
9.350000000000001
 30
0.0
 11
13.64339828220179
 21
9.600000000000003
 31
0.0
  0
LINE
  5
174
330
17
100
AcDbEntity
  8
hatch
100
AcDbLine
 10
13.181266247845823
 20
9.35
 30
0.0
 11
13.431266247845825
 21
9.600000000000001
 31
0.0
  0
LINE
  5
175
330
17
100
AcDbEntity
  8
hatch
100
AcDbLine
 10
12.969134213489859
 20
9.35
 30
0.0
 11
13.21913421348986
 21
9.600000000000001
 31
0.0
  0
LINE
  5
176
330
17
100
AcDbEntity
  8
hatch
100
AcDbLine
 10
12.757002179133895
 20
9.35
 30
0.0
 11
13.007002179133899
 21
9.600000000000003
 31
0.0
  0
LINE
  5
177
330
17
100
AcDbEntity
  8
hatch
100
AcDbLine
 10
12.544870144777931
 20
9.35
 30
0.0
 11
12.794870144777933
 21
9.600000000000001
 31
0.0
  0
LINE
  5
178
330
17
100
AcDbEntity
  8
hatch
100
AcDbLine
 10
12.332738110421964
 20
9.349999999999998
 30
0.0
 11
12.582738110421968
 21
9.600000000000001
 31
0.0
  0
LINE
  5
179
330
17
100
AcDbEntity
  8
hatch
100
AcDbLine
 10
12.120606076066002
 20
9.350000000000001
 30
0.0
 11
12.370606076066002
 21
9.600000000000001
 31
0.0
  0
LINE
  5
17A
330
17
100
AcDbEntity
  8
hatch
100
AcDbLine
 10
11.90847404171004
 20
9.35
 30
0.0
 11
12.158474041710042
 21
9.600000000000001
 31
0.0
  0
LINE
  5
17B
330
17
100
AcDbEntity
  8
hatch
100
AcDbLine
 10
11.696342007354072
 20
9.349999999999998
 30
0.0
 11
11.946342007354074
 21
9.600000000000001
 31
0.0
  0
LINE
  5
17C
330
17
100
AcDbEntity
  8
hatch
100
AcDbLine
 10
11.48420997299811
 20
9.350000000000001
 30
0.0
 11
11.73420997299811
 21
9.600000000000001
 31
0.0
  0
LINE
  5
17D
330
17
100
AcDbEntity
  8
hatch
100
AcDbLine
 10
11.272077938642147
 20
9.350000000000001
 30
0.0
 11
11.522077938642147
 21
9.600000000000001
 31
0.0
  0
LINE
  5
17E
330
17
100
AcDbEntity
  8
hatch
100
AcDbLine
 10
11.059945904286181
 20
9.35
 30
0.0
 11
11.309945904286183
 21
9.600000000000001
 31
0.0
  0
LINE
  5
17F
330
17
100
AcDbEntity
  8
hatch
100
AcDbLine
 10
10.847813869930217
 20
9.35
 30
0.0
 11
11.097813869930217
 21
9.600000000000001
 31
0.0
  0
LINE
  5
180
330
17
100
AcDbEntity
  8
hatch
100
AcDbLine
 10
10.635681835574253
 20
9.350000000000001
 30
0.0
 11
10.885681835574255
 21
9.600000000000001
 31
0.0
  0
LINE
  5
181
330
17
100
AcDbEntity
  8
hatch
100
AcDbLine
 10
10.423549801218288
 20
9.35
 30
0.0
 11
10.673549801218291
 21
9.600000000000001
 31
0.0
  0
LINE
  5
182
330
17
100
AcDbEntity
  8
hatch
100
AcDbLine
 10
10.211417766862324
 20
9.350000000000001
 30
0.0
 11
10.461417766862324
 21
9.600000000000001
 31
0.0
  0
LINE
  5
183
330
17
100
AcDbEntity
  8
hatch
100
AcDbLine
 10
9.999285732506358
 20
9.35
 30
0.0
 11
10.24928573250636
 21
9.600000000000001
 31
0.0
  0
LINE
  5
184
330
17
100
AcDbEntity
  8
hatch
100
AcDbLine
 10
9.787153698150396
 20
9.35
 30
0.0
 11
10.0371536981504
 21
9.600000000000001
 31
0.0
  0
LINE
  5
185
330
17
100
AcDbEntity
  8
hatch
100
AcDbLine
 10
9.57502166379443
 20
9.35
 30
0.0
 11
9.825021663794432
 21
9.600000000000001
 31
0.0
  0
LINE
  5
186
330
17
100
AcDbEntity
  8
hatch
100
AcDbLine
 10
9.362889629438467
 20
9.35
 30
0.0
 11
9.612889629438468
 21
9.600000000000001
 31
0.0
  0
LINE
  5
187
330
17
100
AcDbEntity
  8
hatch
100
AcDbLine
 10
9.150757595082503
 20
9.35
 30
0.0
 11
9.400757595082505
 21
9.600000000000001
 31
0.0
  0
LINE
  5
188
330
17
100
AcDbEntity
  8
hatch
100
AcDbLine
 10
8.938625560726537
 20
9.35
 30
0.0
 11
9.188625560726539
 21
9.6
 31
0.0
  0
LINE
  5
189
330
17
100
AcDbEntity
  8
hatch
100
AcDbLine
 10
8.726493526370575
 20
9.35
 30
0.0
 11
8.976493526370577
 21
9.600000000000001
 31
0.0
  0
LINE
  5
18A
330
17
100
AcDbEntity
  8
hatch
100
AcDbLine
 10
8.514361492014611
 20
9.35
 30
0.0
 11
8.764361492014611
 21
9.6
 31
0.0
  0
LINE
  5
18B
330
17
100
AcDbEntity
  8
hatch
100
AcDbLine
 10
8.302229457658644
 20
9.35
 30
0.0
 11
8.552229457658648
 21
9.600000000000003
 31
0.0
  0
LINE
  5
18C
330
17
100
AcDbEntity
  8
hatch
100
AcDbLine
 10
8.09009742330268
 20
9.35
 30
0.0
 11
8.340097423302682
 21
9.600000000000001
 31
0.0
  0
LINE
  5
18D
330
17
100
AcDbEntity
  8
hatch
100
AcDbLine
 10
7.877965388946716
 20
9.35
 30
0.0
 11
8.127965388946716
 21
9.6
 31
0.0
  0
LINE
  5
18E
330
17
100
AcDbEntity
  8
hatch
100
AcDbLine
 10
7.665833354590753
 20
9.35
 30
0.0
 11
7.915833354590755
 21
9.600000000000003
 31
0.0
  0
LINE
  5
18F
330
17
100
AcDbEntity
  8
hatch
100
AcDbLine
 10
7.453701320234789
 20
9.35
 30
0.0
 11
7.70370132023479
 21
9.600000000000001
 31
0.0
  0
LINE
  5
190
330
17
100
AcDbEntity
  8
hatch
100
AcDbLine
 10
7.241569285878825
 20
9.35
 30
0.0
 11
7.491569285878825
 21
9.6
 31
0.0
  0
LINE
  5
191
330
17
100
AcDbEntity
  8
hatch
100
AcDbLine
 10
7.02943725152286
 20
9.35
 30
0.0
 11
7.279437251522862
 21
9.600000000000001
 31
0.0
  0
LINE
  5
192
330
17
100
AcDbEntity
  8
hatch
100
AcDbLine
 10
6.817305217166894
 20
9.35
 30
0.0
 11
7.067305217166896
 21
9.600000000000003
 31
0.0
  0
LINE
  5
193
330
17
100
AcDbEntity
  8
hatch
100
AcDbLine
 10
6.605173182810932
 20
9.35
 30
0.0
 11
6.855173182810933
 21
9.6
 31
0.0
  0
LINE
  5
194
330
17
100
AcDbEntity
  8
hatch
100
AcDbLine
 10
6.393041148454968
 20
9.35
 30
0.0
 11
6.6430411484549685
 21
9.600000000000001
 31
0.0
  0
LINE
  5
195
330
17
100
AcDbEntity
  8
hatch
100
AcDbLine
 10
6.180909114099003
 20
9.35
 30
0.0
 11
6.430909114099005
 21
9.600000000000001
 31
0.0
  0
LINE
  5
196
330
17
100
AcDbEntity
  8
hatch
100
AcDbLine
 10
5.968777079743037
 20
9.35
 30
0.0
 11
6.218777079743038
 21
9.600000000000001
 31
0.0
  0
LINE
  5
197
330
17
100
AcDbEntity
  8
hatch
100
AcDbLine
 10
5.7566450453870734
 20
9.35
 30
0.0
 11
6.006645045387075
 21
9.600000000000001
 31
0.0
  0
LINE
  5
198
330
17
100
AcDbEntity
  8
hatch
100
AcDbLine
 10
5.544513011031111
 20
9.35
 30
0.0
 11
5.794513011031112
 21
9.6
 31
0.0
  0
LINE
  5
199
330
17
100
AcDbEntity
  8
hatch
100
AcDbLine
 10
5.332380976675146
 20
9.35
 30
0.0
 11
5.582380976675147
 21
9.600000000000001
 31
0.0
  0
LINE
  5
19A
330
17
100
AcDbEntity
  8
hatch
100
AcDbLine
 10
5.120248942319181
 20
9.350000000000001
 30
0.0
 11
5.370248942319183
 21
9.600000000000001
 31
0.0
  0
LINE
  5
19B
330
17
100
AcDbEntity
  8
hatch
100
AcDbLine
 10
4.908116907963216
 20
9.35
 30
0.0
 11
5.158116907963217
 21
9.600000000000001
 31
0.0
  0
LINE
  5
19C
330
17
100
AcDbEntity
  8
hatch
100
AcDbLine
 10
4.695984873607252
 20
9.350000000000001
 30
0.0
 11
4.945984873607253
 21
9.600000000000001
 31
0.0
  0
LINE
  5
19D
330
17
100
AcDbEntity
  8
hatch
100
AcDbLine
 10
4.4838528392512895
 20
9.35
 30
0.0
 11
4.733852839251291
 21
9.600000000000001
 31
0.0
  0
LINE
  5
19E
330
17
100
AcDbEntity
  8
hatch
100
AcDbLine
 10
4.271720804895325
 20
9.35
 30
0.0
 11
4.521720804895326
 21
9.600000000000001
 31
0.0
  0
LINE
  5
19F
330
17
100
AcDbEntity
  8
hatch
100
AcDbLine
 10
4.05958877053936
 20
9.35
 30
0.0
 11
4.309588770539362
 21
9.600000000000001
 31
0.0
  0
LINE
  5
1A0
330
17
100
AcDbEntity
  8
hatch
100
AcDbLine
 10
3.8474567361833953
 20
9.35
 30
0.0
 11
4.097456736183397
 21
9.600000000000001
 31
0.0
  0
LINE
  5
1A1
330
17
100
AcDbEntity
  8
hatch
100
AcDbLine
 10
3.6353247018274333
 20
9.35
 30
0.0
 11
3.885324701827434
 21
9.600000000000001
 31
0.0
  0
LINE
  5
1A2
330
17
100
AcDbEntity
  8
hatch
100
AcDbLine
 10
3.423192667471468
 20
9.35
 30
0.0
 11
3.6731926674714708
 21
9.600000000000001
 31
0.0
  0
LINE
  5
1A3
330
17
100
AcDbEntity
  8
hatch
100
AcDbLine
 10
3.211060633115504
 20
9.35
 30
0.0
 11
3.4610606331155047
 21
9.600000000000001
 31
0.0
  0
LINE
  5
1A4
330
17
100
AcDbEntity
  8
hatch
100
AcDbLine
 10
2.9989285987595387
 20
9.35
 30
0.0
 11
3.2489285987595395
 21
9.600000000000001
 31
0.0
  0
LINE
  5
1A5
330
17
100
AcDbEntity
  8
hatch
100
AcDbLine
 10
2.7867965644035744
 20
9.35
 30
0.0
 11
3.036796564403576
 21
9.600000000000001
 31
0.0
  0
LINE
  5
1A6
330
17
100
AcDbEntity
  8
hatch
100
AcDbLine
 10
2.5746645300476123
 20
9.350000000000001
 30
0.0
 11
2.824664530047613
 21
9.600000000000001
 31
0.0
  0
LINE
  5
1A7
330
17
100
AcDbEntity
  8
hatch
100
AcDbLine
 10
2.362532495691647
 20
9.35
 30
0.0
 11
2.612532495691648
 21
9.600000000000001
 31
0.0
  0
LINE
  5
1A8
330
17
100
AcDbEntity
  8
hatch
100
AcDbLine
 10
2.1504004613356824
 20
9.350000000000001
 30
0.0
 11
2.400400461335684
 21
9.600000000000001
 31
0.0
  0
LINE
  5
1A9
330
17
100
AcDbEntity
  8
hatch
100
AcDbLine
 10
1.9382684269797172
 20
9.35
 30
0.0
 11
2.188268426979718
 21
9.600000000000001
 31
0.0
  0
LINE
  5
1AA
330
17
100
AcDbEntity
  8
hatch
100
AcDbLine
 10
1.726136392623752
 20
9.35
 30
0.0
 11
1.976136392623753
 21
9.600000000000001
 31
0.0
  0
LINE
  5
1AB
330
17
100
AcDbEntity
  8
hatch
100
AcDbLine
 10
1.51400435826779
 20
9.35
 30
0.0
 11
1.764004358267791
 21
9.600000000000001
 31
0.0
  0
LINE
  5
1AC
330
17
100
AcDbEntity
  8
hatch
100
AcDbLine
 10
1.301872323911823
 20
9.35
 30
0.0
 11
1.551872323911824
 21
9.600000000000001
 31
0.0
  0
LINE
  5
1AD
330
17
100
AcDbEntity
  8
hatch
100
AcDbLine
 10
1.089740289555861
 20
9.35
 30
0.0
 11
1.3397402895558619
 21
9.600000000000001
 31
0.0
  0
LINE
  5
1AE
330
17
100
AcDbEntity
  8
hatch
100
AcDbLine
 10
0.8776082551998989
 20
9.35
 30
0.0
 11
1.1276082551998998
 21
9.600000000000001
 31
0.0
  0
LINE
  5
1AF
330
17
100
AcDbEntity
  8
hatch
100
AcDbLine
 10
0.6654762208439315
 20
9.35
 30
0.0
 11
0.9154762208439324
 21
9.600000000000001
 31
0.0
  0
LINE
  5
1B0
330
17
100
AcDbEntity
  8
hatch
100
AcDbLine
 10
0.4533441864879695
 20
9.35
 30
0.0
 11
0.7033441864879704
 21
9.600000000000001
 31
0.0
  0
LINE
  5
1B1
330
17
100
AcDbEntity
  8
hatch
100
AcDbLine
 10
0.2412121521320021
 20
9.35
 30
0.0
 11
0.491212152132003
 21
9.600000000000001
 31
0.0
  0
LINE
  5
1B2
330
17
100
AcDbEntity
  8
hatch
100
AcDbLine
 10
0.02908011777603914
 20
9.35
 30
0.0
 11
0.27908011777604
 21
9.600000000000001
 31
0.0
  0
LINE
  5
1B3
330
17
100
AcDbEntity
  8
hatch
100
AcDbLine
 10
0.0
 20
9.533051916579922
 30
0.0
 11
0.06694808342007796
 21
9.600000000000001
 31
0.0
  0
LWPOLYLINE
  5
1B4
330
17
100
AcDbEntity
  8
muro-corte
100
AcDbPolyline
 90
4
 70
1
 10
0.0
 20
9.35
 10
24.0
 20
9.35
 10
24.0
 20
9.6
 10
0.0
 20
9.6
  0
LWPOLYLINE
  5
1B5
330
17
100
AcDbEntity
  8
muro-fill
100
AcDbPolyline
 90
4
 70
1
 10
0.0
 20
0.2500000000000007
 10
0.25000000000000017
 20
0.2500000000000007
 10
0.25000000000000017
 20
9.35
 10
0.0
 20
9.35
  0
LINE
  5
1B6
330
17
100
AcDbEntity
  8
hatch
100
AcDbLine
 10
0.0378679656440359
 20
0.2500000000000007
 30
0.0
 11
0.2500000000000002
 21
0.462132034355965
 31
0.0
  0
LINE
  5
1B7
330
17
100
AcDbEntity
  8
hatch
100
AcDbLine
 10
2.7755575615628914e-16
 20
0.4242640687119293
 30
0.0
 11
0.25000000000000017
 21
0.6742640687119291
 31
0.0
  0
LINE
  5
1B8
330
17
100
AcDbEntity
  8
hatch
100
AcDbLine
 10
-1.1102230246251565e-16
 20
0.6363961030678932
 30
0.0
 11
0.2500000000000002
 21
0.8863961030678935
 31
0.0
  0
LINE
  5
1B9
330
17
100
AcDbEntity
  8
hatch
100
AcDbLine
 10
1.1102230246251565e-16
 20
0.8485281374238577
 30
0.0
 11
0.2500000000000002
 21
1.0985281374238578
 31
0.0
  0
LINE
  5
1BA
330
17
100
AcDbEntity
  8
hatch
100
AcDbLine
 10
3.3306690738754696e-16
 20
1.0606601717798223
 30
0.0
 11
0.2500000000000002
 21
1.310660171779822
 31
0.0
  0
LINE
  5
1BB
330
17
100
AcDbEntity
  8
hatch
100
AcDbLine
 10
1.1102230246251565e-16
 20
1.2727922061357861
 30
0.0
 11
0.2500000000000002
 21
1.5227922061357861
 31
0.0
  0
LINE
  5
1BC
330
17
100
AcDbEntity
  8
hatch
100
AcDbLine
 10
2.220446049250313e-16
 20
1.4849242404917506
 30
0.0
 11
0.2500000000000002
 21
1.7349242404917506
 31
0.0
  0
LINE
  5
1BD
330
17
100
AcDbEntity
  8
hatch
100
AcDbLine
 10
-6.661338147750939e-16
 20
1.6970562748477138
 30
0.0
 11
0.25000000000000033
 21
1.9470562748477147
 31
0.0
  0
LINE
  5
1BE
330
17
100
AcDbEntity
  8
hatch
100
AcDbLine
 10
3.3306690738754696e-16
 20
1.909188309203679
 30
0.0
 11
0.2500000000000002
 21
2.159188309203679
 31
0.0
  0
LINE
  5
1BF
330
17
100
AcDbEntity
  8
hatch
100
AcDbLine
 10
6.661338147750939e-16
 20
2.1213203435596437
 30
0.0
 11
0.25000000000000044
 21
2.3713203435596433
 31
0.0
  0
LINE
  5
1C0
330
17
100
AcDbEntity
  8
hatch
100
AcDbLine
 10
2.220446049250313e-16
 20
2.3334523779156076
 30
0.0
 11
0.25000000000000044
 21
2.5834523779156076
 31
0.0
  0
LINE
  5
1C1
330
17
100
AcDbEntity
  8
hatch
100
AcDbLine
 10
-8.881784197001252e-16
 20
2.5455844122715705
 30
0.0
 11
0.2500000000000002
 21
2.7955844122715714
 31
0.0
  0
LINE
  5
1C2
330
17
100
AcDbEntity
  8
hatch
100
AcDbLine
 10
0.0
 20
2.7577164466275357
 30
0.0
 11
0.2500000000000002
 21
3.007716446627536
 31
0.0
  0
LINE
  5
1C3
330
17
100
AcDbEntity
  8
hatch
100
AcDbLine
 10
2.220446049250313e-16
 20
2.9698484809835
 30
0.0
 11
0.25000000000000044
 21
3.2198484809835004
 31
0.0
  0
LINE
  5
1C4
330
17
100
AcDbEntity
  8
hatch
100
AcDbLine
 10
4.440892098500626e-16
 20
3.1819805153394647
 30
0.0
 11
0.25000000000000044
 21
3.4319805153394647
 31
0.0
  0
LINE
  5
1C5
330
17
100
AcDbEntity
  8
hatch
100
AcDbLine
 10
2.220446049250313e-16
 20
3.3941125496954285
 30
0.0
 11
0.2500000000000002
 21
3.6441125496954285
 31
0.0
  0
LINE
  5
1C6
330
17
100
AcDbEntity
  8
hatch
100
AcDbLine
 10
-6.661338147750939e-16
 20
3.6062445840513915
 30
0.0
 11
0.25000000000000044
 21
3.8562445840513924
 31
0.0
  0
LINE
  5
1C7
330
17
100
AcDbEntity
  8
hatch
100
AcDbLine
 10
2.220446049250313e-16
 20
3.818376618407357
 30
0.0
 11
0.2500000000000002
 21
4.068376618407357
 31
0.0
  0
LINE
  5
1C8
330
17
100
AcDbEntity
  8
hatch
100
AcDbLine
 10
4.440892098500626e-16
 20
4.030508652763322
 30
0.0
 11
0.25000000000000044
 21
4.280508652763322
 31
0.0
  0
LINE
  5
1C9
330
17
100
AcDbEntity
  8
hatch
100
AcDbLine
 10
0.0
 20
4.242640687119286
 30
0.0
 11
0.25000000000000044
 21
4.492640687119286
 31
0.0
  0
LINE
  5
1CA
330
17
100
AcDbEntity
  8
hatch
100
AcDbLine
 10
4.440892098500626e-16
 20
4.4547727214752495
 30
0.0
 11
0.25000000000000044
 21
4.7047727214752495
 31
0.0
  0
LINE
  5
1CB
330
17
100
AcDbEntity
  8
hatch
100
AcDbLine
 10
0.0
 20
4.666904755831213
 30
0.0
 11
0.25000000000000044
 21
4.916904755831214
 31
0.0
  0
LINE
  5
1CC
330
17
100
AcDbEntity
  8
hatch
100
AcDbLine
 10
0.0
 20
4.879036790187177
 30
0.0
 11
0.2500000000000009
 21
5.129036790187179
 31
0.0
  0
LINE
  5
1CD
330
17
100
AcDbEntity
  8
hatch
100
AcDbLine
 10
0.0
 20
5.091168824543142
 30
0.0
 11
0.25000000000000044
 21
5.341168824543143
 31
0.0
  0
LINE
  5
1CE
330
17
100
AcDbEntity
  8
hatch
100
AcDbLine
 10
0.0
 20
5.303300858899107
 30
0.0
 11
0.2500000000000009
 21
5.5533008588991075
 31
0.0
  0
LINE
  5
1CF
330
17
100
AcDbEntity
  8
hatch
100
AcDbLine
 10
4.440892098500626e-16
 20
5.5154328932550705
 30
0.0
 11
0.2500000000000009
 21
5.765432893255071
 31
0.0
  0
LINE
  5
1D0
330
17
100
AcDbEntity
  8
hatch
100
AcDbLine
 10
-4.440892098500626e-16
 20
5.727564927611034
 30
0.0
 11
0.25000000000000044
 21
5.977564927611034
 31
0.0
  0
LINE
  5
1D1
330
17
100
AcDbEntity
  8
hatch
100
AcDbLine
 10
0.0
 20
5.939696961966998
 30
0.0
 11
0.25000000000000044
 21
6.189696961967
 31
0.0
  0
LINE
  5
1D2
330
17
100
AcDbEntity
  8
hatch
100
AcDbLine
 10
8.881784197001252e-16
 20
6.151828996322963
 30
0.0
 11
0.25000000000000133
 21
6.401828996322964
 31
0.0
  0
LINE
  5
1D3
330
17
100
AcDbEntity
  8
hatch
100
AcDbLine
 10
-4.440892098500626e-16
 20
6.363961030678928
 30
0.0
 11
0.2500000000000009
 21
6.6139610306789285
 31
0.0
  0
LINE
  5
1D4
330
17
100
AcDbEntity
  8
hatch
100
AcDbLine
 10
0.0
 20
6.5760930650348906
 30
0.0
 11
0.2500000000000009
 21
6.826093065034891
 31
0.0
  0
LINE
  5
1D5
330
17
100
AcDbEntity
  8
hatch
100
AcDbLine
 10
0.0
 20
6.788225099390855
 30
0.0
 11
0.2500000000000009
 21
7.038225099390855
 31
0.0
  0
LINE
  5
1D6
330
17
100
AcDbEntity
  8
hatch
100
AcDbLine
 10
0.0
 20
7.00035713374682
 30
0.0
 11
0.2500000000000009
 21
7.250357133746821
 31
0.0
  0
LINE
  5
1D7
330
17
100
AcDbEntity
  8
hatch
100
AcDbLine
 10
0.0
 20
7.212489168102783
 30
0.0
 11
0.25000000000000133
 21
7.462489168102785
 31
0.0
  0
LINE
  5
1D8
330
17
100
AcDbEntity
  8
hatch
100
AcDbLine
 10
0.0
 20
7.424621202458749
 30
0.0
 11
0.25000000000000133
 21
7.6746212024587495
 31
0.0
  0
LINE
  5
1D9
330
17
100
AcDbEntity
  8
hatch
100
AcDbLine
 10
0.0
 20
7.636753236814712
 30
0.0
 11
0.25000000000000133
 21
7.886753236814712
 31
0.0
  0
LINE
  5
1DA
330
17
100
AcDbEntity
  8
hatch
100
AcDbLine
 10
0.0
 20
7.848885271170676
 30
0.0
 11
0.2500000000000009
 21
8.098885271170676
 31
0.0
  0
LINE
  5
1DB
330
17
100
AcDbEntity
  8
hatch
100
AcDbLine
 10
0.0
 20
8.06101730552664
 30
0.0
 11
0.2500000000000009
 21
8.311017305526642
 31
0.0
  0
LINE
  5
1DC
330
17
100
AcDbEntity
  8
hatch
100
AcDbLine
 10
8.881784197001252e-16
 20
8.273149339882604
 30
0.0
 11
0.2500000000000018
 21
8.523149339882606
 31
0.0
  0
LINE
  5
1DD
330
17
100
AcDbEntity
  8
hatch
100
AcDbLine
 10
0.0
 20
8.48528137423857
 30
0.0
 11
0.2500000000000018
 21
8.735281374238571
 31
0.0
  0
LINE
  5
1DE
330
17
100
AcDbEntity
  8
hatch
100
AcDbLine
 10
0.0
 20
8.697413408594533
 30
0.0
 11
0.2500000000000009
 21
8.947413408594535
 31
0.0
  0
LINE
  5
1DF
330
17
100
AcDbEntity
  8
hatch
100
AcDbLine
 10
0.0
 20
8.909545442950499
 30
0.0
 11
0.2500000000000009
 21
9.159545442950499
 31
0.0
  0
LINE
  5
1E0
330
17
100
AcDbEntity
  8
hatch
100
AcDbLine
 10
0.0
 20
9.121677477306463
 30
0.0
 11
0.2283225226935368
 21
9.35
 31
0.0
  0
LINE
  5
1E1
330
17
100
AcDbEntity
  8
hatch
100
AcDbLine
 10
0.0
 20
9.333809511662427
 30
0.0
 11
0.016190488337572972
 21
9.35
 31
0.0
  0
LWPOLYLINE
  5
1E2
330
17
100
AcDbEntity
  8
muro-corte
100
AcDbPolyline
 90
4
 70
1
 10
0.0
 20
0.2500000000000007
 10
0.25000000000000017
 20
0.2500000000000007
 10
0.25000000000000017
 20
9.35
 10
0.0
 20
9.35
  0
LWPOLYLINE
  5
1E3
330
17
100
AcDbEntity
  8
muro-fill
100
AcDbPolyline
 90
4
 70
1
 10
23.75
 20
0.2500000000000007
 10
24.0
 20
0.2500000000000007
 10
24.0
 20
9.35
 10
23.75
 20
9.35
  0
LINE
  5
1E4
330
17
100
AcDbEntity
  8
hatch
100
AcDbLine
 10
23.78786796564404
 20
0.2500000000000018
 30
0.0
 11
24.0
 21
0.46213203435596384
 31
0.0
  0
LINE
  5
1E5
330
17
100
AcDbEntity
  8
hatch
100
AcDbLine
 10
23.75
 20
0.42426406871192945
 30
0.0
 11
24.0
 21
0.6742640687119312
 31
0.0
  0
LINE
  5
1E6
330
17
100
AcDbEntity
  8
hatch
100
AcDbLine
 10
23.75
 20
0.6363961030678933
 30
0.0
 11
24.0
 21
0.8863961030678951
 31
0.0
  0
LINE
  5
1E7
330
17
100
AcDbEntity
  8
hatch
100
AcDbLine
 10
23.75
 20
0.8485281374238607
 30
0.0
 11
24.0
 21
1.0985281374238625
 31
0.0
  0
LINE
  5
1E8
330
17
100
AcDbEntity
  8
hatch
100
AcDbLine
 10
23.75
 20
1.060660171779821
 30
0.0
 11
24.0
 21
1.3106601717798227
 31
0.0
  0
LINE
  5
1E9
330
17
100
AcDbEntity
  8
hatch
100
AcDbLine
 10
23.749999999999996
 20
1.2727922061357866
 30
0.0
 11
24.0
 21
1.5227922061357884
 31
0.0
  0
LINE
  5
1EA
330
17
100
AcDbEntity
  8
hatch
100
AcDbLine
 10
23.75
 20
1.4849242404917522
 30
0.0
 11
24.0
 21
1.734924240491754
 31
0.0
  0
LINE
  5
1EB
330
17
100
AcDbEntity
  8
hatch
100
AcDbLine
 10
23.75
 20
1.6970562748477125
 30
0.0
 11
24.0
 21
1.9470562748477143
 31
0.0
  0
LINE
  5
1EC
330
17
100
AcDbEntity
  8
hatch
100
AcDbLine
 10
23.75
 20
1.9091883092036799
 30
0.0
 11
24.0
 21
2.1591883092036817
 31
0.0
  0
LINE
  5
1ED
330
17
100
AcDbEntity
  8
hatch
100
AcDbLine
 10
23.75
 20
2.1213203435596437
 30
0.0
 11
24.0
 21
2.3713203435596455
 31
0.0
  0
LINE
  5
1EE
330
17
100
AcDbEntity
  8
hatch
100
AcDbLine
 10
23.749999999999996
 20
2.333452377915606
 30
0.0
 11
24.0
 21
2.583452377915611
 31
0.0
  0
LINE
  5
1EF
330
17
100
AcDbEntity
  8
hatch
100
AcDbLine
 10
23.75
 20
2.5455844122715714
 30
0.0
 11
24.0
 21
2.795584412271573
 31
0.0
  0
LINE
  5
1F0
330
17
100
AcDbEntity
  8
hatch
100
AcDbLine
 10
23.75
 20
2.7577164466275352
 30
0.0
 11
24.0
 21
3.007716446627537
 31
0.0
  0
LINE
  5
1F1
330
17
100
AcDbEntity
  8
hatch
100
AcDbLine
 10
23.75
 20
2.969848480983501
 30
0.0
 11
24.0
 21
3.2198484809835026
 31
0.0
  0
LINE
  5
1F2
330
17
100
AcDbEntity
  8
hatch
100
AcDbLine
 10
23.75
 20
3.1819805153394647
 30
0.0
 11
24.0
 21
3.4319805153394665
 31
0.0
  0
LINE
  5
1F3
330
17
100
AcDbEntity
  8
hatch
100
AcDbLine
 10
23.749999999999996
 20
3.3941125496954285
 30
0.0
 11
24.0
 21
3.6441125496954303
 31
0.0
  0
LINE
  5
1F4
330
17
100
AcDbEntity
  8
hatch
100
AcDbLine
 10
23.75
 20
3.606244584051394
 30
0.0
 11
24.0
 21
3.856244584051396
 31
0.0
  0
LINE
  5
1F5
330
17
100
AcDbEntity
  8
hatch
100
AcDbLine
 10
23.75
 20
3.818376618407356
 30
0.0
 11
24.0
 21
4.06837661840736
 31
0.0
  0
LINE
  5
1F6
330
17
100
AcDbEntity
  8
hatch
100
AcDbLine
 10
23.75
 20
4.030508652763322
 30
0.0
 11
24.0
 21
4.280508652763324
 31
0.0
  0
LINE
  5
1F7
330
17
100
AcDbEntity
  8
hatch
100
AcDbLine
 10
23.75
 20
4.242640687119286
 30
0.0
 11
24.0
 21
4.492640687119287
 31
0.0
  0
LINE
  5
1F8
330
17
100
AcDbEntity
  8
hatch
100
AcDbLine
 10
23.75
 20
4.454772721475251
 30
0.0
 11
24.0
 21
4.704772721475251
 31
0.0
  0
LINE
  5
1F9
330
17
100
AcDbEntity
  8
hatch
100
AcDbLine
 10
23.75
 20
4.666904755831215
 30
0.0
 11
24.0
 21
4.916904755831219
 31
0.0
  0
LINE
  5
1FA
330
17
100
AcDbEntity
  8
hatch
100
AcDbLine
 10
23.75
 20
4.879036790187177
 30
0.0
 11
24.0
 21
5.129036790187179
 31
0.0
  0
LINE
  5
1FB
330
17
100
AcDbEntity
  8
hatch
100
AcDbLine
 10
23.75
 20
5.091168824543143
 30
0.0
 11
24.0
 21
5.341168824543145
 31
0.0
  0
LINE
  5
1FC
330
17
100
AcDbEntity
  8
hatch
100
AcDbLine
 10
23.75
 20
5.303300858899107
 30
0.0
 11
24.0
 21
5.55330085889911
 31
0.0
  0
LINE
  5
1FD
330
17
100
AcDbEntity
  8
hatch
100
AcDbLine
 10
23.749999999999996
 20
5.5154328932550705
 30
0.0
 11
24.0
 21
5.765432893255072
 31
0.0
  0
LINE
  5
1FE
330
17
100
AcDbEntity
  8
hatch
100
AcDbLine
 10
23.75
 20
5.727564927611036
 30
0.0
 11
24.0
 21
5.977564927611038
 31
0.0
  0
LINE
  5
1FF
330
17
100
AcDbEntity
  8
hatch
100
AcDbLine
 10
23.75
 20
5.939696961967
 30
0.0
 11
24.0
 21
6.189696961967002
 31
0.0
  0
LINE
  5
200
330
17
100
AcDbEntity
  8
hatch
100
AcDbLine
 10
23.75
 20
6.151828996322964
 30
0.0
 11
24.0
 21
6.401828996322967
 31
0.0
  0
LINE
  5
201
330
17
100
AcDbEntity
  8
hatch
100
AcDbLine
 10
23.75
 20
6.363961030678928
 30
0.0
 11
24.0
 21
6.613961030678929
 31
0.0
  0
LINE
  5
202
330
17
100
AcDbEntity
  8
hatch
100
AcDbLine
 10
23.75
 20
6.576093065034891
 30
0.0
 11
24.0
 21
6.826093065034893
 31
0.0
  0
LINE
  5
203
330
17
100
AcDbEntity
  8
hatch
100
AcDbLine
 10
23.75
 20
6.788225099390859
 30
0.0
 11
24.0
 21
7.038225099390861
 31
0.0
  0
LINE
  5
204
330
17
100
AcDbEntity
  8
hatch
100
AcDbLine
 10
23.75
 20
7.000357133746819
 30
0.0
 11
24.0
 21
7.250357133746821
 31
0.0
  0
LINE
  5
205
330
17
100
AcDbEntity
  8
hatch
100
AcDbLine
 10
23.75
 20
7.2124891681027865
 30
0.0
 11
24.000000000000004
 21
7.462489168102788
 31
0.0
  0
LINE
  5
206
330
17
100
AcDbEntity
  8
hatch
100
AcDbLine
 10
23.75
 20
7.42462120245875
 30
0.0
 11
24.0
 21
7.674621202458752
 31
0.0
  0
LINE
  5
207
330
17
100
AcDbEntity
  8
hatch
100
AcDbLine
 10
23.75
 20
7.636753236814712
 30
0.0
 11
24.0
 21
7.886753236814714
 31
0.0
  0
LINE
  5
208
330
17
100
AcDbEntity
  8
hatch
100
AcDbLine
 10
23.75
 20
7.848885271170679
 30
0.0
 11
24.0
 21
8.09888527117068
 31
0.0
  0
LINE
  5
209
330
17
100
AcDbEntity
  8
hatch
100
AcDbLine
 10
23.75
 20
8.061017305526642
 30
0.0
 11
24.0
 21
8.311017305526642
 31
0.0
  0
LINE
  5
20A
330
17
100
AcDbEntity
  8
hatch
100
AcDbLine
 10
23.75
 20
8.273149339882607
 30
0.0
 11
24.0
 21
8.523149339882607
 31
0.0
  0
LINE
  5
20B
330
17
100
AcDbEntity
  8
hatch
100
AcDbLine
 10
23.75
 20
8.485281374238571
 30
0.0
 11
24.0
 21
8.735281374238575
 31
0.0
  0
LINE
  5
20C
330
17
100
AcDbEntity
  8
hatch
100
AcDbLine
 10
23.75
 20
8.697413408594532
 30
0.0
 11
24.0
 21
8.947413408594535
 31
0.0
  0
LINE
  5
20D
330
17
100
AcDbEntity
  8
hatch
100
AcDbLine
 10
23.75
 20
8.909545442950499
 30
0.0
 11
24.0
 21
9.159545442950503
 31
0.0
  0
LINE
  5
20E
330
17
100
AcDbEntity
  8
hatch
100
AcDbLine
 10
23.749999999999996
 20
9.121677477306463
 30
0.0
 11
23.978322522693535
 21
9.349999999999998
 31
0.0
  0
LINE
  5
20F
330
17
100
AcDbEntity
  8
hatch
100
AcDbLine
 10
23.75
 20
9.33380951166243
 30
0.0
 11
23.76619048833757
 21
9.349999999999998
 31
0.0
  0
LWPOLYLINE
  5
210
330
17
100
AcDbEntity
  8
muro-corte
100
AcDbPolyline
 90
4
 70
1
 10
23.75
 20
0.2500000000000007
 10
24.0
 20
0.2500000000000007
 10
24.0
 20
9.35
 10
23.75
 20
9.35
  0
LINE
  5
211
330
17
100
AcDbEntity
  8
proyeccion
100
AcDbLine
 10
6.0
 20
4.8
 30
0.0
 11
1.7999999999999998
 21
4.8
 31
0.0
  0
LWPOLYLINE
  5
212
330
17
100
AcDbEntity
  8
proyeccion
100
AcDbPolyline
 90
3
 70
1
 10
1.4000000000000004
 20
4.8
 10
1.7500000000000007
 20
5.0200000000000005
 10
1.7500000000000007
 20
4.579999999999999
  0
LINE
  5
213
330
17
100
AcDbEntity
  8
hatch
100
AcDbLine
 10
1.6197434876761634
 20
4.661875522032126
 30
0.0
 11
1.7500000000000002
 21
4.792132034355962
 31
0.0
  0
LINE
  5
214
330
17
100
AcDbEntity
  8
hatch
100
AcDbLine
 10
1.4894869753523259
 20
4.743751044064252
 30
0.0
 11
1.7500000000000004
 21
5.004264068711927
 31
0.0
  0
LINE
  5
215
330
17
100
AcDbEntity
  8
proyeccion
100
AcDbLine
 10
18.0
 20
4.8
 30
0.0
 11
22.2
 21
4.8
 31
0.0
  0
LWPOLYLINE
  5
216
330
17
100
AcDbEntity
  8
proyeccion
100
AcDbPolyline
 90
3
 70
1
 10
22.6
 20
4.8
 10
22.25
 20
4.579999999999999
 10
22.25
 20
5.0200000000000005
  0
LINE
  5
217
330
17
100
AcDbEntity
  8
hatch
100
AcDbLine
 10
22.25
 20
4.662132034355963
 30
0.0
 11
22.469743487676162
 21
4.881875522032125
 31
0.0
  0
LINE
  5
218
330
17
100
AcDbEntity
  8
hatch
100
AcDbLine
 10
22.25
 20
4.874264068711925
 30
0.0
 11
22.339486975352326
 21
4.963751044064253
 31
0.0
  0
LINE
  5
219
330
17
100
AcDbEntity
  8
proyeccion
100
AcDbLine
 10
12.0
 20
2.4
 30
0.0
 11
12.0
 21
-1.7999999999999998
 31
0.0
  0
LWPOLYLINE
  5
21A
330
17
100
AcDbEntity
  8
proyeccion
100
AcDbPolyline
 90
3
 70
1
 10
12.0
 20
-2.2000000000000006
 10
12.219999999999999
 20
-1.8499999999999992
 10
11.78
 20
-1.8499999999999992
  0
LINE
  5
21B
330
17
100
AcDbEntity
  8
hatch
100
AcDbLine
 10
11.918124477967872
 20
-2.0697434876761625
 30
0.0
 11
12.137867965644038
 21
-1.8499999999999988
 31
0.0
  0
LINE
  5
21C
330
17
100
AcDbEntity
  8
hatch
100
AcDbLine
 10
11.836248955935746
 20
-1.9394869753523247
 30
0.0
 11
11.925735931288072
 21
-1.8499999999999988
 31
0.0
  0
LINE
  5
21D
330
17
100
AcDbEntity
  8
proyeccion
100
AcDbLine
 10
12.0
 20
7.199999999999999
 30
0.0
 11
12.0
 21
11.4
 31
0.0
  0
LWPOLYLINE
  5
21E
330
17
100
AcDbEntity
  8
proyeccion
100
AcDbPolyline
 90
3
 70
1
 10
12.0
 20
11.8
 10
11.78
 20
11.450000000000001
 10
12.219999999999999
 20
11.450000000000001
  0
LINE
  5
21F
330
17
100
AcDbEntity
  8
hatch
100
AcDbLine
 10
12.007867965644035
 20
11.450000000000001
 30
0.0
 11
12.138124477967875
 21
11.580256512323839
 31
0.0
  0
LINE
  5
220
330
17
100
AcDbEntity
  8
hatch
100
AcDbLine
 10
11.795735931288071
 20
11.450000000000001
 30
0.0
 11
12.056248955935747
 21
11.710513024647677
 31
0.0
  0
TEXT
  5
221
330
17
100
AcDbEntity
  8
texto-suave
100
AcDbText
 10
12.0
 20
8.3
 30
0.0
 40
0.165
  1
PENDIENTE 2 % HACIA SUMIDEROS
 72
1
 11
12.0
 21
8.3
 31
0.0
100
AcDbText
  0
TEXT
  5
222
330
17
100
AcDbEntity
  8
texto
100
AcDbText
 10
12.0
 20
1.3999999999999992
 30
0.0
 40
0.18
  1
AZOTEA INACCESIBLE  ·  N.P.T. +6,20
 72
1
 11
12.0
 21
1.3999999999999992
 31
0.0
100
AcDbText
  0
TEXT
  5
223
330
17
100
AcDbEntity
  8
texto-suave
100
AcDbText
 10
12.0
 20
0.8500000000000006
 30
0.0
 40
0.1425
  1
APLICAR IMPERMEABILIZANTE Y PROTECCIÓN PÉTREA
 72
1
 11
12.0
 21
0.8500000000000006
 31
0.0
100
AcDbText
  0
CIRCLE
  5
224
330
17
100
AcDbEntity
  8
agua
100
AcDbCircle
 10
0.9999999999999996
 20
4.8
 30
0.0
 40
0.20000000000000004
  0
CIRCLE
  5
225
330
17
100
AcDbEntity
  8
agua
100
AcDbCircle
 10
0.9999999999999996
 20
4.8
 30
0.0
 40
0.3
  0
TEXT
  5
226
330
17
100
AcDbEntity
  8
texto-suave
100
AcDbText
 10
0.9999999999999996
 20
4.2
 30
0.0
 40
0.1275
  1
SUMIDERO 2"
 72
1
 11
0.9999999999999996
 21
4.2
 31
0.0
100
AcDbText
  0
CIRCLE
  5
227
330
17
100
AcDbEntity
  8
agua
100
AcDbCircle
 10
12.0
 20
2.2999999999999994
 30
0.0
 40
0.20000000000000004
  0
CIRCLE
  5
228
330
17
100
AcDbEntity
  8
agua
100
AcDbCircle
 10
12.0
 20
2.2999999999999994
 30
0.0
 40
0.3
  0
TEXT
  5
229
330
17
100
AcDbEntity
  8
texto-suave
100
AcDbText
 10
12.0
 20
1.6999999999999993
 30
0.0
 40
0.1275
  1
SUMIDERO 2"
 72
1
 11
12.0
 21
1.6999999999999993
 31
0.0
100
AcDbText
  0
CIRCLE
  5
22A
330
17
100
AcDbEntity
  8
agua
100
AcDbCircle
 10
23.0
 20
4.8
 30
0.0
 40
0.20000000000000004
  0
CIRCLE
  5
22B
330
17
100
AcDbEntity
  8
agua
100
AcDbCircle
 10
23.0
 20
4.8
 30
0.0
 40
0.3
  0
TEXT
  5
22C
330
17
100
AcDbEntity
  8
texto-suave
100
AcDbText
 10
23.0
 20
4.2
 30
0.0
 40
0.1275
  1
SUMIDERO 2"
 72
1
 11
23.0
 21
4.2
 31
0.0
100
AcDbText
  0
LINE
  5
22D
330
17
100
AcDbEntity
  8
hatch
100
AcDbLine
 10
19.484314575050764
 20
5.650000000000001
 30
0.0
 11
20.05
 21
6.21568542494924
 31
0.0
  0
LINE
  5
22E
330
17
100
AcDbEntity
  8
hatch
100
AcDbLine
 10
18.918629150101523
 20
5.650000000000003
 30
0.0
 11
20.05
 21
6.7813708498984795
 31
0.0
  0
LINE
  5
22F
330
17
100
AcDbEntity
  8
hatch
100
AcDbLine
 10
18.352943725152286
 20
5.650000000000003
 30
0.0
 11
20.05
 21
7.347056274847715
 31
0.0
  0
LINE
  5
230
330
17
100
AcDbEntity
  8
hatch
100
AcDbLine
 10
17.787258300203053
 20
5.650000000000001
 30
0.0
 11
20.049999999999997
 21
7.9127416997969515
 31
0.0
  0
LINE
  5
231
330
17
100
AcDbEntity
  8
hatch
100
AcDbLine
 10
17.221572875253813
 20
5.650000000000003
 30
0.0
 11
20.05
 21
8.478427124746192
 31
0.0
  0
LINE
  5
232
330
17
100
AcDbEntity
  8
hatch
100
AcDbLine
 10
16.65588745030457
 20
5.650000000000001
 30
0.0
 11
20.049999999999997
 21
9.04411254969543
 31
0.0
  0
LINE
  5
233
330
17
100
AcDbEntity
  8
hatch
100
AcDbLine
 10
16.65
 20
6.209797974644669
 30
0.0
 11
19.79020202535533
 21
9.35
 31
0.0
  0
LINE
  5
234
330
17
100
AcDbEntity
  8
hatch
100
AcDbLine
 10
16.65
 20
6.775483399593906
 30
0.0
 11
19.224516600406094
 21
9.350000000000001
 31
0.0
  0
LINE
  5
235
330
17
100
AcDbEntity
  8
hatch
100
AcDbLine
 10
16.65
 20
7.341168824543143
 30
0.0
 11
18.658831175456857
 21
9.350000000000001
 31
0.0
  0
LINE
  5
236
330
17
100
AcDbEntity
  8
hatch
100
AcDbLine
 10
16.65
 20
7.906854249492379
 30
0.0
 11
18.093145750507617
 21
9.350000000000001
 31
0.0
  0
LINE
  5
237
330
17
100
AcDbEntity
  8
hatch
100
AcDbLine
 10
16.65
 20
8.472539674441618
 30
0.0
 11
17.52746032555838
 21
9.35
 31
0.0
  0
LINE
  5
238
330
17
100
AcDbEntity
  8
hatch
100
AcDbLine
 10
16.65
 20
9.038225099390857
 30
0.0
 11
16.961774900609146
 21
9.350000000000001
 31
0.0
  0
LWPOLYLINE
  5
239
330
17
100
AcDbEntity
  8
muro-corte
100
AcDbPolyline
 90
4
 70
1
 10
16.65
 20
5.65
 10
20.05
 20
5.65
 10
20.05
 20
9.35
 10
16.65
 20
9.35
  0
TEXT
  5
23A
330
17
100
AcDbEntity
  8
texto
100
AcDbText
 10
18.35
 20
7.6
 30
0.0
 40
0.15
  1
CASETA DE ESCALERA
 72
1
 11
18.35
 21
7.6
 31
0.0
100
AcDbText
  0
TEXT
  5
23B
330
17
100
AcDbEntity
  8
texto-suave
100
AcDbText
 10
18.35
 20
7.1
 30
0.0
 40
0.135
  1
N.P.T. +9,45  ·  h libre 2,20 m
 72
1
 11
18.35
 21
7.1
 31
0.0
100
AcDbText
  0
LWPOLYLINE
  5
23C
330
17
100
AcDbEntity
  8
agua
100
AcDbPolyline
 90
4
 70
1
 10
17.3
 20
0.6
 10
19.400000000000002
 20
0.6
 10
19.400000000000002
 20
2.6000000000000014
 10
17.3
 20
2.6000000000000014
  0
LINE
  5
23D
330
17
100
AcDbEntity
  8
hatch
100
AcDbLine
 10
19.18786796564404
 20
0.5999999999999996
 30
0.0
 11
19.400000000000002
 21
0.8121320343559653
 31
0.0
  0
LINE
  5
23E
330
17
100
AcDbEntity
  8
hatch
100
AcDbLine
 10
18.97573593128807
 20
0.5999999999999996
 30
0.0
 11
19.400000000000002
 21
1.024264068711929
 31
0.0
  0
LINE
  5
23F
330
17
100
AcDbEntity
  8
hatch
100
AcDbLine
 10
18.76360389693211
 20
0.5999999999999996
 30
0.0
 11
19.4
 21
1.2363961030678912
 31
0.0
  0
LINE
  5
240
330
17
100
AcDbEntity
  8
hatch
100
AcDbLine
 10
18.551471862576143
 20
0.5999999999999996
 30
0.0
 11
19.400000000000002
 21
1.4485281374238568
 31
0.0
  0
LINE
  5
241
330
17
100
AcDbEntity
  8
hatch
100
AcDbLine
 10
18.33933982822018
 20
0.5999999999999979
 30
0.0
 11
19.400000000000002
 21
1.6606601717798206
 31
0.0
  0
LINE
  5
242
330
17
100
AcDbEntity
  8
hatch
100
AcDbLine
 10
18.127207793864216
 20
0.5999999999999996
 30
0.0
 11
19.400000000000002
 21
1.8727922061357862
 31
0.0
  0
LINE
  5
243
330
17
100
AcDbEntity
  8
hatch
100
AcDbLine
 10
17.915075759508248
 20
0.5999999999999996
 30
0.0
 11
19.4
 21
2.08492424049175
 31
0.0
  0
LINE
  5
244
330
17
100
AcDbEntity
  8
hatch
100
AcDbLine
 10
17.702943725152288
 20
0.5999999999999979
 30
0.0
 11
19.400000000000002
 21
2.297056274847712
 31
0.0
  0
LINE
  5
245
330
17
100
AcDbEntity
  8
hatch
100
AcDbLine
 10
17.490811690796324
 20
0.5999999999999996
 30
0.0
 11
19.400000000000002
 21
2.5091883092036777
 31
0.0
  0
LINE
  5
246
330
17
100
AcDbEntity
  8
hatch
100
AcDbLine
 10
17.299999999999997
 20
0.6213203435596402
 30
0.0
 11
19.27867965644036
 21
2.600000000000003
 31
0.0
  0
LINE
  5
247
330
17
100
AcDbEntity
  8
hatch
100
AcDbLine
 10
17.299999999999997
 20
0.833452377915604
 30
0.0
 11
19.0665476220844
 21
2.600000000000003
 31
0.0
  0
LINE
  5
248
330
17
100
AcDbEntity
  8
hatch
100
AcDbLine
 10
17.3
 20
1.0455844122715678
 30
0.0
 11
18.854415587728436
 21
2.600000000000003
 31
0.0
  0
LINE
  5
249
330
17
100
AcDbEntity
  8
hatch
100
AcDbLine
 10
17.299999999999997
 20
1.2577164466275317
 30
0.0
 11
18.64228355337247
 21
2.6000000000000014
 31
0.0
  0
LINE
  5
24A
330
17
100
AcDbEntity
  8
hatch
100
AcDbLine
 10
17.299999999999997
 20
1.4698484809834973
 30
0.0
 11
18.430151519016505
 21
2.6000000000000014
 31
0.0
  0
LINE
  5
24B
330
17
100
AcDbEntity
  8
hatch
100
AcDbLine
 10
17.299999999999997
 20
1.6819805153394602
 30
0.0
 11
18.21801948466054
 21
2.6000000000000023
 31
0.0
  0
LINE
  5
24C
330
17
100
AcDbEntity
  8
hatch
100
AcDbLine
 10
17.299999999999997
 20
1.894112549695425
 30
0.0
 11
18.005887450304577
 21
2.600000000000003
 31
0.0
  0
LINE
  5
24D
330
17
100
AcDbEntity
  8
hatch
100
AcDbLine
 10
17.299999999999997
 20
2.106244584051388
 30
0.0
 11
17.79375541594861
 21
2.6000000000000005
 31
0.0
  0
LINE
  5
24E
330
17
100
AcDbEntity
  8
hatch
100
AcDbLine
 10
17.299999999999997
 20
2.3183766184073518
 30
0.0
 11
17.58162338159265
 21
2.6000000000000005
 31
0.0
  0
LINE
  5
24F
330
17
100
AcDbEntity
  8
hatch
100
AcDbLine
 10
17.299999999999997
 20
2.5305086527633165
 30
0.0
 11
17.369491347236682
 21
2.6000000000000014
 31
0.0
  0
TEXT
  5
250
330
17
100
AcDbEntity
  8
texto
100
AcDbText
 10
18.35
 20
1.7500000000000007
 30
0.0
 40
0.1425
  1
TANQUE ELEVADO
 72
1
 11
18.35
 21
1.7500000000000007
 31
0.0
100
AcDbText
  0
TEXT
  5
251
330
17
100
AcDbEntity
  8
texto-suave
100
AcDbText
 10
18.35
 20
1.3000000000000007
 30
0.0
 40
0.135
  1
2 × 1 100 L
 72
1
 11
18.35
 21
1.3000000000000007
 31
0.0
100
AcDbText
  0
LINE
  5
252
330
17
100
AcDbEntity
  8
cota
100
AcDbLine
 10
14.533333333333335
 20
-8.475
 30
0.0
 11
14.533333333333335
 21
-8.175
 31
0.0
  0
LINE
  5
253
330
17
100
AcDbEntity
  8
cota
100
AcDbLine
 10
15.933333333333335
 20
-8.475
 30
0.0
 11
15.933333333333335
 21
-8.175
 31
0.0
  0
LINE
  5
254
330
17
100
AcDbEntity
  8
cota
100
AcDbLine
 10
14.533333333333335
 20
-8.1
 30
0.0
 11
15.933333333333335
 21
-8.1
 31
0.0
  0
LINE
  5
255
330
17
100
AcDbEntity
  8
cota
100
AcDbLine
 10
14.458333333333336
 20
-8.175
 30
0.0
 11
14.608333333333334
 21
-8.025
 31
0.0
  0
LINE
  5
256
330
17
100
AcDbEntity
  8
cota
100
AcDbLine
 10
15.858333333333334
 20
-8.175
 30
0.0
 11
16.008333333333336
 21
-8.025
 31
0.0
  0
TEXT
  5
257
330
17
100
AcDbEntity
  8
cota-texto
100
AcDbText
 10
15.233333333333334
 20
-8.045
 30
0.0
 40
0.085
  1
2,10
 72
1
 11
15.233333333333334
 21
-8.045
 31
0.0
100
AcDbText
  0
CIRCLE
  5
258
330
17
100
AcDbEntity
  8
sanitario
100
AcDbCircle
 10
14.9
 20
1.0000000000000007
 30
0.0
 40
0.15
  0
CIRCLE
  5
259
330
17
100
AcDbEntity
  8
sanitario
100
AcDbCircle
 10
14.9
 20
8.6
 30
0.0
 40
0.15
  0
CIRCLE
  5
25A
330
17
100
AcDbEntity
  8
sanitario
100
AcDbCircle
 10
13.4
 20
1.0000000000000007
 30
0.0
 40
0.15
  0
CIRCLE
  5
25B
330
17
100
AcDbEntity
  8
sanitario
100
AcDbCircle
 10
13.4
 20
8.6
 30
0.0
 40
0.15
  0
TEXT
  5
25C
330
17
100
AcDbEntity
  8
texto-suave
100
AcDbText
 10
14.15
 20
0.5500000000000007
 30
0.0
 40
0.1275
  1
DUCTOS DE VENTILACIÓN
 72
1
 11
14.15
 21
0.5500000000000007
 31
0.0
100
AcDbText
  0
CIRCLE
  5
25D
330
17
100
AcDbEntity
  8
agua
100
AcDbCircle
 10
0.5499999999999996
 20
0.5500000000000007
 30
0.0
 40
0.12
  0
TEXT
  5
25E
330
17
100
AcDbEntity
  8
texto-suave
100
AcDbText
 10
0.9300000000000004
 20
0.5500000000000007
 30
0.0
 40
0.1275
  1
B.P. 4"
100
AcDbText
  0
CIRCLE
  5
25F
330
17
100
AcDbEntity
  8
agua
100
AcDbCircle
 10
23.45
 20
0.5500000000000007
 30
0.0
 40
0.12
  0
TEXT
  5
260
330
17
100
AcDbEntity
  8
texto-suave
100
AcDbText
 10
23.07
 20
0.5500000000000007
 30
0.0
 40
0.1275
  1
B.P. 4"
 72
2
100
AcDbText
  0
CIRCLE
  5
261
330
17
100
AcDbEntity
  8
agua
100
AcDbCircle
 10
0.5499999999999996
 20
9.05
 30
0.0
 40
0.12
  0
TEXT
  5
262
330
17
100
AcDbEntity
  8
texto-suave
100
AcDbText
 10
0.9300000000000004
 20
9.05
 30
0.0
 40
0.1275
  1
B.P. 4"
100
AcDbText
  0
CIRCLE
  5
263
330
17
100
AcDbEntity
  8
agua
100
AcDbCircle
 10
23.45
 20
9.05
 30
0.0
 40
0.12
  0
TEXT
  5
264
330
17
100
AcDbEntity
  8
texto-suave
100
AcDbText
 10
23.07
 20
9.05
 30
0.0
 40
0.1275
  1
B.P. 4"
 72
2
100
AcDbText
  0
LINE
  5
265
330
17
100
AcDbEntity
  8
eje
100
AcDbLine
 10
0.12499999999999982
 20
-0.9499999999999993
 30
0.0
 11
0.12499999999999982
 21
10.549999999999999
 31
0.0
  0
CIRCLE
  5
266
330
17
100
AcDbEntity
  8
marco-medio
100
AcDbCircle
 10
3.0833333333333335
 20
-1.4666666666666672
 30
0.0
 40
0.2
  0
TEXT
  5
267
330
17
100
AcDbEntity
  8
texto
100
AcDbText
 10
3.0833333333333335
 20
-1.4904166666666674
 30
0.0
 40
0.13
  1
A
 72
1
 11
3.0833333333333335
 21
-1.4904166666666674
 31
0.0
100
AcDbText
  0
CIRCLE
  5
268
330
17
100
AcDbEntity
  8
marco-medio
100
AcDbCircle
 10
3.0833333333333335
 20
-9.733333333333334
 30
0.0
 40
0.2
  0
TEXT
  5
269
330
17
100
AcDbEntity
  8
texto
100
AcDbText
 10
3.0833333333333335
 20
-9.757083333333334
 30
0.0
 40
0.13
  1
A
 72
1
 11
3.0833333333333335
 21
-9.757083333333334
 31
0.0
100
AcDbText
  0
LINE
  5
26A
330
17
100
AcDbEntity
  8
eje
100
AcDbLine
 10
3.525
 20
-0.9499999999999993
 30
0.0
 11
3.525
 21
10.549999999999999
 31
0.0
  0
CIRCLE
  5
26B
330
17
100
AcDbEntity
  8
marco-medio
100
AcDbCircle
 10
5.3500000000000005
 20
-1.4666666666666672
 30
0.0
 40
0.2
  0
TEXT
  5
26C
330
17
100
AcDbEntity
  8
texto
100
AcDbText
 10
5.3500000000000005
 20
-1.4904166666666674
 30
0.0
 40
0.13
  1
B
 72
1
 11
5.3500000000000005
 21
-1.4904166666666674
 31
0.0
100
AcDbText
  0
CIRCLE
  5
26D
330
17
100
AcDbEntity
  8
marco-medio
100
AcDbCircle
 10
5.3500000000000005
 20
-9.733333333333334
 30
0.0
 40
0.2
  0
TEXT
  5
26E
330
17
100
AcDbEntity
  8
texto
100
AcDbText
 10
5.3500000000000005
 20
-9.757083333333334
 30
0.0
 40
0.13
  1
B
 72
1
 11
5.3500000000000005
 21
-9.757083333333334
 31
0.0
100
AcDbText
  0
LINE
  5
26F
330
17
100
AcDbEntity
  8
eje
100
AcDbLine
 10
6.875000000000001
 20
-0.9499999999999993
 30
0.0
 11
6.875000000000001
 21
10.549999999999999
 31
0.0
  0
CIRCLE
  5
270
330
17
100
AcDbEntity
  8
marco-medio
100
AcDbCircle
 10
7.583333333333335
 20
-1.4666666666666672
 30
0.0
 40
0.2
  0
TEXT
  5
271
330
17
100
AcDbEntity
  8
texto
100
AcDbText
 10
7.583333333333335
 20
-1.4904166666666674
 30
0.0
 40
0.13
  1
C
 72
1
 11
7.583333333333335
 21
-1.4904166666666674
 31
0.0
100
AcDbText
  0
CIRCLE
  5
272
330
17
100
AcDbEntity
  8
marco-medio
100
AcDbCircle
 10
7.583333333333335
 20
-9.733333333333334
 30
0.0
 40
0.2
  0
TEXT
  5
273
330
17
100
AcDbEntity
  8
texto
100
AcDbText
 10
7.583333333333335
 20
-9.757083333333334
 30
0.0
 40
0.13
  1
C
 72
1
 11
7.583333333333335
 21
-9.757083333333334
 31
0.0
100
AcDbText
  0
LINE
  5
274
330
17
100
AcDbEntity
  8
eje
100
AcDbLine
 10
10.225
 20
-0.9499999999999993
 30
0.0
 11
10.225
 21
10.549999999999999
 31
0.0
  0
CIRCLE
  5
275
330
17
100
AcDbEntity
  8
marco-medio
100
AcDbCircle
 10
9.816666666666668
 20
-1.4666666666666672
 30
0.0
 40
0.2
  0
TEXT
  5
276
330
17
100
AcDbEntity
  8
texto
100
AcDbText
 10
9.816666666666668
 20
-1.4904166666666674
 30
0.0
 40
0.13
  1
D
 72
1
 11
9.816666666666668
 21
-1.4904166666666674
 31
0.0
100
AcDbText
  0
CIRCLE
  5
277
330
17
100
AcDbEntity
  8
marco-medio
100
AcDbCircle
 10
9.816666666666668
 20
-9.733333333333334
 30
0.0
 40
0.2
  0
TEXT
  5
278
330
17
100
AcDbEntity
  8
texto
100
AcDbText
 10
9.816666666666668
 20
-9.757083333333334
 30
0.0
 40
0.13
  1
D
 72
1
 11
9.816666666666668
 21
-9.757083333333334
 31
0.0
100
AcDbText
  0
LINE
  5
279
330
17
100
AcDbEntity
  8
eje
100
AcDbLine
 10
13.575
 20
-0.9499999999999993
 30
0.0
 11
13.575
 21
10.549999999999999
 31
0.0
  0
CIRCLE
  5
27A
330
17
100
AcDbEntity
  8
marco-medio
100
AcDbCircle
 10
12.05
 20
-1.4666666666666672
 30
0.0
 40
0.2
  0
TEXT
  5
27B
330
17
100
AcDbEntity
  8
texto
100
AcDbText
 10
12.05
 20
-1.4904166666666674
 30
0.0
 40
0.13
  1
E
 72
1
 11
12.05
 21
-1.4904166666666674
 31
0.0
100
AcDbText
  0
CIRCLE
  5
27C
330
17
100
AcDbEntity
  8
marco-medio
100
AcDbCircle
 10
12.05
 20
-9.733333333333334
 30
0.0
 40
0.2
  0
TEXT
  5
27D
330
17
100
AcDbEntity
  8
texto
100
AcDbText
 10
12.05
 20
-9.757083333333334
 30
0.0
 40
0.13
  1
E
 72
1
 11
12.05
 21
-9.757083333333334
 31
0.0
100
AcDbText
  0
LINE
  5
27E
330
17
100
AcDbEntity
  8
eje
100
AcDbLine
 10
16.575
 20
-0.9499999999999993
 30
0.0
 11
16.575
 21
10.549999999999999
 31
0.0
  0
CIRCLE
  5
27F
330
17
100
AcDbEntity
  8
marco-medio
100
AcDbCircle
 10
14.05
 20
-1.4666666666666672
 30
0.0
 40
0.2
  0
TEXT
  5
280
330
17
100
AcDbEntity
  8
texto
100
AcDbText
 10
14.05
 20
-1.4904166666666674
 30
0.0
 40
0.13
  1
F
 72
1
 11
14.05
 21
-1.4904166666666674
 31
0.0
100
AcDbText
  0
CIRCLE
  5
281
330
17
100
AcDbEntity
  8
marco-medio
100
AcDbCircle
 10
14.05
 20
-9.733333333333334
 30
0.0
 40
0.2
  0
TEXT
  5
282
330
17
100
AcDbEntity
  8
texto
100
AcDbText
 10
14.05
 20
-9.757083333333334
 30
0.0
 40
0.13
  1
F
 72
1
 11
14.05
 21
-9.757083333333334
 31
0.0
100
AcDbText
  0
LINE
  5
283
330
17
100
AcDbEntity
  8
eje
100
AcDbLine
 10
20.125000000000004
 20
-0.9499999999999993
 30
0.0
 11
20.125000000000004
 21
10.549999999999999
 31
0.0
  0
CIRCLE
  5
284
330
17
100
AcDbEntity
  8
marco-medio
100
AcDbCircle
 10
16.416666666666668
 20
-1.4666666666666672
 30
0.0
 40
0.2
  0
TEXT
  5
285
330
17
100
AcDbEntity
  8
texto
100
AcDbText
 10
16.416666666666668
 20
-1.4904166666666674
 30
0.0
 40
0.13
  1
G
 72
1
 11
16.416666666666668
 21
-1.4904166666666674
 31
0.0
100
AcDbText
  0
CIRCLE
  5
286
330
17
100
AcDbEntity
  8
marco-medio
100
AcDbCircle
 10
16.416666666666668
 20
-9.733333333333334
 30
0.0
 40
0.2
  0
TEXT
  5
287
330
17
100
AcDbEntity
  8
texto
100
AcDbText
 10
16.416666666666668
 20
-9.757083333333334
 30
0.0
 40
0.13
  1
G
 72
1
 11
16.416666666666668
 21
-9.757083333333334
 31
0.0
100
AcDbText
  0
LINE
  5
288
330
17
100
AcDbEntity
  8
eje
100
AcDbLine
 10
23.875000000000004
 20
-0.9499999999999993
 30
0.0
 11
23.875000000000004
 21
10.549999999999999
 31
0.0
  0
CIRCLE
  5
289
330
17
100
AcDbEntity
  8
marco-medio
100
AcDbCircle
 10
18.916666666666668
 20
-1.4666666666666672
 30
0.0
 40
0.2
  0
TEXT
  5
28A
330
17
100
AcDbEntity
  8
texto
100
AcDbText
 10
18.916666666666668
 20
-1.4904166666666674
 30
0.0
 40
0.13
  1
H
 72
1
 11
18.916666666666668
 21
-1.4904166666666674
 31
0.0
100
AcDbText
  0
CIRCLE
  5
28B
330
17
100
AcDbEntity
  8
marco-medio
100
AcDbCircle
 10
18.916666666666668
 20
-9.733333333333334
 30
0.0
 40
0.2
  0
TEXT
  5
28C
330
17
100
AcDbEntity
  8
texto
100
AcDbText
 10
18.916666666666668
 20
-9.757083333333334
 30
0.0
 40
0.13
  1
H
 72
1
 11
18.916666666666668
 21
-9.757083333333334
 31
0.0
100
AcDbText
  0
LINE
  5
28D
330
17
100
AcDbEntity
  8
eje
100
AcDbLine
 10
-0.9499999999999997
 20
0.12499999999999928
 30
0.0
 11
24.95
 21
0.12499999999999928
 31
0.0
  0
CIRCLE
  5
28E
330
17
100
AcDbEntity
  8
marco-medio
100
AcDbCircle
 10
2.016666666666667
 20
-8.716666666666667
 30
0.0
 40
0.2
  0
TEXT
  5
28F
330
17
100
AcDbEntity
  8
texto
100
AcDbText
 10
2.016666666666667
 20
-8.740416666666667
 30
0.0
 40
0.13
  1
1
 72
1
 11
2.016666666666667
 21
-8.740416666666667
 31
0.0
100
AcDbText
  0
CIRCLE
  5
290
330
17
100
AcDbEntity
  8
marco-medio
100
AcDbCircle
 10
19.983333333333334
 20
-8.716666666666667
 30
0.0
 40
0.2
  0
TEXT
  5
291
330
17
100
AcDbEntity
  8
texto
100
AcDbText
 10
19.983333333333334
 20
-8.740416666666667
 30
0.0
 40
0.13
  1
1
 72
1
 11
19.983333333333334
 21
-8.740416666666667
 31
0.0
100
AcDbText
  0
LINE
  5
292
330
17
100
AcDbEntity
  8
eje
100
AcDbLine
 10
-0.9499999999999997
 20
3.875
 30
0.0
 11
24.95
 21
3.875
 31
0.0
  0
CIRCLE
  5
293
330
17
100
AcDbEntity
  8
marco-medio
100
AcDbCircle
 10
2.016666666666667
 20
-6.216666666666667
 30
0.0
 40
0.2
  0
TEXT
  5
294
330
17
100
AcDbEntity
  8
texto
100
AcDbText
 10
2.016666666666667
 20
-6.2404166666666665
 30
0.0
 40
0.13
  1
2
 72
1
 11
2.016666666666667
 21
-6.2404166666666665
 31
0.0
100
AcDbText
  0
CIRCLE
  5
295
330
17
100
AcDbEntity
  8
marco-medio
100
AcDbCircle
 10
19.983333333333334
 20
-6.216666666666667
 30
0.0
 40
0.2
  0
TEXT
  5
296
330
17
100
AcDbEntity
  8
texto
100
AcDbText
 10
19.983333333333334
 20
-6.2404166666666665
 30
0.0
 40
0.13
  1
2
 72
1
 11
19.983333333333334
 21
-6.2404166666666665
 31
0.0
100
AcDbText
  0
LINE
  5
297
330
17
100
AcDbEntity
  8
eje
100
AcDbLine
 10
-0.9499999999999997
 20
5.725
 30
0.0
 11
24.95
 21
5.725
 31
0.0
  0
CIRCLE
  5
298
330
17
100
AcDbEntity
  8
marco-medio
100
AcDbCircle
 10
2.016666666666667
 20
-4.983333333333334
 30
0.0
 40
0.2
  0
TEXT
  5
299
330
17
100
AcDbEntity
  8
texto
100
AcDbText
 10
2.016666666666667
 20
-5.007083333333334
 30
0.0
 40
0.13
  1
3
 72
1
 11
2.016666666666667
 21
-5.007083333333334
 31
0.0
100
AcDbText
  0
CIRCLE
  5
29A
330
17
100
AcDbEntity
  8
marco-medio
100
AcDbCircle
 10
19.983333333333334
 20
-4.983333333333334
 30
0.0
 40
0.2
  0
TEXT
  5
29B
330
17
100
AcDbEntity
  8
texto
100
AcDbText
 10
19.983333333333334
 20
-5.007083333333334
 30
0.0
 40
0.13
  1
3
 72
1
 11
19.983333333333334
 21
-5.007083333333334
 31
0.0
100
AcDbText
  0
LINE
  5
29C
330
17
100
AcDbEntity
  8
eje
100
AcDbLine
 10
-0.9499999999999997
 20
9.475
 30
0.0
 11
24.95
 21
9.475
 31
0.0
  0
CIRCLE
  5
29D
330
17
100
AcDbEntity
  8
marco-medio
100
AcDbCircle
 10
2.016666666666667
 20
-2.483333333333334
 30
0.0
 40
0.2
  0
TEXT
  5
29E
330
17
100
AcDbEntity
  8
texto
100
AcDbText
 10
2.016666666666667
 20
-2.507083333333334
 30
0.0
 40
0.13
  1
4
 72
1
 11
2.016666666666667
 21
-2.507083333333334
 31
0.0
100
AcDbText
  0
CIRCLE
  5
29F
330
17
100
AcDbEntity
  8
marco-medio
100
AcDbCircle
 10
19.983333333333334
 20
-2.483333333333334
 30
0.0
 40
0.2
  0
TEXT
  5
2A0
330
17
100
AcDbEntity
  8
texto
100
AcDbText
 10
19.983333333333334
 20
-2.507083333333334
 30
0.0
 40
0.13
  1
4
 72
1
 11
19.983333333333334
 21
-2.507083333333334
 31
0.0
100
AcDbText
  0
LINE
  5
2A1
330
17
100
AcDbEntity
  8
cota
100
AcDbLine
 10
3.0
 20
-8.875
 30
0.0
 11
3.0
 21
-9.975000000000001
 31
0.0
  0
LINE
  5
2A2
330
17
100
AcDbEntity
  8
cota
100
AcDbLine
 10
19.0
 20
-8.875
 30
0.0
 11
19.0
 21
-9.975000000000001
 31
0.0
  0
LINE
  5
2A3
330
17
100
AcDbEntity
  8
cota
100
AcDbLine
 10
3.0
 20
-9.9
 30
0.0
 11
19.0
 21
-9.9
 31
0.0
  0
LINE
  5
2A4
330
17
100
AcDbEntity
  8
cota
100
AcDbLine
 10
2.9250000000000003
 20
-9.975000000000001
 30
0.0
 11
3.075
 21
-9.825000000000001
 31
0.0
  0
LINE
  5
2A5
330
17
100
AcDbEntity
  8
cota
100
AcDbLine
 10
18.925
 20
-9.975000000000001
 30
0.0
 11
19.075
 21
-9.825000000000001
 31
0.0
  0
TEXT
  5
2A6
330
17
100
AcDbEntity
  8
cota-texto
100
AcDbText
 10
11.0
 20
-9.845
 30
0.0
 40
0.13
  1
24,00
 72
1
 11
11.0
 21
-9.845
 31
0.0
100
AcDbText
  0
LINE
  5
2A7
330
17
100
AcDbEntity
  8
cota
100
AcDbLine
 10
2.9250000000000003
 20
-8.8
 30
0.0
 11
1.625
 21
-8.8
 31
0.0
  0
LINE
  5
2A8
330
17
100
AcDbEntity
  8
cota
100
AcDbLine
 10
2.9250000000000003
 20
-2.4000000000000004
 30
0.0
 11
1.625
 21
-2.4000000000000004
 31
0.0
  0
LINE
  5
2A9
330
17
100
AcDbEntity
  8
cota
100
AcDbLine
 10
1.7000000000000002
 20
-8.8
 30
0.0
 11
1.7000000000000002
 21
-2.4000000000000004
 31
0.0
  0
LINE
  5
2AA
330
17
100
AcDbEntity
  8
cota
100
AcDbLine
 10
1.625
 20
-8.725
 30
0.0
 11
1.7750000000000001
 21
-8.875
 31
0.0
  0
LINE
  5
2AB
330
17
100
AcDbEntity
  8
cota
100
AcDbLine
 10
1.625
 20
-2.325
 30
0.0
 11
1.7750000000000001
 21
-2.475
 31
0.0
  0
TEXT
  5
2AC
330
17
100
AcDbEntity
  8
cota-texto
100
AcDbText
 10
1.645
 20
-5.6000000000000005
 30
0.0
 40
0.13
  1
9,60
 50
90.0
 72
1
 11
1.645
 21
-5.6000000000000005
 31
0.0
100
AcDbText
  0
LINE
  5
2AD
330
17
100
AcDbEntity
  8
cota
100
AcDbLine
 10
14.100000000000001
 20
-2.6416666666666666
 30
0.0
 11
14.100000000000001
 21
-2.1916666666666664
 31
0.0
  0
LINE
  5
2AE
330
17
100
AcDbEntity
  8
cota
100
AcDbLine
 10
16.36666666666667
 20
-2.6416666666666666
 30
0.0
 11
16.36666666666667
 21
-2.1916666666666664
 31
0.0
  0
LINE
  5
2AF
330
17
100
AcDbEntity
  8
cota
100
AcDbLine
 10
14.100000000000001
 20
-2.1166666666666667
 30
0.0
 11
16.36666666666667
 21
-2.1166666666666667
 31
0.0
  0
LINE
  5
2B0
330
17
100
AcDbEntity
  8
cota
100
AcDbLine
 10
14.025
 20
-2.1916666666666664
 30
0.0
 11
14.175
 21
-2.0416666666666665
 31
0.0
  0
LINE
  5
2B1
330
17
100
AcDbEntity
  8
cota
100
AcDbLine
 10
16.291666666666668
 20
-2.1916666666666664
 30
0.0
 11
16.44166666666667
 21
-2.0416666666666665
 31
0.0
  0
TEXT
  5
2B2
330
17
100
AcDbEntity
  8
cota-texto
100
AcDbText
 10
15.233333333333334
 20
-2.0616666666666665
 30
0.0
 40
0.095
  1
3,40
 72
1
 11
15.233333333333334
 21
-2.0616666666666665
 31
0.0
100
AcDbText
  0
LINE
  5
2B3
330
17
100
AcDbEntity
  8
cota
100
AcDbLine
 10
16.291666666666668
 20
-5.033333333333333
 30
0.0
 11
16.74166666666667
 21
-5.033333333333333
 31
0.0
  0
LINE
  5
2B4
330
17
100
AcDbEntity
  8
cota
100
AcDbLine
 10
16.291666666666668
 20
-2.5666666666666664
 30
0.0
 11
16.74166666666667
 21
-2.5666666666666664
 31
0.0
  0
LINE
  5
2B5
330
17
100
AcDbEntity
  8
cota
100
AcDbLine
 10
16.81666666666667
 20
-5.033333333333333
 30
0.0
 11
16.81666666666667
 21
-2.5666666666666664
 31
0.0
  0
LINE
  5
2B6
330
17
100
AcDbEntity
  8
cota
100
AcDbLine
 10
16.74166666666667
 20
-4.958333333333333
 30
0.0
 11
16.89166666666667
 21
-5.108333333333333
 31
0.0
  0
LINE
  5
2B7
330
17
100
AcDbEntity
  8
cota
100
AcDbLine
 10
16.74166666666667
 20
-2.4916666666666667
 30
0.0
 11
16.89166666666667
 21
-2.6416666666666666
 31
0.0
  0
TEXT
  5
2B8
330
17
100
AcDbEntity
  8
cota-texto
100
AcDbText
 10
16.761666666666667
 20
-3.8000000000000003
 30
0.0
 40
0.095
  1
3,70
 50
90.0
 72
1
 11
16.761666666666667
 21
-3.8000000000000003
 31
0.0
100
AcDbText
  0
LINE
  5
2B9
330
17
100
AcDbEntity
  8
cota
100
AcDbLine
 10
3.2
 20
-5.675000000000001
 30
0.0
 11
3.2
 21
-5.2250000000000005
 31
0.0
  0
LINE
  5
2BA
330
17
100
AcDbEntity
  8
cota
100
AcDbLine
 10
18.8
 20
-5.675000000000001
 30
0.0
 11
18.8
 21
-5.2250000000000005
 31
0.0
  0
LINE
  5
2BB
330
17
100
AcDbEntity
  8
cota
100
AcDbLine
 10
3.2
 20
-5.15
 30
0.0
 11
18.8
 21
-5.15
 31
0.0
  0
LINE
  5
2BC
330
17
100
AcDbEntity
  8
cota
100
AcDbLine
 10
3.125
 20
-5.2250000000000005
 30
0.0
 11
3.2750000000000004
 21
-5.075
 31
0.0
  0
LINE
  5
2BD
330
17
100
AcDbEntity
  8
cota
100
AcDbLine
 10
18.725
 20
-5.2250000000000005
 30
0.0
 11
18.875
 21
-5.075
 31
0.0
  0
TEXT
  5
2BE
330
17
100
AcDbEntity
  8
cota-texto
100
AcDbText
 10
11.0
 20
-5.095000000000001
 30
0.0
 40
0.11000000000000001
  1
23,40
 72
1
 11
11.0
 21
-5.095000000000001
 31
0.0
100
AcDbText
  0
TEXT
  5
2BF
330
17
100
AcDbEntity
  8
texto
100
AcDbText
 10
2.0
 20
-1.0
 30
0.0
 40
0.18
  1
PLANTA DE AZOTEA  ·  N.P.T. +6,20
100
AcDbText
  0
LINE
  5
2C0
330
17
100
AcDbEntity
  8
marco-medio
100
AcDbLine
 10
2.0
 20
-1.1300000000000001
 30
0.0
 11
12.0
 21
-1.1300000000000001
 31
0.0
  0
TEXT
  5
2C1
330
17
100
AcDbEntity
  8
texto-suave
100
AcDbText
 10
12.0
 20
-1.0
 30
0.0
 40
0.11000000000000001
  1
E 1:75
 72
2
100
AcDbText
  0
TEXT
  5
2C2
330
17
100
AcDbEntity
  8
texto-suave
100
AcDbText
 10
2.0
 20
-1.2800000000000002
 30
0.0
 40
0.1
  1
Pendiente 2 % hacia sumideros · parapeto h=0,95 m
100
AcDbText
  0
LWPOLYLINE
  5
2C3
330
17
100
AcDbEntity
  8
marco-medio
100
AcDbPolyline
 90
4
 70
1
 10
0.0
 20
0.0
 10
99.99999999999999
 20
0.0
 10
99.99999999999999
 20
100.0
 10
0.0
 20
100.0
  0
LINE
  5
2C4
330
17
100
AcDbEntity
  8
hatch-2
100
AcDbLine
 10
103.43431457505075
 20
-6.000000000000004
 30
0.0
 11
104.0
 21
-5.434314575050757
 31
0.0
  0
LINE
  5
2C5
330
17
100
AcDbEntity
  8
hatch-2
100
AcDbLine
 10
102.86862915010154
 20
-6.000000000000004
 30
0.0
 11
104.0
 21
-4.868629150101526
 31
0.0
  0
LINE
  5
2C6
330
17
100
AcDbEntity
  8
hatch-2
100
AcDbLine
 10
102.30294372515229
 20
-6.000000000000004
 30
0.0
 11
104.0
 21
-4.302943725152295
 31
0.0
  0
LINE
  5
2C7
330
17
100
AcDbEntity
  8
hatch-2
100
AcDbLine
 10
101.73725830020304
 20
-6.000000000000004
 30
0.0
 11
104.0
 21
-3.7372583002030635
 31
0.0
  0
LINE
  5
2C8
330
17
100
AcDbEntity
  8
hatch-2
100
AcDbLine
 10
101.17157287525383
 20
-6.000000000000004
 30
0.0
 11
104.0
 21
-3.1715728752538164
 31
0.0
  0
LINE
  5
2C9
330
17
100
AcDbEntity
  8
hatch-2
100
AcDbLine
 10
100.60588745030458
 20
-6.000000000000004
 30
0.0
 11
104.0
 21
-2.6058874503045693
 31
0.0
  0
LINE
  5
2CA
330
17
100
AcDbEntity
  8
hatch-2
100
AcDbLine
 10
100.04020202535533
 20
-6.000000000000004
 30
0.0
 11
104.0
 21
-2.040202025355354
 31
0.0
  0
LINE
  5
2CB
330
17
100
AcDbEntity
  8
hatch-2
100
AcDbLine
 10
99.47451660040612
 20
-6.000000000000004
 30
0.0
 11
104.0
 21
-1.474516600406091
 31
0.0
  0
LINE
  5
2CC
330
17
100
AcDbEntity
  8
hatch-2
100
AcDbLine
 10
98.90883117545687
 20
-6.000000000000004
 30
0.0
 11
104.0
 21
-0.9088311754568758
 31
0.0
  0
LINE
  5
2CD
330
17
100
AcDbEntity
  8
hatch-2
100
AcDbLine
 10
98.34314575050762
 20
-6.000000000000004
 30
0.0
 11
104.0
 21
-0.3431457505076287
 31
0.0
  0
LINE
  5
2CE
330
17
100
AcDbEntity
  8
hatch-2
100
AcDbLine
 10
97.77746032555838
 20
-6.000000000000004
 30
0.0
 11
103.77746032555838
 21
0.0
 31
0.0
  0
LINE
  5
2CF
330
17
100
AcDbEntity
  8
hatch-2
100
AcDbLine
 10
97.21177490060916
 20
-6.000000000000004
 30
0.0
 11
103.21177490060917
 21
0.0
 31
0.0
  0
LINE
  5
2D0
330
17
100
AcDbEntity
  8
hatch-2
100
AcDbLine
 10
96.64608947565992
 20
-6.000000000000004
 30
0.0
 11
102.64608947565992
 21
0.0
 31
0.0
  0
LINE
  5
2D1
330
17
100
AcDbEntity
  8
hatch-2
100
AcDbLine
 10
96.0804040507107
 20
-6.000000000000004
 30
0.0
 11
102.08040405071067
 21
0.0
 31
0.0
  0
LINE
  5
2D2
330
17
100
AcDbEntity
  8
hatch-2
100
AcDbLine
 10
95.51471862576142
 20
-6.000000000000004
 30
0.0
 11
101.51471862576146
 21
0.0
 31
0.0
  0
LINE
  5
2D3
330
17
100
AcDbEntity
  8
hatch-2
100
AcDbLine
 10
94.94903320081221
 20
-6.000000000000004
 30
0.0
 11
100.94903320081218
 21
0.0
 31
0.0
  0
LINE
  5
2D4
330
17
100
AcDbEntity
  8
hatch-2
100
AcDbLine
 10
94.38334777586299
 20
-6.000000000000004
 30
0.0
 11
100.38334777586296
 21
0.0
 31
0.0
  0
LINE
  5
2D5
330
17
100
AcDbEntity
  8
hatch-2
100
AcDbLine
 10
93.81766235091371
 20
-6.000000000000004
 30
0.0
 11
99.81766235091372
 21
0.0
 31
0.0
  0
LINE
  5
2D6
330
17
100
AcDbEntity
  8
hatch-2
100
AcDbLine
 10
93.2519769259645
 20
-6.000000000000004
 30
0.0
 11
99.2519769259645
 21
0.0
 31
0.0
  0
LINE
  5
2D7
330
17
100
AcDbEntity
  8
hatch-2
100
AcDbLine
 10
92.68629150101522
 20
-6.000000000000004
 30
0.0
 11
98.68629150101525
 21
0.0
 31
0.0
  0
LINE
  5
2D8
330
17
100
AcDbEntity
  8
hatch-2
100
AcDbLine
 10
92.120606076066
 20
-6.000000000000004
 30
0.0
 11
98.12060607606597
 21
0.0
 31
0.0
  0
LINE
  5
2D9
330
17
100
AcDbEntity
  8
hatch-2
100
AcDbLine
 10
91.55492065111679
 20
-6.000000000000004
 30
0.0
 11
97.55492065111679
 21
0.0
 31
0.0
  0
LINE
  5
2DA
330
17
100
AcDbEntity
  8
hatch-2
100
AcDbLine
 10
90.98923522616751
 20
-6.000000000000004
 30
0.0
 11
96.98923522616754
 21
0.0
 31
0.0
  0
LINE
  5
2DB
330
17
100
AcDbEntity
  8
hatch-2
100
AcDbLine
 10
90.42354980121829
 20
-6.000000000000004
 30
0.0
 11
96.42354980121833
 21
0.0
 31
0.0
  0
LINE
  5
2DC
330
17
100
AcDbEntity
  8
hatch-2
100
AcDbLine
 10
89.85786437626905
 20
-6.000000000000004
 30
0.0
 11
95.85786437626905
 21
0.0
 31
0.0
  0
LINE
  5
2DD
330
17
100
AcDbEntity
  8
hatch-2
100
AcDbLine
 10
89.2921789513198
 20
-6.000000000000004
 30
0.0
 11
95.29217895131983
 21
0.0
 31
0.0
  0
LINE
  5
2DE
330
17
100
AcDbEntity
  8
hatch-2
100
AcDbLine
 10
88.72649352637058
 20
-6.000000000000004
 30
0.0
 11
94.72649352637059
 21
0.0
 31
0.0
  0
LINE
  5
2DF
330
17
100
AcDbEntity
  8
hatch-2
100
AcDbLine
 10
88.16080810142134
 20
-6.000000000000004
 30
0.0
 11
94.16080810142134
 21
0.0
 31
0.0
  0
LINE
  5
2E0
330
17
100
AcDbEntity
  8
hatch-2
100
AcDbLine
 10
87.59512267647209
 20
-6.000000000000004
 30
0.0
 11
93.59512267647213
 21
0.0
 31
0.0
  0
LINE
  5
2E1
330
17
100
AcDbEntity
  8
hatch-2
100
AcDbLine
 10
87.02943725152288
 20
-6.000000000000004
 30
0.0
 11
93.02943725152285
 21
0.0
 31
0.0
  0
LINE
  5
2E2
330
17
100
AcDbEntity
  8
hatch-2
100
AcDbLine
 10
86.46375182657363
 20
-6.000000000000004
 30
0.0
 11
92.46375182657363
 21
0.0
 31
0.0
  0
LINE
  5
2E3
330
17
100
AcDbEntity
  8
hatch-2
100
AcDbLine
 10
85.89806640162438
 20
-6.000000000000004
 30
0.0
 11
91.89806640162442
 21
0.0
 31
0.0
  0
LINE
  5
2E4
330
17
100
AcDbEntity
  8
hatch-2
100
AcDbLine
 10
85.33238097667517
 20
-6.000000000000004
 30
0.0
 11
91.33238097667514
 21
0.0
 31
0.0
  0
LINE
  5
2E5
330
17
100
AcDbEntity
  8
hatch-2
100
AcDbLine
 10
84.76669555172592
 20
-6.000000000000004
 30
0.0
 11
90.76669555172592
 21
0.0
 31
0.0
  0
LINE
  5
2E6
330
17
100
AcDbEntity
  8
hatch-2
100
AcDbLine
 10
84.20101012677667
 20
-6.000000000000004
 30
0.0
 11
90.20101012677668
 21
0.0
 31
0.0
  0
LINE
  5
2E7
330
17
100
AcDbEntity
  8
hatch-2
100
AcDbLine
 10
83.63532470182741
 20
-6.00000000000002
 30
0.0
 11
89.63532470182743
 21
0.0
 31
0.0
  0
LINE
  5
2E8
330
17
100
AcDbEntity
  8
hatch-2
100
AcDbLine
 10
83.0696392768782
 20
-6.000000000000004
 30
0.0
 11
89.0696392768782
 21
0.0
 31
0.0
  0
LINE
  5
2E9
330
17
100
AcDbEntity
  8
hatch-2
100
AcDbLine
 10
82.50395385192896
 20
-6.000000000000004
 30
0.0
 11
88.50395385192897
 21
0.0
 31
0.0
  0
LINE
  5
2EA
330
17
100
AcDbEntity
  8
hatch-2
100
AcDbLine
 10
81.93826842697972
 20
-6.00000000000002
 30
0.0
 11
87.93826842697972
 21
0.0
 31
0.0
  0
LINE
  5
2EB
330
17
100
AcDbEntity
  8
hatch-2
100
AcDbLine
 10
81.3725830020305
 20
-6.000000000000004
 30
0.0
 11
87.3725830020305
 21
0.0
 31
0.0
  0
LINE
  5
2EC
330
17
100
AcDbEntity
  8
hatch-2
100
AcDbLine
 10
80.80689757708124
 20
-6.000000000000004
 30
0.0
 11
86.80689757708122
 21
0.0
 31
0.0
  0
LINE
  5
2ED
330
17
100
AcDbEntity
  8
hatch-2
100
AcDbLine
 10
80.24121215213204
 20
-6.000000000000004
 30
0.0
 11
86.24121215213201
 21
0.0
 31
0.0
  0
LINE
  5
2EE
330
17
100
AcDbEntity
  8
hatch-2
100
AcDbLine
 10
79.67552672718276
 20
-6.000000000000004
 30
0.0
 11
85.67552672718278
 21
0.0
 31
0.0
  0
LINE
  5
2EF
330
17
100
AcDbEntity
  8
hatch-2
100
AcDbLine
 10
79.10984130223353
 20
-6.000000000000004
 30
0.0
 11
85.10984130223352
 21
0.0
 31
0.0
  0
LINE
  5
2F0
330
17
100
AcDbEntity
  8
hatch-2
100
AcDbLine
 10
78.54415587728427
 20
-6.000000000000004
 30
0.0
 11
84.5441558772843
 21
0.0
 31
0.0
  0
LINE
  5
2F1
330
17
100
AcDbEntity
  8
hatch-2
100
AcDbLine
 10
77.97847045233505
 20
-6.000000000000004
 30
0.0
 11
83.97847045233509
 21
0.0
 31
0.0
  0
LINE
  5
2F2
330
17
100
AcDbEntity
  8
hatch-2
100
AcDbLine
 10
77.41278502738584
 20
-6.000000000000004
 30
0.0
 11
83.41278502738584
 21
0.0
 31
0.0
  0
LINE
  5
2F3
330
17
100
AcDbEntity
  8
hatch-2
100
AcDbLine
 10
76.84709960243656
 20
-6.00000000000002
 30
0.0
 11
82.84709960243659
 21
0.0
 31
0.0
  0
LINE
  5
2F4
330
17
100
AcDbEntity
  8
hatch-2
100
AcDbLine
 10
76.28141417748733
 20
-6.00000000000002
 30
0.0
 11
82.28141417748733
 21
0.0
 31
0.0
  0
LINE
  5
2F5
330
17
100
AcDbEntity
  8
hatch-2
100
AcDbLine
 10
75.71572875253813
 20
-6.000000000000004
 30
0.0
 11
81.7157287525381
 21
0.0
 31
0.0
  0
LINE
  5
2F6
330
17
100
AcDbEntity
  8
hatch-2
100
AcDbLine
 10
75.15004332758885
 20
-6.000000000000004
 30
0.0
 11
81.15004332758888
 21
0.0
 31
0.0
  0
LINE
  5
2F7
330
17
100
AcDbEntity
  8
hatch-2
100
AcDbLine
 10
74.58435790263962
 20
-6.000000000000004
 30
0.0
 11
80.58435790263962
 21
0.0
 31
0.0
  0
LINE
  5
2F8
330
17
100
AcDbEntity
  8
hatch-2
100
AcDbLine
 10
74.01867247769037
 20
-6.000000000000004
 30
0.0
 11
80.01867247769039
 21
0.0
 31
0.0
  0
LINE
  5
2F9
330
17
100
AcDbEntity
  8
hatch-2
100
AcDbLine
 10
73.45298705274114
 20
-6.000000000000004
 30
0.0
 11
79.45298705274116
 21
0.0
 31
0.0
  0
LINE
  5
2FA
330
17
100
AcDbEntity
  8
hatch-2
100
AcDbLine
 10
72.88730162779191
 20
-6.000000000000004
 30
0.0
 11
78.88730162779189
 21
0.0
 31
0.0
  0
LINE
  5
2FB
330
17
100
AcDbEntity
  8
hatch-2
100
AcDbLine
 10
72.32161620284268
 20
-6.000000000000004
 30
0.0
 11
78.32161620284268
 21
0.0
 31
0.0
  0
LINE
  5
2FC
330
17
100
AcDbEntity
  8
hatch-2
100
AcDbLine
 10
71.75593077789343
 20
-6.000000000000004
 30
0.0
 11
77.75593077789345
 21
0.0
 31
0.0
  0
LINE
  5
2FD
330
17
100
AcDbEntity
  8
hatch-2
100
AcDbLine
 10
71.1902453529442
 20
-6.000000000000004
 30
0.0
 11
77.19024535294417
 21
0.0
 31
0.0
  0
LINE
  5
2FE
330
17
100
AcDbEntity
  8
hatch-2
100
AcDbLine
 10
70.62455992799497
 20
-6.00000000000002
 30
0.0
 11
76.62455992799497
 21
0.0
 31
0.0
  0
LINE
  5
2FF
330
17
100
AcDbEntity
  8
hatch-2
100
AcDbLine
 10
70.05887450304571
 20
-6.000000000000004
 30
0.0
 11
76.05887450304574
 21
0.0
 31
0.0
  0
LINE
  5
300
330
17
100
AcDbEntity
  8
hatch-2
100
AcDbLine
 10
69.49318907809646
 20
-6.000000000000004
 30
0.0
 11
75.49318907809648
 21
0.0
 31
0.0
  0
LINE
  5
301
330
17
100
AcDbEntity
  8
hatch-2
100
AcDbLine
 10
68.92750365314726
 20
-6.000000000000004
 30
0.0
 11
74.92750365314726
 21
0.0
 31
0.0
  0
LINE
  5
302
330
17
100
AcDbEntity
  8
hatch-2
100
AcDbLine
 10
68.361818228198
 20
-6.000000000000004
 30
0.0
 11
74.36181822819805
 21
0.0
 31
0.0
  0
LINE
  5
303
330
17
100
AcDbEntity
  8
hatch-2
100
AcDbLine
 10
67.79613280324875
 20
-6.000000000000004
 30
0.0
 11
73.79613280324877
 21
0.0
 31
0.0
  0
LINE
  5
304
330
17
100
AcDbEntity
  8
hatch-2
100
AcDbLine
 10
67.23044737829954
 20
-6.000000000000004
 30
0.0
 11
73.23044737829954
 21
0.0
 31
0.0
  0
LINE
  5
305
330
17
100
AcDbEntity
  8
hatch-2
100
AcDbLine
 10
66.6647619533503
 20
-6.000000000000004
 30
0.0
 11
72.6647619533503
 21
0.0
 31
0.0
  0
LINE
  5
306
330
17
100
AcDbEntity
  8
hatch-2
100
AcDbLine
 10
66.09907652840108
 20
-6.000000000000004
 30
0.0
 11
72.09907652840106
 21
0.0
 31
0.0
  0
LINE
  5
307
330
17
100
AcDbEntity
  8
hatch-2
100
AcDbLine
 10
65.5333911034518
 20
-6.000000000000004
 30
0.0
 11
71.53339110345183
 21
0.0
 31
0.0
  0
LINE
  5
308
330
17
100
AcDbEntity
  8
hatch-2
100
AcDbLine
 10
64.96770567850258
 20
-6.000000000000004
 30
0.0
 11
70.96770567850258
 21
0.0
 31
0.0
  0
LINE
  5
309
330
17
100
AcDbEntity
  8
hatch-2
100
AcDbLine
 10
64.40202025355333
 20
-6.000000000000004
 30
0.0
 11
70.40202025355335
 21
0.0
 31
0.0
  0
LINE
  5
30A
330
17
100
AcDbEntity
  8
hatch-2
100
AcDbLine
 10
63.836334828604095
 20
-6.000000000000004
 30
0.0
 11
69.83633482860412
 21
0.0
 31
0.0
  0
LINE
  5
30B
330
17
100
AcDbEntity
  8
hatch-2
100
AcDbLine
 10
63.27064940365488
 20
-6.000000000000004
 30
0.0
 11
69.27064940365489
 21
0.0
 31
0.0
  0
LINE
  5
30C
330
17
100
AcDbEntity
  8
hatch-2
100
AcDbLine
 10
62.70496397870563
 20
-6.000000000000004
 30
0.0
 11
68.70496397870563
 21
0.0
 31
0.0
  0
LINE
  5
30D
330
17
100
AcDbEntity
  8
hatch-2
100
AcDbLine
 10
62.139278553756384
 20
-6.000000000000004
 30
0.0
 11
68.13927855375638
 21
0.0
 31
0.0
  0
LINE
  5
30E
330
17
100
AcDbEntity
  8
hatch-2
100
AcDbLine
 10
61.57359312880717
 20
-6.000000000000004
 30
0.0
 11
67.57359312880718
 21
0.0
 31
0.0
  0
LINE
  5
30F
330
17
100
AcDbEntity
  8
hatch-2
100
AcDbLine
 10
61.00790770385792
 20
-6.000000000000004
 30
0.0
 11
67.00790770385792
 21
0.0
 31
0.0
  0
LINE
  5
310
330
17
100
AcDbEntity
  8
hatch-2
100
AcDbLine
 10
60.44222227890867
 20
-6.000000000000004
 30
0.0
 11
66.44222227890867
 21
0.0
 31
0.0
  0
LINE
  5
311
330
17
100
AcDbEntity
  8
hatch-2
100
AcDbLine
 10
59.87653685395942
 20
-6.000000000000004
 30
0.0
 11
65.87653685395944
 21
0.0
 31
0.0
  0
LINE
  5
312
330
17
100
AcDbEntity
  8
hatch-2
100
AcDbLine
 10
59.31085142901021
 20
-6.000000000000004
 30
0.0
 11
65.31085142901021
 21
0.0
 31
0.0
  0
LINE
  5
313
330
17
100
AcDbEntity
  8
hatch-2
100
AcDbLine
 10
58.74516600406096
 20
-6.000000000000004
 30
0.0
 11
64.74516600406096
 21
0.0
 31
0.0
  0
LINE
  5
314
330
17
100
AcDbEntity
  8
hatch-2
100
AcDbLine
 10
58.17948057911172
 20
-6.000000000000004
 30
0.0
 11
64.17948057911173
 21
0.0
 31
0.0
  0
LINE
  5
315
330
17
100
AcDbEntity
  8
hatch-2
100
AcDbLine
 10
57.61379515416247
 20
-6.000000000000004
 30
0.0
 11
63.6137951541625
 21
0.0
 31
0.0
  0
LINE
  5
316
330
17
100
AcDbEntity
  8
hatch-2
100
AcDbLine
 10
57.04810972921325
 20
-6.000000000000004
 30
0.0
 11
63.04810972921326
 21
0.0
 31
0.0
  0
LINE
  5
317
330
17
100
AcDbEntity
  8
hatch-2
100
AcDbLine
 10
56.48242430426401
 20
-6.000000000000004
 30
0.0
 11
62.48242430426401
 21
0.0
 31
0.0
  0
LINE
  5
318
330
17
100
AcDbEntity
  8
hatch-2
100
AcDbLine
 10
55.91673887931476
 20
-6.000000000000004
 30
0.0
 11
61.91673887931479
 21
0.0
 31
0.0
  0
LINE
  5
319
330
17
100
AcDbEntity
  8
hatch-2
100
AcDbLine
 10
55.35105345436554
 20
-6.000000000000004
 30
0.0
 11
61.35105345436555
 21
0.0
 31
0.0
  0
LINE
  5
31A
330
17
100
AcDbEntity
  8
hatch-2
100
AcDbLine
 10
54.7853680294163
 20
-6.000000000000004
 30
0.0
 11
60.785368029416304
 21
0.0
 31
0.0
  0
LINE
  5
31B
330
17
100
AcDbEntity
  8
hatch-2
100
AcDbLine
 10
54.21968260446705
 20
-6.000000000000004
 30
0.0
 11
60.21968260446705
 21
0.0
 31
0.0
  0
LINE
  5
31C
330
17
100
AcDbEntity
  8
hatch-2
100
AcDbLine
 10
53.65399717951784
 20
-6.000000000000004
 30
0.0
 11
59.65399717951781
 21
0.0
 31
0.0
  0
LINE
  5
31D
330
17
100
AcDbEntity
  8
hatch-2
100
AcDbLine
 10
53.088311754568586
 20
-6.000000000000004
 30
0.0
 11
59.08831175456859
 21
0.0
 31
0.0
  0
LINE
  5
31E
330
17
100
AcDbEntity
  8
hatch-2
100
AcDbLine
 10
52.52262632961934
 20
-6.000000000000004
 30
0.0
 11
58.52262632961938
 21
0.0
 31
0.0
  0
LINE
  5
31F
330
17
100
AcDbEntity
  8
hatch-2
100
AcDbLine
 10
51.95694090467009
 20
-6.000000000000004
 30
0.0
 11
57.9569409046701
 21
0.0
 31
0.0
  0
LINE
  5
320
330
17
100
AcDbEntity
  8
hatch-2
100
AcDbLine
 10
51.391255479720876
 20
-6.000000000000004
 30
0.0
 11
57.39125547972088
 21
0.0
 31
0.0
  0
LINE
  5
321
330
17
100
AcDbEntity
  8
hatch-2
100
AcDbLine
 10
50.82557005477163
 20
-6.000000000000004
 30
0.0
 11
56.82557005477163
 21
0.0
 31
0.0
  0
LINE
  5
322
330
17
100
AcDbEntity
  8
hatch-2
100
AcDbLine
 10
50.25988462982238
 20
-6.000000000000004
 30
0.0
 11
56.25988462982239
 21
0.0
 31
0.0
  0
LINE
  5
323
330
17
100
AcDbEntity
  8
hatch-2
100
AcDbLine
 10
49.69419920487314
 20
-6.000000000000004
 30
0.0
 11
55.694199204873144
 21
0.0
 31
0.0
  0
LINE
  5
324
330
17
100
AcDbEntity
  8
hatch-2
100
AcDbLine
 10
49.12851377992392
 20
-6.000000000000004
 30
0.0
 11
55.12851377992393
 21
0.0
 31
0.0
  0
LINE
  5
325
330
17
100
AcDbEntity
  8
hatch-2
100
AcDbLine
 10
48.56282835497468
 20
-6.000000000000004
 30
0.0
 11
54.56282835497468
 21
0.0
 31
0.0
  0
LINE
  5
326
330
17
100
AcDbEntity
  8
hatch-2
100
AcDbLine
 10
47.997142930025426
 20
-6.000000000000004
 30
0.0
 11
53.99714293002546
 21
0.0
 31
0.0
  0
LINE
  5
327
330
17
100
AcDbEntity
  8
hatch-2
100
AcDbLine
 10
47.43145750507621
 20
-6.000000000000004
 30
0.0
 11
53.43145750507622
 21
0.0
 31
0.0
  0
LINE
  5
328
330
17
100
AcDbEntity
  8
hatch-2
100
AcDbLine
 10
46.865772080126966
 20
-6.000000000000004
 30
0.0
 11
52.865772080126966
 21
0.0
 31
0.0
  0
LINE
  5
329
330
17
100
AcDbEntity
  8
hatch-2
100
AcDbLine
 10
46.300086655177715
 20
-6.000000000000004
 30
0.0
 11
52.30008665517772
 21
0.0
 31
0.0
  0
LINE
  5
32A
330
17
100
AcDbEntity
  8
hatch-2
100
AcDbLine
 10
45.7344012302285
 20
-6.000000000000004
 30
0.0
 11
51.73440123022847
 21
0.0
 31
0.0
  0
LINE
  5
32B
330
17
100
AcDbEntity
  8
hatch-2
100
AcDbLine
 10
45.16871580527922
 20
-6.000000000000004
 30
0.0
 11
51.16871580527926
 21
0.0
 31
0.0
  0
LINE
  5
32C
330
17
100
AcDbEntity
  8
hatch-2
100
AcDbLine
 10
44.60303038033001
 20
-6.000000000000004
 30
0.0
 11
50.60303038033001
 21
0.0
 31
0.0
  0
LINE
  5
32D
330
17
100
AcDbEntity
  8
hatch-2
100
AcDbLine
 10
44.03734495538076
 20
-6.000000000000004
 30
0.0
 11
50.03734495538077
 21
0.0
 31
0.0
  0
LINE
  5
32E
330
17
100
AcDbEntity
  8
hatch-2
100
AcDbLine
 10
43.471659530431516
 20
-6.000000000000004
 30
0.0
 11
49.47165953043155
 21
0.0
 31
0.0
  0
LINE
  5
32F
330
17
100
AcDbEntity
  8
hatch-2
100
AcDbLine
 10
42.9059741054823
 20
-6.000000000000004
 30
0.0
 11
48.9059741054823
 21
0.0
 31
0.0
  0
LINE
  5
330
330
17
100
AcDbEntity
  8
hatch-2
100
AcDbLine
 10
42.34028868053305
 20
-6.000000000000004
 30
0.0
 11
48.34028868053306
 21
0.0
 31
0.0
  0
LINE
  5
331
330
17
100
AcDbEntity
  8
hatch-2
100
AcDbLine
 10
41.774603255583834
 20
-6.000000000000004
 30
0.0
 11
47.77460325558384
 21
0.0
 31
0.0
  0
LINE
  5
332
330
17
100
AcDbEntity
  8
hatch-2
100
AcDbLine
 10
41.20891783063459
 20
-6.000000000000004
 30
0.0
 11
47.20891783063456
 21
0.0
 31
0.0
  0
LINE
  5
333
330
17
100
AcDbEntity
  8
hatch-2
100
AcDbLine
 10
40.64323240568534
 20
-6.000000000000004
 30
0.0
 11
46.643232405685346
 21
0.0
 31
0.0
  0
LINE
  5
334
330
17
100
AcDbEntity
  8
hatch-2
100
AcDbLine
 10
40.077546980736095
 20
-6.000000000000004
 30
0.0
 11
46.0775469807361
 21
0.0
 31
0.0
  0
LINE
  5
335
330
17
100
AcDbEntity
  8
hatch-2
100
AcDbLine
 10
39.51186155578688
 20
-6.000000000000004
 30
0.0
 11
45.511861555786886
 21
0.0
 31
0.0
  0
LINE
  5
336
330
17
100
AcDbEntity
  8
hatch-2
100
AcDbLine
 10
38.946176130837635
 20
-6.000000000000004
 30
0.0
 11
44.946176130837635
 21
0.0
 31
0.0
  0
LINE
  5
337
330
17
100
AcDbEntity
  8
hatch-2
100
AcDbLine
 10
38.380490705888384
 20
-6.000000000000004
 30
0.0
 11
44.38049070588839
 21
0.0
 31
0.0
  0
LINE
  5
338
330
17
100
AcDbEntity
  8
hatch-2
100
AcDbLine
 10
37.81480528093914
 20
-6.000000000000004
 30
0.0
 11
43.81480528093914
 21
0.0
 31
0.0
  0
LINE
  5
339
330
17
100
AcDbEntity
  8
hatch-2
100
AcDbLine
 10
37.24911985598989
 20
-6.000000000000004
 30
0.0
 11
43.249119855989925
 21
0.0
 31
0.0
  0
LINE
  5
33A
330
17
100
AcDbEntity
  8
hatch-2
100
AcDbLine
 10
36.68343443104067
 20
-6.000000000000004
 30
0.0
 11
42.68343443104068
 21
0.0
 31
0.0
  0
LINE
  5
33B
330
17
100
AcDbEntity
  8
hatch-2
100
AcDbLine
 10
36.11774900609146
 20
-6.000000000000004
 30
0.0
 11
42.11774900609143
 21
0.0
 31
0.0
  0
LINE
  5
33C
330
17
100
AcDbEntity
  8
hatch-2
100
AcDbLine
 10
35.55206358114218
 20
-6.000000000000004
 30
0.0
 11
41.55206358114222
 21
0.0
 31
0.0
  0
LINE
  5
33D
330
17
100
AcDbEntity
  8
hatch-2
100
AcDbLine
 10
34.98637815619296
 20
-6.000000000000004
 30
0.0
 11
40.98637815619297
 21
0.0
 31
0.0
  0
LINE
  5
33E
330
17
100
AcDbEntity
  8
hatch-2
100
AcDbLine
 10
34.42069273124372
 20
-6.000000000000004
 30
0.0
 11
40.420692731243726
 21
0.0
 31
0.0
  0
LINE
  5
33F
330
17
100
AcDbEntity
  8
hatch-2
100
AcDbLine
 10
33.855007306294475
 20
-6.000000000000004
 30
0.0
 11
39.85500730629451
 21
0.0
 31
0.0
  0
LINE
  5
340
330
17
100
AcDbEntity
  8
hatch-2
100
AcDbLine
 10
33.28932188134526
 20
-6.000000000000004
 30
0.0
 11
39.28932188134526
 21
0.0
 31
0.0
  0
LINE
  5
341
330
17
100
AcDbEntity
  8
hatch-2
100
AcDbLine
 10
32.72363645639601
 20
-6.000000000000004
 30
0.0
 11
38.723636456396015
 21
0.0
 31
0.0
  0
LINE
  5
342
330
17
100
AcDbEntity
  8
hatch-2
100
AcDbLine
 10
32.157951031446764
 20
-6.000000000000004
 30
0.0
 11
38.157951031446764
 21
0.0
 31
0.0
  0
LINE
  5
343
330
17
100
AcDbEntity
  8
hatch-2
100
AcDbLine
 10
31.592265606497516
 20
-6.000000000000004
 30
0.0
 11
37.59226560649752
 21
0.0
 31
0.0
  0
LINE
  5
344
330
17
100
AcDbEntity
  8
hatch-2
100
AcDbLine
 10
31.0265801815483
 20
-6.000000000000004
 30
0.0
 11
37.026580181548304
 21
0.0
 31
0.0
  0
LINE
  5
345
330
17
100
AcDbEntity
  8
hatch-2
100
AcDbLine
 10
30.460894756599053
 20
-6.000000000000004
 30
0.0
 11
36.46089475659906
 21
0.0
 31
0.0
  0
LINE
  5
346
330
17
100
AcDbEntity
  8
hatch-2
100
AcDbLine
 10
29.895209331649806
 20
-6.000000000000004
 30
0.0
 11
35.89520933164981
 21
0.0
 31
0.0
  0
LINE
  5
347
330
17
100
AcDbEntity
  8
hatch-2
100
AcDbLine
 10
29.32952390670059
 20
-6.000000000000004
 30
0.0
 11
35.329523906700594
 21
0.0
 31
0.0
  0
LINE
  5
348
330
17
100
AcDbEntity
  8
hatch-2
100
AcDbLine
 10
28.763838481751343
 20
-6.000000000000004
 30
0.0
 11
34.76383848175135
 21
0.0
 31
0.0
  0
LINE
  5
349
330
17
100
AcDbEntity
  8
hatch-2
100
AcDbLine
 10
28.198153056802095
 20
-6.000000000000004
 30
0.0
 11
34.1981530568021
 21
0.0
 31
0.0
  0
LINE
  5
34A
330
17
100
AcDbEntity
  8
hatch-2
100
AcDbLine
 10
27.632467631852883
 20
-6.000000000000004
 30
0.0
 11
33.63246763185288
 21
0.0
 31
0.0
  0
LINE
  5
34B
330
17
100
AcDbEntity
  8
hatch-2
100
AcDbLine
 10
27.066782206903635
 20
-6.000000000000004
 30
0.0
 11
33.06678220690364
 21
0.0
 31
0.0
  0
LINE
  5
34C
330
17
100
AcDbEntity
  8
hatch-2
100
AcDbLine
 10
26.501096781954388
 20
-6.000000000000004
 30
0.0
 11
32.50109678195439
 21
0.0
 31
0.0
  0
LINE
  5
34D
330
17
100
AcDbEntity
  8
hatch-2
100
AcDbLine
 10
25.93541135700514
 20
-6.000000000000004
 30
0.0
 11
31.935411357005144
 21
0.0
 31
0.0
  0
LINE
  5
34E
330
17
100
AcDbEntity
  8
hatch-2
100
AcDbLine
 10
25.369725932055925
 20
-6.000000000000004
 30
0.0
 11
31.36972593205593
 21
0.0
 31
0.0
  0
LINE
  5
34F
330
17
100
AcDbEntity
  8
hatch-2
100
AcDbLine
 10
24.804040507106677
 20
-6.000000000000004
 30
0.0
 11
30.80404050710668
 21
0.0
 31
0.0
  0
LINE
  5
350
330
17
100
AcDbEntity
  8
hatch-2
100
AcDbLine
 10
24.23835508215743
 20
-6.000000000000004
 30
0.0
 11
30.238355082157433
 21
0.0
 31
0.0
  0
LINE
  5
351
330
17
100
AcDbEntity
  8
hatch-2
100
AcDbLine
 10
23.672669657208182
 20
-6.000000000000004
 30
0.0
 11
29.67266965720819
 21
0.0
 31
0.0
  0
LINE
  5
352
330
17
100
AcDbEntity
  8
hatch-2
100
AcDbLine
 10
23.106984232258966
 20
-6.000000000000004
 30
0.0
 11
29.106984232258974
 21
0.0
 31
0.0
  0
LINE
  5
353
330
17
100
AcDbEntity
  8
hatch-2
100
AcDbLine
 10
22.541298807309722
 20
-6.000000000000004
 30
0.0
 11
28.541298807309726
 21
0.0
 31
0.0
  0
LINE
  5
354
330
17
100
AcDbEntity
  8
hatch-2
100
AcDbLine
 10
21.97561338236049
 20
-6.000000000000004
 30
0.0
 11
27.97561338236051
 21
0.0
 31
0.0
  0
LINE
  5
355
330
17
100
AcDbEntity
  8
hatch-2
100
AcDbLine
 10
21.40992795741124
 20
-6.000000000000004
 30
0.0
 11
27.409927957411263
 21
0.0
 31
0.0
  0
LINE
  5
356
330
17
100
AcDbEntity
  8
hatch-2
100
AcDbLine
 10
20.84424253246201
 20
-6.000000000000004
 30
0.0
 11
26.844242532462015
 21
0.0
 31
0.0
  0
LINE
  5
357
330
17
100
AcDbEntity
  8
hatch-2
100
AcDbLine
 10
20.278557107512764
 20
-6.000000000000004
 30
0.0
 11
26.278557107512768
 21
0.0
 31
0.0
  0
LINE
  5
358
330
17
100
AcDbEntity
  8
hatch-2
100
AcDbLine
 10
19.712871682563534
 20
-6.000000000000004
 30
0.0
 11
25.712871682563552
 21
0.0
 31
0.0
  0
LINE
  5
359
330
17
100
AcDbEntity
  8
hatch-2
100
AcDbLine
 10
19.1471862576143
 20
-6.000000000000004
 30
0.0
 11
25.147186257614305
 21
0.0
 31
0.0
  0
LINE
  5
35A
330
17
100
AcDbEntity
  8
hatch-2
100
AcDbLine
 10
18.581500832665053
 20
-6.000000000000004
 30
0.0
 11
24.58150083266506
 21
0.0
 31
0.0
  0
LINE
  5
35B
330
17
100
AcDbEntity
  8
hatch-2
100
AcDbLine
 10
18.01581540771581
 20
-6.000000000000004
 30
0.0
 11
24.015815407715813
 21
0.0
 31
0.0
  0
LINE
  5
35C
330
17
100
AcDbEntity
  8
hatch-2
100
AcDbLine
 10
17.450129982766576
 20
-6.000000000000004
 30
0.0
 11
23.450129982766597
 21
0.0
 31
0.0
  0
LINE
  5
35D
330
17
100
AcDbEntity
  8
hatch-2
100
AcDbLine
 10
16.884444557817346
 20
-6.000000000000004
 30
0.0
 11
22.88444455781735
 21
0.0
 31
0.0
  0
LINE
  5
35E
330
17
100
AcDbEntity
  8
hatch-2
100
AcDbLine
 10
16.318759132868113
 20
-6.000000000000004
 30
0.0
 11
22.318759132868102
 21
0.0
 31
0.0
  0
LINE
  5
35F
330
17
100
AcDbEntity
  8
hatch-2
100
AcDbLine
 10
15.753073707918867
 20
-6.000000000000004
 30
0.0
 11
21.753073707918873
 21
0.0
 31
0.0
  0
LINE
  5
360
330
17
100
AcDbEntity
  8
hatch-2
100
AcDbLine
 10
15.187388282969636
 20
-6.000000000000004
 30
0.0
 11
21.18738828296964
 21
0.0
 31
0.0
  0
LINE
  5
361
330
17
100
AcDbEntity
  8
hatch-2
100
AcDbLine
 10
14.621702858020388
 20
-6.000000000000004
 30
0.0
 11
20.62170285802039
 21
0.0
 31
0.0
  0
LINE
  5
362
330
17
100
AcDbEntity
  8
hatch-2
100
AcDbLine
 10
14.056017433071158
 20
-6.000000000000004
 30
0.0
 11
20.056017433071148
 21
0.0
 31
0.0
  0
LINE
  5
363
330
17
100
AcDbEntity
  8
hatch-2
100
AcDbLine
 10
13.490332008121927
 20
-6.000000000000004
 30
0.0
 11
19.490332008121914
 21
0.0
 31
0.0
  0
LINE
  5
364
330
17
100
AcDbEntity
  8
hatch-2
100
AcDbLine
 10
12.92464658317268
 20
-6.000000000000004
 30
0.0
 11
18.924646583172684
 21
0.0
 31
0.0
  0
LINE
  5
365
330
17
100
AcDbEntity
  8
hatch-2
100
AcDbLine
 10
12.358961158223448
 20
-6.000000000000004
 30
0.0
 11
18.35896115822345
 21
0.0
 31
0.0
  0
LINE
  5
366
330
17
100
AcDbEntity
  8
hatch-2
100
AcDbLine
 10
11.793275733274202
 20
-6.000000000000004
 30
0.0
 11
17.793275733274204
 21
0.0
 31
0.0
  0
LINE
  5
367
330
17
100
AcDbEntity
  8
hatch-2
100
AcDbLine
 10
11.227590308324954
 20
-6.000000000000004
 30
0.0
 11
17.22759030832496
 21
0.0
 31
0.0
  0
LINE
  5
368
330
17
100
AcDbEntity
  8
hatch-2
100
AcDbLine
 10
10.661904883375723
 20
-6.000000000000004
 30
0.0
 11
16.661904883375726
 21
0.0
 31
0.0
  0
LINE
  5
369
330
17
100
AcDbEntity
  8
hatch-2
100
AcDbLine
 10
10.096219458426475
 20
-6.000000000000004
 30
0.0
 11
16.09621945842648
 21
0.0
 31
0.0
  0
LINE
  5
36A
330
17
100
AcDbEntity
  8
hatch-2
100
AcDbLine
 10
9.530534033477261
 20
-6.000000000000004
 30
0.0
 11
15.530534033477265
 21
0.0
 31
0.0
  0
LINE
  5
36B
330
17
100
AcDbEntity
  8
hatch-2
100
AcDbLine
 10
8.964848608528014
 20
-6.000000000000004
 30
0.0
 11
14.964848608528017
 21
0.0
 31
0.0
  0
LINE
  5
36C
330
17
100
AcDbEntity
  8
hatch-2
100
AcDbLine
 10
8.399163183578766
 20
-6.000000000000004
 30
0.0
 11
14.39916318357877
 21
0.0
 31
0.0
  0
LINE
  5
36D
330
17
100
AcDbEntity
  8
hatch-2
100
AcDbLine
 10
7.8334777586295345
 20
-6.000000000000004
 30
0.0
 11
13.83347775862954
 21
0.0
 31
0.0
  0
LINE
  5
36E
330
17
100
AcDbEntity
  8
hatch-2
100
AcDbLine
 10
7.267792333680288
 20
-6.000000000000004
 30
0.0
 11
13.267792333680292
 21
0.0
 31
0.0
  0
LINE
  5
36F
330
17
100
AcDbEntity
  8
hatch-2
100
AcDbLine
 10
6.702106908731072
 20
-6.000000000000004
 30
0.0
 11
12.70210690873106
 21
0.0
 31
0.0
  0
LINE
  5
370
330
17
100
AcDbEntity
  8
hatch-2
100
AcDbLine
 10
6.136421483781826
 20
-6.000000000000004
 30
0.0
 11
12.13642148378183
 21
0.0
 31
0.0
  0
LINE
  5
371
330
17
100
AcDbEntity
  8
hatch-2
100
AcDbLine
 10
5.570736058832578
 20
-6.000000000000004
 30
0.0
 11
11.570736058832583
 21
0.0
 31
0.0
  0
LINE
  5
372
330
17
100
AcDbEntity
  8
hatch-2
100
AcDbLine
 10
5.005050633883347
 20
-6.000000000000004
 30
0.0
 11
11.005050633883352
 21
0.0
 31
0.0
  0
LINE
  5
373
330
17
100
AcDbEntity
  8
hatch-2
100
AcDbLine
 10
4.4393652089341
 20
-6.000000000000004
 30
0.0
 11
10.439365208934104
 21
0.0
 31
0.0
  0
LINE
  5
374
330
17
100
AcDbEntity
  8
hatch-2
100
AcDbLine
 10
3.8736797839848847
 20
-6.000000000000004
 30
0.0
 11
9.873679783984873
 21
0.0
 31
0.0
  0
LINE
  5
375
330
17
100
AcDbEntity
  8
hatch-2
100
AcDbLine
 10
3.3079943590356375
 20
-6.000000000000004
 30
0.0
 11
9.307994359035627
 21
0.0
 31
0.0
  0
LINE
  5
376
330
17
100
AcDbEntity
  8
hatch-2
100
AcDbLine
 10
2.7423089340863904
 20
-6.000000000000004
 30
0.0
 11
8.742308934086395
 21
0.0
 31
0.0
  0
LINE
  5
377
330
17
100
AcDbEntity
  8
hatch-2
100
AcDbLine
 10
2.1766235091371593
 20
-6.000000000000004
 30
0.0
 11
8.176623509137164
 21
0.0
 31
0.0
  0
LINE
  5
378
330
17
100
AcDbEntity
  8
hatch-2
100
AcDbLine
 10
1.6109380841879124
 20
-6.000000000000004
 30
0.0
 11
7.610938084187916
 21
0.0
 31
0.0
  0
LINE
  5
379
330
17
100
AcDbEntity
  8
hatch-2
100
AcDbLine
 10
1.045252659238681
 20
-6.000000000000004
 30
0.0
 11
7.0452526592386855
 21
0.0
 31
0.0
  0
LINE
  5
37A
330
17
100
AcDbEntity
  8
hatch-2
100
AcDbLine
 10
0.47956723428943404
 20
-6.000000000000004
 30
0.0
 11
6.479567234289438
 21
0.0
 31
0.0
  0
LINE
  5
37B
330
17
100
AcDbEntity
  8
hatch-2
100
AcDbLine
 10
-0.08611819065979716
 20
-6.000000000000004
 30
0.0
 11
5.913881809340191
 21
0.0
 31
0.0
  0
LINE
  5
37C
330
17
100
AcDbEntity
  8
hatch-2
100
AcDbLine
 10
-0.6518036156090283
 20
-6.000000000000004
 30
0.0
 11
5.348196384390976
 21
0.0
 31
0.0
  0
LINE
  5
37D
330
17
100
AcDbEntity
  8
hatch-2
100
AcDbLine
 10
-1.2174890405582754
 20
-6.000000000000004
 30
0.0
 11
4.782510959441729
 21
0.0
 31
0.0
  0
LINE
  5
37E
330
17
100
AcDbEntity
  8
hatch-2
100
AcDbLine
 10
-1.7831744655075066
 20
-6.000000000000004
 30
0.0
 11
4.216825534492497
 21
0.0
 31
0.0
  0
LINE
  5
37F
330
17
100
AcDbEntity
  8
hatch-2
100
AcDbLine
 10
-2.3488598904567537
 20
-6.000000000000004
 30
0.0
 11
3.6511401095432503
 21
0.0
 31
0.0
  0
LINE
  5
380
330
17
100
AcDbEntity
  8
hatch-2
100
AcDbLine
 10
-2.914545315406001
 20
-6.000000000000004
 30
0.0
 11
3.085454684594003
 21
0.0
 31
0.0
  0
LINE
  5
381
330
17
100
AcDbEntity
  8
hatch-2
100
AcDbLine
 10
-3.480230740355216
 20
-6.000000000000004
 30
0.0
 11
2.519769259644788
 21
0.0
 31
0.0
  0
LINE
  5
382
330
17
100
AcDbEntity
  8
hatch-2
100
AcDbLine
 10
-3.9999999999999973
 20
-5.954083834695538
 30
0.0
 11
1.954083834695541
 21
0.0
 31
0.0
  0
LINE
  5
383
330
17
100
AcDbEntity
  8
hatch-2
100
AcDbLine
 10
-3.9999999999999973
 20
-5.388398409746292
 30
0.0
 11
1.3883984097462938
 21
0.0
 31
0.0
  0
LINE
  5
384
330
17
100
AcDbEntity
  8
hatch-2
100
AcDbLine
 10
-3.9999999999999973
 20
-4.82271298479706
 30
0.0
 11
0.8227129847970627
 21
0.0
 31
0.0
  0
LINE
  5
385
330
17
100
AcDbEntity
  8
hatch-2
100
AcDbLine
 10
-3.9999999999999973
 20
-4.257027559847813
 30
0.0
 11
0.2570275598478156
 21
0.0
 31
0.0
  0
LINE
  5
386
330
17
100
AcDbEntity
  8
hatch-2
100
AcDbLine
 10
-3.9999999999999973
 20
-3.6913421348985818
 30
0.0
 11
-0.3086578651014156
 21
0.0
 31
0.0
  0
LINE
  5
387
330
17
100
AcDbEntity
  8
hatch-2
100
AcDbLine
 10
-3.9999999999999973
 20
-3.1256567099493506
 30
0.0
 11
-0.8743432900506627
 21
0.0
 31
0.0
  0
LINE
  5
388
330
17
100
AcDbEntity
  8
hatch-2
100
AcDbLine
 10
-3.9999999999999973
 20
-2.5599712850001035
 30
0.0
 11
-1.4400287149998938
 21
0.0
 31
0.0
  0
LINE
  5
389
330
17
100
AcDbEntity
  8
hatch-2
100
AcDbLine
 10
-3.9999999999999973
 20
-1.9942858600508724
 30
0.0
 11
-2.005714139949125
 21
0.0
 31
0.0
  0
LINE
  5
38A
330
17
100
AcDbEntity
  8
hatch-2
100
AcDbLine
 10
-3.9999999999999973
 20
-1.4286004351016253
 30
0.0
 11
-2.571399564898372
 21
0.0
 31
0.0
  0
LINE
  5
38B
330
17
100
AcDbEntity
  8
hatch-2
100
AcDbLine
 10
-3.9999999999999973
 20
-0.8629150101523941
 30
0.0
 11
-3.137084989847603
 21
0.0
 31
0.0
  0
LINE
  5
38C
330
17
100
AcDbEntity
  8
hatch-2
100
AcDbLine
 10
-3.9999999999999973
 20
-0.297229585203147
 30
0.0
 11
-3.7027704147968503
 21
0.0
 31
0.0
  0
LWPOLYLINE
  5
38D
330
17
100
AcDbEntity
  8
via
100
AcDbPolyline
 90
4
 70
1
 10
0.0
 20
0.0
 10
99.99999999999999
 20
0.0
 10
99.99999999999999
 20
7.999999999999995
 10
0.0
 20
7.999999999999995
  0
LINE
  5
38E
330
17
100
AcDbEntity
  8
hatch
100
AcDbLine
 10
99.20804040507105
 20
-1.4210854715202004e-14
 30
0.0
 11
99.99999999999997
 21
0.791959594928926
 31
0.0
  0
LINE
  5
38F
330
17
100
AcDbEntity
  8
hatch
100
AcDbLine
 10
98.41608081014212
 20
-7.105427357601002e-15
 30
0.0
 11
99.99999999999999
 21
1.5839191898578662
 31
0.0
  0
LINE
  5
390
330
17
100
AcDbEntity
  8
hatch
100
AcDbLine
 10
97.62412121521317
 20
-7.105427357601002e-15
 30
0.0
 11
99.99999999999999
 21
2.3758787847867993
 31
0.0
  0
LINE
  5
391
330
17
100
AcDbEntity
  8
hatch
100
AcDbLine
 10
96.83216162028427
 20
-7.105427357601002e-15
 30
0.0
 11
99.99999999999999
 21
3.167838379715718
 31
0.0
  0
LINE
  5
392
330
17
100
AcDbEntity
  8
hatch
100
AcDbLine
 10
96.04020202535531
 20
-7.105427357601002e-15
 30
0.0
 11
99.99999999999999
 21
3.959797974644651
 31
0.0
  0
LINE
  5
393
330
17
100
AcDbEntity
  8
hatch
100
AcDbLine
 10
95.24824243042639
 20
-7.105427357601002e-15
 30
0.0
 11
99.99999999999997
 21
4.751757569573591
 31
0.0
  0
LINE
  5
394
330
17
100
AcDbEntity
  8
hatch
100
AcDbLine
 10
94.45628283549746
 20
-7.105427357601002e-15
 30
0.0
 11
99.99999999999999
 21
5.5437171645025245
 31
0.0
  0
LINE
  5
395
330
17
100
AcDbEntity
  8
hatch
100
AcDbLine
 10
93.6643232405685
 20
-7.105427357601002e-15
 30
0.0
 11
99.99999999999999
 21
6.335676759431465
 31
0.0
  0
LINE
  5
396
330
17
100
AcDbEntity
  8
hatch
100
AcDbLine
 10
92.87236364563958
 20
-7.105427357601002e-15
 30
0.0
 11
99.99999999999999
 21
7.127636354360398
 31
0.0
  0
LINE
  5
397
330
17
100
AcDbEntity
  8
hatch
100
AcDbLine
 10
92.08040405071065
 20
-7.105427357601002e-15
 30
0.0
 11
99.99999999999999
 21
7.919595949289317
 31
0.0
  0
LINE
  5
398
330
17
100
AcDbEntity
  8
hatch
100
AcDbLine
 10
91.28844445578173
 20
-7.105427357601002e-15
 30
0.0
 11
99.28844445578173
 21
8.0
 31
0.0
  0
LINE
  5
399
330
17
100
AcDbEntity
  8
hatch
100
AcDbLine
 10
90.49648486085277
 20
-7.105427357601002e-15
 30
0.0
 11
98.49648486085279
 21
8.0
 31
0.0
  0
LINE
  5
39A
330
17
100
AcDbEntity
  8
hatch
100
AcDbLine
 10
89.70452526592385
 20
-7.105427357601002e-15
 30
0.0
 11
97.70452526592385
 21
7.999999999999993
 31
0.0
  0
LINE
  5
39B
330
17
100
AcDbEntity
  8
hatch
100
AcDbLine
 10
88.91256567099492
 20
-7.105427357601002e-15
 30
0.0
 11
96.91256567099492
 21
7.999999999999993
 31
0.0
  0
LINE
  5
39C
330
17
100
AcDbEntity
  8
hatch
100
AcDbLine
 10
88.120606076066
 20
-7.105427357601002e-15
 30
0.0
 11
96.120606076066
 21
7.999999999999993
 31
0.0
  0
LINE
  5
39D
330
17
100
AcDbEntity
  8
hatch
100
AcDbLine
 10
87.32864648113704
 20
-7.105427357601002e-15
 30
0.0
 11
95.32864648113704
 21
7.999999999999993
 31
0.0
  0
LINE
  5
39E
330
17
100
AcDbEntity
  8
hatch
100
AcDbLine
 10
86.53668688620812
 20
-7.105427357601002e-15
 30
0.0
 11
94.53668688620812
 21
7.999999999999993
 31
0.0
  0
LINE
  5
39F
330
17
100
AcDbEntity
  8
hatch
100
AcDbLine
 10
85.74472729127919
 20
-7.105427357601002e-15
 30
0.0
 11
93.74472729127919
 21
8.0
 31
0.0
  0
LINE
  5
3A0
330
17
100
AcDbEntity
  8
hatch
100
AcDbLine
 10
84.95276769635026
 20
-7.105427357601002e-15
 30
0.0
 11
92.95276769635026
 21
7.999999999999993
 31
0.0
  0
LINE
  5
3A1
330
17
100
AcDbEntity
  8
hatch
100
AcDbLine
 10
84.16080810142131
 20
-7.105427357601002e-15
 30
0.0
 11
92.16080810142131
 21
7.999999999999993
 31
0.0
  0
LINE
  5
3A2
330
17
100
AcDbEntity
  8
hatch
100
AcDbLine
 10
83.36884850649238
 20
-7.105427357601002e-15
 30
0.0
 11
91.36884850649238
 21
8.0
 31
0.0
  0
LINE
  5
3A3
330
17
100
AcDbEntity
  8
hatch
100
AcDbLine
 10
82.57688891156346
 20
-7.105427357601002e-15
 30
0.0
 11
90.57688891156346
 21
7.999999999999993
 31
0.0
  0
LINE
  5
3A4
330
17
100
AcDbEntity
  8
hatch
100
AcDbLine
 10
81.7849293166345
 20
-7.105427357601002e-15
 30
0.0
 11
89.7849293166345
 21
7.999999999999993
 31
0.0
  0
LINE
  5
3A5
330
17
100
AcDbEntity
  8
hatch
100
AcDbLine
 10
80.99296972170558
 20
-7.105427357601002e-15
 30
0.0
 11
88.99296972170559
 21
8.0
 31
0.0
  0
LINE
  5
3A6
330
17
100
AcDbEntity
  8
hatch
100
AcDbLine
 10
80.20101012677665
 20
0.0
 30
0.0
 11
88.20101012677665
 21
8.0
 31
0.0
  0
LINE
  5
3A7
330
17
100
AcDbEntity
  8
hatch
100
AcDbLine
 10
79.40905053184773
 20
-7.105427357601002e-15
 30
0.0
 11
87.40905053184773
 21
7.999999999999993
 31
0.0
  0
LINE
  5
3A8
330
17
100
AcDbEntity
  8
hatch
100
AcDbLine
 10
78.61709093691877
 20
-1.4210854715202004e-14
 30
0.0
 11
86.61709093691879
 21
8.0
 31
0.0
  0
LINE
  5
3A9
330
17
100
AcDbEntity
  8
hatch
100
AcDbLine
 10
77.82513134198985
 20
-7.105427357601002e-15
 30
0.0
 11
85.82513134198985
 21
7.999999999999993
 31
0.0
  0
LINE
  5
3AA
330
17
100
AcDbEntity
  8
hatch
100
AcDbLine
 10
77.03317174706092
 20
-7.105427357601002e-15
 30
0.0
 11
85.03317174706092
 21
7.999999999999993
 31
0.0
  0
LINE
  5
3AB
330
17
100
AcDbEntity
  8
hatch
100
AcDbLine
 10
76.241212152132
 20
-7.105427357601002e-15
 30
0.0
 11
84.241212152132
 21
8.0
 31
0.0
  0
LINE
  5
3AC
330
17
100
AcDbEntity
  8
hatch
100
AcDbLine
 10
75.44925255720305
 20
-7.105427357601002e-15
 30
0.0
 11
83.44925255720307
 21
8.0
 31
0.0
  0
LINE
  5
3AD
330
17
100
AcDbEntity
  8
hatch
100
AcDbLine
 10
74.65729296227411
 20
0.0
 30
0.0
 11
82.65729296227411
 21
7.999999999999993
 31
0.0
  0
LINE
  5
3AE
330
17
100
AcDbEntity
  8
hatch
100
AcDbLine
 10
73.86533336734519
 20
-7.105427357601002e-15
 30
0.0
 11
81.86533336734519
 21
8.0
 31
0.0
  0
LINE
  5
3AF
330
17
100
AcDbEntity
  8
hatch
100
AcDbLine
 10
73.07337377241623
 20
-7.105427357601002e-15
 30
0.0
 11
81.07337377241625
 21
8.0
 31
0.0
  0
LINE
  5
3B0
330
17
100
AcDbEntity
  8
hatch
100
AcDbLine
 10
72.2814141774873
 20
-7.105427357601002e-15
 30
0.0
 11
80.28141417748732
 21
8.0
 31
0.0
  0
LINE
  5
3B1
330
17
100
AcDbEntity
  8
hatch
100
AcDbLine
 10
71.48945458255838
 20
0.0
 30
0.0
 11
79.48945458255838
 21
7.999999999999993
 31
0.0
  0
LINE
  5
3B2
330
17
100
AcDbEntity
  8
hatch
100
AcDbLine
 10
70.69749498762945
 20
0.0
 30
0.0
 11
78.69749498762945
 21
8.0
 31
0.0
  0
LINE
  5
3B3
330
17
100
AcDbEntity
  8
hatch
100
AcDbLine
 10
69.90553539270053
 20
-7.105427357601002e-15
 30
0.0
 11
77.90553539270053
 21
7.999999999999993
 31
0.0
  0
LINE
  5
3B4
330
17
100
AcDbEntity
  8
hatch
100
AcDbLine
 10
69.11357579777157
 20
-7.105427357601002e-15
 30
0.0
 11
77.11357579777159
 21
8.0
 31
0.0
  0
LINE
  5
3B5
330
17
100
AcDbEntity
  8
hatch
100
AcDbLine
 10
68.32161620284265
 20
-7.105427357601002e-15
 30
0.0
 11
76.32161620284265
 21
8.0
 31
0.0
  0
LINE
  5
3B6
330
17
100
AcDbEntity
  8
hatch
100
AcDbLine
 10
67.52965660791372
 20
-7.105427357601002e-15
 30
0.0
 11
75.52965660791372
 21
7.999999999999993
 31
0.0
  0
LINE
  5
3B7
330
17
100
AcDbEntity
  8
hatch
100
AcDbLine
 10
66.73769701298478
 20
0.0
 30
0.0
 11
74.73769701298478
 21
8.0
 31
0.0
  0
LINE
  5
3B8
330
17
100
AcDbEntity
  8
hatch
100
AcDbLine
 10
65.94573741805586
 20
0.0
 30
0.0
 11
73.94573741805587
 21
8.0
 31
0.0
  0
LINE
  5
3B9
330
17
100
AcDbEntity
  8
hatch
100
AcDbLine
 10
65.15377782312692
 20
-7.105427357601002e-15
 30
0.0
 11
73.15377782312692
 21
7.999999999999993
 31
0.0
  0
LINE
  5
3BA
330
17
100
AcDbEntity
  8
hatch
100
AcDbLine
 10
64.36181822819799
 20
-7.105427357601002e-15
 30
0.0
 11
72.36181822819799
 21
8.0
 31
0.0
  0
LINE
  5
3BB
330
17
100
AcDbEntity
  8
hatch
100
AcDbLine
 10
63.56985863326905
 20
-3.552713678800501e-15
 30
0.0
 11
71.56985863326905
 21
8.0
 31
0.0
  0
LINE
  5
3BC
330
17
100
AcDbEntity
  8
hatch
100
AcDbLine
 10
62.77789903834011
 20
-3.552713678800501e-15
 30
0.0
 11
70.77789903834011
 21
7.9999999999999964
 31
0.0
  0
LINE
  5
3BD
330
17
100
AcDbEntity
  8
hatch
100
AcDbLine
 10
61.98593944341118
 20
-7.105427357601002e-15
 30
0.0
 11
69.98593944341118
 21
7.9999999999999964
 31
0.0
  0
LINE
  5
3BE
330
17
100
AcDbEntity
  8
hatch
100
AcDbLine
 10
61.19397984848226
 20
-7.105427357601002e-15
 30
0.0
 11
69.19397984848226
 21
7.9999999999999964
 31
0.0
  0
LINE
  5
3BF
330
17
100
AcDbEntity
  8
hatch
100
AcDbLine
 10
60.40202025355332
 20
-3.552713678800501e-15
 30
0.0
 11
68.40202025355333
 21
7.9999999999999964
 31
0.0
  0
LINE
  5
3C0
330
17
100
AcDbEntity
  8
hatch
100
AcDbLine
 10
59.610060658624384
 20
-7.105427357601002e-15
 30
0.0
 11
67.61006065862438
 21
7.999999999999993
 31
0.0
  0
LINE
  5
3C1
330
17
100
AcDbEntity
  8
hatch
100
AcDbLine
 10
58.81810106369545
 20
-3.552713678800501e-15
 30
0.0
 11
66.81810106369545
 21
7.999999999999993
 31
0.0
  0
LINE
  5
3C2
330
17
100
AcDbEntity
  8
hatch
100
AcDbLine
 10
58.02614146876651
 20
-3.552713678800501e-15
 30
0.0
 11
66.02614146876653
 21
7.9999999999999964
 31
0.0
  0
LINE
  5
3C3
330
17
100
AcDbEntity
  8
hatch
100
AcDbLine
 10
57.234181873837585
 20
-3.552713678800501e-15
 30
0.0
 11
65.23418187383758
 21
7.9999999999999964
 31
0.0
  0
LINE
  5
3C4
330
17
100
AcDbEntity
  8
hatch
100
AcDbLine
 10
56.442222278908645
 20
-3.552713678800501e-15
 30
0.0
 11
64.44222227890864
 21
7.9999999999999964
 31
0.0
  0
LINE
  5
3C5
330
17
100
AcDbEntity
  8
hatch
100
AcDbLine
 10
55.65026268397972
 20
-3.552713678800501e-15
 30
0.0
 11
63.650262683979726
 21
7.9999999999999964
 31
0.0
  0
LINE
  5
3C6
330
17
100
AcDbEntity
  8
hatch
100
AcDbLine
 10
54.85830308905079
 20
-3.552713678800501e-15
 30
0.0
 11
62.85830308905079
 21
8.0
 31
0.0
  0
LINE
  5
3C7
330
17
100
AcDbEntity
  8
hatch
100
AcDbLine
 10
54.06634349412185
 20
-3.552713678800501e-15
 30
0.0
 11
62.06634349412185
 21
8.0
 31
0.0
  0
LINE
  5
3C8
330
17
100
AcDbEntity
  8
hatch
100
AcDbLine
 10
53.27438389919291
 20
-3.552713678800501e-15
 30
0.0
 11
61.27438389919292
 21
7.9999999999999964
 31
0.0
  0
LINE
  5
3C9
330
17
100
AcDbEntity
  8
hatch
100
AcDbLine
 10
52.482424304263986
 20
-3.552713678800501e-15
 30
0.0
 11
60.482424304263986
 21
7.9999999999999964
 31
0.0
  0
LINE
  5
3CA
330
17
100
AcDbEntity
  8
hatch
100
AcDbLine
 10
51.690464709335046
 20
-3.552713678800501e-15
 30
0.0
 11
59.69046470933505
 21
7.9999999999999964
 31
0.0
  0
LINE
  5
3CB
330
17
100
AcDbEntity
  8
hatch
100
AcDbLine
 10
50.89850511440612
 20
-3.552713678800501e-15
 30
0.0
 11
58.89850511440612
 21
7.999999999999993
 31
0.0
  0
LINE
  5
3CC
330
17
100
AcDbEntity
  8
hatch
100
AcDbLine
 10
50.106545519477194
 20
-3.552713678800501e-15
 30
0.0
 11
58.106545519477194
 21
8.0
 31
0.0
  0
LINE
  5
3CD
330
17
100
AcDbEntity
  8
hatch
100
AcDbLine
 10
49.314585924548254
 20
-3.552713678800501e-15
 30
0.0
 11
57.314585924548254
 21
7.999999999999993
 31
0.0
  0
LINE
  5
3CE
330
17
100
AcDbEntity
  8
hatch
100
AcDbLine
 10
48.522626329619314
 20
-3.552713678800501e-15
 30
0.0
 11
56.522626329619314
 21
7.9999999999999964
 31
0.0
  0
LINE
  5
3CF
330
17
100
AcDbEntity
  8
hatch
100
AcDbLine
 10
47.73066673469039
 20
-3.552713678800501e-15
 30
0.0
 11
55.73066673469039
 21
7.999999999999993
 31
0.0
  0
LINE
  5
3D0
330
17
100
AcDbEntity
  8
hatch
100
AcDbLine
 10
46.93870713976145
 20
-3.552713678800501e-15
 30
0.0
 11
54.93870713976145
 21
7.9999999999999964
 31
0.0
  0
LINE
  5
3D1
330
17
100
AcDbEntity
  8
hatch
100
AcDbLine
 10
46.14674754483252
 20
-3.552713678800501e-15
 30
0.0
 11
54.14674754483252
 21
7.999999999999993
 31
0.0
  0
LINE
  5
3D2
330
17
100
AcDbEntity
  8
hatch
100
AcDbLine
 10
45.354787949903596
 20
-3.552713678800501e-15
 30
0.0
 11
53.354787949903596
 21
7.999999999999993
 31
0.0
  0
LINE
  5
3D3
330
17
100
AcDbEntity
  8
hatch
100
AcDbLine
 10
44.562828354974656
 20
-3.552713678800501e-15
 30
0.0
 11
52.562828354974656
 21
7.9999999999999964
 31
0.0
  0
LINE
  5
3D4
330
17
100
AcDbEntity
  8
hatch
100
AcDbLine
 10
43.770868760045715
 20
-3.552713678800501e-15
 30
0.0
 11
51.770868760045715
 21
7.999999999999993
 31
0.0
  0
LINE
  5
3D5
330
17
100
AcDbEntity
  8
hatch
100
AcDbLine
 10
42.978909165116775
 20
-3.552713678800501e-15
 30
0.0
 11
50.978909165116775
 21
7.9999999999999964
 31
0.0
  0
LINE
  5
3D6
330
17
100
AcDbEntity
  8
hatch
100
AcDbLine
 10
42.18694957018785
 20
-3.552713678800501e-15
 30
0.0
 11
50.18694957018785
 21
7.9999999999999964
 31
0.0
  0
LINE
  5
3D7
330
17
100
AcDbEntity
  8
hatch
100
AcDbLine
 10
41.39498997525892
 20
-3.552713678800501e-15
 30
0.0
 11
49.39498997525892
 21
7.999999999999993
 31
0.0
  0
LINE
  5
3D8
330
17
100
AcDbEntity
  8
hatch
100
AcDbLine
 10
40.60303038032998
 20
0.0
 30
0.0
 11
48.60303038032998
 21
7.9999999999999964
 31
0.0
  0
LINE
  5
3D9
330
17
100
AcDbEntity
  8
hatch
100
AcDbLine
 10
39.81107078540106
 20
-3.552713678800501e-15
 30
0.0
 11
47.81107078540106
 21
7.9999999999999964
 31
0.0
  0
LINE
  5
3DA
330
17
100
AcDbEntity
  8
hatch
100
AcDbLine
 10
39.01911119047212
 20
-3.552713678800501e-15
 30
0.0
 11
47.01911119047212
 21
7.999999999999993
 31
0.0
  0
LINE
  5
3DB
330
17
100
AcDbEntity
  8
hatch
100
AcDbLine
 10
38.22715159554318
 20
-3.552713678800501e-15
 30
0.0
 11
46.22715159554318
 21
7.9999999999999964
 31
0.0
  0
LINE
  5
3DC
330
17
100
AcDbEntity
  8
hatch
100
AcDbLine
 10
37.43519200061426
 20
0.0
 30
0.0
 11
45.43519200061425
 21
7.9999999999999964
 31
0.0
  0
LINE
  5
3DD
330
17
100
AcDbEntity
  8
hatch
100
AcDbLine
 10
36.643232405685325
 20
-3.552713678800501e-15
 30
0.0
 11
44.643232405685325
 21
7.999999999999993
 31
0.0
  0
LINE
  5
3DE
330
17
100
AcDbEntity
  8
hatch
100
AcDbLine
 10
35.851272810756385
 20
-3.552713678800501e-15
 30
0.0
 11
43.851272810756385
 21
7.9999999999999964
 31
0.0
  0
LINE
  5
3DF
330
17
100
AcDbEntity
  8
hatch
100
AcDbLine
 10
35.05931321582746
 20
-3.552713678800501e-15
 30
0.0
 11
43.05931321582746
 21
7.9999999999999964
 31
0.0
  0
LINE
  5
3E0
330
17
100
AcDbEntity
  8
hatch
100
AcDbLine
 10
34.26735362089852
 20
-3.552713678800501e-15
 30
0.0
 11
42.26735362089852
 21
7.999999999999993
 31
0.0
  0
LINE
  5
3E1
330
17
100
AcDbEntity
  8
hatch
100
AcDbLine
 10
33.47539402596958
 20
-3.552713678800501e-15
 30
0.0
 11
41.47539402596958
 21
7.9999999999999964
 31
0.0
  0
LINE
  5
3E2
330
17
100
AcDbEntity
  8
hatch
100
AcDbLine
 10
32.68343443104065
 20
-3.552713678800501e-15
 30
0.0
 11
40.68343443104065
 21
7.9999999999999964
 31
0.0
  0
LINE
  5
3E3
330
17
100
AcDbEntity
  8
hatch
100
AcDbLine
 10
31.89147483611172
 20
-1.7763568394002505e-15
 30
0.0
 11
39.891474836111726
 21
7.999999999999995
 31
0.0
  0
LINE
  5
3E4
330
17
100
AcDbEntity
  8
hatch
100
AcDbLine
 10
31.099515241182786
 20
-1.7763568394002505e-15
 30
0.0
 11
39.09951524118278
 21
7.999999999999993
 31
0.0
  0
LINE
  5
3E5
330
17
100
AcDbEntity
  8
hatch
100
AcDbLine
 10
30.30755564625386
 20
-1.7763568394002505e-15
 30
0.0
 11
38.30755564625385
 21
7.999999999999993
 31
0.0
  0
LINE
  5
3E6
330
17
100
AcDbEntity
  8
hatch
100
AcDbLine
 10
29.51559605132492
 20
-1.7763568394002505e-15
 30
0.0
 11
37.51559605132492
 21
7.999999999999991
 31
0.0
  0
LINE
  5
3E7
330
17
100
AcDbEntity
  8
hatch
100
AcDbLine
 10
28.723636456395987
 20
-1.7763568394002505e-15
 30
0.0
 11
36.72363645639598
 21
7.999999999999993
 31
0.0
  0
LINE
  5
3E8
330
17
100
AcDbEntity
  8
hatch
100
AcDbLine
 10
27.931676861467047
 20
-1.7763568394002505e-15
 30
0.0
 11
35.93167686146704
 21
7.999999999999991
 31
0.0
  0
LINE
  5
3E9
330
17
100
AcDbEntity
  8
hatch
100
AcDbLine
 10
27.13971726653812
 20
-1.7763568394002505e-15
 30
0.0
 11
35.13971726653811
 21
7.999999999999991
 31
0.0
  0
LINE
  5
3EA
330
17
100
AcDbEntity
  8
hatch
100
AcDbLine
 10
26.347757671609187
 20
-1.7763568394002505e-15
 30
0.0
 11
34.34775767160918
 21
7.999999999999993
 31
0.0
  0
LINE
  5
3EB
330
17
100
AcDbEntity
  8
hatch
100
AcDbLine
 10
25.555798076680247
 20
-1.7763568394002505e-15
 30
0.0
 11
33.55579807668025
 21
7.999999999999991
 31
0.0
  0
LINE
  5
3EC
330
17
100
AcDbEntity
  8
hatch
100
AcDbLine
 10
24.76383848175132
 20
-1.7763568394002505e-15
 30
0.0
 11
32.76383848175132
 21
7.999999999999991
 31
0.0
  0
LINE
  5
3ED
330
17
100
AcDbEntity
  8
hatch
100
AcDbLine
 10
23.971878886822388
 20
-1.7763568394002505e-15
 30
0.0
 11
31.97187888682238
 21
7.999999999999993
 31
0.0
  0
LINE
  5
3EE
330
17
100
AcDbEntity
  8
hatch
100
AcDbLine
 10
23.179919291893448
 20
-1.7763568394002505e-15
 30
0.0
 11
31.179919291893444
 21
7.999999999999991
 31
0.0
  0
LINE
  5
3EF
330
17
100
AcDbEntity
  8
hatch
100
AcDbLine
 10
22.387959696964522
 20
-1.7763568394002505e-15
 30
0.0
 11
30.38795969696452
 21
7.999999999999991
 31
0.0
  0
LINE
  5
3F0
330
17
100
AcDbEntity
  8
hatch
100
AcDbLine
 10
21.59600010203559
 20
-1.7763568394002505e-15
 30
0.0
 11
29.596000102035582
 21
7.999999999999993
 31
0.0
  0
LINE
  5
3F1
330
17
100
AcDbEntity
  8
hatch
100
AcDbLine
 10
20.80404050710665
 20
-1.7763568394002505e-15
 30
0.0
 11
28.80404050710665
 21
7.999999999999998
 31
0.0
  0
LINE
  5
3F2
330
17
100
AcDbEntity
  8
hatch
100
AcDbLine
 10
20.012080912177723
 20
-1.7763568394002505e-15
 30
0.0
 11
28.01208091217772
 21
7.999999999999991
 31
0.0
  0
LINE
  5
3F3
330
17
100
AcDbEntity
  8
hatch
100
AcDbLine
 10
19.22012131724879
 20
-1.7763568394002505e-15
 30
0.0
 11
27.22012131724879
 21
7.9999999999999964
 31
0.0
  0
LINE
  5
3F4
330
17
100
AcDbEntity
  8
hatch
100
AcDbLine
 10
18.42816172231985
 20
-1.7763568394002505e-15
 30
0.0
 11
26.42816172231985
 21
7.999999999999998
 31
0.0
  0
LINE
  5
3F5
330
17
100
AcDbEntity
  8
hatch
100
AcDbLine
 10
17.636202127390916
 20
-1.7763568394002505e-15
 30
0.0
 11
25.636202127390916
 21
7.9999999999999964
 31
0.0
  0
LINE
  5
3F6
330
17
100
AcDbEntity
  8
hatch
100
AcDbLine
 10
16.84424253246199
 20
-1.7763568394002505e-15
 30
0.0
 11
24.84424253246199
 21
7.9999999999999964
 31
0.0
  0
LINE
  5
3F7
330
17
100
AcDbEntity
  8
hatch
100
AcDbLine
 10
16.05228293753305
 20
-1.7763568394002505e-15
 30
0.0
 11
24.05228293753305
 21
7.999999999999998
 31
0.0
  0
LINE
  5
3F8
330
17
100
AcDbEntity
  8
hatch
100
AcDbLine
 10
15.260323342604115
 20
-1.7763568394002505e-15
 30
0.0
 11
23.260323342604117
 21
7.9999999999999964
 31
0.0
  0
LINE
  5
3F9
330
17
100
AcDbEntity
  8
hatch
100
AcDbLine
 10
14.46836374767519
 20
-1.7763568394002505e-15
 30
0.0
 11
22.46836374767519
 21
7.9999999999999964
 31
0.0
  0
LINE
  5
3FA
330
17
100
AcDbEntity
  8
hatch
100
AcDbLine
 10
13.676404152746253
 20
-1.7763568394002505e-15
 30
0.0
 11
21.67640415274625
 21
7.9999999999999964
 31
0.0
  0
LINE
  5
3FB
330
17
100
AcDbEntity
  8
hatch
100
AcDbLine
 10
12.884444557817318
 20
-8.881784197001252e-16
 30
0.0
 11
20.884444557817318
 21
7.9999999999999964
 31
0.0
  0
LINE
  5
3FC
330
17
100
AcDbEntity
  8
hatch
100
AcDbLine
 10
12.092484962888388
 20
-8.881784197001252e-16
 30
0.0
 11
20.092484962888392
 21
7.999999999999997
 31
0.0
  0
LINE
  5
3FD
330
17
100
AcDbEntity
  8
hatch
100
AcDbLine
 10
11.300525367959455
 20
-8.881784197001252e-16
 30
0.0
 11
19.300525367959455
 21
7.9999999999999964
 31
0.0
  0
LINE
  5
3FE
330
17
100
AcDbEntity
  8
hatch
100
AcDbLine
 10
10.508565773030519
 20
-8.881784197001252e-16
 30
0.0
 11
18.50856577303052
 21
7.999999999999998
 31
0.0
  0
LINE
  5
3FF
330
17
100
AcDbEntity
  8
hatch
100
AcDbLine
 10
9.71660617810159
 20
0.0
 30
0.0
 11
17.716606178101593
 21
7.999999999999997
 31
0.0
  0
LINE
  5
400
330
17
100
AcDbEntity
  8
hatch
100
AcDbLine
 10
8.924646583172654
 20
0.0
 30
0.0
 11
16.924646583172656
 21
7.999999999999999
 31
0.0
  0
LINE
  5
401
330
17
100
AcDbEntity
  8
hatch
100
AcDbLine
 10
8.13268698824372
 20
-8.881784197001252e-16
 30
0.0
 11
16.13268698824372
 21
7.999999999999998
 31
0.0
  0
LINE
  5
402
330
17
100
AcDbEntity
  8
hatch
100
AcDbLine
 10
7.340727393314781
 20
-4.440892098500626e-16
 30
0.0
 11
15.340727393314776
 21
7.999999999999993
 31
0.0
  0
LINE
  5
403
330
17
100
AcDbEntity
  8
hatch
100
AcDbLine
 10
6.548767798385844
 20
-4.440892098500626e-16
 30
0.0
 11
14.548767798385839
 21
7.999999999999993
 31
0.0
  0
LINE
  5
404
330
17
100
AcDbEntity
  8
hatch
100
AcDbLine
 10
5.756808203456929
 20
-4.440892098500626e-16
 30
0.0
 11
13.756808203456927
 21
7.999999999999997
 31
0.0
  0
LINE
  5
405
330
17
100
AcDbEntity
  8
hatch
100
AcDbLine
 10
4.964848608527992
 20
0.0
 30
0.0
 11
12.96484860852799
 21
7.999999999999999
 31
0.0
  0
LINE
  5
406
330
17
100
AcDbEntity
  8
hatch
100
AcDbLine
 10
4.172889013599056
 20
0.0
 30
0.0
 11
12.17288901359905
 21
7.999999999999994
 31
0.0
  0
LINE
  5
407
330
17
100
AcDbEntity
  8
hatch
100
AcDbLine
 10
3.380929418670119
 20
-2.220446049250313e-16
 30
0.0
 11
11.380929418670114
 21
7.999999999999994
 31
0.0
  0
LINE
  5
408
330
17
100
AcDbEntity
  8
hatch
100
AcDbLine
 10
2.5889698237411833
 20
-2.220446049250313e-16
 30
0.0
 11
10.588969823741179
 21
7.999999999999993
 31
0.0
  0
LINE
  5
409
330
17
100
AcDbEntity
  8
hatch
100
AcDbLine
 10
1.7970102288122467
 20
-1.1102230246251565e-16
 30
0.0
 11
9.797010228812242
 21
7.999999999999993
 31
0.0
  0
LINE
  5
40A
330
17
100
AcDbEntity
  8
hatch
100
AcDbLine
 10
1.00505063388333
 20
-1.1102230246251565e-16
 30
0.0
 11
9.005050633883325
 21
7.999999999999994
 31
0.0
  0
LINE
  5
40B
330
17
100
AcDbEntity
  8
hatch
100
AcDbLine
 10
0.21309103895439374
 20
-1.3877787807814457e-17
 30
0.0
 11
8.213091038954389
 21
7.999999999999994
 31
0.0
  0
LINE
  5
40C
330
17
100
AcDbEntity
  8
hatch
100
AcDbLine
 10
5.551115123125783e-17
 20
0.5788685559745428
 30
0.0
 11
7.421131444025452
 21
7.999999999999994
 31
0.0
  0
LINE
  5
40D
330
17
100
AcDbEntity
  8
hatch
100
AcDbLine
 10
1.1102230246251565e-16
 20
1.370828150903479
 30
0.0
 11
6.629171849096515
 21
7.999999999999994
 31
0.0
  0
LINE
  5
40E
330
17
100
AcDbEntity
  8
hatch
100
AcDbLine
 10
2.220446049250313e-16
 20
2.162787745832415
 30
0.0
 11
5.837212254167579
 21
7.999999999999994
 31
0.0
  0
LINE
  5
40F
330
17
100
AcDbEntity
  8
hatch
100
AcDbLine
 10
0.0
 20
2.954747340761352
 30
0.0
 11
5.045252659238642
 21
7.999999999999994
 31
0.0
  0
LINE
  5
410
330
17
100
AcDbEntity
  8
hatch
100
AcDbLine
 10
0.0
 20
3.7467069356902885
 30
0.0
 11
4.253293064309707
 21
7.999999999999994
 31
0.0
  0
LINE
  5
411
330
17
100
AcDbEntity
  8
hatch
100
AcDbLine
 10
0.0
 20
4.538666530619205
 30
0.0
 11
3.46133346938079
 21
7.999999999999995
 31
0.0
  0
LINE
  5
412
330
17
100
AcDbEntity
  8
hatch
100
AcDbLine
 10
4.440892098500626e-16
 20
5.330626125548141
 30
0.0
 11
2.669373874451854
 21
7.999999999999994
 31
0.0
  0
LINE
  5
413
330
17
100
AcDbEntity
  8
hatch
100
AcDbLine
 10
0.0
 20
6.122585720477077
 30
0.0
 11
1.8774142795229172
 21
7.999999999999994
 31
0.0
  0
LINE
  5
414
330
17
100
AcDbEntity
  8
hatch
100
AcDbLine
 10
0.0
 20
6.914545315406013
 30
0.0
 11
1.0854546845939805
 21
7.999999999999994
 31
0.0
  0
LINE
  5
415
330
17
100
AcDbEntity
  8
hatch
100
AcDbLine
 10
-4.440892098500626e-16
 20
7.706504910334949
 30
0.0
 11
0.2934950896650439
 21
7.999999999999994
 31
0.0
  0
LINE
  5
416
330
17
100
AcDbEntity
  8
hatch
100
AcDbLine
 10
99.43431457505078
 20
0.0
 30
0.0
 11
99.99999999999999
 21
0.5656854249492471
 31
0.0
  0
LINE
  5
417
330
17
100
AcDbEntity
  8
hatch
100
AcDbLine
 10
98.86862915010153
 20
0.0
 30
0.0
 11
99.99999999999999
 21
1.1313708498984782
 31
0.0
  0
LINE
  5
418
330
17
100
AcDbEntity
  8
hatch
100
AcDbLine
 10
98.30294372515228
 20
0.0
 30
0.0
 11
99.99999999999999
 21
1.6970562748477254
 31
0.0
  0
LINE
  5
419
330
17
100
AcDbEntity
  8
hatch
100
AcDbLine
 10
97.73725830020307
 20
0.0
 30
0.0
 11
99.99999999999999
 21
2.2627416997969405
 31
0.0
  0
LINE
  5
41A
330
17
100
AcDbEntity
  8
hatch
100
AcDbLine
 10
97.17157287525379
 20
0.0
 30
0.0
 11
99.99999999999999
 21
2.8284271247461876
 31
0.0
  0
LINE
  5
41B
330
17
100
AcDbEntity
  8
hatch
100
AcDbLine
 10
96.60588745030456
 20
0.0
 30
0.0
 11
99.99999999999999
 21
3.3941125496954507
 31
0.0
  0
LINE
  5
41C
330
17
100
AcDbEntity
  8
hatch
100
AcDbLine
 10
96.04020202535536
 20
0.0
 30
0.0
 11
99.99999999999999
 21
3.959797974644666
 31
0.0
  0
LINE
  5
41D
330
17
100
AcDbEntity
  8
hatch
100
AcDbLine
 10
95.47451660040608
 20
0.0
 30
0.0
 11
99.99999999999999
 21
4.525483399593913
 31
0.0
  0
LINE
  5
41E
330
17
100
AcDbEntity
  8
hatch
100
AcDbLine
 10
94.90883117545685
 20
0.0
 30
0.0
 11
99.99999999999999
 21
5.091168824543145
 31
0.0
  0
LINE
  5
41F
330
17
100
AcDbEntity
  8
hatch
100
AcDbLine
 10
94.34314575050762
 20
0.0
 30
0.0
 11
99.99999999999999
 21
5.656854249492375
 31
0.0
  0
LINE
  5
420
330
17
100
AcDbEntity
  8
hatch
100
AcDbLine
 10
93.77746032555837
 20
0.0
 30
0.0
 11
99.99999999999999
 21
6.222539674441623
 31
0.0
  0
LINE
  5
421
330
17
100
AcDbEntity
  8
hatch
100
AcDbLine
 10
93.21177490060914
 20
0.0
 30
0.0
 11
99.99999999999999
 21
6.7882250993908535
 31
0.0
  0
LINE
  5
422
330
17
100
AcDbEntity
  8
hatch
100
AcDbLine
 10
92.64608947565986
 20
0.0
 30
0.0
 11
99.99999999999999
 21
7.353910524340101
 31
0.0
  0
LINE
  5
423
330
17
100
AcDbEntity
  8
hatch
100
AcDbLine
 10
92.08040405071065
 20
0.0
 30
0.0
 11
99.99999999999999
 21
7.919595949289332
 31
0.0
  0
LINE
  5
424
330
17
100
AcDbEntity
  8
hatch
100
AcDbLine
 10
91.51471862576143
 20
0.0
 30
0.0
 11
99.5147186257614
 21
8.00000000000001
 31
0.0
  0
LINE
  5
425
330
17
100
AcDbEntity
  8
hatch
100
AcDbLine
 10
90.94903320081215
 20
0.0
 30
0.0
 11
98.94903320081218
 21
8.00000000000001
 31
0.0
  0
LINE
  5
426
330
17
100
AcDbEntity
  8
hatch
100
AcDbLine
 10
90.38334777586294
 20
0.0
 30
0.0
 11
98.38334777586294
 21
8.00000000000001
 31
0.0
  0
LINE
  5
427
330
17
100
AcDbEntity
  8
hatch
100
AcDbLine
 10
89.81766235091374
 20
0.0
 30
0.0
 11
97.8176623509137
 21
8.00000000000001
 31
0.0
  0
LINE
  5
428
330
17
100
AcDbEntity
  8
hatch
100
AcDbLine
 10
89.25197692596446
 20
0.0
 30
0.0
 11
97.25197692596447
 21
7.999999999999995
 31
0.0
  0
LINE
  5
429
330
17
100
AcDbEntity
  8
hatch
100
AcDbLine
 10
88.68629150101523
 20
0.0
 30
0.0
 11
96.68629150101523
 21
8.00000000000001
 31
0.0
  0
LINE
  5
42A
330
17
100
AcDbEntity
  8
hatch
100
AcDbLine
 10
88.12060607606603
 20
0.0
 30
0.0
 11
96.12060607606598
 21
7.999999999999995
 31
0.0
  0
LINE
  5
42B
330
17
100
AcDbEntity
  8
hatch
100
AcDbLine
 10
87.55492065111675
 20
0.0
 30
0.0
 11
95.55492065111677
 21
8.00000000000001
 31
0.0
  0
LINE
  5
42C
330
17
100
AcDbEntity
  8
hatch
100
AcDbLine
 10
86.98923522616752
 20
0.0
 30
0.0
 11
94.98923522616752
 21
8.00000000000001
 31
0.0
  0
LINE
  5
42D
330
17
100
AcDbEntity
  8
hatch
100
AcDbLine
 10
86.42354980121827
 20
0.0
 30
0.0
 11
94.42354980121827
 21
7.999999999999995
 31
0.0
  0
LINE
  5
42E
330
17
100
AcDbEntity
  8
hatch
100
AcDbLine
 10
85.85786437626903
 20
0.0
 30
0.0
 11
93.85786437626906
 21
8.00000000000001
 31
0.0
  0
LINE
  5
42F
330
17
100
AcDbEntity
  8
hatch
100
AcDbLine
 10
85.29217895131981
 20
0.0
 30
0.0
 11
93.29217895131981
 21
8.00000000000001
 31
0.0
  0
LINE
  5
430
330
17
100
AcDbEntity
  8
hatch
100
AcDbLine
 10
84.72649352637058
 20
0.0
 30
0.0
 11
92.72649352637056
 21
8.00000000000001
 31
0.0
  0
LINE
  5
431
330
17
100
AcDbEntity
  8
hatch
100
AcDbLine
 10
84.16080810142132
 20
0.0
 30
0.0
 11
92.16080810142135
 21
8.00000000000001
 31
0.0
  0
LINE
  5
432
330
17
100
AcDbEntity
  8
hatch
100
AcDbLine
 10
83.5951226764721
 20
0.0
 30
0.0
 11
91.59512267647207
 21
7.999999999999995
 31
0.0
  0
LINE
  5
433
330
17
100
AcDbEntity
  8
hatch
100
AcDbLine
 10
83.02943725152282
 20
0.0
 30
0.0
 11
91.02943725152285
 21
8.00000000000001
 31
0.0
  0
LINE
  5
434
330
17
100
AcDbEntity
  8
hatch
100
AcDbLine
 10
82.46375182657361
 20
0.0
 30
0.0
 11
90.46375182657361
 21
7.999999999999995
 31
0.0
  0
LINE
  5
435
330
17
100
AcDbEntity
  8
hatch
100
AcDbLine
 10
81.89806640162439
 20
0.0
 30
0.0
 11
89.89806640162439
 21
8.00000000000001
 31
0.0
  0
LINE
  5
436
330
17
100
AcDbEntity
  8
hatch
100
AcDbLine
 10
81.33238097667511
 20
0.0
 30
0.0
 11
89.33238097667514
 21
8.00000000000001
 31
0.0
  0
LINE
  5
437
330
17
100
AcDbEntity
  8
hatch
100
AcDbLine
 10
80.7666955517259
 20
0.0
 30
0.0
 11
88.7666955517259
 21
8.00000000000001
 31
0.0
  0
LINE
  5
438
330
17
100
AcDbEntity
  8
hatch
100
AcDbLine
 10
80.20101012677668
 20
0.0
 30
0.0
 11
88.20101012677668
 21
8.00000000000001
 31
0.0
  0
LINE
  5
439
330
17
100
AcDbEntity
  8
hatch
100
AcDbLine
 10
79.63532470182741
 20
0.0
 30
0.0
 11
87.63532470182743
 21
7.999999999999995
 31
0.0
  0
LINE
  5
43A
330
17
100
AcDbEntity
  8
hatch
100
AcDbLine
 10
79.06963927687819
 20
0.0
 30
0.0
 11
87.06963927687822
 21
8.00000000000001
 31
0.0
  0
LINE
  5
43B
330
17
100
AcDbEntity
  8
hatch
100
AcDbLine
 10
78.50395385192894
 20
0.0
 30
0.0
 11
86.50395385192894
 21
8.00000000000001
 31
0.0
  0
LINE
  5
43C
330
17
100
AcDbEntity
  8
hatch
100
AcDbLine
 10
77.9382684269797
 20
0.0
 30
0.0
 11
85.93826842697973
 21
7.999999999999995
 31
0.0
  0
LINE
  5
43D
330
17
100
AcDbEntity
  8
hatch
100
AcDbLine
 10
77.37258300203048
 20
0.0
 30
0.0
 11
85.37258300203045
 21
8.00000000000001
 31
0.0
  0
LINE
  5
43E
330
17
100
AcDbEntity
  8
hatch
100
AcDbLine
 10
76.80689757708123
 20
0.0
 30
0.0
 11
84.80689757708123
 21
8.00000000000001
 31
0.0
  0
LINE
  5
43F
330
17
100
AcDbEntity
  8
hatch
100
AcDbLine
 10
76.241212152132
 20
0.0
 30
0.0
 11
84.24121215213202
 21
8.00000000000001
 31
0.0
  0
LINE
  5
440
330
17
100
AcDbEntity
  8
hatch
100
AcDbLine
 10
75.67552672718277
 20
0.0
 30
0.0
 11
83.67552672718274
 21
8.00000000000001
 31
0.0
  0
LINE
  5
441
330
17
100
AcDbEntity
  8
hatch
100
AcDbLine
 10
75.10984130223353
 20
0.0
 30
0.0
 11
83.10984130223352
 21
7.999999999999995
 31
0.0
  0
LINE
  5
442
330
17
100
AcDbEntity
  8
hatch
100
AcDbLine
 10
74.54415587728428
 20
0.0
 30
0.0
 11
82.54415587728427
 21
8.00000000000001
 31
0.0
  0
LINE
  5
443
330
17
100
AcDbEntity
  8
hatch
100
AcDbLine
 10
73.97847045233503
 20
0.0
 30
0.0
 11
81.97847045233503
 21
7.999999999999995
 31
0.0
  0
LINE
  5
444
330
17
100
AcDbEntity
  8
hatch
100
AcDbLine
 10
73.41278502738578
 20
0.0
 30
0.0
 11
81.41278502738581
 21
7.999999999999995
 31
0.0
  0
LINE
  5
445
330
17
100
AcDbEntity
  8
hatch
100
AcDbLine
 10
72.84709960243657
 20
0.0
 30
0.0
 11
80.84709960243657
 21
8.00000000000001
 31
0.0
  0
LINE
  5
446
330
17
100
AcDbEntity
  8
hatch
100
AcDbLine
 10
72.28141417748732
 20
0.0
 30
0.0
 11
80.28141417748732
 21
8.00000000000001
 31
0.0
  0
LINE
  5
447
330
17
100
AcDbEntity
  8
hatch
100
AcDbLine
 10
71.71572875253807
 20
0.0
 30
0.0
 11
79.7157287525381
 21
8.00000000000001
 31
0.0
  0
LINE
  5
448
330
17
100
AcDbEntity
  8
hatch
100
AcDbLine
 10
71.15004332758886
 20
0.0
 30
0.0
 11
79.15004332758882
 21
7.999999999999995
 31
0.0
  0
LINE
  5
449
330
17
100
AcDbEntity
  8
hatch
100
AcDbLine
 10
70.58435790263961
 20
0.0
 30
0.0
 11
78.58435790263961
 21
8.00000000000001
 31
0.0
  0
LINE
  5
44A
330
17
100
AcDbEntity
  8
hatch
100
AcDbLine
 10
70.01867247769037
 20
0.0
 30
0.0
 11
78.01867247769039
 21
7.999999999999995
 31
0.0
  0
LINE
  5
44B
330
17
100
AcDbEntity
  8
hatch
100
AcDbLine
 10
69.45298705274115
 20
0.0
 30
0.0
 11
77.45298705274111
 21
7.999999999999995
 31
0.0
  0
LINE
  5
44C
330
17
100
AcDbEntity
  8
hatch
100
AcDbLine
 10
68.8873016277919
 20
0.0
 30
0.0
 11
76.8873016277919
 21
7.999999999999995
 31
0.0
  0
LINE
  5
44D
330
17
100
AcDbEntity
  8
hatch
100
AcDbLine
 10
68.32161620284266
 20
0.0
 30
0.0
 11
76.32161620284265
 21
8.00000000000001
 31
0.0
  0
LINE
  5
44E
330
17
100
AcDbEntity
  8
hatch
100
AcDbLine
 10
67.75593077789344
 20
0.0
 30
0.0
 11
75.75593077789341
 21
7.999999999999995
 31
0.0
  0
LINE
  5
44F
330
17
100
AcDbEntity
  8
hatch
100
AcDbLine
 10
67.19024535294416
 20
0.0
 30
0.0
 11
75.19024535294419
 21
7.999999999999995
 31
0.0
  0
LINE
  5
450
330
17
100
AcDbEntity
  8
hatch
100
AcDbLine
 10
66.62455992799495
 20
0.0
 30
0.0
 11
74.62455992799498
 21
8.00000000000001
 31
0.0
  0
LINE
  5
451
330
17
100
AcDbEntity
  8
hatch
100
AcDbLine
 10
66.0588745030457
 20
0.0
 30
0.0
 11
74.0588745030457
 21
8.00000000000001
 31
0.0
  0
LINE
  5
452
330
17
100
AcDbEntity
  8
hatch
100
AcDbLine
 10
65.49318907809645
 20
0.0
 30
0.0
 11
73.49318907809648
 21
7.999999999999995
 31
0.0
  0
LINE
  5
453
330
17
100
AcDbEntity
  8
hatch
100
AcDbLine
 10
64.92750365314724
 20
0.0
 30
0.0
 11
72.92750365314723
 21
7.999999999999995
 31
0.0
  0
LINE
  5
454
330
17
100
AcDbEntity
  8
hatch
100
AcDbLine
 10
64.36181822819799
 20
0.0
 30
0.0
 11
72.36181822819799
 21
7.999999999999995
 31
0.0
  0
LINE
  5
455
330
17
100
AcDbEntity
  8
hatch
100
AcDbLine
 10
63.796132803248746
 20
0.0
 30
0.0
 11
71.79613280324877
 21
7.999999999999995
 31
0.0
  0
LINE
  5
456
330
17
100
AcDbEntity
  8
hatch
100
AcDbLine
 10
63.23044737829953
 20
0.0
 30
0.0
 11
71.23044737829953
 21
7.999999999999995
 31
0.0
  0
LINE
  5
457
330
17
100
AcDbEntity
  8
hatch
100
AcDbLine
 10
62.66476195335025
 20
0.0
 30
0.0
 11
70.66476195335028
 21
8.00000000000001
 31
0.0
  0
LINE
  5
458
330
17
100
AcDbEntity
  8
hatch
100
AcDbLine
 10
62.099076528401035
 20
0.0
 30
0.0
 11
70.09907652840106
 21
8.00000000000001
 31
0.0
  0
LINE
  5
459
330
17
100
AcDbEntity
  8
hatch
100
AcDbLine
 10
61.533391103451784
 20
0.0
 30
0.0
 11
69.53339110345182
 21
7.999999999999995
 31
0.0
  0
LINE
  5
45A
330
17
100
AcDbEntity
  8
hatch
100
AcDbLine
 10
60.967705678502575
 20
0.0
 30
0.0
 11
68.96770567850257
 21
8.00000000000001
 31
0.0
  0
LINE
  5
45B
330
17
100
AcDbEntity
  8
hatch
100
AcDbLine
 10
60.402020253553324
 20
0.0
 30
0.0
 11
68.40202025355332
 21
7.999999999999995
 31
0.0
  0
LINE
  5
45C
330
17
100
AcDbEntity
  8
hatch
100
AcDbLine
 10
59.83633482860408
 20
0.0
 30
0.0
 11
67.83633482860407
 21
7.999999999999995
 31
0.0
  0
LINE
  5
45D
330
17
100
AcDbEntity
  8
hatch
100
AcDbLine
 10
59.270649403654865
 20
0.0
 30
0.0
 11
67.27064940365486
 21
7.999999999999995
 31
0.0
  0
LINE
  5
45E
330
17
100
AcDbEntity
  8
hatch
100
AcDbLine
 10
58.704963978705614
 20
0.0
 30
0.0
 11
66.7049639787056
 21
7.999999999999995
 31
0.0
  0
LINE
  5
45F
330
17
100
AcDbEntity
  8
hatch
100
AcDbLine
 10
58.13927855375637
 20
0.0
 30
0.0
 11
66.1392785537564
 21
8.00000000000001
 31
0.0
  0
LINE
  5
460
330
17
100
AcDbEntity
  8
hatch
100
AcDbLine
 10
57.57359312880712
 20
0.0
 30
0.0
 11
65.57359312880715
 21
7.999999999999995
 31
0.0
  0
LINE
  5
461
330
17
100
AcDbEntity
  8
hatch
100
AcDbLine
 10
57.0079077038579
 20
0.0
 30
0.0
 11
65.00790770385787
 21
7.999999999999995
 31
0.0
  0
LINE
  5
462
330
17
100
AcDbEntity
  8
hatch
100
AcDbLine
 10
56.44222227890866
 20
0.0
 30
0.0
 11
64.44222227890866
 21
7.999999999999995
 31
0.0
  0
LINE
  5
463
330
17
100
AcDbEntity
  8
hatch
100
AcDbLine
 10
56.0
 20
0.12346314604058534
 30
0.0
 11
63.87653685395941
 21
8.00000000000001
 31
0.0
  0
LINE
  5
464
330
17
100
AcDbEntity
  8
hatch
100
AcDbLine
 10
56.0
 20
0.6891485709898165
 30
0.0
 11
63.31085142901019
 21
7.999999999999995
 31
0.0
  0
LINE
  5
465
330
17
100
AcDbEntity
  8
hatch
100
AcDbLine
 10
56.0
 20
1.2548339959390478
 30
0.0
 11
62.74516600406094
 21
7.999999999999995
 31
0.0
  0
LINE
  5
466
330
17
100
AcDbEntity
  8
hatch
100
AcDbLine
 10
56.0
 20
1.820519420888279
 30
0.0
 11
62.179480579111726
 21
8.00000000000001
 31
0.0
  0
LINE
  5
467
330
17
100
AcDbEntity
  8
hatch
100
AcDbLine
 10
56.0
 20
2.386204845837526
 30
0.0
 11
61.61379515416245
 21
7.999999999999995
 31
0.0
  0
LINE
  5
468
330
17
100
AcDbEntity
  8
hatch
100
AcDbLine
 10
56.0
 20
2.951890270786773
 30
0.0
 11
61.04810972921324
 21
7.999999999999995
 31
0.0
  0
LINE
  5
469
330
17
100
AcDbEntity
  8
hatch
100
AcDbLine
 10
56.0
 20
3.5175756957360043
 30
0.0
 11
60.482424304263986
 21
7.999999999999995
 31
0.0
  0
LINE
  5
46A
330
17
100
AcDbEntity
  8
hatch
100
AcDbLine
 10
56.0
 20
4.083261120685235
 30
0.0
 11
59.91673887931474
 21
7.999999999999995
 31
0.0
  0
LINE
  5
46B
330
17
100
AcDbEntity
  8
hatch
100
AcDbLine
 10
56.0
 20
4.648946545634467
 30
0.0
 11
59.35105345436553
 21
8.00000000000001
 31
0.0
  0
LINE
  5
46C
330
17
100
AcDbEntity
  8
hatch
100
AcDbLine
 10
56.0
 20
5.214631970583714
 30
0.0
 11
58.785368029416276
 21
7.999999999999995
 31
0.0
  0
LINE
  5
46D
330
17
100
AcDbEntity
  8
hatch
100
AcDbLine
 10
56.0
 20
5.780317395532945
 30
0.0
 11
58.21968260446703
 21
7.999999999999995
 31
0.0
  0
LINE
  5
46E
330
17
100
AcDbEntity
  8
hatch
100
AcDbLine
 10
56.0
 20
6.346002820482192
 30
0.0
 11
57.653997179517816
 21
7.999999999999995
 31
0.0
  0
LINE
  5
46F
330
17
100
AcDbEntity
  8
hatch
100
AcDbLine
 10
56.0
 20
6.9116882454314235
 30
0.0
 11
57.08831175456857
 21
7.999999999999995
 31
0.0
  0
LINE
  5
470
330
17
100
AcDbEntity
  8
hatch
100
AcDbLine
 10
56.0
 20
7.477373670380654
 30
0.0
 11
56.52262632961932
 21
7.999999999999995
 31
0.0
  0
TEXT
  5
471
330
17
100
AcDbEntity
  8
texto-suave
100
AcDbText
 10
78.00000000000003
 20
3.9999999999999973
 30
0.0
 40
0.616
  1
ESTACIONAMIENTO  6,00 m
 72
1
 11
78.00000000000003
 21
3.9999999999999973
 31
0.0
100
AcDbText
  0
TEXT
  5
472
330
17
100
AcDbEntity
  8
texto-suave
100
AcDbText
 10
28.0
 20
3.9999999999999973
 30
0.0
 40
0.616
  1
VÍA DE ACCESO  6,00 m
 72
1
 11
28.0
 21
3.9999999999999973
 31
0.0
100
AcDbText
  0
LWPOLYLINE
  5
473
330
17
100
AcDbEntity
  8
marco-fino
100
AcDbPolyline
 90
4
 70
1
 10
0.0
 20
7.999999999999995
 10
99.99999999999999
 20
7.999999999999995
 10
99.99999999999999
 20
10.000000000000002
 10
0.0
 20
10.000000000000002
  0
LWPOLYLINE
  5
474
330
17
100
AcDbEntity
  8
marco-fino
100
AcDbPolyline
 90
4
 70
1
 10
0.0
 20
92.0
 10
99.99999999999999
 20
92.0
 10
99.99999999999999
 20
100.0
 10
0.0
 20
100.0
  0
LWPOLYLINE
  5
475
330
17
100
AcDbEntity
  8
marco-fino
100
AcDbPolyline
 90
4
 70
1
 10
0.0
 20
10.000000000000002
 10
2.0000000000000067
 20
10.000000000000002
 10
2.0000000000000067
 20
92.0
 10
0.0
 20
92.0
  0
LWPOLYLINE
  5
476
330
17
100
AcDbEntity
  8
marco-fino
100
AcDbPolyline
 90
4
 70
1
 10
98.0
 20
10.000000000000002
 10
99.99999999999999
 20
10.000000000000002
 10
99.99999999999999
 20
92.0
 10
98.0
 20
92.0
  0
TEXT
  5
477
330
17
100
AcDbEntity
  8
texto-suave
100
AcDbText
 10
49.99999999999999
 20
95.5
 30
0.0
 40
0.56
  1
VEREDA PERIMETRAL 1,50 m
 72
1
 11
49.99999999999999
 21
95.5
 31
0.0
100
AcDbText
  0
LWPOLYLINE
  5
478
330
17
100
AcDbEntity
  8
marco-fino
100
AcDbPolyline
 90
4
 70
1
 10
35.99999999999999
 20
24.0
 10
73.99999999999997
 20
24.0
 10
73.99999999999997
 20
42.0
 10
35.99999999999999
 20
42.0
  0
LINE
  5
479
330
17
100
AcDbEntity
  8
hatch-2
100
AcDbLine
 10
35.99999999999999
 20
24.399999999999988
 30
0.0
 11
73.99999999999997
 21
24.399999999999988
 31
0.0
  0
LINE
  5
47A
330
17
100
AcDbEntity
  8
hatch-2
100
AcDbLine
 10
35.99999999999999
 20
24.799999999999994
 30
0.0
 11
73.99999999999997
 21
24.799999999999994
 31
0.0
  0
LINE
  5
47B
330
17
100
AcDbEntity
  8
hatch-2
100
AcDbLine
 10
35.99999999999999
 20
25.2
 30
0.0
 11
73.99999999999997
 21
25.2
 31
0.0
  0
LINE
  5
47C
330
17
100
AcDbEntity
  8
hatch-2
100
AcDbLine
 10
35.99999999999999
 20
25.6
 30
0.0
 11
73.99999999999997
 21
25.6
 31
0.0
  0
LINE
  5
47D
330
17
100
AcDbEntity
  8
hatch-2
100
AcDbLine
 10
35.99999999999999
 20
26.000000000000007
 30
0.0
 11
73.99999999999997
 21
26.000000000000007
 31
0.0
  0
LINE
  5
47E
330
17
100
AcDbEntity
  8
hatch-2
100
AcDbLine
 10
35.99999999999999
 20
26.399999999999995
 30
0.0
 11
73.99999999999997
 21
26.399999999999995
 31
0.0
  0
LINE
  5
47F
330
17
100
AcDbEntity
  8
hatch-2
100
AcDbLine
 10
35.99999999999999
 20
26.8
 30
0.0
 11
73.99999999999997
 21
26.8
 31
0.0
  0
LINE
  5
480
330
17
100
AcDbEntity
  8
hatch-2
100
AcDbLine
 10
35.99999999999999
 20
27.19999999999999
 30
0.0
 11
73.99999999999997
 21
27.19999999999999
 31
0.0
  0
LINE
  5
481
330
17
100
AcDbEntity
  8
hatch-2
100
AcDbLine
 10
35.99999999999999
 20
27.599999999999994
 30
0.0
 11
73.99999999999997
 21
27.599999999999994
 31
0.0
  0
LINE
  5
482
330
17
100
AcDbEntity
  8
hatch-2
100
AcDbLine
 10
35.99999999999999
 20
28.0
 30
0.0
 11
73.99999999999997
 21
28.0
 31
0.0
  0
LINE
  5
483
330
17
100
AcDbEntity
  8
hatch-2
100
AcDbLine
 10
35.99999999999999
 20
28.400000000000002
 30
0.0
 11
73.99999999999997
 21
28.400000000000002
 31
0.0
  0
LINE
  5
484
330
17
100
AcDbEntity
  8
hatch-2
100
AcDbLine
 10
35.99999999999999
 20
28.800000000000008
 30
0.0
 11
73.99999999999997
 21
28.800000000000008
 31
0.0
  0
LINE
  5
485
330
17
100
AcDbEntity
  8
hatch-2
100
AcDbLine
 10
35.99999999999999
 20
29.199999999999996
 30
0.0
 11
73.99999999999997
 21
29.199999999999996
 31
0.0
  0
LINE
  5
486
330
17
100
AcDbEntity
  8
hatch-2
100
AcDbLine
 10
35.99999999999999
 20
29.6
 30
0.0
 11
73.99999999999997
 21
29.6
 31
0.0
  0
LINE
  5
487
330
17
100
AcDbEntity
  8
hatch-2
100
AcDbLine
 10
35.99999999999999
 20
30.000000000000004
 30
0.0
 11
73.99999999999997
 21
30.000000000000004
 31
0.0
  0
LINE
  5
488
330
17
100
AcDbEntity
  8
hatch-2
100
AcDbLine
 10
35.99999999999999
 20
30.399999999999995
 30
0.0
 11
73.99999999999997
 21
30.399999999999995
 31
0.0
  0
LINE
  5
489
330
17
100
AcDbEntity
  8
hatch-2
100
AcDbLine
 10
35.99999999999999
 20
30.799999999999997
 30
0.0
 11
73.99999999999997
 21
30.799999999999997
 31
0.0
  0
LINE
  5
48A
330
17
100
AcDbEntity
  8
hatch-2
100
AcDbLine
 10
35.99999999999999
 20
31.200000000000003
 30
0.0
 11
73.99999999999997
 21
31.200000000000003
 31
0.0
  0
LINE
  5
48B
330
17
100
AcDbEntity
  8
hatch-2
100
AcDbLine
 10
35.99999999999999
 20
31.60000000000001
 30
0.0
 11
73.99999999999997
 21
31.60000000000001
 31
0.0
  0
LINE
  5
48C
330
17
100
AcDbEntity
  8
hatch-2
100
AcDbLine
 10
35.99999999999999
 20
31.999999999999996
 30
0.0
 11
73.99999999999997
 21
31.999999999999996
 31
0.0
  0
LINE
  5
48D
330
17
100
AcDbEntity
  8
hatch-2
100
AcDbLine
 10
35.99999999999999
 20
32.4
 30
0.0
 11
73.99999999999997
 21
32.4
 31
0.0
  0
LINE
  5
48E
330
17
100
AcDbEntity
  8
hatch-2
100
AcDbLine
 10
35.99999999999999
 20
32.79999999999999
 30
0.0
 11
73.99999999999997
 21
32.79999999999999
 31
0.0
  0
LINE
  5
48F
330
17
100
AcDbEntity
  8
hatch-2
100
AcDbLine
 10
35.99999999999999
 20
33.199999999999996
 30
0.0
 11
73.99999999999997
 21
33.199999999999996
 31
0.0
  0
LINE
  5
490
330
17
100
AcDbEntity
  8
hatch-2
100
AcDbLine
 10
35.99999999999999
 20
33.6
 30
0.0
 11
73.99999999999997
 21
33.6
 31
0.0
  0
LINE
  5
491
330
17
100
AcDbEntity
  8
hatch-2
100
AcDbLine
 10
35.99999999999999
 20
34.0
 30
0.0
 11
73.99999999999997
 21
34.0
 31
0.0
  0
LINE
  5
492
330
17
100
AcDbEntity
  8
hatch-2
100
AcDbLine
 10
35.99999999999999
 20
34.400000000000006
 30
0.0
 11
73.99999999999997
 21
34.400000000000006
 31
0.0
  0
LINE
  5
493
330
17
100
AcDbEntity
  8
hatch-2
100
AcDbLine
 10
35.99999999999999
 20
34.8
 30
0.0
 11
73.99999999999997
 21
34.8
 31
0.0
  0
LINE
  5
494
330
17
100
AcDbEntity
  8
hatch-2
100
AcDbLine
 10
35.99999999999999
 20
35.2
 30
0.0
 11
73.99999999999997
 21
35.2
 31
0.0
  0
LINE
  5
495
330
17
100
AcDbEntity
  8
hatch-2
100
AcDbLine
 10
35.99999999999999
 20
35.6
 30
0.0
 11
73.99999999999997
 21
35.6
 31
0.0
  0
LINE
  5
496
330
17
100
AcDbEntity
  8
hatch-2
100
AcDbLine
 10
35.99999999999999
 20
35.99999999999999
 30
0.0
 11
73.99999999999997
 21
35.99999999999999
 31
0.0
  0
LINE
  5
497
330
17
100
AcDbEntity
  8
hatch-2
100
AcDbLine
 10
35.99999999999999
 20
36.4
 30
0.0
 11
73.99999999999997
 21
36.4
 31
0.0
  0
LINE
  5
498
330
17
100
AcDbEntity
  8
hatch-2
100
AcDbLine
 10
35.99999999999999
 20
36.800000000000004
 30
0.0
 11
73.99999999999997
 21
36.800000000000004
 31
0.0
  0
LINE
  5
499
330
17
100
AcDbEntity
  8
hatch-2
100
AcDbLine
 10
35.99999999999999
 20
37.20000000000001
 30
0.0
 11
73.99999999999997
 21
37.20000000000001
 31
0.0
  0
LINE
  5
49A
330
17
100
AcDbEntity
  8
hatch-2
100
AcDbLine
 10
35.99999999999999
 20
37.60000000000001
 30
0.0
 11
73.99999999999997
 21
37.60000000000001
 31
0.0
  0
LINE
  5
49B
330
17
100
AcDbEntity
  8
hatch-2
100
AcDbLine
 10
35.99999999999999
 20
38.0
 30
0.0
 11
73.99999999999997
 21
38.0
 31
0.0
  0
LINE
  5
49C
330
17
100
AcDbEntity
  8
hatch-2
100
AcDbLine
 10
35.99999999999999
 20
38.39999999999999
 30
0.0
 11
73.99999999999997
 21
38.39999999999999
 31
0.0
  0
LINE
  5
49D
330
17
100
AcDbEntity
  8
hatch-2
100
AcDbLine
 10
35.99999999999999
 20
38.79999999999999
 30
0.0
 11
73.99999999999997
 21
38.79999999999999
 31
0.0
  0
LINE
  5
49E
330
17
100
AcDbEntity
  8
hatch-2
100
AcDbLine
 10
35.99999999999999
 20
39.199999999999996
 30
0.0
 11
73.99999999999997
 21
39.199999999999996
 31
0.0
  0
LINE
  5
49F
330
17
100
AcDbEntity
  8
hatch-2
100
AcDbLine
 10
35.99999999999999
 20
39.6
 30
0.0
 11
73.99999999999997
 21
39.6
 31
0.0
  0
LINE
  5
4A0
330
17
100
AcDbEntity
  8
hatch-2
100
AcDbLine
 10
35.99999999999999
 20
40.00000000000001
 30
0.0
 11
73.99999999999997
 21
40.00000000000001
 31
0.0
  0
LINE
  5
4A1
330
17
100
AcDbEntity
  8
hatch-2
100
AcDbLine
 10
35.99999999999999
 20
40.40000000000001
 30
0.0
 11
73.99999999999997
 21
40.40000000000001
 31
0.0
  0
LINE
  5
4A2
330
17
100
AcDbEntity
  8
hatch-2
100
AcDbLine
 10
35.99999999999999
 20
40.8
 30
0.0
 11
73.99999999999997
 21
40.8
 31
0.0
  0
LINE
  5
4A3
330
17
100
AcDbEntity
  8
hatch-2
100
AcDbLine
 10
35.99999999999999
 20
41.2
 30
0.0
 11
73.99999999999997
 21
41.2
 31
0.0
  0
LINE
  5
4A4
330
17
100
AcDbEntity
  8
hatch-2
100
AcDbLine
 10
35.99999999999999
 20
41.599999999999994
 30
0.0
 11
73.99999999999997
 21
41.599999999999994
 31
0.0
  0
TEXT
  5
4A5
330
17
100
AcDbEntity
  8
texto
100
AcDbText
 10
55.0
 20
33.00000000000001
 30
0.0
 40
0.728
  1
PATIO CENTRAL / LOSA DEPORTIVA
 72
1
 11
55.0
 21
33.00000000000001
 31
0.0
100
AcDbText
  0
TEXT
  5
4A6
330
17
100
AcDbEntity
  8
texto-suave
100
AcDbText
 10
55.0
 20
30.399999999999995
 30
0.0
 40
0.616
  1
28,00 × 18,00 m
 72
1
 11
55.0
 21
30.399999999999995
 31
0.0
100
AcDbText
  0
LWPOLYLINE
  5
4A7
330
17
100
AcDbEntity
  8
vegetal
100
AcDbPolyline
 90
4
 70
1
 10
34.0
 20
62.0
 10
49.99999999999999
 20
62.0
 10
49.99999999999999
 20
76.0
 10
34.0
 20
76.0
  0
LINE
  5
4A8
330
17
100
AcDbEntity
  8
hatch
100
AcDbLine
 10
49.208040405071046
 20
61.99999999999999
 30
0.0
 11
49.999999999999986
 21
62.79195959492893
 31
0.0
  0
LINE
  5
4A9
330
17
100
AcDbEntity
  8
hatch
100
AcDbLine
 10
48.41608081014212
 20
61.999999999999986
 30
0.0
 11
49.99999999999999
 21
63.58391918985786
 31
0.0
  0
LINE
  5
4AA
330
17
100
AcDbEntity
  8
hatch
100
AcDbLine
 10
47.62412121521319
 20
62.0
 30
0.0
 11
49.999999999999986
 21
64.37587878478679
 31
0.0
  0
LINE
  5
4AB
330
17
100
AcDbEntity
  8
hatch
100
AcDbLine
 10
46.83216162028426
 20
61.99999999999999
 30
0.0
 11
49.999999999999986
 21
65.16783837971572
 31
0.0
  0
LINE
  5
4AC
330
17
100
AcDbEntity
  8
hatch
100
AcDbLine
 10
46.04020202535532
 20
62.0
 30
0.0
 11
49.99999999999998
 21
65.95979797464466
 31
0.0
  0
LINE
  5
4AD
330
17
100
AcDbEntity
  8
hatch
100
AcDbLine
 10
45.24824243042639
 20
61.99999999999999
 30
0.0
 11
49.999999999999986
 21
66.7517575695736
 31
0.0
  0
LINE
  5
4AE
330
17
100
AcDbEntity
  8
hatch
100
AcDbLine
 10
44.45628283549746
 20
62.00000000000001
 30
0.0
 11
49.999999999999986
 21
67.54371716450252
 31
0.0
  0
LINE
  5
4AF
330
17
100
AcDbEntity
  8
hatch
100
AcDbLine
 10
43.66432324056853
 20
62.0
 30
0.0
 11
49.99999999999999
 21
68.33567675943146
 31
0.0
  0
LINE
  5
4B0
330
17
100
AcDbEntity
  8
hatch
100
AcDbLine
 10
42.87236364563959
 20
62.0
 30
0.0
 11
49.999999999999986
 21
69.12763635436039
 31
0.0
  0
LINE
  5
4B1
330
17
100
AcDbEntity
  8
hatch
100
AcDbLine
 10
42.08040405071066
 20
62.0
 30
0.0
 11
49.999999999999986
 21
69.91959594928932
 31
0.0
  0
LINE
  5
4B2
330
17
100
AcDbEntity
  8
hatch
100
AcDbLine
 10
41.28844445578172
 20
62.0
 30
0.0
 11
49.99999999999998
 21
70.71155554421826
 31
0.0
  0
LINE
  5
4B3
330
17
100
AcDbEntity
  8
hatch
100
AcDbLine
 10
40.496484860852796
 20
62.0
 30
0.0
 11
49.999999999999986
 21
71.5035151391472
 31
0.0
  0
LINE
  5
4B4
330
17
100
AcDbEntity
  8
hatch
100
AcDbLine
 10
39.70452526592386
 20
62.00000000000001
 30
0.0
 11
49.999999999999986
 21
72.29547473407612
 31
0.0
  0
LINE
  5
4B5
330
17
100
AcDbEntity
  8
hatch
100
AcDbLine
 10
38.91256567099493
 20
62.0
 30
0.0
 11
49.99999999999999
 21
73.08743432900506
 31
0.0
  0
LINE
  5
4B6
330
17
100
AcDbEntity
  8
hatch
100
AcDbLine
 10
38.120606076066
 20
62.0
 30
0.0
 11
49.999999999999986
 21
73.87939392393399
 31
0.0
  0
LINE
  5
4B7
330
17
100
AcDbEntity
  8
hatch
100
AcDbLine
 10
37.32864648113707
 20
62.000000000000014
 30
0.0
 11
49.99999999999999
 21
74.67135351886293
 31
0.0
  0
LINE
  5
4B8
330
17
100
AcDbEntity
  8
hatch
100
AcDbLine
 10
36.53668688620813
 20
62.00000000000001
 30
0.0
 11
49.99999999999999
 21
75.46331311379187
 31
0.0
  0
LINE
  5
4B9
330
17
100
AcDbEntity
  8
hatch
100
AcDbLine
 10
35.7447272912792
 20
62.00000000000001
 30
0.0
 11
49.74472729127918
 21
75.99999999999999
 31
0.0
  0
LINE
  5
4BA
330
17
100
AcDbEntity
  8
hatch
100
AcDbLine
 10
34.952767696350264
 20
62.00000000000001
 30
0.0
 11
48.95276769635024
 21
75.99999999999999
 31
0.0
  0
LINE
  5
4BB
330
17
100
AcDbEntity
  8
hatch
100
AcDbLine
 10
34.160808101421324
 20
62.00000000000001
 30
0.0
 11
48.16080810142131
 21
75.99999999999999
 31
0.0
  0
LINE
  5
4BC
330
17
100
AcDbEntity
  8
hatch
100
AcDbLine
 10
34.00000000000001
 20
62.631151493507616
 30
0.0
 11
47.36884850649238
 21
75.99999999999999
 31
0.0
  0
LINE
  5
4BD
330
17
100
AcDbEntity
  8
hatch
100
AcDbLine
 10
34.00000000000001
 20
63.42311108843654
 30
0.0
 11
46.57688891156346
 21
75.99999999999999
 31
0.0
  0
LINE
  5
4BE
330
17
100
AcDbEntity
  8
hatch
100
AcDbLine
 10
34.0
 20
64.21507068336548
 30
0.0
 11
45.78492931663452
 21
75.99999999999999
 31
0.0
  0
LINE
  5
4BF
330
17
100
AcDbEntity
  8
hatch
100
AcDbLine
 10
34.00000000000001
 20
65.00703027829441
 30
0.0
 11
44.992969721705585
 21
75.99999999999999
 31
0.0
  0
LINE
  5
4C0
330
17
100
AcDbEntity
  8
hatch
100
AcDbLine
 10
34.00000000000001
 20
65.79898987322335
 30
0.0
 11
44.201010126776644
 21
75.99999999999999
 31
0.0
  0
LINE
  5
4C1
330
17
100
AcDbEntity
  8
hatch
100
AcDbLine
 10
34.000000000000014
 20
66.59094946815227
 30
0.0
 11
43.40905053184771
 21
75.99999999999999
 31
0.0
  0
LINE
  5
4C2
330
17
100
AcDbEntity
  8
hatch
100
AcDbLine
 10
34.0
 20
67.3829090630812
 30
0.0
 11
42.617090936918785
 21
76.0
 31
0.0
  0
LINE
  5
4C3
330
17
100
AcDbEntity
  8
hatch
100
AcDbLine
 10
34.00000000000001
 20
68.17486865801014
 30
0.0
 11
41.82513134198986
 21
75.99999999999999
 31
0.0
  0
LINE
  5
4C4
330
17
100
AcDbEntity
  8
hatch
100
AcDbLine
 10
34.0
 20
68.96682825293908
 30
0.0
 11
41.03317174706092
 21
76.0
 31
0.0
  0
LINE
  5
4C5
330
17
100
AcDbEntity
  8
hatch
100
AcDbLine
 10
34.0
 20
69.758787847868
 30
0.0
 11
40.24121215213199
 21
76.0
 31
0.0
  0
LINE
  5
4C6
330
17
100
AcDbEntity
  8
hatch
100
AcDbLine
 10
34.00000000000001
 20
70.55074744279695
 30
0.0
 11
39.44925255720306
 21
76.0
 31
0.0
  0
LINE
  5
4C7
330
17
100
AcDbEntity
  8
hatch
100
AcDbLine
 10
34.000000000000014
 20
71.34270703772589
 30
0.0
 11
38.65729296227413
 21
76.0
 31
0.0
  0
LINE
  5
4C8
330
17
100
AcDbEntity
  8
hatch
100
AcDbLine
 10
34.00000000000001
 20
72.13466663265481
 30
0.0
 11
37.86533336734519
 21
76.0
 31
0.0
  0
LINE
  5
4C9
330
17
100
AcDbEntity
  8
hatch
100
AcDbLine
 10
34.000000000000014
 20
72.92662622758375
 30
0.0
 11
37.07337377241626
 21
76.0
 31
0.0
  0
LINE
  5
4CA
330
17
100
AcDbEntity
  8
hatch
100
AcDbLine
 10
34.0
 20
73.71858582251268
 30
0.0
 11
36.28141417748733
 21
76.0
 31
0.0
  0
LINE
  5
4CB
330
17
100
AcDbEntity
  8
hatch
100
AcDbLine
 10
34.0
 20
74.51054541744162
 30
0.0
 11
35.489454582558395
 21
76.0
 31
0.0
  0
LINE
  5
4CC
330
17
100
AcDbEntity
  8
hatch
100
AcDbLine
 10
34.00000000000001
 20
75.30250501237055
 30
0.0
 11
34.69749498762946
 21
76.0
 31
0.0
  0
TEXT
  5
4CD
330
17
100
AcDbEntity
  8
texto
100
AcDbText
 10
42.0
 20
69.0
 30
0.0
 40
0.56
  1
ÁREAS VERDES
 72
1
 11
42.0
 21
69.0
 31
0.0
100
AcDbText
  0
LWPOLYLINE
  5
4CE
330
17
100
AcDbEntity
  8
vegetal
100
AcDbPolyline
 90
4
 70
1
 10
78.00000000000003
 20
21.999999999999993
 10
98.0
 20
21.999999999999993
 10
98.0
 20
40.00000000000001
 10
78.00000000000003
 20
40.00000000000001
  0
LINE
  5
4CF
330
17
100
AcDbEntity
  8
hatch
100
AcDbLine
 10
97.20804040507106
 20
22.0
 30
0.0
 11
98.0
 21
22.791959594928933
 31
0.0
  0
LINE
  5
4D0
330
17
100
AcDbEntity
  8
hatch
100
AcDbLine
 10
96.41608081014212
 20
21.999999999999993
 30
0.0
 11
98.0
 21
23.58391918985786
 31
0.0
  0
LINE
  5
4D1
330
17
100
AcDbEntity
  8
hatch
100
AcDbLine
 10
95.6241212152132
 20
21.999999999999993
 30
0.0
 11
98.0
 21
24.375878784786792
 31
0.0
  0
LINE
  5
4D2
330
17
100
AcDbEntity
  8
hatch
100
AcDbLine
 10
94.83216162028427
 20
22.0
 30
0.0
 11
98.0
 21
25.167838379715732
 31
0.0
  0
LINE
  5
4D3
330
17
100
AcDbEntity
  8
hatch
100
AcDbLine
 10
94.04020202535534
 20
22.0
 30
0.0
 11
98.0
 21
25.959797974644665
 31
0.0
  0
LINE
  5
4D4
330
17
100
AcDbEntity
  8
hatch
100
AcDbLine
 10
93.2482424304264
 20
22.0
 30
0.0
 11
98.0
 21
26.7517575695736
 31
0.0
  0
LINE
  5
4D5
330
17
100
AcDbEntity
  8
hatch
100
AcDbLine
 10
92.45628283549746
 20
22.0
 30
0.0
 11
98.0
 21
27.54371716450253
 31
0.0
  0
LINE
  5
4D6
330
17
100
AcDbEntity
  8
hatch
100
AcDbLine
 10
91.66432324056852
 20
22.0
 30
0.0
 11
98.0
 21
28.335676759431472
 31
0.0
  0
LINE
  5
4D7
330
17
100
AcDbEntity
  8
hatch
100
AcDbLine
 10
90.8723636456396
 20
21.999999999999993
 30
0.0
 11
98.0
 21
29.12763635436039
 31
0.0
  0
LINE
  5
4D8
330
17
100
AcDbEntity
  8
hatch
100
AcDbLine
 10
90.08040405071065
 20
22.0
 30
0.0
 11
98.0
 21
29.91959594928933
 31
0.0
  0
LINE
  5
4D9
330
17
100
AcDbEntity
  8
hatch
100
AcDbLine
 10
89.28844445578174
 20
22.0
 30
0.0
 11
98.0
 21
30.711555544218257
 31
0.0
  0
LINE
  5
4DA
330
17
100
AcDbEntity
  8
hatch
100
AcDbLine
 10
88.4964848608528
 20
22.0
 30
0.0
 11
98.0
 21
31.503515139147197
 31
0.0
  0
LINE
  5
4DB
330
17
100
AcDbEntity
  8
hatch
100
AcDbLine
 10
87.70452526592386
 20
22.0
 30
0.0
 11
98.0
 21
32.29547473407613
 31
0.0
  0
LINE
  5
4DC
330
17
100
AcDbEntity
  8
hatch
100
AcDbLine
 10
86.91256567099492
 20
22.0
 30
0.0
 11
98.0
 21
33.08743432900506
 31
0.0
  0
LINE
  5
4DD
330
17
100
AcDbEntity
  8
hatch
100
AcDbLine
 10
86.120606076066
 20
21.999999999999993
 30
0.0
 11
98.0
 21
33.87939392393399
 31
0.0
  0
LINE
  5
4DE
330
17
100
AcDbEntity
  8
hatch
100
AcDbLine
 10
85.32864648113706
 20
21.999999999999996
 30
0.0
 11
97.99999999999999
 21
34.67135351886293
 31
0.0
  0
LINE
  5
4DF
330
17
100
AcDbEntity
  8
hatch
100
AcDbLine
 10
84.53668688620812
 20
21.999999999999996
 30
0.0
 11
98.0
 21
35.46331311379187
 31
0.0
  0
LINE
  5
4E0
330
17
100
AcDbEntity
  8
hatch
100
AcDbLine
 10
83.7447272912792
 20
22.000000000000004
 30
0.0
 11
98.0
 21
36.255272708720796
 31
0.0
  0
LINE
  5
4E1
330
17
100
AcDbEntity
  8
hatch
100
AcDbLine
 10
82.95276769635026
 20
22.0
 30
0.0
 11
98.0
 21
37.04723230364972
 31
0.0
  0
LINE
  5
4E2
330
17
100
AcDbEntity
  8
hatch
100
AcDbLine
 10
82.16080810142132
 20
22.0
 30
0.0
 11
97.99999999999999
 21
37.839191898578655
 31
0.0
  0
LINE
  5
4E3
330
17
100
AcDbEntity
  8
hatch
100
AcDbLine
 10
81.3688485064924
 20
21.999999999999996
 30
0.0
 11
97.99999999999999
 21
38.6311514935076
 31
0.0
  0
LINE
  5
4E4
330
17
100
AcDbEntity
  8
hatch
100
AcDbLine
 10
80.57688891156346
 20
21.999999999999996
 30
0.0
 11
98.0
 21
39.42311108843653
 31
0.0
  0
LINE
  5
4E5
330
17
100
AcDbEntity
  8
hatch
100
AcDbLine
 10
79.78492931663453
 20
21.999999999999996
 30
0.0
 11
97.78492931663453
 21
40.0
 31
0.0
  0
LINE
  5
4E6
330
17
100
AcDbEntity
  8
hatch
100
AcDbLine
 10
78.9929697217056
 20
22.000000000000004
 30
0.0
 11
96.9929697217056
 21
40.0
 31
0.0
  0
LINE
  5
4E7
330
17
100
AcDbEntity
  8
hatch
100
AcDbLine
 10
78.20101012677667
 20
22.0
 30
0.0
 11
96.20101012677667
 21
40.00000000000001
 31
0.0
  0
LINE
  5
4E8
330
17
100
AcDbEntity
  8
hatch
100
AcDbLine
 10
78.00000000000001
 20
22.59094946815229
 30
0.0
 11
95.40905053184774
 21
40.0
 31
0.0
  0
LINE
  5
4E9
330
17
100
AcDbEntity
  8
hatch
100
AcDbLine
 10
78.00000000000003
 20
23.382909063081225
 30
0.0
 11
94.6170909369188
 21
40.0
 31
0.0
  0
LINE
  5
4EA
330
17
100
AcDbEntity
  8
hatch
100
AcDbLine
 10
78.00000000000003
 20
24.17486865801015
 30
0.0
 11
93.82513134198987
 21
40.0
 31
0.0
  0
LINE
  5
4EB
330
17
100
AcDbEntity
  8
hatch
100
AcDbLine
 10
78.00000000000003
 20
24.96682825293909
 30
0.0
 11
93.03317174706095
 21
40.000000000000014
 31
0.0
  0
LINE
  5
4EC
330
17
100
AcDbEntity
  8
hatch
100
AcDbLine
 10
78.00000000000003
 20
25.75878784786801
 30
0.0
 11
92.24121215213201
 21
40.000000000000014
 31
0.0
  0
LINE
  5
4ED
330
17
100
AcDbEntity
  8
hatch
100
AcDbLine
 10
78.00000000000001
 20
26.550747442796947
 30
0.0
 11
91.44925255720308
 21
40.0
 31
0.0
  0
LINE
  5
4EE
330
17
100
AcDbEntity
  8
hatch
100
AcDbLine
 10
78.00000000000001
 20
27.342707037725887
 30
0.0
 11
90.65729296227414
 21
40.00000000000001
 31
0.0
  0
LINE
  5
4EF
330
17
100
AcDbEntity
  8
hatch
100
AcDbLine
 10
78.00000000000003
 20
28.134666632654824
 30
0.0
 11
89.8653333673452
 21
40.0
 31
0.0
  0
LINE
  5
4F0
330
17
100
AcDbEntity
  8
hatch
100
AcDbLine
 10
78.00000000000003
 20
28.926626227583757
 30
0.0
 11
89.07337377241626
 21
40.0
 31
0.0
  0
LINE
  5
4F1
330
17
100
AcDbEntity
  8
hatch
100
AcDbLine
 10
78.00000000000003
 20
29.71858582251269
 30
0.0
 11
88.28141417748733
 21
40.0
 31
0.0
  0
LINE
  5
4F2
330
17
100
AcDbEntity
  8
hatch
100
AcDbLine
 10
78.00000000000003
 20
30.510545417441627
 30
0.0
 11
87.48945458255841
 21
40.00000000000001
 31
0.0
  0
LINE
  5
4F3
330
17
100
AcDbEntity
  8
hatch
100
AcDbLine
 10
78.00000000000001
 20
31.302505012370546
 30
0.0
 11
86.69749498762948
 21
40.0
 31
0.0
  0
LINE
  5
4F4
330
17
100
AcDbEntity
  8
hatch
100
AcDbLine
 10
78.00000000000001
 20
32.094464607299486
 30
0.0
 11
85.90553539270054
 21
40.00000000000001
 31
0.0
  0
LINE
  5
4F5
330
17
100
AcDbEntity
  8
hatch
100
AcDbLine
 10
78.00000000000003
 20
32.886424202228426
 30
0.0
 11
85.1135757977716
 21
40.0
 31
0.0
  0
LINE
  5
4F6
330
17
100
AcDbEntity
  8
hatch
100
AcDbLine
 10
78.00000000000003
 20
33.67838379715735
 30
0.0
 11
84.32161620284268
 21
40.0
 31
0.0
  0
LINE
  5
4F7
330
17
100
AcDbEntity
  8
hatch
100
AcDbLine
 10
78.00000000000003
 20
34.47034339208629
 30
0.0
 11
83.52965660791375
 21
40.000000000000014
 31
0.0
  0
LINE
  5
4F8
330
17
100
AcDbEntity
  8
hatch
100
AcDbLine
 10
78.00000000000003
 20
35.262302987015225
 30
0.0
 11
82.73769701298481
 21
40.00000000000001
 31
0.0
  0
LINE
  5
4F9
330
17
100
AcDbEntity
  8
hatch
100
AcDbLine
 10
78.00000000000001
 20
36.054262581944144
 30
0.0
 11
81.94573741805587
 21
40.0
 31
0.0
  0
LINE
  5
4FA
330
17
100
AcDbEntity
  8
hatch
100
AcDbLine
 10
78.00000000000001
 20
36.846222176873084
 30
0.0
 11
81.15377782312694
 21
40.00000000000001
 31
0.0
  0
LINE
  5
4FB
330
17
100
AcDbEntity
  8
hatch
100
AcDbLine
 10
78.00000000000003
 20
37.638181771802024
 30
0.0
 11
80.361818228198
 21
40.0
 31
0.0
  0
LINE
  5
4FC
330
17
100
AcDbEntity
  8
hatch
100
AcDbLine
 10
78.00000000000003
 20
38.43014136673095
 30
0.0
 11
79.56985863326908
 21
40.0
 31
0.0
  0
LINE
  5
4FD
330
17
100
AcDbEntity
  8
hatch
100
AcDbLine
 10
78.00000000000003
 20
39.22210096165989
 30
0.0
 11
78.77789903834014
 21
40.00000000000001
 31
0.0
  0
TEXT
  5
4FE
330
17
100
AcDbEntity
  8
texto
100
AcDbText
 10
87.99999999999997
 20
31.0
 30
0.0
 40
0.56
  1
ÁREAS VERDES
 72
1
 11
87.99999999999997
 21
31.0
 31
0.0
100
AcDbText
  0
LWPOLYLINE
  5
4FF
330
17
100
AcDbEntity
  8
edificio
100
AcDbPolyline
 90
4
 70
1
 10
57.999999999999986
 20
14.0
 10
68.0
 20
14.0
 10
68.0
 20
21.999999999999993
 10
57.999999999999986
 20
21.999999999999993
  0
LINE
  5
500
330
17
100
AcDbEntity
  8
hatch
100
AcDbLine
 10
67.20804040507106
 20
14.0
 30
0.0
 11
68.0
 21
14.791959594928933
 31
0.0
  0
LINE
  5
501
330
17
100
AcDbEntity
  8
hatch
100
AcDbLine
 10
66.41608081014213
 20
14.0
 30
0.0
 11
68.0
 21
15.583919189857859
 31
0.0
  0
LINE
  5
502
330
17
100
AcDbEntity
  8
hatch
100
AcDbLine
 10
65.6241212152132
 20
13.999999999999996
 30
0.0
 11
68.0
 21
16.375878784786796
 31
0.0
  0
LINE
  5
503
330
17
100
AcDbEntity
  8
hatch
100
AcDbLine
 10
64.83216162028427
 20
13.999999999999996
 30
0.0
 11
68.0
 21
17.167838379715736
 31
0.0
  0
LINE
  5
504
330
17
100
AcDbEntity
  8
hatch
100
AcDbLine
 10
64.04020202535534
 20
13.999999999999996
 30
0.0
 11
68.0
 21
17.959797974644662
 31
0.0
  0
LINE
  5
505
330
17
100
AcDbEntity
  8
hatch
100
AcDbLine
 10
63.2482424304264
 20
13.999999999999993
 30
0.0
 11
68.0
 21
18.7517575695736
 31
0.0
  0
LINE
  5
506
330
17
100
AcDbEntity
  8
hatch
100
AcDbLine
 10
62.45628283549746
 20
14.0
 30
0.0
 11
68.0
 21
19.54371716450254
 31
0.0
  0
LINE
  5
507
330
17
100
AcDbEntity
  8
hatch
100
AcDbLine
 10
61.66432324056853
 20
13.999999999999996
 30
0.0
 11
68.0
 21
20.335676759431475
 31
0.0
  0
LINE
  5
508
330
17
100
AcDbEntity
  8
hatch
100
AcDbLine
 10
60.8723636456396
 20
13.999999999999996
 30
0.0
 11
68.0
 21
21.1276363543604
 31
0.0
  0
LINE
  5
509
330
17
100
AcDbEntity
  8
hatch
100
AcDbLine
 10
60.08040405071066
 20
13.999999999999996
 30
0.0
 11
68.0
 21
21.919595949289334
 31
0.0
  0
LINE
  5
50A
330
17
100
AcDbEntity
  8
hatch
100
AcDbLine
 10
59.288444455781736
 20
13.999999999999996
 30
0.0
 11
67.28844445578173
 21
21.999999999999996
 31
0.0
  0
LINE
  5
50B
330
17
100
AcDbEntity
  8
hatch
100
AcDbLine
 10
58.4964848608528
 20
13.999999999999993
 30
0.0
 11
66.4964848608528
 21
21.999999999999993
 31
0.0
  0
LINE
  5
50C
330
17
100
AcDbEntity
  8
hatch
100
AcDbLine
 10
57.99999999999997
 20
14.295474734076109
 30
0.0
 11
65.70452526592386
 21
22.0
 31
0.0
  0
LINE
  5
50D
330
17
100
AcDbEntity
  8
hatch
100
AcDbLine
 10
57.99999999999998
 20
15.087434329005045
 30
0.0
 11
64.91256567099492
 21
22.000000000000004
 31
0.0
  0
LINE
  5
50E
330
17
100
AcDbEntity
  8
hatch
100
AcDbLine
 10
57.99999999999998
 20
15.879393923933971
 30
0.0
 11
64.120606076066
 21
21.999999999999996
 31
0.0
  0
LINE
  5
50F
330
17
100
AcDbEntity
  8
hatch
100
AcDbLine
 10
57.99999999999998
 20
16.67135351886291
 30
0.0
 11
63.32864648113706
 21
21.999999999999996
 31
0.0
  0
LINE
  5
510
330
17
100
AcDbEntity
  8
hatch
100
AcDbLine
 10
57.99999999999997
 20
17.46331311379185
 30
0.0
 11
62.53668688620813
 21
21.999999999999993
 31
0.0
  0
LINE
  5
511
330
17
100
AcDbEntity
  8
hatch
100
AcDbLine
 10
57.99999999999998
 20
18.255272708720778
 30
0.0
 11
61.7447272912792
 21
21.999999999999996
 31
0.0
  0
LINE
  5
512
330
17
100
AcDbEntity
  8
hatch
100
AcDbLine
 10
57.999999999999986
 20
19.047232303649714
 30
0.0
 11
60.952767696350264
 21
22.0
 31
0.0
  0
LINE
  5
513
330
17
100
AcDbEntity
  8
hatch
100
AcDbLine
 10
57.999999999999986
 20
19.83919189857865
 30
0.0
 11
60.16080810142133
 21
21.999999999999996
 31
0.0
  0
LINE
  5
514
330
17
100
AcDbEntity
  8
hatch
100
AcDbLine
 10
57.999999999999986
 20
20.63115149350758
 30
0.0
 11
59.3688485064924
 21
22.0
 31
0.0
  0
LINE
  5
515
330
17
100
AcDbEntity
  8
hatch
100
AcDbLine
 10
57.99999999999998
 20
21.423111088436517
 30
0.0
 11
58.576888911563465
 21
21.999999999999996
 31
0.0
  0
TEXT
  5
516
330
17
100
AcDbEntity
  8
texto
100
AcDbText
 10
63.0
 20
17.999999999999996
 30
0.0
 40
0.532
  1
CISTERNA
 72
1
 11
63.0
 21
17.999999999999996
 31
0.0
100
AcDbText
  0
TEXT
  5
517
330
17
100
AcDbEntity
  8
texto-suave
100
AcDbText
 10
63.0
 20
41.0
 30
0.0
 40
0.56
  1
PATIO DE MANIOBRAS
 72
1
 11
63.0
 21
41.0
 31
0.0
100
AcDbText
  0
CIRCLE
  5
518
330
17
100
AcDbEntity
  8
arbol
100
AcDbCircle
 10
7.999999999999995
 20
34.0
 30
0.0
 40
1.6000000000000003
  0
CIRCLE
  5
519
330
17
100
AcDbEntity
  8
arbol
100
AcDbCircle
 10
7.999999999999995
 20
34.0
 30
0.0
 40
0.25
  0
CIRCLE
  5
51A
330
17
100
AcDbEntity
  8
arbol
100
AcDbCircle
 10
7.999999999999995
 20
52.0
 30
0.0
 40
1.6000000000000003
  0
CIRCLE
  5
51B
330
17
100
AcDbEntity
  8
arbol
100
AcDbCircle
 10
7.999999999999995
 20
52.0
 30
0.0
 40
0.25
  0
CIRCLE
  5
51C
330
17
100
AcDbEntity
  8
arbol
100
AcDbCircle
 10
7.999999999999995
 20
70.0
 30
0.0
 40
1.6000000000000003
  0
CIRCLE
  5
51D
330
17
100
AcDbEntity
  8
arbol
100
AcDbCircle
 10
7.999999999999995
 20
70.0
 30
0.0
 40
0.25
  0
CIRCLE
  5
51E
330
17
100
AcDbEntity
  8
arbol
100
AcDbCircle
 10
29.99999999999999
 20
66.0
 30
0.0
 40
1.6000000000000003
  0
CIRCLE
  5
51F
330
17
100
AcDbEntity
  8
arbol
100
AcDbCircle
 10
29.99999999999999
 20
66.0
 30
0.0
 40
0.25
  0
CIRCLE
  5
520
330
17
100
AcDbEntity
  8
arbol
100
AcDbCircle
 10
35.99999999999999
 20
88.0
 30
0.0
 40
1.6000000000000003
  0
CIRCLE
  5
521
330
17
100
AcDbEntity
  8
arbol
100
AcDbCircle
 10
35.99999999999999
 20
88.0
 30
0.0
 40
0.25
  0
CIRCLE
  5
522
330
17
100
AcDbEntity
  8
arbol
100
AcDbCircle
 10
52.000000000000014
 20
96.0
 30
0.0
 40
1.6000000000000003
  0
CIRCLE
  5
523
330
17
100
AcDbEntity
  8
arbol
100
AcDbCircle
 10
52.000000000000014
 20
96.0
 30
0.0
 40
0.25
  0
CIRCLE
  5
524
330
17
100
AcDbEntity
  8
arbol
100
AcDbCircle
 10
96.0
 20
48.0
 30
0.0
 40
1.6000000000000003
  0
CIRCLE
  5
525
330
17
100
AcDbEntity
  8
arbol
100
AcDbCircle
 10
96.0
 20
48.0
 30
0.0
 40
0.25
  0
CIRCLE
  5
526
330
17
100
AcDbEntity
  8
arbol
100
AcDbCircle
 10
96.0
 20
62.0
 30
0.0
 40
1.6000000000000003
  0
CIRCLE
  5
527
330
17
100
AcDbEntity
  8
arbol
100
AcDbCircle
 10
96.0
 20
62.0
 30
0.0
 40
0.25
  0
CIRCLE
  5
528
330
17
100
AcDbEntity
  8
arbol
100
AcDbCircle
 10
85.99999999999999
 20
78.00000000000001
 30
0.0
 40
1.6000000000000003
  0
CIRCLE
  5
529
330
17
100
AcDbEntity
  8
arbol
100
AcDbCircle
 10
85.99999999999999
 20
78.00000000000001
 30
0.0
 40
0.25
  0
CIRCLE
  5
52A
330
17
100
AcDbEntity
  8
arbol
100
AcDbCircle
 10
26.000000000000007
 20
8.499999999999993
 30
0.0
 40
1.6000000000000003
  0
CIRCLE
  5
52B
330
17
100
AcDbEntity
  8
arbol
100
AcDbCircle
 10
26.000000000000007
 20
8.499999999999993
 30
0.0
 40
0.25
  0
CIRCLE
  5
52C
330
17
100
AcDbEntity
  8
arbol
100
AcDbCircle
 10
60.00000000000001
 20
96.0
 30
0.0
 40
1.6000000000000003
  0
CIRCLE
  5
52D
330
17
100
AcDbEntity
  8
arbol
100
AcDbCircle
 10
60.00000000000001
 20
96.0
 30
0.0
 40
0.25
  0
CIRCLE
  5
52E
330
17
100
AcDbEntity
  8
arbol
100
AcDbCircle
 10
20.000000000000004
 20
88.0
 30
0.0
 40
1.6000000000000003
  0
CIRCLE
  5
52F
330
17
100
AcDbEntity
  8
arbol
100
AcDbCircle
 10
20.000000000000004
 20
88.0
 30
0.0
 40
0.25
  0
CIRCLE
  5
530
330
17
100
AcDbEntity
  8
arbol
100
AcDbCircle
 10
43.999999999999986
 20
58.00000000000001
 30
0.0
 40
1.6000000000000003
  0
CIRCLE
  5
531
330
17
100
AcDbEntity
  8
arbol
100
AcDbCircle
 10
43.999999999999986
 20
58.00000000000001
 30
0.0
 40
0.25
  0
LWPOLYLINE
  5
532
330
17
100
AcDbEntity
  8
edificio
100
AcDbPolyline
 90
4
 70
1
 10
12.000000000000009
 20
78.00000000000001
 10
48.0
 20
78.00000000000001
 10
48.0
 20
92.0
 10
12.000000000000009
 20
92.0
  0
LINE
  5
533
330
17
100
AcDbEntity
  8
hatch
100
AcDbLine
 10
47.20804040507107
 20
78.0
 30
0.0
 11
48.0
 21
78.79195959492895
 31
0.0
  0
LINE
  5
534
330
17
100
AcDbEntity
  8
hatch
100
AcDbLine
 10
46.416080810142134
 20
78.00000000000001
 30
0.0
 11
48.0
 21
79.58391918985788
 31
0.0
  0
LINE
  5
535
330
17
100
AcDbEntity
  8
hatch
100
AcDbLine
 10
45.624121215213194
 20
78.0
 30
0.0
 11
48.00000000000001
 21
80.3758787847868
 31
0.0
  0
LINE
  5
536
330
17
100
AcDbEntity
  8
hatch
100
AcDbLine
 10
44.83216162028427
 20
78.0
 30
0.0
 11
48.0
 21
81.16783837971576
 31
0.0
  0
LINE
  5
537
330
17
100
AcDbEntity
  8
hatch
100
AcDbLine
 10
44.040202025355335
 20
78.00000000000001
 30
0.0
 11
48.0
 21
81.95979797464467
 31
0.0
  0
LINE
  5
538
330
17
100
AcDbEntity
  8
hatch
100
AcDbLine
 10
43.2482424304264
 20
78.00000000000001
 30
0.0
 11
48.0
 21
82.75175756957361
 31
0.0
  0
LINE
  5
539
330
17
100
AcDbEntity
  8
hatch
100
AcDbLine
 10
42.45628283549747
 20
78.00000000000001
 30
0.0
 11
48.00000000000001
 21
83.54371716450255
 31
0.0
  0
LINE
  5
53A
330
17
100
AcDbEntity
  8
hatch
100
AcDbLine
 10
41.664323240568535
 20
78.00000000000001
 30
0.0
 11
48.0
 21
84.33567675943148
 31
0.0
  0
LINE
  5
53B
330
17
100
AcDbEntity
  8
hatch
100
AcDbLine
 10
40.872363645639595
 20
78.0
 30
0.0
 11
48.0
 21
85.12763635436042
 31
0.0
  0
LINE
  5
53C
330
17
100
AcDbEntity
  8
hatch
100
AcDbLine
 10
40.08040405071067
 20
78.0
 30
0.0
 11
48.000000000000014
 21
85.91959594928935
 31
0.0
  0
LINE
  5
53D
330
17
100
AcDbEntity
  8
hatch
100
AcDbLine
 10
39.288444455781736
 20
78.00000000000001
 30
0.0
 11
48.00000000000001
 21
86.71155554421829
 31
0.0
  0
LINE
  5
53E
330
17
100
AcDbEntity
  8
hatch
100
AcDbLine
 10
38.4964848608528
 20
78.00000000000001
 30
0.0
 11
48.0
 21
87.50351513914721
 31
0.0
  0
LINE
  5
53F
330
17
100
AcDbEntity
  8
hatch
100
AcDbLine
 10
37.70452526592387
 20
78.00000000000001
 30
0.0
 11
48.0
 21
88.29547473407614
 31
0.0
  0
LINE
  5
540
330
17
100
AcDbEntity
  8
hatch
100
AcDbLine
 10
36.91256567099494
 20
78.00000000000001
 30
0.0
 11
48.000000000000014
 21
89.08743432900508
 31
0.0
  0
LINE
  5
541
330
17
100
AcDbEntity
  8
hatch
100
AcDbLine
 10
36.120606076066
 20
78.0
 30
0.0
 11
48.000000000000014
 21
89.879393923934
 31
0.0
  0
LINE
  5
542
330
17
100
AcDbEntity
  8
hatch
100
AcDbLine
 10
35.328646481137056
 20
78.0
 30
0.0
 11
48.0
 21
90.67135351886294
 31
0.0
  0
LINE
  5
543
330
17
100
AcDbEntity
  8
hatch
100
AcDbLine
 10
34.53668688620813
 20
78.00000000000001
 30
0.0
 11
48.000000000000014
 21
91.46331311379188
 31
0.0
  0
LINE
  5
544
330
17
100
AcDbEntity
  8
hatch
100
AcDbLine
 10
33.744727291279204
 20
78.00000000000001
 30
0.0
 11
47.74472729127919
 21
92.0
 31
0.0
  0
LINE
  5
545
330
17
100
AcDbEntity
  8
hatch
100
AcDbLine
 10
32.95276769635027
 20
78.00000000000001
 30
0.0
 11
46.95276769635026
 21
92.0
 31
0.0
  0
LINE
  5
546
330
17
100
AcDbEntity
  8
hatch
100
AcDbLine
 10
32.16080810142134
 20
78.00000000000001
 30
0.0
 11
46.16080810142131
 21
92.0
 31
0.0
  0
LINE
  5
547
330
17
100
AcDbEntity
  8
hatch
100
AcDbLine
 10
31.368848506492395
 20
78.00000000000001
 30
0.0
 11
45.368848506492384
 21
92.0
 31
0.0
  0
LINE
  5
548
330
17
100
AcDbEntity
  8
hatch
100
AcDbLine
 10
30.57688891156346
 20
78.0
 30
0.0
 11
44.57688891156346
 21
92.0
 31
0.0
  0
LINE
  5
549
330
17
100
AcDbEntity
  8
hatch
100
AcDbLine
 10
29.784929316634532
 20
78.00000000000001
 30
0.0
 11
43.784929316634525
 21
92.0
 31
0.0
  0
LINE
  5
54A
330
17
100
AcDbEntity
  8
hatch
100
AcDbLine
 10
28.992969721705606
 20
78.00000000000001
 30
0.0
 11
42.9929697217056
 21
92.0
 31
0.0
  0
LINE
  5
54B
330
17
100
AcDbEntity
  8
hatch
100
AcDbLine
 10
28.201010126776673
 20
78.00000000000001
 30
0.0
 11
42.201010126776666
 21
92.0
 31
0.0
  0
LINE
  5
54C
330
17
100
AcDbEntity
  8
hatch
100
AcDbLine
 10
27.409050531847736
 20
78.00000000000001
 30
0.0
 11
41.409050531847726
 21
92.0
 31
0.0
  0
LINE
  5
54D
330
17
100
AcDbEntity
  8
hatch
100
AcDbLine
 10
26.617090936918796
 20
78.00000000000001
 30
0.0
 11
40.617090936918785
 21
92.0
 31
0.0
  0
LINE
  5
54E
330
17
100
AcDbEntity
  8
hatch
100
AcDbLine
 10
25.825131341989863
 20
78.0
 30
0.0
 11
39.82513134198986
 21
92.0
 31
0.0
  0
LINE
  5
54F
330
17
100
AcDbEntity
  8
hatch
100
AcDbLine
 10
25.033171747060933
 20
78.00000000000001
 30
0.0
 11
39.03317174706092
 21
92.0
 31
0.0
  0
LINE
  5
550
330
17
100
AcDbEntity
  8
hatch
100
AcDbLine
 10
24.241212152132007
 20
78.00000000000001
 30
0.0
 11
38.24121215213201
 21
92.0
 31
0.0
  0
LINE
  5
551
330
17
100
AcDbEntity
  8
hatch
100
AcDbLine
 10
23.449252557203074
 20
78.00000000000001
 30
0.0
 11
37.44925255720306
 21
92.0
 31
0.0
  0
LINE
  5
552
330
17
100
AcDbEntity
  8
hatch
100
AcDbLine
 10
22.657292962274138
 20
78.00000000000001
 30
0.0
 11
36.65729296227411
 21
92.0
 31
0.0
  0
LINE
  5
553
330
17
100
AcDbEntity
  8
hatch
100
AcDbLine
 10
21.865333367345198
 20
78.00000000000001
 30
0.0
 11
35.86533336734519
 21
92.0
 31
0.0
  0
LINE
  5
554
330
17
100
AcDbEntity
  8
hatch
100
AcDbLine
 10
21.07337377241626
 20
78.00000000000001
 30
0.0
 11
35.07337377241625
 21
92.0
 31
0.0
  0
LINE
  5
555
330
17
100
AcDbEntity
  8
hatch
100
AcDbLine
 10
20.281414177487335
 20
78.00000000000001
 30
0.0
 11
34.28141417748733
 21
92.0
 31
0.0
  0
LINE
  5
556
330
17
100
AcDbEntity
  8
hatch
100
AcDbLine
 10
19.489454582558395
 20
78.00000000000001
 30
0.0
 11
33.48945458255839
 21
92.0
 31
0.0
  0
LINE
  5
557
330
17
100
AcDbEntity
  8
hatch
100
AcDbLine
 10
18.697494987629476
 20
78.00000000000001
 30
0.0
 11
32.69749498762947
 21
92.0
 31
0.0
  0
LINE
  5
558
330
17
100
AcDbEntity
  8
hatch
100
AcDbLine
 10
17.90553539270054
 20
78.00000000000001
 30
0.0
 11
31.905535392700532
 21
92.00000000000001
 31
0.0
  0
LINE
  5
559
330
17
100
AcDbEntity
  8
hatch
100
AcDbLine
 10
17.1135757977716
 20
78.00000000000001
 30
0.0
 11
31.113575797771592
 21
92.0
 31
0.0
  0
LINE
  5
55A
330
17
100
AcDbEntity
  8
hatch
100
AcDbLine
 10
16.321616202842662
 20
78.00000000000001
 30
0.0
 11
30.321616202842655
 21
92.0
 31
0.0
  0
LINE
  5
55B
330
17
100
AcDbEntity
  8
hatch
100
AcDbLine
 10
15.529656607913736
 20
78.00000000000001
 30
0.0
 11
29.52965660791373
 21
92.0
 31
0.0
  0
LINE
  5
55C
330
17
100
AcDbEntity
  8
hatch
100
AcDbLine
 10
14.737697012984796
 20
78.00000000000001
 30
0.0
 11
28.73769701298479
 21
92.0
 31
0.0
  0
LINE
  5
55D
330
17
100
AcDbEntity
  8
hatch
100
AcDbLine
 10
13.945737418055877
 20
78.00000000000003
 30
0.0
 11
27.945737418055856
 21
92.0
 31
0.0
  0
LINE
  5
55E
330
17
100
AcDbEntity
  8
hatch
100
AcDbLine
 10
13.153777823126937
 20
78.00000000000001
 30
0.0
 11
27.153777823126916
 21
92.0
 31
0.0
  0
LINE
  5
55F
330
17
100
AcDbEntity
  8
hatch
100
AcDbLine
 10
12.361818228197997
 20
78.0
 30
0.0
 11
26.36181822819799
 21
92.0
 31
0.0
  0
LINE
  5
560
330
17
100
AcDbEntity
  8
hatch
100
AcDbLine
 10
12.000000000000007
 20
78.43014136673096
 30
0.0
 11
25.569858633269057
 21
92.0
 31
0.0
  0
LINE
  5
561
330
17
100
AcDbEntity
  8
hatch
100
AcDbLine
 10
12.000000000000014
 20
79.2221009616599
 30
0.0
 11
24.77789903834011
 21
92.0
 31
0.0
  0
LINE
  5
562
330
17
100
AcDbEntity
  8
hatch
100
AcDbLine
 10
12.000000000000007
 20
80.01406055658882
 30
0.0
 11
23.98593944341119
 21
92.0
 31
0.0
  0
LINE
  5
563
330
17
100
AcDbEntity
  8
hatch
100
AcDbLine
 10
12.000000000000014
 20
80.80602015151776
 30
0.0
 11
23.19397984848227
 21
92.0
 31
0.0
  0
LINE
  5
564
330
17
100
AcDbEntity
  8
hatch
100
AcDbLine
 10
12.000000000000007
 20
81.59797974644668
 30
0.0
 11
22.40202025355333
 21
92.0
 31
0.0
  0
LINE
  5
565
330
17
100
AcDbEntity
  8
hatch
100
AcDbLine
 10
12.000000000000014
 20
82.38993934137562
 30
0.0
 11
21.6100606586244
 21
92.0
 31
0.0
  0
LINE
  5
566
330
17
100
AcDbEntity
  8
hatch
100
AcDbLine
 10
12.000000000000014
 20
83.18189893630456
 30
0.0
 11
20.818101063695458
 21
92.0
 31
0.0
  0
LINE
  5
567
330
17
100
AcDbEntity
  8
hatch
100
AcDbLine
 10
12.000000000000014
 20
83.9738585312335
 30
0.0
 11
20.026141468766525
 21
92.0
 31
0.0
  0
LINE
  5
568
330
17
100
AcDbEntity
  8
hatch
100
AcDbLine
 10
12.000000000000007
 20
84.76581812616243
 30
0.0
 11
19.234181873837592
 21
92.0
 31
0.0
  0
LINE
  5
569
330
17
100
AcDbEntity
  8
hatch
100
AcDbLine
 10
12.000000000000014
 20
85.55777772109136
 30
0.0
 11
18.442222278908652
 21
92.0
 31
0.0
  0
LINE
  5
56A
330
17
100
AcDbEntity
  8
hatch
100
AcDbLine
 10
12.000000000000007
 20
86.34973731602028
 30
0.0
 11
17.65026268397972
 21
92.0
 31
0.0
  0
LINE
  5
56B
330
17
100
AcDbEntity
  8
hatch
100
AcDbLine
 10
12.000000000000014
 20
87.14169691094922
 30
0.0
 11
16.858303089050793
 21
92.0
 31
0.0
  0
LINE
  5
56C
330
17
100
AcDbEntity
  8
hatch
100
AcDbLine
 10
12.000000000000014
 20
87.93365650587816
 30
0.0
 11
16.066343494121853
 21
92.0
 31
0.0
  0
LINE
  5
56D
330
17
100
AcDbEntity
  8
hatch
100
AcDbLine
 10
12.000000000000014
 20
88.72561610080709
 30
0.0
 11
15.274383899192912
 21
92.0
 31
0.0
  0
LINE
  5
56E
330
17
100
AcDbEntity
  8
hatch
100
AcDbLine
 10
12.000000000000014
 20
89.51757569573603
 30
0.0
 11
14.482424304263994
 21
92.0
 31
0.0
  0
LINE
  5
56F
330
17
100
AcDbEntity
  8
hatch
100
AcDbLine
 10
12.000000000000021
 20
90.30953529066497
 30
0.0
 11
13.69046470933506
 21
92.0
 31
0.0
  0
LINE
  5
570
330
17
100
AcDbEntity
  8
hatch
100
AcDbLine
 10
12.000000000000021
 20
91.1014948855939
 30
0.0
 11
12.89850511440612
 21
92.0
 31
0.0
  0
LINE
  5
571
330
17
100
AcDbEntity
  8
hatch
100
AcDbLine
 10
12.000000000000014
 20
91.89345448052282
 30
0.0
 11
12.106545519477201
 21
92.0
 31
0.0
  0
LWPOLYLINE
  5
572
330
17
100
AcDbEntity
  8
marco-medio
100
AcDbPolyline
 90
4
 70
1
 10
12.000000000000009
 20
78.00000000000001
 10
48.0
 20
78.00000000000001
 10
48.0
 20
92.0
 10
12.000000000000009
 20
92.0
  0
LINE
  5
573
330
17
100
AcDbEntity
  8
proyeccion
100
AcDbLine
 10
12.6
 20
78.6
 30
0.0
 11
47.39999999999998
 21
91.4
 31
0.0
  0
TEXT
  5
574
330
17
100
AcDbEntity
  8
texto
100
AcDbText
 10
29.99999999999999
 20
85.9
 30
0.0
 40
0.672
  1
AULAS / AULAS TALLER
 72
1
 11
29.99999999999999
 21
85.9
 31
0.0
100
AcDbText
  0
TEXT
  5
575
330
17
100
AcDbEntity
  8
texto-suave
100
AcDbText
 10
29.99999999999999
 20
83.4
 30
0.0
 40
0.588
  1
36,0 × 14,0 m
 72
1
 11
29.99999999999999
 21
83.4
 31
0.0
100
AcDbText
  0
LWPOLYLINE
  5
576
330
17
100
AcDbEntity
  8
edificio
100
AcDbPolyline
 90
4
 70
1
 10
12.000000000000009
 20
46.000000000000014
 10
32.000000000000014
 20
46.000000000000014
 10
32.000000000000014
 20
62.0
 10
12.000000000000009
 20
62.0
  0
LINE
  5
577
330
17
100
AcDbEntity
  8
hatch
100
AcDbLine
 10
31.20804040507108
 20
46.000000000000014
 30
0.0
 11
32.000000000000014
 21
46.79195959492895
 31
0.0
  0
LINE
  5
578
330
17
100
AcDbEntity
  8
hatch
100
AcDbLine
 10
30.416080810142144
 20
46.000000000000014
 30
0.0
 11
32.000000000000014
 21
47.58391918985789
 31
0.0
  0
LINE
  5
579
330
17
100
AcDbEntity
  8
hatch
100
AcDbLine
 10
29.624121215213215
 20
46.000000000000014
 30
0.0
 11
32.000000000000014
 21
48.37587878478681
 31
0.0
  0
LINE
  5
57A
330
17
100
AcDbEntity
  8
hatch
100
AcDbLine
 10
28.83216162028428
 20
46.000000000000014
 30
0.0
 11
32.000000000000014
 21
49.167838379715754
 31
0.0
  0
LINE
  5
57B
330
17
100
AcDbEntity
  8
hatch
100
AcDbLine
 10
28.04020202535535
 20
46.000000000000014
 30
0.0
 11
32.000000000000014
 21
49.95979797464468
 31
0.0
  0
LINE
  5
57C
330
17
100
AcDbEntity
  8
hatch
100
AcDbLine
 10
27.248242430426412
 20
46.000000000000014
 30
0.0
 11
32.000000000000014
 21
50.75175756957361
 31
0.0
  0
LINE
  5
57D
330
17
100
AcDbEntity
  8
hatch
100
AcDbLine
 10
26.456282835497483
 20
46.000000000000014
 30
0.0
 11
32.000000000000014
 21
51.543717164502546
 31
0.0
  0
LINE
  5
57E
330
17
100
AcDbEntity
  8
hatch
100
AcDbLine
 10
25.664323240568546
 20
46.000000000000014
 30
0.0
 11
32.000000000000014
 21
52.335676759431486
 31
0.0
  0
LINE
  5
57F
330
17
100
AcDbEntity
  8
hatch
100
AcDbLine
 10
24.87236364563961
 20
46.00000000000001
 30
0.0
 11
32.000000000000014
 21
53.12763635436041
 31
0.0
  0
LINE
  5
580
330
17
100
AcDbEntity
  8
hatch
100
AcDbLine
 10
24.080404050710676
 20
46.000000000000014
 30
0.0
 11
32.000000000000014
 21
53.91959594928935
 31
0.0
  0
LINE
  5
581
330
17
100
AcDbEntity
  8
hatch
100
AcDbLine
 10
23.288444455781743
 20
46.00000000000001
 30
0.0
 11
32.000000000000014
 21
54.71155554421828
 31
0.0
  0
LINE
  5
582
330
17
100
AcDbEntity
  8
hatch
100
AcDbLine
 10
22.49648486085281
 20
46.000000000000014
 30
0.0
 11
32.00000000000001
 21
55.50351513914721
 31
0.0
  0
LINE
  5
583
330
17
100
AcDbEntity
  8
hatch
100
AcDbLine
 10
21.704525265923877
 20
46.000000000000014
 30
0.0
 11
32.000000000000014
 21
56.29547473407615
 31
0.0
  0
LINE
  5
584
330
17
100
AcDbEntity
  8
hatch
100
AcDbLine
 10
20.912565670994947
 20
46.000000000000014
 30
0.0
 11
32.000000000000014
 21
57.08743432900508
 31
0.0
  0
LINE
  5
585
330
17
100
AcDbEntity
  8
hatch
100
AcDbLine
 10
20.12060607606601
 20
46.000000000000014
 30
0.0
 11
32.00000000000002
 21
57.87939392393402
 31
0.0
  0
LINE
  5
586
330
17
100
AcDbEntity
  8
hatch
100
AcDbLine
 10
19.32864648113708
 20
46.000000000000014
 30
0.0
 11
32.000000000000014
 21
58.67135351886295
 31
0.0
  0
LINE
  5
587
330
17
100
AcDbEntity
  8
hatch
100
AcDbLine
 10
18.536686886208145
 20
46.000000000000014
 30
0.0
 11
32.000000000000014
 21
59.46331311379188
 31
0.0
  0
LINE
  5
588
330
17
100
AcDbEntity
  8
hatch
100
AcDbLine
 10
17.74472729127921
 20
46.000000000000014
 30
0.0
 11
32.00000000000001
 21
60.25527270872081
 31
0.0
  0
LINE
  5
589
330
17
100
AcDbEntity
  8
hatch
100
AcDbLine
 10
16.952767696350282
 20
46.000000000000014
 30
0.0
 11
32.000000000000014
 21
61.04723230364975
 31
0.0
  0
LINE
  5
58A
330
17
100
AcDbEntity
  8
hatch
100
AcDbLine
 10
16.160808101421345
 20
46.000000000000014
 30
0.0
 11
32.000000000000014
 21
61.83919189857868
 31
0.0
  0
LINE
  5
58B
330
17
100
AcDbEntity
  8
hatch
100
AcDbLine
 10
15.36884850649241
 20
46.000000000000014
 30
0.0
 11
31.368848506492405
 21
62.0
 31
0.0
  0
LINE
  5
58C
330
17
100
AcDbEntity
  8
hatch
100
AcDbLine
 10
14.576888911563483
 20
46.000000000000014
 30
0.0
 11
30.57688891156347
 21
62.0
 31
0.0
  0
LINE
  5
58D
330
17
100
AcDbEntity
  8
hatch
100
AcDbLine
 10
13.784929316634546
 20
46.000000000000014
 30
0.0
 11
29.78492931663454
 21
62.0
 31
0.0
  0
LINE
  5
58E
330
17
100
AcDbEntity
  8
hatch
100
AcDbLine
 10
12.992969721705613
 20
46.000000000000014
 30
0.0
 11
28.99296972170561
 21
62.00000000000001
 31
0.0
  0
LINE
  5
58F
330
17
100
AcDbEntity
  8
hatch
100
AcDbLine
 10
12.201010126776673
 20
46.000000000000014
 30
0.0
 11
28.201010126776662
 21
62.0
 31
0.0
  0
LINE
  5
590
330
17
100
AcDbEntity
  8
hatch
100
AcDbLine
 10
12.0
 20
46.590949468152274
 30
0.0
 11
27.409050531847733
 21
62.0
 31
0.0
  0
LINE
  5
591
330
17
100
AcDbEntity
  8
hatch
100
AcDbLine
 10
12.000000000000007
 20
47.3829090630812
 30
0.0
 11
26.6170909369188
 21
62.0
 31
0.0
  0
LINE
  5
592
330
17
100
AcDbEntity
  8
hatch
100
AcDbLine
 10
12.000000000000004
 20
48.17486865801014
 30
0.0
 11
25.825131341989866
 21
62.0
 31
0.0
  0
LINE
  5
593
330
17
100
AcDbEntity
  8
hatch
100
AcDbLine
 10
12.000000000000007
 20
48.966828252939074
 30
0.0
 11
25.033171747060937
 21
62.0
 31
0.0
  0
LINE
  5
594
330
17
100
AcDbEntity
  8
hatch
100
AcDbLine
 10
12.000000000000007
 20
49.75878784786801
 30
0.0
 11
24.241212152132004
 21
62.0
 31
0.0
  0
LINE
  5
595
330
17
100
AcDbEntity
  8
hatch
100
AcDbLine
 10
12.000000000000004
 20
50.55074744279695
 30
0.0
 11
23.449252557203064
 21
62.0
 31
0.0
  0
LINE
  5
596
330
17
100
AcDbEntity
  8
hatch
100
AcDbLine
 10
12.0
 20
51.34270703772587
 30
0.0
 11
22.657292962274134
 21
62.0
 31
0.0
  0
LINE
  5
597
330
17
100
AcDbEntity
  8
hatch
100
AcDbLine
 10
12.000000000000007
 20
52.1346666326548
 30
0.0
 11
21.8653333673452
 21
62.0
 31
0.0
  0
LINE
  5
598
330
17
100
AcDbEntity
  8
hatch
100
AcDbLine
 10
12.000000000000007
 20
52.92662622758374
 30
0.0
 11
21.073373772416268
 21
62.0
 31
0.0
  0
LINE
  5
599
330
17
100
AcDbEntity
  8
hatch
100
AcDbLine
 10
12.000000000000004
 20
53.71858582251268
 30
0.0
 11
20.28141417748734
 21
62.0
 31
0.0
  0
LINE
  5
59A
330
17
100
AcDbEntity
  8
hatch
100
AcDbLine
 10
12.000000000000007
 20
54.510545417441605
 30
0.0
 11
19.489454582558402
 21
62.0
 31
0.0
  0
LINE
  5
59B
330
17
100
AcDbEntity
  8
hatch
100
AcDbLine
 10
12.000000000000004
 20
55.30250501237054
 30
0.0
 11
18.697494987629465
 21
62.0
 31
0.0
  0
LINE
  5
59C
330
17
100
AcDbEntity
  8
hatch
100
AcDbLine
 10
12.000000000000004
 20
56.094464607299464
 30
0.0
 11
17.90553539270054
 21
62.0
 31
0.0
  0
LINE
  5
59D
330
17
100
AcDbEntity
  8
hatch
100
AcDbLine
 10
12.000000000000004
 20
56.886424202228405
 30
0.0
 11
17.1135757977716
 21
62.00000000000001
 31
0.0
  0
LINE
  5
59E
330
17
100
AcDbEntity
  8
hatch
100
AcDbLine
 10
12.000000000000007
 20
57.67838379715734
 30
0.0
 11
16.32161620284267
 21
62.0
 31
0.0
  0
LINE
  5
59F
330
17
100
AcDbEntity
  8
hatch
100
AcDbLine
 10
12.000000000000007
 20
58.470343392086264
 30
0.0
 11
15.529656607913743
 21
62.0
 31
0.0
  0
LINE
  5
5A0
330
17
100
AcDbEntity
  8
hatch
100
AcDbLine
 10
12.000000000000004
 20
59.262302987015204
 30
0.0
 11
14.737697012984807
 21
62.0
 31
0.0
  0
LINE
  5
5A1
330
17
100
AcDbEntity
  8
hatch
100
AcDbLine
 10
12.000000000000004
 20
60.05426258194414
 30
0.0
 11
13.945737418055867
 21
62.0
 31
0.0
  0
LINE
  5
5A2
330
17
100
AcDbEntity
  8
hatch
100
AcDbLine
 10
12.000000000000007
 20
60.84622217687307
 30
0.0
 11
13.15377782312693
 21
62.0
 31
0.0
  0
LINE
  5
5A3
330
17
100
AcDbEntity
  8
hatch
100
AcDbLine
 10
12.000000000000007
 20
61.63818177180201
 30
0.0
 11
12.361818228197997
 21
62.0
 31
0.0
  0
LWPOLYLINE
  5
5A4
330
17
100
AcDbEntity
  8
marco-medio
100
AcDbPolyline
 90
4
 70
1
 10
12.000000000000009
 20
46.000000000000014
 10
32.000000000000014
 20
46.000000000000014
 10
32.000000000000014
 20
62.0
 10
12.000000000000009
 20
62.0
  0
LINE
  5
5A5
330
17
100
AcDbEntity
  8
proyeccion
100
AcDbLine
 10
12.6
 20
46.6
 30
0.0
 11
31.399999999999988
 21
61.400000000000006
 31
0.0
  0
TEXT
  5
5A6
330
17
100
AcDbEntity
  8
texto
100
AcDbText
 10
21.999999999999993
 20
54.00000000000001
 30
0.0
 40
0.644
  1
ADMINISTRACIÓN Y BIBLIOTECA
 72
1
 11
21.999999999999993
 21
54.00000000000001
 31
0.0
100
AcDbText
  0
TEXT
  5
5A7
330
17
100
AcDbEntity
  8
texto-suave
100
AcDbText
 10
21.999999999999993
 20
51.60000000000001
 30
0.0
 40
0.56
  1
20,0 × 16,0 m
 72
1
 11
21.999999999999993
 21
51.60000000000001
 31
0.0
100
AcDbText
  0
LWPOLYLINE
  5
5A8
330
17
100
AcDbEntity
  8
destacado
100
AcDbPolyline
 90
4
 70
1
 10
52.000000000000014
 20
43.999999999999986
 10
76.0
 20
43.999999999999986
 10
76.0
 20
53.6
 10
52.000000000000014
 20
53.6
  0
LINE
  5
5A9
330
17
100
AcDbEntity
  8
hatch
100
AcDbLine
 10
75.20804040507106
 20
43.99999999999998
 30
0.0
 11
76.0
 21
44.79195959492892
 31
0.0
  0
LINE
  5
5AA
330
17
100
AcDbEntity
  8
hatch
100
AcDbLine
 10
74.41608081014212
 20
43.999999999999986
 30
0.0
 11
76.0
 21
45.58391918985786
 31
0.0
  0
LINE
  5
5AB
330
17
100
AcDbEntity
  8
hatch
100
AcDbLine
 10
73.62412121521321
 20
43.999999999999986
 30
0.0
 11
75.99999999999999
 21
46.37587878478678
 31
0.0
  0
LINE
  5
5AC
330
17
100
AcDbEntity
  8
hatch
100
AcDbLine
 10
72.83216162028427
 20
43.999999999999986
 30
0.0
 11
76.0
 21
47.16783837971572
 31
0.0
  0
LINE
  5
5AD
330
17
100
AcDbEntity
  8
hatch
100
AcDbLine
 10
72.04020202535533
 20
43.999999999999986
 30
0.0
 11
76.0
 21
47.959797974644644
 31
0.0
  0
LINE
  5
5AE
330
17
100
AcDbEntity
  8
hatch
100
AcDbLine
 10
71.24824243042639
 20
43.999999999999986
 30
0.0
 11
76.0
 21
48.751757569573584
 31
0.0
  0
LINE
  5
5AF
330
17
100
AcDbEntity
  8
hatch
100
AcDbLine
 10
70.45628283549746
 20
43.999999999999986
 30
0.0
 11
76.0
 21
49.543717164502524
 31
0.0
  0
LINE
  5
5B0
330
17
100
AcDbEntity
  8
hatch
100
AcDbLine
 10
69.66432324056852
 20
43.999999999999986
 30
0.0
 11
75.99999999999999
 21
50.33567675943144
 31
0.0
  0
LINE
  5
5B1
330
17
100
AcDbEntity
  8
hatch
100
AcDbLine
 10
68.8723636456396
 20
43.999999999999986
 30
0.0
 11
75.99999999999999
 21
51.12763635436038
 31
0.0
  0
LINE
  5
5B2
330
17
100
AcDbEntity
  8
hatch
100
AcDbLine
 10
68.08040405071067
 20
43.99999999999999
 30
0.0
 11
75.99999999999999
 21
51.91959594928932
 31
0.0
  0
LINE
  5
5B3
330
17
100
AcDbEntity
  8
hatch
100
AcDbLine
 10
67.28844445578173
 20
43.999999999999986
 30
0.0
 11
75.99999999999999
 21
52.71155554421825
 31
0.0
  0
LINE
  5
5B4
330
17
100
AcDbEntity
  8
hatch
100
AcDbLine
 10
66.49648486085279
 20
43.999999999999986
 30
0.0
 11
75.99999999999999
 21
53.50351513914717
 31
0.0
  0
LINE
  5
5B5
330
17
100
AcDbEntity
  8
hatch
100
AcDbLine
 10
65.70452526592386
 20
43.999999999999986
 30
0.0
 11
75.30452526592389
 21
53.599999999999994
 31
0.0
  0
LINE
  5
5B6
330
17
100
AcDbEntity
  8
hatch
100
AcDbLine
 10
64.91256567099492
 20
43.999999999999986
 30
0.0
 11
74.51256567099495
 21
53.59999999999999
 31
0.0
  0
LINE
  5
5B7
330
17
100
AcDbEntity
  8
hatch
100
AcDbLine
 10
64.12060607606601
 20
43.999999999999986
 30
0.0
 11
73.720606076066
 21
53.599999999999994
 31
0.0
  0
LINE
  5
5B8
330
17
100
AcDbEntity
  8
hatch
100
AcDbLine
 10
63.32864648113707
 20
43.99999999999999
 30
0.0
 11
72.92864648113706
 21
53.599999999999994
 31
0.0
  0
LINE
  5
5B9
330
17
100
AcDbEntity
  8
hatch
100
AcDbLine
 10
62.53668688620813
 20
43.999999999999986
 30
0.0
 11
72.13668688620814
 21
53.599999999999994
 31
0.0
  0
LINE
  5
5BA
330
17
100
AcDbEntity
  8
hatch
100
AcDbLine
 10
61.7447272912792
 20
43.999999999999986
 30
0.0
 11
71.34472729127921
 21
53.599999999999994
 31
0.0
  0
LINE
  5
5BB
330
17
100
AcDbEntity
  8
hatch
100
AcDbLine
 10
60.952767696350264
 20
43.999999999999986
 30
0.0
 11
70.55276769635027
 21
53.599999999999994
 31
0.0
  0
LINE
  5
5BC
330
17
100
AcDbEntity
  8
hatch
100
AcDbLine
 10
60.16080810142133
 20
43.999999999999986
 30
0.0
 11
69.76080810142133
 21
53.599999999999994
 31
0.0
  0
LINE
  5
5BD
330
17
100
AcDbEntity
  8
hatch
100
AcDbLine
 10
59.368848506492405
 20
43.99999999999999
 30
0.0
 11
68.9688485064924
 21
53.599999999999994
 31
0.0
  0
LINE
  5
5BE
330
17
100
AcDbEntity
  8
hatch
100
AcDbLine
 10
58.57688891156347
 20
43.99999999999999
 30
0.0
 11
68.17688891156347
 21
53.599999999999994
 31
0.0
  0
LINE
  5
5BF
330
17
100
AcDbEntity
  8
hatch
100
AcDbLine
 10
57.78492931663453
 20
43.99999999999999
 30
0.0
 11
67.38492931663455
 21
53.6
 31
0.0
  0
LINE
  5
5C0
330
17
100
AcDbEntity
  8
hatch
100
AcDbLine
 10
56.9929697217056
 20
43.999999999999986
 30
0.0
 11
66.59296972170561
 21
53.6
 31
0.0
  0
LINE
  5
5C1
330
17
100
AcDbEntity
  8
hatch
100
AcDbLine
 10
56.201010126776666
 20
43.99999999999999
 30
0.0
 11
65.80101012677667
 21
53.6
 31
0.0
  0
LINE
  5
5C2
330
17
100
AcDbEntity
  8
hatch
100
AcDbLine
 10
55.40905053184773
 20
43.999999999999986
 30
0.0
 11
65.00905053184773
 21
53.599999999999994
 31
0.0
  0
LINE
  5
5C3
330
17
100
AcDbEntity
  8
hatch
100
AcDbLine
 10
54.61709093691881
 20
43.99999999999999
 30
0.0
 11
64.21709093691881
 21
53.599999999999994
 31
0.0
  0
LINE
  5
5C4
330
17
100
AcDbEntity
  8
hatch
100
AcDbLine
 10
53.825131341989874
 20
43.99999999999999
 30
0.0
 11
63.425131341989875
 21
53.599999999999994
 31
0.0
  0
LINE
  5
5C5
330
17
100
AcDbEntity
  8
hatch
100
AcDbLine
 10
53.03317174706093
 20
43.99999999999999
 30
0.0
 11
62.63317174706095
 21
53.6
 31
0.0
  0
LINE
  5
5C6
330
17
100
AcDbEntity
  8
hatch
100
AcDbLine
 10
52.241212152132
 20
43.999999999999986
 30
0.0
 11
61.841212152132016
 21
53.6
 31
0.0
  0
LINE
  5
5C7
330
17
100
AcDbEntity
  8
hatch
100
AcDbLine
 10
52.00000000000002
 20
44.55074744279695
 30
0.0
 11
61.049252557203076
 21
53.6
 31
0.0
  0
LINE
  5
5C8
330
17
100
AcDbEntity
  8
hatch
100
AcDbLine
 10
52.000000000000014
 20
45.342707037725866
 30
0.0
 11
60.25729296227414
 21
53.599999999999994
 31
0.0
  0
LINE
  5
5C9
330
17
100
AcDbEntity
  8
hatch
100
AcDbLine
 10
52.000000000000014
 20
46.134666632654806
 30
0.0
 11
59.46533336734521
 21
53.599999999999994
 31
0.0
  0
LINE
  5
5CA
330
17
100
AcDbEntity
  8
hatch
100
AcDbLine
 10
52.000000000000014
 20
46.92662622758374
 30
0.0
 11
58.67337377241627
 21
53.599999999999994
 31
0.0
  0
LINE
  5
5CB
330
17
100
AcDbEntity
  8
hatch
100
AcDbLine
 10
52.000000000000014
 20
47.71858582251267
 30
0.0
 11
57.88141417748735
 21
53.6
 31
0.0
  0
LINE
  5
5CC
330
17
100
AcDbEntity
  8
hatch
100
AcDbLine
 10
52.000000000000014
 20
48.51054541744161
 30
0.0
 11
57.08945458255841
 21
53.60000000000001
 31
0.0
  0
LINE
  5
5CD
330
17
100
AcDbEntity
  8
hatch
100
AcDbLine
 10
52.000000000000014
 20
49.30250501237053
 30
0.0
 11
56.29749498762948
 21
53.6
 31
0.0
  0
LINE
  5
5CE
330
17
100
AcDbEntity
  8
hatch
100
AcDbLine
 10
52.000000000000014
 20
50.094464607299464
 30
0.0
 11
55.505535392700544
 21
53.599999999999994
 31
0.0
  0
LINE
  5
5CF
330
17
100
AcDbEntity
  8
hatch
100
AcDbLine
 10
52.000000000000014
 20
50.886424202228405
 30
0.0
 11
54.71357579777161
 21
53.599999999999994
 31
0.0
  0
LINE
  5
5D0
330
17
100
AcDbEntity
  8
hatch
100
AcDbLine
 10
52.00000000000002
 20
51.67838379715734
 30
0.0
 11
53.92161620284268
 21
53.599999999999994
 31
0.0
  0
LINE
  5
5D1
330
17
100
AcDbEntity
  8
hatch
100
AcDbLine
 10
52.00000000000001
 20
52.470343392086264
 30
0.0
 11
53.12965660791375
 21
53.6
 31
0.0
  0
LINE
  5
5D2
330
17
100
AcDbEntity
  8
hatch
100
AcDbLine
 10
52.00000000000001
 20
53.262302987015204
 30
0.0
 11
52.33769701298481
 21
53.60000000000001
 31
0.0
  0
LWPOLYLINE
  5
5D3
330
17
100
AcDbEntity
  8
marco-medio
100
AcDbPolyline
 90
4
 70
1
 10
52.000000000000014
 20
43.999999999999986
 10
76.0
 20
43.999999999999986
 10
76.0
 20
53.6
 10
52.000000000000014
 20
53.6
  0
LINE
  5
5D4
330
17
100
AcDbEntity
  8
proyeccion
100
AcDbLine
 10
52.60000000000001
 20
44.60000000000001
 30
0.0
 11
75.4
 21
53.000000000000014
 31
0.0
  0
TEXT
  5
5D5
330
17
100
AcDbEntity
  8
texto
100
AcDbText
 10
63.99999999999999
 20
49.699999999999996
 30
0.0
 40
0.756
  1
DORMITORIOS
 72
1
 11
63.99999999999999
 21
49.699999999999996
 31
0.0
100
AcDbText
  0
TEXT
  5
5D6
330
17
100
AcDbEntity
  8
texto-suave
100
AcDbText
 10
63.99999999999999
 20
47.199999999999996
 30
0.0
 40
0.588
  1
24,0 × 9,6 m
 72
1
 11
63.99999999999999
 21
47.199999999999996
 31
0.0
100
AcDbText
  0
LWPOLYLINE
  5
5D7
330
17
100
AcDbEntity
  8
edificio
100
AcDbPolyline
 90
4
 70
1
 10
12.000000000000009
 20
14.0
 10
34.0
 20
14.0
 10
34.0
 20
30.000000000000004
 10
12.000000000000009
 20
30.000000000000004
  0
LINE
  5
5D8
330
17
100
AcDbEntity
  8
hatch
100
AcDbLine
 10
33.20804040507107
 20
14.0
 30
0.0
 11
34.00000000000001
 21
14.791959594928937
 31
0.0
  0
LINE
  5
5D9
330
17
100
AcDbEntity
  8
hatch
100
AcDbLine
 10
32.41608081014214
 20
14.000000000000004
 30
0.0
 11
34.0
 21
15.583919189857866
 31
0.0
  0
LINE
  5
5DA
330
17
100
AcDbEntity
  8
hatch
100
AcDbLine
 10
31.6241212152132
 20
14.0
 30
0.0
 11
34.0
 21
16.3758787847868
 31
0.0
  0
LINE
  5
5DB
330
17
100
AcDbEntity
  8
hatch
100
AcDbLine
 10
30.832161620284268
 20
14.0
 30
0.0
 11
34.00000000000001
 21
17.167838379715736
 31
0.0
  0
LINE
  5
5DC
330
17
100
AcDbEntity
  8
hatch
100
AcDbLine
 10
30.040202025355335
 20
14.000000000000002
 30
0.0
 11
34.0
 21
17.959797974644665
 31
0.0
  0
LINE
  5
5DD
330
17
100
AcDbEntity
  8
hatch
100
AcDbLine
 10
29.2482424304264
 20
14.000000000000002
 30
0.0
 11
34.0
 21
18.7517575695736
 31
0.0
  0
LINE
  5
5DE
330
17
100
AcDbEntity
  8
hatch
100
AcDbLine
 10
28.45628283549747
 20
14.0
 30
0.0
 11
34.00000000000001
 21
19.543717164502535
 31
0.0
  0
LINE
  5
5DF
330
17
100
AcDbEntity
  8
hatch
100
AcDbLine
 10
27.66432324056853
 20
13.999999999999996
 30
0.0
 11
34.0
 21
20.335676759431465
 31
0.0
  0
LINE
  5
5E0
330
17
100
AcDbEntity
  8
hatch
100
AcDbLine
 10
26.8723636456396
 20
14.000000000000002
 30
0.0
 11
34.0
 21
21.127636354360398
 31
0.0
  0
LINE
  5
5E1
330
17
100
AcDbEntity
  8
hatch
100
AcDbLine
 10
26.08040405071067
 20
14.0
 30
0.0
 11
34.0
 21
21.919595949289327
 31
0.0
  0
LINE
  5
5E2
330
17
100
AcDbEntity
  8
hatch
100
AcDbLine
 10
25.288444455781733
 20
13.999999999999998
 30
0.0
 11
34.0
 21
22.711555544218264
 31
0.0
  0
LINE
  5
5E3
330
17
100
AcDbEntity
  8
hatch
100
AcDbLine
 10
24.4964848608528
 20
14.000000000000002
 30
0.0
 11
34.0
 21
23.503515139147197
 31
0.0
  0
LINE
  5
5E4
330
17
100
AcDbEntity
  8
hatch
100
AcDbLine
 10
23.70452526592387
 20
14.000000000000004
 30
0.0
 11
34.00000000000001
 21
24.295474734076137
 31
0.0
  0
LINE
  5
5E5
330
17
100
AcDbEntity
  8
hatch
100
AcDbLine
 10
22.912565670994933
 20
13.999999999999998
 30
0.0
 11
34.0
 21
25.087434329005063
 31
0.0
  0
LINE
  5
5E6
330
17
100
AcDbEntity
  8
hatch
100
AcDbLine
 10
22.120606076066
 20
14.000000000000002
 30
0.0
 11
34.0
 21
25.879393923933996
 31
0.0
  0
LINE
  5
5E7
330
17
100
AcDbEntity
  8
hatch
100
AcDbLine
 10
21.328646481137067
 20
13.999999999999998
 30
0.0
 11
34.0
 21
26.67135351886293
 31
0.0
  0
LINE
  5
5E8
330
17
100
AcDbEntity
  8
hatch
100
AcDbLine
 10
20.536686886208134
 20
14.0
 30
0.0
 11
34.0
 21
27.463313113791866
 31
0.0
  0
LINE
  5
5E9
330
17
100
AcDbEntity
  8
hatch
100
AcDbLine
 10
19.7447272912792
 20
14.0
 30
0.0
 11
34.0
 21
28.2552727087208
 31
0.0
  0
LINE
  5
5EA
330
17
100
AcDbEntity
  8
hatch
100
AcDbLine
 10
18.952767696350268
 20
14.0
 30
0.0
 11
34.0
 21
29.04723230364973
 31
0.0
  0
LINE
  5
5EB
330
17
100
AcDbEntity
  8
hatch
100
AcDbLine
 10
18.160808101421335
 20
14.0
 30
0.0
 11
34.0
 21
29.839191898578665
 31
0.0
  0
LINE
  5
5EC
330
17
100
AcDbEntity
  8
hatch
100
AcDbLine
 10
17.368848506492398
 20
14.0
 30
0.0
 11
33.368848506492405
 21
30.000000000000004
 31
0.0
  0
LINE
  5
5ED
330
17
100
AcDbEntity
  8
hatch
100
AcDbLine
 10
16.57688891156347
 20
13.999999999999998
 30
0.0
 11
32.57688891156348
 21
30.000000000000007
 31
0.0
  0
LINE
  5
5EE
330
17
100
AcDbEntity
  8
hatch
100
AcDbLine
 10
15.784929316634534
 20
14.0
 30
0.0
 11
31.78492931663454
 21
30.000000000000004
 31
0.0
  0
LINE
  5
5EF
330
17
100
AcDbEntity
  8
hatch
100
AcDbLine
 10
14.9929697217056
 20
14.0
 30
0.0
 11
30.992969721705606
 21
30.000000000000004
 31
0.0
  0
LINE
  5
5F0
330
17
100
AcDbEntity
  8
hatch
100
AcDbLine
 10
14.201010126776666
 20
13.999999999999998
 30
0.0
 11
30.20101012677667
 21
30.0
 31
0.0
  0
LINE
  5
5F1
330
17
100
AcDbEntity
  8
hatch
100
AcDbLine
 10
13.409050531847734
 20
14.0
 30
0.0
 11
29.40905053184774
 21
30.000000000000004
 31
0.0
  0
LINE
  5
5F2
330
17
100
AcDbEntity
  8
hatch
100
AcDbLine
 10
12.617090936918801
 20
14.0
 30
0.0
 11
28.617090936918807
 21
30.000000000000004
 31
0.0
  0
LINE
  5
5F3
330
17
100
AcDbEntity
  8
hatch
100
AcDbLine
 10
12.00000000000001
 20
14.174868658010142
 30
0.0
 11
27.82513134198987
 21
30.0
 31
0.0
  0
LINE
  5
5F4
330
17
100
AcDbEntity
  8
hatch
100
AcDbLine
 10
12.000000000000012
 20
14.966828252939077
 30
0.0
 11
27.03317174706094
 21
30.000000000000004
 31
0.0
  0
LINE
  5
5F5
330
17
100
AcDbEntity
  8
hatch
100
AcDbLine
 10
12.000000000000009
 20
15.758787847868007
 30
0.0
 11
26.241212152132007
 21
30.000000000000004
 31
0.0
  0
LINE
  5
5F6
330
17
100
AcDbEntity
  8
hatch
100
AcDbLine
 10
12.000000000000009
 20
16.550747442796943
 30
0.0
 11
25.44925255720307
 21
30.0
 31
0.0
  0
LINE
  5
5F7
330
17
100
AcDbEntity
  8
hatch
100
AcDbLine
 10
12.000000000000009
 20
17.342707037725873
 30
0.0
 11
24.657292962274138
 21
30.0
 31
0.0
  0
LINE
  5
5F8
330
17
100
AcDbEntity
  8
hatch
100
AcDbLine
 10
12.000000000000009
 20
18.134666632654806
 30
0.0
 11
23.865333367345208
 21
30.000000000000004
 31
0.0
  0
LINE
  5
5F9
330
17
100
AcDbEntity
  8
hatch
100
AcDbLine
 10
12.000000000000009
 20
18.926626227583743
 30
0.0
 11
23.07337377241627
 21
30.0
 31
0.0
  0
LINE
  5
5FA
330
17
100
AcDbEntity
  8
hatch
100
AcDbLine
 10
12.000000000000009
 20
19.718585822512672
 30
0.0
 11
22.28141417748734
 21
30.0
 31
0.0
  0
LINE
  5
5FB
330
17
100
AcDbEntity
  8
hatch
100
AcDbLine
 10
12.000000000000009
 20
20.51054541744161
 30
0.0
 11
21.48945458255841
 21
30.000000000000007
 31
0.0
  0
LINE
  5
5FC
330
17
100
AcDbEntity
  8
hatch
100
AcDbLine
 10
12.00000000000001
 20
21.30250501237054
 30
0.0
 11
20.697494987629472
 21
30.0
 31
0.0
  0
LINE
  5
5FD
330
17
100
AcDbEntity
  8
hatch
100
AcDbLine
 10
12.00000000000001
 20
22.09446460729947
 30
0.0
 11
19.90553539270054
 21
30.0
 31
0.0
  0
LINE
  5
5FE
330
17
100
AcDbEntity
  8
hatch
100
AcDbLine
 10
12.000000000000009
 20
22.886424202228408
 30
0.0
 11
19.113575797771603
 21
30.0
 31
0.0
  0
LINE
  5
5FF
330
17
100
AcDbEntity
  8
hatch
100
AcDbLine
 10
12.00000000000001
 20
23.678383797157338
 30
0.0
 11
18.321616202842673
 21
30.0
 31
0.0
  0
LINE
  5
600
330
17
100
AcDbEntity
  8
hatch
100
AcDbLine
 10
12.000000000000007
 20
24.470343392086267
 30
0.0
 11
17.52965660791374
 21
30.0
 31
0.0
  0
LINE
  5
601
330
17
100
AcDbEntity
  8
hatch
100
AcDbLine
 10
12.000000000000009
 20
25.262302987015207
 30
0.0
 11
16.737697012984803
 21
30.0
 31
0.0
  0
LINE
  5
602
330
17
100
AcDbEntity
  8
hatch
100
AcDbLine
 10
12.000000000000007
 20
26.054262581944137
 30
0.0
 11
15.945737418055874
 21
30.0
 31
0.0
  0
LINE
  5
603
330
17
100
AcDbEntity
  8
hatch
100
AcDbLine
 10
12.000000000000007
 20
26.84622217687307
 30
0.0
 11
15.15377782312694
 21
30.0
 31
0.0
  0
LINE
  5
604
330
17
100
AcDbEntity
  8
hatch
100
AcDbLine
 10
12.000000000000009
 20
27.638181771802007
 30
0.0
 11
14.361818228198002
 21
30.0
 31
0.0
  0
LINE
  5
605
330
17
100
AcDbEntity
  8
hatch
100
AcDbLine
 10
12.000000000000005
 20
28.430141366730936
 30
0.0
 11
13.569858633269073
 21
30.0
 31
0.0
  0
LINE
  5
606
330
17
100
AcDbEntity
  8
hatch
100
AcDbLine
 10
12.000000000000009
 20
29.222100961659873
 30
0.0
 11
12.777899038340136
 21
30.0
 31
0.0
  0
LWPOLYLINE
  5
607
330
17
100
AcDbEntity
  8
marco-medio
100
AcDbPolyline
 90
4
 70
1
 10
12.000000000000009
 20
14.0
 10
34.0
 20
14.0
 10
34.0
 20
30.000000000000004
 10
12.000000000000009
 20
30.000000000000004
  0
LINE
  5
608
330
17
100
AcDbEntity
  8
proyeccion
100
AcDbLine
 10
12.6
 20
14.600000000000007
 30
0.0
 11
33.40000000000001
 21
29.4
 31
0.0
  0
TEXT
  5
609
330
17
100
AcDbEntity
  8
texto
100
AcDbText
 10
22.99999999999999
 20
21.999999999999993
 30
0.0
 40
0.644
  1
COMEDOR Y COCINA
 72
1
 11
22.99999999999999
 21
21.999999999999993
 31
0.0
100
AcDbText
  0
TEXT
  5
60A
330
17
100
AcDbEntity
  8
texto-suave
100
AcDbText
 10
22.99999999999999
 20
19.599999999999998
 30
0.0
 40
0.56
  1
22,0 × 16,0 m
 72
1
 11
22.99999999999999
 21
19.599999999999998
 31
0.0
100
AcDbText
  0
LWPOLYLINE
  5
60B
330
17
100
AcDbEntity
  8
edificio
100
AcDbPolyline
 90
4
 70
1
 10
40.00000000000001
 20
14.0
 10
54.00000000000001
 20
14.0
 10
54.00000000000001
 20
24.0
 10
40.00000000000001
 20
24.0
  0
LINE
  5
60C
330
17
100
AcDbEntity
  8
hatch
100
AcDbLine
 10
53.208040405071074
 20
13.999999999999993
 30
0.0
 11
54.000000000000014
 21
14.791959594928933
 31
0.0
  0
LINE
  5
60D
330
17
100
AcDbEntity
  8
hatch
100
AcDbLine
 10
52.416080810142134
 20
14.0
 30
0.0
 11
54.0
 21
15.583919189857866
 31
0.0
  0
LINE
  5
60E
330
17
100
AcDbEntity
  8
hatch
100
AcDbLine
 10
51.62412121521321
 20
14.0
 30
0.0
 11
54.0
 21
16.3758787847868
 31
0.0
  0
LINE
  5
60F
330
17
100
AcDbEntity
  8
hatch
100
AcDbLine
 10
50.83216162028427
 20
14.0
 30
0.0
 11
54.0
 21
17.167838379715732
 31
0.0
  0
LINE
  5
610
330
17
100
AcDbEntity
  8
hatch
100
AcDbLine
 10
50.04020202535534
 20
14.000000000000004
 30
0.0
 11
54.0
 21
17.959797974644662
 31
0.0
  0
LINE
  5
611
330
17
100
AcDbEntity
  8
hatch
100
AcDbLine
 10
49.24824243042641
 20
13.999999999999996
 30
0.0
 11
54.00000000000001
 21
18.751757569573595
 31
0.0
  0
LINE
  5
612
330
17
100
AcDbEntity
  8
hatch
100
AcDbLine
 10
48.45628283549747
 20
14.0
 30
0.0
 11
54.00000000000001
 21
19.543717164502535
 31
0.0
  0
LINE
  5
613
330
17
100
AcDbEntity
  8
hatch
100
AcDbLine
 10
47.66432324056854
 20
14.000000000000004
 30
0.0
 11
54.00000000000001
 21
20.335676759431465
 31
0.0
  0
LINE
  5
614
330
17
100
AcDbEntity
  8
hatch
100
AcDbLine
 10
46.87236364563961
 20
14.000000000000004
 30
0.0
 11
54.0
 21
21.12763635436039
 31
0.0
  0
LINE
  5
615
330
17
100
AcDbEntity
  8
hatch
100
AcDbLine
 10
46.08040405071067
 20
14.000000000000004
 30
0.0
 11
54.0
 21
21.91959594928933
 31
0.0
  0
LINE
  5
616
330
17
100
AcDbEntity
  8
hatch
100
AcDbLine
 10
45.28844445578174
 20
14.000000000000002
 30
0.0
 11
54.0
 21
22.711555544218257
 31
0.0
  0
LINE
  5
617
330
17
100
AcDbEntity
  8
hatch
100
AcDbLine
 10
44.49648486085282
 20
14.000000000000005
 30
0.0
 11
54.00000000000001
 21
23.503515139147197
 31
0.0
  0
LINE
  5
618
330
17
100
AcDbEntity
  8
hatch
100
AcDbLine
 10
43.70452526592388
 20
14.000000000000004
 30
0.0
 11
53.70452526592387
 21
23.999999999999996
 31
0.0
  0
LINE
  5
619
330
17
100
AcDbEntity
  8
hatch
100
AcDbLine
 10
42.912565670994944
 20
14.000000000000004
 30
0.0
 11
52.912565670994944
 21
24.0
 31
0.0
  0
LINE
  5
61A
330
17
100
AcDbEntity
  8
hatch
100
AcDbLine
 10
42.12060607606601
 20
14.000000000000005
 30
0.0
 11
52.12060607606601
 21
24.0
 31
0.0
  0
LINE
  5
61B
330
17
100
AcDbEntity
  8
hatch
100
AcDbLine
 10
41.32864648113708
 20
14.000000000000004
 30
0.0
 11
51.32864648113708
 21
24.0
 31
0.0
  0
LINE
  5
61C
330
17
100
AcDbEntity
  8
hatch
100
AcDbLine
 10
40.536686886208145
 20
14.000000000000005
 30
0.0
 11
50.53668688620814
 21
24.0
 31
0.0
  0
LINE
  5
61D
330
17
100
AcDbEntity
  8
hatch
100
AcDbLine
 10
40.000000000000014
 20
14.255272708720804
 30
0.0
 11
49.744727291279204
 21
24.0
 31
0.0
  0
LINE
  5
61E
330
17
100
AcDbEntity
  8
hatch
100
AcDbLine
 10
40.00000000000001
 20
15.047232303649732
 30
0.0
 11
48.95276769635027
 21
23.999999999999996
 31
0.0
  0
LINE
  5
61F
330
17
100
AcDbEntity
  8
hatch
100
AcDbLine
 10
40.00000000000001
 20
15.83919189857867
 30
0.0
 11
48.16080810142134
 21
24.0
 31
0.0
  0
LINE
  5
620
330
17
100
AcDbEntity
  8
hatch
100
AcDbLine
 10
40.0
 20
16.631151493507602
 30
0.0
 11
47.368848506492405
 21
24.000000000000007
 31
0.0
  0
LINE
  5
621
330
17
100
AcDbEntity
  8
hatch
100
AcDbLine
 10
40.00000000000001
 20
17.42311108843653
 30
0.0
 11
46.57688891156348
 21
24.000000000000007
 31
0.0
  0
LINE
  5
622
330
17
100
AcDbEntity
  8
hatch
100
AcDbLine
 10
40.00000000000001
 20
18.215070683365468
 30
0.0
 11
45.784929316634546
 21
24.000000000000004
 31
0.0
  0
LINE
  5
623
330
17
100
AcDbEntity
  8
hatch
100
AcDbLine
 10
40.000000000000014
 20
19.0070302782944
 30
0.0
 11
44.992969721705606
 21
24.0
 31
0.0
  0
LINE
  5
624
330
17
100
AcDbEntity
  8
hatch
100
AcDbLine
 10
40.00000000000001
 20
19.798989873223334
 30
0.0
 11
44.20101012677667
 21
24.0
 31
0.0
  0
LINE
  5
625
330
17
100
AcDbEntity
  8
hatch
100
AcDbLine
 10
40.00000000000001
 20
20.590949468152267
 30
0.0
 11
43.40905053184774
 21
24.0
 31
0.0
  0
LINE
  5
626
330
17
100
AcDbEntity
  8
hatch
100
AcDbLine
 10
40.0
 20
21.3829090630812
 30
0.0
 11
42.61709093691881
 21
24.000000000000007
 31
0.0
  0
LINE
  5
627
330
17
100
AcDbEntity
  8
hatch
100
AcDbLine
 10
40.00000000000001
 20
22.174868658010134
 30
0.0
 11
41.825131341989874
 21
24.000000000000007
 31
0.0
  0
LINE
  5
628
330
17
100
AcDbEntity
  8
hatch
100
AcDbLine
 10
40.00000000000001
 20
22.966828252939067
 30
0.0
 11
41.03317174706095
 21
24.000000000000007
 31
0.0
  0
LINE
  5
629
330
17
100
AcDbEntity
  8
hatch
100
AcDbLine
 10
40.000000000000014
 20
23.758787847868
 30
0.0
 11
40.241212152132015
 21
24.0
 31
0.0
  0
LWPOLYLINE
  5
62A
330
17
100
AcDbEntity
  8
marco-medio
100
AcDbPolyline
 90
4
 70
1
 10
40.00000000000001
 20
14.0
 10
54.00000000000001
 20
14.0
 10
54.00000000000001
 20
24.0
 10
40.00000000000001
 20
24.0
  0
LINE
  5
62B
330
17
100
AcDbEntity
  8
proyeccion
100
AcDbLine
 10
40.599999999999994
 20
14.600000000000007
 30
0.0
 11
53.40000000000001
 21
23.399999999999995
 31
0.0
  0
TEXT
  5
62C
330
17
100
AcDbEntity
  8
texto
100
AcDbText
 10
47.00000000000001
 20
19.000000000000007
 30
0.0
 40
0.644
  1
SERVICIOS / SS.HH. Y DEPÓSITO
 72
1
 11
47.00000000000001
 21
19.000000000000007
 31
0.0
100
AcDbText
  0
TEXT
  5
62D
330
17
100
AcDbEntity
  8
texto-suave
100
AcDbText
 10
47.00000000000001
 20
16.599999999999998
 30
0.0
 40
0.56
  1
14,0 × 10,0 m
 72
1
 11
47.00000000000001
 21
16.599999999999998
 31
0.0
100
AcDbText
  0
LWPOLYLINE
  5
62E
330
17
100
AcDbEntity
  8
edificio
100
AcDbPolyline
 90
4
 70
1
 10
57.999999999999986
 20
14.0
 10
68.0
 20
14.0
 10
68.0
 20
21.999999999999993
 10
57.999999999999986
 20
21.999999999999993
  0
LINE
  5
62F
330
17
100
AcDbEntity
  8
hatch
100
AcDbLine
 10
67.20804040507106
 20
14.0
 30
0.0
 11
68.0
 21
14.791959594928933
 31
0.0
  0
LINE
  5
630
330
17
100
AcDbEntity
  8
hatch
100
AcDbLine
 10
66.41608081014213
 20
14.0
 30
0.0
 11
68.0
 21
15.583919189857859
 31
0.0
  0
LINE
  5
631
330
17
100
AcDbEntity
  8
hatch
100
AcDbLine
 10
65.6241212152132
 20
13.999999999999996
 30
0.0
 11
68.0
 21
16.375878784786796
 31
0.0
  0
LINE
  5
632
330
17
100
AcDbEntity
  8
hatch
100
AcDbLine
 10
64.83216162028427
 20
13.999999999999996
 30
0.0
 11
68.0
 21
17.167838379715736
 31
0.0
  0
LINE
  5
633
330
17
100
AcDbEntity
  8
hatch
100
AcDbLine
 10
64.04020202535534
 20
13.999999999999996
 30
0.0
 11
68.0
 21
17.959797974644662
 31
0.0
  0
LINE
  5
634
330
17
100
AcDbEntity
  8
hatch
100
AcDbLine
 10
63.2482424304264
 20
13.999999999999993
 30
0.0
 11
68.0
 21
18.7517575695736
 31
0.0
  0
LINE
  5
635
330
17
100
AcDbEntity
  8
hatch
100
AcDbLine
 10
62.45628283549746
 20
14.0
 30
0.0
 11
68.0
 21
19.54371716450254
 31
0.0
  0
LINE
  5
636
330
17
100
AcDbEntity
  8
hatch
100
AcDbLine
 10
61.66432324056853
 20
13.999999999999996
 30
0.0
 11
68.0
 21
20.335676759431475
 31
0.0
  0
LINE
  5
637
330
17
100
AcDbEntity
  8
hatch
100
AcDbLine
 10
60.8723636456396
 20
13.999999999999996
 30
0.0
 11
68.0
 21
21.1276363543604
 31
0.0
  0
LINE
  5
638
330
17
100
AcDbEntity
  8
hatch
100
AcDbLine
 10
60.08040405071066
 20
13.999999999999996
 30
0.0
 11
68.0
 21
21.919595949289334
 31
0.0
  0
LINE
  5
639
330
17
100
AcDbEntity
  8
hatch
100
AcDbLine
 10
59.288444455781736
 20
13.999999999999996
 30
0.0
 11
67.28844445578173
 21
21.999999999999996
 31
0.0
  0
LINE
  5
63A
330
17
100
AcDbEntity
  8
hatch
100
AcDbLine
 10
58.4964848608528
 20
13.999999999999993
 30
0.0
 11
66.4964848608528
 21
21.999999999999993
 31
0.0
  0
LINE
  5
63B
330
17
100
AcDbEntity
  8
hatch
100
AcDbLine
 10
57.99999999999997
 20
14.295474734076109
 30
0.0
 11
65.70452526592386
 21
22.0
 31
0.0
  0
LINE
  5
63C
330
17
100
AcDbEntity
  8
hatch
100
AcDbLine
 10
57.99999999999998
 20
15.087434329005045
 30
0.0
 11
64.91256567099492
 21
22.000000000000004
 31
0.0
  0
LINE
  5
63D
330
17
100
AcDbEntity
  8
hatch
100
AcDbLine
 10
57.99999999999998
 20
15.879393923933971
 30
0.0
 11
64.120606076066
 21
21.999999999999996
 31
0.0
  0
LINE
  5
63E
330
17
100
AcDbEntity
  8
hatch
100
AcDbLine
 10
57.99999999999998
 20
16.67135351886291
 30
0.0
 11
63.32864648113706
 21
21.999999999999996
 31
0.0
  0
LINE
  5
63F
330
17
100
AcDbEntity
  8
hatch
100
AcDbLine
 10
57.99999999999997
 20
17.46331311379185
 30
0.0
 11
62.53668688620813
 21
21.999999999999993
 31
0.0
  0
LINE
  5
640
330
17
100
AcDbEntity
  8
hatch
100
AcDbLine
 10
57.99999999999998
 20
18.255272708720778
 30
0.0
 11
61.7447272912792
 21
21.999999999999996
 31
0.0
  0
LINE
  5
641
330
17
100
AcDbEntity
  8
hatch
100
AcDbLine
 10
57.999999999999986
 20
19.047232303649714
 30
0.0
 11
60.952767696350264
 21
22.0
 31
0.0
  0
LINE
  5
642
330
17
100
AcDbEntity
  8
hatch
100
AcDbLine
 10
57.999999999999986
 20
19.83919189857865
 30
0.0
 11
60.16080810142133
 21
21.999999999999996
 31
0.0
  0
LINE
  5
643
330
17
100
AcDbEntity
  8
hatch
100
AcDbLine
 10
57.999999999999986
 20
20.63115149350758
 30
0.0
 11
59.3688485064924
 21
22.0
 31
0.0
  0
LINE
  5
644
330
17
100
AcDbEntity
  8
hatch
100
AcDbLine
 10
57.99999999999998
 20
21.423111088436517
 30
0.0
 11
58.576888911563465
 21
21.999999999999996
 31
0.0
  0
LWPOLYLINE
  5
645
330
17
100
AcDbEntity
  8
marco-medio
100
AcDbPolyline
 90
4
 70
1
 10
57.999999999999986
 20
14.0
 10
68.0
 20
14.0
 10
68.0
 20
21.999999999999993
 10
57.999999999999986
 20
21.999999999999993
  0
LINE
  5
646
330
17
100
AcDbEntity
  8
proyeccion
100
AcDbLine
 10
58.60000000000001
 20
14.600000000000007
 30
0.0
 11
67.40000000000002
 21
21.400000000000002
 31
0.0
  0
TEXT
  5
647
330
17
100
AcDbEntity
  8
texto
100
AcDbText
 10
63.0
 20
17.999999999999996
 30
0.0
 40
0.644
  1
CISTERNA Y CUARTO DE MÁQUINAS
 72
1
 11
63.0
 21
17.999999999999996
 31
0.0
100
AcDbText
  0
TEXT
  5
648
330
17
100
AcDbEntity
  8
texto-suave
100
AcDbText
 10
63.0
 20
15.600000000000001
 30
0.0
 40
0.56
  1
10,0 × 8,0 m
 72
1
 11
63.0
 21
15.600000000000001
 31
0.0
100
AcDbText
  0
LWPOLYLINE
  5
649
330
17
100
AcDbEntity
  8
edificio
100
AcDbPolyline
 90
4
 70
1
 10
43.999999999999986
 20
2.0000000000000067
 10
52.000000000000014
 20
2.0000000000000067
 10
52.000000000000014
 20
7.999999999999995
 10
43.999999999999986
 20
7.999999999999995
  0
LINE
  5
64A
330
17
100
AcDbEntity
  8
hatch
100
AcDbLine
 10
51.208040405071074
 20
2.000000000000007
 30
0.0
 11
52.000000000000014
 21
2.7919595949289437
 31
0.0
  0
LINE
  5
64B
330
17
100
AcDbEntity
  8
hatch
100
AcDbLine
 10
50.41608081014215
 20
2.000000000000007
 30
0.0
 11
52.000000000000014
 21
3.5839191898578697
 31
0.0
  0
LINE
  5
64C
330
17
100
AcDbEntity
  8
hatch
100
AcDbLine
 10
49.624121215213215
 20
2.000000000000007
 30
0.0
 11
52.000000000000014
 21
4.375878784786806
 31
0.0
  0
LINE
  5
64D
330
17
100
AcDbEntity
  8
hatch
100
AcDbLine
 10
48.832161620284275
 20
2.000000000000007
 30
0.0
 11
52.000000000000014
 21
5.167838379715743
 31
0.0
  0
LINE
  5
64E
330
17
100
AcDbEntity
  8
hatch
100
AcDbLine
 10
48.04020202535535
 20
2.000000000000007
 30
0.0
 11
52.000000000000014
 21
5.959797974644669
 31
0.0
  0
LINE
  5
64F
330
17
100
AcDbEntity
  8
hatch
100
AcDbLine
 10
47.248242430426416
 20
2.000000000000007
 30
0.0
 11
52.000000000000014
 21
6.751757569573606
 31
0.0
  0
LINE
  5
650
330
17
100
AcDbEntity
  8
hatch
100
AcDbLine
 10
46.456282835497476
 20
2.000000000000007
 30
0.0
 11
52.000000000000014
 21
7.543717164502542
 31
0.0
  0
LINE
  5
651
330
17
100
AcDbEntity
  8
hatch
100
AcDbLine
 10
45.66432324056855
 20
2.0000000000000107
 30
0.0
 11
51.664323240568535
 21
7.999999999999993
 31
0.0
  0
LINE
  5
652
330
17
100
AcDbEntity
  8
hatch
100
AcDbLine
 10
44.872363645639616
 20
2.000000000000007
 30
0.0
 11
50.87236364563961
 21
7.999999999999993
 31
0.0
  0
LINE
  5
653
330
17
100
AcDbEntity
  8
hatch
100
AcDbLine
 10
44.080404050710676
 20
2.000000000000007
 30
0.0
 11
50.08040405071067
 21
7.9999999999999964
 31
0.0
  0
LINE
  5
654
330
17
100
AcDbEntity
  8
hatch
100
AcDbLine
 10
43.999999999999986
 20
2.711555544218246
 30
0.0
 11
49.28844445578173
 21
7.999999999999993
 31
0.0
  0
LINE
  5
655
330
17
100
AcDbEntity
  8
hatch
100
AcDbLine
 10
43.999999999999986
 20
3.5035151391471793
 30
0.0
 11
48.4964848608528
 21
7.999999999999993
 31
0.0
  0
LINE
  5
656
330
17
100
AcDbEntity
  8
hatch
100
AcDbLine
 10
43.999999999999986
 20
4.295474734076116
 30
0.0
 11
47.70452526592386
 21
7.999999999999989
 31
0.0
  0
LINE
  5
657
330
17
100
AcDbEntity
  8
hatch
100
AcDbLine
 10
43.999999999999986
 20
5.087434329005045
 30
0.0
 11
46.91256567099494
 21
7.999999999999993
 31
0.0
  0
LINE
  5
658
330
17
100
AcDbEntity
  8
hatch
100
AcDbLine
 10
43.999999999999986
 20
5.879393923933971
 30
0.0
 11
46.120606076066
 21
7.999999999999989
 31
0.0
  0
LINE
  5
659
330
17
100
AcDbEntity
  8
hatch
100
AcDbLine
 10
43.999999999999986
 20
6.671353518862912
 30
0.0
 11
45.32864648113706
 21
7.999999999999989
 31
0.0
  0
LINE
  5
65A
330
17
100
AcDbEntity
  8
hatch
100
AcDbLine
 10
43.999999999999986
 20
7.463313113791845
 30
0.0
 11
44.53668688620813
 21
7.999999999999989
 31
0.0
  0
LWPOLYLINE
  5
65B
330
17
100
AcDbEntity
  8
marco-medio
100
AcDbPolyline
 90
4
 70
1
 10
43.999999999999986
 20
2.0000000000000067
 10
52.000000000000014
 20
2.0000000000000067
 10
52.000000000000014
 20
7.999999999999995
 10
43.999999999999986
 20
7.999999999999995
  0
LINE
  5
65C
330
17
100
AcDbEntity
  8
proyeccion
100
AcDbLine
 10
44.60000000000001
 20
2.5999999999999974
 30
0.0
 11
51.39999999999999
 21
7.400000000000004
 31
0.0
  0
TEXT
  5
65D
330
17
100
AcDbEntity
  8
texto
100
AcDbText
 10
48.0
 20
4.999999999999993
 30
0.0
 40
0.644
  1
PORTERÍA / CONTROL
 72
1
 11
48.0
 21
4.999999999999993
 31
0.0
100
AcDbText
  0
TEXT
  5
65E
330
17
100
AcDbEntity
  8
texto-suave
100
AcDbText
 10
48.0
 20
2.5999999999999974
 30
0.0
 40
0.56
  1
8,0 × 6,0 m
 72
1
 11
48.0
 21
2.5999999999999974
 31
0.0
100
AcDbText
  0
TEXT
  5
65F
330
17
100
AcDbEntity
  8
texto
100
AcDbText
 10
4.999999999999993
 20
84.0
 30
0.0
 40
0.728
  1
ZONA EDUCATIVA
100
AcDbText
  0
TEXT
  5
660
330
17
100
AcDbEntity
  8
texto-suave
100
AcDbText
 10
4.999999999999993
 20
81.0
 30
0.0
 40
0.616
  1
TERRENO: 10 000 m²  ·  100,00 × 100,00 m
100
AcDbText
  0
LINE
  5
661
330
17
100
AcDbEntity
  8
cota
100
AcDbLine
 10
21.5
 20
-23.575000000000003
 30
0.0
 11
21.5
 21
-22.875
 31
0.0
  0
LINE
  5
662
330
17
100
AcDbEntity
  8
cota
100
AcDbLine
 10
39.35714285714286
 20
-23.575000000000003
 30
0.0
 11
39.35714285714286
 21
-22.875
 31
0.0
  0
LINE
  5
663
330
17
100
AcDbEntity
  8
cota
100
AcDbLine
 10
21.5
 20
-22.8
 30
0.0
 11
39.35714285714286
 21
-22.8
 31
0.0
  0
LINE
  5
664
330
17
100
AcDbEntity
  8
cota
100
AcDbLine
 10
21.425
 20
-22.875
 30
0.0
 11
21.575000000000003
 21
-22.725
 31
0.0
  0
LINE
  5
665
330
17
100
AcDbEntity
  8
cota
100
AcDbLine
 10
39.28214285714286
 20
-22.875
 30
0.0
 11
39.43214285714286
 21
-22.725
 31
0.0
  0
TEXT
  5
666
330
17
100
AcDbEntity
  8
cota-texto
100
AcDbText
 10
30.42857142857143
 20
-22.745
 30
0.0
 40
0.15
  1
100,00 m
 72
1
 11
30.42857142857143
 21
-22.745
 31
0.0
100
AcDbText
  0
LINE
  5
667
330
17
100
AcDbEntity
  8
cota
100
AcDbLine
 10
21.425
 20
-23.5
 30
0.0
 11
20.725
 21
-23.5
 31
0.0
  0
LINE
  5
668
330
17
100
AcDbEntity
  8
cota
100
AcDbLine
 10
21.425
 20
-5.642857142857142
 30
0.0
 11
20.725
 21
-5.642857142857142
 31
0.0
  0
LINE
  5
669
330
17
100
AcDbEntity
  8
cota
100
AcDbLine
 10
20.8
 20
-23.5
 30
0.0
 11
20.8
 21
-5.642857142857142
 31
0.0
  0
LINE
  5
66A
330
17
100
AcDbEntity
  8
cota
100
AcDbLine
 10
20.725
 20
-23.425
 30
0.0
 11
20.875
 21
-23.575000000000003
 31
0.0
  0
LINE
  5
66B
330
17
100
AcDbEntity
  8
cota
100
AcDbLine
 10
20.725
 20
-5.567857142857142
 30
0.0
 11
20.875
 21
-5.717857142857142
 31
0.0
  0
TEXT
  5
66C
330
17
100
AcDbEntity
  8
cota-texto
100
AcDbText
 10
20.745
 20
-14.571428571428573
 30
0.0
 40
0.15
  1
100,00 m
 50
90.0
 72
1
 11
20.745
 21
-14.571428571428573
 31
0.0
100
AcDbText
  0
LINE
  5
66D
330
17
100
AcDbEntity
  8
cota
100
AcDbLine
 10
30.785714285714292
 20
-14.003571428571428
 30
0.0
 11
30.785714285714292
 21
-14.403571428571428
 31
0.0
  0
LINE
  5
66E
330
17
100
AcDbEntity
  8
cota
100
AcDbLine
 10
35.07142857142858
 20
-14.003571428571428
 30
0.0
 11
35.07142857142858
 21
-14.403571428571428
 31
0.0
  0
LINE
  5
66F
330
17
100
AcDbEntity
  8
cota
100
AcDbLine
 10
30.785714285714292
 20
-14.32857142857143
 30
0.0
 11
35.07142857142858
 21
-14.32857142857143
 31
0.0
  0
LINE
  5
670
330
17
100
AcDbEntity
  8
cota
100
AcDbLine
 10
30.71071428571429
 20
-14.403571428571428
 30
0.0
 11
30.86071428571429
 21
-14.253571428571428
 31
0.0
  0
LINE
  5
671
330
17
100
AcDbEntity
  8
cota
100
AcDbLine
 10
34.996428571428574
 20
-14.403571428571428
 30
0.0
 11
35.14642857142857
 21
-14.253571428571428
 31
0.0
  0
TEXT
  5
672
330
17
100
AcDbEntity
  8
cota-texto
100
AcDbText
 10
32.92857142857144
 20
-14.273571428571428
 30
0.0
 40
0.12
  1
24,00
 72
1
 11
32.92857142857144
 21
-14.273571428571428
 31
0.0
100
AcDbText
  0
LINE
  5
673
330
17
100
AcDbEntity
  8
cota
100
AcDbLine
 10
34.996428571428574
 20
-15.642857142857146
 30
0.0
 11
35.39642857142857
 21
-15.642857142857146
 31
0.0
  0
LINE
  5
674
330
17
100
AcDbEntity
  8
cota
100
AcDbLine
 10
34.996428571428574
 20
-13.928571428571429
 30
0.0
 11
35.39642857142857
 21
-13.928571428571429
 31
0.0
  0
LINE
  5
675
330
17
100
AcDbEntity
  8
cota
100
AcDbLine
 10
35.471428571428575
 20
-15.642857142857146
 30
0.0
 11
35.471428571428575
 21
-13.928571428571429
 31
0.0
  0
LINE
  5
676
330
17
100
AcDbEntity
  8
cota
100
AcDbLine
 10
35.39642857142857
 20
-15.567857142857145
 30
0.0
 11
35.54642857142857
 21
-15.717857142857145
 31
0.0
  0
LINE
  5
677
330
17
100
AcDbEntity
  8
cota
100
AcDbLine
 10
35.39642857142857
 20
-13.853571428571428
 30
0.0
 11
35.54642857142857
 21
-14.003571428571428
 31
0.0
  0
TEXT
  5
678
330
17
100
AcDbEntity
  8
cota-texto
100
AcDbText
 10
35.416428571428575
 20
-14.785714285714286
 30
0.0
 40
0.12
  1
9,60
 50
90.0
 72
1
 11
35.416428571428575
 21
-14.785714285714286
 31
0.0
100
AcDbText
  0
LINE
  5
679
330
17
100
AcDbEntity
  8
cota
100
AcDbLine
 10
21.246428571428574
 20
-23.5
 30
0.0
 11
21.546428571428574
 21
-23.5
 31
0.0
  0
LINE
  5
67A
330
17
100
AcDbEntity
  8
cota
100
AcDbLine
 10
21.246428571428574
 20
-22.42857142857143
 30
0.0
 11
21.546428571428574
 21
-22.42857142857143
 31
0.0
  0
LINE
  5
67B
330
17
100
AcDbEntity
  8
cota
100
AcDbLine
 10
21.621428571428574
 20
-23.5
 30
0.0
 11
21.621428571428574
 21
-22.42857142857143
 31
0.0
  0
LINE
  5
67C
330
17
100
AcDbEntity
  8
cota
100
AcDbLine
 10
21.546428571428574
 20
-23.425
 30
0.0
 11
21.696428571428573
 21
-23.575000000000003
 31
0.0
  0
LINE
  5
67D
330
17
100
AcDbEntity
  8
cota
100
AcDbLine
 10
21.546428571428574
 20
-22.353571428571428
 30
0.0
 11
21.696428571428573
 21
-22.50357142857143
 31
0.0
  0
TEXT
  5
67E
330
17
100
AcDbEntity
  8
cota-texto
100
AcDbText
 10
21.566428571428574
 20
-22.964285714285715
 30
0.0
 40
0.11000000000000001
  1
6,00
 50
90.0
 72
1
 11
21.566428571428574
 21
-22.964285714285715
 31
0.0
100
AcDbText
  0
TEXT
  5
67F
330
17
100
AcDbEntity
  8
texto
100
AcDbText
 10
20.6
 20
-5.4
 30
0.0
 40
0.18
  1
PLANTA DE SITUACIÓN  ·  CONJUNTO
100
AcDbText
  0
LINE
  5
680
330
17
100
AcDbEntity
  8
marco-medio
100
AcDbLine
 10
20.6
 20
-5.53
 30
0.0
 11
32.1
 21
-5.53
 31
0.0
  0
TEXT
  5
681
330
17
100
AcDbEntity
  8
texto-suave
100
AcDbText
 10
32.1
 20
-5.4
 30
0.0
 40
0.11000000000000001
  1
E 1:280
 72
2
100
AcDbText
  0
TEXT
  5
682
330
17
100
AcDbEntity
  8
texto-suave
100
AcDbText
 10
20.6
 20
-5.68
 30
0.0
 40
0.1
  1
Ubicación del Bloque Dormitorios (D) dentro del predio
100
AcDbText
  0
TEXT
  5
683
330
17
100
AcDbEntity
  8
texto-suave
100
AcDbText
 10
20.6
 20
-24.85
 30
0.0
 40
0.1
  1
Escala 1:280  ·  predio de 100,00 × 100,00 m
100
AcDbText
  0
CIRCLE
  5
684
330
17
100
AcDbEntity
  8
marco-medio
100
AcDbCircle
 10
39.5
 20
-5.0
 30
0.0
 40
0.75
  0
LWPOLYLINE
  5
685
330
17
100
AcDbEntity
  8
marco-medio
100
AcDbPolyline
 90
3
 70
1
 10
39.5
 20
-4.415
 10
39.30500000000001
 20
-5.2250000000000005
 10
39.5
 20
-5.075
  0
LINE
  5
686
330
17
100
AcDbEntity
  8
hatch
100
AcDbLine
 10
39.335572625148416
 20
-5.098006018614267
 30
0.0
 11
39.5
 21
-4.9335786437626865
 31
0.0
  0
LINE
  5
687
330
17
100
AcDbEntity
  8
hatch
100
AcDbLine
 10
39.38041354297977
 20
-4.911743744545621
 30
0.0
 11
39.5
 21
-4.792157287525384
 31
0.0
  0
LINE
  5
688
330
17
100
AcDbEntity
  8
hatch
100
AcDbLine
 10
39.425254460811104
 20
-4.725481470476968
 30
0.0
 11
39.5
 21
-4.650735931288068
 31
0.0
  0
LINE
  5
689
330
17
100
AcDbEntity
  8
hatch
100
AcDbLine
 10
39.47009537864244
 20
-4.539219196408322
 30
0.0
 11
39.5
 21
-4.509314575050766
 31
0.0
  0
LWPOLYLINE
  5
68A
330
17
100
AcDbEntity
  8
marco-medio
100
AcDbPolyline
 90
3
 70
1
 10
39.5
 20
-4.415
 10
39.695
 20
-5.2250000000000005
 10
39.5
 20
-5.075
  0
LINE
  5
68B
330
17
100
AcDbEntity
  8
marco-fino
100
AcDbLine
 10
39.5
 20
-4.0625
 30
0.0
 11
39.5
 21
-5.4125000000000005
 31
0.0
  0
TEXT
  5
68C
330
17
100
AcDbEntity
  8
texto
100
AcDbText
 10
39.5
 20
-3.8375000000000004
 30
0.0
 40
0.17
  1
N
 72
1
 11
39.5
 21
-3.8375000000000004
 31
0.0
100
AcDbText
  0
TEXT
  5
68D
330
17
100
AcDbEntity
  8
texto
100
AcDbText
 10
20.6
 20
-3.0
 30
0.0
 40
0.12
  1
NOTAS DE AZOTEA E INSTALACIONES
100
AcDbText
  0
LINE
  5
68E
330
17
100
AcDbEntity
  8
marco-medio
100
AcDbLine
 10
20.6
 20
-3.1100000000000003
 30
0.0
 11
32.1
 21
-3.1100000000000003
 31
0.0
  0
TEXT
  5
68F
330
17
100
AcDbEntity
  8
texto
100
AcDbText
 10
20.6
 20
-3.3000000000000003
 30
0.0
 40
0.0925
  1
• Losa aligerada con pendiente 2 % hacia sumideros de 2".
100
AcDbText
  0
TEXT
  5
690
330
17
100
AcDbEntity
  8
texto
100
AcDbText
 10
20.6
 20
-3.465
 30
0.0
 40
0.0925
  1
• Caseta de escalera N.P.T. +9,45 con altura libre de 2,20 m.
100
AcDbText
  0
TEXT
  5
691
330
17
100
AcDbEntity
  8
texto
100
AcDbText
 10
20.6
 20
-3.63
 30
0.0
 40
0.0925
  1
• Tanque elevado de 2 × 1 100 L sobre la losa de azotea.
100
AcDbText
  0
TEXT
  5
692
330
17
100
AcDbEntity
  8
texto
100
AcDbText
 10
20.6
 20
-3.795
 30
0.0
 40
0.0925
  1
• Bajantes pluviales: 4 unidades en las esquinas.
100
AcDbText
  0
TEXT
  5
693
330
17
100
AcDbEntity
  8
texto
100
AcDbText
 10
20.6
 20
-3.9599999999999995
 30
0.0
 40
0.0925
  1
• Ductos de ventilación de SS.HH. sobresalen de la azotea.
100
AcDbText
  0
LWPOLYLINE
  5
694
330
17
100
AcDbEntity
  8
marco-fino
100
AcDbPolyline
 90
4
 70
1
 10
32.7
 20
-1.0
 10
41.0
 20
-1.0
 10
41.0
 20
-1.26
 10
32.7
 20
-1.26
  0
LWPOLYLINE
  5
695
330
17
100
AcDbEntity
  8
sombra
100
AcDbPolyline
 90
4
 70
1
 10
32.7
 20
-1.0
 10
41.0
 20
-1.0
 10
41.0
 20
-1.26
 10
32.7
 20
-1.26
  0
LINE
  5
696
330
17
100
AcDbEntity
  8
hatch
100
AcDbLine
 10
40.858578643762684
 20
-1.2599999999999945
 30
0.0
 11
41.0
 21
-1.1185786437626852
 31
0.0
  0
LINE
  5
697
330
17
100
AcDbEntity
  8
hatch
100
AcDbLine
 10
40.71715728752538
 20
-1.259999999999998
 30
0.0
 11
40.97715728752539
 21
-0.9999999999999964
 31
0.0
  0
LINE
  5
698
330
17
100
AcDbEntity
  8
hatch
100
AcDbLine
 10
40.57573593128807
 20
-1.2599999999999945
 30
0.0
 11
40.83573593128807
 21
-0.9999999999999929
 31
0.0
  0
LINE
  5
699
330
17
100
AcDbEntity
  8
hatch
100
AcDbLine
 10
40.43431457505076
 20
-1.259999999999998
 30
0.0
 11
40.69431457505077
 21
-0.9999999999999964
 31
0.0
  0
LINE
  5
69A
330
17
100
AcDbEntity
  8
hatch
100
AcDbLine
 10
40.292893218813454
 20
-1.2599999999999945
 30
0.0
 11
40.55289321881345
 21
-0.9999999999999929
 31
0.0
  0
LINE
  5
69B
330
17
100
AcDbEntity
  8
hatch
100
AcDbLine
 10
40.15147186257614
 20
-1.2599999999999945
 30
0.0
 11
40.411471862576136
 21
-0.9999999999999964
 31
0.0
  0
LINE
  5
69C
330
17
100
AcDbEntity
  8
hatch
100
AcDbLine
 10
40.010050506338835
 20
-1.259999999999998
 30
0.0
 11
40.27005050633883
 21
-0.9999999999999964
 31
0.0
  0
LINE
  5
69D
330
17
100
AcDbEntity
  8
hatch
100
AcDbLine
 10
39.86862915010152
 20
-1.2599999999999945
 30
0.0
 11
40.12862915010152
 21
-0.9999999999999964
 31
0.0
  0
LINE
  5
69E
330
17
100
AcDbEntity
  8
hatch
100
AcDbLine
 10
39.72720779386422
 20
-1.259999999999998
 30
0.0
 11
39.987207793864215
 21
-0.9999999999999964
 31
0.0
  0
LINE
  5
69F
330
17
100
AcDbEntity
  8
hatch
100
AcDbLine
 10
39.58578643762691
 20
-1.2599999999999945
 30
0.0
 11
39.8457864376269
 21
-0.9999999999999964
 31
0.0
  0
LINE
  5
6A0
330
17
100
AcDbEntity
  8
hatch
100
AcDbLine
 10
39.44436508138959
 20
-1.259999999999998
 30
0.0
 11
39.7043650813896
 21
-0.9999999999999964
 31
0.0
  0
LINE
  5
6A1
330
17
100
AcDbEntity
  8
hatch
100
AcDbLine
 10
39.30294372515229
 20
-1.2599999999999945
 30
0.0
 11
39.56294372515228
 21
-0.9999999999999964
 31
0.0
  0
LINE
  5
6A2
330
17
100
AcDbEntity
  8
hatch
100
AcDbLine
 10
39.16152236891497
 20
-1.259999999999998
 30
0.0
 11
39.42152236891498
 21
-0.9999999999999964
 31
0.0
  0
LINE
  5
6A3
330
17
100
AcDbEntity
  8
hatch
100
AcDbLine
 10
39.02010101267767
 20
-1.2599999999999945
 30
0.0
 11
39.28010101267767
 21
-0.9999999999999929
 31
0.0
  0
LINE
  5
6A4
330
17
100
AcDbEntity
  8
hatch
100
AcDbLine
 10
38.878679656440355
 20
-1.2599999999999945
 30
0.0
 11
39.13867965644036
 21
-0.9999999999999964
 31
0.0
  0
LINE
  5
6A5
330
17
100
AcDbEntity
  8
hatch
100
AcDbLine
 10
38.737258300203045
 20
-1.259999999999998
 30
0.0
 11
38.99725830020304
 21
-0.9999999999999964
 31
0.0
  0
LINE
  5
6A6
330
17
100
AcDbEntity
  8
hatch
100
AcDbLine
 10
38.595836943965736
 20
-1.2599999999999945
 30
0.0
 11
38.85583694396574
 21
-0.9999999999999964
 31
0.0
  0
LINE
  5
6A7
330
17
100
AcDbEntity
  8
hatch
100
AcDbLine
 10
38.45441558772843
 20
-1.259999999999998
 30
0.0
 11
38.714415587728425
 21
-0.9999999999999964
 31
0.0
  0
LINE
  5
6A8
330
17
100
AcDbEntity
  8
hatch
100
AcDbLine
 10
38.31299423149112
 20
-1.2599999999999945
 30
0.0
 11
38.57299423149112
 21
-0.9999999999999964
 31
0.0
  0
LINE
  5
6A9
330
17
100
AcDbEntity
  8
hatch
100
AcDbLine
 10
38.17157287525381
 20
-1.259999999999998
 30
0.0
 11
38.431572875253806
 21
-0.9999999999999964
 31
0.0
  0
LINE
  5
6AA
330
17
100
AcDbEntity
  8
hatch
100
AcDbLine
 10
38.0301515190165
 20
-1.259999999999998
 30
0.0
 11
38.290151519016504
 21
-0.9999999999999964
 31
0.0
  0
LINE
  5
6AB
330
17
100
AcDbEntity
  8
hatch
100
AcDbLine
 10
37.88873016277919
 20
-1.259999999999998
 30
0.0
 11
38.14873016277919
 21
-0.9999999999999964
 31
0.0
  0
LINE
  5
6AC
330
17
100
AcDbEntity
  8
hatch
100
AcDbLine
 10
37.74730880654188
 20
-1.259999999999998
 30
0.0
 11
38.007308806541886
 21
-0.9999999999999964
 31
0.0
  0
LINE
  5
6AD
330
17
100
AcDbEntity
  8
hatch
100
AcDbLine
 10
37.605887450304564
 20
-1.2599999999999945
 30
0.0
 11
37.86588745030457
 21
-0.9999999999999964
 31
0.0
  0
LINE
  5
6AE
330
17
100
AcDbEntity
  8
hatch
100
AcDbLine
 10
37.46446609406726
 20
-1.259999999999998
 30
0.0
 11
37.72446609406727
 21
-0.9999999999999964
 31
0.0
  0
LINE
  5
6AF
330
17
100
AcDbEntity
  8
hatch
100
AcDbLine
 10
37.323044737829946
 20
-1.259999999999998
 30
0.0
 11
37.58304473782995
 21
-0.9999999999999929
 31
0.0
  0
LINE
  5
6B0
330
17
100
AcDbEntity
  8
hatch
100
AcDbLine
 10
37.181623381592644
 20
-1.259999999999998
 30
0.0
 11
37.44162338159265
 21
-0.9999999999999964
 31
0.0
  0
LINE
  5
6B1
330
17
100
AcDbEntity
  8
hatch
100
AcDbLine
 10
37.040202025355335
 20
-1.2599999999999945
 30
0.0
 11
37.30020202535533
 21
-0.9999999999999929
 31
0.0
  0
LINE
  5
6B2
330
17
100
AcDbEntity
  8
hatch
100
AcDbLine
 10
36.89878066911802
 20
-1.2599999999999945
 30
0.0
 11
37.158780669118016
 21
-0.9999999999999964
 31
0.0
  0
LINE
  5
6B3
330
17
100
AcDbEntity
  8
hatch
100
AcDbLine
 10
36.75735931288071
 20
-1.259999999999998
 30
0.0
 11
37.017359312880714
 21
-0.9999999999999964
 31
0.0
  0
LINE
  5
6B4
330
17
100
AcDbEntity
  8
hatch
100
AcDbLine
 10
36.6159379566434
 20
-1.259999999999998
 30
0.0
 11
36.8759379566434
 21
-0.9999999999999964
 31
0.0
  0
LINE
  5
6B5
330
17
100
AcDbEntity
  8
hatch
100
AcDbLine
 10
36.4745166004061
 20
-1.259999999999998
 30
0.0
 11
36.734516600406096
 21
-0.9999999999999964
 31
0.0
  0
LINE
  5
6B6
330
17
100
AcDbEntity
  8
hatch
100
AcDbLine
 10
36.33309524416878
 20
-1.259999999999998
 30
0.0
 11
36.59309524416878
 21
-0.9999999999999964
 31
0.0
  0
LINE
  5
6B7
330
17
100
AcDbEntity
  8
hatch
100
AcDbLine
 10
36.19167388793147
 20
-1.259999999999998
 30
0.0
 11
36.45167388793148
 21
-0.9999999999999964
 31
0.0
  0
LINE
  5
6B8
330
17
100
AcDbEntity
  8
hatch
100
AcDbLine
 10
36.05025253169416
 20
-1.259999999999998
 30
0.0
 11
36.31025253169416
 21
-0.9999999999999964
 31
0.0
  0
LINE
  5
6B9
330
17
100
AcDbEntity
  8
hatch
100
AcDbLine
 10
35.908831175456854
 20
-1.259999999999998
 30
0.0
 11
36.16883117545685
 21
-1.0
 31
0.0
  0
LINE
  5
6BA
330
17
100
AcDbEntity
  8
hatch
100
AcDbLine
 10
35.76740981921955
 20
-1.259999999999998
 30
0.0
 11
36.02740981921955
 21
-0.9999999999999964
 31
0.0
  0
LINE
  5
6BB
330
17
100
AcDbEntity
  8
hatch
100
AcDbLine
 10
35.625988462982235
 20
-1.259999999999998
 30
0.0
 11
35.88598846298223
 21
-1.0
 31
0.0
  0
LINE
  5
6BC
330
17
100
AcDbEntity
  8
hatch
100
AcDbLine
 10
35.48456710674492
 20
-1.2600000000000016
 30
0.0
 11
35.744567106744924
 21
-1.0
 31
0.0
  0
LINE
  5
6BD
330
17
100
AcDbEntity
  8
hatch
100
AcDbLine
 10
35.34314575050762
 20
-1.259999999999998
 30
0.0
 11
35.603145750507615
 21
-0.9999999999999964
 31
0.0
  0
LINE
  5
6BE
330
17
100
AcDbEntity
  8
hatch
100
AcDbLine
 10
35.2017243942703
 20
-1.259999999999998
 30
0.0
 11
35.461724394270306
 21
-1.0
 31
0.0
  0
LINE
  5
6BF
330
17
100
AcDbEntity
  8
hatch
100
AcDbLine
 10
35.060303038033
 20
-1.259999999999998
 30
0.0
 11
35.320303038032996
 21
-0.9999999999999964
 31
0.0
  0
LINE
  5
6C0
330
17
100
AcDbEntity
  8
hatch
100
AcDbLine
 10
34.91888168179568
 20
-1.259999999999998
 30
0.0
 11
35.17888168179569
 21
-1.0
 31
0.0
  0
LINE
  5
6C1
330
17
100
AcDbEntity
  8
hatch
100
AcDbLine
 10
34.77746032555838
 20
-1.259999999999998
 30
0.0
 11
35.03746032555838
 21
-0.9999999999999964
 31
0.0
  0
LINE
  5
6C2
330
17
100
AcDbEntity
  8
hatch
100
AcDbLine
 10
34.63603896932106
 20
-1.259999999999998
 30
0.0
 11
34.89603896932107
 21
-1.0
 31
0.0
  0
LINE
  5
6C3
330
17
100
AcDbEntity
  8
hatch
100
AcDbLine
 10
34.49461761308376
 20
-1.2600000000000016
 30
0.0
 11
34.75461761308376
 21
-1.0
 31
0.0
  0
LINE
  5
6C4
330
17
100
AcDbEntity
  8
hatch
100
AcDbLine
 10
34.353196256846445
 20
-1.259999999999998
 30
0.0
 11
34.61319625684645
 21
-1.0
 31
0.0
  0
LINE
  5
6C5
330
17
100
AcDbEntity
  8
hatch
100
AcDbLine
 10
34.21177490060914
 20
-1.2600000000000016
 30
0.0
 11
34.47177490060914
 21
-1.0
 31
0.0
  0
LINE
  5
6C6
330
17
100
AcDbEntity
  8
hatch
100
AcDbLine
 10
34.07035354437183
 20
-1.259999999999998
 30
0.0
 11
34.33035354437183
 21
-0.9999999999999964
 31
0.0
  0
LINE
  5
6C7
330
17
100
AcDbEntity
  8
hatch
100
AcDbLine
 10
33.928932188134524
 20
-1.2600000000000016
 30
0.0
 11
34.18893218813452
 21
-1.0
 31
0.0
  0
LINE
  5
6C8
330
17
100
AcDbEntity
  8
hatch
100
AcDbLine
 10
33.78751083189721
 20
-1.259999999999998
 30
0.0
 11
34.04751083189721
 21
-0.9999999999999964
 31
0.0
  0
LINE
  5
6C9
330
17
100
AcDbEntity
  8
hatch
100
AcDbLine
 10
33.646089475659906
 20
-1.259999999999998
 30
0.0
 11
33.906089475659904
 21
-1.0
 31
0.0
  0
LINE
  5
6CA
330
17
100
AcDbEntity
  8
hatch
100
AcDbLine
 10
33.50466811942259
 20
-1.259999999999998
 30
0.0
 11
33.764668119422595
 21
-0.9999999999999964
 31
0.0
  0
LINE
  5
6CB
330
17
100
AcDbEntity
  8
hatch
100
AcDbLine
 10
33.36324676318528
 20
-1.259999999999998
 30
0.0
 11
33.62324676318528
 21
-0.9999999999999964
 31
0.0
  0
LINE
  5
6CC
330
17
100
AcDbEntity
  8
hatch
100
AcDbLine
 10
33.22182540694797
 20
-1.2599999999999962
 30
0.0
 11
33.481825406947976
 21
-0.9999999999999964
 31
0.0
  0
LINE
  5
6CD
330
17
100
AcDbEntity
  8
hatch
100
AcDbLine
 10
33.08040405071066
 20
-1.259999999999998
 30
0.0
 11
33.34040405071066
 21
-0.9999999999999964
 31
0.0
  0
LINE
  5
6CE
330
17
100
AcDbEntity
  8
hatch
100
AcDbLine
 10
32.93898269447335
 20
-1.2599999999999998
 30
0.0
 11
33.19898269447336
 21
-1.0
 31
0.0
  0
LINE
  5
6CF
330
17
100
AcDbEntity
  8
hatch
100
AcDbLine
 10
32.797561338236044
 20
-1.259999999999998
 30
0.0
 11
33.05756133823604
 21
-0.9999999999999964
 31
0.0
  0
LINE
  5
6D0
330
17
100
AcDbEntity
  8
hatch
100
AcDbLine
 10
32.7
 20
-1.2161399819987295
 30
0.0
 11
32.91613998199873
 21
-0.9999999999999982
 31
0.0
  0
LINE
  5
6D1
330
17
100
AcDbEntity
  8
hatch
100
AcDbLine
 10
32.7
 20
-1.0747186257614203
 30
0.0
 11
32.77471862576143
 21
-0.9999999999999964
 31
0.0
  0
LWPOLYLINE
  5
6D2
330
17
100
AcDbEntity
  8
marco-fino
100
AcDbPolyline
 90
4
 70
1
 10
32.7
 20
-1.0
 10
41.0
 20
-1.0
 10
41.0
 20
-1.26
 10
32.7
 20
-1.26
  0
TEXT
  5
6D3
330
17
100
AcDbEntity
  8
texto
100
AcDbText
 10
33.5
 20
-1.175
 30
0.0
 40
0.086
  1
Nivel
 72
1
 11
33.5
 21
-1.175
 31
0.0
100
AcDbText
  0
TEXT
  5
6D4
330
17
100
AcDbEntity
  8
texto
100
AcDbText
 10
34.75
 20
-1.175
 30
0.0
 40
0.086
  1
Cota
 72
1
 11
34.75
 21
-1.175
 31
0.0
100
AcDbText
  0
TEXT
  5
6D5
330
17
100
AcDbEntity
  8
texto
100
AcDbText
 10
35.7
 20
-1.175
 30
0.0
 40
0.086
  1
Alt. libre
 72
1
 11
35.7
 21
-1.175
 31
0.0
100
AcDbText
  0
TEXT
  5
6D6
330
17
100
AcDbEntity
  8
texto
100
AcDbText
 10
37.4
 20
-1.175
 30
0.0
 40
0.086
  1
Destino
 72
1
 11
37.4
 21
-1.175
 31
0.0
100
AcDbText
  0
TEXT
  5
6D7
330
17
100
AcDbEntity
  8
texto
100
AcDbText
 10
39.800000000000004
 20
-1.175
 30
0.0
 40
0.086
  1
Estructura
 72
1
 11
39.800000000000004
 21
-1.175
 31
0.0
100
AcDbText
  0
LINE
  5
6D8
330
17
100
AcDbEntity
  8
marco-fino
100
AcDbLine
 10
34.300000000000004
 20
-1.0
 30
0.0
 11
34.300000000000004
 21
-1.26
 31
0.0
  0
LINE
  5
6D9
330
17
100
AcDbEntity
  8
marco-fino
100
AcDbLine
 10
35.2
 20
-1.0
 30
0.0
 11
35.2
 21
-1.26
 31
0.0
  0
LINE
  5
6DA
330
17
100
AcDbEntity
  8
marco-fino
100
AcDbLine
 10
36.2
 20
-1.0
 30
0.0
 11
36.2
 21
-1.26
 31
0.0
  0
LINE
  5
6DB
330
17
100
AcDbEntity
  8
marco-fino
100
AcDbLine
 10
38.6
 20
-1.0
 30
0.0
 11
38.6
 21
-1.26
 31
0.0
  0
LWPOLYLINE
  5
6DC
330
17
100
AcDbEntity
  8
marco-fino
100
AcDbPolyline
 90
4
 70
1
 10
32.7
 20
-1.26
 10
41.0
 20
-1.26
 10
41.0
 20
-1.475
 10
32.7
 20
-1.475
  0
TEXT
  5
6DD
330
17
100
AcDbEntity
  8
texto
100
AcDbText
 10
33.5
 20
-1.4124999999999999
 30
0.0
 40
0.086
  1
Terreno natural
 72
1
 11
33.5
 21
-1.4124999999999999
 31
0.0
100
AcDbText
  0
TEXT
  5
6DE
330
17
100
AcDbEntity
  8
texto
100
AcDbText
 10
34.75
 20
-1.4124999999999999
 30
0.0
 40
0.086
  1
-0,45
 72
1
 11
34.75
 21
-1.4124999999999999
 31
0.0
100
AcDbText
  0
TEXT
  5
6DF
330
17
100
AcDbEntity
  8
texto
100
AcDbText
 10
35.7
 20
-1.4124999999999999
 30
0.0
 40
0.086
  1
—
 72
1
 11
35.7
 21
-1.4124999999999999
 31
0.0
100
AcDbText
  0
TEXT
  5
6E0
330
17
100
AcDbEntity
  8
texto
100
AcDbText
 10
37.4
 20
-1.4124999999999999
 30
0.0
 40
0.086
  1
Exterior
 72
1
 11
37.4
 21
-1.4124999999999999
 31
0.0
100
AcDbText
  0
TEXT
  5
6E1
330
17
100
AcDbEntity
  8
texto
100
AcDbText
 10
39.800000000000004
 20
-1.4124999999999999
 30
0.0
 40
0.086
  1
—
 72
1
 11
39.800000000000004
 21
-1.4124999999999999
 31
0.0
100
AcDbText
  0
LINE
  5
6E2
330
17
100
AcDbEntity
  8
marco-fino
100
AcDbLine
 10
34.300000000000004
 20
-1.26
 30
0.0
 11
34.300000000000004
 21
-1.475
 31
0.0
  0
LINE
  5
6E3
330
17
100
AcDbEntity
  8
marco-fino
100
AcDbLine
 10
35.2
 20
-1.26
 30
0.0
 11
35.2
 21
-1.475
 31
0.0
  0
LINE
  5
6E4
330
17
100
AcDbEntity
  8
marco-fino
100
AcDbLine
 10
36.2
 20
-1.26
 30
0.0
 11
36.2
 21
-1.475
 31
0.0
  0
LINE
  5
6E5
330
17
100
AcDbEntity
  8
marco-fino
100
AcDbLine
 10
38.6
 20
-1.26
 30
0.0
 11
38.6
 21
-1.475
 31
0.0
  0
LWPOLYLINE
  5
6E6
330
17
100
AcDbEntity
  8
marco-fino
100
AcDbPolyline
 90
4
 70
1
 10
32.7
 20
-1.475
 10
41.0
 20
-1.475
 10
41.0
 20
-1.69
 10
32.7
 20
-1.69
  0
TEXT
  5
6E7
330
17
100
AcDbEntity
  8
texto
100
AcDbText
 10
33.5
 20
-1.6275
 30
0.0
 40
0.086
  1
Fondo de cimiento
 72
1
 11
33.5
 21
-1.6275
 31
0.0
100
AcDbText
  0
TEXT
  5
6E8
330
17
100
AcDbEntity
  8
texto
100
AcDbText
 10
34.75
 20
-1.6275
 30
0.0
 40
0.086
  1
-1,05
 72
1
 11
34.75
 21
-1.6275
 31
0.0
100
AcDbText
  0
TEXT
  5
6E9
330
17
100
AcDbEntity
  8
texto
100
AcDbText
 10
35.7
 20
-1.6275
 30
0.0
 40
0.086
  1
—
 72
1
 11
35.7
 21
-1.6275
 31
0.0
100
AcDbText
  0
TEXT
  5
6EA
330
17
100
AcDbEntity
  8
texto
100
AcDbText
 10
37.4
 20
-1.6275
 30
0.0
 40
0.086
  1
Cimiento corrido 0,70 × 0,25
 72
1
 11
37.4
 21
-1.6275
 31
0.0
100
AcDbText
  0
TEXT
  5
6EB
330
17
100
AcDbEntity
  8
texto
100
AcDbText
 10
39.800000000000004
 20
-1.6275
 30
0.0
 40
0.086
  1
Concreto 1:8 + 25 % P.M.
 72
1
 11
39.800000000000004
 21
-1.6275
 31
0.0
100
AcDbText
  0
LINE
  5
6EC
330
17
100
AcDbEntity
  8
marco-fino
100
AcDbLine
 10
34.300000000000004
 20
-1.475
 30
0.0
 11
34.300000000000004
 21
-1.69
 31
0.0
  0
LINE
  5
6ED
330
17
100
AcDbEntity
  8
marco-fino
100
AcDbLine
 10
35.2
 20
-1.475
 30
0.0
 11
35.2
 21
-1.69
 31
0.0
  0
LINE
  5
6EE
330
17
100
AcDbEntity
  8
marco-fino
100
AcDbLine
 10
36.2
 20
-1.475
 30
0.0
 11
36.2
 21
-1.69
 31
0.0
  0
LINE
  5
6EF
330
17
100
AcDbEntity
  8
marco-fino
100
AcDbLine
 10
38.6
 20
-1.475
 30
0.0
 11
38.6
 21
-1.69
 31
0.0
  0
LWPOLYLINE
  5
6F0
330
17
100
AcDbEntity
  8
marco-fino
100
AcDbPolyline
 90
4
 70
1
 10
32.7
 20
-1.69
 10
41.0
 20
-1.69
 10
41.0
 20
-1.9049999999999998
 10
32.7
 20
-1.9049999999999998
  0
TEXT
  5
6F1
330
17
100
AcDbEntity
  8
texto
100
AcDbText
 10
33.5
 20
-1.8424999999999998
 30
0.0
 40
0.086
  1
N.P.T. planta baja
 72
1
 11
33.5
 21
-1.8424999999999998
 31
0.0
100
AcDbText
  0
TEXT
  5
6F2
330
17
100
AcDbEntity
  8
texto
100
AcDbText
 10
34.75
 20
-1.8424999999999998
 30
0.0
 40
0.086
  1
±0,00
 72
1
 11
34.75
 21
-1.8424999999999998
 31
0.0
100
AcDbText
  0
TEXT
  5
6F3
330
17
100
AcDbEntity
  8
texto
100
AcDbText
 10
35.7
 20
-1.8424999999999998
 30
0.0
 40
0.086
  1
2,90 m
 72
1
 11
35.7
 21
-1.8424999999999998
 31
0.0
100
AcDbText
  0
TEXT
  5
6F4
330
17
100
AcDbEntity
  8
texto
100
AcDbText
 10
37.4
 20
-1.8424999999999998
 30
0.0
 40
0.086
  1
Dormitorios · SS.HH. · escalera
 72
1
 11
37.4
 21
-1.8424999999999998
 31
0.0
100
AcDbText
  0
TEXT
  5
6F5
330
17
100
AcDbEntity
  8
texto
100
AcDbText
 10
39.800000000000004
 20
-1.8424999999999998
 30
0.0
 40
0.086
  1
Losa aligerada h=0,30 m
 72
1
 11
39.800000000000004
 21
-1.8424999999999998
 31
0.0
100
AcDbText
  0
LINE
  5
6F6
330
17
100
AcDbEntity
  8
marco-fino
100
AcDbLine
 10
34.300000000000004
 20
-1.69
 30
0.0
 11
34.300000000000004
 21
-1.9049999999999998
 31
0.0
  0
LINE
  5
6F7
330
17
100
AcDbEntity
  8
marco-fino
100
AcDbLine
 10
35.2
 20
-1.69
 30
0.0
 11
35.2
 21
-1.9049999999999998
 31
0.0
  0
LINE
  5
6F8
330
17
100
AcDbEntity
  8
marco-fino
100
AcDbLine
 10
36.2
 20
-1.69
 30
0.0
 11
36.2
 21
-1.9049999999999998
 31
0.0
  0
LINE
  5
6F9
330
17
100
AcDbEntity
  8
marco-fino
100
AcDbLine
 10
38.6
 20
-1.69
 30
0.0
 11
38.6
 21
-1.9049999999999998
 31
0.0
  0
LWPOLYLINE
  5
6FA
330
17
100
AcDbEntity
  8
marco-fino
100
AcDbPolyline
 90
4
 70
1
 10
32.7
 20
-1.9049999999999998
 10
41.0
 20
-1.9049999999999998
 10
41.0
 20
-2.1199999999999997
 10
32.7
 20
-2.1199999999999997
  0
TEXT
  5
6FB
330
17
100
AcDbEntity
  8
texto
100
AcDbText
 10
33.5
 20
-2.0574999999999997
 30
0.0
 40
0.086
  1
N.P.T. planta alta
 72
1
 11
33.5
 21
-2.0574999999999997
 31
0.0
100
AcDbText
  0
TEXT
  5
6FC
330
17
100
AcDbEntity
  8
texto
100
AcDbText
 10
34.75
 20
-2.0574999999999997
 30
0.0
 40
0.086
  1
+3,25
 72
1
 11
34.75
 21
-2.0574999999999997
 31
0.0
100
AcDbText
  0
TEXT
  5
6FD
330
17
100
AcDbEntity
  8
texto
100
AcDbText
 10
35.7
 20
-2.0574999999999997
 30
0.0
 40
0.086
  1
2,60 m
 72
1
 11
35.7
 21
-2.0574999999999997
 31
0.0
100
AcDbText
  0
TEXT
  5
6FE
330
17
100
AcDbEntity
  8
texto
100
AcDbText
 10
37.4
 20
-2.0574999999999997
 30
0.0
 40
0.086
  1
Dormitorios · estudio
 72
1
 11
37.4
 21
-2.0574999999999997
 31
0.0
100
AcDbText
  0
TEXT
  5
6FF
330
17
100
AcDbEntity
  8
texto
100
AcDbText
 10
39.800000000000004
 20
-2.0574999999999997
 30
0.0
 40
0.086
  1
Losa aligerada h=0,30 m
 72
1
 11
39.800000000000004
 21
-2.0574999999999997
 31
0.0
100
AcDbText
  0
LINE
  5
700
330
17
100
AcDbEntity
  8
marco-fino
100
AcDbLine
 10
34.300000000000004
 20
-1.9049999999999998
 30
0.0
 11
34.300000000000004
 21
-2.1199999999999997
 31
0.0
  0
LINE
  5
701
330
17
100
AcDbEntity
  8
marco-fino
100
AcDbLine
 10
35.2
 20
-1.9049999999999998
 30
0.0
 11
35.2
 21
-2.1199999999999997
 31
0.0
  0
LINE
  5
702
330
17
100
AcDbEntity
  8
marco-fino
100
AcDbLine
 10
36.2
 20
-1.9049999999999998
 30
0.0
 11
36.2
 21
-2.1199999999999997
 31
0.0
  0
LINE
  5
703
330
17
100
AcDbEntity
  8
marco-fino
100
AcDbLine
 10
38.6
 20
-1.9049999999999998
 30
0.0
 11
38.6
 21
-2.1199999999999997
 31
0.0
  0
LWPOLYLINE
  5
704
330
17
100
AcDbEntity
  8
marco-fino
100
AcDbPolyline
 90
4
 70
1
 10
32.7
 20
-2.1199999999999997
 10
41.0
 20
-2.1199999999999997
 10
41.0
 20
-2.3349999999999995
 10
32.7
 20
-2.3349999999999995
  0
TEXT
  5
705
330
17
100
AcDbEntity
  8
texto
100
AcDbText
 10
33.5
 20
-2.2724999999999995
 30
0.0
 40
0.086
  1
N.P.T. azotea
 72
1
 11
33.5
 21
-2.2724999999999995
 31
0.0
100
AcDbText
  0
TEXT
  5
706
330
17
100
AcDbEntity
  8
texto
100
AcDbText
 10
34.75
 20
-2.2724999999999995
 30
0.0
 40
0.086
  1
+6,20
 72
1
 11
34.75
 21
-2.2724999999999995
 31
0.0
100
AcDbText
  0
TEXT
  5
707
330
17
100
AcDbEntity
  8
texto
100
AcDbText
 10
35.7
 20
-2.2724999999999995
 30
0.0
 40
0.086
  1
—
 72
1
 11
35.7
 21
-2.2724999999999995
 31
0.0
100
AcDbText
  0
TEXT
  5
708
330
17
100
AcDbEntity
  8
texto
100
AcDbText
 10
37.4
 20
-2.2724999999999995
 30
0.0
 40
0.086
  1
Cubierta inaccesible
 72
1
 11
37.4
 21
-2.2724999999999995
 31
0.0
100
AcDbText
  0
TEXT
  5
709
330
17
100
AcDbEntity
  8
texto
100
AcDbText
 10
39.800000000000004
 20
-2.2724999999999995
 30
0.0
 40
0.086
  1
Pendiente 2 %
 72
1
 11
39.800000000000004
 21
-2.2724999999999995
 31
0.0
100
AcDbText
  0
LINE
  5
70A
330
17
100
AcDbEntity
  8
marco-fino
100
AcDbLine
 10
34.300000000000004
 20
-2.1199999999999997
 30
0.0
 11
34.300000000000004
 21
-2.3349999999999995
 31
0.0
  0
LINE
  5
70B
330
17
100
AcDbEntity
  8
marco-fino
100
AcDbLine
 10
35.2
 20
-2.1199999999999997
 30
0.0
 11
35.2
 21
-2.3349999999999995
 31
0.0
  0
LINE
  5
70C
330
17
100
AcDbEntity
  8
marco-fino
100
AcDbLine
 10
36.2
 20
-2.1199999999999997
 30
0.0
 11
36.2
 21
-2.3349999999999995
 31
0.0
  0
LINE
  5
70D
330
17
100
AcDbEntity
  8
marco-fino
100
AcDbLine
 10
38.6
 20
-2.1199999999999997
 30
0.0
 11
38.6
 21
-2.3349999999999995
 31
0.0
  0
LWPOLYLINE
  5
70E
330
17
100
AcDbEntity
  8
marco-fino
100
AcDbPolyline
 90
4
 70
1
 10
32.7
 20
-2.3349999999999995
 10
41.0
 20
-2.3349999999999995
 10
41.0
 20
-2.5499999999999994
 10
32.7
 20
-2.5499999999999994
  0
TEXT
  5
70F
330
17
100
AcDbEntity
  8
texto
100
AcDbText
 10
33.5
 20
-2.4874999999999994
 30
0.0
 40
0.086
  1
Remate de parapeto
 72
1
 11
33.5
 21
-2.4874999999999994
 31
0.0
100
AcDbText
  0
TEXT
  5
710
330
17
100
AcDbEntity
  8
texto
100
AcDbText
 10
34.75
 20
-2.4874999999999994
 30
0.0
 40
0.086
  1
+7,15
 72
1
 11
34.75
 21
-2.4874999999999994
 31
0.0
100
AcDbText
  0
TEXT
  5
711
330
17
100
AcDbEntity
  8
texto
100
AcDbText
 10
35.7
 20
-2.4874999999999994
 30
0.0
 40
0.086
  1
0,95 m
 72
1
 11
35.7
 21
-2.4874999999999994
 31
0.0
100
AcDbText
  0
TEXT
  5
712
330
17
100
AcDbEntity
  8
texto
100
AcDbText
 10
37.4
 20
-2.4874999999999994
 30
0.0
 40
0.086
  1
Parapeto perimetral
 72
1
 11
37.4
 21
-2.4874999999999994
 31
0.0
100
AcDbText
  0
TEXT
  5
713
330
17
100
AcDbEntity
  8
texto
100
AcDbText
 10
39.800000000000004
 20
-2.4874999999999994
 30
0.0
 40
0.086
  1
Albardilla de concreto
 72
1
 11
39.800000000000004
 21
-2.4874999999999994
 31
0.0
100
AcDbText
  0
LINE
  5
714
330
17
100
AcDbEntity
  8
marco-fino
100
AcDbLine
 10
34.300000000000004
 20
-2.3349999999999995
 30
0.0
 11
34.300000000000004
 21
-2.5499999999999994
 31
0.0
  0
LINE
  5
715
330
17
100
AcDbEntity
  8
marco-fino
100
AcDbLine
 10
35.2
 20
-2.3349999999999995
 30
0.0
 11
35.2
 21
-2.5499999999999994
 31
0.0
  0
LINE
  5
716
330
17
100
AcDbEntity
  8
marco-fino
100
AcDbLine
 10
36.2
 20
-2.3349999999999995
 30
0.0
 11
36.2
 21
-2.5499999999999994
 31
0.0
  0
LINE
  5
717
330
17
100
AcDbEntity
  8
marco-fino
100
AcDbLine
 10
38.6
 20
-2.3349999999999995
 30
0.0
 11
38.6
 21
-2.5499999999999994
 31
0.0
  0
LWPOLYLINE
  5
718
330
17
100
AcDbEntity
  8
marco-medio
100
AcDbPolyline
 90
4
 70
1
 10
20.6
 20
-5.0
 10
21.266666666666666
 20
-5.0
 10
21.266666666666666
 20
-5.15
 10
20.6
 20
-5.15
  0
LINE
  5
719
330
17
100
AcDbEntity
  8
hatch
100
AcDbLine
 10
21.125245310429356
 20
-5.1499999999999995
 30
0.0
 11
21.266666666666666
 21
-5.008578643762689
 31
0.0
  0
LINE
  5
71A
330
17
100
AcDbEntity
  8
hatch
100
AcDbLine
 10
20.983823954192047
 20
-5.15
 30
0.0
 11
21.13382395419205
 21
-5.0
 31
0.0
  0
LINE
  5
71B
330
17
100
AcDbEntity
  8
hatch
100
AcDbLine
 10
20.842402597954734
 20
-5.150000000000001
 30
0.0
 11
20.992402597954737
 21
-4.999999999999998
 31
0.0
  0
LINE
  5
71C
330
17
100
AcDbEntity
  8
hatch
100
AcDbLine
 10
20.70098124171743
 20
-5.150000000000001
 30
0.0
 11
20.85098124171743
 21
-5.0
 31
0.0
  0
LINE
  5
71D
330
17
100
AcDbEntity
  8
hatch
100
AcDbLine
 10
20.6
 20
-5.109559885480117
 30
0.0
 11
20.709559885480118
 21
-5.0
 31
0.0
  0
LWPOLYLINE
  5
71E
330
17
100
AcDbEntity
  8
marco-medio
100
AcDbPolyline
 90
4
 70
1
 10
20.6
 20
-5.0
 10
21.266666666666666
 20
-5.0
 10
21.266666666666666
 20
-5.15
 10
20.6
 20
-5.15
  0
LWPOLYLINE
  5
71F
330
17
100
AcDbEntity
  8
sombra
100
AcDbPolyline
 90
4
 70
1
 10
21.266666666666666
 20
-5.0
 10
21.933333333333334
 20
-5.0
 10
21.933333333333334
 20
-5.15
 10
21.266666666666666
 20
-5.15
  0
LINE
  5
720
330
17
100
AcDbEntity
  8
hatch
100
AcDbLine
 10
21.79191197709602
 20
-5.15
 30
0.0
 11
21.93333333333333
 21
-5.008578643762691
 31
0.0
  0
LINE
  5
721
330
17
100
AcDbEntity
  8
hatch
100
AcDbLine
 10
21.650490620858715
 20
-5.15
 30
0.0
 11
21.800490620858717
 21
-5.0
 31
0.0
  0
LINE
  5
722
330
17
100
AcDbEntity
  8
hatch
100
AcDbLine
 10
21.509069264621402
 20
-5.15
 30
0.0
 11
21.659069264621404
 21
-5.000000000000002
 31
0.0
  0
LINE
  5
723
330
17
100
AcDbEntity
  8
hatch
100
AcDbLine
 10
21.3676479083841
 20
-5.15
 30
0.0
 11
21.5176479083841
 21
-4.999999999999998
 31
0.0
  0
LINE
  5
724
330
17
100
AcDbEntity
  8
hatch
100
AcDbLine
 10
21.266666666666666
 20
-5.109559885480122
 30
0.0
 11
21.37622655214679
 21
-5.0
 31
0.0
  0
LWPOLYLINE
  5
725
330
17
100
AcDbEntity
  8
marco-medio
100
AcDbPolyline
 90
4
 70
1
 10
21.266666666666666
 20
-5.0
 10
21.933333333333334
 20
-5.0
 10
21.933333333333334
 20
-5.15
 10
21.266666666666666
 20
-5.15
  0
LWPOLYLINE
  5
726
330
17
100
AcDbEntity
  8
marco-medio
100
AcDbPolyline
 90
4
 70
1
 10
21.933333333333337
 20
-5.0
 10
22.6
 20
-5.0
 10
22.6
 20
-5.15
 10
21.933333333333337
 20
-5.15
  0
LINE
  5
727
330
17
100
AcDbEntity
  8
hatch
100
AcDbLine
 10
22.458578643762692
 20
-5.150000000000002
 30
0.0
 11
22.6
 21
-5.008578643762691
 31
0.0
  0
LINE
  5
728
330
17
100
AcDbEntity
  8
hatch
100
AcDbLine
 10
22.317157287525383
 20
-5.15
 30
0.0
 11
22.467157287525385
 21
-5.000000000000002
 31
0.0
  0
LINE
  5
729
330
17
100
AcDbEntity
  8
hatch
100
AcDbLine
 10
22.175735931288074
 20
-5.15
 30
0.0
 11
22.325735931288072
 21
-5.0
 31
0.0
  0
LINE
  5
72A
330
17
100
AcDbEntity
  8
hatch
100
AcDbLine
 10
22.034314575050768
 20
-5.15
 30
0.0
 11
22.184314575050767
 21
-5.000000000000002
 31
0.0
  0
LINE
  5
72B
330
17
100
AcDbEntity
  8
hatch
100
AcDbLine
 10
21.933333333333337
 20
-5.10955988548012
 30
0.0
 11
22.042893218813454
 21
-5.0
 31
0.0
  0
LWPOLYLINE
  5
72C
330
17
100
AcDbEntity
  8
marco-medio
100
AcDbPolyline
 90
4
 70
1
 10
21.933333333333337
 20
-5.0
 10
22.6
 20
-5.0
 10
22.6
 20
-5.15
 10
21.933333333333337
 20
-5.15
  0
LWPOLYLINE
  5
72D
330
17
100
AcDbEntity
  8
sombra
100
AcDbPolyline
 90
4
 70
1
 10
22.6
 20
-5.0
 10
23.266666666666666
 20
-5.0
 10
23.266666666666666
 20
-5.15
 10
22.6
 20
-5.15
  0
LINE
  5
72E
330
17
100
AcDbEntity
  8
hatch
100
AcDbLine
 10
23.125245310429356
 20
-5.15
 30
0.0
 11
23.266666666666666
 21
-5.008578643762691
 31
0.0
  0
LINE
  5
72F
330
17
100
AcDbEntity
  8
hatch
100
AcDbLine
 10
22.983823954192047
 20
-5.15
 30
0.0
 11
23.13382395419205
 21
-4.999999999999998
 31
0.0
  0
LINE
  5
730
330
17
100
AcDbEntity
  8
hatch
100
AcDbLine
 10
22.842402597954738
 20
-5.150000000000002
 30
0.0
 11
22.992402597954737
 21
-5.0
 31
0.0
  0
LINE
  5
731
330
17
100
AcDbEntity
  8
hatch
100
AcDbLine
 10
22.70098124171743
 20
-5.15
 30
0.0
 11
22.85098124171743
 21
-5.0
 31
0.0
  0
LINE
  5
732
330
17
100
AcDbEntity
  8
hatch
100
AcDbLine
 10
22.6
 20
-5.1095598854801185
 30
0.0
 11
22.709559885480118
 21
-5.000000000000002
 31
0.0
  0
LWPOLYLINE
  5
733
330
17
100
AcDbEntity
  8
marco-medio
100
AcDbPolyline
 90
4
 70
1
 10
22.6
 20
-5.0
 10
23.266666666666666
 20
-5.0
 10
23.266666666666666
 20
-5.15
 10
22.6
 20
-5.15
  0
LWPOLYLINE
  5
734
330
17
100
AcDbEntity
  8
marco-medio
100
AcDbPolyline
 90
4
 70
1
 10
23.266666666666666
 20
-5.0
 10
23.933333333333334
 20
-5.0
 10
23.933333333333334
 20
-5.15
 10
23.266666666666666
 20
-5.15
  0
LINE
  5
735
330
17
100
AcDbEntity
  8
hatch
100
AcDbLine
 10
23.79191197709602
 20
-5.150000000000004
 30
0.0
 11
23.933333333333334
 21
-5.008578643762693
 31
0.0
  0
LINE
  5
736
330
17
100
AcDbEntity
  8
hatch
100
AcDbLine
 10
23.65049062085872
 20
-5.150000000000002
 30
0.0
 11
23.800490620858717
 21
-5.0000000000000036
 31
0.0
  0
LINE
  5
737
330
17
100
AcDbEntity
  8
hatch
100
AcDbLine
 10
23.509069264621406
 20
-5.150000000000002
 30
0.0
 11
23.659069264621408
 21
-5.0
 31
0.0
  0
LINE
  5
738
330
17
100
AcDbEntity
  8
hatch
100
AcDbLine
 10
23.3676479083841
 20
-5.15
 30
0.0
 11
23.5176479083841
 21
-5.000000000000002
 31
0.0
  0
LINE
  5
739
330
17
100
AcDbEntity
  8
hatch
100
AcDbLine
 10
23.266666666666666
 20
-5.109559885480122
 30
0.0
 11
23.37622655214679
 21
-5.0
 31
0.0
  0
LWPOLYLINE
  5
73A
330
17
100
AcDbEntity
  8
marco-medio
100
AcDbPolyline
 90
4
 70
1
 10
23.266666666666666
 20
-5.0
 10
23.933333333333334
 20
-5.0
 10
23.933333333333334
 20
-5.15
 10
23.266666666666666
 20
-5.15
  0
TEXT
  5
73B
330
17
100
AcDbEntity
  8
texto
100
AcDbText
 10
20.525000000000002
 20
-5.120000000000001
 30
0.0
 40
0.1
  1
0
 72
2
100
AcDbText
  0
TEXT
  5
73C
330
17
100
AcDbEntity
  8
texto
100
AcDbText
 10
24.008333333333336
 20
-5.120000000000001
 30
0.0
 40
0.1
  1
5 m
100
AcDbText
  0
LWPOLYLINE
  5
73D
330
17
100
AcDbEntity
  8
sombra
100
AcDbPolyline
 90
4
 70
1
 10
31.950000000000003
 20
-26.0
 10
41.45
 20
-26.0
 10
41.45
 20
-29.1
 10
31.950000000000003
 20
-29.1
  0
LINE
  5
73E
330
17
100
AcDbEntity
  8
hatch
100
AcDbLine
 10
41.30857864376269
 20
-29.1
 30
0.0
 11
41.45
 21
-28.95857864376269
 31
0.0
  0
LINE
  5
73F
330
17
100
AcDbEntity
  8
hatch
100
AcDbLine
 10
41.16715728752538
 20
-29.099999999999998
 30
0.0
 11
41.449999999999996
 21
-28.817157287525376
 31
0.0
  0
LINE
  5
740
330
17
100
AcDbEntity
  8
hatch
100
AcDbLine
 10
41.025735931288075
 20
-29.099999999999998
 30
0.0
 11
41.449999999999996
 21
-28.675735931288074
 31
0.0
  0
LINE
  5
741
330
17
100
AcDbEntity
  8
hatch
100
AcDbLine
 10
40.884314575050766
 20
-29.1
 30
0.0
 11
41.45
 21
-28.534314575050765
 31
0.0
  0
LINE
  5
742
330
17
100
AcDbEntity
  8
hatch
100
AcDbLine
 10
40.74289321881345
 20
-29.099999999999998
 30
0.0
 11
41.45
 21
-28.39289321881345
 31
0.0
  0
LINE
  5
743
330
17
100
AcDbEntity
  8
hatch
100
AcDbLine
 10
40.60147186257614
 20
-29.099999999999998
 30
0.0
 11
41.45
 21
-28.251471862576135
 31
0.0
  0
LINE
  5
744
330
17
100
AcDbEntity
  8
hatch
100
AcDbLine
 10
40.46005050633883
 20
-29.1
 30
0.0
 11
41.45
 21
-28.11005050633883
 31
0.0
  0
LINE
  5
745
330
17
100
AcDbEntity
  8
hatch
100
AcDbLine
 10
40.31862915010153
 20
-29.1
 30
0.0
 11
41.45
 21
-27.968629150101528
 31
0.0
  0
LINE
  5
746
330
17
100
AcDbEntity
  8
hatch
100
AcDbLine
 10
40.17720779386421
 20
-29.099999999999998
 30
0.0
 11
41.45
 21
-27.82720779386421
 31
0.0
  0
LINE
  5
747
330
17
100
AcDbEntity
  8
hatch
100
AcDbLine
 10
40.03578643762691
 20
-29.099999999999994
 30
0.0
 11
41.45000000000001
 21
-27.6857864376269
 31
0.0
  0
LINE
  5
748
330
17
100
AcDbEntity
  8
hatch
100
AcDbLine
 10
39.894365081389594
 20
-29.1
 30
0.0
 11
41.45
 21
-27.544365081389593
 31
0.0
  0
LINE
  5
749
330
17
100
AcDbEntity
  8
hatch
100
AcDbLine
 10
39.75294372515228
 20
-29.1
 30
0.0
 11
41.45
 21
-27.402943725152276
 31
0.0
  0
LINE
  5
74A
330
17
100
AcDbEntity
  8
hatch
100
AcDbLine
 10
39.611522368914976
 20
-29.099999999999998
 30
0.0
 11
41.45
 21
-27.261522368914974
 31
0.0
  0
LINE
  5
74B
330
17
100
AcDbEntity
  8
hatch
100
AcDbLine
 10
39.470101012677674
 20
-29.099999999999994
 30
0.0
 11
41.45
 21
-27.12010101267766
 31
0.0
  0
LINE
  5
74C
330
17
100
AcDbEntity
  8
hatch
100
AcDbLine
 10
39.32867965644036
 20
-29.1
 30
0.0
 11
41.45
 21
-26.978679656440356
 31
0.0
  0
LINE
  5
74D
330
17
100
AcDbEntity
  8
hatch
100
AcDbLine
 10
39.18725830020304
 20
-29.099999999999998
 30
0.0
 11
41.45
 21
-26.83725830020304
 31
0.0
  0
LINE
  5
74E
330
17
100
AcDbEntity
  8
hatch
100
AcDbLine
 10
39.04583694396574
 20
-29.099999999999994
 30
0.0
 11
41.45000000000001
 21
-26.695836943965727
 31
0.0
  0
LINE
  5
74F
330
17
100
AcDbEntity
  8
hatch
100
AcDbLine
 10
38.90441558772844
 20
-29.099999999999994
 30
0.0
 11
41.45000000000001
 21
-26.554415587728425
 31
0.0
  0
LINE
  5
750
330
17
100
AcDbEntity
  8
hatch
100
AcDbLine
 10
38.76299423149112
 20
-29.1
 30
0.0
 11
41.45
 21
-26.41299423149112
 31
0.0
  0
LINE
  5
751
330
17
100
AcDbEntity
  8
hatch
100
AcDbLine
 10
38.621572875253804
 20
-29.099999999999998
 30
0.0
 11
41.45
 21
-26.271572875253803
 31
0.0
  0
LINE
  5
752
330
17
100
AcDbEntity
  8
hatch
100
AcDbLine
 10
38.4801515190165
 20
-29.099999999999994
 30
0.0
 11
41.45000000000001
 21
-26.13015151901649
 31
0.0
  0
LINE
  5
753
330
17
100
AcDbEntity
  8
hatch
100
AcDbLine
 10
38.338730162779186
 20
-29.1
 30
0.0
 11
41.43873016277918
 21
-26.000000000000007
 31
0.0
  0
LINE
  5
754
330
17
100
AcDbEntity
  8
hatch
100
AcDbLine
 10
38.19730880654188
 20
-29.1
 30
0.0
 11
41.29730880654188
 21
-26.000000000000007
 31
0.0
  0
LINE
  5
755
330
17
100
AcDbEntity
  8
hatch
100
AcDbLine
 10
38.05588745030457
 20
-29.099999999999998
 30
0.0
 11
41.15588745030457
 21
-26.000000000000004
 31
0.0
  0
LINE
  5
756
330
17
100
AcDbEntity
  8
hatch
100
AcDbLine
 10
37.914466094067265
 20
-29.099999999999994
 30
0.0
 11
41.01446609406726
 21
-26.0
 31
0.0
  0
LINE
  5
757
330
17
100
AcDbEntity
  8
hatch
100
AcDbLine
 10
37.77304473782995
 20
-29.1
 30
0.0
 11
40.87304473782994
 21
-26.000000000000007
 31
0.0
  0
LINE
  5
758
330
17
100
AcDbEntity
  8
hatch
100
AcDbLine
 10
37.63162338159263
 20
-29.099999999999998
 30
0.0
 11
40.731623381592634
 21
-26.000000000000004
 31
0.0
  0
LINE
  5
759
330
17
100
AcDbEntity
  8
hatch
100
AcDbLine
 10
37.49020202535534
 20
-29.099999999999998
 30
0.0
 11
40.59020202535533
 21
-26.000000000000004
 31
0.0
  0
LINE
  5
75A
330
17
100
AcDbEntity
  8
hatch
100
AcDbLine
 10
37.34878066911803
 20
-29.1
 30
0.0
 11
40.44878066911802
 21
-26.000000000000007
 31
0.0
  0
LINE
  5
75B
330
17
100
AcDbEntity
  8
hatch
100
AcDbLine
 10
37.20735931288071
 20
-29.1
 30
0.0
 11
40.307359312880706
 21
-26.000000000000007
 31
0.0
  0
LINE
  5
75C
330
17
100
AcDbEntity
  8
hatch
100
AcDbLine
 10
37.0659379566434
 20
-29.099999999999998
 30
0.0
 11
40.1659379566434
 21
-26.000000000000004
 31
0.0
  0
LINE
  5
75D
330
17
100
AcDbEntity
  8
hatch
100
AcDbLine
 10
36.92451660040609
 20
-29.1
 30
0.0
 11
40.02451660040609
 21
-26.000000000000007
 31
0.0
  0
LINE
  5
75E
330
17
100
AcDbEntity
  8
hatch
100
AcDbLine
 10
36.78309524416879
 20
-29.1
 30
0.0
 11
39.883095244168786
 21
-26.000000000000007
 31
0.0
  0
LINE
  5
75F
330
17
100
AcDbEntity
  8
hatch
100
AcDbLine
 10
36.641673887931475
 20
-29.1
 30
0.0
 11
39.74167388793147
 21
-26.000000000000007
 31
0.0
  0
LINE
  5
760
330
17
100
AcDbEntity
  8
hatch
100
AcDbLine
 10
36.50025253169417
 20
-29.099999999999998
 30
0.0
 11
39.60025253169417
 21
-26.000000000000004
 31
0.0
  0
LINE
  5
761
330
17
100
AcDbEntity
  8
hatch
100
AcDbLine
 10
36.35883117545686
 20
-29.1
 30
0.0
 11
39.45883117545685
 21
-26.000000000000007
 31
0.0
  0
LINE
  5
762
330
17
100
AcDbEntity
  8
hatch
100
AcDbLine
 10
36.21740981921954
 20
-29.1
 30
0.0
 11
39.317409819219534
 21
-26.000000000000004
 31
0.0
  0
LINE
  5
763
330
17
100
AcDbEntity
  8
hatch
100
AcDbLine
 10
36.07598846298224
 20
-29.099999999999998
 30
0.0
 11
39.17598846298223
 21
-26.000000000000004
 31
0.0
  0
LINE
  5
764
330
17
100
AcDbEntity
  8
hatch
100
AcDbLine
 10
35.934567106744936
 20
-29.099999999999998
 30
0.0
 11
39.03456710674493
 21
-26.0
 31
0.0
  0
LINE
  5
765
330
17
100
AcDbEntity
  8
hatch
100
AcDbLine
 10
35.79314575050762
 20
-29.1
 30
0.0
 11
38.893145750507614
 21
-26.000000000000007
 31
0.0
  0
LINE
  5
766
330
17
100
AcDbEntity
  8
hatch
100
AcDbLine
 10
35.6517243942703
 20
-29.099999999999998
 30
0.0
 11
38.7517243942703
 21
-26.000000000000004
 31
0.0
  0
LINE
  5
767
330
17
100
AcDbEntity
  8
hatch
100
AcDbLine
 10
35.510303038033
 20
-29.099999999999998
 30
0.0
 11
38.610303038032995
 21
-26.0
 31
0.0
  0
LINE
  5
768
330
17
100
AcDbEntity
  8
hatch
100
AcDbLine
 10
35.3688816817957
 20
-29.099999999999998
 30
0.0
 11
38.46888168179569
 21
-26.0
 31
0.0
  0
LINE
  5
769
330
17
100
AcDbEntity
  8
hatch
100
AcDbLine
 10
35.22746032555838
 20
-29.1
 30
0.0
 11
38.32746032555838
 21
-26.000000000000007
 31
0.0
  0
LINE
  5
76A
330
17
100
AcDbEntity
  8
hatch
100
AcDbLine
 10
35.086038969321066
 20
-29.099999999999998
 30
0.0
 11
38.18603896932107
 21
-26.000000000000004
 31
0.0
  0
LINE
  5
76B
330
17
100
AcDbEntity
  8
hatch
100
AcDbLine
 10
34.944617613083764
 20
-29.099999999999994
 30
0.0
 11
38.04461761308376
 21
-26.0
 31
0.0
  0
LINE
  5
76C
330
17
100
AcDbEntity
  8
hatch
100
AcDbLine
 10
34.80319625684645
 20
-29.099999999999998
 30
0.0
 11
37.90319625684644
 21
-26.000000000000004
 31
0.0
  0
LINE
  5
76D
330
17
100
AcDbEntity
  8
hatch
100
AcDbLine
 10
34.661774900609146
 20
-29.1
 30
0.0
 11
37.76177490060914
 21
-26.000000000000007
 31
0.0
  0
LINE
  5
76E
330
17
100
AcDbEntity
  8
hatch
100
AcDbLine
 10
34.52035354437184
 20
-29.099999999999998
 30
0.0
 11
37.62035354437183
 21
-26.0
 31
0.0
  0
LINE
  5
76F
330
17
100
AcDbEntity
  8
hatch
100
AcDbLine
 10
34.37893218813453
 20
-29.1
 30
0.0
 11
37.47893218813452
 21
-26.000000000000004
 31
0.0
  0
LINE
  5
770
330
17
100
AcDbEntity
  8
hatch
100
AcDbLine
 10
34.23751083189721
 20
-29.1
 30
0.0
 11
37.337510831897205
 21
-26.000000000000004
 31
0.0
  0
LINE
  5
771
330
17
100
AcDbEntity
  8
hatch
100
AcDbLine
 10
34.0960894756599
 20
-29.099999999999998
 30
0.0
 11
37.196089475659896
 21
-26.0
 31
0.0
  0
LINE
  5
772
330
17
100
AcDbEntity
  8
hatch
100
AcDbLine
 10
33.9546681194226
 20
-29.099999999999998
 30
0.0
 11
37.054668119422594
 21
-26.0
 31
0.0
  0
LINE
  5
773
330
17
100
AcDbEntity
  8
hatch
100
AcDbLine
 10
33.81324676318529
 20
-29.1
 30
0.0
 11
36.913246763185285
 21
-26.000000000000004
 31
0.0
  0
LINE
  5
774
330
17
100
AcDbEntity
  8
hatch
100
AcDbLine
 10
33.671825406947974
 20
-29.1
 30
0.0
 11
36.771825406947976
 21
-26.000000000000004
 31
0.0
  0
LINE
  5
775
330
17
100
AcDbEntity
  8
hatch
100
AcDbLine
 10
33.530404050710665
 20
-29.099999999999998
 30
0.0
 11
36.63040405071066
 21
-26.0
 31
0.0
  0
LINE
  5
776
330
17
100
AcDbEntity
  8
hatch
100
AcDbLine
 10
33.388982694473356
 20
-29.1
 30
0.0
 11
36.48898269447335
 21
-26.000000000000004
 31
0.0
  0
LINE
  5
777
330
17
100
AcDbEntity
  8
hatch
100
AcDbLine
 10
33.24756133823605
 20
-29.1
 30
0.0
 11
36.34756133823605
 21
-26.000000000000004
 31
0.0
  0
LINE
  5
778
330
17
100
AcDbEntity
  8
hatch
100
AcDbLine
 10
33.10613998199874
 20
-29.1
 30
0.0
 11
36.20613998199874
 21
-26.000000000000004
 31
0.0
  0
LINE
  5
779
330
17
100
AcDbEntity
  8
hatch
100
AcDbLine
 10
32.96471862576143
 20
-29.099999999999998
 30
0.0
 11
36.06471862576143
 21
-26.0
 31
0.0
  0
LINE
  5
77A
330
17
100
AcDbEntity
  8
hatch
100
AcDbLine
 10
32.82329726952412
 20
-29.099999999999998
 30
0.0
 11
35.92329726952411
 21
-26.0
 31
0.0
  0
LINE
  5
77B
330
17
100
AcDbEntity
  8
hatch
100
AcDbLine
 10
32.6818759132868
 20
-29.1
 30
0.0
 11
35.781875913286804
 21
-26.000000000000004
 31
0.0
  0
LINE
  5
77C
330
17
100
AcDbEntity
  8
hatch
100
AcDbLine
 10
32.54045455704951
 20
-29.1
 30
0.0
 11
35.6404545570495
 21
-26.000000000000004
 31
0.0
  0
LINE
  5
77D
330
17
100
AcDbEntity
  8
hatch
100
AcDbLine
 10
32.39903320081219
 20
-29.1
 30
0.0
 11
35.49903320081219
 21
-26.000000000000004
 31
0.0
  0
LINE
  5
77E
330
17
100
AcDbEntity
  8
hatch
100
AcDbLine
 10
32.25761184457488
 20
-29.099999999999998
 30
0.0
 11
35.357611844574876
 21
-26.0
 31
0.0
  0
LINE
  5
77F
330
17
100
AcDbEntity
  8
hatch
100
AcDbLine
 10
32.11619048833757
 20
-29.1
 30
0.0
 11
35.21619048833757
 21
-26.000000000000004
 31
0.0
  0
LINE
  5
780
330
17
100
AcDbEntity
  8
hatch
100
AcDbLine
 10
31.974769132100256
 20
-29.1
 30
0.0
 11
35.07476913210026
 21
-26.000000000000004
 31
0.0
  0
LINE
  5
781
330
17
100
AcDbEntity
  8
hatch
100
AcDbLine
 10
31.95
 20
-28.983347775862956
 30
0.0
 11
34.933347775862956
 21
-26.000000000000004
 31
0.0
  0
LINE
  5
782
330
17
100
AcDbEntity
  8
hatch
100
AcDbLine
 10
31.950000000000003
 20
-28.84192641962564
 30
0.0
 11
34.79192641962564
 21
-26.0
 31
0.0
  0
LINE
  5
783
330
17
100
AcDbEntity
  8
hatch
100
AcDbLine
 10
31.950000000000003
 20
-28.70050506338833
 30
0.0
 11
34.65050506338833
 21
-26.0
 31
0.0
  0
LINE
  5
784
330
17
100
AcDbEntity
  8
hatch
100
AcDbLine
 10
31.95
 20
-28.55908370715102
 30
0.0
 11
34.50908370715102
 21
-26.000000000000004
 31
0.0
  0
LINE
  5
785
330
17
100
AcDbEntity
  8
hatch
100
AcDbLine
 10
31.950000000000003
 20
-28.417662350913705
 30
0.0
 11
34.367662350913704
 21
-26.0
 31
0.0
  0
LINE
  5
786
330
17
100
AcDbEntity
  8
hatch
100
AcDbLine
 10
31.950000000000003
 20
-28.276240994676407
 30
0.0
 11
34.22624099467641
 21
-26.000000000000004
 31
0.0
  0
LINE
  5
787
330
17
100
AcDbEntity
  8
hatch
100
AcDbLine
 10
31.950000000000003
 20
-28.134819638439094
 30
0.0
 11
34.08481963843909
 21
-26.0
 31
0.0
  0
LINE
  5
788
330
17
100
AcDbEntity
  8
hatch
100
AcDbLine
 10
31.950000000000003
 20
-27.993398282201785
 30
0.0
 11
33.943398282201784
 21
-26.000000000000004
 31
0.0
  0
LINE
  5
789
330
17
100
AcDbEntity
  8
hatch
100
AcDbLine
 10
31.950000000000003
 20
-27.851976925964472
 30
0.0
 11
33.801976925964475
 21
-26.000000000000004
 31
0.0
  0
LINE
  5
78A
330
17
100
AcDbEntity
  8
hatch
100
AcDbLine
 10
31.950000000000003
 20
-27.71055556972716
 30
0.0
 11
33.66055556972716
 21
-26.0
 31
0.0
  0
LINE
  5
78B
330
17
100
AcDbEntity
  8
hatch
100
AcDbLine
 10
31.950000000000003
 20
-27.569134213489857
 30
0.0
 11
33.51913421348986
 21
-26.0
 31
0.0
  0
LINE
  5
78C
330
17
100
AcDbEntity
  8
hatch
100
AcDbLine
 10
31.950000000000003
 20
-27.427712857252548
 30
0.0
 11
33.37771285725255
 21
-26.0
 31
0.0
  0
LINE
  5
78D
330
17
100
AcDbEntity
  8
hatch
100
AcDbLine
 10
31.950000000000003
 20
-27.28629150101524
 30
0.0
 11
33.23629150101524
 21
-26.000000000000004
 31
0.0
  0
LINE
  5
78E
330
17
100
AcDbEntity
  8
hatch
100
AcDbLine
 10
31.950000000000003
 20
-27.144870144777922
 30
0.0
 11
33.09487014477793
 21
-26.0
 31
0.0
  0
LINE
  5
78F
330
17
100
AcDbEntity
  8
hatch
100
AcDbLine
 10
31.950000000000003
 20
-27.003448788540613
 30
0.0
 11
32.95344878854061
 21
-26.0
 31
0.0
  0
LINE
  5
790
330
17
100
AcDbEntity
  8
hatch
100
AcDbLine
 10
31.950000000000003
 20
-26.86202743230331
 30
0.0
 11
32.81202743230331
 21
-26.0
 31
0.0
  0
LINE
  5
791
330
17
100
AcDbEntity
  8
hatch
100
AcDbLine
 10
31.950000000000003
 20
-26.720606076066
 30
0.0
 11
32.670606076066
 21
-26.0
 31
0.0
  0
LINE
  5
792
330
17
100
AcDbEntity
  8
hatch
100
AcDbLine
 10
31.950000000000003
 20
-26.579184719828685
 30
0.0
 11
32.52918471982869
 21
-26.0
 31
0.0
  0
LINE
  5
793
330
17
100
AcDbEntity
  8
hatch
100
AcDbLine
 10
31.950000000000003
 20
-26.437763363591376
 30
0.0
 11
32.387763363591375
 21
-26.0
 31
0.0
  0
LINE
  5
794
330
17
100
AcDbEntity
  8
hatch
100
AcDbLine
 10
31.950000000000003
 20
-26.296342007354067
 30
0.0
 11
32.246342007354066
 21
-26.0
 31
0.0
  0
LINE
  5
795
330
17
100
AcDbEntity
  8
hatch
100
AcDbLine
 10
31.950000000000003
 20
-26.154920651116765
 30
0.0
 11
32.104920651116764
 21
-26.0
 31
0.0
  0
LINE
  5
796
330
17
100
AcDbEntity
  8
hatch
100
AcDbLine
 10
31.950000000000003
 20
-26.013499294879455
 30
0.0
 11
31.96349929487945
 21
-26.000000000000004
 31
0.0
  0
LWPOLYLINE
  5
797
330
17
100
AcDbEntity
  8
marco
100
AcDbPolyline
 90
4
 70
1
 10
31.950000000000003
 20
-26.0
 10
41.45
 20
-26.0
 10
41.45
 20
-29.1
 10
31.950000000000003
 20
-29.1
  0
LINE
  5
798
330
17
100
AcDbEntity
  8
marco-medio
100
AcDbLine
 10
31.950000000000003
 20
-26.700000000000003
 30
0.0
 11
41.45
 21
-26.700000000000003
 31
0.0
  0
LINE
  5
799
330
17
100
AcDbEntity
  8
marco-fino
100
AcDbLine
 10
31.950000000000003
 20
-27.1
 30
0.0
 11
41.45
 21
-27.1
 31
0.0
  0
LINE
  5
79A
330
17
100
AcDbEntity
  8
marco-fino
100
AcDbLine
 10
31.950000000000003
 20
-27.900000000000002
 30
0.0
 11
41.45
 21
-27.900000000000002
 31
0.0
  0
LINE
  5
79B
330
17
100
AcDbEntity
  8
marco-fino
100
AcDbLine
 10
37.35
 20
-27.1
 30
0.0
 11
37.35
 21
-29.1
 31
0.0
  0
LINE
  5
79C
330
17
100
AcDbEntity
  8
marco-fino
100
AcDbLine
 10
31.950000000000003
 20
-28.6
 30
0.0
 11
37.35
 21
-28.6
 31
0.0
  0
LINE
  5
79D
330
17
100
AcDbEntity
  8
marco-fino
100
AcDbLine
 10
34.95
 20
-28.6
 30
0.0
 11
34.95
 21
-29.1
 31
0.0
  0
LINE
  5
79E
330
17
100
AcDbEntity
  8
marco-fino
100
AcDbLine
 10
35.550000000000004
 20
-28.6
 30
0.0
 11
35.550000000000004
 21
-29.1
 31
0.0
  0
TEXT
  5
79F
330
17
100
AcDbEntity
  8
texto
100
AcDbText
 10
32.1
 20
-26.25
 30
0.0
 40
0.145
  1
JMDSI · INGENIERÍA Y ARQUITECTURA
100
AcDbText
  0
TEXT
  5
7A0
330
17
100
AcDbEntity
  8
texto-suave
100
AcDbText
 10
32.1
 20
-26.55
 30
0.0
 40
0.11000000000000001
  1
Planos de proyecto — Bloque Dormitorios
100
AcDbText
  0
TEXT
  5
7A1
330
17
100
AcDbEntity
  8
texto
100
AcDbText
 10
41.300000000000004
 20
-26.25
 30
0.0
 40
0.16
  1
LÁMINA A-05
 72
2
100
AcDbText
  0
TEXT
  5
7A2
330
17
100
AcDbEntity
  8
texto-suave
100
AcDbText
 10
41.300000000000004
 20
-26.55
 30
0.0
 40
0.12
  1
E E 1:75 / 1:330
 72
2
100
AcDbText
  0
TEXT
  5
7A3
330
17
100
AcDbEntity
  8
texto-suave
100
AcDbText
 10
32.1
 20
-27.950000000000003
 30
0.0
 40
0.095
  1
PROYECTO
100
AcDbText
  0
TEXT
  5
7A4
330
17
100
AcDbEntity
  8
texto
100
AcDbText
 10
32.1
 20
-28.150000000000002
 30
0.0
 40
0.125
  1
BLOQUE DORMITORIOS — 2 NIVELES (PLANTA BAJA Y ALTA)
100
AcDbText
  0
TEXT
  5
7A5
330
17
100
AcDbEntity
  8
texto-suave
100
AcDbText
 10
32.1
 20
-28.6
 30
0.0
 40
0.095
  1
CONTENIDO
100
AcDbText
  0
TEXT
  5
7A6
330
17
100
AcDbEntity
  8
texto
100
AcDbText
 10
32.1
 20
-28.8
 30
0.0
 40
0.12
  1
Planta de azotea (cubierta) y planta de situación del conjunto
100
AcDbText
  0
TEXT
  5
7A7
330
17
100
AcDbEntity
  8
texto-suave
100
AcDbText
 10
35.050000000000004
 20
-28.6
 30
0.0
 40
0.095
  1
ESCALA
100
AcDbText
  0
TEXT
  5
7A8
330
17
100
AcDbEntity
  8
texto
100
AcDbText
 10
35.050000000000004
 20
-28.8
 30
0.0
 40
0.12
  1
E 1:75 / 1:330
100
AcDbText
  0
TEXT
  5
7A9
330
17
100
AcDbEntity
  8
texto-suave
100
AcDbText
 10
35.65
 20
-28.6
 30
0.0
 40
0.095
  1
Nº
100
AcDbText
  0
TEXT
  5
7AA
330
17
100
AcDbEntity
  8
texto
100
AcDbText
 10
35.65
 20
-28.8
 30
0.0
 40
0.12
  1
A-05
100
AcDbText
  0
TEXT
  5
7AB
330
17
100
AcDbEntity
  8
texto-suave
100
AcDbText
 10
37.45
 20
-27.1
 30
0.0
 40
0.095
  1
FECHA
100
AcDbText
  0
TEXT
  5
7AC
330
17
100
AcDbEntity
  8
texto
100
AcDbText
 10
37.45
 20
-27.3
 30
0.0
 40
0.12
  1
2026-10-04
100
AcDbText
  0
TEXT
  5
7AD
330
17
100
AcDbEntity
  8
texto-suave
100
AcDbText
 10
37.45
 20
-27.950000000000003
 30
0.0
 40
0.095
  1
DIBUJÓ / REVISÓ
100
AcDbText
  0
TEXT
  5
7AE
330
17
100
AcDbEntity
  8
texto
100
AcDbText
 10
37.45
 20
-28.150000000000002
 30
0.0
 40
0.11000000000000001
  1
JMDSI · Área de Proyectos
100
AcDbText
  0
TEXT
  5
7AF
330
17
100
AcDbEntity
  8
texto-suave
100
AcDbText
 10
32.1
 20
-27.150000000000002
 30
0.0
 40
0.095
  1
EMPLAZAMIENTO / PROMOTOR
100
AcDbText
  0
TEXT
  5
7B0
330
17
100
AcDbEntity
  8
texto
100
AcDbText
 10
32.1
 20
-27.35
 30
0.0
 40
0.105
  1
Campus JMDSI — predio 100,00 × 100,00 m
100
AcDbText
  0
TEXT
  5
7B1
330
17
100
AcDbEntity
  8
texto-suave
100
AcDbText
 10
32.1
 20
-26.700000000000003
 30
0.0
 40
0.095
  1
Nº DE HOJA
100
AcDbText
  0
TEXT
  5
7B2
330
17
100
AcDbEntity
  8
texto
100
AcDbText
 10
32.1
 20
-26.900000000000002
 30
0.0
 40
0.12
  1
1 de 1
100
AcDbText
  0
TEXT
  5
7B3
330
17
100
AcDbEntity
  8
texto-suave
100
AcDbText
 10
35.050000000000004
 20
-26.700000000000003
 30
0.0
 40
0.095
  1
MODIFICACIÓN
100
AcDbText
  0
TEXT
  5
7B4
330
17
100
AcDbEntity
  8
texto
100
AcDbText
 10
35.050000000000004
 20
-26.900000000000002
 30
0.0
 40
0.105
  1
Emisión inicial
100
AcDbText
  0
ENDSEC
  0
SECTION
  2
OBJECTS
  0
DICTIONARY
  5
A
330
0
100
AcDbDictionary
281
1
  3
ACAD_COLOR
350
B
  3
ACAD_GROUP
350
C
  3
ACAD_LAYOUT
350
D
  3
ACAD_MATERIAL
350
E
  3
ACAD_MLEADERSTYLE
350
F
  3
ACAD_MLINESTYLE
350
10
  3
ACAD_PLOTSETTINGS
350
11
  3
ACAD_PLOTSTYLENAME
350
12
  3
ACAD_SCALELIST
350
14
  3
ACAD_TABLESTYLE
350
15
  3
ACAD_VISUALSTYLE
350
16
  3
EZDXF_META
350
2D
  0
DICTIONARY
  5
B
330
A
100
AcDbDictionary
281
1
  0
DICTIONARY
  5
C
330
A
100
AcDbDictionary
281
1
  0
DICTIONARY
  5
D
330
A
100
AcDbDictionary
281
1
  3
Model
350
1A
  3
Layout1
350
1E
  0
DICTIONARY
  5
E
330
A
100
AcDbDictionary
281
1
  3
ByBlock
350
1F
  3
ByLayer
350
20
  3
Global
350
21
  0
DICTIONARY
  5
F
330
A
100
AcDbDictionary
281
1
  3
Standard
350
2C
  0
DICTIONARY
  5
10
330
A
100
AcDbDictionary
281
1
  3
Standard
350
22
  0
DICTIONARY
  5
11
330
A
100
AcDbDictionary
281
1
  0
ACDBDICTIONARYWDFLT
  5
12
330
A
100
AcDbDictionary
281
1
  3
Normal
350
13
100
AcDbDictionaryWithDefault
340
13
  0
ACDBPLACEHOLDER
  5
13
330
12
  0
DICTIONARY
  5
14
330
A
100
AcDbDictionary
281
1
  0
DICTIONARY
  5
15
330
A
100
AcDbDictionary
281
1
  0
DICTIONARY
  5
16
330
A
100
AcDbDictionary
281
1
  3
2dWireframe
350
5A
  3
Basic
350
5B
  3
Brighten
350
5C
  3
ColorChange
350
5D
  3
Conceptual
350
5E
  3
Dim
350
5F
  3
EdgeColorOff
350
60
  3
Facepattern
350
61
  3
Flat
350
62
  3
FlatWithEdges
350
63
  3
Gouraud
350
64
  3
GouraudWithEdges
350
65
  3
Hidden
350
66
  3
JitterOff
350
67
  3
Linepattern
350
68
  3
Modeling
350
69
  3
OverhangOff
350
6A
  3
Realistic
350
6B
  3
Shaded
350
6C
  3
Shaded with edges
350
6D
  3
Shades of Gray
350
6E
  3
Sketchy
350
6F
  3
Thicken
350
70
  3
Wireframe
350
71
  3
X-Ray
350
72
  0
LAYOUT
  5
1A
330
D
100
AcDbPlotSettings
  1

  4
A3
  6

 40
7.5
 41
20.0
 42
7.5
 43
20.0
 44
420.0
 45
297.0
 46
0.0
 47
0.0
 48
0.0
 49
0.0
140
0.0
141
0.0
142
1.0
143
1.0
 70
1024
 72
1
 73
0
 74
5
  7

 75
16
 76
0
 77
2
 78
300
147
1.0
148
0.0
149
0.0
100
AcDbLayout
  1
Model
 70
1
 71
0
 10
0.0
 20
0.0
 11
420.0
 21
297.0
 12
0.0
 22
0.0
 32
0.0
 14
1e+20
 24
1e+20
 34
1e+20
 15
-1e+20
 25
-1e+20
 35
-1e+20
146
0.0
 13
0.0
 23
0.0
 33
0.0
 16
1.0
 26
0.0
 36
0.0
 17
0.0
 27
1.0
 37
0.0
 76
1
330
17
  0
LAYOUT
  5
1E
330
D
100
AcDbPlotSettings
  1

  4
A3
  6

 40
7.5
 41
20.0
 42
7.5
 43
20.0
 44
420.0
 45
297.0
 46
0.0
 47
0.0
 48
0.0
 49
0.0
140
0.0
141
0.0
142
1.0
143
1.0
 70
0
 72
1
 73
0
 74
5
  7

 75
16
 76
0
 77
2
 78
300
147
1.0
148
0.0
149
0.0
100
AcDbLayout
  1
Layout1
 70
1
 71
1
 10
0.0
 20
0.0
 11
420.0
 21
297.0
 12
0.0
 22
0.0
 32
0.0
 14
1e+20
 24
1e+20
 34
1e+20
 15
-1e+20
 25
-1e+20
 35
-1e+20
146
0.0
 13
0.0
 23
0.0
 33
0.0
 16
1.0
 26
0.0
 36
0.0
 17
0.0
 27
1.0
 37
0.0
 76
1
330
1B
  0
MATERIAL
  5
1F
102
{ACAD_REACTORS
330
E
102
}
330
E
100
AcDbMaterial
  1
ByBlock
  2

 70
0
 40
1.0
 71
1
 41
1.0
 91
-1023410177
 42
1.0
 72
1
  3

 73
1
 74
1
 75
1
 44
0.5
 73
0
 45
1.0
 46
1.0
 77
1
  4

 78
1
 79
1
170
1
 48
1.0
171
1
  6

172
1
173
1
174
1
140
1.0
141
1.0
175
1
  7

176
1
177
1
178
1
143
1.0
179
1
  8

270
1
271
1
272
1
145
1.0
146
1.0
273
1
  9

274
1
275
1
276
1
 42
1.0
 72
1
  3

 73
1
 74
1
 75
1
 94
63
  0
MATERIAL
  5
20
102
{ACAD_REACTORS
330
E
102
}
330
E
100
AcDbMaterial
  1
ByLayer
  2

 70
0
 40
1.0
 71
1
 41
1.0
 91
-1023410177
 42
1.0
 72
1
  3

 73
1
 74
1
 75
1
 44
0.5
 73
0
 45
1.0
 46
1.0
 77
1
  4

 78
1
 79
1
170
1
 48
1.0
171
1
  6

172
1
173
1
174
1
140
1.0
141
1.0
175
1
  7

176
1
177
1
178
1
143
1.0
179
1
  8

270
1
271
1
272
1
145
1.0
146
1.0
273
1
  9

274
1
275
1
276
1
 42
1.0
 72
1
  3

 73
1
 74
1
 75
1
 94
63
  0
MATERIAL
  5
21
102
{ACAD_REACTORS
330
E
102
}
330
E
100
AcDbMaterial
  1
Global
  2

 70
0
 40
1.0
 71
1
 41
1.0
 91
-1023410177
 42
1.0
 72
1
  3

 73
1
 74
1
 75
1
 44
0.5
 73
0
 45
1.0
 46
1.0
 77
1
  4

 78
1
 79
1
170
1
 48
1.0
171
1
  6

172
1
173
1
174
1
140
1.0
141
1.0
175
1
  7

176
1
177
1
178
1
143
1.0
179
1
  8

270
1
271
1
272
1
145
1.0
146
1.0
273
1
  9

274
1
275
1
276
1
 42
1.0
 72
1
  3

 73
1
 74
1
 75
1
 94
63
  0
MLINESTYLE
  5
22
102
{ACAD_REACTORS
330
10
102
}
330
10
100
AcDbMlineStyle
  2
Standard
 70
0
  3

 62
256
 51
90.0
 52
90.0
 71
2
 49
0.5
 62
256
  6
BYLAYER
 49
-0.5
 62
256
  6
BYLAYER
  0
MLEADERSTYLE
  5
2C
102
{ACAD_REACTORS
330
F
102
}
330
F
100
AcDbMLeaderStyle
179
2
170
2
171
1
172
0
 90
2
 40
0.0
 41
0.0
173
1
 91
-1056964608
 92
-2
290
1
 42
2.0
291
1
 43
8.0
  3
Standard
 44
4.0
300

342
29
174
1
175
1
176
0
178
1
 93
-1056964608
 45
4.0
292
0
297
0
 46
4.0
 94
-1056964608
 47
1.0
 49
1.0
140
1.0
294
1
141
0.0
177
0
142
1.0
295
0
296
0
143
3.75
271
0
272
9
273
9
  0
DICTIONARY
  5
2D
330
A
100
AcDbDictionary
280
1
281
1
  3
CREATED_BY_EZDXF
350
2E
  3
WRITTEN_BY_EZDXF
350
7B7
  0
DICTIONARYVAR
  5
2E
330
2D
100
DictionaryVariables
280
0
  1
1.4.4 @ 2026-10-04T04:21:34.952669+00:00
  0
VISUALSTYLE
  5
5A
102
{ACAD_REACTORS
330
16
102
}
330
16
100
AcDbVisualStyle
  2
2dWireframe
 70
4
 90
0
 40
0.6
 62
7
290
0
291
0
  0
VISUALSTYLE
  5
5B
102
{ACAD_REACTORS
330
16
102
}
330
16
100
AcDbVisualStyle
  2
Basic
 70
7
 90
1
 40
0.6
 62
7
290
0
291
1
  0
VISUALSTYLE
  5
5C
102
{ACAD_REACTORS
330
16
102
}
330
16
100
AcDbVisualStyle
  2
Brighten
 70
12
 90
2
 40
0.6
 62
7
290
0
291
1
  0
VISUALSTYLE
  5
5D
102
{ACAD_REACTORS
330
16
102
}
330
16
100
AcDbVisualStyle
  2
ColorChange
 70
16
 90
2
 40
0.6
 62
8
290
0
291
1
  0
VISUALSTYLE
  5
5E
102
{ACAD_REACTORS
330
16
102
}
330
16
100
AcDbVisualStyle
  2
Conceptual
 70
9
 90
3
 40
0.6
 62
7
290
0
291
0
  0
VISUALSTYLE
  5
5F
102
{ACAD_REACTORS
330
16
102
}
330
16
100
AcDbVisualStyle
  2
Dim
 70
11
 90
2
 40
0.6
 62
7
290
0
291
1
  0
VISUALSTYLE
  5
60
102
{ACAD_REACTORS
330
16
102
}
330
16
100
AcDbVisualStyle
  2
EdgeColorOff
 70
22
 90
2
 40
0.6
 62
7
290
0
291
1
  0
VISUALSTYLE
  5
61
102
{ACAD_REACTORS
330
16
102
}
330
16
100
AcDbVisualStyle
  2
Facepattern
 70
15
 90
2
 40
0.6
 62
7
290
0
291
1
  0
VISUALSTYLE
  5
62
102
{ACAD_REACTORS
330
16
102
}
330
16
100
AcDbVisualStyle
  2
Flat
 70
0
 90
2
 40
0.6
 62
7
290
0
291
1
  0
VISUALSTYLE
  5
63
102
{ACAD_REACTORS
330
16
102
}
330
16
100
AcDbVisualStyle
  2
FlatWithEdges
 70
1
 90
2
 40
0.6
 62
7
290
0
291
1
  0
VISUALSTYLE
  5
64
102
{ACAD_REACTORS
330
16
102
}
330
16
100
AcDbVisualStyle
  2
Gouraud
 70
2
 90
2
 40
0.6
 62
7
290
0
291
1
  0
VISUALSTYLE
  5
65
102
{ACAD_REACTORS
330
16
102
}
330
16
100
AcDbVisualStyle
  2
GouraudWithEdges
 70
3
 90
2
 40
0.6
 62
7
290
0
291
1
  0
VISUALSTYLE
  5
66
102
{ACAD_REACTORS
330
16
102
}
330
16
100
AcDbVisualStyle
  2
Hidden
 70
6
 90
1
 40
0.6
 62
7
290
0
291
0
  0
VISUALSTYLE
  5
67
102
{ACAD_REACTORS
330
16
102
}
330
16
100
AcDbVisualStyle
  2
JitterOff
 70
20
 90
2
 40
0.6
 62
7
290
0
291
1
  0
VISUALSTYLE
  5
68
102
{ACAD_REACTORS
330
16
102
}
330
16
100
AcDbVisualStyle
  2
Linepattern
 70
14
 90
2
 40
0.6
 62
7
290
0
291
1
  0
VISUALSTYLE
  5
69
102
{ACAD_REACTORS
330
16
102
}
330
16
100
AcDbVisualStyle
  2
Modeling
 70
10
 90
2
 40
0.6
 62
7
290
0
291
0
  0
VISUALSTYLE
  5
6A
102
{ACAD_REACTORS
330
16
102
}
330
16
100
AcDbVisualStyle
  2
OverhangOff
 70
21
 90
2
 40
0.6
 62
7
290
0
291
1
  0
VISUALSTYLE
  5
6B
102
{ACAD_REACTORS
330
16
102
}
330
16
100
AcDbVisualStyle
  2
Realistic
 70
8
 90
2
 40
0.6
 62
7
290
0
291
0
  0
VISUALSTYLE
  5
6C
102
{ACAD_REACTORS
330
16
102
}
330
16
100
AcDbVisualStyle
  2
Shaded
 70
27
 90
2
 40
0.6
 62
7
290
0
291
0
  0
VISUALSTYLE
  5
6D
102
{ACAD_REACTORS
330
16
102
}
330
16
100
AcDbVisualStyle
  2
Shaded with edges
 70
26
 90
2
 40
0.6
 62
7
290
0
291
0
  0
VISUALSTYLE
  5
6E
102
{ACAD_REACTORS
330
16
102
}
330
16
100
AcDbVisualStyle
  2
Shades of Gray
 70
23
 90
2
 40
0.6
 62
7
290
0
291
0
  0
VISUALSTYLE
  5
6F
102
{ACAD_REACTORS
330
16
102
}
330
16
100
AcDbVisualStyle
  2
Sketchy
 70
24
 90
1
 40
0.6
 62
7
290
0
291
0
  0
VISUALSTYLE
  5
70
102
{ACAD_REACTORS
330
16
102
}
330
16
100
AcDbVisualStyle
  2
Thicken
 70
13
 90
2
 40
0.6
 62
7
290
0
291
1
  0
VISUALSTYLE
  5
71
102
{ACAD_REACTORS
330
16
102
}
330
16
100
AcDbVisualStyle
  2
Wireframe
 70
5
 90
0
 40
0.6
 62
7
290
0
291
0
  0
VISUALSTYLE
  5
72
102
{ACAD_REACTORS
330
16
102
}
330
16
100
AcDbVisualStyle
  2
X-Ray
 70
25
 90
2
 40
0.5
 62
7
290
0
291
0
  0
DICTIONARYVAR
  5
7B7
330
2D
100
DictionaryVariables
280
0
  1
1.4.4 @ 2026-10-04T04:21:34.982898+00:00
  0
ENDSEC
  0
EOF
