  0
SECTION
  2
HEADER
  9
$ACADVER
  1
AC1024
  9
$ACADMAINTVER
 70
6
  9
$DWGCODEPAGE
  3
ANSI_1252
  9
$LASTSAVEDBY
  1
ezdxf
  9
$INSBASE
 10
0.0
 20
0.0
 30
0.0
  9
$EXTMIN
 10
1e+20
 20
1e+20
 30
1e+20
  9
$EXTMAX
 10
-1e+20
 20
-1e+20
 30
-1e+20
  9
$LIMMIN
 10
0.0
 20
0.0
  9
$LIMMAX
 10
420.0
 20
297.0
  9
$ORTHOMODE
 70
0
  9
$REGENMODE
 70
1
  9
$FILLMODE
 70
1
  9
$QTEXTMODE
 70
0
  9
$MIRRTEXT
 70
1
  9
$LTSCALE
 40
1.0
  9
$ATTMODE
 70
1
  9
$TEXTSIZE
 40
2.5
  9
$TRACEWID
 40
1.0
  9
$TEXTSTYLE
  7
OpenSans
  9
$CLAYER
  8
0
  9
$CELTYPE
  6
ByLayer
  9
$CECOLOR
 62
256
  9
$CELTSCALE
 40
1.0
  9
$DISPSILH
 70
0
  9
$DIMSCALE
 40
1.0
  9
$DIMASZ
 40
0.175
  9
$DIMEXO
 40
0.125
  9
$DIMDLI
 40
3.75
  9
$DIMRND
 40
0.0
  9
$DIMDLE
 40
0.0
  9
$DIMEXE
 40
0.375
  9
$DIMTP
 40
0.0
  9
$DIMTM
 40
0.0
  9
$DIMTXT
 40
0.25
  9
$DIMCEN
 40
2.5
  9
$DIMTSZ
 40
0.0
  9
$DIMTOL
 70
0
  9
$DIMLIM
 70
0
  9
$DIMTIH
 70
0
  9
$DIMTOH
 70
0
  9
$DIMSE1
 70
0
  9
$DIMSE2
 70
0
  9
$DIMTAD
 70
1
  9
$DIMZIN
 70
12
  9
$DIMBLK
  1
ARCHTICK
  9
$DIMASO
 70
1
  9
$DIMSHO
 70
1
  9
$DIMPOST
  1

  9
$DIMAPOST
  1

  9
$DIMALT
 70
0
  9
$DIMALTD
 70
3
  9
$DIMALTF
 40
0.03937007874
  9
$DIMLFAC
 40
100.0
  9
$DIMTOFL
 70
1
  9
$DIMTVP
 40
0.0
  9
$DIMTIX
 70
0
  9
$DIMSOXD
 70
0
  9
$DIMSAH
 70
0
  9
$DIMBLK1
  1

  9
$DIMBLK2
  1

  9
$DIMSTYLE
  2
EZDXF
  9
$DIMCLRD
 70
0
  9
$DIMCLRE
 70
0
  9
$DIMCLRT
 70
0
  9
$DIMTFAC
 40
0.5
  9
$DIMGAP
 40
0.1
  9
$DIMJUST
 70
0
  9
$DIMSD1
 70
0
  9
$DIMSD2
 70
0
  9
$DIMTOLJ
 70
0
  9
$DIMTZIN
 70
8
  9
$DIMALTZ
 70
0
  9
$DIMALTTZ
 70
0
  9
$DIMUPT
 70
1
  9
$DIMDEC
 70
2
  9
$DIMTDEC
 70
2
  9
$DIMALTU
 70
2
  9
$DIMALTTD
 70
3
  9
$DIMTXSTY
  7
OpenSansCondensed-Light
  9
$DIMAUNIT
 70
0
  9
$DIMADEC
 70
2
  9
$DIMALTRND
 40
0.0
  9
$DIMAZIN
 70
3
  9
$DIMDSEP
 70
46
  9
$DIMATFIT
 70
3
  9
$DIMFRAC
 70
0
  9
$DIMLDRBLK
  1

  9
$DIMLUNIT
 70
2
  9
$DIMLWD
 70
-2
  9
$DIMLWE
 70
-2
  9
$DIMTMOVE
 70
2
  9
$DIMFXL
 40
1.0
  9
$DIMFXLON
 70
0
  9
$DIMJOGANG
 40
0.785398163397
  9
$DIMTFILL
 70
0
  9
$DIMTFILLCLR
 70
0
  9
$DIMARCSYM
 70
0
  9
$DIMLTYPE
  6

  9
$DIMLTEX1
  6

  9
$DIMLTEX2
  6

  9
$DIMTXTDIRECTION
 70
0
  9
$LUNITS
 70
2
  9
$LUPREC
 70
4
  9
$SKETCHINC
 40
1.0
  9
$FILLETRAD
 40
10.0
  9
$AUNITS
 70
0
  9
$AUPREC
 70
2
  9
$MENU
  1
.
  9
$ELEVATION
 40
0.0
  9
$PELEVATION
 40
0.0
  9
$THICKNESS
 40
0.0
  9
$LIMCHECK
 70
0
  9
$CHAMFERA
 40
0.0
  9
$CHAMFERB
 40
0.0
  9
$CHAMFERC
 40
0.0
  9
$CHAMFERD
 40
0.0
  9
$SKPOLY
 70
0
  9
$TDCREATE
 40
2461318.1816550926
  9
$TDUCREATE
 40
2458532.153996898
  9
$TDUPDATE
 40
2461318.1816550926
  9
$TDUUPDATE
 40
2458532.1544311
  9
$TDINDWG
 40
0.0
  9
$TDUSRTIMER
 40
0.0
  9
$USRTIMER
 70
1
  9
$ANGBASE
 50
0.0
  9
$ANGDIR
 70
0
  9
$PDMODE
 70
0
  9
$PDSIZE
 40
0.0
  9
$PLINEWID
 40
0.0
  9
$SPLFRAME
 70
0
  9
$SPLINETYPE
 70
6
  9
$SPLINESEGS
 70
8
  9
$HANDSEED
  5
FF7
  9
$SURFTAB1
 70
6
  9
$SURFTAB2
 70
6
  9
$SURFTYPE
 70
6
  9
$SURFU
 70
6
  9
$SURFV
 70
6
  9
$UCSBASE
  2

  9
$UCSNAME
  2

  9
$UCSORG
 10
0.0
 20
0.0
 30
0.0
  9
$UCSXDIR
 10
1.0
 20
0.0
 30
0.0
  9
$UCSYDIR
 10
0.0
 20
1.0
 30
0.0
  9
$UCSORTHOREF
  2

  9
$UCSORTHOVIEW
 70
0
  9
$UCSORGTOP
 10
0.0
 20
0.0
 30
0.0
  9
$UCSORGBOTTOM
 10
0.0
 20
0.0
 30
0.0
  9
$UCSORGLEFT
 10
0.0
 20
0.0
 30
0.0
  9
$UCSORGRIGHT
 10
0.0
 20
0.0
 30
0.0
  9
$UCSORGFRONT
 10
0.0
 20
0.0
 30
0.0
  9
$UCSORGBACK
 10
0.0
 20
0.0
 30
0.0
  9
$PUCSBASE
  2

  9
$PUCSNAME
  2

  9
$PUCSORG
 10
0.0
 20
0.0
 30
0.0
  9
$PUCSXDIR
 10
1.0
 20
0.0
 30
0.0
  9
$PUCSYDIR
 10
0.0
 20
1.0
 30
0.0
  9
$PUCSORTHOREF
  2

  9
$PUCSORTHOVIEW
 70
0
  9
$PUCSORGTOP
 10
0.0
 20
0.0
 30
0.0
  9
$PUCSORGBOTTOM
 10
0.0
 20
0.0
 30
0.0
  9
$PUCSORGLEFT
 10
0.0
 20
0.0
 30
0.0
  9
$PUCSORGRIGHT
 10
0.0
 20
0.0
 30
0.0
  9
$PUCSORGFRONT
 10
0.0
 20
0.0
 30
0.0
  9
$PUCSORGBACK
 10
0.0
 20
0.0
 30
0.0
  9
$USERI1
 70
0
  9
$USERI2
 70
0
  9
$USERI3
 70
0
  9
$USERI4
 70
0
  9
$USERI5
 70
0
  9
$USERR1
 40
0.0
  9
$USERR2
 40
0.0
  9
$USERR3
 40
0.0
  9
$USERR4
 40
0.0
  9
$USERR5
 40
0.0
  9
$WORLDVIEW
 70
1
  9
$SHADEDGE
 70
3
  9
$SHADEDIF
 70
70
  9
$TILEMODE
 70
1
  9
$MAXACTVP
 70
64
  9
$PINSBASE
 10
0.0
 20
0.0
 30
0.0
  9
$PLIMCHECK
 70
0
  9
$PEXTMIN
 10
1e+20
 20
1e+20
 30
1e+20
  9
$PEXTMAX
 10
-1e+20
 20
-1e+20
 30
-1e+20
  9
$PLIMMIN
 10
0.0
 20
0.0
  9
$PLIMMAX
 10
420.0
 20
297.0
  9
$UNITMODE
 70
0
  9
$VISRETAIN
 70
1
  9
$PLINEGEN
 70
0
  9
$PSLTSCALE
 70
1
  9
$TREEDEPTH
 70
3020
  9
$CMLSTYLE
  2
Standard
  9
$CMLJUST
 70
0
  9
$CMLSCALE
 40
20.0
  9
$PROXYGRAPHICS
 70
1
  9
$MEASUREMENT
 70
1
  9
$CELWEIGHT
370
-1
  9
$ENDCAPS
280
0
  9
$JOINSTYLE
280
0
  9
$LWDISPLAY
290
0
  9
$INSUNITS
 70
6
  9
$HYPERLINKBASE
  1

  9
$STYLESHEET
  1

  9
$XEDIT
290
1
  9
$CEPSNTYPE
380
0
  9
$PSTYLEMODE
290
1
  9
$FINGERPRINTGUID
  2
{D1A4F186-6271-45DA-A4EA-26CC790773E4}
  9
$VERSIONGUID
  2
{06BFC48C-448C-4CF0-BCD4-5CF06D53A449}
  9
$EXTNAMES
290
1
  9
$PSVPSCALE
 40
0.0
  9
$OLESTARTUP
290
0
  9
$SORTENTS
280
127
  9
$INDEXCTL
280
0
  9
$HIDETEXT
280
1
  9
$XCLIPFRAME
280
1
  9
$HALOGAP
280
0
  9
$OBSCOLOR
 70
257
  9
$OBSLTYPE
280
0
  9
$INTERSECTIONDISPLAY
280
0
  9
$INTERSECTIONCOLOR
 70
257
  9
$DIMASSOC
280
2
  9
$PROJECTNAME
  1

  9
$CAMERADISPLAY
290
0
  9
$LENSLENGTH
 40
50.0
  9
$CAMERAHEIGHT
 40
0.0
  9
$STEPSPERSEC
 40
24.0
  9
$STEPSIZE
 40
100.0
  9
$3DDWFPREC
 40
2.0
  9
$PSOLWIDTH
 40
0.005
  9
$PSOLHEIGHT
 40
0.08
  9
$LOFTANG1
 40
1.570796326795
  9
$LOFTANG2
 40
1.570796326795
  9
$LOFTMAG1
 40
0.0
  9
$LOFTMAG2
 40
0.0
  9
$LOFTPARAM
 70
7
  9
$LOFTNORMALS
280
1
  9
$LATITUDE
 40
37.795
  9
$LONGITUDE
 40
-122.394
  9
$NORTHDIRECTION
 40
0.0
  9
$TIMEZONE
 70
-8000
  9
$LIGHTGLYPHDISPLAY
280
1
  9
$TILEMODELIGHTSYNCH
280
1
  9
$CMATERIAL
347
20
  9
$SOLIDHIST
280
0
  9
$SHOWHIST
280
1
  9
$DWFFRAME
280
2
  9
$DGNFRAME
280
2
  9
$REALWORLDSCALE
290
1
  9
$INTERFERECOLOR
 62
256
  9
$CSHADOW
280
0
  9
$SHADOWPLANELOCATION
 40
0.0
  0
ENDSEC
  0
SECTION
  2
CLASSES
  0
CLASS
  1
ACDBDICTIONARYWDFLT
  2
AcDbDictionaryWithDefault
  3
ObjectDBX Classes
 90
0
 91
0
280
0
281
0
  0
CLASS
  1
SUN
  2
AcDbSun
  3
SCENEOE
 90
1153
 91
0
280
0
281
0
  0
CLASS
  1
VISUALSTYLE
  2
AcDbVisualStyle
  3
ObjectDBX Classes
 90
4095
 91
0
280
0
281
0
  0
CLASS
  1
MATERIAL
  2
AcDbMaterial
  3
ObjectDBX Classes
 90
1153
 91
0
280
0
281
0
  0
CLASS
  1
SCALE
  2
AcDbScale
  3
ObjectDBX Classes
 90
1153
 91
0
280
0
281
0
  0
CLASS
  1
TABLESTYLE
  2
AcDbTableStyle
  3
ObjectDBX Classes
 90
4095
 91
0
280
0
281
0
  0
CLASS
  1
MLEADERSTYLE
  2
AcDbMLeaderStyle
  3
ACDB_MLEADERSTYLE_CLASS
 90
4095
 91
0
280
0
281
0
  0
CLASS
  1
DICTIONARYVAR
  2
AcDbDictionaryVar
  3
ObjectDBX Classes
 90
0
 91
0
280
0
281
0
  0
CLASS
  1
CELLSTYLEMAP
  2
AcDbCellStyleMap
  3
ObjectDBX Classes
 90
1152
 91
0
280
0
281
0
  0
CLASS
  1
MENTALRAYRENDERSETTINGS
  2
AcDbMentalRayRenderSettings
  3
SCENEOE
 90
1024
 91
0
280
0
281
0
  0
CLASS
  1
ACDBDETAILVIEWSTYLE
  2
AcDbDetailViewStyle
  3
ObjectDBX Classes
 90
1025
 91
0
280
0
281
0
  0
CLASS
  1
ACDBSECTIONVIEWSTYLE
  2
AcDbSectionViewStyle
  3
ObjectDBX Classes
 90
1025
 91
0
280
0
281
0
  0
CLASS
  1
RASTERVARIABLES
  2
AcDbRasterVariables
  3
ISM
 90
0
 91
0
280
0
281
0
  0
CLASS
  1
LAYOUT
  2
AcDbLayout
  3
ObjectDBX Classes
 90
0
 91
0
280
0
281
0
  0
CLASS
  1
ACDBPLACEHOLDER
  2
AcDbPlaceHolder
  3
ObjectDBX Classes
 90
0
 91
0
280
0
281
0
  0
ENDSEC
  0
SECTION
  2
TABLES
  0
TABLE
  2
VPORT
  5
8
330
0
100
AcDbSymbolTable
 70
1
  0
VPORT
  5
23
330
8
100
AcDbSymbolTableRecord
100
AcDbViewportTableRecord
  2
*Active
 70
0
 10
0.0
 20
0.0
 11
1.0
 21
1.0
 12
0.0
 22
0.0
 13
0.0
 23
0.0
 14
0.5
 24
0.5
 15
0.5
 25
0.5
 16
0.0
 26
0.0
 36
1.0
 17
0.0
 27
0.0
 37
0.0
 40
1000.0
 41
1.34
 42
50.0
 43
0.0
 44
0.0
 50
0.0
 51
0.0
 71
0
 72
1000
 73
1
 74
3
 75
0
 76
0
 77
0
 78
0
281
0
 65
0
146
0.0
  0
ENDTAB
  0
TABLE
  2
LTYPE
  5
2
330
0
100
AcDbSymbolTable
 70
21
  0
LTYPE
  5
24
330
2
100
AcDbSymbolTableRecord
100
AcDbLinetypeTableRecord
  2
ByBlock
 70
0
  3

 72
65
 73
0
 40
0.0
  0
LTYPE
  5
25
330
2
100
AcDbSymbolTableRecord
100
AcDbLinetypeTableRecord
  2
ByLayer
 70
0
  3

 72
65
 73
0
 40
0.0
  0
LTYPE
  5
26
330
2
100
AcDbSymbolTableRecord
100
AcDbLinetypeTableRecord
  2
Continuous
 70
0
  3

 72
65
 73
0
 40
0.0
  0
LTYPE
  5
2F
330
2
100
AcDbSymbolTableRecord
100
AcDbLinetypeTableRecord
  2
CENTER
 70
0
  3
Center ____ _ ____ _ ____ _ ____ _ ____ _ ____
 72
65
 73
4
 40
5.08
 49
3.175
 74
0
 49
-0.635
 74
0
 49
0.635
 74
0
 49
-0.635
 74
0
  0
LTYPE
  5
30
330
2
100
AcDbSymbolTableRecord
100
AcDbLinetypeTableRecord
  2
CENTERX2
 70
0
  3
Center (2x) ________  __  ________  __  ________
 72
65
 73
4
 40
8.89
 49
6.35
 74
0
 49
-0.635
 74
0
 49
1.27
 74
0
 49
-0.635
 74
0
  0
LTYPE
  5
31
330
2
100
AcDbSymbolTableRecord
100
AcDbLinetypeTableRecord
  2
CENTER2
 70
0
  3
Center (.5x) ____ _ ____ _ ____ _ ____ _ ____
 72
65
 73
4
 40
2.54
 49
1.587
 74
0
 49
-0.318
 74
0
 49
0.318
 74
0
 49
-0.318
 74
0
  0
LTYPE
  5
32
330
2
100
AcDbSymbolTableRecord
100
AcDbLinetypeTableRecord
  2
DASHED
 70
0
  3
Dashed __ __ __ __ __ __ __ __ __ __ __ __ __ _
 72
65
 73
2
 40
1.524
 49
1.27
 74
0
 49
-0.254
 74
0
  0
LTYPE
  5
33
330
2
100
AcDbSymbolTableRecord
100
AcDbLinetypeTableRecord
  2
DASHEDX2
 70
0
  3
Dashed (2x) ____  ____  ____  ____  ____  ____
 72
65
 73
2
 40
3.048
 49
2.54
 74
0
 49
-0.508
 74
0
  0
LTYPE
  5
34
330
2
100
AcDbSymbolTableRecord
100
AcDbLinetypeTableRecord
  2
DASHED2
 70
0
  3
Dashed (.5x) _ _ _ _ _ _ _ _ _ _ _ _ _ _
 72
65
 73
2
 40
0.762
 49
0.635
 74
0
 49
-0.127
 74
0
  0
LTYPE
  5
35
330
2
100
AcDbSymbolTableRecord
100
AcDbLinetypeTableRecord
  2
PHANTOM
 70
0
  3
Phantom ______  __  __  ______  __  __  ______
 72
65
 73
6
 40
6.35
 49
3.175
 74
0
 49
-0.635
 74
0
 49
0.635
 74
0
 49
-0.635
 74
0
 49
0.635
 74
0
 49
-0.635
 74
0
  0
LTYPE
  5
36
330
2
100
AcDbSymbolTableRecord
100
AcDbLinetypeTableRecord
  2
PHANTOMX2
 70
0
  3
Phantom (2x)____________    ____    ____    ____________
 72
65
 73
6
 40
10.795
 49
6.35
 74
0
 49
-0.635
 74
0
 49
1.27
 74
0
 49
-0.635
 74
0
 49
1.27
 74
0
 49
-0.635
 74
0
  0
LTYPE
  5
37
330
2
100
AcDbSymbolTableRecord
100
AcDbLinetypeTableRecord
  2
PHANTOM2
 70
0
  3
Phantom (.5x) ___ _ _ ___ _ _ ___ _ _ ___ _ _ ___
 72
65
 73
6
 40
3.175
 49
1.587
 74
0
 49
-0.318
 74
0
 49
0.318
 74
0
 49
-0.318
 74
0
 49
0.318
 74
0
 49
-0.318
 74
0
  0
LTYPE
  5
38
330
2
100
AcDbSymbolTableRecord
100
AcDbLinetypeTableRecord
  2
DASHDOT
 70
0
  3
Dash dot __ . __ . __ . __ . __ . __ . __ . __
 72
65
 73
4
 40
3.556
 49
2.54
 74
0
 49
-0.508
 74
0
 49
0.0
 74
0
 49
-0.508
 74
0
  0
LTYPE
  5
39
330
2
100
AcDbSymbolTableRecord
100
AcDbLinetypeTableRecord
  2
DASHDOTX2
 70
0
  3
Dash dot (2x) ____  .  ____  .  ____  .  ____
 72
65
 73
4
 40
6.096
 49
5.08
 74
0
 49
-0.508
 74
0
 49
0.0
 74
0
 49
-0.508
 74
0
  0
LTYPE
  5
3A
330
2
100
AcDbSymbolTableRecord
100
AcDbLinetypeTableRecord
  2
DASHDOT2
 70
0
  3
Dash dot (.5x) _ . _ . _ . _ . _ . _ . _ . _
 72
65
 73
4
 40
1.778
 49
1.27
 74
0
 49
-0.254
 74
0
 49
0.0
 74
0
 49
-0.254
 74
0
  0
LTYPE
  5
3B
330
2
100
AcDbSymbolTableRecord
100
AcDbLinetypeTableRecord
  2
DOT
 70
0
  3
Dot .  .  .  .  .  .  .  .  .  .  .  .  .  .  .  .
 72
65
 73
2
 40
0.508
 49
0.0
 74
0
 49
-0.508
 74
0
  0
LTYPE
  5
3C
330
2
100
AcDbSymbolTableRecord
100
AcDbLinetypeTableRecord
  2
DOTX2
 70
0
  3
Dot (2x) .    .    .    .    .    .    .    . 
 72
65
 73
2
 40
1.016
 49
0.0
 74
0
 49
-1.016
 74
0
  0
LTYPE
  5
3D
330
2
100
AcDbSymbolTableRecord
100
AcDbLinetypeTableRecord
  2
DOT2
 70
0
  3
Dot (.5) . . . . . . . . . . . . . . . . . . . 
 72
65
 73
2
 40
0.254
 49
0.0
 74
0
 49
-0.254
 74
0
  0
LTYPE
  5
3E
330
2
100
AcDbSymbolTableRecord
100
AcDbLinetypeTableRecord
  2
DIVIDE
 70
0
  3
Divide __ . . __ . . __ . . __ . . __ . . __
 72
65
 73
6
 40
4.064
 49
2.54
 74
0
 49
-0.508
 74
0
 49
0.0
 74
0
 49
-0.508
 74
0
 49
0.0
 74
0
 49
-0.508
 74
0
  0
LTYPE
  5
3F
330
2
100
AcDbSymbolTableRecord
100
AcDbLinetypeTableRecord
  2
DIVIDEX2
 70
0
  3
Divide (2x) ____  . .  ____  . .  ____  . .  ____
 72
65
 73
6
 40
6.604
 49
5.08
 74
0
 49
-0.508
 74
0
 49
0.0
 74
0
 49
-0.508
 74
0
 49
0.0
 74
0
 49
-0.508
 74
0
  0
LTYPE
  5
40
330
2
100
AcDbSymbolTableRecord
100
AcDbLinetypeTableRecord
  2
DIVIDE2
 70
0
  3
Divide(.5x) _ . _ . _ . _ . _ . _ . _ . _
 72
65
 73
6
 40
2.032
 49
1.27
 74
0
 49
-0.254
 74
0
 49
0.0
 74
0
 49
-0.254
 74
0
 49
0.0
 74
0
 49
-0.254
 74
0
  0
ENDTAB
  0
TABLE
  2
LAYER
  5
1
330
0
100
AcDbSymbolTable
 70
35
  0
LAYER
  5
27
330
1
100
AcDbSymbolTableRecord
100
AcDbLayerTableRecord
  2
0
 70
0
 62
7
  6
Continuous
370
-3
390
13
347
21
  0
LAYER
  5
28
330
1
100
AcDbSymbolTableRecord
100
AcDbLayerTableRecord
  2
Defpoints
 70
0
 62
7
  6
Continuous
290
0
370
-3
390
13
347
21
  0
LAYER
  5
8A
330
1
100
AcDbSymbolTableRecord
100
AcDbLayerTableRecord
  2
eje
 70
0
 62
7
  6
CONTINUOUS
370
13
390
13
347
21
  0
LAYER
  5
8B
330
1
100
AcDbSymbolTableRecord
100
AcDbLayerTableRecord
  2
muro-corte
 70
0
 62
7
  6
CONTINUOUS
370
60
390
13
347
21
  0
LAYER
  5
8C
330
1
100
AcDbSymbolTableRecord
100
AcDbLayerTableRecord
  2
muro-fill
 70
0
 62
7
  6
CONTINUOUS
370
25
390
13
347
21
  0
LAYER
  5
8D
330
1
100
AcDbSymbolTableRecord
100
AcDbLayerTableRecord
  2
muro-visto
 70
0
 62
7
  6
CONTINUOUS
370
35
390
13
347
21
  0
LAYER
  5
8E
330
1
100
AcDbSymbolTableRecord
100
AcDbLayerTableRecord
  2
tabique-fill
 70
0
 62
7
  6
CONTINUOUS
370
30
390
13
347
21
  0
LAYER
  5
8F
330
1
100
AcDbSymbolTableRecord
100
AcDbLayerTableRecord
  2
hueco
 70
0
 62
7
  6
CONTINUOUS
370
25
390
13
347
21
  0
LAYER
  5
90
330
1
100
AcDbSymbolTableRecord
100
AcDbLayerTableRecord
  2
carpinteria
 70
0
 62
7
  6
CONTINUOUS
370
25
390
13
347
21
  0
LAYER
  5
91
330
1
100
AcDbSymbolTableRecord
100
AcDbLayerTableRecord
  2
vidrio
 70
0
 62
7
  6
CONTINUOUS
370
18
390
13
347
21
  0
LAYER
  5
92
330
1
100
AcDbSymbolTableRecord
100
AcDbLayerTableRecord
  2
mobiliario
 70
0
 62
7
  6
CONTINUOUS
370
18
390
13
347
21
  0
LAYER
  5
93
330
1
100
AcDbSymbolTableRecord
100
AcDbLayerTableRecord
  2
sanitario
 70
0
 62
7
  6
CONTINUOUS
370
20
390
13
347
21
  0
LAYER
  5
94
330
1
100
AcDbSymbolTableRecord
100
AcDbLayerTableRecord
  2
texto
 70
0
 62
7
  6
CONTINUOUS
370
5
390
13
347
21
  0
LAYER
  5
95
330
1
100
AcDbSymbolTableRecord
100
AcDbLayerTableRecord
  2
texto-suave
 70
0
 62
7
  6
CONTINUOUS
370
5
390
13
347
21
  0
LAYER
  5
96
330
1
100
AcDbSymbolTableRecord
100
AcDbLayerTableRecord
  2
cota
 70
0
 62
7
  6
CONTINUOUS
370
13
390
13
347
21
  0
LAYER
  5
97
330
1
100
AcDbSymbolTableRecord
100
AcDbLayerTableRecord
  2
cota-texto
 70
0
 62
7
  6
CONTINUOUS
370
5
390
13
347
21
  0
LAYER
  5
98
330
1
100
AcDbSymbolTableRecord
100
AcDbLayerTableRecord
  2
nivel
 70
0
 62
7
  6
CONTINUOUS
370
20
390
13
347
21
  0
LAYER
  5
99
330
1
100
AcDbSymbolTableRecord
100
AcDbLayerTableRecord
  2
terreno
 70
0
 62
7
  6
CONTINUOUS
370
35
390
13
347
21
  0
LAYER
  5
9A
330
1
100
AcDbSymbolTableRecord
100
AcDbLayerTableRecord
  2
hormigon
 70
0
 62
7
  6
CONTINUOUS
370
30
390
13
347
21
  0
LAYER
  5
9B
330
1
100
AcDbSymbolTableRecord
100
AcDbLayerTableRecord
  2
hatch
 70
0
 62
7
  6
CONTINUOUS
370
9
390
13
347
21
  0
LAYER
  5
9C
330
1
100
AcDbSymbolTableRecord
100
AcDbLayerTableRecord
  2
hatch-2
 70
0
 62
7
  6
CONTINUOUS
370
9
390
13
347
21
  0
LAYER
  5
9D
330
1
100
AcDbSymbolTableRecord
100
AcDbLayerTableRecord
  2
marco
 70
0
 62
7
  6
CONTINUOUS
370
70
390
13
347
21
  0
LAYER
  5
9E
330
1
100
AcDbSymbolTableRecord
100
AcDbLayerTableRecord
  2
marco-fino
 70
0
 62
7
  6
CONTINUOUS
370
25
390
13
347
21
  0
LAYER
  5
9F
330
1
100
AcDbSymbolTableRecord
100
AcDbLayerTableRecord
  2
marco-medio
 70
0
 62
7
  6
CONTINUOUS
370
40
390
13
347
21
  0
LAYER
  5
A0
330
1
100
AcDbSymbolTableRecord
100
AcDbLayerTableRecord
  2
sombra
 70
0
 62
7
  6
CONTINUOUS
370
5
390
13
347
21
  0
LAYER
  5
A1
330
1
100
AcDbSymbolTableRecord
100
AcDbLayerTableRecord
  2
vegetal
 70
0
 62
7
  6
CONTINUOUS
370
20
390
13
347
21
  0
LAYER
  5
A2
330
1
100
AcDbSymbolTableRecord
100
AcDbLayerTableRecord
  2
arbol
 70
0
 62
7
  6
CONTINUOUS
370
18
390
13
347
21
  0
LAYER
  5
A3
330
1
100
AcDbSymbolTableRecord
100
AcDbLayerTableRecord
  2
agua
 70
0
 62
7
  6
CONTINUOUS
370
20
390
13
347
21
  0
LAYER
  5
A4
330
1
100
AcDbSymbolTableRecord
100
AcDbLayerTableRecord
  2
via
 70
0
 62
7
  6
CONTINUOUS
370
20
390
13
347
21
  0
LAYER
  5
A5
330
1
100
AcDbSymbolTableRecord
100
AcDbLayerTableRecord
  2
edificio
 70
0
 62
7
  6
CONTINUOUS
370
25
390
13
347
21
  0
LAYER
  5
A6
330
1
100
AcDbSymbolTableRecord
100
AcDbLayerTableRecord
  2
destacado
 70
0
 62
7
  6
CONTINUOUS
370
40
390
13
347
21
  0
LAYER
  5
A7
330
1
100
AcDbSymbolTableRecord
100
AcDbLayerTableRecord
  2
azul
 70
0
 62
7
  6
CONTINUOUS
370
25
390
13
347
21
  0
LAYER
  5
A8
330
1
100
AcDbSymbolTableRecord
100
AcDbLayerTableRecord
  2
cubierta
 70
0
 62
7
  6
CONTINUOUS
370
25
390
13
347
21
  0
LAYER
  5
A9
330
1
100
AcDbSymbolTableRecord
100
AcDbLayerTableRecord
  2
proyeccion
 70
0
 62
7
  6
CONTINUOUS
370
15
390
13
347
21
  0
LAYER
  5
AA
330
1
100
AcDbSymbolTableRecord
100
AcDbLayerTableRecord
  2
fondo
 70
0
 62
7
  6
CONTINUOUS
370
5
390
13
347
21
  0
ENDTAB
  0
TABLE
  2
STYLE
  5
5
330
0
100
AcDbSymbolTable
 70
26
  0
STYLE
  5
29
330
5
100
AcDbSymbolTableRecord
100
AcDbTextStyleTableRecord
  2
Standard
 70
0
 40
0.0
 41
1.0
 50
0.0
 71
0
 42
2.5
  3
txt
  4

  0
STYLE
  5
41
330
5
100
AcDbSymbolTableRecord
100
AcDbTextStyleTableRecord
  2
OpenSans-Light
 70
0
 40
0.0
 41
1.0
 50
0.0
 71
0
 42
2.5
  3
OpenSans-Light.ttf
  4

  0
STYLE
  5
42
330
5
100
AcDbSymbolTableRecord
100
AcDbTextStyleTableRecord
  2
OpenSans-Light-Italic
 70
0
 40
0.0
 41
1.0
 50
0.0
 71
0
 42
2.5
  3
OpenSans-LightItalic.ttf
  4

  0
STYLE
  5
43
330
5
100
AcDbSymbolTableRecord
100
AcDbTextStyleTableRecord
  2
OpenSans
 70
0
 40
0.0
 41
1.0
 50
0.0
 71
0
 42
2.5
  3
OpenSans-Regular.ttf
  4

  0
STYLE
  5
44
330
5
100
AcDbSymbolTableRecord
100
AcDbTextStyleTableRecord
  2
OpenSans-Italic
 70
0
 40
0.0
 41
1.0
 50
0.0
 71
0
 42
2.5
  3
OpenSans-Italic.ttf
  4

  0
STYLE
  5
45
330
5
100
AcDbSymbolTableRecord
100
AcDbTextStyleTableRecord
  2
OpenSans-SemiBold
 70
0
 40
0.0
 41
1.0
 50
0.0
 71
0
 42
2.5
  3
OpenSans-SemiBold.ttf
  4

  0
STYLE
  5
46
330
5
100
AcDbSymbolTableRecord
100
AcDbTextStyleTableRecord
  2
OpenSans-SemiBoldItalic
 70
0
 40
0.0
 41
1.0
 50
0.0
 71
0
 42
2.5
  3
OpenSans-SemiBoldItalic.ttf
  4

  0
STYLE
  5
47
330
5
100
AcDbSymbolTableRecord
100
AcDbTextStyleTableRecord
  2
OpenSans-Bold
 70
0
 40
0.0
 41
1.0
 50
0.0
 71
0
 42
2.5
  3
OpenSans-Bold.ttf
  4

  0
STYLE
  5
48
330
5
100
AcDbSymbolTableRecord
100
AcDbTextStyleTableRecord
  2
OpenSans-BoldItalic
 70
0
 40
0.0
 41
1.0
 50
0.0
 71
0
 42
2.5
  3
OpenSans-BoldItalic.ttf
  4

  0
STYLE
  5
49
330
5
100
AcDbSymbolTableRecord
100
AcDbTextStyleTableRecord
  2
OpenSans-ExtraBold
 70
0
 40
0.0
 41
1.0
 50
0.0
 71
0
 42
2.5
  3
OpenSans-ExtraBold.ttf
  4

  0
STYLE
  5
4A
330
5
100
AcDbSymbolTableRecord
100
AcDbTextStyleTableRecord
  2
OpenSans-ExtraBoldItalic
 70
0
 40
0.0
 41
1.0
 50
0.0
 71
0
 42
2.5
  3
OpenSans-ExtraBoldItalic.ttf
  4

  0
STYLE
  5
4B
330
5
100
AcDbSymbolTableRecord
100
AcDbTextStyleTableRecord
  2
OpenSansCondensed-Bold
 70
0
 40
0.0
 41
1.0
 50
0.0
 71
0
 42
2.5
  3
OpenSansCondensed-Bold.ttf
  4

  0
STYLE
  5
4C
330
5
100
AcDbSymbolTableRecord
100
AcDbTextStyleTableRecord
  2
OpenSansCondensed-Light
 70
0
 40
0.0
 41
1.0
 50
0.0
 71
0
 42
2.5
  3
OpenSansCondensed-Light.ttf
  4

  0
STYLE
  5
4D
330
5
100
AcDbSymbolTableRecord
100
AcDbTextStyleTableRecord
  2
OpenSansCondensed-Italic
 70
0
 40
0.0
 41
1.0
 50
0.0
 71
0
 42
2.5
  3
OpenSansCondensed-LightItalic.ttf
  4

  0
STYLE
  5
4E
330
5
100
AcDbSymbolTableRecord
100
AcDbTextStyleTableRecord
  2
LiberationSans
 70
0
 40
0.0
 41
1.0
 50
0.0
 71
0
 42
2.5
  3
LiberationSans-Regular.ttf
  4

  0
STYLE
  5
4F
330
5
100
AcDbSymbolTableRecord
100
AcDbTextStyleTableRecord
  2
LiberationSans-Bold
 70
0
 40
0.0
 41
1.0
 50
0.0
 71
0
 42
2.5
  3
LiberationSans-Bold.ttf
  4

  0
STYLE
  5
50
330
5
100
AcDbSymbolTableRecord
100
AcDbTextStyleTableRecord
  2
LiberationSans-BoldItalic
 70
0
 40
0.0
 41
1.0
 50
0.0
 71
0
 42
2.5
  3
LiberationSans-BoldItalic.ttf
  4

  0
STYLE
  5
51
330
5
100
AcDbSymbolTableRecord
100
AcDbTextStyleTableRecord
  2
LiberationSans-Italic
 70
0
 40
0.0
 41
1.0
 50
0.0
 71
0
 42
2.5
  3
LiberationSans-Italic.ttf
  4

  0
STYLE
  5
52
330
5
100
AcDbSymbolTableRecord
100
AcDbTextStyleTableRecord
  2
LiberationSerif
 70
0
 40
0.0
 41
1.0
 50
0.0
 71
0
 42
2.5
  3
LiberationSerif-Regular.ttf
  4

  0
STYLE
  5
53
330
5
100
AcDbSymbolTableRecord
100
AcDbTextStyleTableRecord
  2
LiberationSerif-Bold
 70
0
 40
0.0
 41
1.0
 50
0.0
 71
0
 42
2.5
  3
LiberationSerif-Bold.ttf
  4

  0
STYLE
  5
54
330
5
100
AcDbSymbolTableRecord
100
AcDbTextStyleTableRecord
  2
LiberationSerif-BoldItalic
 70
0
 40
0.0
 41
1.0
 50
0.0
 71
0
 42
2.5
  3
LiberationSerif-BoldItalic.ttf
  4

  0
STYLE
  5
55
330
5
100
AcDbSymbolTableRecord
100
AcDbTextStyleTableRecord
  2
LiberationSerif-Italic
 70
0
 40
0.0
 41
1.0
 50
0.0
 71
0
 42
2.5
  3
LiberationSerif-Italic.ttf
  4

  0
STYLE
  5
56
330
5
100
AcDbSymbolTableRecord
100
AcDbTextStyleTableRecord
  2
LiberationMono
 70
0
 40
0.0
 41
1.0
 50
0.0
 71
0
 42
2.5
  3
LiberationMono-Regular.ttf
  4

  0
STYLE
  5
57
330
5
100
AcDbSymbolTableRecord
100
AcDbTextStyleTableRecord
  2
LiberationMono-Bold
 70
0
 40
0.0
 41
1.0
 50
0.0
 71
0
 42
2.5
  3
LiberationMono-Bold.ttf
  4

  0
STYLE
  5
58
330
5
100
AcDbSymbolTableRecord
100
AcDbTextStyleTableRecord
  2
LiberationMono-BoldItalic
 70
0
 40
0.0
 41
1.0
 50
0.0
 71
0
 42
2.5
  3
LiberationMono-BoldItalic.ttf
  4

  0
STYLE
  5
59
330
5
100
AcDbSymbolTableRecord
100
AcDbTextStyleTableRecord
  2
LiberationMono-Italic
 70
0
 40
0.0
 41
1.0
 50
0.0
 71
0
 42
2.5
  3
LiberationMono-Italic.ttf
  4

  0
ENDTAB
  0
TABLE
  2
VIEW
  5
7
330
0
100
AcDbSymbolTable
 70
0
  0
ENDTAB
  0
TABLE
  2
UCS
  5
6
330
0
100
AcDbSymbolTable
 70
0
  0
ENDTAB
  0
TABLE
  2
APPID
  5
3
330
0
100
AcDbSymbolTable
 70
3
  0
APPID
  5
2A
330
3
100
AcDbSymbolTableRecord
100
AcDbRegAppTableRecord
  2
ACAD
 70
0
  0
APPID
  5
FF4
330
3
100
AcDbSymbolTableRecord
100
AcDbRegAppTableRecord
  2
HATCHBACKGROUNDCOLOR
 70
0
  0
APPID
  5
FF5
330
3
100
AcDbSymbolTableRecord
100
AcDbRegAppTableRecord
  2
EZDXF
 70
0
  0
ENDTAB
  0
TABLE
  2
DIMSTYLE
  5
4
330
0
100
AcDbSymbolTable
 70
12
100
AcDbDimStyleTable
  0
DIMSTYLE
105
2B
330
4
100
AcDbSymbolTableRecord
100
AcDbDimStyleTableRecord
  2
Standard
 70
0
 40
1.0
 41
2.5
 42
0.625
 43
3.75
 44
1.25
 45
0.0
 46
0.0
 47
0.0
 48
0.0
 49
2.5
140
2.5
141
2.5
142
0.0
143
0.03937007874
144
1.0
145
0.0
146
1.0
147
0.625
148
0.0
 69
0
 70
0
 71
0
 72
0
 73
0
 74
0
 75
0
 76
0
 77
1
 78
8
 79
3
170
0
171
3
172
1
173
0
174
0
175
0
176
0
177
0
178
0
179
2
271
2
272
2
273
2
274
3
275
0
276
0
277
2
278
44
279
0
280
0
281
0
282
0
283
0
284
8
285
0
286
0
288
0
289
3
290
0
371
-2
372
-2
  0
DIMSTYLE
105
73
330
4
100
AcDbSymbolTableRecord
100
AcDbDimStyleTableRecord
  2
EZDXF
 70
0
 40
1.0
 41
0.175
 42
0.125
 43
3.75
 44
0.375
 45
0.0
 46
0.0
 47
0.0
 48
0.0
 49
2.5
140
0.25
141
2.5
142
0.0
143
0.03937007874
144
100.0
145
0.0
146
0.5
147
0.1
148
0.0
 69
0
 70
0
 71
0
 72
0
 73
0
 74
0
 75
0
 76
0
 77
1
 78
12
 79
3
170
0
171
3
172
1
173
0
174
0
175
0
176
0
177
0
178
0
179
2
271
2
272
2
273
2
274
3
275
0
276
0
277
2
278
46
279
2
280
0
281
0
282
0
283
0
284
8
285
0
286
0
288
1
289
3
290
0
340
4C
342
74
371
-2
372
-2
  0
DIMSTYLE
105
7C
330
4
100
AcDbSymbolTableRecord
100
AcDbDimStyleTableRecord
  2
EZ_M_100_H25_CM
 70
0
 40
1.0
 41
0.25
 42
0.125
 43
3.75
 44
0.375
 45
0.0
 46
0.0
 47
0.0
 48
0.0
 49
2.5
140
0.25
141
2.5
142
0.125
143
0.03937007874
144
100.0
145
0.0
146
0.5
147
0.1
148
0.0
 69
0
 70
0
 71
0
 72
0
 73
0
 74
0
 75
0
 76
0
 77
1
 78
12
 79
3
170
0
171
3
172
1
173
0
174
0
175
0
176
0
177
0
178
0
179
2
271
2
272
2
273
2
274
3
275
0
276
0
277
2
278
46
279
2
280
0
281
0
282
0
283
0
284
8
285
0
286
0
288
1
289
3
290
0
340
4C
371
-2
372
-2
  0
DIMSTYLE
105
7D
330
4
100
AcDbSymbolTableRecord
100
AcDbDimStyleTableRecord
  2
EZ_M_50_H25_CM
 70
0
 40
1.0
 41
0.125
 42
0.0625
 43
3.75
 44
0.1875
 45
0.0
 46
0.0
 47
0.0
 48
0.0
 49
2.5
140
0.125
141
2.5
142
0.0625
143
0.03937007874
144
100.0
145
0.0
146
0.5
147
0.05
148
0.0
 69
0
 70
0
 71
0
 72
0
 73
0
 74
0
 75
0
 76
0
 77
1
 78
12
 79
3
170
0
171
3
172
1
173
0
174
0
175
0
176
0
177
0
178
0
179
2
271
2
272
2
273
2
274
3
275
0
276
0
277
2
278
46
279
2
280
0
281
0
282
0
283
0
284
8
285
0
286
0
288
1
289
3
290
0
340
4C
371
-2
372
-2
  0
DIMSTYLE
105
7E
330
4
100
AcDbSymbolTableRecord
100
AcDbDimStyleTableRecord
  2
EZ_M_25_H25_CM
 70
0
 40
1.0
 41
0.0625
 42
0.03125
 43
3.75
 44
0.09375
 45
0.0
 46
0.0
 47
0.0
 48
0.0
 49
2.5
140
0.0625
141
2.5
142
0.03125
143
0.03937007874
144
100.0
145
0.0
146
0.5
147
0.025
148
0.0
 69
0
 70
0
 71
0
 72
0
 73
0
 74
0
 75
0
 76
0
 77
1
 78
12
 79
3
170
0
171
3
172
1
173
0
174
0
175
0
176
0
177
0
178
0
179
2
271
2
272
2
273
2
274
3
275
0
276
0
277
2
278
46
279
2
280
0
281
0
282
0
283
0
284
8
285
0
286
0
288
1
289
3
290
0
340
4C
371
-2
372
-2
  0
DIMSTYLE
105
7F
330
4
100
AcDbSymbolTableRecord
100
AcDbDimStyleTableRecord
  2
EZ_M_20_H25_CM
 70
0
 40
1.0
 41
0.05
 42
0.025
 43
3.75
 44
0.07500000000000001
 45
0.0
 46
0.0
 47
0.0
 48
0.0
 49
2.5
140
0.05
141
2.5
142
0.025
143
0.03937007874
144
100.0
145
0.0
146
0.5
147
0.020000000000000004
148
0.0
 69
0
 70
0
 71
0
 72
0
 73
0
 74
0
 75
0
 76
0
 77
1
 78
12
 79
3
170
0
171
3
172
1
173
0
174
0
175
0
176
0
177
0
178
0
179
2
271
2
272
2
273
2
274
3
275
0
276
0
277
2
278
46
279
2
280
0
281
0
282
0
283
0
284
8
285
0
286
0
288
1
289
3
290
0
340
4C
371
-2
372
-2
  0
DIMSTYLE
105
80
330
4
100
AcDbSymbolTableRecord
100
AcDbDimStyleTableRecord
  2
EZ_M_10_H25_CM
 70
0
 40
1.0
 41
0.025
 42
0.0125
 43
3.75
 44
0.037500000000000006
 45
0.0
 46
0.0
 47
0.0
 48
0.0
 49
2.5
140
0.025
141
2.5
142
0.0125
143
0.03937007874
144
100.0
145
0.0
146
0.5
147
0.010000000000000002
148
0.0
 69
0
 70
0
 71
0
 72
0
 73
0
 74
0
 75
0
 76
0
 77
1
 78
12
 79
3
170
0
171
3
172
1
173
0
174
0
175
0
176
0
177
0
178
0
179
2
271
2
272
2
273
2
274
3
275
0
276
0
277
2
278
46
279
2
280
0
281
0
282
0
283
0
284
8
285
0
286
0
288
1
289
3
290
0
340
4C
371
-2
372
-2
  0
DIMSTYLE
105
81
330
4
100
AcDbSymbolTableRecord
100
AcDbDimStyleTableRecord
  2
EZ_M_5_H25_CM
 70
0
 40
1.0
 41
0.0125
 42
0.00625
 43
3.75
 44
0.018750000000000003
 45
0.0
 46
0.0
 47
0.0
 48
0.0
 49
2.5
140
0.0125
141
2.5
142
0.00625
143
0.03937007874
144
100.0
145
0.0
146
0.5
147
0.005000000000000001
148
0.0
 69
0
 70
0
 71
0
 72
0
 73
0
 74
0
 75
0
 76
0
 77
1
 78
12
 79
3
170
0
171
3
172
1
173
0
174
0
175
0
176
0
177
0
178
0
179
2
271
2
272
2
273
2
274
3
275
0
276
0
277
2
278
46
279
2
280
0
281
0
282
0
283
0
284
8
285
0
286
0
288
1
289
3
290
0
340
4C
371
-2
372
-2
  0
DIMSTYLE
105
82
330
4
100
AcDbSymbolTableRecord
100
AcDbDimStyleTableRecord
  2
EZ_M_1_H25_CM
 70
0
 40
1.0
 41
0.0025
 42
0.00125
 43
3.75
 44
0.00375
 45
0.0
 46
0.0
 47
0.0
 48
0.0
 49
2.5
140
0.0025
141
2.5
142
0.00125
143
0.03937007874
144
100.0
145
0.0
146
0.5
147
0.001
148
0.0
 69
0
 70
0
 71
0
 72
0
 73
0
 74
0
 75
0
 76
0
 77
1
 78
12
 79
3
170
0
171
3
172
1
173
0
174
0
175
0
176
0
177
0
178
0
179
2
271
2
272
2
273
2
274
3
275
0
276
0
277
2
278
46
279
2
280
0
281
0
282
0
283
0
284
8
285
0
286
0
288
1
289
3
290
0
340
4C
371
-2
372
-2
  0
DIMSTYLE
105
83
330
4
100
AcDbSymbolTableRecord
100
AcDbDimStyleTableRecord
  2
EZ_RADIUS
 70
0
 40
1.0
 41
0.25
 42
0.125
 43
3.75
 44
0.375
 45
0.0
 46
0.0
 47
0.0
 48
0.0
 49
2.5
140
0.25
141
0.0
142
0.0
143
0.03937007874
144
100.0
145
0.0
146
0.5
147
0.1
148
0.0
 69
0
 70
0
 71
0
 72
0
 73
0
 74
0
 75
0
 76
0
 77
1
 78
12
 79
3
170
0
171
3
172
0
173
0
174
0
175
0
176
0
177
0
178
0
179
2
271
2
272
2
273
2
274
3
275
0
276
0
277
2
278
46
279
1
280
0
281
0
282
0
283
0
284
8
285
0
286
0
288
1
289
3
290
0
340
4C
342
84
371
-2
372
-2
  0
DIMSTYLE
105
88
330
4
100
AcDbSymbolTableRecord
100
AcDbDimStyleTableRecord
  2
EZ_RADIUS_INSIDE
 70
0
 40
1.0
 41
0.25
 42
0.125
 43
3.75
 44
0.375
 45
0.0
 46
0.0
 47
0.0
 48
0.0
 49
2.5
140
0.25
141
0.0
142
0.0
143
0.03937007874
144
100.0
145
0.0
146
0.5
147
0.1
148
0.0
 69
0
 70
0
 71
0
 72
0
 73
0
 74
0
 75
0
 76
0
 77
0
 78
12
 79
3
170
0
171
3
172
0
173
0
174
1
175
0
176
0
177
0
178
0
179
2
271
2
272
2
273
2
274
3
275
0
276
0
277
2
278
46
279
0
280
0
281
0
282
0
283
0
284
8
285
0
286
0
288
1
289
0
290
0
340
4C
342
84
371
-2
372
-2
  0
DIMSTYLE
105
89
330
4
100
AcDbSymbolTableRecord
100
AcDbDimStyleTableRecord
  2
EZ_CURVED
 70
0
 40
1.0
 41
0.25
 42
0.125
 43
3.75
 44
0.375
 45
0.0
 46
0.0
 47
0.0
 48
0.0
 49
2.5
140
0.25
141
2.5
142
0.0
143
0.03937007874
144
100.0
145
0.0
146
0.5
147
0.1
148
0.0
 69
0
 70
0
 71
0
 72
0
 73
0
 74
0
 75
0
 76
0
 77
1
 78
12
 79
2
 90
2
170
0
171
3
172
1
173
0
174
0
175
0
176
0
177
0
178
0
179
2
271
2
272
2
273
2
274
3
275
0
276
0
277
2
278
46
279
2
280
0
281
0
282
0
283
0
284
8
285
0
286
0
288
1
289
3
290
0
340
4C
371
-2
372
-2
  0
ENDTAB
  0
TABLE
  2
BLOCK_RECORD
  5
9
330
0
100
AcDbSymbolTable
 70
5
  0
BLOCK_RECORD
  5
17
330
9
100
AcDbSymbolTableRecord
100
AcDbBlockTableRecord
  2
*Model_Space
340
1A
 70
0
280
1
281
0
  0
BLOCK_RECORD
  5
1B
330
9
100
AcDbSymbolTableRecord
100
AcDbBlockTableRecord
  2
*Paper_Space
340
1E
 70
0
280
1
281
0
  0
BLOCK_RECORD
  5
74
330
9
100
AcDbSymbolTableRecord
100
AcDbBlockTableRecord
  2
_ARCHTICK
340
0
 70
0
280
1
281
0
  0
BLOCK_RECORD
  5
78
330
9
100
AcDbSymbolTableRecord
100
AcDbBlockTableRecord
  2
_CLOSEDFILLED
340
0
 70
0
280
1
281
0
  0
BLOCK_RECORD
  5
84
330
9
100
AcDbSymbolTableRecord
100
AcDbBlockTableRecord
  2
_CLOSEDBLANK
340
0
 70
0
280
1
281
0
  0
ENDTAB
  0
ENDSEC
  0
SECTION
  2
BLOCKS
  0
BLOCK
  5
18
330
17
100
AcDbEntity
  8
0
100
AcDbBlockBegin
  2
*Model_Space
 70
0
 10
0.0
 20
0.0
 30
0.0
  3
*Model_Space
  1

  0
ENDBLK
  5
19
330
17
100
AcDbEntity
  8
0
100
AcDbBlockEnd
  0
BLOCK
  5
1C
330
1B
100
AcDbEntity
  8
0
100
AcDbBlockBegin
  2
*Paper_Space
 70
0
 10
0.0
 20
0.0
 30
0.0
  3
*Paper_Space
  1

  0
ENDBLK
  5
1D
330
1B
100
AcDbEntity
  8
0
100
AcDbBlockEnd
  0
BLOCK
  5
75
330
74
100
AcDbEntity
  8
0
100
AcDbBlockBegin
  2
_ARCHTICK
 70
0
 10
0.0
 20
0.0
 30
0.0
  3
_ARCHTICK
  1

  0
LWPOLYLINE
  5
77
330
74
100
AcDbEntity
  8
0
  6
BYBLOCK
 62
0
100
AcDbPolyline
 90
2
 70
0
 43
0.15
 10
-0.5
 20
-0.5
 10
0.5
 20
0.5
  0
ENDBLK
  5
76
330
74
100
AcDbEntity
  8
0
100
AcDbBlockEnd
  0
BLOCK
  5
79
330
78
100
AcDbEntity
  8
0
100
AcDbBlockBegin
  2
_CLOSEDFILLED
 70
0
 10
0.0
 20
0.0
 30
0.0
  3
_CLOSEDFILLED
  1

  0
SOLID
  5
7B
330
78
100
AcDbEntity
  8
0
  6
BYBLOCK
 62
0
100
AcDbTrace
 10
-1.0
 20
0.16439898372402537
 30
0.0
 11
0.0
 21
0.0
 31
0.0
 12
-1.0
 22
-0.16439898372402537
 32
0.0
 13
-1.0
 23
-0.16439898372402537
 33
0.0
  0
ENDBLK
  5
7A
330
78
100
AcDbEntity
  8
0
100
AcDbBlockEnd
  0
BLOCK
  5
85
330
84
100
AcDbEntity
  8
0
100
AcDbBlockBegin
  2
_CLOSEDBLANK
 70
0
 10
0.0
 20
0.0
 30
0.0
  3
_CLOSEDBLANK
  1

  0
LWPOLYLINE
  5
87
330
84
100
AcDbEntity
  8
0
  6
BYBLOCK
 62
0
100
AcDbPolyline
 90
3
 70
1
 10
-1.0
 20
0.16439898372402537
 10
0.0
 20
0.0
 10
-1.0
 20
-0.16439898372402537
  0
ENDBLK
  5
86
330
84
100
AcDbEntity
  8
0
100
AcDbBlockEnd
  0
ENDSEC
  0
SECTION
  2
ENTITIES
  0
LINE
  5
AB
330
17
100
AcDbEntity
  8
marco
100
AcDbLine
 10
1.25
 20
-0.6000000000000001
 30
0.0
 11
41.45
 21
-0.6000000000000001
 31
0.0
  0
LINE
  5
AC
330
17
100
AcDbEntity
  8
marco
100
AcDbLine
 10
41.45
 20
-0.6000000000000001
 30
0.0
 11
41.45
 21
-29.1
 31
0.0
  0
LINE
  5
AD
330
17
100
AcDbEntity
  8
marco
100
AcDbLine
 10
41.45
 20
-29.1
 30
0.0
 11
1.25
 21
-29.1
 31
0.0
  0
LINE
  5
AE
330
17
100
AcDbEntity
  8
marco
100
AcDbLine
 10
1.25
 20
-29.1
 30
0.0
 11
1.25
 21
-0.6000000000000001
 31
0.0
  0
LINE
  5
AF
330
17
100
AcDbEntity
  8
marco-fino
100
AcDbLine
 10
6.25
 20
-0.6000000000000001
 30
0.0
 11
6.25
 21
-0.8
 31
0.0
  0
LINE
  5
B0
330
17
100
AcDbEntity
  8
marco-fino
100
AcDbLine
 10
11.25
 20
-0.6000000000000001
 30
0.0
 11
11.25
 21
-0.8
 31
0.0
  0
LINE
  5
B1
330
17
100
AcDbEntity
  8
marco-fino
100
AcDbLine
 10
16.25
 20
-0.6000000000000001
 30
0.0
 11
16.25
 21
-0.8
 31
0.0
  0
LINE
  5
B2
330
17
100
AcDbEntity
  8
marco-fino
100
AcDbLine
 10
21.25
 20
-0.6000000000000001
 30
0.0
 11
21.25
 21
-0.8
 31
0.0
  0
LINE
  5
B3
330
17
100
AcDbEntity
  8
marco-fino
100
AcDbLine
 10
26.25
 20
-0.6000000000000001
 30
0.0
 11
26.25
 21
-0.8
 31
0.0
  0
LINE
  5
B4
330
17
100
AcDbEntity
  8
marco-fino
100
AcDbLine
 10
31.25
 20
-0.6000000000000001
 30
0.0
 11
31.25
 21
-0.8
 31
0.0
  0
LINE
  5
B5
330
17
100
AcDbEntity
  8
marco-fino
100
AcDbLine
 10
36.25
 20
-0.6000000000000001
 30
0.0
 11
36.25
 21
-0.8
 31
0.0
  0
LINE
  5
B6
330
17
100
AcDbEntity
  8
terreno
100
AcDbLine
 10
-1.2
 20
-0.45
 30
0.0
 11
0.0
 21
-0.45
 31
0.0
  0
LINE
  5
B7
330
17
100
AcDbEntity
  8
terreno
100
AcDbLine
 10
-1.2
 20
-0.45
 30
0.0
 11
-1.3799999999999997
 21
-0.65
 31
0.0
  0
LINE
  5
B8
330
17
100
AcDbEntity
  8
terreno
100
AcDbLine
 10
-0.7799999999999997
 20
-0.45
 30
0.0
 11
-0.9600000000000002
 21
-0.65
 31
0.0
  0
LINE
  5
B9
330
17
100
AcDbEntity
  8
terreno
100
AcDbLine
 10
-0.35999999999999943
 20
-0.45
 30
0.0
 11
-0.5400000000000006
 21
-0.65
 31
0.0
  0
LINE
  5
BA
330
17
100
AcDbEntity
  8
terreno
100
AcDbLine
 10
9.6
 20
-0.45
 30
0.0
 11
10.8
 21
-0.45
 31
0.0
  0
LINE
  5
BB
330
17
100
AcDbEntity
  8
terreno
100
AcDbLine
 10
9.6
 20
-0.45
 30
0.0
 11
9.419999999999998
 21
-0.65
 31
0.0
  0
LINE
  5
BC
330
17
100
AcDbEntity
  8
terreno
100
AcDbLine
 10
10.02
 20
-0.45
 30
0.0
 11
9.84
 21
-0.65
 31
0.0
  0
LINE
  5
BD
330
17
100
AcDbEntity
  8
terreno
100
AcDbLine
 10
10.439999999999998
 20
-0.45
 30
0.0
 11
10.26
 21
-0.65
 31
0.0
  0
LINE
  5
BE
330
17
100
AcDbEntity
  8
terreno
100
AcDbLine
 10
-0.5656854249492383
 20
-1.65
 30
0.0
 11
0.0
 21
-1.084314575050763
 31
0.0
  0
LINE
  5
BF
330
17
100
AcDbEntity
  8
terreno
100
AcDbLine
 10
-1.1313708498984767
 20
-1.65
 30
0.0
 11
0.0
 21
-0.5186291501015233
 31
0.0
  0
LINE
  5
C0
330
17
100
AcDbEntity
  8
terreno
100
AcDbLine
 10
-1.2
 20
-1.1529437251522865
 30
0.0
 11
-0.497056274847715
 21
-0.45
 31
0.0
  0
LINE
  5
C1
330
17
100
AcDbEntity
  8
terreno
100
AcDbLine
 10
-1.2
 20
-0.5872583002030467
 30
0.0
 11
-1.0627416997969519
 21
-0.45
 31
0.0
  0
LINE
  5
C2
330
17
100
AcDbEntity
  8
terreno
100
AcDbLine
 10
10.234314575050764
 20
-1.65
 30
0.0
 11
10.8
 21
-1.084314575050763
 31
0.0
  0
LINE
  5
C3
330
17
100
AcDbEntity
  8
terreno
100
AcDbLine
 10
9.668629150101523
 20
-1.65
 30
0.0
 11
10.8
 21
-0.5186291501015233
 31
0.0
  0
LINE
  5
C4
330
17
100
AcDbEntity
  8
terreno
100
AcDbLine
 10
9.599999999999998
 20
-1.1529437251522894
 30
0.0
 11
10.302943725152286
 21
-0.45
 31
0.0
  0
LINE
  5
C5
330
17
100
AcDbEntity
  8
terreno
100
AcDbLine
 10
9.599999999999998
 20
-0.5872583002030496
 30
0.0
 11
9.737258300203049
 21
-0.45
 31
0.0
  0
LINE
  5
C6
330
17
100
AcDbEntity
  8
hatch
100
AcDbLine
 10
8.784314575050761
 20
-0.45
 30
0.0
 11
8.984314575050764
 21
-0.25
 31
0.0
  0
LINE
  5
C7
330
17
100
AcDbEntity
  8
hatch
100
AcDbLine
 10
8.218629150101524
 20
-0.45
 30
0.0
 11
8.418629150101527
 21
-0.25
 31
0.0
  0
LINE
  5
C8
330
17
100
AcDbEntity
  8
hatch
100
AcDbLine
 10
7.652943725152284
 20
-0.45
 30
0.0
 11
7.8529437251522864
 21
-0.25
 31
0.0
  0
LINE
  5
C9
330
17
100
AcDbEntity
  8
hatch
100
AcDbLine
 10
7.087258300203047
 20
-0.45
 30
0.0
 11
7.287258300203047
 21
-0.25
 31
0.0
  0
LINE
  5
CA
330
17
100
AcDbEntity
  8
hatch
100
AcDbLine
 10
6.52157287525381
 20
-0.45
 30
0.0
 11
6.72157287525381
 21
-0.25
 31
0.0
  0
LINE
  5
CB
330
17
100
AcDbEntity
  8
hatch
100
AcDbLine
 10
5.955887450304573
 20
-0.45
 30
0.0
 11
6.155887450304573
 21
-0.25
 31
0.0
  0
LINE
  5
CC
330
17
100
AcDbEntity
  8
hatch
100
AcDbLine
 10
5.390202025355334
 20
-0.45
 30
0.0
 11
5.590202025355334
 21
-0.25
 31
0.0
  0
LINE
  5
CD
330
17
100
AcDbEntity
  8
hatch
100
AcDbLine
 10
4.824516600406095
 20
-0.45
 30
0.0
 11
5.024516600406097
 21
-0.25
 31
0.0
  0
LINE
  5
CE
330
17
100
AcDbEntity
  8
hatch
100
AcDbLine
 10
4.258831175456857
 20
-0.45
 30
0.0
 11
4.458831175456858
 21
-0.25
 31
0.0
  0
LINE
  5
CF
330
17
100
AcDbEntity
  8
hatch
100
AcDbLine
 10
3.6931457505076195
 20
-0.45
 30
0.0
 11
3.8931457505076197
 21
-0.25
 31
0.0
  0
LINE
  5
D0
330
17
100
AcDbEntity
  8
hatch
100
AcDbLine
 10
3.1274603255583813
 20
-0.45
 30
0.0
 11
3.3274603255583814
 21
-0.25
 31
0.0
  0
LINE
  5
D1
330
17
100
AcDbEntity
  8
hatch
100
AcDbLine
 10
2.561774900609143
 20
-0.45
 30
0.0
 11
2.7617749006091414
 21
-0.25
 31
0.0
  0
LINE
  5
D2
330
17
100
AcDbEntity
  8
hatch
100
AcDbLine
 10
1.9960894756599061
 20
-0.45
 30
0.0
 11
2.196089475659906
 21
-0.25
 31
0.0
  0
LINE
  5
D3
330
17
100
AcDbEntity
  8
hatch
100
AcDbLine
 10
1.4304040507106663
 20
-0.45
 30
0.0
 11
1.6304040507106663
 21
-0.25
 31
0.0
  0
LINE
  5
D4
330
17
100
AcDbEntity
  8
hatch
100
AcDbLine
 10
0.8647186257614294
 20
-0.45
 30
0.0
 11
1.0647186257614294
 21
-0.25
 31
0.0
  0
LINE
  5
D5
330
17
100
AcDbEntity
  8
hatch
100
AcDbLine
 10
0.2990332008121911
 20
-0.45
 30
0.0
 11
0.49903320081219105
 21
-0.25
 31
0.0
  0
LWPOLYLINE
  5
D6
330
17
100
AcDbEntity
  8
hormigon
100
AcDbPolyline
 90
4
 70
1
 10
-0.225
 20
-1.05
 10
0.475
 20
-1.05
 10
0.475
 20
-0.8
 10
-0.225
 20
-0.8
  0
LINE
  5
D7
330
17
100
AcDbEntity
  8
hatch
100
AcDbLine
 10
0.19215728752538103
 20
-1.05
 30
0.0
 11
0.4421572875253811
 21
-0.8
 31
0.0
  0
LINE
  5
D8
330
17
100
AcDbEntity
  8
hatch
100
AcDbLine
 10
-0.09068542494923809
 20
-1.05
 30
0.0
 11
0.15931457505076196
 21
-0.8
 31
0.0
  0
LINE
  5
D9
330
17
100
AcDbEntity
  8
hatch
100
AcDbLine
 10
-0.22500000000000003
 20
-0.9014718625761429
 30
0.0
 11
-0.12352813742385715
 21
-0.8
 31
0.0
  0
LWPOLYLINE
  5
DA
330
17
100
AcDbEntity
  8
muro-corte
100
AcDbPolyline
 90
4
 70
1
 10
-0.225
 20
-1.05
 10
0.475
 20
-1.05
 10
0.475
 20
-0.8
 10
-0.225
 20
-0.8
  0
LINE
  5
DB
330
17
100
AcDbEntity
  8
hatch
100
AcDbLine
 10
0.09068542494923833
 20
-0.8
 30
0.0
 11
0.3406854249492383
 21
-1.05
 31
0.0
  0
LWPOLYLINE
  5
DC
330
17
100
AcDbEntity
  8
hormigon
100
AcDbPolyline
 90
4
 70
1
 10
0.0
 20
-0.8
 10
0.25
 20
-0.8
 10
0.25
 20
-0.2
 10
0.0
 20
-0.2
  0
LINE
  5
DD
330
17
100
AcDbEntity
  8
hatch
100
AcDbLine
 10
5.551115123125783e-17
 20
-0.7671572875253811
 30
0.0
 11
0.25
 21
-0.5171572875253811
 31
0.0
  0
LINE
  5
DE
330
17
100
AcDbEntity
  8
hatch
100
AcDbLine
 10
0.0
 20
-0.48431457505076203
 30
0.0
 11
0.25000000000000006
 21
-0.23431457505076203
 31
0.0
  0
LINE
  5
DF
330
17
100
AcDbEntity
  8
hatch
100
AcDbLine
 10
0.0
 20
-0.20147186257614297
 30
0.0
 11
0.0014718625761429294
 21
-0.2
 31
0.0
  0
LWPOLYLINE
  5
E0
330
17
100
AcDbEntity
  8
muro-corte
100
AcDbPolyline
 90
4
 70
1
 10
0.0
 20
-0.8
 10
0.25
 20
-0.8
 10
0.25
 20
-0.2
 10
0.0
 20
-0.2
  0
LWPOLYLINE
  5
E1
330
17
100
AcDbEntity
  8
hormigon
100
AcDbPolyline
 90
4
 70
1
 10
3.525
 20
-1.05
 10
4.225
 20
-1.05
 10
4.225
 20
-0.8
 10
3.525
 20
-0.8
  0
LINE
  5
E2
330
17
100
AcDbEntity
  8
hatch
100
AcDbLine
 10
3.9421572875253803
 20
-1.0500000000000003
 30
0.0
 11
4.19215728752538
 21
-0.8000000000000005
 31
0.0
  0
LINE
  5
E3
330
17
100
AcDbEntity
  8
hatch
100
AcDbLine
 10
3.659314575050762
 20
-1.0499999999999998
 30
0.0
 11
3.909314575050762
 21
-0.8
 31
0.0
  0
LINE
  5
E4
330
17
100
AcDbEntity
  8
hatch
100
AcDbLine
 10
3.525
 20
-0.9014718625761431
 30
0.0
 11
3.6264718625761425
 21
-0.8000000000000003
 31
0.0
  0
LWPOLYLINE
  5
E5
330
17
100
AcDbEntity
  8
muro-corte
100
AcDbPolyline
 90
4
 70
1
 10
3.525
 20
-1.05
 10
4.225
 20
-1.05
 10
4.225
 20
-0.8
 10
3.525
 20
-0.8
  0
LINE
  5
E6
330
17
100
AcDbEntity
  8
hatch
100
AcDbLine
 10
3.840685424949238
 20
-0.8
 30
0.0
 11
4.090685424949238
 21
-1.05
 31
0.0
  0
LWPOLYLINE
  5
E7
330
17
100
AcDbEntity
  8
hormigon
100
AcDbPolyline
 90
4
 70
1
 10
3.8
 20
-0.8
 10
3.95
 20
-0.8
 10
3.95
 20
-0.2
 10
3.8
 20
-0.2
  0
LINE
  5
E8
330
17
100
AcDbEntity
  8
hatch
100
AcDbLine
 10
3.8
 20
-0.6671572875253808
 30
0.0
 11
3.95
 21
-0.5171572875253809
 31
0.0
  0
LINE
  5
E9
330
17
100
AcDbEntity
  8
hatch
100
AcDbLine
 10
3.8
 20
-0.3843145750507626
 30
0.0
 11
3.95
 21
-0.23431457505076225
 31
0.0
  0
LWPOLYLINE
  5
EA
330
17
100
AcDbEntity
  8
muro-corte
100
AcDbPolyline
 90
4
 70
1
 10
3.8
 20
-0.8
 10
3.95
 20
-0.8
 10
3.95
 20
-0.2
 10
3.8
 20
-0.2
  0
LWPOLYLINE
  5
EB
330
17
100
AcDbEntity
  8
hormigon
100
AcDbPolyline
 90
4
 70
1
 10
5.375
 20
-1.05
 10
6.075
 20
-1.05
 10
6.075
 20
-0.8
 10
5.375
 20
-0.8
  0
LINE
  5
EC
330
17
100
AcDbEntity
  8
hatch
100
AcDbLine
 10
5.792157287525381
 20
-1.0500000000000003
 30
0.0
 11
6.042157287525381
 21
-0.7999999999999994
 31
0.0
  0
LINE
  5
ED
330
17
100
AcDbEntity
  8
hatch
100
AcDbLine
 10
5.509314575050761
 20
-1.0500000000000003
 30
0.0
 11
5.7593145750507615
 21
-0.7999999999999998
 31
0.0
  0
LINE
  5
EE
330
17
100
AcDbEntity
  8
hatch
100
AcDbLine
 10
5.375
 20
-0.9014718625761438
 30
0.0
 11
5.476471862576144
 21
-0.8000000000000003
 31
0.0
  0
LWPOLYLINE
  5
EF
330
17
100
AcDbEntity
  8
muro-corte
100
AcDbPolyline
 90
4
 70
1
 10
5.375
 20
-1.05
 10
6.075
 20
-1.05
 10
6.075
 20
-0.8
 10
5.375
 20
-0.8
  0
LINE
  5
F0
330
17
100
AcDbEntity
  8
hatch
100
AcDbLine
 10
5.690685424949237
 20
-0.8
 30
0.0
 11
5.940685424949237
 21
-1.05
 31
0.0
  0
LWPOLYLINE
  5
F1
330
17
100
AcDbEntity
  8
hormigon
100
AcDbPolyline
 90
4
 70
1
 10
5.65
 20
-0.8
 10
5.8
 20
-0.8
 10
5.8
 20
-0.2
 10
5.65
 20
-0.2
  0
LINE
  5
F2
330
17
100
AcDbEntity
  8
hatch
100
AcDbLine
 10
5.65
 20
-0.6671572875253804
 30
0.0
 11
5.8
 21
-0.5171572875253805
 31
0.0
  0
LINE
  5
F3
330
17
100
AcDbEntity
  8
hatch
100
AcDbLine
 10
5.65
 20
-0.3843145750507615
 30
0.0
 11
5.799999999999999
 21
-0.23431457505076203
 31
0.0
  0
LWPOLYLINE
  5
F4
330
17
100
AcDbEntity
  8
muro-corte
100
AcDbPolyline
 90
4
 70
1
 10
5.65
 20
-0.8
 10
5.8
 20
-0.8
 10
5.8
 20
-0.2
 10
5.65
 20
-0.2
  0
LWPOLYLINE
  5
F5
330
17
100
AcDbEntity
  8
hormigon
100
AcDbPolyline
 90
4
 70
1
 10
9.125
 20
-1.05
 10
9.825
 20
-1.05
 10
9.825
 20
-0.8
 10
9.125
 20
-0.8
  0
LINE
  5
F6
330
17
100
AcDbEntity
  8
hatch
100
AcDbLine
 10
9.542157287525379
 20
-1.0500000000000007
 30
0.0
 11
9.79215728752538
 21
-0.7999999999999998
 31
0.0
  0
LINE
  5
F7
330
17
100
AcDbEntity
  8
hatch
100
AcDbLine
 10
9.25931457505076
 20
-1.0500000000000007
 30
0.0
 11
9.509314575050762
 21
-0.7999999999999998
 31
0.0
  0
LINE
  5
F8
330
17
100
AcDbEntity
  8
hatch
100
AcDbLine
 10
9.125
 20
-0.9014718625761411
 30
0.0
 11
9.22647186257614
 21
-0.7999999999999998
 31
0.0
  0
LWPOLYLINE
  5
F9
330
17
100
AcDbEntity
  8
muro-corte
100
AcDbPolyline
 90
4
 70
1
 10
9.125
 20
-1.05
 10
9.825
 20
-1.05
 10
9.825
 20
-0.8
 10
9.125
 20
-0.8
  0
LINE
  5
FA
330
17
100
AcDbEntity
  8
hatch
100
AcDbLine
 10
9.440685424949237
 20
-0.8
 30
0.0
 11
9.690685424949237
 21
-1.05
 31
0.0
  0
LWPOLYLINE
  5
FB
330
17
100
AcDbEntity
  8
hormigon
100
AcDbPolyline
 90
4
 70
1
 10
9.35
 20
-0.8
 10
9.6
 20
-0.8
 10
9.6
 20
-0.2
 10
9.35
 20
-0.2
  0
LINE
  5
FC
330
17
100
AcDbEntity
  8
hatch
100
AcDbLine
 10
9.35
 20
-0.7671572875253805
 30
0.0
 11
9.6
 21
-0.5171572875253805
 31
0.0
  0
LINE
  5
FD
330
17
100
AcDbEntity
  8
hatch
100
AcDbLine
 10
9.35
 20
-0.48431457505076025
 30
0.0
 11
9.599999999999998
 21
-0.23431457505076114
 31
0.0
  0
LINE
  5
FE
330
17
100
AcDbEntity
  8
hatch
100
AcDbLine
 10
9.35
 20
-0.2014718625761418
 30
0.0
 11
9.35147186257614
 21
-0.20000000000000018
 31
0.0
  0
LWPOLYLINE
  5
FF
330
17
100
AcDbEntity
  8
muro-corte
100
AcDbPolyline
 90
4
 70
1
 10
9.35
 20
-0.8
 10
9.6
 20
-0.8
 10
9.6
 20
-0.2
 10
9.35
 20
-0.2
  0
LWPOLYLINE
  5
100
330
17
100
AcDbEntity
  8
hormigon
100
AcDbPolyline
 90
4
 70
1
 10
0.25
 20
-0.2
 10
9.35
 20
-0.2
 10
9.35
 20
-0.05
 10
0.25
 20
-0.05
  0
LINE
  5
101
330
17
100
AcDbEntity
  8
hatch
100
AcDbLine
 10
9.06715728752538
 20
-0.20000000000000018
 30
0.0
 11
9.21715728752538
 21
-0.04999999999999982
 31
0.0
  0
LINE
  5
102
330
17
100
AcDbEntity
  8
hatch
100
AcDbLine
 10
8.784314575050761
 20
-0.1999999999999993
 30
0.0
 11
8.934314575050761
 21
-0.04999999999999982
 31
0.0
  0
LINE
  5
103
330
17
100
AcDbEntity
  8
hatch
100
AcDbLine
 10
8.501471862576143
 20
-0.20000000000000018
 30
0.0
 11
8.651471862576143
 21
-0.05000000000000071
 31
0.0
  0
LINE
  5
104
330
17
100
AcDbEntity
  8
hatch
100
AcDbLine
 10
8.218629150101524
 20
-0.1999999999999993
 30
0.0
 11
8.368629150101523
 21
-0.04999999999999982
 31
0.0
  0
LINE
  5
105
330
17
100
AcDbEntity
  8
hatch
100
AcDbLine
 10
7.935786437626905
 20
-0.19999999999999973
 30
0.0
 11
8.085786437626904
 21
-0.04999999999999982
 31
0.0
  0
LINE
  5
106
330
17
100
AcDbEntity
  8
hatch
100
AcDbLine
 10
7.652943725152285
 20
-0.1999999999999993
 30
0.0
 11
7.802943725152286
 21
-0.04999999999999982
 31
0.0
  0
LINE
  5
107
330
17
100
AcDbEntity
  8
hatch
100
AcDbLine
 10
7.370101012677665
 20
-0.20000000000000018
 30
0.0
 11
7.5201010126776655
 21
-0.04999999999999982
 31
0.0
  0
LINE
  5
108
330
17
100
AcDbEntity
  8
hatch
100
AcDbLine
 10
7.087258300203048
 20
-0.20000000000000018
 30
0.0
 11
7.237258300203048
 21
-0.04999999999999982
 31
0.0
  0
LINE
  5
109
330
17
100
AcDbEntity
  8
hatch
100
AcDbLine
 10
6.804415587728429
 20
-0.19999999999999973
 30
0.0
 11
6.954415587728429
 21
-0.04999999999999982
 31
0.0
  0
LINE
  5
10A
330
17
100
AcDbEntity
  8
hatch
100
AcDbLine
 10
6.521572875253809
 20
-0.20000000000000018
 30
0.0
 11
6.671572875253809
 21
-0.04999999999999982
 31
0.0
  0
LINE
  5
10B
330
17
100
AcDbEntity
  8
hatch
100
AcDbLine
 10
6.2387301627791905
 20
-0.1999999999999993
 30
0.0
 11
6.38873016277919
 21
-0.04999999999999982
 31
0.0
  0
LINE
  5
10C
330
17
100
AcDbEntity
  8
hatch
100
AcDbLine
 10
5.95588745030457
 20
-0.20000000000000018
 30
0.0
 11
6.10588745030457
 21
-0.050000000000000266
 31
0.0
  0
LINE
  5
10D
330
17
100
AcDbEntity
  8
hatch
100
AcDbLine
 10
5.673044737829953
 20
-0.20000000000000018
 30
0.0
 11
5.823044737829952
 21
-0.05000000000000071
 31
0.0
  0
LINE
  5
10E
330
17
100
AcDbEntity
  8
hatch
100
AcDbLine
 10
5.390202025355333
 20
-0.1999999999999993
 30
0.0
 11
5.540202025355333
 21
-0.04999999999999982
 31
0.0
  0
LINE
  5
10F
330
17
100
AcDbEntity
  8
hatch
100
AcDbLine
 10
5.107359312880714
 20
-0.20000000000000018
 30
0.0
 11
5.257359312880714
 21
-0.050000000000000266
 31
0.0
  0
LINE
  5
110
330
17
100
AcDbEntity
  8
hatch
100
AcDbLine
 10
4.824516600406095
 20
-0.20000000000000018
 30
0.0
 11
4.974516600406094
 21
-0.050000000000000266
 31
0.0
  0
LINE
  5
111
330
17
100
AcDbEntity
  8
hatch
100
AcDbLine
 10
4.541673887931475
 20
-0.20000000000000018
 30
0.0
 11
4.691673887931476
 21
-0.04999999999999982
 31
0.0
  0
LINE
  5
112
330
17
100
AcDbEntity
  8
hatch
100
AcDbLine
 10
4.258831175456857
 20
-0.20000000000000018
 30
0.0
 11
4.408831175456856
 21
-0.050000000000000266
 31
0.0
  0
LINE
  5
113
330
17
100
AcDbEntity
  8
hatch
100
AcDbLine
 10
3.9759884629822375
 20
-0.19999999999999996
 30
0.0
 11
4.125988462982237
 21
-0.04999999999999982
 31
0.0
  0
LINE
  5
114
330
17
100
AcDbEntity
  8
hatch
100
AcDbLine
 10
3.693145750507619
 20
-0.19999999999999996
 30
0.0
 11
3.8431457505076185
 21
-0.050000000000000266
 31
0.0
  0
LINE
  5
115
330
17
100
AcDbEntity
  8
hatch
100
AcDbLine
 10
3.4103030380329997
 20
-0.19999999999999973
 30
0.0
 11
3.560303038032999
 21
-0.050000000000000044
 31
0.0
  0
LINE
  5
116
330
17
100
AcDbEntity
  8
hatch
100
AcDbLine
 10
3.12746032555838
 20
-0.20000000000000018
 30
0.0
 11
3.2774603255583807
 21
-0.04999999999999938
 31
0.0
  0
LINE
  5
117
330
17
100
AcDbEntity
  8
hatch
100
AcDbLine
 10
2.844617613083761
 20
-0.19999999999999973
 30
0.0
 11
2.9946176130837605
 21
-0.050000000000000044
 31
0.0
  0
LINE
  5
118
330
17
100
AcDbEntity
  8
hatch
100
AcDbLine
 10
2.5617749006091417
 20
-0.19999999999999996
 30
0.0
 11
2.7117749006091416
 21
-0.050000000000000266
 31
0.0
  0
LINE
  5
119
330
17
100
AcDbEntity
  8
hatch
100
AcDbLine
 10
2.2789321881345237
 20
-0.19999999999999996
 30
0.0
 11
2.4289321881345245
 21
-0.0499999999999996
 31
0.0
  0
LINE
  5
11A
330
17
100
AcDbEntity
  8
hatch
100
AcDbLine
 10
1.9960894756599044
 20
-0.20000000000000018
 30
0.0
 11
2.1460894756599043
 21
-0.050000000000000044
 31
0.0
  0
LINE
  5
11B
330
17
100
AcDbEntity
  8
hatch
100
AcDbLine
 10
1.713246763185285
 20
-0.20000000000000007
 30
0.0
 11
1.863246763185285
 21
-0.050000000000000044
 31
0.0
  0
LINE
  5
11C
330
17
100
AcDbEntity
  8
hatch
100
AcDbLine
 10
1.4304040507106661
 20
-0.19999999999999984
 30
0.0
 11
1.5804040507106658
 21
-0.050000000000000044
 31
0.0
  0
LINE
  5
11D
330
17
100
AcDbEntity
  8
hatch
100
AcDbLine
 10
1.1475613382360466
 20
-0.1999999999999999
 30
0.0
 11
1.2975613382360465
 21
-0.04999999999999993
 31
0.0
  0
LINE
  5
11E
330
17
100
AcDbEntity
  8
hatch
100
AcDbLine
 10
0.8647186257614285
 20
-0.19999999999999996
 30
0.0
 11
1.0147186257614285
 21
-0.04999999999999999
 31
0.0
  0
LINE
  5
11F
330
17
100
AcDbEntity
  8
hatch
100
AcDbLine
 10
0.5818759132868092
 20
-0.20000000000000007
 30
0.0
 11
0.7318759132868093
 21
-0.04999999999999999
 31
0.0
  0
LINE
  5
120
330
17
100
AcDbEntity
  8
hatch
100
AcDbLine
 10
0.2990332008121899
 20
-0.20000000000000004
 30
0.0
 11
0.44903320081219
 21
-0.04999999999999996
 31
0.0
  0
LWPOLYLINE
  5
121
330
17
100
AcDbEntity
  8
muro-corte
100
AcDbPolyline
 90
4
 70
1
 10
0.25
 20
-0.2
 10
9.35
 20
-0.2
 10
9.35
 20
-0.05
 10
0.25
 20
-0.05
  0
LINE
  5
122
330
17
100
AcDbEntity
  8
marco-medio
100
AcDbLine
 10
0.25
 20
0.0
 30
0.0
 11
9.35
 21
0.0
 31
0.0
  0
LWPOLYLINE
  5
123
330
17
100
AcDbEntity
  8
muro-fill
100
AcDbPolyline
 90
4
 70
1
 10
0.0
 20
0.0
 10
0.25
 20
0.0
 10
0.25
 20
2.9
 10
0.0
 20
2.9
  0
LINE
  5
124
330
17
100
AcDbEntity
  8
hatch
100
AcDbLine
 10
4.5102810375396984e-17
 20
0.03284271247461909
 30
0.0
 11
0.25000000000000006
 21
0.282842712474619
 31
0.0
  0
LINE
  5
125
330
17
100
AcDbEntity
  8
hatch
100
AcDbLine
 10
0.0
 20
0.31568542494923807
 30
0.0
 11
0.25
 21
0.565685424949238
 31
0.0
  0
LINE
  5
126
330
17
100
AcDbEntity
  8
hatch
100
AcDbLine
 10
-5.551115123125783e-17
 20
0.5985281374238571
 30
0.0
 11
0.25
 21
0.8485281374238571
 31
0.0
  0
LINE
  5
127
330
17
100
AcDbEntity
  8
hatch
100
AcDbLine
 10
1.6653345369377348e-16
 20
0.8813708498984762
 30
0.0
 11
0.2500000000000001
 21
1.131370849898476
 31
0.0
  0
LINE
  5
128
330
17
100
AcDbEntity
  8
hatch
100
AcDbLine
 10
0.0
 20
1.164213562373095
 30
0.0
 11
0.2500000000000002
 21
1.4142135623730951
 31
0.0
  0
LINE
  5
129
330
17
100
AcDbEntity
  8
hatch
100
AcDbLine
 10
1.1102230246251565e-16
 20
1.4470562748477143
 30
0.0
 11
0.2500000000000002
 21
1.6970562748477143
 31
0.0
  0
LINE
  5
12A
330
17
100
AcDbEntity
  8
hatch
100
AcDbLine
 10
1.1102230246251565e-16
 20
1.7298989873223336
 30
0.0
 11
0.25000000000000033
 21
1.9798989873223336
 31
0.0
  0
LINE
  5
12B
330
17
100
AcDbEntity
  8
hatch
100
AcDbLine
 10
0.0
 20
2.012741699796952
 30
0.0
 11
0.2500000000000002
 21
2.262741699796952
 31
0.0
  0
LINE
  5
12C
330
17
100
AcDbEntity
  8
hatch
100
AcDbLine
 10
2.220446049250313e-16
 20
2.2955844122715714
 30
0.0
 11
0.25000000000000044
 21
2.5455844122715714
 31
0.0
  0
LINE
  5
12D
330
17
100
AcDbEntity
  8
hatch
100
AcDbLine
 10
2.220446049250313e-16
 20
2.57842712474619
 30
0.0
 11
0.2500000000000002
 21
2.82842712474619
 31
0.0
  0
LINE
  5
12E
330
17
100
AcDbEntity
  8
hatch
100
AcDbLine
 10
2.220446049250313e-16
 20
2.861269837220809
 30
0.0
 11
0.038730162779190724
 21
2.9
 31
0.0
  0
LWPOLYLINE
  5
12F
330
17
100
AcDbEntity
  8
muro-corte
100
AcDbPolyline
 90
4
 70
1
 10
0.0
 20
0.0
 10
0.25
 20
0.0
 10
0.25
 20
2.9
 10
0.0
 20
2.9
  0
LWPOLYLINE
  5
130
330
17
100
AcDbEntity
  8
muro-fill
100
AcDbPolyline
 90
4
 70
1
 10
9.35
 20
0.0
 10
9.6
 20
0.0
 10
9.6
 20
2.9
 10
9.35
 20
2.9
  0
LINE
  5
131
330
17
100
AcDbEntity
  8
hatch
100
AcDbLine
 10
9.350000000000001
 20
0.03284271247462023
 30
0.0
 11
9.6
 21
0.28284271247461934
 31
0.0
  0
LINE
  5
132
330
17
100
AcDbEntity
  8
hatch
100
AcDbLine
 10
9.35
 20
0.3156854249492387
 30
0.0
 11
9.599999999999998
 21
0.5656854249492387
 31
0.0
  0
LINE
  5
133
330
17
100
AcDbEntity
  8
hatch
100
AcDbLine
 10
9.35
 20
0.5985281374238571
 30
0.0
 11
9.599999999999998
 21
0.8485281374238562
 31
0.0
  0
LINE
  5
134
330
17
100
AcDbEntity
  8
hatch
100
AcDbLine
 10
9.35
 20
0.8813708498984756
 30
0.0
 11
9.6
 21
1.1313708498984756
 31
0.0
  0
LINE
  5
135
330
17
100
AcDbEntity
  8
hatch
100
AcDbLine
 10
9.35
 20
1.1642135623730958
 30
0.0
 11
9.6
 21
1.4142135623730958
 31
0.0
  0
LINE
  5
136
330
17
100
AcDbEntity
  8
hatch
100
AcDbLine
 10
9.35
 20
1.4470562748477147
 30
0.0
 11
9.6
 21
1.6970562748477147
 31
0.0
  0
LINE
  5
137
330
17
100
AcDbEntity
  8
hatch
100
AcDbLine
 10
9.35
 20
1.7298989873223345
 30
0.0
 11
9.6
 21
1.9798989873223345
 31
0.0
  0
LINE
  5
138
330
17
100
AcDbEntity
  8
hatch
100
AcDbLine
 10
9.350000000000001
 20
2.0127416997969525
 30
0.0
 11
9.600000000000001
 21
2.2627416997969516
 31
0.0
  0
LINE
  5
139
330
17
100
AcDbEntity
  8
hatch
100
AcDbLine
 10
9.35
 20
2.2955844122715714
 30
0.0
 11
9.6
 21
2.5455844122715705
 31
0.0
  0
LINE
  5
13A
330
17
100
AcDbEntity
  8
hatch
100
AcDbLine
 10
9.350000000000001
 20
2.578427124746191
 30
0.0
 11
9.6
 21
2.8284271247461903
 31
0.0
  0
LINE
  5
13B
330
17
100
AcDbEntity
  8
hatch
100
AcDbLine
 10
9.35
 20
2.86126983722081
 30
0.0
 11
9.38873016277919
 21
2.9000000000000004
 31
0.0
  0
LWPOLYLINE
  5
13C
330
17
100
AcDbEntity
  8
muro-corte
100
AcDbPolyline
 90
4
 70
1
 10
9.35
 20
0.0
 10
9.6
 20
0.0
 10
9.6
 20
2.9
 10
9.35
 20
2.9
  0
LWPOLYLINE
  5
13D
330
17
100
AcDbEntity
  8
muro-fill
100
AcDbPolyline
 90
4
 70
1
 10
0.0
 20
0.0
 10
0.25
 20
0.0
 10
0.25
 20
0.9
 10
0.0
 20
0.9
  0
LINE
  5
13E
330
17
100
AcDbEntity
  8
hatch
100
AcDbLine
 10
4.5102810375396984e-17
 20
0.03284271247461909
 30
0.0
 11
0.24999999999999997
 21
0.282842712474619
 31
0.0
  0
LINE
  5
13F
330
17
100
AcDbEntity
  8
hatch
100
AcDbLine
 10
0.0
 20
0.31568542494923807
 30
0.0
 11
0.25
 21
0.565685424949238
 31
0.0
  0
LINE
  5
140
330
17
100
AcDbEntity
  8
hatch
100
AcDbLine
 10
-5.551115123125783e-17
 20
0.5985281374238571
 30
0.0
 11
0.25
 21
0.8485281374238571
 31
0.0
  0
LINE
  5
141
330
17
100
AcDbEntity
  8
hatch
100
AcDbLine
 10
0.0
 20
0.881370849898476
 30
0.0
 11
0.018629150101523995
 21
0.9
 31
0.0
  0
LWPOLYLINE
  5
142
330
17
100
AcDbEntity
  8
muro-corte
100
AcDbPolyline
 90
4
 70
1
 10
0.0
 20
0.0
 10
0.25
 20
0.0
 10
0.25
 20
0.9
 10
0.0
 20
0.9
  0
LWPOLYLINE
  5
143
330
17
100
AcDbEntity
  8
muro-fill
100
AcDbPolyline
 90
4
 70
1
 10
0.0
 20
2.4
 10
0.25
 20
2.4
 10
0.25
 20
2.9
 10
0.0
 20
2.9
  0
LINE
  5
144
330
17
100
AcDbEntity
  8
hatch
100
AcDbLine
 10
0.0
 20
2.432842712474619
 30
0.0
 11
0.2500000000000002
 21
2.682842712474619
 31
0.0
  0
LINE
  5
145
330
17
100
AcDbEntity
  8
hatch
100
AcDbLine
 10
2.220446049250313e-16
 20
2.715685424949238
 30
0.0
 11
0.1843145750507622
 21
2.9
 31
0.0
  0
LWPOLYLINE
  5
146
330
17
100
AcDbEntity
  8
muro-corte
100
AcDbPolyline
 90
4
 70
1
 10
0.0
 20
2.4
 10
0.25
 20
2.4
 10
0.25
 20
2.9
 10
0.0
 20
2.9
  0
LWPOLYLINE
  5
147
330
17
100
AcDbEntity
  8
carpinteria
100
AcDbPolyline
 90
4
 70
1
 10
0.05
 20
0.9
 10
0.2
 20
0.9
 10
0.2
 20
2.4
 10
0.05
 20
2.4
  0
LINE
  5
148
330
17
100
AcDbEntity
  8
vidrio
100
AcDbLine
 10
0.05
 20
1.65
 30
0.0
 11
0.2
 21
1.65
 31
0.0
  0
LINE
  5
149
330
17
100
AcDbEntity
  8
carpinteria
100
AcDbLine
 10
0.125
 20
0.9
 30
0.0
 11
0.125
 21
2.4
 31
0.0
  0
LINE
  5
14A
330
17
100
AcDbEntity
  8
carpinteria
100
AcDbLine
 10
0.05
 20
0.9
 30
0.0
 11
0.2
 21
0.9
 31
0.0
  0
LINE
  5
14B
330
17
100
AcDbEntity
  8
carpinteria
100
AcDbLine
 10
0.05
 20
2.4
 30
0.0
 11
0.2
 21
2.4
 31
0.0
  0
LWPOLYLINE
  5
14C
330
17
100
AcDbEntity
  8
muro-fill
100
AcDbPolyline
 90
4
 70
1
 10
9.35
 20
0.0
 10
9.6
 20
0.0
 10
9.6
 20
0.9
 10
9.35
 20
0.9
  0
LINE
  5
14D
330
17
100
AcDbEntity
  8
hatch
100
AcDbLine
 10
9.350000000000001
 20
0.03284271247462023
 30
0.0
 11
9.6
 21
0.28284271247461934
 31
0.0
  0
LINE
  5
14E
330
17
100
AcDbEntity
  8
hatch
100
AcDbLine
 10
9.35
 20
0.3156854249492387
 30
0.0
 11
9.599999999999998
 21
0.5656854249492378
 31
0.0
  0
LINE
  5
14F
330
17
100
AcDbEntity
  8
hatch
100
AcDbLine
 10
9.349999999999998
 20
0.5985281374238562
 30
0.0
 11
9.599999999999998
 21
0.8485281374238562
 31
0.0
  0
LINE
  5
150
330
17
100
AcDbEntity
  8
hatch
100
AcDbLine
 10
9.35
 20
0.8813708498984756
 30
0.0
 11
9.368629150101523
 21
0.8999999999999995
 31
0.0
  0
LWPOLYLINE
  5
151
330
17
100
AcDbEntity
  8
muro-corte
100
AcDbPolyline
 90
4
 70
1
 10
9.35
 20
0.0
 10
9.6
 20
0.0
 10
9.6
 20
0.9
 10
9.35
 20
0.9
  0
LWPOLYLINE
  5
152
330
17
100
AcDbEntity
  8
muro-fill
100
AcDbPolyline
 90
4
 70
1
 10
9.35
 20
2.4
 10
9.6
 20
2.4
 10
9.6
 20
2.9
 10
9.35
 20
2.9
  0
LINE
  5
153
330
17
100
AcDbEntity
  8
hatch
100
AcDbLine
 10
9.35
 20
2.43284271247462
 30
0.0
 11
9.6
 21
2.6828427124746193
 31
0.0
  0
LINE
  5
154
330
17
100
AcDbEntity
  8
hatch
100
AcDbLine
 10
9.350000000000001
 20
2.71568542494924
 30
0.0
 11
9.534314575050761
 21
2.8999999999999995
 31
0.0
  0
LWPOLYLINE
  5
155
330
17
100
AcDbEntity
  8
muro-corte
100
AcDbPolyline
 90
4
 70
1
 10
9.35
 20
2.4
 10
9.6
 20
2.4
 10
9.6
 20
2.9
 10
9.35
 20
2.9
  0
LWPOLYLINE
  5
156
330
17
100
AcDbEntity
  8
carpinteria
100
AcDbPolyline
 90
4
 70
1
 10
9.4
 20
0.9
 10
9.55
 20
0.9
 10
9.55
 20
2.4
 10
9.4
 20
2.4
  0
LINE
  5
157
330
17
100
AcDbEntity
  8
vidrio
100
AcDbLine
 10
9.4
 20
1.65
 30
0.0
 11
9.55
 21
1.65
 31
0.0
  0
LINE
  5
158
330
17
100
AcDbEntity
  8
carpinteria
100
AcDbLine
 10
9.475
 20
0.9
 30
0.0
 11
9.475
 21
2.4
 31
0.0
  0
LINE
  5
159
330
17
100
AcDbEntity
  8
carpinteria
100
AcDbLine
 10
9.4
 20
0.9
 30
0.0
 11
9.55
 21
0.9
 31
0.0
  0
LINE
  5
15A
330
17
100
AcDbEntity
  8
carpinteria
100
AcDbLine
 10
9.4
 20
2.4
 30
0.0
 11
9.55
 21
2.4
 31
0.0
  0
LWPOLYLINE
  5
15B
330
17
100
AcDbEntity
  8
tabique-fill
100
AcDbPolyline
 90
4
 70
1
 10
3.8
 20
0.0
 10
3.95
 20
0.0
 10
3.95
 20
2.9
 10
3.8
 20
2.9
  0
LINE
  5
15C
330
17
100
AcDbEntity
  8
hatch
100
AcDbLine
 10
3.7999999999999994
 20
0.13284271247461854
 30
0.0
 11
3.9499999999999997
 21
0.28284271247461934
 31
0.0
  0
LINE
  5
15D
330
17
100
AcDbEntity
  8
hatch
100
AcDbLine
 10
3.8
 20
0.41568542494923766
 30
0.0
 11
3.95
 21
0.565685424949238
 31
0.0
  0
LINE
  5
15E
330
17
100
AcDbEntity
  8
hatch
100
AcDbLine
 10
3.8
 20
0.698528137423857
 30
0.0
 11
3.95
 21
0.8485281374238574
 31
0.0
  0
LINE
  5
15F
330
17
100
AcDbEntity
  8
hatch
100
AcDbLine
 10
3.8
 20
0.9813708498984757
 30
0.0
 11
3.95
 21
1.1313708498984765
 31
0.0
  0
LINE
  5
160
330
17
100
AcDbEntity
  8
hatch
100
AcDbLine
 10
3.7999999999999994
 20
1.2642135623730943
 30
0.0
 11
3.95
 21
1.4142135623730951
 31
0.0
  0
LINE
  5
161
330
17
100
AcDbEntity
  8
hatch
100
AcDbLine
 10
3.7999999999999994
 20
1.5470562748477137
 30
0.0
 11
3.95
 21
1.6970562748477145
 31
0.0
  0
LINE
  5
162
330
17
100
AcDbEntity
  8
hatch
100
AcDbLine
 10
3.8
 20
1.8298989873223328
 30
0.0
 11
3.95
 21
1.9798989873223332
 31
0.0
  0
LINE
  5
163
330
17
100
AcDbEntity
  8
hatch
100
AcDbLine
 10
3.8
 20
2.1127416997969517
 30
0.0
 11
3.95
 21
2.262741699796952
 31
0.0
  0
LINE
  5
164
330
17
100
AcDbEntity
  8
hatch
100
AcDbLine
 10
3.7999999999999994
 20
2.39558441227157
 30
0.0
 11
3.9500000000000006
 21
2.5455844122715714
 31
0.0
  0
LINE
  5
165
330
17
100
AcDbEntity
  8
hatch
100
AcDbLine
 10
3.7999999999999994
 20
2.6784271247461895
 30
0.0
 11
3.9499999999999997
 21
2.82842712474619
 31
0.0
  0
LWPOLYLINE
  5
166
330
17
100
AcDbEntity
  8
muro-corte
100
AcDbPolyline
 90
4
 70
1
 10
3.8
 20
0.0
 10
3.95
 20
0.0
 10
3.95
 20
2.9
 10
3.8
 20
2.9
  0
LWPOLYLINE
  5
167
330
17
100
AcDbEntity
  8
tabique-fill
100
AcDbPolyline
 90
4
 70
1
 10
5.65
 20
0.0
 10
5.8
 20
0.0
 10
5.8
 20
2.9
 10
5.65
 20
2.9
  0
LINE
  5
168
330
17
100
AcDbEntity
  8
hatch
100
AcDbLine
 10
5.65
 20
0.13284271247461898
 30
0.0
 11
5.8
 21
0.28284271247461845
 31
0.0
  0
LINE
  5
169
330
17
100
AcDbEntity
  8
hatch
100
AcDbLine
 10
5.65
 20
0.4156854249492383
 30
0.0
 11
5.8
 21
0.5656854249492378
 31
0.0
  0
LINE
  5
16A
330
17
100
AcDbEntity
  8
hatch
100
AcDbLine
 10
5.65
 20
0.6985281374238577
 30
0.0
 11
5.800000000000001
 21
0.8485281374238571
 31
0.0
  0
LINE
  5
16B
330
17
100
AcDbEntity
  8
hatch
100
AcDbLine
 10
5.65
 20
0.9813708498984757
 30
0.0
 11
5.8
 21
1.1313708498984756
 31
0.0
  0
LINE
  5
16C
330
17
100
AcDbEntity
  8
hatch
100
AcDbLine
 10
5.65
 20
1.2642135623730955
 30
0.0
 11
5.8
 21
1.4142135623730945
 31
0.0
  0
LINE
  5
16D
330
17
100
AcDbEntity
  8
hatch
100
AcDbLine
 10
5.65
 20
1.5470562748477144
 30
0.0
 11
5.800000000000001
 21
1.6970562748477138
 31
0.0
  0
LINE
  5
16E
330
17
100
AcDbEntity
  8
hatch
100
AcDbLine
 10
5.65
 20
1.829898987322334
 30
0.0
 11
5.8
 21
1.979898987322333
 31
0.0
  0
LINE
  5
16F
330
17
100
AcDbEntity
  8
hatch
100
AcDbLine
 10
5.65
 20
2.1127416997969526
 30
0.0
 11
5.800000000000001
 21
2.262741699796952
 31
0.0
  0
LINE
  5
170
330
17
100
AcDbEntity
  8
hatch
100
AcDbLine
 10
5.65
 20
2.395584412271571
 30
0.0
 11
5.800000000000001
 21
2.5455844122715705
 31
0.0
  0
LINE
  5
171
330
17
100
AcDbEntity
  8
hatch
100
AcDbLine
 10
5.65
 20
2.678427124746191
 30
0.0
 11
5.800000000000001
 21
2.8284271247461903
 31
0.0
  0
LWPOLYLINE
  5
172
330
17
100
AcDbEntity
  8
muro-corte
100
AcDbPolyline
 90
4
 70
1
 10
5.65
 20
0.0
 10
5.8
 20
0.0
 10
5.8
 20
2.9
 10
5.65
 20
2.9
  0
LWPOLYLINE
  5
173
330
17
100
AcDbEntity
  8
hormigon
100
AcDbPolyline
 90
4
 70
1
 10
0.0
 20
2.9
 10
9.6
 20
2.9
 10
9.6
 20
3.2
 10
0.0
 20
3.2
  0
LINE
  5
174
330
17
100
AcDbEntity
  8
hatch
100
AcDbLine
 10
9.317157287525381
 20
2.9000000000000004
 30
0.0
 11
9.6
 21
3.182842712474618
 31
0.0
  0
LINE
  5
175
330
17
100
AcDbEntity
  8
hatch
100
AcDbLine
 10
9.034314575050761
 20
2.9
 30
0.0
 11
9.334314575050762
 21
3.2000000000000006
 31
0.0
  0
LINE
  5
176
330
17
100
AcDbEntity
  8
hatch
100
AcDbLine
 10
8.751471862576143
 20
2.9
 30
0.0
 11
9.051471862576143
 21
3.2000000000000006
 31
0.0
  0
LINE
  5
177
330
17
100
AcDbEntity
  8
hatch
100
AcDbLine
 10
8.468629150101524
 20
2.9000000000000004
 30
0.0
 11
8.768629150101525
 21
3.2
 31
0.0
  0
LINE
  5
178
330
17
100
AcDbEntity
  8
hatch
100
AcDbLine
 10
8.185786437626906
 20
2.9
 30
0.0
 11
8.485786437626906
 21
3.2000000000000006
 31
0.0
  0
LINE
  5
179
330
17
100
AcDbEntity
  8
hatch
100
AcDbLine
 10
7.902943725152286
 20
2.9000000000000004
 30
0.0
 11
8.202943725152286
 21
3.2
 31
0.0
  0
LINE
  5
17A
330
17
100
AcDbEntity
  8
hatch
100
AcDbLine
 10
7.620101012677667
 20
2.9
 30
0.0
 11
7.920101012677668
 21
3.2000000000000006
 31
0.0
  0
LINE
  5
17B
330
17
100
AcDbEntity
  8
hatch
100
AcDbLine
 10
7.337258300203048
 20
2.900000000000001
 30
0.0
 11
7.637258300203048
 21
3.2000000000000006
 31
0.0
  0
LINE
  5
17C
330
17
100
AcDbEntity
  8
hatch
100
AcDbLine
 10
7.05441558772843
 20
2.900000000000001
 30
0.0
 11
7.35441558772843
 21
3.2000000000000006
 31
0.0
  0
LINE
  5
17D
330
17
100
AcDbEntity
  8
hatch
100
AcDbLine
 10
6.77157287525381
 20
2.9000000000000004
 30
0.0
 11
7.0715728752538105
 21
3.200000000000001
 31
0.0
  0
LINE
  5
17E
330
17
100
AcDbEntity
  8
hatch
100
AcDbLine
 10
6.488730162779191
 20
2.900000000000001
 30
0.0
 11
6.78873016277919
 21
3.1999999999999997
 31
0.0
  0
LINE
  5
17F
330
17
100
AcDbEntity
  8
hatch
100
AcDbLine
 10
6.205887450304572
 20
2.9000000000000004
 30
0.0
 11
6.505887450304573
 21
3.200000000000001
 31
0.0
  0
LINE
  5
180
330
17
100
AcDbEntity
  8
hatch
100
AcDbLine
 10
5.9230447378299536
 20
2.9000000000000004
 30
0.0
 11
6.223044737829954
 21
3.200000000000001
 31
0.0
  0
LINE
  5
181
330
17
100
AcDbEntity
  8
hatch
100
AcDbLine
 10
5.640202025355333
 20
2.9
 30
0.0
 11
5.940202025355334
 21
3.2000000000000006
 31
0.0
  0
LINE
  5
182
330
17
100
AcDbEntity
  8
hatch
100
AcDbLine
 10
5.357359312880715
 20
2.9
 30
0.0
 11
5.657359312880716
 21
3.2000000000000006
 31
0.0
  0
LINE
  5
183
330
17
100
AcDbEntity
  8
hatch
100
AcDbLine
 10
5.074516600406096
 20
2.900000000000001
 30
0.0
 11
5.374516600406096
 21
3.2
 31
0.0
  0
LINE
  5
184
330
17
100
AcDbEntity
  8
hatch
100
AcDbLine
 10
4.791673887931476
 20
2.9000000000000004
 30
0.0
 11
5.091673887931477
 21
3.2000000000000006
 31
0.0
  0
LINE
  5
185
330
17
100
AcDbEntity
  8
hatch
100
AcDbLine
 10
4.508831175456858
 20
2.9000000000000004
 30
0.0
 11
4.808831175456858
 21
3.2000000000000006
 31
0.0
  0
LINE
  5
186
330
17
100
AcDbEntity
  8
hatch
100
AcDbLine
 10
4.225988462982238
 20
2.9
 30
0.0
 11
4.525988462982239
 21
3.2000000000000006
 31
0.0
  0
LINE
  5
187
330
17
100
AcDbEntity
  8
hatch
100
AcDbLine
 10
3.94314575050762
 20
2.9000000000000004
 30
0.0
 11
4.24314575050762
 21
3.2
 31
0.0
  0
LINE
  5
188
330
17
100
AcDbEntity
  8
hatch
100
AcDbLine
 10
3.6603030380329997
 20
2.8999999999999995
 30
0.0
 11
3.9603030380330004
 21
3.2
 31
0.0
  0
LINE
  5
189
330
17
100
AcDbEntity
  8
hatch
100
AcDbLine
 10
3.3774603255583817
 20
2.9000000000000004
 30
0.0
 11
3.6774603255583815
 21
3.2
 31
0.0
  0
LINE
  5
18A
330
17
100
AcDbEntity
  8
hatch
100
AcDbLine
 10
3.0946176130837615
 20
2.8999999999999995
 30
0.0
 11
3.394617613083762
 21
3.2
 31
0.0
  0
LINE
  5
18B
330
17
100
AcDbEntity
  8
hatch
100
AcDbLine
 10
2.811774900609143
 20
2.9000000000000004
 30
0.0
 11
3.111774900609143
 21
3.2
 31
0.0
  0
LINE
  5
18C
330
17
100
AcDbEntity
  8
hatch
100
AcDbLine
 10
2.5289321881345246
 20
2.9000000000000004
 30
0.0
 11
2.828932188134525
 21
3.2000000000000006
 31
0.0
  0
LINE
  5
18D
330
17
100
AcDbEntity
  8
hatch
100
AcDbLine
 10
2.2460894756599057
 20
2.9000000000000004
 30
0.0
 11
2.5460894756599064
 21
3.200000000000001
 31
0.0
  0
LINE
  5
18E
330
17
100
AcDbEntity
  8
hatch
100
AcDbLine
 10
1.9632467631852861
 20
2.9000000000000004
 30
0.0
 11
2.2632467631852866
 21
3.2
 31
0.0
  0
LINE
  5
18F
330
17
100
AcDbEntity
  8
hatch
100
AcDbLine
 10
1.6804040507106666
 20
2.8999999999999995
 30
0.0
 11
1.9804040507106673
 21
3.2
 31
0.0
  0
LINE
  5
190
330
17
100
AcDbEntity
  8
hatch
100
AcDbLine
 10
1.3975613382360472
 20
2.8999999999999995
 30
0.0
 11
1.697561338236048
 21
3.2
 31
0.0
  0
LINE
  5
191
330
17
100
AcDbEntity
  8
hatch
100
AcDbLine
 10
1.1147186257614294
 20
2.9
 30
0.0
 11
1.4147186257614301
 21
3.2000000000000006
 31
0.0
  0
LINE
  5
192
330
17
100
AcDbEntity
  8
hatch
100
AcDbLine
 10
0.8318759132868099
 20
2.9
 30
0.0
 11
1.1318759132868108
 21
3.2000000000000006
 31
0.0
  0
LINE
  5
193
330
17
100
AcDbEntity
  8
hatch
100
AcDbLine
 10
0.5490332008121905
 20
2.9
 30
0.0
 11
0.8490332008121915
 21
3.2000000000000006
 31
0.0
  0
LINE
  5
194
330
17
100
AcDbEntity
  8
hatch
100
AcDbLine
 10
0.2661904883375714
 20
2.8999999999999995
 30
0.0
 11
0.5661904883375719
 21
3.2
 31
0.0
  0
LINE
  5
195
330
17
100
AcDbEntity
  8
hatch
100
AcDbLine
 10
2.220446049250313e-16
 20
2.9166522241370476
 30
0.0
 11
0.283347775862953
 21
3.2
 31
0.0
  0
LINE
  5
196
330
17
100
AcDbEntity
  8
hatch
100
AcDbLine
 10
0.0
 20
3.1994949366116656
 30
0.0
 11
0.0005050633883350031
 21
3.2
 31
0.0
  0
LWPOLYLINE
  5
197
330
17
100
AcDbEntity
  8
muro-corte
100
AcDbPolyline
 90
4
 70
1
 10
0.0
 20
2.9
 10
9.6
 20
2.9
 10
9.6
 20
3.2
 10
0.0
 20
3.2
  0
CIRCLE
  5
198
330
17
100
AcDbEntity
  8
hatch-2
100
AcDbCircle
 10
0.15
 20
3.05
 30
0.0
 40
0.08500000000000002
  0
CIRCLE
  5
199
330
17
100
AcDbEntity
  8
hatch-2
100
AcDbCircle
 10
0.45
 20
3.05
 30
0.0
 40
0.08500000000000002
  0
CIRCLE
  5
19A
330
17
100
AcDbEntity
  8
hatch-2
100
AcDbCircle
 10
0.75
 20
3.05
 30
0.0
 40
0.08500000000000002
  0
CIRCLE
  5
19B
330
17
100
AcDbEntity
  8
hatch-2
100
AcDbCircle
 10
1.05
 20
3.05
 30
0.0
 40
0.08500000000000002
  0
CIRCLE
  5
19C
330
17
100
AcDbEntity
  8
hatch-2
100
AcDbCircle
 10
1.35
 20
3.05
 30
0.0
 40
0.08500000000000002
  0
CIRCLE
  5
19D
330
17
100
AcDbEntity
  8
hatch-2
100
AcDbCircle
 10
1.65
 20
3.05
 30
0.0
 40
0.08500000000000002
  0
CIRCLE
  5
19E
330
17
100
AcDbEntity
  8
hatch-2
100
AcDbCircle
 10
1.95
 20
3.05
 30
0.0
 40
0.08500000000000002
  0
CIRCLE
  5
19F
330
17
100
AcDbEntity
  8
hatch-2
100
AcDbCircle
 10
2.25
 20
3.05
 30
0.0
 40
0.08500000000000002
  0
CIRCLE
  5
1A0
330
17
100
AcDbEntity
  8
hatch-2
100
AcDbCircle
 10
2.55
 20
3.05
 30
0.0
 40
0.08500000000000002
  0
CIRCLE
  5
1A1
330
17
100
AcDbEntity
  8
hatch-2
100
AcDbCircle
 10
2.85
 20
3.05
 30
0.0
 40
0.08500000000000002
  0
CIRCLE
  5
1A2
330
17
100
AcDbEntity
  8
hatch-2
100
AcDbCircle
 10
3.15
 20
3.05
 30
0.0
 40
0.08500000000000002
  0
CIRCLE
  5
1A3
330
17
100
AcDbEntity
  8
hatch-2
100
AcDbCircle
 10
3.45
 20
3.05
 30
0.0
 40
0.08500000000000002
  0
CIRCLE
  5
1A4
330
17
100
AcDbEntity
  8
hatch-2
100
AcDbCircle
 10
3.75
 20
3.05
 30
0.0
 40
0.08500000000000002
  0
CIRCLE
  5
1A5
330
17
100
AcDbEntity
  8
hatch-2
100
AcDbCircle
 10
4.05
 20
3.05
 30
0.0
 40
0.08500000000000002
  0
CIRCLE
  5
1A6
330
17
100
AcDbEntity
  8
hatch-2
100
AcDbCircle
 10
4.35
 20
3.05
 30
0.0
 40
0.08500000000000002
  0
CIRCLE
  5
1A7
330
17
100
AcDbEntity
  8
hatch-2
100
AcDbCircle
 10
4.65
 20
3.05
 30
0.0
 40
0.08500000000000002
  0
CIRCLE
  5
1A8
330
17
100
AcDbEntity
  8
hatch-2
100
AcDbCircle
 10
4.95
 20
3.05
 30
0.0
 40
0.08500000000000002
  0
CIRCLE
  5
1A9
330
17
100
AcDbEntity
  8
hatch-2
100
AcDbCircle
 10
5.25
 20
3.05
 30
0.0
 40
0.08500000000000002
  0
CIRCLE
  5
1AA
330
17
100
AcDbEntity
  8
hatch-2
100
AcDbCircle
 10
5.55
 20
3.05
 30
0.0
 40
0.08500000000000002
  0
CIRCLE
  5
1AB
330
17
100
AcDbEntity
  8
hatch-2
100
AcDbCircle
 10
5.85
 20
3.05
 30
0.0
 40
0.08500000000000002
  0
CIRCLE
  5
1AC
330
17
100
AcDbEntity
  8
hatch-2
100
AcDbCircle
 10
6.15
 20
3.05
 30
0.0
 40
0.08500000000000002
  0
CIRCLE
  5
1AD
330
17
100
AcDbEntity
  8
hatch-2
100
AcDbCircle
 10
6.45
 20
3.05
 30
0.0
 40
0.08500000000000002
  0
CIRCLE
  5
1AE
330
17
100
AcDbEntity
  8
hatch-2
100
AcDbCircle
 10
6.75
 20
3.05
 30
0.0
 40
0.08500000000000002
  0
CIRCLE
  5
1AF
330
17
100
AcDbEntity
  8
hatch-2
100
AcDbCircle
 10
7.05
 20
3.05
 30
0.0
 40
0.08500000000000002
  0
CIRCLE
  5
1B0
330
17
100
AcDbEntity
  8
hatch-2
100
AcDbCircle
 10
7.35
 20
3.05
 30
0.0
 40
0.08500000000000002
  0
CIRCLE
  5
1B1
330
17
100
AcDbEntity
  8
hatch-2
100
AcDbCircle
 10
7.65
 20
3.05
 30
0.0
 40
0.08500000000000002
  0
CIRCLE
  5
1B2
330
17
100
AcDbEntity
  8
hatch-2
100
AcDbCircle
 10
7.95
 20
3.05
 30
0.0
 40
0.08500000000000002
  0
CIRCLE
  5
1B3
330
17
100
AcDbEntity
  8
hatch-2
100
AcDbCircle
 10
8.25
 20
3.05
 30
0.0
 40
0.08500000000000002
  0
CIRCLE
  5
1B4
330
17
100
AcDbEntity
  8
hatch-2
100
AcDbCircle
 10
8.55
 20
3.05
 30
0.0
 40
0.08500000000000002
  0
CIRCLE
  5
1B5
330
17
100
AcDbEntity
  8
hatch-2
100
AcDbCircle
 10
8.85
 20
3.05
 30
0.0
 40
0.08500000000000002
  0
CIRCLE
  5
1B6
330
17
100
AcDbEntity
  8
hatch-2
100
AcDbCircle
 10
9.15
 20
3.05
 30
0.0
 40
0.08500000000000002
  0
CIRCLE
  5
1B7
330
17
100
AcDbEntity
  8
hatch-2
100
AcDbCircle
 10
9.45
 20
3.05
 30
0.0
 40
0.08500000000000002
  0
LINE
  5
1B8
330
17
100
AcDbEntity
  8
marco-fino
100
AcDbLine
 10
0.0
 20
3.15
 30
0.0
 11
9.6
 21
3.15
 31
0.0
  0
LWPOLYLINE
  5
1B9
330
17
100
AcDbEntity
  8
muro-fill
100
AcDbPolyline
 90
4
 70
1
 10
0.0
 20
3.25
 10
0.25
 20
3.25
 10
0.25
 20
4.15
 10
0.0
 20
4.15
  0
LINE
  5
1BA
330
17
100
AcDbEntity
  8
hatch
100
AcDbLine
 10
0.0
 20
3.2828427124746193
 30
0.0
 11
0.25
 21
3.5328427124746193
 31
0.0
  0
LINE
  5
1BB
330
17
100
AcDbEntity
  8
hatch
100
AcDbLine
 10
0.0
 20
3.565685424949238
 30
0.0
 11
0.25
 21
3.8156854249492382
 31
0.0
  0
LINE
  5
1BC
330
17
100
AcDbEntity
  8
hatch
100
AcDbLine
 10
0.0
 20
3.848528137423857
 30
0.0
 11
0.25
 21
4.098528137423857
 31
0.0
  0
LINE
  5
1BD
330
17
100
AcDbEntity
  8
hatch
100
AcDbLine
 10
0.0
 20
4.131370849898476
 30
0.0
 11
0.018629150101524772
 21
4.15
 31
0.0
  0
LWPOLYLINE
  5
1BE
330
17
100
AcDbEntity
  8
muro-corte
100
AcDbPolyline
 90
4
 70
1
 10
0.0
 20
3.25
 10
0.25
 20
3.25
 10
0.25
 20
4.15
 10
0.0
 20
4.15
  0
LWPOLYLINE
  5
1BF
330
17
100
AcDbEntity
  8
muro-fill
100
AcDbPolyline
 90
4
 70
1
 10
0.0
 20
5.65
 10
0.25
 20
5.65
 10
0.25
 20
5.85
 10
0.0
 20
5.85
  0
LINE
  5
1C0
330
17
100
AcDbEntity
  8
hatch
100
AcDbLine
 10
-4.440892098500626e-16
 20
5.682842712474619
 30
0.0
 11
0.1671572875253795
 21
5.85
 31
0.0
  0
LWPOLYLINE
  5
1C1
330
17
100
AcDbEntity
  8
muro-corte
100
AcDbPolyline
 90
4
 70
1
 10
0.0
 20
5.65
 10
0.25
 20
5.65
 10
0.25
 20
5.85
 10
0.0
 20
5.85
  0
LWPOLYLINE
  5
1C2
330
17
100
AcDbEntity
  8
carpinteria
100
AcDbPolyline
 90
4
 70
1
 10
0.05
 20
4.15
 10
0.2
 20
4.15
 10
0.2
 20
5.65
 10
0.05
 20
5.65
  0
LINE
  5
1C3
330
17
100
AcDbEntity
  8
vidrio
100
AcDbLine
 10
0.05
 20
4.9
 30
0.0
 11
0.2
 21
4.9
 31
0.0
  0
LINE
  5
1C4
330
17
100
AcDbEntity
  8
carpinteria
100
AcDbLine
 10
0.125
 20
4.15
 30
0.0
 11
0.125
 21
5.65
 31
0.0
  0
LINE
  5
1C5
330
17
100
AcDbEntity
  8
carpinteria
100
AcDbLine
 10
0.05
 20
4.15
 30
0.0
 11
0.2
 21
4.15
 31
0.0
  0
LINE
  5
1C6
330
17
100
AcDbEntity
  8
carpinteria
100
AcDbLine
 10
0.05
 20
5.65
 30
0.0
 11
0.2
 21
5.65
 31
0.0
  0
LWPOLYLINE
  5
1C7
330
17
100
AcDbEntity
  8
muro-fill
100
AcDbPolyline
 90
4
 70
1
 10
9.35
 20
3.25
 10
9.6
 20
3.25
 10
9.6
 20
4.15
 10
9.35
 20
4.15
  0
LINE
  5
1C8
330
17
100
AcDbEntity
  8
hatch
100
AcDbLine
 10
9.35
 20
3.2828427124746207
 30
0.0
 11
9.6
 21
3.5328427124746207
 31
0.0
  0
LINE
  5
1C9
330
17
100
AcDbEntity
  8
hatch
100
AcDbLine
 10
9.35
 20
3.5656854249492396
 30
0.0
 11
9.599999999999998
 21
3.8156854249492387
 31
0.0
  0
LINE
  5
1CA
330
17
100
AcDbEntity
  8
hatch
100
AcDbLine
 10
9.35
 20
3.848528137423859
 30
0.0
 11
9.6
 21
4.098528137423858
 31
0.0
  0
LINE
  5
1CB
330
17
100
AcDbEntity
  8
hatch
100
AcDbLine
 10
9.35
 20
4.131370849898477
 30
0.0
 11
9.368629150101523
 21
4.15
 31
0.0
  0
LWPOLYLINE
  5
1CC
330
17
100
AcDbEntity
  8
muro-corte
100
AcDbPolyline
 90
4
 70
1
 10
9.35
 20
3.25
 10
9.6
 20
3.25
 10
9.6
 20
4.15
 10
9.35
 20
4.15
  0
LWPOLYLINE
  5
1CD
330
17
100
AcDbEntity
  8
muro-fill
100
AcDbPolyline
 90
4
 70
1
 10
9.35
 20
5.65
 10
9.6
 20
5.65
 10
9.6
 20
5.85
 10
9.35
 20
5.85
  0
LINE
  5
1CE
330
17
100
AcDbEntity
  8
hatch
100
AcDbLine
 10
9.35
 20
5.682842712474621
 30
0.0
 11
9.517157287525379
 21
5.849999999999999
 31
0.0
  0
LWPOLYLINE
  5
1CF
330
17
100
AcDbEntity
  8
muro-corte
100
AcDbPolyline
 90
4
 70
1
 10
9.35
 20
5.65
 10
9.6
 20
5.65
 10
9.6
 20
5.85
 10
9.35
 20
5.85
  0
LWPOLYLINE
  5
1D0
330
17
100
AcDbEntity
  8
carpinteria
100
AcDbPolyline
 90
4
 70
1
 10
9.4
 20
4.15
 10
9.55
 20
4.15
 10
9.55
 20
5.65
 10
9.4
 20
5.65
  0
LINE
  5
1D1
330
17
100
AcDbEntity
  8
vidrio
100
AcDbLine
 10
9.4
 20
4.9
 30
0.0
 11
9.55
 21
4.9
 31
0.0
  0
LINE
  5
1D2
330
17
100
AcDbEntity
  8
carpinteria
100
AcDbLine
 10
9.475
 20
4.15
 30
0.0
 11
9.475
 21
5.65
 31
0.0
  0
LINE
  5
1D3
330
17
100
AcDbEntity
  8
carpinteria
100
AcDbLine
 10
9.4
 20
4.15
 30
0.0
 11
9.55
 21
4.15
 31
0.0
  0
LINE
  5
1D4
330
17
100
AcDbEntity
  8
carpinteria
100
AcDbLine
 10
9.4
 20
5.65
 30
0.0
 11
9.55
 21
5.65
 31
0.0
  0
LWPOLYLINE
  5
1D5
330
17
100
AcDbEntity
  8
tabique-fill
100
AcDbPolyline
 90
4
 70
1
 10
3.8
 20
3.25
 10
3.95
 20
3.25
 10
3.95
 20
5.85
 10
3.8
 20
5.85
  0
LINE
  5
1D6
330
17
100
AcDbEntity
  8
hatch
100
AcDbLine
 10
3.7999999999999994
 20
3.382842712474619
 30
0.0
 11
3.95
 21
3.53284271247462
 31
0.0
  0
LINE
  5
1D7
330
17
100
AcDbEntity
  8
hatch
100
AcDbLine
 10
3.8
 20
3.6656854249492374
 30
0.0
 11
3.95
 21
3.815685424949238
 31
0.0
  0
LINE
  5
1D8
330
17
100
AcDbEntity
  8
hatch
100
AcDbLine
 10
3.8
 20
3.9485281374238568
 30
0.0
 11
3.95
 21
4.098528137423857
 31
0.0
  0
LINE
  5
1D9
330
17
100
AcDbEntity
  8
hatch
100
AcDbLine
 10
3.7999999999999994
 20
4.231370849898476
 30
0.0
 11
3.9499999999999997
 21
4.381370849898476
 31
0.0
  0
LINE
  5
1DA
330
17
100
AcDbEntity
  8
hatch
100
AcDbLine
 10
3.7999999999999994
 20
4.514213562373095
 30
0.0
 11
3.9499999999999997
 21
4.664213562373095
 31
0.0
  0
LINE
  5
1DB
330
17
100
AcDbEntity
  8
hatch
100
AcDbLine
 10
3.8
 20
4.797056274847714
 30
0.0
 11
3.95
 21
4.947056274847714
 31
0.0
  0
LINE
  5
1DC
330
17
100
AcDbEntity
  8
hatch
100
AcDbLine
 10
3.8
 20
5.079898987322332
 30
0.0
 11
3.95
 21
5.229898987322333
 31
0.0
  0
LINE
  5
1DD
330
17
100
AcDbEntity
  8
hatch
100
AcDbLine
 10
3.7999999999999994
 20
5.362741699796953
 30
0.0
 11
3.9499999999999997
 21
5.512741699796952
 31
0.0
  0
LINE
  5
1DE
330
17
100
AcDbEntity
  8
hatch
100
AcDbLine
 10
3.799999999999999
 20
5.64558441227157
 30
0.0
 11
3.9499999999999993
 21
5.7955844122715705
 31
0.0
  0
LWPOLYLINE
  5
1DF
330
17
100
AcDbEntity
  8
muro-corte
100
AcDbPolyline
 90
4
 70
1
 10
3.8
 20
3.25
 10
3.95
 20
3.25
 10
3.95
 20
5.85
 10
3.8
 20
5.85
  0
LWPOLYLINE
  5
1E0
330
17
100
AcDbEntity
  8
tabique-fill
100
AcDbPolyline
 90
4
 70
1
 10
5.65
 20
3.25
 10
5.8
 20
3.25
 10
5.8
 20
5.85
 10
5.65
 20
5.85
  0
LINE
  5
1E1
330
17
100
AcDbEntity
  8
hatch
100
AcDbLine
 10
5.65
 20
3.382842712474619
 30
0.0
 11
5.8
 21
3.5328427124746185
 31
0.0
  0
LINE
  5
1E2
330
17
100
AcDbEntity
  8
hatch
100
AcDbLine
 10
5.65
 20
3.6656854249492383
 30
0.0
 11
5.800000000000001
 21
3.815685424949238
 31
0.0
  0
LINE
  5
1E3
330
17
100
AcDbEntity
  8
hatch
100
AcDbLine
 10
5.65
 20
3.9485281374238577
 30
0.0
 11
5.8
 21
4.098528137423857
 31
0.0
  0
LINE
  5
1E4
330
17
100
AcDbEntity
  8
hatch
100
AcDbLine
 10
5.65
 20
4.231370849898477
 30
0.0
 11
5.8
 21
4.381370849898476
 31
0.0
  0
LINE
  5
1E5
330
17
100
AcDbEntity
  8
hatch
100
AcDbLine
 10
5.65
 20
4.514213562373095
 30
0.0
 11
5.8
 21
4.664213562373094
 31
0.0
  0
LINE
  5
1E6
330
17
100
AcDbEntity
  8
hatch
100
AcDbLine
 10
5.65
 20
4.797056274847715
 30
0.0
 11
5.8
 21
4.947056274847714
 31
0.0
  0
LINE
  5
1E7
330
17
100
AcDbEntity
  8
hatch
100
AcDbLine
 10
5.65
 20
5.079898987322333
 30
0.0
 11
5.8
 21
5.229898987322333
 31
0.0
  0
LINE
  5
1E8
330
17
100
AcDbEntity
  8
hatch
100
AcDbLine
 10
5.650000000000001
 20
5.362741699796953
 30
0.0
 11
5.800000000000001
 21
5.512741699796952
 31
0.0
  0
LINE
  5
1E9
330
17
100
AcDbEntity
  8
hatch
100
AcDbLine
 10
5.65
 20
5.645584412271572
 30
0.0
 11
5.8
 21
5.795584412271571
 31
0.0
  0
LWPOLYLINE
  5
1EA
330
17
100
AcDbEntity
  8
muro-corte
100
AcDbPolyline
 90
4
 70
1
 10
5.65
 20
3.25
 10
5.8
 20
3.25
 10
5.8
 20
5.85
 10
5.65
 20
5.85
  0
LINE
  5
1EB
330
17
100
AcDbEntity
  8
marco-medio
100
AcDbLine
 10
0.25
 20
3.25
 30
0.0
 11
9.35
 21
3.25
 31
0.0
  0
LWPOLYLINE
  5
1EC
330
17
100
AcDbEntity
  8
hormigon
100
AcDbPolyline
 90
4
 70
1
 10
0.0
 20
5.85
 10
9.6
 20
5.85
 10
9.6
 20
6.15
 10
0.0
 20
6.15
  0
LINE
  5
1ED
330
17
100
AcDbEntity
  8
hatch
100
AcDbLine
 10
9.31715728752538
 20
5.849999999999999
 30
0.0
 11
9.6
 21
6.13284271247462
 31
0.0
  0
LINE
  5
1EE
330
17
100
AcDbEntity
  8
hatch
100
AcDbLine
 10
9.03431457505076
 20
5.849999999999998
 30
0.0
 11
9.334314575050763
 21
6.150000000000001
 31
0.0
  0
LINE
  5
1EF
330
17
100
AcDbEntity
  8
hatch
100
AcDbLine
 10
8.751471862576143
 20
5.849999999999998
 30
0.0
 11
9.051471862576143
 21
6.15
 31
0.0
  0
LINE
  5
1F0
330
17
100
AcDbEntity
  8
hatch
100
AcDbLine
 10
8.468629150101522
 20
5.849999999999998
 30
0.0
 11
8.768629150101525
 21
6.150000000000001
 31
0.0
  0
LINE
  5
1F1
330
17
100
AcDbEntity
  8
hatch
100
AcDbLine
 10
8.185786437626904
 20
5.849999999999999
 30
0.0
 11
8.485786437626905
 21
6.15
 31
0.0
  0
LINE
  5
1F2
330
17
100
AcDbEntity
  8
hatch
100
AcDbLine
 10
7.9029437251522845
 20
5.85
 30
0.0
 11
8.202943725152286
 21
6.15
 31
0.0
  0
LINE
  5
1F3
330
17
100
AcDbEntity
  8
hatch
100
AcDbLine
 10
7.620101012677665
 20
5.849999999999999
 30
0.0
 11
7.9201010126776685
 21
6.150000000000001
 31
0.0
  0
LINE
  5
1F4
330
17
100
AcDbEntity
  8
hatch
100
AcDbLine
 10
7.337258300203047
 20
5.849999999999999
 30
0.0
 11
7.637258300203048
 21
6.15
 31
0.0
  0
LINE
  5
1F5
330
17
100
AcDbEntity
  8
hatch
100
AcDbLine
 10
7.0544155877284265
 20
5.849999999999998
 30
0.0
 11
7.354415587728431
 21
6.150000000000002
 31
0.0
  0
LINE
  5
1F6
330
17
100
AcDbEntity
  8
hatch
100
AcDbLine
 10
6.771572875253808
 20
5.849999999999999
 30
0.0
 11
7.0715728752538105
 21
6.15
 31
0.0
  0
LINE
  5
1F7
330
17
100
AcDbEntity
  8
hatch
100
AcDbLine
 10
6.48873016277919
 20
5.849999999999999
 30
0.0
 11
6.788730162779192
 21
6.150000000000001
 31
0.0
  0
LINE
  5
1F8
330
17
100
AcDbEntity
  8
hatch
100
AcDbLine
 10
6.205887450304569
 20
5.849999999999999
 30
0.0
 11
6.505887450304572
 21
6.15
 31
0.0
  0
LINE
  5
1F9
330
17
100
AcDbEntity
  8
hatch
100
AcDbLine
 10
5.923044737829951
 20
5.849999999999999
 30
0.0
 11
6.223044737829953
 21
6.150000000000001
 31
0.0
  0
LINE
  5
1FA
330
17
100
AcDbEntity
  8
hatch
100
AcDbLine
 10
5.6402020253553315
 20
5.849999999999998
 30
0.0
 11
5.940202025355334
 21
6.15
 31
0.0
  0
LINE
  5
1FB
330
17
100
AcDbEntity
  8
hatch
100
AcDbLine
 10
5.357359312880714
 20
5.849999999999999
 30
0.0
 11
5.657359312880716
 21
6.15
 31
0.0
  0
LINE
  5
1FC
330
17
100
AcDbEntity
  8
hatch
100
AcDbLine
 10
5.074516600406094
 20
5.849999999999999
 30
0.0
 11
5.374516600406096
 21
6.150000000000001
 31
0.0
  0
LINE
  5
1FD
330
17
100
AcDbEntity
  8
hatch
100
AcDbLine
 10
4.791673887931475
 20
5.849999999999999
 30
0.0
 11
5.091673887931477
 21
6.15
 31
0.0
  0
LINE
  5
1FE
330
17
100
AcDbEntity
  8
hatch
100
AcDbLine
 10
4.508831175456857
 20
5.849999999999999
 30
0.0
 11
4.8088311754568585
 21
6.15
 31
0.0
  0
LINE
  5
1FF
330
17
100
AcDbEntity
  8
hatch
100
AcDbLine
 10
4.225988462982237
 20
5.849999999999999
 30
0.0
 11
4.525988462982238
 21
6.15
 31
0.0
  0
LINE
  5
200
330
17
100
AcDbEntity
  8
hatch
100
AcDbLine
 10
3.943145750507618
 20
5.849999999999999
 30
0.0
 11
4.24314575050762
 21
6.15
 31
0.0
  0
LINE
  5
201
330
17
100
AcDbEntity
  8
hatch
100
AcDbLine
 10
3.660303038032999
 20
5.85
 30
0.0
 11
3.9603030380330013
 21
6.15
 31
0.0
  0
LINE
  5
202
330
17
100
AcDbEntity
  8
hatch
100
AcDbLine
 10
3.3774603255583795
 20
5.849999999999999
 30
0.0
 11
3.677460325558381
 21
6.15
 31
0.0
  0
LINE
  5
203
330
17
100
AcDbEntity
  8
hatch
100
AcDbLine
 10
3.09461761308376
 20
5.85
 30
0.0
 11
3.3946176130837626
 21
6.15
 31
0.0
  0
LINE
  5
204
330
17
100
AcDbEntity
  8
hatch
100
AcDbLine
 10
2.8117749006091413
 20
5.849999999999999
 30
0.0
 11
3.111774900609143
 21
6.15
 31
0.0
  0
LINE
  5
205
330
17
100
AcDbEntity
  8
hatch
100
AcDbLine
 10
2.5289321881345233
 20
5.85
 30
0.0
 11
2.8289321881345257
 21
6.15
 31
0.0
  0
LINE
  5
206
330
17
100
AcDbEntity
  8
hatch
100
AcDbLine
 10
2.246089475659904
 20
5.849999999999999
 30
0.0
 11
2.5460894756599055
 21
6.15
 31
0.0
  0
LINE
  5
207
330
17
100
AcDbEntity
  8
hatch
100
AcDbLine
 10
1.9632467631852848
 20
5.849999999999999
 30
0.0
 11
2.263246763185286
 21
6.15
 31
0.0
  0
LINE
  5
208
330
17
100
AcDbEntity
  8
hatch
100
AcDbLine
 10
1.6804040507106657
 20
5.849999999999999
 30
0.0
 11
1.9804040507106673
 21
6.150000000000001
 31
0.0
  0
LINE
  5
209
330
17
100
AcDbEntity
  8
hatch
100
AcDbLine
 10
1.3975613382360463
 20
5.85
 30
0.0
 11
1.6975613382360475
 21
6.15
 31
0.0
  0
LINE
  5
20A
330
17
100
AcDbEntity
  8
hatch
100
AcDbLine
 10
1.1147186257614279
 20
5.849999999999999
 30
0.0
 11
1.4147186257614295
 21
6.15
 31
0.0
  0
LINE
  5
20B
330
17
100
AcDbEntity
  8
hatch
100
AcDbLine
 10
0.8318759132868085
 20
5.849999999999999
 30
0.0
 11
1.1318759132868101
 21
6.15
 31
0.0
  0
LINE
  5
20C
330
17
100
AcDbEntity
  8
hatch
100
AcDbLine
 10
0.5490332008121896
 20
5.849999999999999
 30
0.0
 11
0.8490332008121912
 21
6.15
 31
0.0
  0
LINE
  5
20D
330
17
100
AcDbEntity
  8
hatch
100
AcDbLine
 10
0.2661904883375703
 20
5.849999999999999
 30
0.0
 11
0.5661904883375719
 21
6.15
 31
0.0
  0
LINE
  5
20E
330
17
100
AcDbEntity
  8
hatch
100
AcDbLine
 10
0.0
 20
5.866652224137048
 30
0.0
 11
0.28334777586295257
 21
6.15
 31
0.0
  0
LINE
  5
20F
330
17
100
AcDbEntity
  8
hatch
100
AcDbLine
 10
4.440892098500626e-16
 20
6.149494936611667
 30
0.0
 11
0.0005050633883341149
 21
6.15
 31
0.0
  0
LWPOLYLINE
  5
210
330
17
100
AcDbEntity
  8
muro-corte
100
AcDbPolyline
 90
4
 70
1
 10
0.0
 20
5.85
 10
9.6
 20
5.85
 10
9.6
 20
6.15
 10
0.0
 20
6.15
  0
CIRCLE
  5
211
330
17
100
AcDbEntity
  8
hatch-2
100
AcDbCircle
 10
0.15
 20
6.0
 30
0.0
 40
0.08500000000000002
  0
CIRCLE
  5
212
330
17
100
AcDbEntity
  8
hatch-2
100
AcDbCircle
 10
0.45
 20
6.0
 30
0.0
 40
0.08500000000000002
  0
CIRCLE
  5
213
330
17
100
AcDbEntity
  8
hatch-2
100
AcDbCircle
 10
0.75
 20
6.0
 30
0.0
 40
0.08500000000000002
  0
CIRCLE
  5
214
330
17
100
AcDbEntity
  8
hatch-2
100
AcDbCircle
 10
1.05
 20
6.0
 30
0.0
 40
0.08500000000000002
  0
CIRCLE
  5
215
330
17
100
AcDbEntity
  8
hatch-2
100
AcDbCircle
 10
1.35
 20
6.0
 30
0.0
 40
0.08500000000000002
  0
CIRCLE
  5
216
330
17
100
AcDbEntity
  8
hatch-2
100
AcDbCircle
 10
1.65
 20
6.0
 30
0.0
 40
0.08500000000000002
  0
CIRCLE
  5
217
330
17
100
AcDbEntity
  8
hatch-2
100
AcDbCircle
 10
1.95
 20
6.0
 30
0.0
 40
0.08500000000000002
  0
CIRCLE
  5
218
330
17
100
AcDbEntity
  8
hatch-2
100
AcDbCircle
 10
2.25
 20
6.0
 30
0.0
 40
0.08500000000000002
  0
CIRCLE
  5
219
330
17
100
AcDbEntity
  8
hatch-2
100
AcDbCircle
 10
2.55
 20
6.0
 30
0.0
 40
0.08500000000000002
  0
CIRCLE
  5
21A
330
17
100
AcDbEntity
  8
hatch-2
100
AcDbCircle
 10
2.85
 20
6.0
 30
0.0
 40
0.08500000000000002
  0
CIRCLE
  5
21B
330
17
100
AcDbEntity
  8
hatch-2
100
AcDbCircle
 10
3.15
 20
6.0
 30
0.0
 40
0.08500000000000002
  0
CIRCLE
  5
21C
330
17
100
AcDbEntity
  8
hatch-2
100
AcDbCircle
 10
3.45
 20
6.0
 30
0.0
 40
0.08500000000000002
  0
CIRCLE
  5
21D
330
17
100
AcDbEntity
  8
hatch-2
100
AcDbCircle
 10
3.75
 20
6.0
 30
0.0
 40
0.08500000000000002
  0
CIRCLE
  5
21E
330
17
100
AcDbEntity
  8
hatch-2
100
AcDbCircle
 10
4.05
 20
6.0
 30
0.0
 40
0.08500000000000002
  0
CIRCLE
  5
21F
330
17
100
AcDbEntity
  8
hatch-2
100
AcDbCircle
 10
4.35
 20
6.0
 30
0.0
 40
0.08500000000000002
  0
CIRCLE
  5
220
330
17
100
AcDbEntity
  8
hatch-2
100
AcDbCircle
 10
4.65
 20
6.0
 30
0.0
 40
0.08500000000000002
  0
CIRCLE
  5
221
330
17
100
AcDbEntity
  8
hatch-2
100
AcDbCircle
 10
4.95
 20
6.0
 30
0.0
 40
0.08500000000000002
  0
CIRCLE
  5
222
330
17
100
AcDbEntity
  8
hatch-2
100
AcDbCircle
 10
5.25
 20
6.0
 30
0.0
 40
0.08500000000000002
  0
CIRCLE
  5
223
330
17
100
AcDbEntity
  8
hatch-2
100
AcDbCircle
 10
5.55
 20
6.0
 30
0.0
 40
0.08500000000000002
  0
CIRCLE
  5
224
330
17
100
AcDbEntity
  8
hatch-2
100
AcDbCircle
 10
5.85
 20
6.0
 30
0.0
 40
0.08500000000000002
  0
CIRCLE
  5
225
330
17
100
AcDbEntity
  8
hatch-2
100
AcDbCircle
 10
6.15
 20
6.0
 30
0.0
 40
0.08500000000000002
  0
CIRCLE
  5
226
330
17
100
AcDbEntity
  8
hatch-2
100
AcDbCircle
 10
6.45
 20
6.0
 30
0.0
 40
0.08500000000000002
  0
CIRCLE
  5
227
330
17
100
AcDbEntity
  8
hatch-2
100
AcDbCircle
 10
6.75
 20
6.0
 30
0.0
 40
0.08500000000000002
  0
CIRCLE
  5
228
330
17
100
AcDbEntity
  8
hatch-2
100
AcDbCircle
 10
7.05
 20
6.0
 30
0.0
 40
0.08500000000000002
  0
CIRCLE
  5
229
330
17
100
AcDbEntity
  8
hatch-2
100
AcDbCircle
 10
7.35
 20
6.0
 30
0.0
 40
0.08500000000000002
  0
CIRCLE
  5
22A
330
17
100
AcDbEntity
  8
hatch-2
100
AcDbCircle
 10
7.65
 20
6.0
 30
0.0
 40
0.08500000000000002
  0
CIRCLE
  5
22B
330
17
100
AcDbEntity
  8
hatch-2
100
AcDbCircle
 10
7.95
 20
6.0
 30
0.0
 40
0.08500000000000002
  0
CIRCLE
  5
22C
330
17
100
AcDbEntity
  8
hatch-2
100
AcDbCircle
 10
8.25
 20
6.0
 30
0.0
 40
0.08500000000000002
  0
CIRCLE
  5
22D
330
17
100
AcDbEntity
  8
hatch-2
100
AcDbCircle
 10
8.55
 20
6.0
 30
0.0
 40
0.08500000000000002
  0
CIRCLE
  5
22E
330
17
100
AcDbEntity
  8
hatch-2
100
AcDbCircle
 10
8.85
 20
6.0
 30
0.0
 40
0.08500000000000002
  0
CIRCLE
  5
22F
330
17
100
AcDbEntity
  8
hatch-2
100
AcDbCircle
 10
9.15
 20
6.0
 30
0.0
 40
0.08500000000000002
  0
CIRCLE
  5
230
330
17
100
AcDbEntity
  8
hatch-2
100
AcDbCircle
 10
9.45
 20
6.0
 30
0.0
 40
0.08500000000000002
  0
LINE
  5
231
330
17
100
AcDbEntity
  8
marco-fino
100
AcDbLine
 10
0.0
 20
6.1
 30
0.0
 11
9.6
 21
6.1
 31
0.0
  0
LWPOLYLINE
  5
232
330
17
100
AcDbEntity
  8
hormigon
100
AcDbPolyline
 90
4
 70
1
 10
0.25
 20
6.15
 10
9.35
 20
6.15
 10
9.35
 20
6.2
 10
0.25
 20
6.2
  0
LINE
  5
233
330
17
100
AcDbEntity
  8
hatch
100
AcDbLine
 10
9.067157287525381
 20
6.15
 30
0.0
 11
9.11715728752538
 21
6.199999999999999
 31
0.0
  0
LINE
  5
234
330
17
100
AcDbEntity
  8
hatch
100
AcDbLine
 10
8.784314575050761
 20
6.1499999999999995
 30
0.0
 11
8.834314575050762
 21
6.199999999999999
 31
0.0
  0
LINE
  5
235
330
17
100
AcDbEntity
  8
hatch
100
AcDbLine
 10
8.501471862576143
 20
6.1499999999999995
 30
0.0
 11
8.551471862576143
 21
6.199999999999999
 31
0.0
  0
LINE
  5
236
330
17
100
AcDbEntity
  8
hatch
100
AcDbLine
 10
8.218629150101522
 20
6.149999999999999
 30
0.0
 11
8.268629150101523
 21
6.199999999999999
 31
0.0
  0
LINE
  5
237
330
17
100
AcDbEntity
  8
hatch
100
AcDbLine
 10
7.935786437626905
 20
6.1499999999999995
 30
0.0
 11
7.9857864376269045
 21
6.2
 31
0.0
  0
LINE
  5
238
330
17
100
AcDbEntity
  8
hatch
100
AcDbLine
 10
7.652943725152286
 20
6.15
 30
0.0
 11
7.702943725152285
 21
6.199999999999998
 31
0.0
  0
LINE
  5
239
330
17
100
AcDbEntity
  8
hatch
100
AcDbLine
 10
7.370101012677666
 20
6.15
 30
0.0
 11
7.420101012677666
 21
6.2
 31
0.0
  0
LINE
  5
23A
330
17
100
AcDbEntity
  8
hatch
100
AcDbLine
 10
7.087258300203048
 20
6.15
 30
0.0
 11
7.137258300203047
 21
6.2
 31
0.0
  0
LINE
  5
23B
330
17
100
AcDbEntity
  8
hatch
100
AcDbLine
 10
6.804415587728428
 20
6.1499999999999995
 30
0.0
 11
6.854415587728428
 21
6.199999999999999
 31
0.0
  0
LINE
  5
23C
330
17
100
AcDbEntity
  8
hatch
100
AcDbLine
 10
6.52157287525381
 20
6.1499999999999995
 30
0.0
 11
6.571572875253809
 21
6.199999999999999
 31
0.0
  0
LINE
  5
23D
330
17
100
AcDbEntity
  8
hatch
100
AcDbLine
 10
6.2387301627791905
 20
6.15
 30
0.0
 11
6.288730162779189
 21
6.199999999999999
 31
0.0
  0
LINE
  5
23E
330
17
100
AcDbEntity
  8
hatch
100
AcDbLine
 10
5.955887450304571
 20
6.1499999999999995
 30
0.0
 11
6.005887450304571
 21
6.199999999999999
 31
0.0
  0
LINE
  5
23F
330
17
100
AcDbEntity
  8
hatch
100
AcDbLine
 10
5.673044737829953
 20
6.15
 30
0.0
 11
5.723044737829952
 21
6.199999999999999
 31
0.0
  0
LINE
  5
240
330
17
100
AcDbEntity
  8
hatch
100
AcDbLine
 10
5.390202025355332
 20
6.1499999999999995
 30
0.0
 11
5.440202025355332
 21
6.199999999999999
 31
0.0
  0
LINE
  5
241
330
17
100
AcDbEntity
  8
hatch
100
AcDbLine
 10
5.107359312880714
 20
6.1499999999999995
 30
0.0
 11
5.157359312880715
 21
6.2
 31
0.0
  0
LINE
  5
242
330
17
100
AcDbEntity
  8
hatch
100
AcDbLine
 10
4.824516600406095
 20
6.149999999999999
 30
0.0
 11
4.8745166004060945
 21
6.199999999999999
 31
0.0
  0
LINE
  5
243
330
17
100
AcDbEntity
  8
hatch
100
AcDbLine
 10
4.541673887931476
 20
6.15
 30
0.0
 11
4.591673887931476
 21
6.2
 31
0.0
  0
LINE
  5
244
330
17
100
AcDbEntity
  8
hatch
100
AcDbLine
 10
4.258831175456858
 20
6.15
 30
0.0
 11
4.308831175456856
 21
6.199999999999999
 31
0.0
  0
LINE
  5
245
330
17
100
AcDbEntity
  8
hatch
100
AcDbLine
 10
3.975988462982238
 20
6.15
 30
0.0
 11
4.025988462982237
 21
6.199999999999999
 31
0.0
  0
LINE
  5
246
330
17
100
AcDbEntity
  8
hatch
100
AcDbLine
 10
3.6931457505076195
 20
6.15
 30
0.0
 11
3.7431457505076193
 21
6.2
 31
0.0
  0
LINE
  5
247
330
17
100
AcDbEntity
  8
hatch
100
AcDbLine
 10
3.4103030380329997
 20
6.15
 30
0.0
 11
3.4603030380329995
 21
6.2
 31
0.0
  0
LINE
  5
248
330
17
100
AcDbEntity
  8
hatch
100
AcDbLine
 10
3.1274603255583813
 20
6.15
 30
0.0
 11
3.17746032555838
 21
6.199999999999999
 31
0.0
  0
LINE
  5
249
330
17
100
AcDbEntity
  8
hatch
100
AcDbLine
 10
2.844617613083761
 20
6.15
 30
0.0
 11
2.894617613083761
 21
6.199999999999999
 31
0.0
  0
LINE
  5
24A
330
17
100
AcDbEntity
  8
hatch
100
AcDbLine
 10
2.5617749006091426
 20
6.15
 30
0.0
 11
2.6117749006091424
 21
6.199999999999999
 31
0.0
  0
LINE
  5
24B
330
17
100
AcDbEntity
  8
hatch
100
AcDbLine
 10
2.278932188134524
 20
6.1499999999999995
 30
0.0
 11
2.328932188134524
 21
6.199999999999999
 31
0.0
  0
LINE
  5
24C
330
17
100
AcDbEntity
  8
hatch
100
AcDbLine
 10
1.9960894756599052
 20
6.15
 30
0.0
 11
2.046089475659904
 21
6.199999999999999
 31
0.0
  0
LINE
  5
24D
330
17
100
AcDbEntity
  8
hatch
100
AcDbLine
 10
1.713246763185286
 20
6.15
 30
0.0
 11
1.7632467631852848
 21
6.199999999999999
 31
0.0
  0
LINE
  5
24E
330
17
100
AcDbEntity
  8
hatch
100
AcDbLine
 10
1.4304040507106666
 20
6.15
 30
0.0
 11
1.4804040507106655
 21
6.199999999999999
 31
0.0
  0
LINE
  5
24F
330
17
100
AcDbEntity
  8
hatch
100
AcDbLine
 10
1.1475613382360472
 20
6.15
 30
0.0
 11
1.1975613382360462
 21
6.199999999999999
 31
0.0
  0
LINE
  5
250
330
17
100
AcDbEntity
  8
hatch
100
AcDbLine
 10
0.8647186257614292
 20
6.15
 30
0.0
 11
0.9147186257614286
 21
6.199999999999999
 31
0.0
  0
LINE
  5
251
330
17
100
AcDbEntity
  8
hatch
100
AcDbLine
 10
0.5818759132868099
 20
6.15
 30
0.0
 11
0.6318759132868093
 21
6.199999999999999
 31
0.0
  0
LINE
  5
252
330
17
100
AcDbEntity
  8
hatch
100
AcDbLine
 10
0.29903320081219054
 20
6.15
 30
0.0
 11
0.3490332008121899
 21
6.199999999999999
 31
0.0
  0
LWPOLYLINE
  5
253
330
17
100
AcDbEntity
  8
muro-fill
100
AcDbPolyline
 90
4
 70
1
 10
0.0
 20
6.2
 10
0.25
 20
6.2
 10
0.25
 20
7.15
 10
0.0
 20
7.15
  0
LINE
  5
254
330
17
100
AcDbEntity
  8
hatch
100
AcDbLine
 10
0.0
 20
6.2328427124746195
 30
0.0
 11
0.24999999999999956
 21
6.482842712474619
 31
0.0
  0
LINE
  5
255
330
17
100
AcDbEntity
  8
hatch
100
AcDbLine
 10
0.0
 20
6.515685424949238
 30
0.0
 11
0.24999999999999956
 21
6.765685424949238
 31
0.0
  0
LINE
  5
256
330
17
100
AcDbEntity
  8
hatch
100
AcDbLine
 10
0.0
 20
6.798528137423856
 30
0.0
 11
0.24999999999999956
 21
7.048528137423856
 31
0.0
  0
LINE
  5
257
330
17
100
AcDbEntity
  8
hatch
100
AcDbLine
 10
0.0
 20
7.081370849898477
 30
0.0
 11
0.0686291501015246
 21
7.15
 31
0.0
  0
LWPOLYLINE
  5
258
330
17
100
AcDbEntity
  8
muro-corte
100
AcDbPolyline
 90
4
 70
1
 10
0.0
 20
6.2
 10
0.25
 20
6.2
 10
0.25
 20
7.15
 10
0.0
 20
7.15
  0
LWPOLYLINE
  5
259
330
17
100
AcDbEntity
  8
hormigon
100
AcDbPolyline
 90
4
 70
1
 10
-0.029999999999999714
 20
7.15
 10
0.2799999999999997
 20
7.15
 10
0.2799999999999997
 20
7.2
 10
-0.029999999999999714
 20
7.2
  0
LINE
  5
25A
330
17
100
AcDbEntity
  8
hatch
100
AcDbLine
 10
-0.0028427124746190913
 20
7.15
 30
0.0
 11
0.04715728752538073
 21
7.199999999999999
 31
0.0
  0
LWPOLYLINE
  5
25B
330
17
100
AcDbEntity
  8
muro-corte
100
AcDbPolyline
 90
4
 70
1
 10
-0.029999999999999714
 20
7.15
 10
0.2799999999999997
 20
7.15
 10
0.2799999999999997
 20
7.2
 10
-0.029999999999999714
 20
7.2
  0
LWPOLYLINE
  5
25C
330
17
100
AcDbEntity
  8
muro-fill
100
AcDbPolyline
 90
4
 70
1
 10
9.35
 20
6.2
 10
9.6
 20
6.2
 10
9.6
 20
7.15
 10
9.35
 20
7.15
  0
LINE
  5
25D
330
17
100
AcDbEntity
  8
hatch
100
AcDbLine
 10
9.35
 20
6.2328427124746195
 30
0.0
 11
9.6
 21
6.482842712474618
 31
0.0
  0
LINE
  5
25E
330
17
100
AcDbEntity
  8
hatch
100
AcDbLine
 10
9.35
 20
6.515685424949238
 30
0.0
 11
9.6
 21
6.765685424949238
 31
0.0
  0
LINE
  5
25F
330
17
100
AcDbEntity
  8
hatch
100
AcDbLine
 10
9.349999999999998
 20
6.798528137423857
 30
0.0
 11
9.599999999999998
 21
7.0485281374238555
 31
0.0
  0
LINE
  5
260
330
17
100
AcDbEntity
  8
hatch
100
AcDbLine
 10
9.35
 20
7.081370849898476
 30
0.0
 11
9.418629150101523
 21
7.1499999999999995
 31
0.0
  0
LWPOLYLINE
  5
261
330
17
100
AcDbEntity
  8
muro-corte
100
AcDbPolyline
 90
4
 70
1
 10
9.35
 20
6.2
 10
9.6
 20
6.2
 10
9.6
 20
7.15
 10
9.35
 20
7.15
  0
LWPOLYLINE
  5
262
330
17
100
AcDbEntity
  8
hormigon
100
AcDbPolyline
 90
4
 70
1
 10
9.319999999999999
 20
7.15
 10
9.629999999999999
 20
7.15
 10
9.629999999999999
 20
7.2
 10
9.319999999999999
 20
7.2
  0
LINE
  5
263
330
17
100
AcDbEntity
  8
hatch
100
AcDbLine
 10
9.347157287525379
 20
7.15
 30
0.0
 11
9.39715728752538
 21
7.199999999999999
 31
0.0
  0
LWPOLYLINE
  5
264
330
17
100
AcDbEntity
  8
muro-corte
100
AcDbPolyline
 90
4
 70
1
 10
9.319999999999999
 20
7.15
 10
9.629999999999999
 20
7.15
 10
9.629999999999999
 20
7.2
 10
9.319999999999999
 20
7.2
  0
LWPOLYLINE
  5
265
330
17
100
AcDbEntity
  8
hormigon
100
AcDbPolyline
 90
4
 70
1
 10
0.0
 20
2.9
 10
0.25
 20
2.9
 10
0.25
 20
3.05
 10
0.0
 20
3.05
  0
LINE
  5
266
330
17
100
AcDbEntity
  8
hatch
100
AcDbLine
 10
2.220446049250313e-16
 20
2.932842712474619
 30
0.0
 11
0.11715728752538102
 21
3.05
 31
0.0
  0
LWPOLYLINE
  5
267
330
17
100
AcDbEntity
  8
hormigon
100
AcDbPolyline
 90
4
 70
1
 10
9.35
 20
2.9
 10
9.6
 20
2.9
 10
9.6
 20
3.05
 10
9.35
 20
3.05
  0
LINE
  5
268
330
17
100
AcDbEntity
  8
hatch
100
AcDbLine
 10
9.35
 20
2.932842712474619
 30
0.0
 11
9.467157287525382
 21
3.05
 31
0.0
  0
LINE
  5
269
330
17
100
AcDbEntity
  8
nivel
100
AcDbLine
 10
8.525
 20
-7.5
 30
0.0
 11
9.825000000000001
 21
-7.5
 31
0.0
  0
LWPOLYLINE
  5
26A
330
17
100
AcDbEntity
  8
nivel
100
AcDbPolyline
 90
3
 70
1
 10
8.525
 20
-7.5
 10
8.66
 20
-7.4175
 10
8.66
 20
-7.5825000000000005
  0
LWPOLYLINE
  5
26B
330
17
100
AcDbEntity
  8
nivel
100
AcDbPolyline
 90
3
 70
1
 10
8.525
 20
-7.5
 10
8.66
 20
-7.4175
 10
8.66
 20
-7.5825000000000005
  0
LINE
  5
26C
330
17
100
AcDbEntity
  8
hatch
100
AcDbLine
 10
8.57222122716305
 20
-7.528857416599642
 30
0.0
 11
8.659999999999998
 21
-7.441078643762694
 31
0.0
  0
TEXT
  5
26D
330
17
100
AcDbEntity
  8
texto
100
AcDbText
 10
8.75
 20
-7.440000000000001
 30
0.0
 40
0.105
  1
±0,00
100
AcDbText
  0
LINE
  5
26E
330
17
100
AcDbEntity
  8
nivel
100
AcDbLine
 10
8.525
 20
-5.875
 30
0.0
 11
9.825000000000001
 21
-5.875
 31
0.0
  0
LWPOLYLINE
  5
26F
330
17
100
AcDbEntity
  8
nivel
100
AcDbPolyline
 90
3
 70
1
 10
8.525
 20
-5.875
 10
8.66
 20
-5.7925
 10
8.66
 20
-5.9575000000000005
  0
LWPOLYLINE
  5
270
330
17
100
AcDbEntity
  8
nivel
100
AcDbPolyline
 90
3
 70
1
 10
8.525
 20
-5.875
 10
8.66
 20
-5.7925
 10
8.66
 20
-5.9575000000000005
  0
LINE
  5
271
330
17
100
AcDbEntity
  8
hatch
100
AcDbLine
 10
8.572221227163048
 20
-5.9038574165996405
 30
0.0
 11
8.66
 21
-5.81607864376269
 31
0.0
  0
TEXT
  5
272
330
17
100
AcDbEntity
  8
texto
100
AcDbText
 10
8.75
 20
-5.815
 30
0.0
 40
0.105
  1
+3,25
100
AcDbText
  0
LINE
  5
273
330
17
100
AcDbEntity
  8
nivel
100
AcDbLine
 10
8.525
 20
-4.4
 30
0.0
 11
9.825000000000001
 21
-4.4
 31
0.0
  0
LWPOLYLINE
  5
274
330
17
100
AcDbEntity
  8
nivel
100
AcDbPolyline
 90
3
 70
1
 10
8.525
 20
-4.4
 10
8.66
 20
-4.3175
 10
8.66
 20
-4.482500000000001
  0
LWPOLYLINE
  5
275
330
17
100
AcDbEntity
  8
nivel
100
AcDbPolyline
 90
3
 70
1
 10
8.525
 20
-4.4
 10
8.66
 20
-4.3175
 10
8.66
 20
-4.482500000000001
  0
LINE
  5
276
330
17
100
AcDbEntity
  8
hatch
100
AcDbLine
 10
8.57222122716305
 20
-4.428857416599643
 30
0.0
 11
8.66
 21
-4.3410786437626925
 31
0.0
  0
TEXT
  5
277
330
17
100
AcDbEntity
  8
texto
100
AcDbText
 10
8.75
 20
-4.34
 30
0.0
 40
0.105
  1
+6,20
100
AcDbText
  0
LINE
  5
278
330
17
100
AcDbEntity
  8
nivel
100
AcDbLine
 10
8.525
 20
-3.9000000000000004
 30
0.0
 11
9.825000000000001
 21
-3.9000000000000004
 31
0.0
  0
LWPOLYLINE
  5
279
330
17
100
AcDbEntity
  8
nivel
100
AcDbPolyline
 90
3
 70
1
 10
8.525
 20
-3.9000000000000004
 10
8.66
 20
-3.8175
 10
8.66
 20
-3.9825000000000004
  0
LWPOLYLINE
  5
27A
330
17
100
AcDbEntity
  8
nivel
100
AcDbPolyline
 90
3
 70
1
 10
8.525
 20
-3.9000000000000004
 10
8.66
 20
-3.8175
 10
8.66
 20
-3.9825000000000004
  0
LINE
  5
27B
330
17
100
AcDbEntity
  8
hatch
100
AcDbLine
 10
8.572221227163048
 20
-3.9288574165996413
 30
0.0
 11
8.66
 21
-3.8410786437626907
 31
0.0
  0
TEXT
  5
27C
330
17
100
AcDbEntity
  8
texto
100
AcDbText
 10
8.75
 20
-3.84
 30
0.0
 40
0.105
  1
+7,20
100
AcDbText
  0
LINE
  5
27D
330
17
100
AcDbEntity
  8
nivel
100
AcDbLine
 10
3.325
 20
-7.7250000000000005
 30
0.0
 11
1.8250000000000002
 21
-7.7250000000000005
 31
0.0
  0
LWPOLYLINE
  5
27E
330
17
100
AcDbEntity
  8
nivel
100
AcDbPolyline
 90
3
 70
1
 10
3.325
 20
-7.7250000000000005
 10
3.19
 20
-7.6425
 10
3.19
 20
-7.807500000000001
  0
LWPOLYLINE
  5
27F
330
17
100
AcDbEntity
  8
nivel
100
AcDbPolyline
 90
3
 70
1
 10
3.325
 20
-7.7250000000000005
 10
3.19
 20
-7.6425
 10
3.19
 20
-7.807500000000001
  0
LINE
  5
280
330
17
100
AcDbEntity
  8
hatch
100
AcDbLine
 10
3.1900000000000004
 20
-7.718578643762692
 30
0.0
 11
3.2372212271630496
 21
-7.671357416599642
 31
0.0
  0
TEXT
  5
281
330
17
100
AcDbEntity
  8
texto
100
AcDbText
 10
3.1
 20
-7.665000000000001
 30
0.0
 40
0.105
  1
NTN -0,45
 72
2
100
AcDbText
  0
LINE
  5
282
330
17
100
AcDbEntity
  8
nivel
100
AcDbLine
 10
2.825
 20
-8.025
 30
0.0
 11
1.3250000000000002
 21
-8.025
 31
0.0
  0
LWPOLYLINE
  5
283
330
17
100
AcDbEntity
  8
nivel
100
AcDbPolyline
 90
3
 70
1
 10
2.825
 20
-8.025
 10
2.69
 20
-7.9425
 10
2.69
 20
-8.1075
  0
LWPOLYLINE
  5
284
330
17
100
AcDbEntity
  8
nivel
100
AcDbPolyline
 90
3
 70
1
 10
2.825
 20
-8.025
 10
2.69
 20
-7.9425
 10
2.69
 20
-8.1075
  0
LINE
  5
285
330
17
100
AcDbEntity
  8
hatch
100
AcDbLine
 10
2.6899999999999995
 20
-8.018578643762691
 30
0.0
 11
2.7372212271630496
 21
-7.971357416599641
 31
0.0
  0
TEXT
  5
286
330
17
100
AcDbEntity
  8
texto
100
AcDbText
 10
2.6
 20
-7.965000000000001
 30
0.0
 40
0.105
  1
-1,05
 72
2
100
AcDbText
  0
LINE
  5
287
330
17
100
AcDbEntity
  8
cota
100
AcDbLine
 10
8.4
 20
-7.5
 30
0.0
 11
8.4
 21
-7.5
 31
0.0
  0
LINE
  5
288
330
17
100
AcDbEntity
  8
cota
100
AcDbLine
 10
8.4
 20
-6.050000000000001
 30
0.0
 11
8.4
 21
-6.050000000000001
 31
0.0
  0
LINE
  5
289
330
17
100
AcDbEntity
  8
cota
100
AcDbLine
 10
8.475
 20
-7.5
 30
0.0
 11
8.475
 21
-6.050000000000001
 31
0.0
  0
LINE
  5
28A
330
17
100
AcDbEntity
  8
cota
100
AcDbLine
 10
8.4
 20
-7.425000000000001
 30
0.0
 11
8.55
 21
-7.575
 31
0.0
  0
LINE
  5
28B
330
17
100
AcDbEntity
  8
cota
100
AcDbLine
 10
8.4
 20
-5.9750000000000005
 30
0.0
 11
8.55
 21
-6.125
 31
0.0
  0
TEXT
  5
28C
330
17
100
AcDbEntity
  8
cota-texto
100
AcDbText
 10
8.42
 20
-6.775
 30
0.0
 40
0.095
  1
2,90
 50
90.0
 72
1
 11
8.42
 21
-6.775
 31
0.0
100
AcDbText
  0
LINE
  5
28D
330
17
100
AcDbEntity
  8
cota
100
AcDbLine
 10
8.4
 20
-5.875
 30
0.0
 11
8.4
 21
-5.875
 31
0.0
  0
LINE
  5
28E
330
17
100
AcDbEntity
  8
cota
100
AcDbLine
 10
8.4
 20
-4.575
 30
0.0
 11
8.4
 21
-4.575
 31
0.0
  0
LINE
  5
28F
330
17
100
AcDbEntity
  8
cota
100
AcDbLine
 10
8.475
 20
-5.875
 30
0.0
 11
8.475
 21
-4.575
 31
0.0
  0
LINE
  5
290
330
17
100
AcDbEntity
  8
cota
100
AcDbLine
 10
8.4
 20
-5.800000000000001
 30
0.0
 11
8.55
 21
-5.95
 31
0.0
  0
LINE
  5
291
330
17
100
AcDbEntity
  8
cota
100
AcDbLine
 10
8.4
 20
-4.5
 30
0.0
 11
8.55
 21
-4.65
 31
0.0
  0
TEXT
  5
292
330
17
100
AcDbEntity
  8
cota-texto
100
AcDbText
 10
8.42
 20
-5.2250000000000005
 30
0.0
 40
0.095
  1
2,60
 50
90.0
 72
1
 11
8.42
 21
-5.2250000000000005
 31
0.0
100
AcDbText
  0
LINE
  5
293
330
17
100
AcDbEntity
  8
cota
100
AcDbLine
 10
3.5
 20
-7.575
 30
0.0
 11
3.5
 21
-7.175000000000001
 31
0.0
  0
LINE
  5
294
330
17
100
AcDbEntity
  8
cota
100
AcDbLine
 10
3.625
 20
-7.575
 30
0.0
 11
3.625
 21
-7.175000000000001
 31
0.0
  0
LINE
  5
295
330
17
100
AcDbEntity
  8
cota
100
AcDbLine
 10
3.5
 20
-7.1000000000000005
 30
0.0
 11
3.625
 21
-7.1000000000000005
 31
0.0
  0
LINE
  5
296
330
17
100
AcDbEntity
  8
cota
100
AcDbLine
 10
3.4250000000000003
 20
-7.175000000000001
 30
0.0
 11
3.575
 21
-7.025
 31
0.0
  0
LINE
  5
297
330
17
100
AcDbEntity
  8
cota
100
AcDbLine
 10
3.5500000000000003
 20
-7.175000000000001
 30
0.0
 11
3.7
 21
-7.025
 31
0.0
  0
TEXT
  5
298
330
17
100
AcDbEntity
  8
cota-texto
100
AcDbText
 10
3.5625
 20
-7.045000000000001
 30
0.0
 40
0.09
  1
0,25
 72
1
 11
3.5625
 21
-7.045000000000001
 31
0.0
100
AcDbText
  0
LINE
  5
299
330
17
100
AcDbEntity
  8
cota
100
AcDbLine
 10
5.4
 20
-7.575
 30
0.0
 11
5.4
 21
-7.175000000000001
 31
0.0
  0
LINE
  5
29A
330
17
100
AcDbEntity
  8
cota
100
AcDbLine
 10
5.4750000000000005
 20
-7.575
 30
0.0
 11
5.4750000000000005
 21
-7.175000000000001
 31
0.0
  0
LINE
  5
29B
330
17
100
AcDbEntity
  8
cota
100
AcDbLine
 10
5.4
 20
-7.1000000000000005
 30
0.0
 11
5.4750000000000005
 21
-7.1000000000000005
 31
0.0
  0
LINE
  5
29C
330
17
100
AcDbEntity
  8
cota
100
AcDbLine
 10
5.325
 20
-7.175000000000001
 30
0.0
 11
5.4750000000000005
 21
-7.025
 31
0.0
  0
LINE
  5
29D
330
17
100
AcDbEntity
  8
cota
100
AcDbLine
 10
5.4
 20
-7.175000000000001
 30
0.0
 11
5.550000000000001
 21
-7.025
 31
0.0
  0
TEXT
  5
29E
330
17
100
AcDbEntity
  8
cota-texto
100
AcDbText
 10
5.4375
 20
-7.045000000000001
 30
0.0
 40
0.09
  1
0,15
 72
1
 11
5.4375
 21
-7.045000000000001
 31
0.0
100
AcDbText
  0
LINE
  5
29F
330
17
100
AcDbEntity
  8
cota
100
AcDbLine
 10
5.4750000000000005
 20
-7.575
 30
0.0
 11
5.4750000000000005
 21
-7.175000000000001
 31
0.0
  0
LINE
  5
2A0
330
17
100
AcDbEntity
  8
cota
100
AcDbLine
 10
6.325
 20
-7.575
 30
0.0
 11
6.325
 21
-7.175000000000001
 31
0.0
  0
LINE
  5
2A1
330
17
100
AcDbEntity
  8
cota
100
AcDbLine
 10
5.4750000000000005
 20
-7.1000000000000005
 30
0.0
 11
6.325
 21
-7.1000000000000005
 31
0.0
  0
LINE
  5
2A2
330
17
100
AcDbEntity
  8
cota
100
AcDbLine
 10
5.4
 20
-7.175000000000001
 30
0.0
 11
5.550000000000001
 21
-7.025
 31
0.0
  0
LINE
  5
2A3
330
17
100
AcDbEntity
  8
cota
100
AcDbLine
 10
6.25
 20
-7.175000000000001
 30
0.0
 11
6.4
 21
-7.025
 31
0.0
  0
TEXT
  5
2A4
330
17
100
AcDbEntity
  8
cota-texto
100
AcDbText
 10
5.9
 20
-7.045000000000001
 30
0.0
 40
0.09
  1
1,70
 72
1
 11
5.9
 21
-7.045000000000001
 31
0.0
100
AcDbText
  0
LINE
  5
2A5
330
17
100
AcDbEntity
  8
cota
100
AcDbLine
 10
6.325
 20
-7.575
 30
0.0
 11
6.325
 21
-7.175000000000001
 31
0.0
  0
LINE
  5
2A6
330
17
100
AcDbEntity
  8
cota
100
AcDbLine
 10
6.4
 20
-7.575
 30
0.0
 11
6.4
 21
-7.175000000000001
 31
0.0
  0
LINE
  5
2A7
330
17
100
AcDbEntity
  8
cota
100
AcDbLine
 10
6.325
 20
-7.1000000000000005
 30
0.0
 11
6.4
 21
-7.1000000000000005
 31
0.0
  0
LINE
  5
2A8
330
17
100
AcDbEntity
  8
cota
100
AcDbLine
 10
6.25
 20
-7.175000000000001
 30
0.0
 11
6.4
 21
-7.025
 31
0.0
  0
LINE
  5
2A9
330
17
100
AcDbEntity
  8
cota
100
AcDbLine
 10
6.325
 20
-7.175000000000001
 30
0.0
 11
6.4750000000000005
 21
-7.025
 31
0.0
  0
TEXT
  5
2AA
330
17
100
AcDbEntity
  8
cota-texto
100
AcDbText
 10
6.362500000000001
 20
-7.045000000000001
 30
0.0
 40
0.09
  1
0,15
 72
1
 11
6.362500000000001
 21
-7.045000000000001
 31
0.0
100
AcDbText
  0
LINE
  5
2AB
330
17
100
AcDbEntity
  8
cota
100
AcDbLine
 10
8.175
 20
-7.575
 30
0.0
 11
8.175
 21
-7.175000000000001
 31
0.0
  0
LINE
  5
2AC
330
17
100
AcDbEntity
  8
cota
100
AcDbLine
 10
8.3
 20
-7.575
 30
0.0
 11
8.3
 21
-7.175000000000001
 31
0.0
  0
LINE
  5
2AD
330
17
100
AcDbEntity
  8
cota
100
AcDbLine
 10
8.175
 20
-7.1000000000000005
 30
0.0
 11
8.3
 21
-7.1000000000000005
 31
0.0
  0
LINE
  5
2AE
330
17
100
AcDbEntity
  8
cota
100
AcDbLine
 10
8.1
 20
-7.175000000000001
 30
0.0
 11
8.25
 21
-7.025
 31
0.0
  0
LINE
  5
2AF
330
17
100
AcDbEntity
  8
cota
100
AcDbLine
 10
8.225
 20
-7.175000000000001
 30
0.0
 11
8.375
 21
-7.025
 31
0.0
  0
TEXT
  5
2B0
330
17
100
AcDbEntity
  8
cota-texto
100
AcDbText
 10
8.2375
 20
-7.045000000000001
 30
0.0
 40
0.09
  1
0,25
 72
1
 11
8.2375
 21
-7.045000000000001
 31
0.0
100
AcDbText
  0
LINE
  5
2B1
330
17
100
AcDbEntity
  8
cota
100
AcDbLine
 10
3.5
 20
-7.575
 30
0.0
 11
3.5
 21
-6.625
 31
0.0
  0
LINE
  5
2B2
330
17
100
AcDbEntity
  8
cota
100
AcDbLine
 10
8.3
 20
-7.575
 30
0.0
 11
8.3
 21
-6.625
 31
0.0
  0
LINE
  5
2B3
330
17
100
AcDbEntity
  8
cota
100
AcDbLine
 10
3.5
 20
-6.550000000000001
 30
0.0
 11
8.3
 21
-6.550000000000001
 31
0.0
  0
LINE
  5
2B4
330
17
100
AcDbEntity
  8
cota
100
AcDbLine
 10
3.4250000000000003
 20
-6.625
 30
0.0
 11
3.575
 21
-6.4750000000000005
 31
0.0
  0
LINE
  5
2B5
330
17
100
AcDbEntity
  8
cota
100
AcDbLine
 10
8.225
 20
-6.625
 30
0.0
 11
8.375
 21
-6.4750000000000005
 31
0.0
  0
TEXT
  5
2B6
330
17
100
AcDbEntity
  8
cota-texto
100
AcDbText
 10
5.9
 20
-6.495000000000001
 30
0.0
 40
0.125
  1
9,60
 72
1
 11
5.9
 21
-6.495000000000001
 31
0.0
100
AcDbText
  0
TEXT
  5
2B7
330
17
100
AcDbEntity
  8
texto
100
AcDbText
 10
2.9000000000000004
 20
-2.1
 30
0.0
 40
0.16
  1
CORTE A-A  ·  TRANSVERSAL
100
AcDbText
  0
LINE
  5
2B8
330
17
100
AcDbEntity
  8
marco-medio
100
AcDbLine
 10
2.9000000000000004
 20
-2.23
 30
0.0
 11
9.9
 21
-2.23
 31
0.0
  0
TEXT
  5
2B9
330
17
100
AcDbEntity
  8
texto-suave
100
AcDbText
 10
9.9
 20
-2.1
 30
0.0
 40
0.11000000000000001
  1
E 1:100
 72
2
100
AcDbText
  0
TEXT
  5
2BA
330
17
100
AcDbEntity
  8
texto-suave
100
AcDbText
 10
2.9000000000000004
 20
-2.3800000000000003
 30
0.0
 40
0.1
  1
Crujía 9,60 m — ±0,00 · +3,25 · +6,20
100
AcDbText
  0
LINE
  5
2BB
330
17
100
AcDbEntity
  8
terreno
100
AcDbLine
 10
-1.2
 20
-0.45
 30
0.0
 11
0.0
 21
-0.45
 31
0.0
  0
LINE
  5
2BC
330
17
100
AcDbEntity
  8
terreno
100
AcDbLine
 10
-1.2
 20
-0.45
 30
0.0
 11
-1.3800000000000012
 21
-0.65
 31
0.0
  0
LINE
  5
2BD
330
17
100
AcDbEntity
  8
terreno
100
AcDbLine
 10
-0.7800000000000011
 20
-0.45
 30
0.0
 11
-0.9599999999999994
 21
-0.65
 31
0.0
  0
LINE
  5
2BE
330
17
100
AcDbEntity
  8
terreno
100
AcDbLine
 10
-0.35999999999999943
 20
-0.45
 30
0.0
 11
-0.5400000000000006
 21
-0.65
 31
0.0
  0
LINE
  5
2BF
330
17
100
AcDbEntity
  8
terreno
100
AcDbLine
 10
24.0
 20
-0.45
 30
0.0
 11
25.2
 21
-0.45
 31
0.0
  0
LINE
  5
2C0
330
17
100
AcDbEntity
  8
terreno
100
AcDbLine
 10
24.0
 20
-0.45
 30
0.0
 11
23.82
 21
-0.65
 31
0.0
  0
LINE
  5
2C1
330
17
100
AcDbEntity
  8
terreno
100
AcDbLine
 10
24.420000000000005
 20
-0.45
 30
0.0
 11
24.240000000000002
 21
-0.65
 31
0.0
  0
LINE
  5
2C2
330
17
100
AcDbEntity
  8
terreno
100
AcDbLine
 10
24.840000000000003
 20
-0.45
 30
0.0
 11
24.660000000000004
 21
-0.65
 31
0.0
  0
LINE
  5
2C3
330
17
100
AcDbEntity
  8
terreno
100
AcDbLine
 10
-0.5656854249492369
 20
-1.65
 30
0.0
 11
0.0
 21
-1.084314575050763
 31
0.0
  0
LINE
  5
2C4
330
17
100
AcDbEntity
  8
terreno
100
AcDbLine
 10
-1.1313708498984767
 20
-1.65
 30
0.0
 11
0.0
 21
-0.5186291501015233
 31
0.0
  0
LINE
  5
2C5
330
17
100
AcDbEntity
  8
terreno
100
AcDbLine
 10
-1.2
 20
-1.1529437251522865
 30
0.0
 11
-0.49705627484771353
 21
-0.45
 31
0.0
  0
LINE
  5
2C6
330
17
100
AcDbEntity
  8
terreno
100
AcDbLine
 10
-1.2
 20
-0.5872583002030467
 30
0.0
 11
-1.0627416997969532
 21
-0.45
 31
0.0
  0
LINE
  5
2C7
330
17
100
AcDbEntity
  8
terreno
100
AcDbLine
 10
24.634314575050762
 20
-1.65
 30
0.0
 11
25.199999999999996
 21
-1.084314575050763
 31
0.0
  0
LINE
  5
2C8
330
17
100
AcDbEntity
  8
terreno
100
AcDbLine
 10
24.068629150101522
 20
-1.65
 30
0.0
 11
25.2
 21
-0.5186291501015233
 31
0.0
  0
LINE
  5
2C9
330
17
100
AcDbEntity
  8
terreno
100
AcDbLine
 10
24.0
 20
-1.1529437251522836
 30
0.0
 11
24.702943725152284
 21
-0.45
 31
0.0
  0
LINE
  5
2CA
330
17
100
AcDbEntity
  8
terreno
100
AcDbLine
 10
24.0
 20
-0.5872583002030438
 30
0.0
 11
24.13725830020304
 21
-0.45
 31
0.0
  0
LINE
  5
2CB
330
17
100
AcDbEntity
  8
hatch
100
AcDbLine
 10
23.184314575050763
 20
-0.45
 30
0.0
 11
23.38431457505076
 21
-0.25000000000000283
 31
0.0
  0
LINE
  5
2CC
330
17
100
AcDbEntity
  8
hatch
100
AcDbLine
 10
22.61862915010152
 20
-0.45000000000000284
 30
0.0
 11
22.818629150101522
 21
-0.25000000000000283
 31
0.0
  0
LINE
  5
2CD
330
17
100
AcDbEntity
  8
hatch
100
AcDbLine
 10
22.052943725152282
 20
-0.45
 30
0.0
 11
22.252943725152285
 21
-0.25
 31
0.0
  0
LINE
  5
2CE
330
17
100
AcDbEntity
  8
hatch
100
AcDbLine
 10
21.487258300203045
 20
-0.45000000000000284
 30
0.0
 11
21.687258300203048
 21
-0.25000000000000283
 31
0.0
  0
LINE
  5
2CF
330
17
100
AcDbEntity
  8
hatch
100
AcDbLine
 10
20.92157287525381
 20
-0.45
 30
0.0
 11
21.12157287525381
 21
-0.25
 31
0.0
  0
LINE
  5
2D0
330
17
100
AcDbEntity
  8
hatch
100
AcDbLine
 10
20.355887450304568
 20
-0.45000000000000284
 30
0.0
 11
20.555887450304567
 21
-0.25000000000000283
 31
0.0
  0
LINE
  5
2D1
330
17
100
AcDbEntity
  8
hatch
100
AcDbLine
 10
19.79020202535533
 20
-0.45
 30
0.0
 11
19.99020202535533
 21
-0.25
 31
0.0
  0
LINE
  5
2D2
330
17
100
AcDbEntity
  8
hatch
100
AcDbLine
 10
19.224516600406094
 20
-0.45000000000000284
 30
0.0
 11
19.424516600406093
 21
-0.25000000000000283
 31
0.0
  0
LINE
  5
2D3
330
17
100
AcDbEntity
  8
hatch
100
AcDbLine
 10
18.65883117545685
 20
-0.45
 30
0.0
 11
18.858831175456856
 21
-0.25
 31
0.0
  0
LINE
  5
2D4
330
17
100
AcDbEntity
  8
hatch
100
AcDbLine
 10
18.09314575050762
 20
-0.45000000000000284
 30
0.0
 11
18.29314575050762
 21
-0.25000000000000283
 31
0.0
  0
LINE
  5
2D5
330
17
100
AcDbEntity
  8
hatch
100
AcDbLine
 10
17.527460325558376
 20
-0.45
 30
0.0
 11
17.727460325558376
 21
-0.25
 31
0.0
  0
LINE
  5
2D6
330
17
100
AcDbEntity
  8
hatch
100
AcDbLine
 10
16.96177490060914
 20
-0.45000000000000284
 30
0.0
 11
17.16177490060914
 21
-0.25000000000000283
 31
0.0
  0
LINE
  5
2D7
330
17
100
AcDbEntity
  8
hatch
100
AcDbLine
 10
16.396089475659902
 20
-0.45000000000000284
 30
0.0
 11
16.596089475659902
 21
-0.25
 31
0.0
  0
LINE
  5
2D8
330
17
100
AcDbEntity
  8
hatch
100
AcDbLine
 10
15.83040405071066
 20
-0.45000000000000284
 30
0.0
 11
16.030404050710665
 21
-0.25
 31
0.0
  0
LINE
  5
2D9
330
17
100
AcDbEntity
  8
hatch
100
AcDbLine
 10
15.264718625761429
 20
-0.45
 30
0.0
 11
15.46471862576143
 21
-0.25
 31
0.0
  0
LINE
  5
2DA
330
17
100
AcDbEntity
  8
hatch
100
AcDbLine
 10
14.699033200812186
 20
-0.45
 30
0.0
 11
14.899033200812188
 21
-0.25
 31
0.0
  0
LINE
  5
2DB
330
17
100
AcDbEntity
  8
hatch
100
AcDbLine
 10
14.13334777586295
 20
-0.45
 30
0.0
 11
14.33334777586295
 21
-0.25
 31
0.0
  0
LINE
  5
2DC
330
17
100
AcDbEntity
  8
hatch
100
AcDbLine
 10
13.567662350913713
 20
-0.45000000000000284
 30
0.0
 11
13.767662350913714
 21
-0.25
 31
0.0
  0
LINE
  5
2DD
330
17
100
AcDbEntity
  8
hatch
100
AcDbLine
 10
13.00197692596447
 20
-0.45
 30
0.0
 11
13.20197692596447
 21
-0.25
 31
0.0
  0
LINE
  5
2DE
330
17
100
AcDbEntity
  8
hatch
100
AcDbLine
 10
12.436291501015239
 20
-0.45
 30
0.0
 11
12.63629150101524
 21
-0.25
 31
0.0
  0
LINE
  5
2DF
330
17
100
AcDbEntity
  8
hatch
100
AcDbLine
 10
11.870606076065997
 20
-0.45
 30
0.0
 11
12.070606076065996
 21
-0.25
 31
0.0
  0
LINE
  5
2E0
330
17
100
AcDbEntity
  8
hatch
100
AcDbLine
 10
11.30492065111676
 20
-0.45
 30
0.0
 11
11.504920651116759
 21
-0.25
 31
0.0
  0
LINE
  5
2E1
330
17
100
AcDbEntity
  8
hatch
100
AcDbLine
 10
10.739235226167523
 20
-0.45
 30
0.0
 11
10.939235226167522
 21
-0.25
 31
0.0
  0
LINE
  5
2E2
330
17
100
AcDbEntity
  8
hatch
100
AcDbLine
 10
10.17354980121828
 20
-0.45
 30
0.0
 11
10.37354980121828
 21
-0.25
 31
0.0
  0
LINE
  5
2E3
330
17
100
AcDbEntity
  8
hatch
100
AcDbLine
 10
9.607864376269049
 20
-0.45
 30
0.0
 11
9.807864376269048
 21
-0.25
 31
0.0
  0
LINE
  5
2E4
330
17
100
AcDbEntity
  8
hatch
100
AcDbLine
 10
9.042178951319807
 20
-0.45
 30
0.0
 11
9.242178951319806
 21
-0.25
 31
0.0
  0
LINE
  5
2E5
330
17
100
AcDbEntity
  8
hatch
100
AcDbLine
 10
8.47649352637057
 20
-0.45
 30
0.0
 11
8.67649352637057
 21
-0.25
 31
0.0
  0
LINE
  5
2E6
330
17
100
AcDbEntity
  8
hatch
100
AcDbLine
 10
7.910808101421333
 20
-0.45
 30
0.0
 11
8.110808101421332
 21
-0.25
 31
0.0
  0
LINE
  5
2E7
330
17
100
AcDbEntity
  8
hatch
100
AcDbLine
 10
7.34512267647209
 20
-0.45
 30
0.0
 11
7.54512267647209
 21
-0.25
 31
0.0
  0
LINE
  5
2E8
330
17
100
AcDbEntity
  8
hatch
100
AcDbLine
 10
6.779437251522859
 20
-0.45
 30
0.0
 11
6.979437251522858
 21
-0.25
 31
0.0
  0
LINE
  5
2E9
330
17
100
AcDbEntity
  8
hatch
100
AcDbLine
 10
6.213751826573616
 20
-0.45
 30
0.0
 11
6.413751826573616
 21
-0.25
 31
0.0
  0
LINE
  5
2EA
330
17
100
AcDbEntity
  8
hatch
100
AcDbLine
 10
5.648066401624379
 20
-0.45
 30
0.0
 11
5.848066401624379
 21
-0.25
 31
0.0
  0
LINE
  5
2EB
330
17
100
AcDbEntity
  8
hatch
100
AcDbLine
 10
5.082380976675142
 20
-0.45
 30
0.0
 11
5.282380976675142
 21
-0.25
 31
0.0
  0
LINE
  5
2EC
330
17
100
AcDbEntity
  8
hatch
100
AcDbLine
 10
4.5166955517259
 20
-0.45
 30
0.0
 11
4.7166955517259
 21
-0.25
 31
0.0
  0
LINE
  5
2ED
330
17
100
AcDbEntity
  8
hatch
100
AcDbLine
 10
3.9510101267766684
 20
-0.45
 30
0.0
 11
4.151010126776669
 21
-0.25
 31
0.0
  0
LINE
  5
2EE
330
17
100
AcDbEntity
  8
hatch
100
AcDbLine
 10
3.385324701827426
 20
-0.45
 30
0.0
 11
3.585324701827426
 21
-0.25
 31
0.0
  0
LINE
  5
2EF
330
17
100
AcDbEntity
  8
hatch
100
AcDbLine
 10
2.8196392768781893
 20
-0.45
 30
0.0
 11
3.019639276878189
 21
-0.25
 31
0.0
  0
LINE
  5
2F0
330
17
100
AcDbEntity
  8
hatch
100
AcDbLine
 10
2.2539538519289524
 20
-0.45
 30
0.0
 11
2.453953851928952
 21
-0.25
 31
0.0
  0
LINE
  5
2F1
330
17
100
AcDbEntity
  8
hatch
100
AcDbLine
 10
1.6882684269797152
 20
-0.45
 30
0.0
 11
1.8882684269797152
 21
-0.25
 31
0.0
  0
LINE
  5
2F2
330
17
100
AcDbEntity
  8
hatch
100
AcDbLine
 10
1.1225830020304755
 20
-0.45
 30
0.0
 11
1.3225830020304756
 21
-0.25
 31
0.0
  0
LINE
  5
2F3
330
17
100
AcDbEntity
  8
hatch
100
AcDbLine
 10
0.5568975770812358
 20
-0.45
 30
0.0
 11
0.7568975770812358
 21
-0.25
 31
0.0
  0
LWPOLYLINE
  5
2F4
330
17
100
AcDbEntity
  8
hormigon
100
AcDbPolyline
 90
4
 70
1
 10
-0.225
 20
-1.05
 10
0.475
 20
-1.05
 10
0.475
 20
-0.8
 10
-0.225
 20
-0.8
  0
LINE
  5
2F5
330
17
100
AcDbEntity
  8
hatch
100
AcDbLine
 10
0.19215728752538103
 20
-1.05
 30
0.0
 11
0.4421572875253811
 21
-0.8
 31
0.0
  0
LINE
  5
2F6
330
17
100
AcDbEntity
  8
hatch
100
AcDbLine
 10
-0.09068542494923809
 20
-1.05
 30
0.0
 11
0.15931457505076196
 21
-0.8
 31
0.0
  0
LINE
  5
2F7
330
17
100
AcDbEntity
  8
hatch
100
AcDbLine
 10
-0.22500000000000003
 20
-0.9014718625761429
 30
0.0
 11
-0.12352813742385715
 21
-0.8
 31
0.0
  0
LWPOLYLINE
  5
2F8
330
17
100
AcDbEntity
  8
muro-corte
100
AcDbPolyline
 90
4
 70
1
 10
-0.225
 20
-1.05
 10
0.475
 20
-1.05
 10
0.475
 20
-0.8
 10
-0.225
 20
-0.8
  0
LINE
  5
2F9
330
17
100
AcDbEntity
  8
hatch
100
AcDbLine
 10
0.0906854249492369
 20
-0.8
 30
0.0
 11
0.3406854249492369
 21
-1.05
 31
0.0
  0
LWPOLYLINE
  5
2FA
330
17
100
AcDbEntity
  8
hormigon
100
AcDbPolyline
 90
4
 70
1
 10
0.0
 20
-0.8
 10
0.25
 20
-0.8
 10
0.25
 20
-0.2
 10
0.0
 20
-0.2
  0
LINE
  5
2FB
330
17
100
AcDbEntity
  8
hatch
100
AcDbLine
 10
5.551115123125783e-17
 20
-0.7671572875253811
 30
0.0
 11
0.25
 21
-0.5171572875253811
 31
0.0
  0
LINE
  5
2FC
330
17
100
AcDbEntity
  8
hatch
100
AcDbLine
 10
0.0
 20
-0.48431457505076203
 30
0.0
 11
0.25000000000000006
 21
-0.23431457505076203
 31
0.0
  0
LINE
  5
2FD
330
17
100
AcDbEntity
  8
hatch
100
AcDbLine
 10
0.0
 20
-0.20147186257614297
 30
0.0
 11
0.0014718625761429294
 21
-0.2
 31
0.0
  0
LWPOLYLINE
  5
2FE
330
17
100
AcDbEntity
  8
muro-corte
100
AcDbPolyline
 90
4
 70
1
 10
0.0
 20
-0.8
 10
0.25
 20
-0.8
 10
0.25
 20
-0.2
 10
0.0
 20
-0.2
  0
LWPOLYLINE
  5
2FF
330
17
100
AcDbEntity
  8
hormigon
100
AcDbPolyline
 90
4
 70
1
 10
3.175
 20
-1.05
 10
3.875
 20
-1.05
 10
3.875
 20
-0.8
 10
3.175
 20
-0.8
  0
LINE
  5
300
330
17
100
AcDbEntity
  8
hatch
100
AcDbLine
 10
3.592157287525381
 20
-1.0499999999999998
 30
0.0
 11
3.8421572875253807
 21
-0.8000000000000003
 31
0.0
  0
LINE
  5
301
330
17
100
AcDbEntity
  8
hatch
100
AcDbLine
 10
3.309314575050763
 20
-1.0499999999999998
 30
0.0
 11
3.559314575050762
 21
-0.8000000000000003
 31
0.0
  0
LINE
  5
302
330
17
100
AcDbEntity
  8
hatch
100
AcDbLine
 10
3.175
 20
-0.9014718625761435
 30
0.0
 11
3.276471862576143
 21
-0.8
 31
0.0
  0
LWPOLYLINE
  5
303
330
17
100
AcDbEntity
  8
muro-corte
100
AcDbPolyline
 90
4
 70
1
 10
3.175
 20
-1.05
 10
3.875
 20
-1.05
 10
3.875
 20
-0.8
 10
3.175
 20
-0.8
  0
LINE
  5
304
330
17
100
AcDbEntity
  8
hatch
100
AcDbLine
 10
3.4906854249492367
 20
-0.8
 30
0.0
 11
3.7406854249492367
 21
-1.05
 31
0.0
  0
LWPOLYLINE
  5
305
330
17
100
AcDbEntity
  8
hormigon
100
AcDbPolyline
 90
4
 70
1
 10
3.45
 20
-0.8
 10
3.6
 20
-0.8
 10
3.6
 20
-0.2
 10
3.45
 20
-0.2
  0
LINE
  5
306
330
17
100
AcDbEntity
  8
hatch
100
AcDbLine
 10
3.45
 20
-0.6671572875253808
 30
0.0
 11
3.5999999999999996
 21
-0.5171572875253809
 31
0.0
  0
LINE
  5
307
330
17
100
AcDbEntity
  8
hatch
100
AcDbLine
 10
3.45
 20
-0.3843145750507624
 30
0.0
 11
3.5999999999999996
 21
-0.23431457505076247
 31
0.0
  0
LWPOLYLINE
  5
308
330
17
100
AcDbEntity
  8
muro-corte
100
AcDbPolyline
 90
4
 70
1
 10
3.45
 20
-0.8
 10
3.6
 20
-0.8
 10
3.6
 20
-0.2
 10
3.45
 20
-0.2
  0
LWPOLYLINE
  5
309
330
17
100
AcDbEntity
  8
hormigon
100
AcDbPolyline
 90
4
 70
1
 10
6.525
 20
-1.05
 10
7.225
 20
-1.05
 10
7.225
 20
-0.8
 10
6.525
 20
-0.8
  0
LINE
  5
30A
330
17
100
AcDbEntity
  8
hatch
100
AcDbLine
 10
6.942157287525381
 20
-1.0500000000000003
 30
0.0
 11
7.192157287525381
 21
-0.8000000000000003
 31
0.0
  0
LINE
  5
30B
330
17
100
AcDbEntity
  8
hatch
100
AcDbLine
 10
6.659314575050761
 20
-1.0500000000000003
 30
0.0
 11
6.909314575050762
 21
-0.8000000000000003
 31
0.0
  0
LINE
  5
30C
330
17
100
AcDbEntity
  8
hatch
100
AcDbLine
 10
6.525
 20
-0.9014718625761438
 30
0.0
 11
6.626471862576144
 21
-0.7999999999999998
 31
0.0
  0
LWPOLYLINE
  5
30D
330
17
100
AcDbEntity
  8
muro-corte
100
AcDbPolyline
 90
4
 70
1
 10
6.525
 20
-1.05
 10
7.225
 20
-1.05
 10
7.225
 20
-0.8
 10
6.525
 20
-0.8
  0
LINE
  5
30E
330
17
100
AcDbEntity
  8
hatch
100
AcDbLine
 10
6.840685424949237
 20
-0.8
 30
0.0
 11
7.090685424949243
 21
-1.05
 31
0.0
  0
LWPOLYLINE
  5
30F
330
17
100
AcDbEntity
  8
hormigon
100
AcDbPolyline
 90
4
 70
1
 10
6.8
 20
-0.8
 10
6.95
 20
-0.8
 10
6.95
 20
-0.2
 10
6.8
 20
-0.2
  0
LINE
  5
310
330
17
100
AcDbEntity
  8
hatch
100
AcDbLine
 10
6.8
 20
-0.6671572875253813
 30
0.0
 11
6.949999999999999
 21
-0.5171572875253809
 31
0.0
  0
LINE
  5
311
330
17
100
AcDbEntity
  8
hatch
100
AcDbLine
 10
6.799999999999999
 20
-0.38431457505076194
 30
0.0
 11
6.949999999999999
 21
-0.2343145750507616
 31
0.0
  0
LWPOLYLINE
  5
312
330
17
100
AcDbEntity
  8
muro-corte
100
AcDbPolyline
 90
4
 70
1
 10
6.8
 20
-0.8
 10
6.95
 20
-0.8
 10
6.95
 20
-0.2
 10
6.8
 20
-0.2
  0
LWPOLYLINE
  5
313
330
17
100
AcDbEntity
  8
hormigon
100
AcDbPolyline
 90
4
 70
1
 10
9.875
 20
-1.05
 10
10.575
 20
-1.05
 10
10.575
 20
-0.8
 10
9.875
 20
-0.8
  0
LINE
  5
314
330
17
100
AcDbEntity
  8
hatch
100
AcDbLine
 10
10.29215728752538
 20
-1.0499999999999998
 30
0.0
 11
10.54215728752538
 21
-0.7999999999999998
 31
0.0
  0
LINE
  5
315
330
17
100
AcDbEntity
  8
hatch
100
AcDbLine
 10
10.00931457505076
 20
-1.0500000000000007
 30
0.0
 11
10.25931457505076
 21
-0.7999999999999998
 31
0.0
  0
LINE
  5
316
330
17
100
AcDbEntity
  8
hatch
100
AcDbLine
 10
9.875
 20
-0.9014718625761429
 30
0.0
 11
9.976471862576144
 21
-0.7999999999999998
 31
0.0
  0
LWPOLYLINE
  5
317
330
17
100
AcDbEntity
  8
muro-corte
100
AcDbPolyline
 90
4
 70
1
 10
9.875
 20
-1.05
 10
10.575
 20
-1.05
 10
10.575
 20
-0.8
 10
9.875
 20
-0.8
  0
LINE
  5
318
330
17
100
AcDbEntity
  8
hatch
100
AcDbLine
 10
10.190685424949237
 20
-0.8
 30
0.0
 11
10.440685424949242
 21
-1.05
 31
0.0
  0
LWPOLYLINE
  5
319
330
17
100
AcDbEntity
  8
hormigon
100
AcDbPolyline
 90
4
 70
1
 10
10.15
 20
-0.8
 10
10.3
 20
-0.8
 10
10.3
 20
-0.2
 10
10.15
 20
-0.2
  0
LINE
  5
31A
330
17
100
AcDbEntity
  8
hatch
100
AcDbLine
 10
10.15
 20
-0.6671572875253808
 30
0.0
 11
10.3
 21
-0.5171572875253805
 31
0.0
  0
LINE
  5
31B
330
17
100
AcDbEntity
  8
hatch
100
AcDbLine
 10
10.15
 20
-0.3843145750507606
 30
0.0
 11
10.3
 21
-0.23431457505076114
 31
0.0
  0
LWPOLYLINE
  5
31C
330
17
100
AcDbEntity
  8
muro-corte
100
AcDbPolyline
 90
4
 70
1
 10
10.15
 20
-0.8
 10
10.3
 20
-0.8
 10
10.3
 20
-0.2
 10
10.15
 20
-0.2
  0
LWPOLYLINE
  5
31D
330
17
100
AcDbEntity
  8
hormigon
100
AcDbPolyline
 90
4
 70
1
 10
13.225
 20
-1.05
 10
13.925
 20
-1.05
 10
13.925
 20
-0.8
 10
13.225
 20
-0.8
  0
LINE
  5
31E
330
17
100
AcDbEntity
  8
hatch
100
AcDbLine
 10
13.642157287525382
 20
-1.0500000000000007
 30
0.0
 11
13.892157287525382
 21
-0.8000000000000007
 31
0.0
  0
LINE
  5
31F
330
17
100
AcDbEntity
  8
hatch
100
AcDbLine
 10
13.35931457505076
 20
-1.0499999999999998
 30
0.0
 11
13.60931457505076
 21
-0.8000000000000007
 31
0.0
  0
LINE
  5
320
330
17
100
AcDbEntity
  8
hatch
100
AcDbLine
 10
13.224999999999998
 20
-0.9014718625761446
 30
0.0
 11
13.326471862576142
 21
-0.8000000000000007
 31
0.0
  0
LWPOLYLINE
  5
321
330
17
100
AcDbEntity
  8
muro-corte
100
AcDbPolyline
 90
4
 70
1
 10
13.225
 20
-1.05
 10
13.925
 20
-1.05
 10
13.925
 20
-0.8
 10
13.225
 20
-0.8
  0
LINE
  5
322
330
17
100
AcDbEntity
  8
hatch
100
AcDbLine
 10
13.540685424949237
 20
-0.8
 30
0.0
 11
13.790685424949231
 21
-1.05
 31
0.0
  0
LWPOLYLINE
  5
323
330
17
100
AcDbEntity
  8
hormigon
100
AcDbPolyline
 90
4
 70
1
 10
13.5
 20
-0.8
 10
13.65
 20
-0.8
 10
13.65
 20
-0.2
 10
13.5
 20
-0.2
  0
LINE
  5
324
330
17
100
AcDbEntity
  8
hatch
100
AcDbLine
 10
13.5
 20
-0.6671572875253826
 30
0.0
 11
13.649999999999999
 21
-0.5171572875253831
 31
0.0
  0
LINE
  5
325
330
17
100
AcDbEntity
  8
hatch
100
AcDbLine
 10
13.5
 20
-0.3843145750507624
 30
0.0
 11
13.649999999999999
 21
-0.23431457505076292
 31
0.0
  0
LWPOLYLINE
  5
326
330
17
100
AcDbEntity
  8
muro-corte
100
AcDbPolyline
 90
4
 70
1
 10
13.5
 20
-0.8
 10
13.65
 20
-0.8
 10
13.65
 20
-0.2
 10
13.5
 20
-0.2
  0
LWPOLYLINE
  5
327
330
17
100
AcDbEntity
  8
hormigon
100
AcDbPolyline
 90
4
 70
1
 10
16.225
 20
-1.05
 10
16.925
 20
-1.05
 10
16.925
 20
-0.8
 10
16.225
 20
-0.8
  0
LINE
  5
328
330
17
100
AcDbEntity
  8
hatch
100
AcDbLine
 10
16.642157287525382
 20
-1.0499999999999998
 30
0.0
 11
16.892157287525382
 21
-0.8000000000000007
 31
0.0
  0
LINE
  5
329
330
17
100
AcDbEntity
  8
hatch
100
AcDbLine
 10
16.35931457505076
 20
-1.0500000000000007
 30
0.0
 11
16.60931457505076
 21
-0.7999999999999998
 31
0.0
  0
LINE
  5
32A
330
17
100
AcDbEntity
  8
hatch
100
AcDbLine
 10
16.225
 20
-0.901471862576142
 30
0.0
 11
16.326471862576142
 21
-0.8000000000000007
 31
0.0
  0
LWPOLYLINE
  5
32B
330
17
100
AcDbEntity
  8
muro-corte
100
AcDbPolyline
 90
4
 70
1
 10
16.225
 20
-1.05
 10
16.925
 20
-1.05
 10
16.925
 20
-0.8
 10
16.225
 20
-0.8
  0
LINE
  5
32C
330
17
100
AcDbEntity
  8
hatch
100
AcDbLine
 10
16.54068542494924
 20
-0.8000000000000028
 30
0.0
 11
16.79068542494924
 21
-1.050000000000003
 31
0.0
  0
LWPOLYLINE
  5
32D
330
17
100
AcDbEntity
  8
hormigon
100
AcDbPolyline
 90
4
 70
1
 10
16.5
 20
-0.8
 10
16.65
 20
-0.8
 10
16.65
 20
-0.2
 10
16.5
 20
-0.2
  0
LINE
  5
32E
330
17
100
AcDbEntity
  8
hatch
100
AcDbLine
 10
16.5
 20
-0.6671572875253826
 30
0.0
 11
16.65
 21
-0.5171572875253823
 31
0.0
  0
LINE
  5
32F
330
17
100
AcDbEntity
  8
hatch
100
AcDbLine
 10
16.5
 20
-0.3843145750507624
 30
0.0
 11
16.65
 21
-0.2343145750507638
 31
0.0
  0
LWPOLYLINE
  5
330
330
17
100
AcDbEntity
  8
muro-corte
100
AcDbPolyline
 90
4
 70
1
 10
16.5
 20
-0.8
 10
16.65
 20
-0.8
 10
16.65
 20
-0.2
 10
16.5
 20
-0.2
  0
LWPOLYLINE
  5
331
330
17
100
AcDbEntity
  8
hormigon
100
AcDbPolyline
 90
4
 70
1
 10
19.775
 20
-1.05
 10
20.475
 20
-1.05
 10
20.475
 20
-0.8
 10
19.775
 20
-0.8
  0
LINE
  5
332
330
17
100
AcDbEntity
  8
hatch
100
AcDbLine
 10
20.192157287525383
 20
-1.0500000000000007
 30
0.0
 11
20.442157287525383
 21
-0.8000000000000007
 31
0.0
  0
LINE
  5
333
330
17
100
AcDbEntity
  8
hatch
100
AcDbLine
 10
19.90931457505076
 20
-1.0500000000000007
 30
0.0
 11
20.15931457505076
 21
-0.8000000000000007
 31
0.0
  0
LINE
  5
334
330
17
100
AcDbEntity
  8
hatch
100
AcDbLine
 10
19.775
 20
-0.9014718625761446
 30
0.0
 11
19.876471862576143
 21
-0.8000000000000007
 31
0.0
  0
LWPOLYLINE
  5
335
330
17
100
AcDbEntity
  8
muro-corte
100
AcDbPolyline
 90
4
 70
1
 10
19.775
 20
-1.05
 10
20.475
 20
-1.05
 10
20.475
 20
-0.8
 10
19.775
 20
-0.8
  0
LINE
  5
336
330
17
100
AcDbEntity
  8
hatch
100
AcDbLine
 10
20.090685424949235
 20
-0.8
 30
0.0
 11
20.340685424949243
 21
-1.05
 31
0.0
  0
LWPOLYLINE
  5
337
330
17
100
AcDbEntity
  8
hormigon
100
AcDbPolyline
 90
4
 70
1
 10
20.05
 20
-0.8
 10
20.2
 20
-0.8
 10
20.2
 20
-0.2
 10
20.05
 20
-0.2
  0
LINE
  5
338
330
17
100
AcDbEntity
  8
hatch
100
AcDbLine
 10
20.05
 20
-0.6671572875253808
 30
0.0
 11
20.199999999999996
 21
-0.5171572875253823
 31
0.0
  0
LINE
  5
339
330
17
100
AcDbEntity
  8
hatch
100
AcDbLine
 10
20.05
 20
-0.3843145750507624
 30
0.0
 11
20.2
 21
-0.2343145750507638
 31
0.0
  0
LWPOLYLINE
  5
33A
330
17
100
AcDbEntity
  8
muro-corte
100
AcDbPolyline
 90
4
 70
1
 10
20.05
 20
-0.8
 10
20.2
 20
-0.8
 10
20.2
 20
-0.2
 10
20.05
 20
-0.2
  0
LWPOLYLINE
  5
33B
330
17
100
AcDbEntity
  8
hormigon
100
AcDbPolyline
 90
4
 70
1
 10
23.525
 20
-1.05
 10
24.225
 20
-1.05
 10
24.225
 20
-0.8
 10
23.525
 20
-0.8
  0
LINE
  5
33C
330
17
100
AcDbEntity
  8
hatch
100
AcDbLine
 10
23.942157287525383
 20
-1.0500000000000007
 30
0.0
 11
24.192157287525383
 21
-0.7999999999999989
 31
0.0
  0
LINE
  5
33D
330
17
100
AcDbEntity
  8
hatch
100
AcDbLine
 10
23.659314575050765
 20
-1.0500000000000007
 30
0.0
 11
23.909314575050768
 21
-0.7999999999999972
 31
0.0
  0
LINE
  5
33E
330
17
100
AcDbEntity
  8
hatch
100
AcDbLine
 10
23.525
 20
-0.9014718625761446
 30
0.0
 11
23.626471862576146
 21
-0.7999999999999989
 31
0.0
  0
LWPOLYLINE
  5
33F
330
17
100
AcDbEntity
  8
muro-corte
100
AcDbPolyline
 90
4
 70
1
 10
23.525
 20
-1.05
 10
24.225
 20
-1.05
 10
24.225
 20
-0.8
 10
23.525
 20
-0.8
  0
LINE
  5
340
330
17
100
AcDbEntity
  8
hatch
100
AcDbLine
 10
23.840685424949232
 20
-0.8
 30
0.0
 11
24.090685424949235
 21
-1.05
 31
0.0
  0
LWPOLYLINE
  5
341
330
17
100
AcDbEntity
  8
hormigon
100
AcDbPolyline
 90
4
 70
1
 10
23.75
 20
-0.8
 10
24.0
 20
-0.8
 10
24.0
 20
-0.2
 10
23.75
 20
-0.2
  0
LINE
  5
342
330
17
100
AcDbEntity
  8
hatch
100
AcDbLine
 10
23.75
 20
-0.7671572875253805
 30
0.0
 11
24.0
 21
-0.5171572875253787
 31
0.0
  0
LINE
  5
343
330
17
100
AcDbEntity
  8
hatch
100
AcDbLine
 10
23.75
 20
-0.4843145750507638
 30
0.0
 11
24.0
 21
-0.23431457505076025
 31
0.0
  0
LINE
  5
344
330
17
100
AcDbEntity
  8
hatch
100
AcDbLine
 10
23.75
 20
-0.20147186257614003
 30
0.0
 11
23.75147186257614
 21
-0.1999999999999993
 31
0.0
  0
LWPOLYLINE
  5
345
330
17
100
AcDbEntity
  8
muro-corte
100
AcDbPolyline
 90
4
 70
1
 10
23.75
 20
-0.8
 10
24.0
 20
-0.8
 10
24.0
 20
-0.2
 10
23.75
 20
-0.2
  0
LWPOLYLINE
  5
346
330
17
100
AcDbEntity
  8
hormigon
100
AcDbPolyline
 90
4
 70
1
 10
0.25
 20
-0.2
 10
23.75
 20
-0.2
 10
23.75
 20
-0.05
 10
0.25
 20
-0.05
  0
LINE
  5
347
330
17
100
AcDbEntity
  8
hatch
100
AcDbLine
 10
23.46715728752538
 20
-0.1999999999999993
 30
0.0
 11
23.617157287525377
 21
-0.05000000000000249
 31
0.0
  0
LINE
  5
348
330
17
100
AcDbEntity
  8
hatch
100
AcDbLine
 10
23.184314575050763
 20
-0.1999999999999993
 30
0.0
 11
23.33431457505076
 21
-0.05000000000000249
 31
0.0
  0
LINE
  5
349
330
17
100
AcDbEntity
  8
hatch
100
AcDbLine
 10
22.901471862576138
 20
-0.1999999999999975
 30
0.0
 11
23.051471862576136
 21
-0.05000000000000071
 31
0.0
  0
LINE
  5
34A
330
17
100
AcDbEntity
  8
hatch
100
AcDbLine
 10
22.61862915010152
 20
-0.1999999999999975
 30
0.0
 11
22.768629150101518
 21
-0.05000000000000071
 31
0.0
  0
LINE
  5
34B
330
17
100
AcDbEntity
  8
hatch
100
AcDbLine
 10
22.335786437626904
 20
-0.1999999999999993
 30
0.0
 11
22.4857864376269
 21
-0.05000000000000249
 31
0.0
  0
LINE
  5
34C
330
17
100
AcDbEntity
  8
hatch
100
AcDbLine
 10
22.052943725152282
 20
-0.20000000000000107
 30
0.0
 11
22.20294372515228
 21
-0.05000000000000249
 31
0.0
  0
LINE
  5
34D
330
17
100
AcDbEntity
  8
hatch
100
AcDbLine
 10
21.770101012677664
 20
-0.1999999999999993
 30
0.0
 11
21.920101012677662
 21
-0.05000000000000071
 31
0.0
  0
LINE
  5
34E
330
17
100
AcDbEntity
  8
hatch
100
AcDbLine
 10
21.487258300203045
 20
-0.1999999999999993
 30
0.0
 11
21.637258300203044
 21
-0.05000000000000071
 31
0.0
  0
LINE
  5
34F
330
17
100
AcDbEntity
  8
hatch
100
AcDbLine
 10
21.204415587728427
 20
-0.20000000000000107
 30
0.0
 11
21.354415587728425
 21
-0.05000000000000249
 31
0.0
  0
LINE
  5
350
330
17
100
AcDbEntity
  8
hatch
100
AcDbLine
 10
20.92157287525381
 20
-0.1999999999999993
 30
0.0
 11
21.071572875253807
 21
-0.05000000000000249
 31
0.0
  0
LINE
  5
351
330
17
100
AcDbEntity
  8
hatch
100
AcDbLine
 10
20.63873016277919
 20
-0.1999999999999993
 30
0.0
 11
20.78873016277919
 21
-0.05000000000000249
 31
0.0
  0
LINE
  5
352
330
17
100
AcDbEntity
  8
hatch
100
AcDbLine
 10
20.35588745030457
 20
-0.1999999999999975
 30
0.0
 11
20.505887450304566
 21
-0.05000000000000071
 31
0.0
  0
LINE
  5
353
330
17
100
AcDbEntity
  8
hatch
100
AcDbLine
 10
20.073044737829953
 20
-0.1999999999999975
 30
0.0
 11
20.22304473782995
 21
-0.05000000000000071
 31
0.0
  0
LINE
  5
354
330
17
100
AcDbEntity
  8
hatch
100
AcDbLine
 10
19.79020202535533
 20
-0.1999999999999993
 30
0.0
 11
19.940202025355326
 21
-0.05000000000000249
 31
0.0
  0
LINE
  5
355
330
17
100
AcDbEntity
  8
hatch
100
AcDbLine
 10
19.507359312880713
 20
-0.1999999999999993
 30
0.0
 11
19.657359312880708
 21
-0.05000000000000071
 31
0.0
  0
LINE
  5
356
330
17
100
AcDbEntity
  8
hatch
100
AcDbLine
 10
19.224516600406094
 20
-0.1999999999999993
 30
0.0
 11
19.374516600406093
 21
-0.05000000000000071
 31
0.0
  0
LINE
  5
357
330
17
100
AcDbEntity
  8
hatch
100
AcDbLine
 10
18.941673887931476
 20
-0.1999999999999975
 30
0.0
 11
19.09167388793147
 21
-0.05000000000000071
 31
0.0
  0
LINE
  5
358
330
17
100
AcDbEntity
  8
hatch
100
AcDbLine
 10
18.658831175456857
 20
-0.1999999999999993
 30
0.0
 11
18.808831175456852
 21
-0.05000000000000249
 31
0.0
  0
LINE
  5
359
330
17
100
AcDbEntity
  8
hatch
100
AcDbLine
 10
18.375988462982235
 20
-0.1999999999999993
 30
0.0
 11
18.525988462982234
 21
-0.05000000000000071
 31
0.0
  0
LINE
  5
35A
330
17
100
AcDbEntity
  8
hatch
100
AcDbLine
 10
18.093145750507617
 20
-0.1999999999999993
 30
0.0
 11
18.243145750507615
 21
-0.05000000000000071
 31
0.0
  0
LINE
  5
35B
330
17
100
AcDbEntity
  8
hatch
100
AcDbLine
 10
17.810303038033
 20
-0.1999999999999993
 30
0.0
 11
17.960303038032997
 21
-0.05000000000000071
 31
0.0
  0
LINE
  5
35C
330
17
100
AcDbEntity
  8
hatch
100
AcDbLine
 10
17.52746032555838
 20
-0.20000000000000107
 30
0.0
 11
17.67746032555838
 21
-0.05000000000000249
 31
0.0
  0
LINE
  5
35D
330
17
100
AcDbEntity
  8
hatch
100
AcDbLine
 10
17.244617613083758
 20
-0.1999999999999993
 30
0.0
 11
17.394617613083756
 21
-0.05000000000000071
 31
0.0
  0
LINE
  5
35E
330
17
100
AcDbEntity
  8
hatch
100
AcDbLine
 10
16.96177490060914
 20
-0.1999999999999993
 30
0.0
 11
17.111774900609138
 21
-0.05000000000000071
 31
0.0
  0
LINE
  5
35F
330
17
100
AcDbEntity
  8
hatch
100
AcDbLine
 10
16.678932188134524
 20
-0.1999999999999993
 30
0.0
 11
16.828932188134523
 21
-0.05000000000000071
 31
0.0
  0
LINE
  5
360
330
17
100
AcDbEntity
  8
hatch
100
AcDbLine
 10
16.396089475659906
 20
-0.1999999999999993
 30
0.0
 11
16.546089475659905
 21
-0.05000000000000071
 31
0.0
  0
LINE
  5
361
330
17
100
AcDbEntity
  8
hatch
100
AcDbLine
 10
16.113246763185284
 20
-0.20000000000000018
 30
0.0
 11
16.26324676318528
 21
-0.05000000000000071
 31
0.0
  0
LINE
  5
362
330
17
100
AcDbEntity
  8
hatch
100
AcDbLine
 10
15.830404050710664
 20
-0.1999999999999993
 30
0.0
 11
15.98040405071066
 21
-0.05000000000000071
 31
0.0
  0
LINE
  5
363
330
17
100
AcDbEntity
  8
hatch
100
AcDbLine
 10
15.547561338236045
 20
-0.1999999999999984
 30
0.0
 11
15.697561338236042
 21
-0.0500000000000016
 31
0.0
  0
LINE
  5
364
330
17
100
AcDbEntity
  8
hatch
100
AcDbLine
 10
15.264718625761429
 20
-0.1999999999999984
 30
0.0
 11
15.414718625761425
 21
-0.05000000000000071
 31
0.0
  0
LINE
  5
365
330
17
100
AcDbEntity
  8
hatch
100
AcDbLine
 10
14.98187591328681
 20
-0.1999999999999984
 30
0.0
 11
15.131875913286807
 21
-0.05000000000000071
 31
0.0
  0
LINE
  5
366
330
17
100
AcDbEntity
  8
hatch
100
AcDbLine
 10
14.69903320081219
 20
-0.1999999999999984
 30
0.0
 11
14.849033200812187
 21
-0.05000000000000071
 31
0.0
  0
LINE
  5
367
330
17
100
AcDbEntity
  8
hatch
100
AcDbLine
 10
14.416190488337568
 20
-0.1999999999999993
 30
0.0
 11
14.566190488337567
 21
-0.05000000000000071
 31
0.0
  0
LINE
  5
368
330
17
100
AcDbEntity
  8
hatch
100
AcDbLine
 10
14.13334777586295
 20
-0.1999999999999993
 30
0.0
 11
14.283347775862948
 21
-0.05000000000000071
 31
0.0
  0
LINE
  5
369
330
17
100
AcDbEntity
  8
hatch
100
AcDbLine
 10
13.850505063388331
 20
-0.1999999999999993
 30
0.0
 11
14.00050506338833
 21
-0.05000000000000071
 31
0.0
  0
LINE
  5
36A
330
17
100
AcDbEntity
  8
hatch
100
AcDbLine
 10
13.567662350913714
 20
-0.20000000000000018
 30
0.0
 11
13.717662350913713
 21
-0.0500000000000016
 31
0.0
  0
LINE
  5
36B
330
17
100
AcDbEntity
  8
hatch
100
AcDbLine
 10
13.284819638439092
 20
-0.1999999999999993
 30
0.0
 11
13.434819638439091
 21
-0.05000000000000071
 31
0.0
  0
LINE
  5
36C
330
17
100
AcDbEntity
  8
hatch
100
AcDbLine
 10
13.001976925964472
 20
-0.1999999999999993
 30
0.0
 11
13.15197692596447
 21
-0.05000000000000071
 31
0.0
  0
LINE
  5
36D
330
17
100
AcDbEntity
  8
hatch
100
AcDbLine
 10
12.719134213489856
 20
-0.20000000000000018
 30
0.0
 11
12.869134213489852
 21
-0.0500000000000016
 31
0.0
  0
LINE
  5
36E
330
17
100
AcDbEntity
  8
hatch
100
AcDbLine
 10
12.436291501015237
 20
-0.1999999999999993
 30
0.0
 11
12.586291501015236
 21
-0.05000000000000071
 31
0.0
  0
LINE
  5
36F
330
17
100
AcDbEntity
  8
hatch
100
AcDbLine
 10
12.153448788540615
 20
-0.1999999999999993
 30
0.0
 11
12.303448788540614
 21
-0.0500000000000016
 31
0.0
  0
LINE
  5
370
330
17
100
AcDbEntity
  8
hatch
100
AcDbLine
 10
11.870606076065998
 20
-0.1999999999999993
 30
0.0
 11
12.020606076065997
 21
-0.05000000000000071
 31
0.0
  0
LINE
  5
371
330
17
100
AcDbEntity
  8
hatch
100
AcDbLine
 10
11.58776336359138
 20
-0.1999999999999993
 30
0.0
 11
11.737763363591379
 21
-0.05000000000000071
 31
0.0
  0
LINE
  5
372
330
17
100
AcDbEntity
  8
hatch
100
AcDbLine
 10
11.30492065111676
 20
-0.20000000000000018
 30
0.0
 11
11.454920651116758
 21
-0.05000000000000071
 31
0.0
  0
LINE
  5
373
330
17
100
AcDbEntity
  8
hatch
100
AcDbLine
 10
11.022077938642141
 20
-0.1999999999999993
 30
0.0
 11
11.17207793864214
 21
-0.05000000000000071
 31
0.0
  0
LINE
  5
374
330
17
100
AcDbEntity
  8
hatch
100
AcDbLine
 10
10.73923522616752
 20
-0.20000000000000018
 30
0.0
 11
10.88923522616752
 21
-0.05000000000000071
 31
0.0
  0
LINE
  5
375
330
17
100
AcDbEntity
  8
hatch
100
AcDbLine
 10
10.456392513692903
 20
-0.1999999999999993
 30
0.0
 11
10.606392513692901
 21
-0.05000000000000071
 31
0.0
  0
LINE
  5
376
330
17
100
AcDbEntity
  8
hatch
100
AcDbLine
 10
10.173549801218282
 20
-0.20000000000000018
 30
0.0
 11
10.323549801218281
 21
-0.05000000000000071
 31
0.0
  0
LINE
  5
377
330
17
100
AcDbEntity
  8
hatch
100
AcDbLine
 10
9.890707088743664
 20
-0.1999999999999993
 30
0.0
 11
10.040707088743662
 21
-0.05000000000000071
 31
0.0
  0
LINE
  5
378
330
17
100
AcDbEntity
  8
hatch
100
AcDbLine
 10
9.607864376269045
 20
-0.20000000000000107
 30
0.0
 11
9.757864376269044
 21
-0.05000000000000071
 31
0.0
  0
LINE
  5
379
330
17
100
AcDbEntity
  8
hatch
100
AcDbLine
 10
9.325021663794423
 20
-0.20000000000000018
 30
0.0
 11
9.475021663794424
 21
-0.05000000000000071
 31
0.0
  0
LINE
  5
37A
330
17
100
AcDbEntity
  8
hatch
100
AcDbLine
 10
9.042178951319807
 20
-0.20000000000000107
 30
0.0
 11
9.192178951319807
 21
-0.05000000000000071
 31
0.0
  0
LINE
  5
37B
330
17
100
AcDbEntity
  8
hatch
100
AcDbLine
 10
8.759336238845187
 20
-0.1999999999999993
 30
0.0
 11
8.909336238845185
 21
-0.04999999999999982
 31
0.0
  0
LINE
  5
37C
330
17
100
AcDbEntity
  8
hatch
100
AcDbLine
 10
8.476493526370568
 20
-0.20000000000000018
 30
0.0
 11
8.626493526370567
 21
-0.05000000000000249
 31
0.0
  0
LINE
  5
37D
330
17
100
AcDbEntity
  8
hatch
100
AcDbLine
 10
8.19365081389595
 20
-0.19999999999999973
 30
0.0
 11
8.34365081389595
 21
-0.05000000000000071
 31
0.0
  0
LINE
  5
37E
330
17
100
AcDbEntity
  8
hatch
100
AcDbLine
 10
7.910808101421329
 20
-0.20000000000000062
 30
0.0
 11
8.06080810142133
 21
-0.05000000000000071
 31
0.0
  0
LINE
  5
37F
330
17
100
AcDbEntity
  8
hatch
100
AcDbLine
 10
7.627965388946712
 20
-0.20000000000000018
 30
0.0
 11
7.777965388946711
 21
-0.05000000000000071
 31
0.0
  0
LINE
  5
380
330
17
100
AcDbEntity
  8
hatch
100
AcDbLine
 10
7.345122676472091
 20
-0.20000000000000018
 30
0.0
 11
7.495122676472091
 21
-0.05000000000000071
 31
0.0
  0
LINE
  5
381
330
17
100
AcDbEntity
  8
hatch
100
AcDbLine
 10
7.062279963997473
 20
-0.20000000000000018
 30
0.0
 11
7.212279963997473
 21
-0.050000000000000266
 31
0.0
  0
LINE
  5
382
330
17
100
AcDbEntity
  8
hatch
100
AcDbLine
 10
6.779437251522856
 20
-0.20000000000000018
 30
0.0
 11
6.929437251522854
 21
-0.05000000000000071
 31
0.0
  0
LINE
  5
383
330
17
100
AcDbEntity
  8
hatch
100
AcDbLine
 10
6.4965945390482345
 20
-0.20000000000000018
 30
0.0
 11
6.646594539048234
 21
-0.050000000000000266
 31
0.0
  0
LINE
  5
384
330
17
100
AcDbEntity
  8
hatch
100
AcDbLine
 10
6.213751826573617
 20
-0.19999999999999973
 30
0.0
 11
6.363751826573616
 21
-0.05000000000000071
 31
0.0
  0
LINE
  5
385
330
17
100
AcDbEntity
  8
hatch
100
AcDbLine
 10
5.930909114098997
 20
-0.19999999999999973
 30
0.0
 11
6.080909114098995
 21
-0.050000000000000266
 31
0.0
  0
LINE
  5
386
330
17
100
AcDbEntity
  8
hatch
100
AcDbLine
 10
5.648066401624378
 20
-0.20000000000000062
 30
0.0
 11
5.798066401624379
 21
-0.050000000000000266
 31
0.0
  0
LINE
  5
387
330
17
100
AcDbEntity
  8
hatch
100
AcDbLine
 10
5.36522368914976
 20
-0.19999999999999973
 30
0.0
 11
5.51522368914976
 21
-0.050000000000000266
 31
0.0
  0
LINE
  5
388
330
17
100
AcDbEntity
  8
hatch
100
AcDbLine
 10
5.0823809766751396
 20
-0.20000000000000018
 30
0.0
 11
5.23238097667514
 21
-0.050000000000000266
 31
0.0
  0
LINE
  5
389
330
17
100
AcDbEntity
  8
hatch
100
AcDbLine
 10
4.799538264200521
 20
-0.20000000000000018
 30
0.0
 11
4.9495382642005215
 21
-0.050000000000000266
 31
0.0
  0
LINE
  5
38A
330
17
100
AcDbEntity
  8
hatch
100
AcDbLine
 10
4.516695551725901
 20
-0.20000000000000018
 30
0.0
 11
4.666695551725901
 21
-0.050000000000000266
 31
0.0
  0
LINE
  5
38B
330
17
100
AcDbEntity
  8
hatch
100
AcDbLine
 10
4.233852839251282
 20
-0.20000000000000062
 30
0.0
 11
4.383852839251283
 21
-0.050000000000000266
 31
0.0
  0
LINE
  5
38C
330
17
100
AcDbEntity
  8
hatch
100
AcDbLine
 10
3.951010126776665
 20
-0.19999999999999996
 30
0.0
 11
4.101010126776664
 21
-0.050000000000000266
 31
0.0
  0
LINE
  5
38D
330
17
100
AcDbEntity
  8
hatch
100
AcDbLine
 10
3.668167414302044
 20
-0.20000000000000018
 30
0.0
 11
3.818167414302044
 21
-0.050000000000000044
 31
0.0
  0
LINE
  5
38E
330
17
100
AcDbEntity
  8
hatch
100
AcDbLine
 10
3.385324701827426
 20
-0.20000000000000018
 30
0.0
 11
3.5353247018274265
 21
-0.050000000000000044
 31
0.0
  0
LINE
  5
38F
330
17
100
AcDbEntity
  8
hatch
100
AcDbLine
 10
3.102481989352806
 20
-0.20000000000000018
 30
0.0
 11
3.2524819893528045
 21
-0.0500000000000016
 31
0.0
  0
LINE
  5
390
330
17
100
AcDbEntity
  8
hatch
100
AcDbLine
 10
2.819639276878188
 20
-0.20000000000000018
 30
0.0
 11
2.969639276878188
 21
-0.050000000000000266
 31
0.0
  0
LINE
  5
391
330
17
100
AcDbEntity
  8
hatch
100
AcDbLine
 10
2.53679656440357
 20
-0.19999999999999996
 30
0.0
 11
2.68679656440357
 21
-0.050000000000000266
 31
0.0
  0
LINE
  5
392
330
17
100
AcDbEntity
  8
hatch
100
AcDbLine
 10
2.2539538519289497
 20
-0.19999999999999996
 30
0.0
 11
2.403953851928949
 21
-0.050000000000000044
 31
0.0
  0
LINE
  5
393
330
17
100
AcDbEntity
  8
hatch
100
AcDbLine
 10
1.9711111394543313
 20
-0.20000000000000007
 30
0.0
 11
2.121111139454331
 21
-0.050000000000000044
 31
0.0
  0
LINE
  5
394
330
17
100
AcDbEntity
  8
hatch
100
AcDbLine
 10
1.6882684269797106
 20
-0.20000000000000007
 30
0.0
 11
1.838268426979711
 21
-0.050000000000000044
 31
0.0
  0
LINE
  5
395
330
17
100
AcDbEntity
  8
hatch
100
AcDbLine
 10
1.4054257145050926
 20
-0.19999999999999996
 30
0.0
 11
1.5554257145050927
 21
-0.050000000000000044
 31
0.0
  0
LINE
  5
396
330
17
100
AcDbEntity
  8
hatch
100
AcDbLine
 10
1.1225830020304748
 20
-0.2
 30
0.0
 11
1.2725830020304747
 21
-0.04999999999999993
 31
0.0
  0
LINE
  5
397
330
17
100
AcDbEntity
  8
hatch
100
AcDbLine
 10
0.8397402895558567
 20
-0.19999999999999996
 30
0.0
 11
0.9897402895558567
 21
-0.04999999999999999
 31
0.0
  0
LINE
  5
398
330
17
100
AcDbEntity
  8
hatch
100
AcDbLine
 10
0.5568975770812337
 20
-0.20000000000000007
 30
0.0
 11
0.7068975770812338
 21
-0.04999999999999999
 31
0.0
  0
LINE
  5
399
330
17
100
AcDbEntity
  8
hatch
100
AcDbLine
 10
0.2740548646066156
 20
-0.20000000000000004
 30
0.0
 11
0.42405486460661573
 21
-0.04999999999999993
 31
0.0
  0
LWPOLYLINE
  5
39A
330
17
100
AcDbEntity
  8
muro-corte
100
AcDbPolyline
 90
4
 70
1
 10
0.25
 20
-0.2
 10
23.75
 20
-0.2
 10
23.75
 20
-0.05
 10
0.25
 20
-0.05
  0
LINE
  5
39B
330
17
100
AcDbEntity
  8
marco-medio
100
AcDbLine
 10
0.25
 20
0.0
 30
0.0
 11
23.75
 21
0.0
 31
0.0
  0
LWPOLYLINE
  5
39C
330
17
100
AcDbEntity
  8
muro-fill
100
AcDbPolyline
 90
4
 70
1
 10
0.0
 20
0.0
 10
0.25
 20
0.0
 10
0.25
 20
2.9
 10
0.0
 20
2.9
  0
LINE
  5
39D
330
17
100
AcDbEntity
  8
hatch
100
AcDbLine
 10
4.5102810375396984e-17
 20
0.03284271247461909
 30
0.0
 11
0.25000000000000006
 21
0.282842712474619
 31
0.0
  0
LINE
  5
39E
330
17
100
AcDbEntity
  8
hatch
100
AcDbLine
 10
0.0
 20
0.31568542494923807
 30
0.0
 11
0.25
 21
0.565685424949238
 31
0.0
  0
LINE
  5
39F
330
17
100
AcDbEntity
  8
hatch
100
AcDbLine
 10
-5.551115123125783e-17
 20
0.5985281374238571
 30
0.0
 11
0.25
 21
0.8485281374238571
 31
0.0
  0
LINE
  5
3A0
330
17
100
AcDbEntity
  8
hatch
100
AcDbLine
 10
1.6653345369377348e-16
 20
0.8813708498984762
 30
0.0
 11
0.2500000000000001
 21
1.131370849898476
 31
0.0
  0
LINE
  5
3A1
330
17
100
AcDbEntity
  8
hatch
100
AcDbLine
 10
0.0
 20
1.164213562373095
 30
0.0
 11
0.2500000000000002
 21
1.4142135623730951
 31
0.0
  0
LINE
  5
3A2
330
17
100
AcDbEntity
  8
hatch
100
AcDbLine
 10
1.1102230246251565e-16
 20
1.4470562748477143
 30
0.0
 11
0.2500000000000002
 21
1.6970562748477143
 31
0.0
  0
LINE
  5
3A3
330
17
100
AcDbEntity
  8
hatch
100
AcDbLine
 10
1.1102230246251565e-16
 20
1.7298989873223336
 30
0.0
 11
0.25000000000000033
 21
1.9798989873223336
 31
0.0
  0
LINE
  5
3A4
330
17
100
AcDbEntity
  8
hatch
100
AcDbLine
 10
0.0
 20
2.012741699796952
 30
0.0
 11
0.2500000000000002
 21
2.262741699796952
 31
0.0
  0
LINE
  5
3A5
330
17
100
AcDbEntity
  8
hatch
100
AcDbLine
 10
2.220446049250313e-16
 20
2.2955844122715714
 30
0.0
 11
0.25000000000000044
 21
2.5455844122715714
 31
0.0
  0
LINE
  5
3A6
330
17
100
AcDbEntity
  8
hatch
100
AcDbLine
 10
2.220446049250313e-16
 20
2.57842712474619
 30
0.0
 11
0.2500000000000002
 21
2.82842712474619
 31
0.0
  0
LINE
  5
3A7
330
17
100
AcDbEntity
  8
hatch
100
AcDbLine
 10
2.220446049250313e-16
 20
2.861269837220809
 30
0.0
 11
0.038730162779190724
 21
2.9
 31
0.0
  0
LWPOLYLINE
  5
3A8
330
17
100
AcDbEntity
  8
muro-corte
100
AcDbPolyline
 90
4
 70
1
 10
0.0
 20
0.0
 10
0.25
 20
0.0
 10
0.25
 20
2.9
 10
0.0
 20
2.9
  0
LWPOLYLINE
  5
3A9
330
17
100
AcDbEntity
  8
muro-fill
100
AcDbPolyline
 90
4
 70
1
 10
0.0
 20
3.25
 10
0.25
 20
3.25
 10
0.25
 20
5.85
 10
0.0
 20
5.85
  0
LINE
  5
3AA
330
17
100
AcDbEntity
  8
hatch
100
AcDbLine
 10
0.0
 20
3.2828427124746193
 30
0.0
 11
0.25
 21
3.5328427124746193
 31
0.0
  0
LINE
  5
3AB
330
17
100
AcDbEntity
  8
hatch
100
AcDbLine
 10
0.0
 20
3.565685424949238
 30
0.0
 11
0.25
 21
3.8156854249492382
 31
0.0
  0
LINE
  5
3AC
330
17
100
AcDbEntity
  8
hatch
100
AcDbLine
 10
0.0
 20
3.848528137423857
 30
0.0
 11
0.25
 21
4.098528137423857
 31
0.0
  0
LINE
  5
3AD
330
17
100
AcDbEntity
  8
hatch
100
AcDbLine
 10
0.0
 20
4.131370849898476
 30
0.0
 11
0.25
 21
4.381370849898476
 31
0.0
  0
LINE
  5
3AE
330
17
100
AcDbEntity
  8
hatch
100
AcDbLine
 10
-4.440892098500626e-16
 20
4.414213562373095
 30
0.0
 11
0.25
 21
4.664213562373095
 31
0.0
  0
LINE
  5
3AF
330
17
100
AcDbEntity
  8
hatch
100
AcDbLine
 10
-4.440892098500626e-16
 20
4.697056274847714
 30
0.0
 11
0.25
 21
4.947056274847714
 31
0.0
  0
LINE
  5
3B0
330
17
100
AcDbEntity
  8
hatch
100
AcDbLine
 10
-4.440892098500626e-16
 20
4.979898987322333
 30
0.0
 11
0.25
 21
5.229898987322334
 31
0.0
  0
LINE
  5
3B1
330
17
100
AcDbEntity
  8
hatch
100
AcDbLine
 10
0.0
 20
5.262741699796952
 30
0.0
 11
0.24999999999999956
 21
5.512741699796951
 31
0.0
  0
LINE
  5
3B2
330
17
100
AcDbEntity
  8
hatch
100
AcDbLine
 10
0.0
 20
5.5455844122715705
 30
0.0
 11
0.25
 21
5.7955844122715705
 31
0.0
  0
LINE
  5
3B3
330
17
100
AcDbEntity
  8
hatch
100
AcDbLine
 10
0.0
 20
5.82842712474619
 30
0.0
 11
0.021572875253809354
 21
5.85
 31
0.0
  0
LWPOLYLINE
  5
3B4
330
17
100
AcDbEntity
  8
muro-corte
100
AcDbPolyline
 90
4
 70
1
 10
0.0
 20
3.25
 10
0.25
 20
3.25
 10
0.25
 20
5.85
 10
0.0
 20
5.85
  0
LWPOLYLINE
  5
3B5
330
17
100
AcDbEntity
  8
tabique-fill
100
AcDbPolyline
 90
4
 70
1
 10
3.45
 20
0.0
 10
3.6
 20
0.0
 10
3.6
 20
2.9
 10
3.45
 20
2.9
  0
LINE
  5
3B6
330
17
100
AcDbEntity
  8
hatch
100
AcDbLine
 10
3.45
 20
0.1328427124746192
 30
0.0
 11
3.6
 21
0.28284271247461934
 31
0.0
  0
LINE
  5
3B7
330
17
100
AcDbEntity
  8
hatch
100
AcDbLine
 10
3.45
 20
0.4156854249492379
 30
0.0
 11
3.6
 21
0.565685424949238
 31
0.0
  0
LINE
  5
3B8
330
17
100
AcDbEntity
  8
hatch
100
AcDbLine
 10
3.45
 20
0.698528137423857
 30
0.0
 11
3.6
 21
0.8485281374238569
 31
0.0
  0
LINE
  5
3B9
330
17
100
AcDbEntity
  8
hatch
100
AcDbLine
 10
3.45
 20
0.9813708498984761
 30
0.0
 11
3.5999999999999996
 21
1.131370849898476
 31
0.0
  0
LINE
  5
3BA
330
17
100
AcDbEntity
  8
hatch
100
AcDbLine
 10
3.45
 20
1.264213562373095
 30
0.0
 11
3.6
 21
1.4142135623730954
 31
0.0
  0
LINE
  5
3BB
330
17
100
AcDbEntity
  8
hatch
100
AcDbLine
 10
3.45
 20
1.5470562748477144
 30
0.0
 11
3.6
 21
1.6970562748477143
 31
0.0
  0
LINE
  5
3BC
330
17
100
AcDbEntity
  8
hatch
100
AcDbLine
 10
3.45
 20
1.8298989873223328
 30
0.0
 11
3.5999999999999996
 21
1.9798989873223327
 31
0.0
  0
LINE
  5
3BD
330
17
100
AcDbEntity
  8
hatch
100
AcDbLine
 10
3.45
 20
2.112741699796952
 30
0.0
 11
3.6
 21
2.262741699796952
 31
0.0
  0
LINE
  5
3BE
330
17
100
AcDbEntity
  8
hatch
100
AcDbLine
 10
3.45
 20
2.395584412271571
 30
0.0
 11
3.6
 21
2.5455844122715714
 31
0.0
  0
LINE
  5
3BF
330
17
100
AcDbEntity
  8
hatch
100
AcDbLine
 10
3.4500000000000006
 20
2.6784271247461904
 30
0.0
 11
3.6000000000000005
 21
2.8284271247461903
 31
0.0
  0
LWPOLYLINE
  5
3C0
330
17
100
AcDbEntity
  8
muro-corte
100
AcDbPolyline
 90
4
 70
1
 10
3.45
 20
0.0
 10
3.6
 20
0.0
 10
3.6
 20
2.9
 10
3.45
 20
2.9
  0
LWPOLYLINE
  5
3C1
330
17
100
AcDbEntity
  8
tabique-fill
100
AcDbPolyline
 90
4
 70
1
 10
3.45
 20
3.25
 10
3.6
 20
3.25
 10
3.6
 20
5.85
 10
3.45
 20
5.85
  0
LINE
  5
3C2
330
17
100
AcDbEntity
  8
hatch
100
AcDbLine
 10
3.4499999999999997
 20
3.382842712474619
 30
0.0
 11
3.6
 21
3.5328427124746193
 31
0.0
  0
LINE
  5
3C3
330
17
100
AcDbEntity
  8
hatch
100
AcDbLine
 10
3.4499999999999997
 20
3.6656854249492383
 30
0.0
 11
3.5999999999999996
 21
3.815685424949238
 31
0.0
  0
LINE
  5
3C4
330
17
100
AcDbEntity
  8
hatch
100
AcDbLine
 10
3.45
 20
3.948528137423857
 30
0.0
 11
3.6
 21
4.098528137423857
 31
0.0
  0
LINE
  5
3C5
330
17
100
AcDbEntity
  8
hatch
100
AcDbLine
 10
3.45
 20
4.231370849898477
 30
0.0
 11
3.6
 21
4.381370849898476
 31
0.0
  0
LINE
  5
3C6
330
17
100
AcDbEntity
  8
hatch
100
AcDbLine
 10
3.45
 20
4.514213562373095
 30
0.0
 11
3.5999999999999996
 21
4.664213562373096
 31
0.0
  0
LINE
  5
3C7
330
17
100
AcDbEntity
  8
hatch
100
AcDbLine
 10
3.45
 20
4.797056274847714
 30
0.0
 11
3.6000000000000005
 21
4.947056274847714
 31
0.0
  0
LINE
  5
3C8
330
17
100
AcDbEntity
  8
hatch
100
AcDbLine
 10
3.4499999999999997
 20
5.079898987322332
 30
0.0
 11
3.599999999999999
 21
5.229898987322333
 31
0.0
  0
LINE
  5
3C9
330
17
100
AcDbEntity
  8
hatch
100
AcDbLine
 10
3.4500000000000006
 20
5.362741699796953
 30
0.0
 11
3.6
 21
5.512741699796952
 31
0.0
  0
LINE
  5
3CA
330
17
100
AcDbEntity
  8
hatch
100
AcDbLine
 10
3.45
 20
5.645584412271571
 30
0.0
 11
3.5999999999999996
 21
5.795584412271571
 31
0.0
  0
LWPOLYLINE
  5
3CB
330
17
100
AcDbEntity
  8
muro-corte
100
AcDbPolyline
 90
4
 70
1
 10
3.45
 20
3.25
 10
3.6
 20
3.25
 10
3.6
 20
5.85
 10
3.45
 20
5.85
  0
LWPOLYLINE
  5
3CC
330
17
100
AcDbEntity
  8
tabique-fill
100
AcDbPolyline
 90
4
 70
1
 10
6.8
 20
0.0
 10
6.95
 20
0.0
 10
6.95
 20
2.9
 10
6.8
 20
2.9
  0
LINE
  5
3CD
330
17
100
AcDbEntity
  8
hatch
100
AcDbLine
 10
6.799999999999999
 20
0.1328427124746181
 30
0.0
 11
6.949999999999999
 21
0.28284271247461845
 31
0.0
  0
LINE
  5
3CE
330
17
100
AcDbEntity
  8
hatch
100
AcDbLine
 10
6.799999999999999
 20
0.41568542494923744
 30
0.0
 11
6.949999999999999
 21
0.5656854249492378
 31
0.0
  0
LINE
  5
3CF
330
17
100
AcDbEntity
  8
hatch
100
AcDbLine
 10
6.8
 20
0.6985281374238568
 30
0.0
 11
6.95
 21
0.8485281374238571
 31
0.0
  0
LINE
  5
3D0
330
17
100
AcDbEntity
  8
hatch
100
AcDbLine
 10
6.8
 20
0.9813708498984748
 30
0.0
 11
6.95
 21
1.1313708498984751
 31
0.0
  0
LINE
  5
3D1
330
17
100
AcDbEntity
  8
hatch
100
AcDbLine
 10
6.799999999999999
 20
1.2642135623730946
 30
0.0
 11
6.949999999999999
 21
1.414213562373095
 31
0.0
  0
LINE
  5
3D2
330
17
100
AcDbEntity
  8
hatch
100
AcDbLine
 10
6.8
 20
1.5470562748477135
 30
0.0
 11
6.95
 21
1.6970562748477138
 31
0.0
  0
LINE
  5
3D3
330
17
100
AcDbEntity
  8
hatch
100
AcDbLine
 10
6.799999999999999
 20
1.8298989873223332
 30
0.0
 11
6.949999999999999
 21
1.9798989873223327
 31
0.0
  0
LINE
  5
3D4
330
17
100
AcDbEntity
  8
hatch
100
AcDbLine
 10
6.800000000000001
 20
2.1127416997969517
 30
0.0
 11
6.950000000000001
 21
2.262741699796952
 31
0.0
  0
LINE
  5
3D5
330
17
100
AcDbEntity
  8
hatch
100
AcDbLine
 10
6.800000000000001
 20
2.39558441227157
 30
0.0
 11
6.950000000000001
 21
2.5455844122715705
 31
0.0
  0
LINE
  5
3D6
330
17
100
AcDbEntity
  8
hatch
100
AcDbLine
 10
6.8
 20
2.678427124746189
 30
0.0
 11
6.950000000000001
 21
2.8284271247461903
 31
0.0
  0
LWPOLYLINE
  5
3D7
330
17
100
AcDbEntity
  8
muro-corte
100
AcDbPolyline
 90
4
 70
1
 10
6.8
 20
0.0
 10
6.95
 20
0.0
 10
6.95
 20
2.9
 10
6.8
 20
2.9
  0
LWPOLYLINE
  5
3D8
330
17
100
AcDbEntity
  8
tabique-fill
100
AcDbPolyline
 90
4
 70
1
 10
6.8
 20
3.25
 10
6.95
 20
3.25
 10
6.95
 20
5.85
 10
6.8
 20
5.85
  0
LINE
  5
3D9
330
17
100
AcDbEntity
  8
hatch
100
AcDbLine
 10
6.799999999999999
 20
3.382842712474618
 30
0.0
 11
6.949999999999999
 21
3.5328427124746185
 31
0.0
  0
LINE
  5
3DA
330
17
100
AcDbEntity
  8
hatch
100
AcDbLine
 10
6.799999999999999
 20
3.6656854249492365
 30
0.0
 11
6.950000000000001
 21
3.815685424949238
 31
0.0
  0
LINE
  5
3DB
330
17
100
AcDbEntity
  8
hatch
100
AcDbLine
 10
6.799999999999999
 20
3.9485281374238568
 30
0.0
 11
6.95
 21
4.098528137423857
 31
0.0
  0
LINE
  5
3DC
330
17
100
AcDbEntity
  8
hatch
100
AcDbLine
 10
6.8
 20
4.231370849898475
 30
0.0
 11
6.950000000000001
 21
4.3813708498984765
 31
0.0
  0
LINE
  5
3DD
330
17
100
AcDbEntity
  8
hatch
100
AcDbLine
 10
6.799999999999999
 20
4.514213562373094
 30
0.0
 11
6.949999999999999
 21
4.664213562373094
 31
0.0
  0
LINE
  5
3DE
330
17
100
AcDbEntity
  8
hatch
100
AcDbLine
 10
6.8
 20
4.797056274847714
 30
0.0
 11
6.950000000000001
 21
4.947056274847715
 31
0.0
  0
LINE
  5
3DF
330
17
100
AcDbEntity
  8
hatch
100
AcDbLine
 10
6.8
 20
5.079898987322332
 30
0.0
 11
6.95
 21
5.229898987322333
 31
0.0
  0
LINE
  5
3E0
330
17
100
AcDbEntity
  8
hatch
100
AcDbLine
 10
6.799999999999999
 20
5.36274169979695
 30
0.0
 11
6.949999999999999
 21
5.512741699796951
 31
0.0
  0
LINE
  5
3E1
330
17
100
AcDbEntity
  8
hatch
100
AcDbLine
 10
6.799999999999998
 20
5.645584412271569
 30
0.0
 11
6.95
 21
5.795584412271571
 31
0.0
  0
LWPOLYLINE
  5
3E2
330
17
100
AcDbEntity
  8
muro-corte
100
AcDbPolyline
 90
4
 70
1
 10
6.8
 20
3.25
 10
6.95
 20
3.25
 10
6.95
 20
5.85
 10
6.8
 20
5.85
  0
LWPOLYLINE
  5
3E3
330
17
100
AcDbEntity
  8
tabique-fill
100
AcDbPolyline
 90
4
 70
1
 10
10.15
 20
0.0
 10
10.3
 20
0.0
 10
10.3
 20
2.9
 10
10.15
 20
2.9
  0
LINE
  5
3E4
330
17
100
AcDbEntity
  8
hatch
100
AcDbLine
 10
10.150000000000002
 20
0.13284271247461987
 30
0.0
 11
10.3
 21
0.28284271247461934
 31
0.0
  0
LINE
  5
3E5
330
17
100
AcDbEntity
  8
hatch
100
AcDbLine
 10
10.15
 20
0.4156854249492383
 30
0.0
 11
10.3
 21
0.5656854249492387
 31
0.0
  0
LINE
  5
3E6
330
17
100
AcDbEntity
  8
hatch
100
AcDbLine
 10
10.15
 20
0.6985281374238568
 30
0.0
 11
10.3
 21
0.8485281374238562
 31
0.0
  0
LINE
  5
3E7
330
17
100
AcDbEntity
  8
hatch
100
AcDbLine
 10
10.15
 20
0.9813708498984752
 30
0.0
 11
10.3
 21
1.1313708498984756
 31
0.0
  0
LINE
  5
3E8
330
17
100
AcDbEntity
  8
hatch
100
AcDbLine
 10
10.150000000000002
 20
1.2642135623730963
 30
0.0
 11
10.3
 21
1.4142135623730958
 31
0.0
  0
LINE
  5
3E9
330
17
100
AcDbEntity
  8
hatch
100
AcDbLine
 10
10.15
 20
1.547056274847714
 30
0.0
 11
10.3
 21
1.6970562748477143
 31
0.0
  0
LINE
  5
3EA
330
17
100
AcDbEntity
  8
hatch
100
AcDbLine
 10
10.150000000000002
 20
1.829898987322335
 30
0.0
 11
10.3
 21
1.9798989873223345
 31
0.0
  0
LINE
  5
3EB
330
17
100
AcDbEntity
  8
hatch
100
AcDbLine
 10
10.150000000000002
 20
2.1127416997969517
 30
0.0
 11
10.3
 21
2.262741699796951
 31
0.0
  0
LINE
  5
3EC
330
17
100
AcDbEntity
  8
hatch
100
AcDbLine
 10
10.15
 20
2.395584412271571
 30
0.0
 11
10.3
 21
2.5455844122715705
 31
0.0
  0
LINE
  5
3ED
330
17
100
AcDbEntity
  8
hatch
100
AcDbLine
 10
10.150000000000002
 20
2.678427124746191
 30
0.0
 11
10.3
 21
2.8284271247461903
 31
0.0
  0
LWPOLYLINE
  5
3EE
330
17
100
AcDbEntity
  8
muro-corte
100
AcDbPolyline
 90
4
 70
1
 10
10.15
 20
0.0
 10
10.3
 20
0.0
 10
10.3
 20
2.9
 10
10.15
 20
2.9
  0
LWPOLYLINE
  5
3EF
330
17
100
AcDbEntity
  8
tabique-fill
100
AcDbPolyline
 90
4
 70
1
 10
10.15
 20
3.25
 10
10.3
 20
3.25
 10
10.3
 20
5.85
 10
10.15
 20
5.85
  0
LINE
  5
3F0
330
17
100
AcDbEntity
  8
hatch
100
AcDbLine
 10
10.149999999999999
 20
3.3828427124746194
 30
0.0
 11
10.3
 21
3.5328427124746207
 31
0.0
  0
LINE
  5
3F1
330
17
100
AcDbEntity
  8
hatch
100
AcDbLine
 10
10.15
 20
3.665685424949239
 30
0.0
 11
10.3
 21
3.8156854249492387
 31
0.0
  0
LINE
  5
3F2
330
17
100
AcDbEntity
  8
hatch
100
AcDbLine
 10
10.15
 20
3.948528137423857
 30
0.0
 11
10.3
 21
4.098528137423857
 31
0.0
  0
LINE
  5
3F3
330
17
100
AcDbEntity
  8
hatch
100
AcDbLine
 10
10.15
 20
4.231370849898476
 30
0.0
 11
10.3
 21
4.3813708498984765
 31
0.0
  0
LINE
  5
3F4
330
17
100
AcDbEntity
  8
hatch
100
AcDbLine
 10
10.15
 20
4.5142135623730955
 30
0.0
 11
10.3
 21
4.664213562373096
 31
0.0
  0
LINE
  5
3F5
330
17
100
AcDbEntity
  8
hatch
100
AcDbLine
 10
10.15
 20
4.797056274847714
 30
0.0
 11
10.3
 21
4.947056274847715
 31
0.0
  0
LINE
  5
3F6
330
17
100
AcDbEntity
  8
hatch
100
AcDbLine
 10
10.15
 20
5.079898987322334
 30
0.0
 11
10.3
 21
5.2298989873223345
 31
0.0
  0
LINE
  5
3F7
330
17
100
AcDbEntity
  8
hatch
100
AcDbLine
 10
10.15
 20
5.362741699796953
 30
0.0
 11
10.3
 21
5.512741699796953
 31
0.0
  0
LINE
  5
3F8
330
17
100
AcDbEntity
  8
hatch
100
AcDbLine
 10
10.149999999999999
 20
5.645584412271571
 30
0.0
 11
10.3
 21
5.795584412271571
 31
0.0
  0
LWPOLYLINE
  5
3F9
330
17
100
AcDbEntity
  8
muro-corte
100
AcDbPolyline
 90
4
 70
1
 10
10.15
 20
3.25
 10
10.3
 20
3.25
 10
10.3
 20
5.85
 10
10.15
 20
5.85
  0
LWPOLYLINE
  5
3FA
330
17
100
AcDbEntity
  8
tabique-fill
100
AcDbPolyline
 90
4
 70
1
 10
13.5
 20
0.0
 10
13.65
 20
0.0
 10
13.65
 20
2.9
 10
13.5
 20
2.9
  0
LINE
  5
3FB
330
17
100
AcDbEntity
  8
hatch
100
AcDbLine
 10
13.5
 20
0.1328427124746181
 30
0.0
 11
13.649999999999999
 21
0.28284271247461756
 31
0.0
  0
LINE
  5
3FC
330
17
100
AcDbEntity
  8
hatch
100
AcDbLine
 10
13.5
 20
0.4156854249492392
 30
0.0
 11
13.649999999999999
 21
0.5656854249492387
 31
0.0
  0
LINE
  5
3FD
330
17
100
AcDbEntity
  8
hatch
100
AcDbLine
 10
13.5
 20
0.6985281374238568
 30
0.0
 11
13.649999999999999
 21
0.8485281374238562
 31
0.0
  0
LINE
  5
3FE
330
17
100
AcDbEntity
  8
hatch
100
AcDbLine
 10
13.5
 20
0.9813708498984779
 30
0.0
 11
13.649999999999999
 21
1.1313708498984774
 31
0.0
  0
LINE
  5
3FF
330
17
100
AcDbEntity
  8
hatch
100
AcDbLine
 10
13.5
 20
1.2642135623730955
 30
0.0
 11
13.649999999999999
 21
1.414213562373095
 31
0.0
  0
LINE
  5
400
330
17
100
AcDbEntity
  8
hatch
100
AcDbLine
 10
13.5
 20
1.5470562748477157
 30
0.0
 11
13.649999999999999
 21
1.6970562748477152
 31
0.0
  0
LINE
  5
401
330
17
100
AcDbEntity
  8
hatch
100
AcDbLine
 10
13.5
 20
1.8298989873223341
 30
0.0
 11
13.649999999999999
 21
1.9798989873223336
 31
0.0
  0
LINE
  5
402
330
17
100
AcDbEntity
  8
hatch
100
AcDbLine
 10
13.5
 20
2.1127416997969517
 30
0.0
 11
13.649999999999999
 21
2.262741699796952
 31
0.0
  0
LINE
  5
403
330
17
100
AcDbEntity
  8
hatch
100
AcDbLine
 10
13.5
 20
2.395584412271572
 30
0.0
 11
13.650000000000002
 21
2.5455844122715714
 31
0.0
  0
LINE
  5
404
330
17
100
AcDbEntity
  8
hatch
100
AcDbLine
 10
13.5
 20
2.6784271247461904
 30
0.0
 11
13.649999999999999
 21
2.8284271247461907
 31
0.0
  0
LWPOLYLINE
  5
405
330
17
100
AcDbEntity
  8
muro-corte
100
AcDbPolyline
 90
4
 70
1
 10
13.5
 20
0.0
 10
13.65
 20
0.0
 10
13.65
 20
2.9
 10
13.5
 20
2.9
  0
LWPOLYLINE
  5
406
330
17
100
AcDbEntity
  8
tabique-fill
100
AcDbPolyline
 90
4
 70
1
 10
13.5
 20
3.25
 10
13.65
 20
3.25
 10
13.65
 20
5.85
 10
13.5
 20
5.85
  0
LINE
  5
407
330
17
100
AcDbEntity
  8
hatch
100
AcDbLine
 10
13.499999999999998
 20
3.3828427124746208
 30
0.0
 11
13.649999999999999
 21
3.5328427124746193
 31
0.0
  0
LINE
  5
408
330
17
100
AcDbEntity
  8
hatch
100
AcDbLine
 10
13.499999999999998
 20
3.665685424949239
 30
0.0
 11
13.65
 21
3.8156854249492396
 31
0.0
  0
LINE
  5
409
330
17
100
AcDbEntity
  8
hatch
100
AcDbLine
 10
13.499999999999998
 20
3.948528137423856
 30
0.0
 11
13.65
 21
4.098528137423858
 31
0.0
  0
LINE
  5
40A
330
17
100
AcDbEntity
  8
hatch
100
AcDbLine
 10
13.5
 20
4.231370849898477
 30
0.0
 11
13.649999999999999
 21
4.381370849898477
 31
0.0
  0
LINE
  5
40B
330
17
100
AcDbEntity
  8
hatch
100
AcDbLine
 10
13.5
 20
4.5142135623730955
 30
0.0
 11
13.649999999999999
 21
4.664213562373096
 31
0.0
  0
LINE
  5
40C
330
17
100
AcDbEntity
  8
hatch
100
AcDbLine
 10
13.5
 20
4.797056274847715
 30
0.0
 11
13.649999999999999
 21
4.947056274847715
 31
0.0
  0
LINE
  5
40D
330
17
100
AcDbEntity
  8
hatch
100
AcDbLine
 10
13.499999999999998
 20
5.079898987322333
 30
0.0
 11
13.65
 21
5.229898987322335
 31
0.0
  0
LINE
  5
40E
330
17
100
AcDbEntity
  8
hatch
100
AcDbLine
 10
13.5
 20
5.362741699796952
 30
0.0
 11
13.649999999999999
 21
5.512741699796952
 31
0.0
  0
LINE
  5
40F
330
17
100
AcDbEntity
  8
hatch
100
AcDbLine
 10
13.5
 20
5.645584412271572
 30
0.0
 11
13.649999999999999
 21
5.7955844122715705
 31
0.0
  0
LWPOLYLINE
  5
410
330
17
100
AcDbEntity
  8
muro-corte
100
AcDbPolyline
 90
4
 70
1
 10
13.5
 20
3.25
 10
13.65
 20
3.25
 10
13.65
 20
5.85
 10
13.5
 20
5.85
  0
LWPOLYLINE
  5
411
330
17
100
AcDbEntity
  8
tabique-fill
100
AcDbPolyline
 90
4
 70
1
 10
16.5
 20
0.0
 10
16.65
 20
0.0
 10
16.65
 20
2.9
 10
16.5
 20
2.9
  0
LINE
  5
412
330
17
100
AcDbEntity
  8
hatch
100
AcDbLine
 10
16.5
 20
0.1328427124746181
 30
0.0
 11
16.65
 21
0.28284271247461845
 31
0.0
  0
LINE
  5
413
330
17
100
AcDbEntity
  8
hatch
100
AcDbLine
 10
16.5
 20
0.4156854249492401
 30
0.0
 11
16.65
 21
0.5656854249492387
 31
0.0
  0
LINE
  5
414
330
17
100
AcDbEntity
  8
hatch
100
AcDbLine
 10
16.5
 20
0.6985281374238577
 30
0.0
 11
16.65
 21
0.8485281374238562
 31
0.0
  0
LINE
  5
415
330
17
100
AcDbEntity
  8
hatch
100
AcDbLine
 10
16.5
 20
0.981370849898477
 30
0.0
 11
16.65
 21
1.1313708498984774
 31
0.0
  0
LINE
  5
416
330
17
100
AcDbEntity
  8
hatch
100
AcDbLine
 10
16.5
 20
1.2642135623730955
 30
0.0
 11
16.65
 21
1.4142135623730958
 31
0.0
  0
LINE
  5
417
330
17
100
AcDbEntity
  8
hatch
100
AcDbLine
 10
16.5
 20
1.5470562748477166
 30
0.0
 11
16.65
 21
1.6970562748477152
 31
0.0
  0
LINE
  5
418
330
17
100
AcDbEntity
  8
hatch
100
AcDbLine
 10
16.5
 20
1.8298989873223332
 30
0.0
 11
16.65
 21
1.9798989873223336
 31
0.0
  0
LINE
  5
419
330
17
100
AcDbEntity
  8
hatch
100
AcDbLine
 10
16.5
 20
2.112741699796951
 30
0.0
 11
16.65
 21
2.262741699796951
 31
0.0
  0
LINE
  5
41A
330
17
100
AcDbEntity
  8
hatch
100
AcDbLine
 10
16.5
 20
2.395584412271573
 30
0.0
 11
16.65
 21
2.545584412271573
 31
0.0
  0
LINE
  5
41B
330
17
100
AcDbEntity
  8
hatch
100
AcDbLine
 10
16.5
 20
2.6784271247461904
 30
0.0
 11
16.65
 21
2.828427124746189
 31
0.0
  0
LWPOLYLINE
  5
41C
330
17
100
AcDbEntity
  8
muro-corte
100
AcDbPolyline
 90
4
 70
1
 10
16.5
 20
0.0
 10
16.65
 20
0.0
 10
16.65
 20
2.9
 10
16.5
 20
2.9
  0
LWPOLYLINE
  5
41D
330
17
100
AcDbEntity
  8
tabique-fill
100
AcDbPolyline
 90
4
 70
1
 10
16.5
 20
3.25
 10
16.65
 20
3.25
 10
16.65
 20
5.85
 10
16.5
 20
5.85
  0
LINE
  5
41E
330
17
100
AcDbEntity
  8
hatch
100
AcDbLine
 10
16.5
 20
3.382842712474619
 30
0.0
 11
16.65
 21
3.5328427124746193
 31
0.0
  0
LINE
  5
41F
330
17
100
AcDbEntity
  8
hatch
100
AcDbLine
 10
16.499999999999996
 20
3.6656854249492383
 30
0.0
 11
16.65
 21
3.8156854249492405
 31
0.0
  0
LINE
  5
420
330
17
100
AcDbEntity
  8
hatch
100
AcDbLine
 10
16.499999999999996
 20
3.9485281374238568
 30
0.0
 11
16.65
 21
4.098528137423857
 31
0.0
  0
LINE
  5
421
330
17
100
AcDbEntity
  8
hatch
100
AcDbLine
 10
16.5
 20
4.231370849898478
 30
0.0
 11
16.65
 21
4.381370849898478
 31
0.0
  0
LINE
  5
422
330
17
100
AcDbEntity
  8
hatch
100
AcDbLine
 10
16.5
 20
4.5142135623730955
 30
0.0
 11
16.65
 21
4.664213562373096
 31
0.0
  0
LINE
  5
423
330
17
100
AcDbEntity
  8
hatch
100
AcDbLine
 10
16.499999999999996
 20
4.797056274847716
 30
0.0
 11
16.65
 21
4.947056274847716
 31
0.0
  0
LINE
  5
424
330
17
100
AcDbEntity
  8
hatch
100
AcDbLine
 10
16.5
 20
5.079898987322333
 30
0.0
 11
16.65
 21
5.229898987322334
 31
0.0
  0
LINE
  5
425
330
17
100
AcDbEntity
  8
hatch
100
AcDbLine
 10
16.5
 20
5.362741699796952
 30
0.0
 11
16.65
 21
5.512741699796952
 31
0.0
  0
LINE
  5
426
330
17
100
AcDbEntity
  8
hatch
100
AcDbLine
 10
16.499999999999996
 20
5.645584412271571
 30
0.0
 11
16.65
 21
5.795584412271571
 31
0.0
  0
LWPOLYLINE
  5
427
330
17
100
AcDbEntity
  8
muro-corte
100
AcDbPolyline
 90
4
 70
1
 10
16.5
 20
3.25
 10
16.65
 20
3.25
 10
16.65
 20
5.85
 10
16.5
 20
5.85
  0
LWPOLYLINE
  5
428
330
17
100
AcDbEntity
  8
tabique-fill
100
AcDbPolyline
 90
4
 70
1
 10
20.05
 20
0.0
 10
20.2
 20
0.0
 10
20.2
 20
2.9
 10
20.05
 20
2.9
  0
LINE
  5
429
330
17
100
AcDbEntity
  8
hatch
100
AcDbLine
 10
20.05
 20
0.13284271247461987
 30
0.0
 11
20.2
 21
0.28284271247461845
 31
0.0
  0
LINE
  5
42A
330
17
100
AcDbEntity
  8
hatch
100
AcDbLine
 10
20.05
 20
0.4156854249492383
 30
0.0
 11
20.2
 21
0.5656854249492369
 31
0.0
  0
LINE
  5
42B
330
17
100
AcDbEntity
  8
hatch
100
AcDbLine
 10
20.05
 20
0.6985281374238568
 30
0.0
 11
20.2
 21
0.8485281374238554
 31
0.0
  0
LINE
  5
42C
330
17
100
AcDbEntity
  8
hatch
100
AcDbLine
 10
20.05
 20
0.9813708498984788
 30
0.0
 11
20.2
 21
1.1313708498984774
 31
0.0
  0
LINE
  5
42D
330
17
100
AcDbEntity
  8
hatch
100
AcDbLine
 10
20.05
 20
1.2642135623730972
 30
0.0
 11
20.199999999999996
 21
1.4142135623730958
 31
0.0
  0
LINE
  5
42E
330
17
100
AcDbEntity
  8
hatch
100
AcDbLine
 10
20.05
 20
1.5470562748477157
 30
0.0
 11
20.2
 21
1.6970562748477143
 31
0.0
  0
LINE
  5
42F
330
17
100
AcDbEntity
  8
hatch
100
AcDbLine
 10
20.05
 20
1.8298989873223341
 30
0.0
 11
20.2
 21
1.9798989873223327
 31
0.0
  0
LINE
  5
430
330
17
100
AcDbEntity
  8
hatch
100
AcDbLine
 10
20.05
 20
2.1127416997969526
 30
0.0
 11
20.2
 21
2.262741699796951
 31
0.0
  0
LINE
  5
431
330
17
100
AcDbEntity
  8
hatch
100
AcDbLine
 10
20.049999999999997
 20
2.3955844122715746
 30
0.0
 11
20.199999999999996
 21
2.5455844122715714
 31
0.0
  0
LINE
  5
432
330
17
100
AcDbEntity
  8
hatch
100
AcDbLine
 10
20.050000000000004
 20
2.678427124746193
 30
0.0
 11
20.2
 21
2.82842712474619
 31
0.0
  0
LWPOLYLINE
  5
433
330
17
100
AcDbEntity
  8
muro-corte
100
AcDbPolyline
 90
4
 70
1
 10
20.05
 20
0.0
 10
20.2
 20
0.0
 10
20.2
 20
2.9
 10
20.05
 20
2.9
  0
LWPOLYLINE
  5
434
330
17
100
AcDbEntity
  8
tabique-fill
100
AcDbPolyline
 90
4
 70
1
 10
20.05
 20
3.25
 10
20.2
 20
3.25
 10
20.2
 20
5.85
 10
20.05
 20
5.85
  0
LINE
  5
435
330
17
100
AcDbEntity
  8
hatch
100
AcDbLine
 10
20.050000000000004
 20
3.3828427124746216
 30
0.0
 11
20.2
 21
3.5328427124746185
 31
0.0
  0
LINE
  5
436
330
17
100
AcDbEntity
  8
hatch
100
AcDbLine
 10
20.05
 20
3.665685424949242
 30
0.0
 11
20.2
 21
3.8156854249492405
 31
0.0
  0
LINE
  5
437
330
17
100
AcDbEntity
  8
hatch
100
AcDbLine
 10
20.05
 20
3.9485281374238586
 30
0.0
 11
20.200000000000003
 21
4.098528137423859
 31
0.0
  0
LINE
  5
438
330
17
100
AcDbEntity
  8
hatch
100
AcDbLine
 10
20.050000000000004
 20
4.2313708498984814
 30
0.0
 11
20.2
 21
4.381370849898478
 31
0.0
  0
LINE
  5
439
330
17
100
AcDbEntity
  8
hatch
100
AcDbLine
 10
20.050000000000004
 20
4.514213562373099
 30
0.0
 11
20.2
 21
4.664213562373096
 31
0.0
  0
LINE
  5
43A
330
17
100
AcDbEntity
  8
hatch
100
AcDbLine
 10
20.05
 20
4.7970562748477175
 30
0.0
 11
20.2
 21
4.947056274847718
 31
0.0
  0
LINE
  5
43B
330
17
100
AcDbEntity
  8
hatch
100
AcDbLine
 10
20.05
 20
5.079898987322335
 30
0.0
 11
20.2
 21
5.229898987322335
 31
0.0
  0
LINE
  5
43C
330
17
100
AcDbEntity
  8
hatch
100
AcDbLine
 10
20.05
 20
5.3627416997969535
 30
0.0
 11
20.200000000000003
 21
5.512741699796954
 31
0.0
  0
LINE
  5
43D
330
17
100
AcDbEntity
  8
hatch
100
AcDbLine
 10
20.050000000000004
 20
5.645584412271575
 30
0.0
 11
20.2
 21
5.795584412271573
 31
0.0
  0
LWPOLYLINE
  5
43E
330
17
100
AcDbEntity
  8
muro-corte
100
AcDbPolyline
 90
4
 70
1
 10
20.05
 20
3.25
 10
20.2
 20
3.25
 10
20.2
 20
5.85
 10
20.05
 20
5.85
  0
LWPOLYLINE
  5
43F
330
17
100
AcDbEntity
  8
muro-fill
100
AcDbPolyline
 90
4
 70
1
 10
23.75
 20
0.0
 10
24.0
 20
0.0
 10
24.0
 20
2.9
 10
23.75
 20
2.9
  0
LINE
  5
440
330
17
100
AcDbEntity
  8
hatch
100
AcDbLine
 10
23.75
 20
0.032842712474616675
 30
0.0
 11
24.0
 21
0.28284271247461845
 31
0.0
  0
LINE
  5
441
330
17
100
AcDbEntity
  8
hatch
100
AcDbLine
 10
23.75
 20
0.3156854249492351
 30
0.0
 11
24.0
 21
0.5656854249492369
 31
0.0
  0
LINE
  5
442
330
17
100
AcDbEntity
  8
hatch
100
AcDbLine
 10
23.75
 20
0.5985281374238571
 30
0.0
 11
24.0
 21
0.8485281374238589
 31
0.0
  0
LINE
  5
443
330
17
100
AcDbEntity
  8
hatch
100
AcDbLine
 10
23.75
 20
0.8813708498984756
 30
0.0
 11
24.0
 21
1.1313708498984774
 31
0.0
  0
LINE
  5
444
330
17
100
AcDbEntity
  8
hatch
100
AcDbLine
 10
23.75
 20
1.164213562373094
 30
0.0
 11
24.0
 21
1.4142135623730958
 31
0.0
  0
LINE
  5
445
330
17
100
AcDbEntity
  8
hatch
100
AcDbLine
 10
23.75
 20
1.4470562748477125
 30
0.0
 11
24.0
 21
1.6970562748477143
 31
0.0
  0
LINE
  5
446
330
17
100
AcDbEntity
  8
hatch
100
AcDbLine
 10
23.75
 20
1.729898987322331
 30
0.0
 11
24.0
 21
1.9798989873223327
 31
0.0
  0
LINE
  5
447
330
17
100
AcDbEntity
  8
hatch
100
AcDbLine
 10
23.75
 20
2.012741699796951
 30
0.0
 11
24.0
 21
2.262741699796953
 31
0.0
  0
LINE
  5
448
330
17
100
AcDbEntity
  8
hatch
100
AcDbLine
 10
23.75
 20
2.2955844122715714
 30
0.0
 11
24.0
 21
2.545584412271573
 31
0.0
  0
LINE
  5
449
330
17
100
AcDbEntity
  8
hatch
100
AcDbLine
 10
23.75
 20
2.57842712474619
 30
0.0
 11
24.0
 21
2.8284271247461916
 31
0.0
  0
LINE
  5
44A
330
17
100
AcDbEntity
  8
hatch
100
AcDbLine
 10
23.75
 20
2.8612698372208065
 30
0.0
 11
23.78873016277919
 21
2.9000000000000004
 31
0.0
  0
LWPOLYLINE
  5
44B
330
17
100
AcDbEntity
  8
muro-corte
100
AcDbPolyline
 90
4
 70
1
 10
23.75
 20
0.0
 10
24.0
 20
0.0
 10
24.0
 20
2.9
 10
23.75
 20
2.9
  0
LWPOLYLINE
  5
44C
330
17
100
AcDbEntity
  8
muro-fill
100
AcDbPolyline
 90
4
 70
1
 10
23.75
 20
3.25
 10
24.0
 20
3.25
 10
24.0
 20
5.85
 10
23.75
 20
5.85
  0
LINE
  5
44D
330
17
100
AcDbEntity
  8
hatch
100
AcDbLine
 10
23.75
 20
3.2828427124746167
 30
0.0
 11
24.0
 21
3.5328427124746185
 31
0.0
  0
LINE
  5
44E
330
17
100
AcDbEntity
  8
hatch
100
AcDbLine
 10
23.75
 20
3.5656854249492387
 30
0.0
 11
24.0
 21
3.8156854249492422
 31
0.0
  0
LINE
  5
44F
330
17
100
AcDbEntity
  8
hatch
100
AcDbLine
 10
23.749999999999996
 20
3.8485281374238554
 30
0.0
 11
24.0
 21
4.098528137423857
 31
0.0
  0
LINE
  5
450
330
17
100
AcDbEntity
  8
hatch
100
AcDbLine
 10
23.75
 20
4.131370849898476
 30
0.0
 11
24.0
 21
4.381370849898477
 31
0.0
  0
LINE
  5
451
330
17
100
AcDbEntity
  8
hatch
100
AcDbLine
 10
23.75
 20
4.414213562373094
 30
0.0
 11
24.0
 21
4.664213562373096
 31
0.0
  0
LINE
  5
452
330
17
100
AcDbEntity
  8
hatch
100
AcDbLine
 10
23.75
 20
4.6970562748477125
 30
0.0
 11
24.0
 21
4.947056274847714
 31
0.0
  0
LINE
  5
453
330
17
100
AcDbEntity
  8
hatch
100
AcDbLine
 10
23.75
 20
4.9798989873223345
 30
0.0
 11
24.0
 21
5.229898987322336
 31
0.0
  0
LINE
  5
454
330
17
100
AcDbEntity
  8
hatch
100
AcDbLine
 10
23.75
 20
5.262741699796951
 30
0.0
 11
24.0
 21
5.512741699796953
 31
0.0
  0
LINE
  5
455
330
17
100
AcDbEntity
  8
hatch
100
AcDbLine
 10
23.75
 20
5.545584412271571
 30
0.0
 11
24.0
 21
5.795584412271573
 31
0.0
  0
LINE
  5
456
330
17
100
AcDbEntity
  8
hatch
100
AcDbLine
 10
23.75
 20
5.82842712474619
 30
0.0
 11
23.77157287525381
 21
5.850000000000001
 31
0.0
  0
LWPOLYLINE
  5
457
330
17
100
AcDbEntity
  8
muro-corte
100
AcDbPolyline
 90
4
 70
1
 10
23.75
 20
3.25
 10
24.0
 20
3.25
 10
24.0
 20
5.85
 10
23.75
 20
5.85
  0
LWPOLYLINE
  5
458
330
17
100
AcDbEntity
  8
hormigon
100
AcDbPolyline
 90
4
 70
1
 10
0.0
 20
2.9
 10
24.0
 20
2.9
 10
24.0
 20
3.2
 10
0.0
 20
3.2
  0
LINE
  5
459
330
17
100
AcDbEntity
  8
hatch
100
AcDbLine
 10
23.71715728752538
 20
2.8999999999999986
 30
0.0
 11
24.0
 21
3.182842712474617
 31
0.0
  0
LINE
  5
45A
330
17
100
AcDbEntity
  8
hatch
100
AcDbLine
 10
23.434314575050763
 20
2.900000000000002
 30
0.0
 11
23.73431457505076
 21
3.200000000000001
 31
0.0
  0
LINE
  5
45B
330
17
100
AcDbEntity
  8
hatch
100
AcDbLine
 10
23.151471862576145
 20
2.900000000000002
 30
0.0
 11
23.451471862576142
 21
3.200000000000001
 31
0.0
  0
LINE
  5
45C
330
17
100
AcDbEntity
  8
hatch
100
AcDbLine
 10
22.868629150101526
 20
2.8999999999999986
 30
0.0
 11
23.168629150101523
 21
3.1999999999999993
 31
0.0
  0
LINE
  5
45D
330
17
100
AcDbEntity
  8
hatch
100
AcDbLine
 10
22.585786437626908
 20
2.9000000000000004
 30
0.0
 11
22.885786437626905
 21
3.1999999999999993
 31
0.0
  0
LINE
  5
45E
330
17
100
AcDbEntity
  8
hatch
100
AcDbLine
 10
22.30294372515229
 20
2.9000000000000004
 30
0.0
 11
22.602943725152286
 21
3.1999999999999993
 31
0.0
  0
LINE
  5
45F
330
17
100
AcDbEntity
  8
hatch
100
AcDbLine
 10
22.020101012677667
 20
2.900000000000002
 30
0.0
 11
22.320101012677668
 21
3.200000000000001
 31
0.0
  0
LINE
  5
460
330
17
100
AcDbEntity
  8
hatch
100
AcDbLine
 10
21.737258300203052
 20
2.900000000000002
 30
0.0
 11
22.03725830020305
 21
3.200000000000001
 31
0.0
  0
LINE
  5
461
330
17
100
AcDbEntity
  8
hatch
100
AcDbLine
 10
21.454415587728427
 20
2.9000000000000004
 30
0.0
 11
21.754415587728428
 21
3.1999999999999993
 31
0.0
  0
LINE
  5
462
330
17
100
AcDbEntity
  8
hatch
100
AcDbLine
 10
21.17157287525381
 20
2.9000000000000004
 30
0.0
 11
21.47157287525381
 21
3.1999999999999993
 31
0.0
  0
LINE
  5
463
330
17
100
AcDbEntity
  8
hatch
100
AcDbLine
 10
20.88873016277919
 20
2.9000000000000004
 30
0.0
 11
21.18873016277919
 21
3.1999999999999993
 31
0.0
  0
LINE
  5
464
330
17
100
AcDbEntity
  8
hatch
100
AcDbLine
 10
20.60588745030457
 20
2.9000000000000004
 30
0.0
 11
20.905887450304572
 21
3.1999999999999993
 31
0.0
  0
LINE
  5
465
330
17
100
AcDbEntity
  8
hatch
100
AcDbLine
 10
20.323044737829953
 20
2.9000000000000004
 30
0.0
 11
20.623044737829957
 21
3.1999999999999993
 31
0.0
  0
LINE
  5
466
330
17
100
AcDbEntity
  8
hatch
100
AcDbLine
 10
20.040202025355335
 20
2.9000000000000004
 30
0.0
 11
20.34020202535533
 21
3.1999999999999993
 31
0.0
  0
LINE
  5
467
330
17
100
AcDbEntity
  8
hatch
100
AcDbLine
 10
19.757359312880716
 20
2.9000000000000004
 30
0.0
 11
20.057359312880713
 21
3.1999999999999993
 31
0.0
  0
LINE
  5
468
330
17
100
AcDbEntity
  8
hatch
100
AcDbLine
 10
19.474516600406098
 20
2.9000000000000004
 30
0.0
 11
19.774516600406095
 21
3.1999999999999993
 31
0.0
  0
LINE
  5
469
330
17
100
AcDbEntity
  8
hatch
100
AcDbLine
 10
19.19167388793148
 20
2.9000000000000004
 30
0.0
 11
19.491673887931476
 21
3.200000000000001
 31
0.0
  0
LINE
  5
46A
330
17
100
AcDbEntity
  8
hatch
100
AcDbLine
 10
18.908831175456857
 20
2.8999999999999986
 30
0.0
 11
19.208831175456858
 21
3.200000000000001
 31
0.0
  0
LINE
  5
46B
330
17
100
AcDbEntity
  8
hatch
100
AcDbLine
 10
18.62598846298224
 20
2.9000000000000004
 30
0.0
 11
18.92598846298224
 21
3.200000000000001
 31
0.0
  0
LINE
  5
46C
330
17
100
AcDbEntity
  8
hatch
100
AcDbLine
 10
18.34314575050762
 20
2.8999999999999995
 30
0.0
 11
18.64314575050762
 21
3.2
 31
0.0
  0
LINE
  5
46D
330
17
100
AcDbEntity
  8
hatch
100
AcDbLine
 10
18.060303038033002
 20
2.8999999999999995
 30
0.0
 11
18.360303038033003
 21
3.2
 31
0.0
  0
LINE
  5
46E
330
17
100
AcDbEntity
  8
hatch
100
AcDbLine
 10
17.77746032555838
 20
2.8999999999999986
 30
0.0
 11
18.077460325558384
 21
3.200000000000001
 31
0.0
  0
LINE
  5
46F
330
17
100
AcDbEntity
  8
hatch
100
AcDbLine
 10
17.49461761308376
 20
2.8999999999999995
 30
0.0
 11
17.794617613083762
 21
3.2
 31
0.0
  0
LINE
  5
470
330
17
100
AcDbEntity
  8
hatch
100
AcDbLine
 10
17.211774900609143
 20
2.8999999999999995
 30
0.0
 11
17.511774900609144
 21
3.2
 31
0.0
  0
LINE
  5
471
330
17
100
AcDbEntity
  8
hatch
100
AcDbLine
 10
16.928932188134524
 20
2.9000000000000012
 30
0.0
 11
17.228932188134525
 21
3.2
 31
0.0
  0
LINE
  5
472
330
17
100
AcDbEntity
  8
hatch
100
AcDbLine
 10
16.646089475659906
 20
2.8999999999999995
 30
0.0
 11
16.946089475659907
 21
3.2
 31
0.0
  0
LINE
  5
473
330
17
100
AcDbEntity
  8
hatch
100
AcDbLine
 10
16.363246763185284
 20
2.8999999999999986
 30
0.0
 11
16.66324676318529
 21
3.200000000000001
 31
0.0
  0
LINE
  5
474
330
17
100
AcDbEntity
  8
hatch
100
AcDbLine
 10
16.080404050710666
 20
2.8999999999999995
 30
0.0
 11
16.380404050710666
 21
3.2
 31
0.0
  0
LINE
  5
475
330
17
100
AcDbEntity
  8
hatch
100
AcDbLine
 10
15.797561338236047
 20
2.8999999999999995
 30
0.0
 11
16.097561338236048
 21
3.2
 31
0.0
  0
LINE
  5
476
330
17
100
AcDbEntity
  8
hatch
100
AcDbLine
 10
15.514718625761429
 20
2.8999999999999995
 30
0.0
 11
15.81471862576143
 21
3.2
 31
0.0
  0
LINE
  5
477
330
17
100
AcDbEntity
  8
hatch
100
AcDbLine
 10
15.23187591328681
 20
2.8999999999999986
 30
0.0
 11
15.531875913286811
 21
3.1999999999999993
 31
0.0
  0
LINE
  5
478
330
17
100
AcDbEntity
  8
hatch
100
AcDbLine
 10
14.949033200812188
 20
2.8999999999999995
 30
0.0
 11
15.249033200812189
 21
3.2
 31
0.0
  0
LINE
  5
479
330
17
100
AcDbEntity
  8
hatch
100
AcDbLine
 10
14.66619048833757
 20
2.8999999999999995
 30
0.0
 11
14.96619048833757
 21
3.2
 31
0.0
  0
LINE
  5
47A
330
17
100
AcDbEntity
  8
hatch
100
AcDbLine
 10
14.383347775862955
 20
2.9000000000000004
 30
0.0
 11
14.683347775862952
 21
3.1999999999999993
 31
0.0
  0
LINE
  5
47B
330
17
100
AcDbEntity
  8
hatch
100
AcDbLine
 10
14.100505063388333
 20
2.8999999999999986
 30
0.0
 11
14.400505063388334
 21
3.1999999999999993
 31
0.0
  0
LINE
  5
47C
330
17
100
AcDbEntity
  8
hatch
100
AcDbLine
 10
13.817662350913714
 20
2.9000000000000012
 30
0.0
 11
14.117662350913715
 21
3.2
 31
0.0
  0
LINE
  5
47D
330
17
100
AcDbEntity
  8
hatch
100
AcDbLine
 10
13.534819638439096
 20
2.8999999999999995
 30
0.0
 11
13.834819638439097
 21
3.2
 31
0.0
  0
LINE
  5
47E
330
17
100
AcDbEntity
  8
hatch
100
AcDbLine
 10
13.25197692596448
 20
2.900000000000002
 30
0.0
 11
13.551976925964476
 21
3.1999999999999993
 31
0.0
  0
LINE
  5
47F
330
17
100
AcDbEntity
  8
hatch
100
AcDbLine
 10
12.969134213489856
 20
2.8999999999999995
 30
0.0
 11
13.269134213489856
 21
3.1999999999999993
 31
0.0
  0
LINE
  5
480
330
17
100
AcDbEntity
  8
hatch
100
AcDbLine
 10
12.68629150101524
 20
2.9000000000000012
 30
0.0
 11
12.986291501015238
 21
3.200000000000001
 31
0.0
  0
LINE
  5
481
330
17
100
AcDbEntity
  8
hatch
100
AcDbLine
 10
12.403448788540619
 20
2.8999999999999995
 30
0.0
 11
12.70344878854062
 21
3.200000000000001
 31
0.0
  0
LINE
  5
482
330
17
100
AcDbEntity
  8
hatch
100
AcDbLine
 10
12.120606076066
 20
2.8999999999999995
 30
0.0
 11
12.420606076066
 21
3.2
 31
0.0
  0
LINE
  5
483
330
17
100
AcDbEntity
  8
hatch
100
AcDbLine
 10
11.837763363591382
 20
2.8999999999999995
 30
0.0
 11
12.137763363591382
 21
3.2
 31
0.0
  0
LINE
  5
484
330
17
100
AcDbEntity
  8
hatch
100
AcDbLine
 10
11.554920651116763
 20
2.9000000000000004
 30
0.0
 11
11.854920651116764
 21
3.2
 31
0.0
  0
LINE
  5
485
330
17
100
AcDbEntity
  8
hatch
100
AcDbLine
 10
11.272077938642145
 20
2.8999999999999995
 30
0.0
 11
11.572077938642146
 21
3.2
 31
0.0
  0
LINE
  5
486
330
17
100
AcDbEntity
  8
hatch
100
AcDbLine
 10
10.989235226167523
 20
2.9000000000000004
 30
0.0
 11
11.289235226167524
 21
3.200000000000001
 31
0.0
  0
LINE
  5
487
330
17
100
AcDbEntity
  8
hatch
100
AcDbLine
 10
10.706392513692904
 20
2.9
 30
0.0
 11
11.006392513692905
 21
3.2000000000000006
 31
0.0
  0
LINE
  5
488
330
17
100
AcDbEntity
  8
hatch
100
AcDbLine
 10
10.423549801218286
 20
2.9
 30
0.0
 11
10.723549801218287
 21
3.2000000000000006
 31
0.0
  0
LINE
  5
489
330
17
100
AcDbEntity
  8
hatch
100
AcDbLine
 10
10.140707088743667
 20
2.9
 30
0.0
 11
10.440707088743666
 21
3.1999999999999997
 31
0.0
  0
LINE
  5
48A
330
17
100
AcDbEntity
  8
hatch
100
AcDbLine
 10
9.857864376269049
 20
2.8999999999999995
 30
0.0
 11
10.15786437626905
 21
3.2
 31
0.0
  0
LINE
  5
48B
330
17
100
AcDbEntity
  8
hatch
100
AcDbLine
 10
9.575021663794427
 20
2.8999999999999995
 30
0.0
 11
9.875021663794428
 21
3.1999999999999993
 31
0.0
  0
LINE
  5
48C
330
17
100
AcDbEntity
  8
hatch
100
AcDbLine
 10
9.29217895131981
 20
2.8999999999999995
 30
0.0
 11
9.592178951319811
 21
3.2
 31
0.0
  0
LINE
  5
48D
330
17
100
AcDbEntity
  8
hatch
100
AcDbLine
 10
9.00933623884519
 20
2.8999999999999995
 30
0.0
 11
9.309336238845189
 21
3.1999999999999993
 31
0.0
  0
LINE
  5
48E
330
17
100
AcDbEntity
  8
hatch
100
AcDbLine
 10
8.726493526370572
 20
2.9000000000000004
 30
0.0
 11
9.026493526370572
 21
3.2
 31
0.0
  0
LINE
  5
48F
330
17
100
AcDbEntity
  8
hatch
100
AcDbLine
 10
8.443650813895953
 20
2.9
 30
0.0
 11
8.743650813895954
 21
3.199999999999999
 31
0.0
  0
LINE
  5
490
330
17
100
AcDbEntity
  8
hatch
100
AcDbLine
 10
8.160808101421333
 20
2.9000000000000004
 30
0.0
 11
8.460808101421334
 21
3.200000000000001
 31
0.0
  0
LINE
  5
491
330
17
100
AcDbEntity
  8
hatch
100
AcDbLine
 10
7.877965388946715
 20
2.9
 30
0.0
 11
8.177965388946713
 21
3.199999999999999
 31
0.0
  0
LINE
  5
492
330
17
100
AcDbEntity
  8
hatch
100
AcDbLine
 10
7.595122676472095
 20
2.9000000000000004
 30
0.0
 11
7.895122676472096
 21
3.200000000000001
 31
0.0
  0
LINE
  5
493
330
17
100
AcDbEntity
  8
hatch
100
AcDbLine
 10
7.312279963997477
 20
2.9
 30
0.0
 11
7.612279963997477
 21
3.2000000000000006
 31
0.0
  0
LINE
  5
494
330
17
100
AcDbEntity
  8
hatch
100
AcDbLine
 10
7.029437251522859
 20
2.9
 30
0.0
 11
7.32943725152286
 21
3.2000000000000006
 31
0.0
  0
LINE
  5
495
330
17
100
AcDbEntity
  8
hatch
100
AcDbLine
 10
6.746594539048238
 20
2.9
 30
0.0
 11
7.046594539048239
 21
3.2000000000000006
 31
0.0
  0
LINE
  5
496
330
17
100
AcDbEntity
  8
hatch
100
AcDbLine
 10
6.4637518265736205
 20
2.8999999999999995
 30
0.0
 11
6.763751826573621
 21
3.2
 31
0.0
  0
LINE
  5
497
330
17
100
AcDbEntity
  8
hatch
100
AcDbLine
 10
6.180909114098999
 20
2.9
 30
0.0
 11
6.480909114099
 21
3.2000000000000006
 31
0.0
  0
LINE
  5
498
330
17
100
AcDbEntity
  8
hatch
100
AcDbLine
 10
5.898066401624382
 20
2.9000000000000004
 30
0.0
 11
6.198066401624381
 21
3.1999999999999993
 31
0.0
  0
LINE
  5
499
330
17
100
AcDbEntity
  8
hatch
100
AcDbLine
 10
5.615223689149764
 20
2.9000000000000004
 30
0.0
 11
5.915223689149765
 21
3.200000000000001
 31
0.0
  0
LINE
  5
49A
330
17
100
AcDbEntity
  8
hatch
100
AcDbLine
 10
5.332380976675143
 20
2.9000000000000004
 30
0.0
 11
5.632380976675143
 21
3.1999999999999993
 31
0.0
  0
LINE
  5
49B
330
17
100
AcDbEntity
  8
hatch
100
AcDbLine
 10
5.049538264200525
 20
2.9000000000000004
 30
0.0
 11
5.349538264200526
 21
3.200000000000001
 31
0.0
  0
LINE
  5
49C
330
17
100
AcDbEntity
  8
hatch
100
AcDbLine
 10
4.766695551725904
 20
2.9000000000000004
 30
0.0
 11
5.066695551725904
 21
3.1999999999999993
 31
0.0
  0
LINE
  5
49D
330
17
100
AcDbEntity
  8
hatch
100
AcDbLine
 10
4.483852839251287
 20
2.9000000000000004
 30
0.0
 11
4.783852839251288
 21
3.200000000000001
 31
0.0
  0
LINE
  5
49E
330
17
100
AcDbEntity
  8
hatch
100
AcDbLine
 10
4.201010126776668
 20
2.9000000000000004
 30
0.0
 11
4.501010126776668
 21
3.1999999999999997
 31
0.0
  0
LINE
  5
49F
330
17
100
AcDbEntity
  8
hatch
100
AcDbLine
 10
3.918167414302048
 20
2.9000000000000004
 30
0.0
 11
4.218167414302049
 21
3.200000000000001
 31
0.0
  0
LINE
  5
4A0
330
17
100
AcDbEntity
  8
hatch
100
AcDbLine
 10
3.63532470182743
 20
2.9000000000000004
 30
0.0
 11
3.9353247018274295
 21
3.1999999999999997
 31
0.0
  0
LINE
  5
4A1
330
17
100
AcDbEntity
  8
hatch
100
AcDbLine
 10
3.35248198935281
 20
2.9000000000000004
 30
0.0
 11
3.6524819893528107
 21
3.2000000000000006
 31
0.0
  0
LINE
  5
4A2
330
17
100
AcDbEntity
  8
hatch
100
AcDbLine
 10
3.0696392768781915
 20
2.9000000000000004
 30
0.0
 11
3.369639276878191
 21
3.1999999999999997
 31
0.0
  0
LINE
  5
4A3
330
17
100
AcDbEntity
  8
hatch
100
AcDbLine
 10
2.786796564403574
 20
2.9000000000000004
 30
0.0
 11
3.0867965644035746
 21
3.2000000000000006
 31
0.0
  0
LINE
  5
4A4
330
17
100
AcDbEntity
  8
hatch
100
AcDbLine
 10
2.503953851928953
 20
2.9000000000000004
 30
0.0
 11
2.803953851928952
 21
3.1999999999999997
 31
0.0
  0
LINE
  5
4A5
330
17
100
AcDbEntity
  8
hatch
100
AcDbLine
 10
2.221111139454335
 20
2.9
 30
0.0
 11
2.5211111394543346
 21
3.1999999999999997
 31
0.0
  0
LINE
  5
4A6
330
17
100
AcDbEntity
  8
hatch
100
AcDbLine
 10
1.938268426979714
 20
2.8999999999999995
 30
0.0
 11
2.238268426979714
 21
3.2
 31
0.0
  0
LINE
  5
4A7
330
17
100
AcDbEntity
  8
hatch
100
AcDbLine
 10
1.6554257145050957
 20
2.9
 30
0.0
 11
1.955425714505096
 21
3.1999999999999997
 31
0.0
  0
LINE
  5
4A8
330
17
100
AcDbEntity
  8
hatch
100
AcDbLine
 10
1.3725830020304781
 20
2.8999999999999995
 30
0.0
 11
1.672583002030478
 21
3.2
 31
0.0
  0
LINE
  5
4A9
330
17
100
AcDbEntity
  8
hatch
100
AcDbLine
 10
1.08974028955586
 20
2.8999999999999995
 30
0.0
 11
1.38974028955586
 21
3.1999999999999997
 31
0.0
  0
LINE
  5
4AA
330
17
100
AcDbEntity
  8
hatch
100
AcDbLine
 10
0.8068975770812368
 20
2.9
 30
0.0
 11
1.1068975770812357
 21
3.1999999999999984
 31
0.0
  0
LINE
  5
4AB
330
17
100
AcDbEntity
  8
hatch
100
AcDbLine
 10
0.5240548646066188
 20
2.9
 30
0.0
 11
0.8240548646066201
 21
3.200000000000001
 31
0.0
  0
LINE
  5
4AC
330
17
100
AcDbEntity
  8
hatch
100
AcDbLine
 10
0.24121215213200076
 20
2.9
 30
0.0
 11
0.5412121521319997
 21
3.1999999999999984
 31
0.0
  0
LINE
  5
4AD
330
17
100
AcDbEntity
  8
hatch
100
AcDbLine
 10
2.220446049250313e-16
 20
2.9416305603426176
 30
0.0
 11
0.2583694396573841
 21
3.200000000000001
 31
0.0
  0
LWPOLYLINE
  5
4AE
330
17
100
AcDbEntity
  8
muro-corte
100
AcDbPolyline
 90
4
 70
1
 10
0.0
 20
2.9
 10
24.0
 20
2.9
 10
24.0
 20
3.2
 10
0.0
 20
3.2
  0
CIRCLE
  5
4AF
330
17
100
AcDbEntity
  8
hatch-2
100
AcDbCircle
 10
0.15
 20
3.05
 30
0.0
 40
0.08500000000000002
  0
CIRCLE
  5
4B0
330
17
100
AcDbEntity
  8
hatch-2
100
AcDbCircle
 10
0.45
 20
3.05
 30
0.0
 40
0.08500000000000002
  0
CIRCLE
  5
4B1
330
17
100
AcDbEntity
  8
hatch-2
100
AcDbCircle
 10
0.75
 20
3.05
 30
0.0
 40
0.08500000000000002
  0
CIRCLE
  5
4B2
330
17
100
AcDbEntity
  8
hatch-2
100
AcDbCircle
 10
1.05
 20
3.05
 30
0.0
 40
0.08500000000000002
  0
CIRCLE
  5
4B3
330
17
100
AcDbEntity
  8
hatch-2
100
AcDbCircle
 10
1.35
 20
3.05
 30
0.0
 40
0.08500000000000002
  0
CIRCLE
  5
4B4
330
17
100
AcDbEntity
  8
hatch-2
100
AcDbCircle
 10
1.65
 20
3.05
 30
0.0
 40
0.08500000000000002
  0
CIRCLE
  5
4B5
330
17
100
AcDbEntity
  8
hatch-2
100
AcDbCircle
 10
1.95
 20
3.05
 30
0.0
 40
0.08500000000000002
  0
CIRCLE
  5
4B6
330
17
100
AcDbEntity
  8
hatch-2
100
AcDbCircle
 10
2.25
 20
3.05
 30
0.0
 40
0.08500000000000002
  0
CIRCLE
  5
4B7
330
17
100
AcDbEntity
  8
hatch-2
100
AcDbCircle
 10
2.55
 20
3.05
 30
0.0
 40
0.08500000000000002
  0
CIRCLE
  5
4B8
330
17
100
AcDbEntity
  8
hatch-2
100
AcDbCircle
 10
2.85
 20
3.05
 30
0.0
 40
0.08500000000000002
  0
CIRCLE
  5
4B9
330
17
100
AcDbEntity
  8
hatch-2
100
AcDbCircle
 10
3.15
 20
3.05
 30
0.0
 40
0.08500000000000002
  0
CIRCLE
  5
4BA
330
17
100
AcDbEntity
  8
hatch-2
100
AcDbCircle
 10
3.45
 20
3.05
 30
0.0
 40
0.08500000000000002
  0
CIRCLE
  5
4BB
330
17
100
AcDbEntity
  8
hatch-2
100
AcDbCircle
 10
3.75
 20
3.05
 30
0.0
 40
0.08500000000000002
  0
CIRCLE
  5
4BC
330
17
100
AcDbEntity
  8
hatch-2
100
AcDbCircle
 10
4.05
 20
3.05
 30
0.0
 40
0.08500000000000002
  0
CIRCLE
  5
4BD
330
17
100
AcDbEntity
  8
hatch-2
100
AcDbCircle
 10
4.35
 20
3.05
 30
0.0
 40
0.08500000000000002
  0
CIRCLE
  5
4BE
330
17
100
AcDbEntity
  8
hatch-2
100
AcDbCircle
 10
4.65
 20
3.05
 30
0.0
 40
0.08500000000000002
  0
CIRCLE
  5
4BF
330
17
100
AcDbEntity
  8
hatch-2
100
AcDbCircle
 10
4.95
 20
3.05
 30
0.0
 40
0.08500000000000002
  0
CIRCLE
  5
4C0
330
17
100
AcDbEntity
  8
hatch-2
100
AcDbCircle
 10
5.25
 20
3.05
 30
0.0
 40
0.08500000000000002
  0
CIRCLE
  5
4C1
330
17
100
AcDbEntity
  8
hatch-2
100
AcDbCircle
 10
5.55
 20
3.05
 30
0.0
 40
0.08500000000000002
  0
CIRCLE
  5
4C2
330
17
100
AcDbEntity
  8
hatch-2
100
AcDbCircle
 10
5.85
 20
3.05
 30
0.0
 40
0.08500000000000002
  0
CIRCLE
  5
4C3
330
17
100
AcDbEntity
  8
hatch-2
100
AcDbCircle
 10
6.15
 20
3.05
 30
0.0
 40
0.08500000000000002
  0
CIRCLE
  5
4C4
330
17
100
AcDbEntity
  8
hatch-2
100
AcDbCircle
 10
6.45
 20
3.05
 30
0.0
 40
0.08500000000000002
  0
CIRCLE
  5
4C5
330
17
100
AcDbEntity
  8
hatch-2
100
AcDbCircle
 10
6.75
 20
3.05
 30
0.0
 40
0.08500000000000002
  0
CIRCLE
  5
4C6
330
17
100
AcDbEntity
  8
hatch-2
100
AcDbCircle
 10
7.05
 20
3.05
 30
0.0
 40
0.08500000000000002
  0
CIRCLE
  5
4C7
330
17
100
AcDbEntity
  8
hatch-2
100
AcDbCircle
 10
7.35
 20
3.05
 30
0.0
 40
0.08500000000000002
  0
CIRCLE
  5
4C8
330
17
100
AcDbEntity
  8
hatch-2
100
AcDbCircle
 10
7.65
 20
3.05
 30
0.0
 40
0.08500000000000002
  0
CIRCLE
  5
4C9
330
17
100
AcDbEntity
  8
hatch-2
100
AcDbCircle
 10
7.95
 20
3.05
 30
0.0
 40
0.08500000000000002
  0
CIRCLE
  5
4CA
330
17
100
AcDbEntity
  8
hatch-2
100
AcDbCircle
 10
8.25
 20
3.05
 30
0.0
 40
0.08500000000000002
  0
CIRCLE
  5
4CB
330
17
100
AcDbEntity
  8
hatch-2
100
AcDbCircle
 10
8.55
 20
3.05
 30
0.0
 40
0.08500000000000002
  0
CIRCLE
  5
4CC
330
17
100
AcDbEntity
  8
hatch-2
100
AcDbCircle
 10
8.85
 20
3.05
 30
0.0
 40
0.08500000000000002
  0
CIRCLE
  5
4CD
330
17
100
AcDbEntity
  8
hatch-2
100
AcDbCircle
 10
9.15
 20
3.05
 30
0.0
 40
0.08500000000000002
  0
CIRCLE
  5
4CE
330
17
100
AcDbEntity
  8
hatch-2
100
AcDbCircle
 10
9.45
 20
3.05
 30
0.0
 40
0.08500000000000002
  0
CIRCLE
  5
4CF
330
17
100
AcDbEntity
  8
hatch-2
100
AcDbCircle
 10
9.75
 20
3.05
 30
0.0
 40
0.08500000000000002
  0
CIRCLE
  5
4D0
330
17
100
AcDbEntity
  8
hatch-2
100
AcDbCircle
 10
10.05
 20
3.05
 30
0.0
 40
0.08500000000000002
  0
CIRCLE
  5
4D1
330
17
100
AcDbEntity
  8
hatch-2
100
AcDbCircle
 10
10.35
 20
3.05
 30
0.0
 40
0.08500000000000002
  0
CIRCLE
  5
4D2
330
17
100
AcDbEntity
  8
hatch-2
100
AcDbCircle
 10
10.65
 20
3.05
 30
0.0
 40
0.08500000000000002
  0
CIRCLE
  5
4D3
330
17
100
AcDbEntity
  8
hatch-2
100
AcDbCircle
 10
10.95
 20
3.05
 30
0.0
 40
0.08500000000000002
  0
CIRCLE
  5
4D4
330
17
100
AcDbEntity
  8
hatch-2
100
AcDbCircle
 10
11.25
 20
3.05
 30
0.0
 40
0.08500000000000002
  0
CIRCLE
  5
4D5
330
17
100
AcDbEntity
  8
hatch-2
100
AcDbCircle
 10
11.55
 20
3.05
 30
0.0
 40
0.08500000000000002
  0
CIRCLE
  5
4D6
330
17
100
AcDbEntity
  8
hatch-2
100
AcDbCircle
 10
11.85
 20
3.05
 30
0.0
 40
0.08500000000000002
  0
CIRCLE
  5
4D7
330
17
100
AcDbEntity
  8
hatch-2
100
AcDbCircle
 10
12.15
 20
3.05
 30
0.0
 40
0.08500000000000002
  0
CIRCLE
  5
4D8
330
17
100
AcDbEntity
  8
hatch-2
100
AcDbCircle
 10
12.45
 20
3.05
 30
0.0
 40
0.08500000000000002
  0
CIRCLE
  5
4D9
330
17
100
AcDbEntity
  8
hatch-2
100
AcDbCircle
 10
12.75
 20
3.05
 30
0.0
 40
0.08500000000000002
  0
CIRCLE
  5
4DA
330
17
100
AcDbEntity
  8
hatch-2
100
AcDbCircle
 10
13.05
 20
3.05
 30
0.0
 40
0.08500000000000002
  0
CIRCLE
  5
4DB
330
17
100
AcDbEntity
  8
hatch-2
100
AcDbCircle
 10
13.35
 20
3.05
 30
0.0
 40
0.08500000000000002
  0
CIRCLE
  5
4DC
330
17
100
AcDbEntity
  8
hatch-2
100
AcDbCircle
 10
13.65
 20
3.05
 30
0.0
 40
0.08500000000000002
  0
CIRCLE
  5
4DD
330
17
100
AcDbEntity
  8
hatch-2
100
AcDbCircle
 10
13.95
 20
3.05
 30
0.0
 40
0.08500000000000002
  0
CIRCLE
  5
4DE
330
17
100
AcDbEntity
  8
hatch-2
100
AcDbCircle
 10
14.25
 20
3.05
 30
0.0
 40
0.08500000000000002
  0
CIRCLE
  5
4DF
330
17
100
AcDbEntity
  8
hatch-2
100
AcDbCircle
 10
14.55
 20
3.05
 30
0.0
 40
0.08500000000000002
  0
CIRCLE
  5
4E0
330
17
100
AcDbEntity
  8
hatch-2
100
AcDbCircle
 10
14.85
 20
3.05
 30
0.0
 40
0.08500000000000002
  0
CIRCLE
  5
4E1
330
17
100
AcDbEntity
  8
hatch-2
100
AcDbCircle
 10
15.15
 20
3.05
 30
0.0
 40
0.08500000000000002
  0
CIRCLE
  5
4E2
330
17
100
AcDbEntity
  8
hatch-2
100
AcDbCircle
 10
15.45
 20
3.05
 30
0.0
 40
0.08500000000000002
  0
CIRCLE
  5
4E3
330
17
100
AcDbEntity
  8
hatch-2
100
AcDbCircle
 10
15.75
 20
3.05
 30
0.0
 40
0.08500000000000002
  0
CIRCLE
  5
4E4
330
17
100
AcDbEntity
  8
hatch-2
100
AcDbCircle
 10
16.05
 20
3.05
 30
0.0
 40
0.08500000000000002
  0
CIRCLE
  5
4E5
330
17
100
AcDbEntity
  8
hatch-2
100
AcDbCircle
 10
16.35
 20
3.05
 30
0.0
 40
0.08500000000000002
  0
CIRCLE
  5
4E6
330
17
100
AcDbEntity
  8
hatch-2
100
AcDbCircle
 10
16.65
 20
3.05
 30
0.0
 40
0.08500000000000002
  0
CIRCLE
  5
4E7
330
17
100
AcDbEntity
  8
hatch-2
100
AcDbCircle
 10
16.95
 20
3.05
 30
0.0
 40
0.08500000000000002
  0
CIRCLE
  5
4E8
330
17
100
AcDbEntity
  8
hatch-2
100
AcDbCircle
 10
17.25
 20
3.05
 30
0.0
 40
0.08500000000000002
  0
CIRCLE
  5
4E9
330
17
100
AcDbEntity
  8
hatch-2
100
AcDbCircle
 10
17.55
 20
3.05
 30
0.0
 40
0.08500000000000002
  0
CIRCLE
  5
4EA
330
17
100
AcDbEntity
  8
hatch-2
100
AcDbCircle
 10
17.85
 20
3.05
 30
0.0
 40
0.08500000000000002
  0
CIRCLE
  5
4EB
330
17
100
AcDbEntity
  8
hatch-2
100
AcDbCircle
 10
18.15
 20
3.05
 30
0.0
 40
0.08500000000000002
  0
CIRCLE
  5
4EC
330
17
100
AcDbEntity
  8
hatch-2
100
AcDbCircle
 10
18.45
 20
3.05
 30
0.0
 40
0.08500000000000002
  0
CIRCLE
  5
4ED
330
17
100
AcDbEntity
  8
hatch-2
100
AcDbCircle
 10
18.75
 20
3.05
 30
0.0
 40
0.08500000000000002
  0
CIRCLE
  5
4EE
330
17
100
AcDbEntity
  8
hatch-2
100
AcDbCircle
 10
19.05
 20
3.05
 30
0.0
 40
0.08500000000000002
  0
CIRCLE
  5
4EF
330
17
100
AcDbEntity
  8
hatch-2
100
AcDbCircle
 10
19.35
 20
3.05
 30
0.0
 40
0.08500000000000002
  0
CIRCLE
  5
4F0
330
17
100
AcDbEntity
  8
hatch-2
100
AcDbCircle
 10
19.65
 20
3.05
 30
0.0
 40
0.08500000000000002
  0
CIRCLE
  5
4F1
330
17
100
AcDbEntity
  8
hatch-2
100
AcDbCircle
 10
19.95
 20
3.05
 30
0.0
 40
0.08500000000000002
  0
CIRCLE
  5
4F2
330
17
100
AcDbEntity
  8
hatch-2
100
AcDbCircle
 10
20.25
 20
3.05
 30
0.0
 40
0.08500000000000002
  0
CIRCLE
  5
4F3
330
17
100
AcDbEntity
  8
hatch-2
100
AcDbCircle
 10
20.55
 20
3.05
 30
0.0
 40
0.08500000000000002
  0
CIRCLE
  5
4F4
330
17
100
AcDbEntity
  8
hatch-2
100
AcDbCircle
 10
20.85
 20
3.05
 30
0.0
 40
0.08500000000000002
  0
CIRCLE
  5
4F5
330
17
100
AcDbEntity
  8
hatch-2
100
AcDbCircle
 10
21.15
 20
3.05
 30
0.0
 40
0.08500000000000002
  0
CIRCLE
  5
4F6
330
17
100
AcDbEntity
  8
hatch-2
100
AcDbCircle
 10
21.45
 20
3.05
 30
0.0
 40
0.08500000000000002
  0
CIRCLE
  5
4F7
330
17
100
AcDbEntity
  8
hatch-2
100
AcDbCircle
 10
21.75
 20
3.05
 30
0.0
 40
0.08500000000000002
  0
CIRCLE
  5
4F8
330
17
100
AcDbEntity
  8
hatch-2
100
AcDbCircle
 10
22.05
 20
3.05
 30
0.0
 40
0.08500000000000002
  0
CIRCLE
  5
4F9
330
17
100
AcDbEntity
  8
hatch-2
100
AcDbCircle
 10
22.35
 20
3.05
 30
0.0
 40
0.08500000000000002
  0
CIRCLE
  5
4FA
330
17
100
AcDbEntity
  8
hatch-2
100
AcDbCircle
 10
22.65
 20
3.05
 30
0.0
 40
0.08500000000000002
  0
CIRCLE
  5
4FB
330
17
100
AcDbEntity
  8
hatch-2
100
AcDbCircle
 10
22.95
 20
3.05
 30
0.0
 40
0.08500000000000002
  0
CIRCLE
  5
4FC
330
17
100
AcDbEntity
  8
hatch-2
100
AcDbCircle
 10
23.25
 20
3.05
 30
0.0
 40
0.08500000000000002
  0
CIRCLE
  5
4FD
330
17
100
AcDbEntity
  8
hatch-2
100
AcDbCircle
 10
23.55
 20
3.05
 30
0.0
 40
0.08500000000000002
  0
CIRCLE
  5
4FE
330
17
100
AcDbEntity
  8
hatch-2
100
AcDbCircle
 10
23.85
 20
3.05
 30
0.0
 40
0.08500000000000002
  0
LINE
  5
4FF
330
17
100
AcDbEntity
  8
marco-fino
100
AcDbLine
 10
0.0
 20
3.15
 30
0.0
 11
24.0
 21
3.15
 31
0.0
  0
LWPOLYLINE
  5
500
330
17
100
AcDbEntity
  8
hormigon
100
AcDbPolyline
 90
4
 70
1
 10
0.0
 20
5.85
 10
24.0
 20
5.85
 10
24.0
 20
6.15
 10
0.0
 20
6.15
  0
LINE
  5
501
330
17
100
AcDbEntity
  8
hatch
100
AcDbLine
 10
23.71715728752538
 20
5.85
 30
0.0
 11
24.0
 21
6.13284271247462
 31
0.0
  0
LINE
  5
502
330
17
100
AcDbEntity
  8
hatch
100
AcDbLine
 10
23.43431457505076
 20
5.849999999999998
 30
0.0
 11
23.73431457505076
 21
6.15
 31
0.0
  0
LINE
  5
503
330
17
100
AcDbEntity
  8
hatch
100
AcDbLine
 10
23.151471862576145
 20
5.85
 30
0.0
 11
23.451471862576142
 21
6.149999999999999
 31
0.0
  0
LINE
  5
504
330
17
100
AcDbEntity
  8
hatch
100
AcDbLine
 10
22.86862915010152
 20
5.85
 30
0.0
 11
23.168629150101523
 21
6.15
 31
0.0
  0
LINE
  5
505
330
17
100
AcDbEntity
  8
hatch
100
AcDbLine
 10
22.585786437626904
 20
5.850000000000001
 30
0.0
 11
22.885786437626905
 21
6.15
 31
0.0
  0
LINE
  5
506
330
17
100
AcDbEntity
  8
hatch
100
AcDbLine
 10
22.302943725152282
 20
5.85
 30
0.0
 11
22.602943725152286
 21
6.150000000000002
 31
0.0
  0
LINE
  5
507
330
17
100
AcDbEntity
  8
hatch
100
AcDbLine
 10
22.020101012677664
 20
5.849999999999998
 30
0.0
 11
22.320101012677668
 21
6.149999999999999
 31
0.0
  0
LINE
  5
508
330
17
100
AcDbEntity
  8
hatch
100
AcDbLine
 10
21.737258300203045
 20
5.8500000000000005
 30
0.0
 11
22.03725830020305
 21
6.1499999999999995
 31
0.0
  0
LINE
  5
509
330
17
100
AcDbEntity
  8
hatch
100
AcDbLine
 10
21.454415587728427
 20
5.85
 30
0.0
 11
21.754415587728428
 21
6.150000000000002
 31
0.0
  0
LINE
  5
50A
330
17
100
AcDbEntity
  8
hatch
100
AcDbLine
 10
21.171572875253812
 20
5.850000000000001
 30
0.0
 11
21.47157287525381
 21
6.150000000000002
 31
0.0
  0
LINE
  5
50B
330
17
100
AcDbEntity
  8
hatch
100
AcDbLine
 10
20.88873016277919
 20
5.849999999999999
 30
0.0
 11
21.18873016277919
 21
6.150000000000001
 31
0.0
  0
LINE
  5
50C
330
17
100
AcDbEntity
  8
hatch
100
AcDbLine
 10
20.605887450304568
 20
5.849999999999998
 30
0.0
 11
20.90588745030457
 21
6.15
 31
0.0
  0
LINE
  5
50D
330
17
100
AcDbEntity
  8
hatch
100
AcDbLine
 10
20.323044737829953
 20
5.85
 30
0.0
 11
20.623044737829954
 21
6.15
 31
0.0
  0
LINE
  5
50E
330
17
100
AcDbEntity
  8
hatch
100
AcDbLine
 10
20.04020202535533
 20
5.849999999999999
 30
0.0
 11
20.34020202535533
 21
6.150000000000001
 31
0.0
  0
LINE
  5
50F
330
17
100
AcDbEntity
  8
hatch
100
AcDbLine
 10
19.757359312880716
 20
5.850000000000002
 30
0.0
 11
20.057359312880713
 21
6.150000000000001
 31
0.0
  0
LINE
  5
510
330
17
100
AcDbEntity
  8
hatch
100
AcDbLine
 10
19.474516600406098
 20
5.849999999999999
 30
0.0
 11
19.774516600406095
 21
6.150000000000001
 31
0.0
  0
LINE
  5
511
330
17
100
AcDbEntity
  8
hatch
100
AcDbLine
 10
19.191673887931472
 20
5.849999999999998
 30
0.0
 11
19.491673887931476
 21
6.15
 31
0.0
  0
LINE
  5
512
330
17
100
AcDbEntity
  8
hatch
100
AcDbLine
 10
18.908831175456854
 20
5.849999999999998
 30
0.0
 11
19.208831175456858
 21
6.15
 31
0.0
  0
LINE
  5
513
330
17
100
AcDbEntity
  8
hatch
100
AcDbLine
 10
18.625988462982235
 20
5.849999999999999
 30
0.0
 11
18.92598846298224
 21
6.150000000000001
 31
0.0
  0
LINE
  5
514
330
17
100
AcDbEntity
  8
hatch
100
AcDbLine
 10
18.343145750507617
 20
5.8500000000000005
 30
0.0
 11
18.64314575050762
 21
6.150000000000001
 31
0.0
  0
LINE
  5
515
330
17
100
AcDbEntity
  8
hatch
100
AcDbLine
 10
18.060303038033
 20
5.8500000000000005
 30
0.0
 11
18.360303038033003
 21
6.150000000000001
 31
0.0
  0
LINE
  5
516
330
17
100
AcDbEntity
  8
hatch
100
AcDbLine
 10
17.777460325558376
 20
5.849999999999998
 30
0.0
 11
18.07746032555838
 21
6.15
 31
0.0
  0
LINE
  5
517
330
17
100
AcDbEntity
  8
hatch
100
AcDbLine
 10
17.49461761308376
 20
5.850000000000002
 30
0.0
 11
17.79461761308376
 21
6.150000000000001
 31
0.0
  0
LINE
  5
518
330
17
100
AcDbEntity
  8
hatch
100
AcDbLine
 10
17.211774900609143
 20
5.8500000000000005
 30
0.0
 11
17.51177490060914
 21
6.150000000000001
 31
0.0
  0
LINE
  5
519
330
17
100
AcDbEntity
  8
hatch
100
AcDbLine
 10
16.928932188134524
 20
5.850000000000001
 30
0.0
 11
17.228932188134525
 21
6.15
 31
0.0
  0
LINE
  5
51A
330
17
100
AcDbEntity
  8
hatch
100
AcDbLine
 10
16.646089475659902
 20
5.849999999999999
 30
0.0
 11
16.946089475659903
 21
6.1499999999999995
 31
0.0
  0
LINE
  5
51B
330
17
100
AcDbEntity
  8
hatch
100
AcDbLine
 10
16.363246763185284
 20
5.849999999999999
 30
0.0
 11
16.663246763185285
 21
6.1499999999999995
 31
0.0
  0
LINE
  5
51C
330
17
100
AcDbEntity
  8
hatch
100
AcDbLine
 10
16.080404050710666
 20
5.85
 30
0.0
 11
16.380404050710666
 21
6.15
 31
0.0
  0
LINE
  5
51D
330
17
100
AcDbEntity
  8
hatch
100
AcDbLine
 10
15.797561338236047
 20
5.85
 30
0.0
 11
16.097561338236048
 21
6.15
 31
0.0
  0
LINE
  5
51E
330
17
100
AcDbEntity
  8
hatch
100
AcDbLine
 10
15.514718625761429
 20
5.85
 30
0.0
 11
15.81471862576143
 21
6.15
 31
0.0
  0
LINE
  5
51F
330
17
100
AcDbEntity
  8
hatch
100
AcDbLine
 10
15.231875913286807
 20
5.849999999999998
 30
0.0
 11
15.531875913286807
 21
6.149999999999999
 31
0.0
  0
LINE
  5
520
330
17
100
AcDbEntity
  8
hatch
100
AcDbLine
 10
14.94903320081219
 20
5.8500000000000005
 30
0.0
 11
15.24903320081219
 21
6.150000000000001
 31
0.0
  0
LINE
  5
521
330
17
100
AcDbEntity
  8
hatch
100
AcDbLine
 10
14.66619048833757
 20
5.849999999999999
 30
0.0
 11
14.966190488337572
 21
6.150000000000001
 31
0.0
  0
LINE
  5
522
330
17
100
AcDbEntity
  8
hatch
100
AcDbLine
 10
14.383347775862951
 20
5.850000000000001
 30
0.0
 11
14.683347775862952
 21
6.15
 31
0.0
  0
LINE
  5
523
330
17
100
AcDbEntity
  8
hatch
100
AcDbLine
 10
14.100505063388333
 20
5.85
 30
0.0
 11
14.400505063388334
 21
6.15
 31
0.0
  0
LINE
  5
524
330
17
100
AcDbEntity
  8
hatch
100
AcDbLine
 10
13.817662350913714
 20
5.85
 30
0.0
 11
14.117662350913715
 21
6.15
 31
0.0
  0
LINE
  5
525
330
17
100
AcDbEntity
  8
hatch
100
AcDbLine
 10
13.534819638439092
 20
5.849999999999998
 30
0.0
 11
13.834819638439095
 21
6.15
 31
0.0
  0
LINE
  5
526
330
17
100
AcDbEntity
  8
hatch
100
AcDbLine
 10
13.251976925964476
 20
5.8500000000000005
 30
0.0
 11
13.551976925964476
 21
6.150000000000001
 31
0.0
  0
LINE
  5
527
330
17
100
AcDbEntity
  8
hatch
100
AcDbLine
 10
12.969134213489856
 20
5.85
 30
0.0
 11
13.269134213489858
 21
6.150000000000002
 31
0.0
  0
LINE
  5
528
330
17
100
AcDbEntity
  8
hatch
100
AcDbLine
 10
12.686291501015239
 20
5.850000000000001
 30
0.0
 11
12.98629150101524
 21
6.150000000000002
 31
0.0
  0
LINE
  5
529
330
17
100
AcDbEntity
  8
hatch
100
AcDbLine
 10
12.403448788540615
 20
5.849999999999998
 30
0.0
 11
12.70344878854062
 21
6.15
 31
0.0
  0
LINE
  5
52A
330
17
100
AcDbEntity
  8
hatch
100
AcDbLine
 10
12.120606076065997
 20
5.849999999999998
 30
0.0
 11
12.420606076066
 21
6.15
 31
0.0
  0
LINE
  5
52B
330
17
100
AcDbEntity
  8
hatch
100
AcDbLine
 10
11.83776336359138
 20
5.85
 30
0.0
 11
12.137763363591382
 21
6.15
 31
0.0
  0
LINE
  5
52C
330
17
100
AcDbEntity
  8
hatch
100
AcDbLine
 10
11.55492065111676
 20
5.8500000000000005
 30
0.0
 11
11.85492065111676
 21
6.150000000000001
 31
0.0
  0
LINE
  5
52D
330
17
100
AcDbEntity
  8
hatch
100
AcDbLine
 10
11.272077938642141
 20
5.849999999999999
 30
0.0
 11
11.572077938642144
 21
6.150000000000001
 31
0.0
  0
LINE
  5
52E
330
17
100
AcDbEntity
  8
hatch
100
AcDbLine
 10
10.989235226167521
 20
5.85
 30
0.0
 11
11.289235226167524
 21
6.15
 31
0.0
  0
LINE
  5
52F
330
17
100
AcDbEntity
  8
hatch
100
AcDbLine
 10
10.706392513692903
 20
5.85
 30
0.0
 11
11.006392513692905
 21
6.15
 31
0.0
  0
LINE
  5
530
330
17
100
AcDbEntity
  8
hatch
100
AcDbLine
 10
10.423549801218282
 20
5.8500000000000005
 30
0.0
 11
10.723549801218283
 21
6.150000000000001
 31
0.0
  0
LINE
  5
531
330
17
100
AcDbEntity
  8
hatch
100
AcDbLine
 10
10.140707088743666
 20
5.8500000000000005
 30
0.0
 11
10.440707088743665
 21
6.1499999999999995
 31
0.0
  0
LINE
  5
532
330
17
100
AcDbEntity
  8
hatch
100
AcDbLine
 10
9.857864376269047
 20
5.85
 30
0.0
 11
10.15786437626905
 21
6.15
 31
0.0
  0
LINE
  5
533
330
17
100
AcDbEntity
  8
hatch
100
AcDbLine
 10
9.575021663794427
 20
5.85
 30
0.0
 11
9.875021663794426
 21
6.15
 31
0.0
  0
LINE
  5
534
330
17
100
AcDbEntity
  8
hatch
100
AcDbLine
 10
9.292178951319809
 20
5.85
 30
0.0
 11
9.592178951319811
 21
6.15
 31
0.0
  0
LINE
  5
535
330
17
100
AcDbEntity
  8
hatch
100
AcDbLine
 10
9.009336238845188
 20
5.8500000000000005
 30
0.0
 11
9.309336238845189
 21
6.150000000000001
 31
0.0
  0
LINE
  5
536
330
17
100
AcDbEntity
  8
hatch
100
AcDbLine
 10
8.726493526370572
 20
5.85
 30
0.0
 11
9.026493526370572
 21
6.15
 31
0.0
  0
LINE
  5
537
330
17
100
AcDbEntity
  8
hatch
100
AcDbLine
 10
8.443650813895953
 20
5.8500000000000005
 30
0.0
 11
8.743650813895952
 21
6.1499999999999995
 31
0.0
  0
LINE
  5
538
330
17
100
AcDbEntity
  8
hatch
100
AcDbLine
 10
8.160808101421331
 20
5.849999999999999
 30
0.0
 11
8.460808101421334
 21
6.15
 31
0.0
  0
LINE
  5
539
330
17
100
AcDbEntity
  8
hatch
100
AcDbLine
 10
7.877965388946714
 20
5.849999999999999
 30
0.0
 11
8.177965388946715
 21
6.150000000000001
 31
0.0
  0
LINE
  5
53A
330
17
100
AcDbEntity
  8
hatch
100
AcDbLine
 10
7.5951226764720925
 20
5.849999999999999
 30
0.0
 11
7.895122676472095
 21
6.15
 31
0.0
  0
LINE
  5
53B
330
17
100
AcDbEntity
  8
hatch
100
AcDbLine
 10
7.312279963997475
 20
5.849999999999999
 30
0.0
 11
7.6122799639974765
 21
6.150000000000001
 31
0.0
  0
LINE
  5
53C
330
17
100
AcDbEntity
  8
hatch
100
AcDbLine
 10
7.0294372515228565
 20
5.85
 30
0.0
 11
7.329437251522858
 21
6.150000000000001
 31
0.0
  0
LINE
  5
53D
330
17
100
AcDbEntity
  8
hatch
100
AcDbLine
 10
6.746594539048236
 20
5.85
 30
0.0
 11
7.046594539048238
 21
6.150000000000001
 31
0.0
  0
LINE
  5
53E
330
17
100
AcDbEntity
  8
hatch
100
AcDbLine
 10
6.463751826573618
 20
5.85
 30
0.0
 11
6.7637518265736185
 21
6.15
 31
0.0
  0
LINE
  5
53F
330
17
100
AcDbEntity
  8
hatch
100
AcDbLine
 10
6.180909114098998
 20
5.85
 30
0.0
 11
6.480909114098999
 21
6.150000000000001
 31
0.0
  0
LINE
  5
540
330
17
100
AcDbEntity
  8
hatch
100
AcDbLine
 10
5.898066401624379
 20
5.85
 30
0.0
 11
6.19806640162438
 21
6.15
 31
0.0
  0
LINE
  5
541
330
17
100
AcDbEntity
  8
hatch
100
AcDbLine
 10
5.6152236891497616
 20
5.849999999999999
 30
0.0
 11
5.915223689149764
 21
6.150000000000001
 31
0.0
  0
LINE
  5
542
330
17
100
AcDbEntity
  8
hatch
100
AcDbLine
 10
5.332380976675141
 20
5.85
 30
0.0
 11
5.632380976675142
 21
6.15
 31
0.0
  0
LINE
  5
543
330
17
100
AcDbEntity
  8
hatch
100
AcDbLine
 10
5.049538264200523
 20
5.849999999999999
 30
0.0
 11
5.349538264200525
 21
6.150000000000001
 31
0.0
  0
LINE
  5
544
330
17
100
AcDbEntity
  8
hatch
100
AcDbLine
 10
4.766695551725903
 20
5.85
 30
0.0
 11
5.066695551725903
 21
6.15
 31
0.0
  0
LINE
  5
545
330
17
100
AcDbEntity
  8
hatch
100
AcDbLine
 10
4.483852839251284
 20
5.849999999999999
 30
0.0
 11
4.783852839251287
 21
6.150000000000001
 31
0.0
  0
LINE
  5
546
330
17
100
AcDbEntity
  8
hatch
100
AcDbLine
 10
4.201010126776667
 20
5.85
 30
0.0
 11
4.501010126776667
 21
6.15
 31
0.0
  0
LINE
  5
547
330
17
100
AcDbEntity
  8
hatch
100
AcDbLine
 10
3.9181674143020455
 20
5.85
 30
0.0
 11
4.218167414302048
 21
6.150000000000001
 31
0.0
  0
LINE
  5
548
330
17
100
AcDbEntity
  8
hatch
100
AcDbLine
 10
3.635324701827428
 20
5.85
 30
0.0
 11
3.9353247018274287
 21
6.15
 31
0.0
  0
LINE
  5
549
330
17
100
AcDbEntity
  8
hatch
100
AcDbLine
 10
3.352481989352807
 20
5.85
 30
0.0
 11
3.6524819893528093
 21
6.150000000000001
 31
0.0
  0
LINE
  5
54A
330
17
100
AcDbEntity
  8
hatch
100
AcDbLine
 10
3.0696392768781893
 20
5.85
 30
0.0
 11
3.36963927687819
 21
6.15
 31
0.0
  0
LINE
  5
54B
330
17
100
AcDbEntity
  8
hatch
100
AcDbLine
 10
2.7867965644035713
 20
5.85
 30
0.0
 11
3.086796564403572
 21
6.15
 31
0.0
  0
LINE
  5
54C
330
17
100
AcDbEntity
  8
hatch
100
AcDbLine
 10
2.50395385192895
 20
5.849999999999999
 30
0.0
 11
2.8039538519289517
 21
6.15
 31
0.0
  0
LINE
  5
54D
330
17
100
AcDbEntity
  8
hatch
100
AcDbLine
 10
2.221111139454332
 20
5.85
 30
0.0
 11
2.5211111394543337
 21
6.15
 31
0.0
  0
LINE
  5
54E
330
17
100
AcDbEntity
  8
hatch
100
AcDbLine
 10
1.9382684269797124
 20
5.85
 30
0.0
 11
2.238268426979713
 21
6.15
 31
0.0
  0
LINE
  5
54F
330
17
100
AcDbEntity
  8
hatch
100
AcDbLine
 10
1.6554257145050943
 20
5.85
 30
0.0
 11
1.955425714505095
 21
6.15
 31
0.0
  0
LINE
  5
550
330
17
100
AcDbEntity
  8
hatch
100
AcDbLine
 10
1.3725830020304755
 20
5.85
 30
0.0
 11
1.672583002030477
 21
6.15
 31
0.0
  0
LINE
  5
551
330
17
100
AcDbEntity
  8
hatch
100
AcDbLine
 10
1.0897402895558579
 20
5.849999999999999
 30
0.0
 11
1.389740289555859
 21
6.15
 31
0.0
  0
LINE
  5
552
330
17
100
AcDbEntity
  8
hatch
100
AcDbLine
 10
0.806897577081235
 20
5.849999999999999
 30
0.0
 11
1.1068975770812362
 21
6.15
 31
0.0
  0
LINE
  5
553
330
17
100
AcDbEntity
  8
hatch
100
AcDbLine
 10
0.5240548646066165
 20
5.85
 30
0.0
 11
0.8240548646066177
 21
6.15
 31
0.0
  0
LINE
  5
554
330
17
100
AcDbEntity
  8
hatch
100
AcDbLine
 10
0.24121215213199854
 20
5.849999999999999
 30
0.0
 11
0.5412121521320001
 21
6.15
 31
0.0
  0
LINE
  5
555
330
17
100
AcDbEntity
  8
hatch
100
AcDbLine
 10
-4.440892098500626e-16
 20
5.891630560342618
 30
0.0
 11
0.2583694396573817
 21
6.15
 31
0.0
  0
LWPOLYLINE
  5
556
330
17
100
AcDbEntity
  8
muro-corte
100
AcDbPolyline
 90
4
 70
1
 10
0.0
 20
5.85
 10
24.0
 20
5.85
 10
24.0
 20
6.15
 10
0.0
 20
6.15
  0
CIRCLE
  5
557
330
17
100
AcDbEntity
  8
hatch-2
100
AcDbCircle
 10
0.15
 20
6.0
 30
0.0
 40
0.08500000000000002
  0
CIRCLE
  5
558
330
17
100
AcDbEntity
  8
hatch-2
100
AcDbCircle
 10
0.45
 20
6.0
 30
0.0
 40
0.08500000000000002
  0
CIRCLE
  5
559
330
17
100
AcDbEntity
  8
hatch-2
100
AcDbCircle
 10
0.75
 20
6.0
 30
0.0
 40
0.08500000000000002
  0
CIRCLE
  5
55A
330
17
100
AcDbEntity
  8
hatch-2
100
AcDbCircle
 10
1.05
 20
6.0
 30
0.0
 40
0.08500000000000002
  0
CIRCLE
  5
55B
330
17
100
AcDbEntity
  8
hatch-2
100
AcDbCircle
 10
1.35
 20
6.0
 30
0.0
 40
0.08500000000000002
  0
CIRCLE
  5
55C
330
17
100
AcDbEntity
  8
hatch-2
100
AcDbCircle
 10
1.65
 20
6.0
 30
0.0
 40
0.08500000000000002
  0
CIRCLE
  5
55D
330
17
100
AcDbEntity
  8
hatch-2
100
AcDbCircle
 10
1.95
 20
6.0
 30
0.0
 40
0.08500000000000002
  0
CIRCLE
  5
55E
330
17
100
AcDbEntity
  8
hatch-2
100
AcDbCircle
 10
2.25
 20
6.0
 30
0.0
 40
0.08500000000000002
  0
CIRCLE
  5
55F
330
17
100
AcDbEntity
  8
hatch-2
100
AcDbCircle
 10
2.55
 20
6.0
 30
0.0
 40
0.08500000000000002
  0
CIRCLE
  5
560
330
17
100
AcDbEntity
  8
hatch-2
100
AcDbCircle
 10
2.85
 20
6.0
 30
0.0
 40
0.08500000000000002
  0
CIRCLE
  5
561
330
17
100
AcDbEntity
  8
hatch-2
100
AcDbCircle
 10
3.15
 20
6.0
 30
0.0
 40
0.08500000000000002
  0
CIRCLE
  5
562
330
17
100
AcDbEntity
  8
hatch-2
100
AcDbCircle
 10
3.45
 20
6.0
 30
0.0
 40
0.08500000000000002
  0
CIRCLE
  5
563
330
17
100
AcDbEntity
  8
hatch-2
100
AcDbCircle
 10
3.75
 20
6.0
 30
0.0
 40
0.08500000000000002
  0
CIRCLE
  5
564
330
17
100
AcDbEntity
  8
hatch-2
100
AcDbCircle
 10
4.05
 20
6.0
 30
0.0
 40
0.08500000000000002
  0
CIRCLE
  5
565
330
17
100
AcDbEntity
  8
hatch-2
100
AcDbCircle
 10
4.35
 20
6.0
 30
0.0
 40
0.08500000000000002
  0
CIRCLE
  5
566
330
17
100
AcDbEntity
  8
hatch-2
100
AcDbCircle
 10
4.65
 20
6.0
 30
0.0
 40
0.08500000000000002
  0
CIRCLE
  5
567
330
17
100
AcDbEntity
  8
hatch-2
100
AcDbCircle
 10
4.95
 20
6.0
 30
0.0
 40
0.08500000000000002
  0
CIRCLE
  5
568
330
17
100
AcDbEntity
  8
hatch-2
100
AcDbCircle
 10
5.25
 20
6.0
 30
0.0
 40
0.08500000000000002
  0
CIRCLE
  5
569
330
17
100
AcDbEntity
  8
hatch-2
100
AcDbCircle
 10
5.55
 20
6.0
 30
0.0
 40
0.08500000000000002
  0
CIRCLE
  5
56A
330
17
100
AcDbEntity
  8
hatch-2
100
AcDbCircle
 10
5.85
 20
6.0
 30
0.0
 40
0.08500000000000002
  0
CIRCLE
  5
56B
330
17
100
AcDbEntity
  8
hatch-2
100
AcDbCircle
 10
6.15
 20
6.0
 30
0.0
 40
0.08500000000000002
  0
CIRCLE
  5
56C
330
17
100
AcDbEntity
  8
hatch-2
100
AcDbCircle
 10
6.45
 20
6.0
 30
0.0
 40
0.08500000000000002
  0
CIRCLE
  5
56D
330
17
100
AcDbEntity
  8
hatch-2
100
AcDbCircle
 10
6.75
 20
6.0
 30
0.0
 40
0.08500000000000002
  0
CIRCLE
  5
56E
330
17
100
AcDbEntity
  8
hatch-2
100
AcDbCircle
 10
7.05
 20
6.0
 30
0.0
 40
0.08500000000000002
  0
CIRCLE
  5
56F
330
17
100
AcDbEntity
  8
hatch-2
100
AcDbCircle
 10
7.35
 20
6.0
 30
0.0
 40
0.08500000000000002
  0
CIRCLE
  5
570
330
17
100
AcDbEntity
  8
hatch-2
100
AcDbCircle
 10
7.65
 20
6.0
 30
0.0
 40
0.08500000000000002
  0
CIRCLE
  5
571
330
17
100
AcDbEntity
  8
hatch-2
100
AcDbCircle
 10
7.95
 20
6.0
 30
0.0
 40
0.08500000000000002
  0
CIRCLE
  5
572
330
17
100
AcDbEntity
  8
hatch-2
100
AcDbCircle
 10
8.25
 20
6.0
 30
0.0
 40
0.08500000000000002
  0
CIRCLE
  5
573
330
17
100
AcDbEntity
  8
hatch-2
100
AcDbCircle
 10
8.55
 20
6.0
 30
0.0
 40
0.08500000000000002
  0
CIRCLE
  5
574
330
17
100
AcDbEntity
  8
hatch-2
100
AcDbCircle
 10
8.85
 20
6.0
 30
0.0
 40
0.08500000000000002
  0
CIRCLE
  5
575
330
17
100
AcDbEntity
  8
hatch-2
100
AcDbCircle
 10
9.15
 20
6.0
 30
0.0
 40
0.08500000000000002
  0
CIRCLE
  5
576
330
17
100
AcDbEntity
  8
hatch-2
100
AcDbCircle
 10
9.45
 20
6.0
 30
0.0
 40
0.08500000000000002
  0
CIRCLE
  5
577
330
17
100
AcDbEntity
  8
hatch-2
100
AcDbCircle
 10
9.75
 20
6.0
 30
0.0
 40
0.08500000000000002
  0
CIRCLE
  5
578
330
17
100
AcDbEntity
  8
hatch-2
100
AcDbCircle
 10
10.05
 20
6.0
 30
0.0
 40
0.08500000000000002
  0
CIRCLE
  5
579
330
17
100
AcDbEntity
  8
hatch-2
100
AcDbCircle
 10
10.35
 20
6.0
 30
0.0
 40
0.08500000000000002
  0
CIRCLE
  5
57A
330
17
100
AcDbEntity
  8
hatch-2
100
AcDbCircle
 10
10.65
 20
6.0
 30
0.0
 40
0.08500000000000002
  0
CIRCLE
  5
57B
330
17
100
AcDbEntity
  8
hatch-2
100
AcDbCircle
 10
10.95
 20
6.0
 30
0.0
 40
0.08500000000000002
  0
CIRCLE
  5
57C
330
17
100
AcDbEntity
  8
hatch-2
100
AcDbCircle
 10
11.25
 20
6.0
 30
0.0
 40
0.08500000000000002
  0
CIRCLE
  5
57D
330
17
100
AcDbEntity
  8
hatch-2
100
AcDbCircle
 10
11.55
 20
6.0
 30
0.0
 40
0.08500000000000002
  0
CIRCLE
  5
57E
330
17
100
AcDbEntity
  8
hatch-2
100
AcDbCircle
 10
11.85
 20
6.0
 30
0.0
 40
0.08500000000000002
  0
CIRCLE
  5
57F
330
17
100
AcDbEntity
  8
hatch-2
100
AcDbCircle
 10
12.15
 20
6.0
 30
0.0
 40
0.08500000000000002
  0
CIRCLE
  5
580
330
17
100
AcDbEntity
  8
hatch-2
100
AcDbCircle
 10
12.45
 20
6.0
 30
0.0
 40
0.08500000000000002
  0
CIRCLE
  5
581
330
17
100
AcDbEntity
  8
hatch-2
100
AcDbCircle
 10
12.75
 20
6.0
 30
0.0
 40
0.08500000000000002
  0
CIRCLE
  5
582
330
17
100
AcDbEntity
  8
hatch-2
100
AcDbCircle
 10
13.05
 20
6.0
 30
0.0
 40
0.08500000000000002
  0
CIRCLE
  5
583
330
17
100
AcDbEntity
  8
hatch-2
100
AcDbCircle
 10
13.35
 20
6.0
 30
0.0
 40
0.08500000000000002
  0
CIRCLE
  5
584
330
17
100
AcDbEntity
  8
hatch-2
100
AcDbCircle
 10
13.65
 20
6.0
 30
0.0
 40
0.08500000000000002
  0
CIRCLE
  5
585
330
17
100
AcDbEntity
  8
hatch-2
100
AcDbCircle
 10
13.95
 20
6.0
 30
0.0
 40
0.08500000000000002
  0
CIRCLE
  5
586
330
17
100
AcDbEntity
  8
hatch-2
100
AcDbCircle
 10
14.25
 20
6.0
 30
0.0
 40
0.08500000000000002
  0
CIRCLE
  5
587
330
17
100
AcDbEntity
  8
hatch-2
100
AcDbCircle
 10
14.55
 20
6.0
 30
0.0
 40
0.08500000000000002
  0
CIRCLE
  5
588
330
17
100
AcDbEntity
  8
hatch-2
100
AcDbCircle
 10
14.85
 20
6.0
 30
0.0
 40
0.08500000000000002
  0
CIRCLE
  5
589
330
17
100
AcDbEntity
  8
hatch-2
100
AcDbCircle
 10
15.15
 20
6.0
 30
0.0
 40
0.08500000000000002
  0
CIRCLE
  5
58A
330
17
100
AcDbEntity
  8
hatch-2
100
AcDbCircle
 10
15.45
 20
6.0
 30
0.0
 40
0.08500000000000002
  0
CIRCLE
  5
58B
330
17
100
AcDbEntity
  8
hatch-2
100
AcDbCircle
 10
15.75
 20
6.0
 30
0.0
 40
0.08500000000000002
  0
CIRCLE
  5
58C
330
17
100
AcDbEntity
  8
hatch-2
100
AcDbCircle
 10
16.05
 20
6.0
 30
0.0
 40
0.08500000000000002
  0
CIRCLE
  5
58D
330
17
100
AcDbEntity
  8
hatch-2
100
AcDbCircle
 10
16.35
 20
6.0
 30
0.0
 40
0.08500000000000002
  0
CIRCLE
  5
58E
330
17
100
AcDbEntity
  8
hatch-2
100
AcDbCircle
 10
16.65
 20
6.0
 30
0.0
 40
0.08500000000000002
  0
CIRCLE
  5
58F
330
17
100
AcDbEntity
  8
hatch-2
100
AcDbCircle
 10
16.95
 20
6.0
 30
0.0
 40
0.08500000000000002
  0
CIRCLE
  5
590
330
17
100
AcDbEntity
  8
hatch-2
100
AcDbCircle
 10
17.25
 20
6.0
 30
0.0
 40
0.08500000000000002
  0
CIRCLE
  5
591
330
17
100
AcDbEntity
  8
hatch-2
100
AcDbCircle
 10
17.55
 20
6.0
 30
0.0
 40
0.08500000000000002
  0
CIRCLE
  5
592
330
17
100
AcDbEntity
  8
hatch-2
100
AcDbCircle
 10
17.85
 20
6.0
 30
0.0
 40
0.08500000000000002
  0
CIRCLE
  5
593
330
17
100
AcDbEntity
  8
hatch-2
100
AcDbCircle
 10
18.15
 20
6.0
 30
0.0
 40
0.08500000000000002
  0
CIRCLE
  5
594
330
17
100
AcDbEntity
  8
hatch-2
100
AcDbCircle
 10
18.45
 20
6.0
 30
0.0
 40
0.08500000000000002
  0
CIRCLE
  5
595
330
17
100
AcDbEntity
  8
hatch-2
100
AcDbCircle
 10
18.75
 20
6.0
 30
0.0
 40
0.08500000000000002
  0
CIRCLE
  5
596
330
17
100
AcDbEntity
  8
hatch-2
100
AcDbCircle
 10
19.05
 20
6.0
 30
0.0
 40
0.08500000000000002
  0
CIRCLE
  5
597
330
17
100
AcDbEntity
  8
hatch-2
100
AcDbCircle
 10
19.35
 20
6.0
 30
0.0
 40
0.08500000000000002
  0
CIRCLE
  5
598
330
17
100
AcDbEntity
  8
hatch-2
100
AcDbCircle
 10
19.65
 20
6.0
 30
0.0
 40
0.08500000000000002
  0
CIRCLE
  5
599
330
17
100
AcDbEntity
  8
hatch-2
100
AcDbCircle
 10
19.95
 20
6.0
 30
0.0
 40
0.08500000000000002
  0
CIRCLE
  5
59A
330
17
100
AcDbEntity
  8
hatch-2
100
AcDbCircle
 10
20.25
 20
6.0
 30
0.0
 40
0.08500000000000002
  0
CIRCLE
  5
59B
330
17
100
AcDbEntity
  8
hatch-2
100
AcDbCircle
 10
20.55
 20
6.0
 30
0.0
 40
0.08500000000000002
  0
CIRCLE
  5
59C
330
17
100
AcDbEntity
  8
hatch-2
100
AcDbCircle
 10
20.85
 20
6.0
 30
0.0
 40
0.08500000000000002
  0
CIRCLE
  5
59D
330
17
100
AcDbEntity
  8
hatch-2
100
AcDbCircle
 10
21.15
 20
6.0
 30
0.0
 40
0.08500000000000002
  0
CIRCLE
  5
59E
330
17
100
AcDbEntity
  8
hatch-2
100
AcDbCircle
 10
21.45
 20
6.0
 30
0.0
 40
0.08500000000000002
  0
CIRCLE
  5
59F
330
17
100
AcDbEntity
  8
hatch-2
100
AcDbCircle
 10
21.75
 20
6.0
 30
0.0
 40
0.08500000000000002
  0
CIRCLE
  5
5A0
330
17
100
AcDbEntity
  8
hatch-2
100
AcDbCircle
 10
22.05
 20
6.0
 30
0.0
 40
0.08500000000000002
  0
CIRCLE
  5
5A1
330
17
100
AcDbEntity
  8
hatch-2
100
AcDbCircle
 10
22.35
 20
6.0
 30
0.0
 40
0.08500000000000002
  0
CIRCLE
  5
5A2
330
17
100
AcDbEntity
  8
hatch-2
100
AcDbCircle
 10
22.65
 20
6.0
 30
0.0
 40
0.08500000000000002
  0
CIRCLE
  5
5A3
330
17
100
AcDbEntity
  8
hatch-2
100
AcDbCircle
 10
22.95
 20
6.0
 30
0.0
 40
0.08500000000000002
  0
CIRCLE
  5
5A4
330
17
100
AcDbEntity
  8
hatch-2
100
AcDbCircle
 10
23.25
 20
6.0
 30
0.0
 40
0.08500000000000002
  0
CIRCLE
  5
5A5
330
17
100
AcDbEntity
  8
hatch-2
100
AcDbCircle
 10
23.55
 20
6.0
 30
0.0
 40
0.08500000000000002
  0
CIRCLE
  5
5A6
330
17
100
AcDbEntity
  8
hatch-2
100
AcDbCircle
 10
23.85
 20
6.0
 30
0.0
 40
0.08500000000000002
  0
LINE
  5
5A7
330
17
100
AcDbEntity
  8
marco-fino
100
AcDbLine
 10
0.0
 20
6.1
 30
0.0
 11
24.0
 21
6.1
 31
0.0
  0
LWPOLYLINE
  5
5A8
330
17
100
AcDbEntity
  8
hormigon
100
AcDbPolyline
 90
4
 70
1
 10
0.25
 20
6.15
 10
23.75
 20
6.15
 10
23.75
 20
6.2
 10
0.25
 20
6.2
  0
LINE
  5
5A9
330
17
100
AcDbEntity
  8
hatch
100
AcDbLine
 10
23.467157287525374
 20
6.149999999999995
 30
0.0
 11
23.51715728752538
 21
6.200000000000001
 31
0.0
  0
LINE
  5
5AA
330
17
100
AcDbEntity
  8
hatch
100
AcDbLine
 10
23.184314575050756
 20
6.15
 30
0.0
 11
23.23431457505076
 21
6.199999999999999
 31
0.0
  0
LINE
  5
5AB
330
17
100
AcDbEntity
  8
hatch
100
AcDbLine
 10
22.901471862576138
 20
6.149999999999999
 30
0.0
 11
22.951471862576142
 21
6.200000000000001
 31
0.0
  0
LINE
  5
5AC
330
17
100
AcDbEntity
  8
hatch
100
AcDbLine
 10
22.61862915010152
 20
6.149999999999999
 30
0.0
 11
22.66862915010152
 21
6.1999999999999975
 31
0.0
  0
LINE
  5
5AD
330
17
100
AcDbEntity
  8
hatch
100
AcDbLine
 10
22.3357864376269
 20
6.149999999999999
 30
0.0
 11
22.385786437626905
 21
6.200000000000001
 31
0.0
  0
LINE
  5
5AE
330
17
100
AcDbEntity
  8
hatch
100
AcDbLine
 10
22.052943725152282
 20
6.149999999999999
 30
0.0
 11
22.102943725152283
 21
6.199999999999999
 31
0.0
  0
LINE
  5
5AF
330
17
100
AcDbEntity
  8
hatch
100
AcDbLine
 10
21.770101012677664
 20
6.1499999999999995
 30
0.0
 11
21.820101012677664
 21
6.2
 31
0.0
  0
LINE
  5
5B0
330
17
100
AcDbEntity
  8
hatch
100
AcDbLine
 10
21.487258300203045
 20
6.149999999999998
 30
0.0
 11
21.537258300203046
 21
6.2
 31
0.0
  0
LINE
  5
5B1
330
17
100
AcDbEntity
  8
hatch
100
AcDbLine
 10
21.204415587728423
 20
6.149999999999999
 30
0.0
 11
21.254415587728424
 21
6.199999999999999
 31
0.0
  0
LINE
  5
5B2
330
17
100
AcDbEntity
  8
hatch
100
AcDbLine
 10
20.921572875253805
 20
6.149999999999999
 30
0.0
 11
20.97157287525381
 21
6.200000000000001
 31
0.0
  0
LINE
  5
5B3
330
17
100
AcDbEntity
  8
hatch
100
AcDbLine
 10
20.638730162779186
 20
6.149999999999999
 30
0.0
 11
20.688730162779187
 21
6.199999999999999
 31
0.0
  0
LINE
  5
5B4
330
17
100
AcDbEntity
  8
hatch
100
AcDbLine
 10
20.35588745030457
 20
6.1499999999999995
 30
0.0
 11
20.40588745030457
 21
6.2
 31
0.0
  0
LINE
  5
5B5
330
17
100
AcDbEntity
  8
hatch
100
AcDbLine
 10
20.073044737829946
 20
6.149999999999998
 30
0.0
 11
20.12304473782995
 21
6.2
 31
0.0
  0
LINE
  5
5B6
330
17
100
AcDbEntity
  8
hatch
100
AcDbLine
 10
19.790202025355327
 20
6.149999999999999
 30
0.0
 11
19.840202025355328
 21
6.199999999999999
 31
0.0
  0
LINE
  5
5B7
330
17
100
AcDbEntity
  8
hatch
100
AcDbLine
 10
19.50735931288071
 20
6.149999999999999
 30
0.0
 11
19.557359312880713
 21
6.200000000000001
 31
0.0
  0
LINE
  5
5B8
330
17
100
AcDbEntity
  8
hatch
100
AcDbLine
 10
19.224516600406094
 20
6.149999999999998
 30
0.0
 11
19.274516600406095
 21
6.199999999999998
 31
0.0
  0
LINE
  5
5B9
330
17
100
AcDbEntity
  8
hatch
100
AcDbLine
 10
18.941673887931472
 20
6.150000000000001
 30
0.0
 11
18.991673887931473
 21
6.2
 31
0.0
  0
LINE
  5
5BA
330
17
100
AcDbEntity
  8
hatch
100
AcDbLine
 10
18.658831175456854
 20
6.149999999999997
 30
0.0
 11
18.708831175456854
 21
6.199999999999999
 31
0.0
  0
LINE
  5
5BB
330
17
100
AcDbEntity
  8
hatch
100
AcDbLine
 10
18.375988462982235
 20
6.149999999999998
 30
0.0
 11
18.425988462982232
 21
6.199999999999998
 31
0.0
  0
LINE
  5
5BC
330
17
100
AcDbEntity
  8
hatch
100
AcDbLine
 10
18.093145750507617
 20
6.1499999999999995
 30
0.0
 11
18.143145750507614
 21
6.199999999999998
 31
0.0
  0
LINE
  5
5BD
330
17
100
AcDbEntity
  8
hatch
100
AcDbLine
 10
17.810303038033
 20
6.1499999999999995
 30
0.0
 11
17.860303038032995
 21
6.199999999999998
 31
0.0
  0
LINE
  5
5BE
330
17
100
AcDbEntity
  8
hatch
100
AcDbLine
 10
17.52746032555838
 20
6.15
 30
0.0
 11
17.577460325558377
 21
6.199999999999999
 31
0.0
  0
LINE
  5
5BF
330
17
100
AcDbEntity
  8
hatch
100
AcDbLine
 10
17.244617613083758
 20
6.1499999999999995
 30
0.0
 11
17.29461761308376
 21
6.200000000000002
 31
0.0
  0
LINE
  5
5C0
330
17
100
AcDbEntity
  8
hatch
100
AcDbLine
 10
16.96177490060914
 20
6.1499999999999995
 30
0.0
 11
17.01177490060914
 21
6.199999999999998
 31
0.0
  0
LINE
  5
5C1
330
17
100
AcDbEntity
  8
hatch
100
AcDbLine
 10
16.67893218813452
 20
6.1499999999999995
 30
0.0
 11
16.72893218813452
 21
6.200000000000002
 31
0.0
  0
LINE
  5
5C2
330
17
100
AcDbEntity
  8
hatch
100
AcDbLine
 10
16.3960894756599
 20
6.149999999999998
 30
0.0
 11
16.446089475659903
 21
6.2
 31
0.0
  0
LINE
  5
5C3
330
17
100
AcDbEntity
  8
hatch
100
AcDbLine
 10
16.11324676318528
 20
6.149999999999999
 30
0.0
 11
16.163246763185285
 21
6.200000000000001
 31
0.0
  0
LINE
  5
5C4
330
17
100
AcDbEntity
  8
hatch
100
AcDbLine
 10
15.830404050710666
 20
6.15
 30
0.0
 11
15.880404050710666
 21
6.200000000000001
 31
0.0
  0
LINE
  5
5C5
330
17
100
AcDbEntity
  8
hatch
100
AcDbLine
 10
15.547561338236045
 20
6.150000000000001
 30
0.0
 11
15.597561338236044
 21
6.2
 31
0.0
  0
LINE
  5
5C6
330
17
100
AcDbEntity
  8
hatch
100
AcDbLine
 10
15.264718625761425
 20
6.149999999999999
 30
0.0
 11
15.314718625761426
 21
6.199999999999999
 31
0.0
  0
LINE
  5
5C7
330
17
100
AcDbEntity
  8
hatch
100
AcDbLine
 10
14.981875913286805
 20
6.1499999999999995
 30
0.0
 11
15.031875913286807
 21
6.2
 31
0.0
  0
LINE
  5
5C8
330
17
100
AcDbEntity
  8
hatch
100
AcDbLine
 10
14.699033200812188
 20
6.1499999999999995
 30
0.0
 11
14.749033200812189
 21
6.2
 31
0.0
  0
LINE
  5
5C9
330
17
100
AcDbEntity
  8
hatch
100
AcDbLine
 10
14.41619048833757
 20
6.15
 30
0.0
 11
14.46619048833757
 21
6.200000000000001
 31
0.0
  0
LINE
  5
5CA
330
17
100
AcDbEntity
  8
hatch
100
AcDbLine
 10
14.133347775862948
 20
6.149999999999999
 30
0.0
 11
14.183347775862948
 21
6.199999999999999
 31
0.0
  0
LINE
  5
5CB
330
17
100
AcDbEntity
  8
hatch
100
AcDbLine
 10
13.85050506338833
 20
6.149999999999999
 30
0.0
 11
13.90050506338833
 21
6.200000000000001
 31
0.0
  0
LINE
  5
5CC
330
17
100
AcDbEntity
  8
hatch
100
AcDbLine
 10
13.56766235091371
 20
6.149999999999999
 30
0.0
 11
13.617662350913712
 21
6.199999999999999
 31
0.0
  0
LINE
  5
5CD
330
17
100
AcDbEntity
  8
hatch
100
AcDbLine
 10
13.284819638439092
 20
6.1499999999999995
 30
0.0
 11
13.334819638439093
 21
6.2
 31
0.0
  0
LINE
  5
5CE
330
17
100
AcDbEntity
  8
hatch
100
AcDbLine
 10
13.001976925964474
 20
6.15
 30
0.0
 11
13.051976925964475
 21
6.200000000000001
 31
0.0
  0
LINE
  5
5CF
330
17
100
AcDbEntity
  8
hatch
100
AcDbLine
 10
12.719134213489854
 20
6.149999999999999
 30
0.0
 11
12.769134213489856
 21
6.200000000000001
 31
0.0
  0
LINE
  5
5D0
330
17
100
AcDbEntity
  8
hatch
100
AcDbLine
 10
12.436291501015235
 20
6.15
 30
0.0
 11
12.486291501015238
 21
6.200000000000001
 31
0.0
  0
LINE
  5
5D1
330
17
100
AcDbEntity
  8
hatch
100
AcDbLine
 10
12.153448788540615
 20
6.1499999999999995
 30
0.0
 11
12.203448788540616
 21
6.2
 31
0.0
  0
LINE
  5
5D2
330
17
100
AcDbEntity
  8
hatch
100
AcDbLine
 10
11.870606076065997
 20
6.149999999999999
 30
0.0
 11
11.920606076065997
 21
6.199999999999999
 31
0.0
  0
LINE
  5
5D3
330
17
100
AcDbEntity
  8
hatch
100
AcDbLine
 10
11.587763363591378
 20
6.149999999999999
 30
0.0
 11
11.637763363591379
 21
6.200000000000001
 31
0.0
  0
LINE
  5
5D4
330
17
100
AcDbEntity
  8
hatch
100
AcDbLine
 10
11.304920651116758
 20
6.15
 30
0.0
 11
11.35492065111676
 21
6.200000000000001
 31
0.0
  0
LINE
  5
5D5
330
17
100
AcDbEntity
  8
hatch
100
AcDbLine
 10
11.022077938642141
 20
6.15
 30
0.0
 11
11.072077938642142
 21
6.200000000000001
 31
0.0
  0
LINE
  5
5D6
330
17
100
AcDbEntity
  8
hatch
100
AcDbLine
 10
10.73923522616752
 20
6.149999999999999
 30
0.0
 11
10.78923522616752
 21
6.200000000000001
 31
0.0
  0
LINE
  5
5D7
330
17
100
AcDbEntity
  8
hatch
100
AcDbLine
 10
10.456392513692903
 20
6.149999999999999
 30
0.0
 11
10.506392513692903
 21
6.200000000000001
 31
0.0
  0
LINE
  5
5D8
330
17
100
AcDbEntity
  8
hatch
100
AcDbLine
 10
10.173549801218282
 20
6.15
 30
0.0
 11
10.223549801218283
 21
6.200000000000001
 31
0.0
  0
LINE
  5
5D9
330
17
100
AcDbEntity
  8
hatch
100
AcDbLine
 10
9.890707088743664
 20
6.1499999999999995
 30
0.0
 11
9.940707088743665
 21
6.2
 31
0.0
  0
LINE
  5
5DA
330
17
100
AcDbEntity
  8
hatch
100
AcDbLine
 10
9.607864376269045
 20
6.1499999999999995
 30
0.0
 11
9.657864376269046
 21
6.200000000000001
 31
0.0
  0
LINE
  5
5DB
330
17
100
AcDbEntity
  8
hatch
100
AcDbLine
 10
9.325021663794425
 20
6.1499999999999995
 30
0.0
 11
9.375021663794426
 21
6.200000000000001
 31
0.0
  0
LINE
  5
5DC
330
17
100
AcDbEntity
  8
hatch
100
AcDbLine
 10
9.042178951319807
 20
6.1499999999999995
 30
0.0
 11
9.092178951319807
 21
6.200000000000001
 31
0.0
  0
LINE
  5
5DD
330
17
100
AcDbEntity
  8
hatch
100
AcDbLine
 10
8.759336238845187
 20
6.1499999999999995
 30
0.0
 11
8.809336238845187
 21
6.200000000000001
 31
0.0
  0
LINE
  5
5DE
330
17
100
AcDbEntity
  8
hatch
100
AcDbLine
 10
8.476493526370568
 20
6.1499999999999995
 30
0.0
 11
8.526493526370569
 21
6.200000000000001
 31
0.0
  0
LINE
  5
5DF
330
17
100
AcDbEntity
  8
hatch
100
AcDbLine
 10
8.193650813895951
 20
6.15
 30
0.0
 11
8.243650813895954
 21
6.200000000000003
 31
0.0
  0
LINE
  5
5E0
330
17
100
AcDbEntity
  8
hatch
100
AcDbLine
 10
7.91080810142133
 20
6.15
 30
0.0
 11
7.960808101421331
 21
6.200000000000001
 31
0.0
  0
LINE
  5
5E1
330
17
100
AcDbEntity
  8
hatch
100
AcDbLine
 10
7.627965388946712
 20
6.15
 30
0.0
 11
7.677965388946713
 21
6.200000000000001
 31
0.0
  0
LINE
  5
5E2
330
17
100
AcDbEntity
  8
hatch
100
AcDbLine
 10
7.345122676472092
 20
6.15
 30
0.0
 11
7.395122676472092
 21
6.200000000000001
 31
0.0
  0
LINE
  5
5E3
330
17
100
AcDbEntity
  8
hatch
100
AcDbLine
 10
7.062279963997474
 20
6.1499999999999995
 30
0.0
 11
7.112279963997475
 21
6.2
 31
0.0
  0
LINE
  5
5E4
330
17
100
AcDbEntity
  8
hatch
100
AcDbLine
 10
6.779437251522856
 20
6.1499999999999995
 30
0.0
 11
6.829437251522857
 21
6.200000000000001
 31
0.0
  0
LINE
  5
5E5
330
17
100
AcDbEntity
  8
hatch
100
AcDbLine
 10
6.496594539048235
 20
6.1499999999999995
 30
0.0
 11
6.546594539048237
 21
6.200000000000001
 31
0.0
  0
LINE
  5
5E6
330
17
100
AcDbEntity
  8
hatch
100
AcDbLine
 10
6.213751826573616
 20
6.149999999999999
 30
0.0
 11
6.2637518265736185
 21
6.200000000000001
 31
0.0
  0
LINE
  5
5E7
330
17
100
AcDbEntity
  8
hatch
100
AcDbLine
 10
5.930909114098997
 20
6.1499999999999995
 30
0.0
 11
5.980909114098998
 21
6.200000000000001
 31
0.0
  0
LINE
  5
5E8
330
17
100
AcDbEntity
  8
hatch
100
AcDbLine
 10
5.648066401624378
 20
6.1499999999999995
 30
0.0
 11
5.69806640162438
 21
6.200000000000001
 31
0.0
  0
LINE
  5
5E9
330
17
100
AcDbEntity
  8
hatch
100
AcDbLine
 10
5.365223689149761
 20
6.15
 30
0.0
 11
5.415223689149761
 21
6.200000000000001
 31
0.0
  0
LINE
  5
5EA
330
17
100
AcDbEntity
  8
hatch
100
AcDbLine
 10
5.08238097667514
 20
6.15
 30
0.0
 11
5.132380976675141
 21
6.200000000000001
 31
0.0
  0
LINE
  5
5EB
330
17
100
AcDbEntity
  8
hatch
100
AcDbLine
 10
4.799538264200522
 20
6.15
 30
0.0
 11
4.849538264200523
 21
6.200000000000001
 31
0.0
  0
LINE
  5
5EC
330
17
100
AcDbEntity
  8
hatch
100
AcDbLine
 10
4.516695551725902
 20
6.15
 30
0.0
 11
4.5666955517259025
 21
6.200000000000001
 31
0.0
  0
LINE
  5
5ED
330
17
100
AcDbEntity
  8
hatch
100
AcDbLine
 10
4.233852839251284
 20
6.15
 30
0.0
 11
4.283852839251285
 21
6.200000000000001
 31
0.0
  0
LINE
  5
5EE
330
17
100
AcDbEntity
  8
hatch
100
AcDbLine
 10
3.9510101267766657
 20
6.15
 30
0.0
 11
4.001010126776667
 21
6.200000000000001
 31
0.0
  0
LINE
  5
5EF
330
17
100
AcDbEntity
  8
hatch
100
AcDbLine
 10
3.668167414302045
 20
6.15
 30
0.0
 11
3.718167414302046
 21
6.200000000000001
 31
0.0
  0
LINE
  5
5F0
330
17
100
AcDbEntity
  8
hatch
100
AcDbLine
 10
3.385324701827427
 20
6.15
 30
0.0
 11
3.4353247018274287
 21
6.200000000000001
 31
0.0
  0
LINE
  5
5F1
330
17
100
AcDbEntity
  8
hatch
100
AcDbLine
 10
3.102481989352807
 20
6.15
 30
0.0
 11
3.1524819893528084
 21
6.200000000000001
 31
0.0
  0
LINE
  5
5F2
330
17
100
AcDbEntity
  8
hatch
100
AcDbLine
 10
2.8196392768781884
 20
6.1499999999999995
 30
0.0
 11
2.869639276878191
 21
6.200000000000002
 31
0.0
  0
LINE
  5
5F3
330
17
100
AcDbEntity
  8
hatch
100
AcDbLine
 10
2.53679656440357
 20
6.15
 30
0.0
 11
2.5867965644035715
 21
6.200000000000001
 31
0.0
  0
LINE
  5
5F4
330
17
100
AcDbEntity
  8
hatch
100
AcDbLine
 10
2.2539538519289497
 20
6.15
 30
0.0
 11
2.3039538519289513
 21
6.200000000000001
 31
0.0
  0
LINE
  5
5F5
330
17
100
AcDbEntity
  8
hatch
100
AcDbLine
 10
1.9711111394543326
 20
6.15
 30
0.0
 11
2.0211111394543333
 21
6.200000000000001
 31
0.0
  0
LINE
  5
5F6
330
17
100
AcDbEntity
  8
hatch
100
AcDbLine
 10
1.6882684269797115
 20
6.15
 30
0.0
 11
1.7382684269797126
 21
6.200000000000001
 31
0.0
  0
LINE
  5
5F7
330
17
100
AcDbEntity
  8
hatch
100
AcDbLine
 10
1.4054257145050935
 20
6.15
 30
0.0
 11
1.4554257145050946
 21
6.200000000000001
 31
0.0
  0
LINE
  5
5F8
330
17
100
AcDbEntity
  8
hatch
100
AcDbLine
 10
1.1225830020304755
 20
6.15
 30
0.0
 11
1.1725830020304766
 21
6.200000000000001
 31
0.0
  0
LINE
  5
5F9
330
17
100
AcDbEntity
  8
hatch
100
AcDbLine
 10
0.8397402895558574
 20
6.15
 30
0.0
 11
0.8897402895558573
 21
6.2
 31
0.0
  0
LINE
  5
5FA
330
17
100
AcDbEntity
  8
hatch
100
AcDbLine
 10
0.5568975770812346
 20
6.15
 30
0.0
 11
0.6068975770812344
 21
6.2
 31
0.0
  0
LINE
  5
5FB
330
17
100
AcDbEntity
  8
hatch
100
AcDbLine
 10
0.27405486460661654
 20
6.15
 30
0.0
 11
0.3240548646066186
 21
6.200000000000003
 31
0.0
  0
LINE
  5
5FC
330
17
100
AcDbEntity
  8
marco-medio
100
AcDbLine
 10
0.25
 20
3.25
 30
0.0
 11
23.75
 21
3.25
 31
0.0
  0
LWPOLYLINE
  5
5FD
330
17
100
AcDbEntity
  8
muro-fill
100
AcDbPolyline
 90
4
 70
1
 10
0.0
 20
6.2
 10
0.25
 20
6.2
 10
0.25
 20
7.15
 10
0.0
 20
7.15
  0
LINE
  5
5FE
330
17
100
AcDbEntity
  8
hatch
100
AcDbLine
 10
0.0
 20
6.2328427124746195
 30
0.0
 11
0.24999999999999956
 21
6.482842712474619
 31
0.0
  0
LINE
  5
5FF
330
17
100
AcDbEntity
  8
hatch
100
AcDbLine
 10
0.0
 20
6.515685424949238
 30
0.0
 11
0.24999999999999956
 21
6.765685424949238
 31
0.0
  0
LINE
  5
600
330
17
100
AcDbEntity
  8
hatch
100
AcDbLine
 10
0.0
 20
6.798528137423856
 30
0.0
 11
0.24999999999999956
 21
7.048528137423856
 31
0.0
  0
LINE
  5
601
330
17
100
AcDbEntity
  8
hatch
100
AcDbLine
 10
0.0
 20
7.081370849898477
 30
0.0
 11
0.0686291501015246
 21
7.15
 31
0.0
  0
LWPOLYLINE
  5
602
330
17
100
AcDbEntity
  8
muro-corte
100
AcDbPolyline
 90
4
 70
1
 10
0.0
 20
6.2
 10
0.25
 20
6.2
 10
0.25
 20
7.15
 10
0.0
 20
7.15
  0
LWPOLYLINE
  5
603
330
17
100
AcDbEntity
  8
hormigon
100
AcDbPolyline
 90
4
 70
1
 10
-0.030000000000001137
 20
7.15
 10
0.28000000000000114
 20
7.15
 10
0.28000000000000114
 20
7.2
 10
-0.030000000000001137
 20
7.2
  0
LINE
  5
604
330
17
100
AcDbEntity
  8
hatch
100
AcDbLine
 10
-0.002842712474618203
 20
7.15
 30
0.0
 11
0.04715728752538162
 21
7.2
 31
0.0
  0
LWPOLYLINE
  5
605
330
17
100
AcDbEntity
  8
muro-fill
100
AcDbPolyline
 90
4
 70
1
 10
23.75
 20
6.2
 10
24.0
 20
6.2
 10
24.0
 20
7.15
 10
23.75
 20
7.15
  0
LINE
  5
606
330
17
100
AcDbEntity
  8
hatch
100
AcDbLine
 10
23.75
 20
6.232842712474614
 30
0.0
 11
24.0
 21
6.482842712474618
 31
0.0
  0
LINE
  5
607
330
17
100
AcDbEntity
  8
hatch
100
AcDbLine
 10
23.749999999999996
 20
6.515685424949234
 30
0.0
 11
24.0
 21
6.765685424949236
 31
0.0
  0
LINE
  5
608
330
17
100
AcDbEntity
  8
hatch
100
AcDbLine
 10
23.75
 20
6.798528137423856
 30
0.0
 11
24.0
 21
7.048528137423858
 31
0.0
  0
LINE
  5
609
330
17
100
AcDbEntity
  8
hatch
100
AcDbLine
 10
23.75
 20
7.081370849898473
 30
0.0
 11
23.818629150101522
 21
7.149999999999999
 31
0.0
  0
LWPOLYLINE
  5
60A
330
17
100
AcDbEntity
  8
muro-corte
100
AcDbPolyline
 90
4
 70
1
 10
23.75
 20
6.2
 10
24.0
 20
6.2
 10
24.0
 20
7.15
 10
23.75
 20
7.15
  0
LWPOLYLINE
  5
60B
330
17
100
AcDbEntity
  8
hormigon
100
AcDbPolyline
 90
4
 70
1
 10
23.72
 20
7.15
 10
24.03
 20
7.15
 10
24.03
 20
7.2
 10
23.72
 20
7.2
  0
LINE
  5
60C
330
17
100
AcDbEntity
  8
hatch
100
AcDbLine
 10
23.747157287525383
 20
7.15
 30
0.0
 11
23.79715728752538
 21
7.199999999999999
 31
0.0
  0
LWPOLYLINE
  5
60D
330
17
100
AcDbEntity
  8
sombra
100
AcDbPolyline
 90
4
 70
1
 10
0.25
 20
0.0
 10
16.65
 20
0.0
 10
16.65
 20
2.9
 10
0.25
 20
2.9
  0
LINE
  5
60E
330
17
100
AcDbEntity
  8
hatch
100
AcDbLine
 10
16.36715728752538
 20
0.0
 30
0.0
 11
16.65
 21
0.28284271247461845
 31
0.0
  0
LINE
  5
60F
330
17
100
AcDbEntity
  8
hatch
100
AcDbLine
 10
16.08431457505076
 20
0.0
 30
0.0
 11
16.65
 21
0.5656854249492387
 31
0.0
  0
LINE
  5
610
330
17
100
AcDbEntity
  8
hatch
100
AcDbLine
 10
15.801471862576143
 20
0.0
 30
0.0
 11
16.65
 21
0.8485281374238562
 31
0.0
  0
LINE
  5
611
330
17
100
AcDbEntity
  8
hatch
100
AcDbLine
 10
15.518629150101521
 20
0.0
 30
0.0
 11
16.65
 21
1.1313708498984774
 31
0.0
  0
LINE
  5
612
330
17
100
AcDbEntity
  8
hatch
100
AcDbLine
 10
15.235786437626903
 20
0.0
 30
0.0
 11
16.65
 21
1.4142135623730958
 31
0.0
  0
LINE
  5
613
330
17
100
AcDbEntity
  8
hatch
100
AcDbLine
 10
14.952943725152284
 20
0.0
 30
0.0
 11
16.65
 21
1.6970562748477152
 31
0.0
  0
LINE
  5
614
330
17
100
AcDbEntity
  8
hatch
100
AcDbLine
 10
14.670101012677666
 20
0.0
 30
0.0
 11
16.65
 21
1.9798989873223336
 31
0.0
  0
LINE
  5
615
330
17
100
AcDbEntity
  8
hatch
100
AcDbLine
 10
14.387258300203047
 20
0.0
 30
0.0
 11
16.65
 21
2.262741699796951
 31
0.0
  0
LINE
  5
616
330
17
100
AcDbEntity
  8
hatch
100
AcDbLine
 10
14.104415587728425
 20
8.881784197001252e-16
 30
0.0
 11
16.65
 21
2.545584412271573
 31
0.0
  0
LINE
  5
617
330
17
100
AcDbEntity
  8
hatch
100
AcDbLine
 10
13.821572875253807
 20
0.0
 30
0.0
 11
16.65
 21
2.828427124746189
 31
0.0
  0
LINE
  5
618
330
17
100
AcDbEntity
  8
hatch
100
AcDbLine
 10
13.538730162779189
 20
8.881784197001252e-16
 30
0.0
 11
16.438730162779187
 21
2.8999999999999995
 31
0.0
  0
LINE
  5
619
330
17
100
AcDbEntity
  8
hatch
100
AcDbLine
 10
13.25588745030457
 20
0.0
 30
0.0
 11
16.15588745030457
 21
2.8999999999999986
 31
0.0
  0
LINE
  5
61A
330
17
100
AcDbEntity
  8
hatch
100
AcDbLine
 10
12.973044737829952
 20
0.0
 30
0.0
 11
15.87304473782995
 21
2.8999999999999986
 31
0.0
  0
LINE
  5
61B
330
17
100
AcDbEntity
  8
hatch
100
AcDbLine
 10
12.690202025355331
 20
0.0
 30
0.0
 11
15.590202025355332
 21
2.8999999999999995
 31
0.0
  0
LINE
  5
61C
330
17
100
AcDbEntity
  8
hatch
100
AcDbLine
 10
12.407359312880713
 20
0.0
 30
0.0
 11
15.307359312880713
 21
2.8999999999999995
 31
0.0
  0
LINE
  5
61D
330
17
100
AcDbEntity
  8
hatch
100
AcDbLine
 10
12.124516600406093
 20
0.0
 30
0.0
 11
15.024516600406091
 21
2.8999999999999986
 31
0.0
  0
LINE
  5
61E
330
17
100
AcDbEntity
  8
hatch
100
AcDbLine
 10
11.841673887931474
 20
0.0
 30
0.0
 11
14.741673887931473
 21
2.9000000000000004
 31
0.0
  0
LINE
  5
61F
330
17
100
AcDbEntity
  8
hatch
100
AcDbLine
 10
11.558831175456856
 20
8.881784197001252e-16
 30
0.0
 11
14.458831175456854
 21
2.9000000000000004
 31
0.0
  0
LINE
  5
620
330
17
100
AcDbEntity
  8
hatch
100
AcDbLine
 10
11.275988462982236
 20
0.0
 30
0.0
 11
14.175988462982236
 21
2.8999999999999995
 31
0.0
  0
LINE
  5
621
330
17
100
AcDbEntity
  8
hatch
100
AcDbLine
 10
10.993145750507619
 20
8.881784197001252e-16
 30
0.0
 11
13.893145750507617
 21
2.8999999999999995
 31
0.0
  0
LINE
  5
622
330
17
100
AcDbEntity
  8
hatch
100
AcDbLine
 10
10.710303038032999
 20
0.0
 30
0.0
 11
13.610303038032999
 21
2.8999999999999995
 31
0.0
  0
LINE
  5
623
330
17
100
AcDbEntity
  8
hatch
100
AcDbLine
 10
10.42746032555838
 20
8.881784197001252e-16
 30
0.0
 11
13.327460325558379
 21
2.9000000000000004
 31
0.0
  0
LINE
  5
624
330
17
100
AcDbEntity
  8
hatch
100
AcDbLine
 10
10.14461761308376
 20
0.0
 30
0.0
 11
13.044617613083759
 21
2.8999999999999986
 31
0.0
  0
LINE
  5
625
330
17
100
AcDbEntity
  8
hatch
100
AcDbLine
 10
9.861774900609142
 20
-8.881784197001252e-16
 30
0.0
 11
12.76177490060914
 21
2.8999999999999995
 31
0.0
  0
LINE
  5
626
330
17
100
AcDbEntity
  8
hatch
100
AcDbLine
 10
9.578932188134523
 20
0.0
 30
0.0
 11
12.478932188134522
 21
2.8999999999999995
 31
0.0
  0
LINE
  5
627
330
17
100
AcDbEntity
  8
hatch
100
AcDbLine
 10
9.296089475659905
 20
8.881784197001252e-16
 30
0.0
 11
12.196089475659903
 21
2.9000000000000004
 31
0.0
  0
LINE
  5
628
330
17
100
AcDbEntity
  8
hatch
100
AcDbLine
 10
9.013246763185284
 20
0.0
 30
0.0
 11
11.913246763185285
 21
2.8999999999999995
 31
0.0
  0
LINE
  5
629
330
17
100
AcDbEntity
  8
hatch
100
AcDbLine
 10
8.730404050710664
 20
0.0
 30
0.0
 11
11.630404050710665
 21
2.8999999999999995
 31
0.0
  0
LINE
  5
62A
330
17
100
AcDbEntity
  8
hatch
100
AcDbLine
 10
8.447561338236046
 20
0.0
 30
0.0
 11
11.347561338236044
 21
2.8999999999999995
 31
0.0
  0
LINE
  5
62B
330
17
100
AcDbEntity
  8
hatch
100
AcDbLine
 10
8.164718625761427
 20
0.0
 30
0.0
 11
11.064718625761428
 21
2.8999999999999995
 31
0.0
  0
LINE
  5
62C
330
17
100
AcDbEntity
  8
hatch
100
AcDbLine
 10
7.881875913286809
 20
0.0
 30
0.0
 11
10.78187591328681
 21
2.900000000000001
 31
0.0
  0
LINE
  5
62D
330
17
100
AcDbEntity
  8
hatch
100
AcDbLine
 10
7.599033200812189
 20
4.440892098500626e-16
 30
0.0
 11
10.499033200812189
 21
2.9000000000000004
 31
0.0
  0
LINE
  5
62E
330
17
100
AcDbEntity
  8
hatch
100
AcDbLine
 10
7.31619048833757
 20
0.0
 30
0.0
 11
10.21619048833757
 21
2.8999999999999986
 31
0.0
  0
LINE
  5
62F
330
17
100
AcDbEntity
  8
hatch
100
AcDbLine
 10
7.03334777586295
 20
-8.881784197001252e-16
 30
0.0
 11
9.93334777586295
 21
2.9
 31
0.0
  0
LINE
  5
630
330
17
100
AcDbEntity
  8
hatch
100
AcDbLine
 10
6.750505063388333
 20
0.0
 30
0.0
 11
9.650505063388334
 21
2.9
 31
0.0
  0
LINE
  5
631
330
17
100
AcDbEntity
  8
hatch
100
AcDbLine
 10
6.467662350913713
 20
0.0
 30
0.0
 11
9.367662350913713
 21
2.9000000000000004
 31
0.0
  0
LINE
  5
632
330
17
100
AcDbEntity
  8
hatch
100
AcDbLine
 10
6.1848196384390945
 20
4.440892098500626e-16
 30
0.0
 11
9.084819638439093
 21
2.9
 31
0.0
  0
LINE
  5
633
330
17
100
AcDbEntity
  8
hatch
100
AcDbLine
 10
5.901976925964474
 20
4.440892098500626e-16
 30
0.0
 11
8.801976925964475
 21
2.8999999999999995
 31
0.0
  0
LINE
  5
634
330
17
100
AcDbEntity
  8
hatch
100
AcDbLine
 10
5.619134213489856
 20
4.440892098500626e-16
 30
0.0
 11
8.519134213489856
 21
2.9
 31
0.0
  0
LINE
  5
635
330
17
100
AcDbEntity
  8
hatch
100
AcDbLine
 10
5.336291501015237
 20
0.0
 30
0.0
 11
8.236291501015238
 21
2.8999999999999995
 31
0.0
  0
LINE
  5
636
330
17
100
AcDbEntity
  8
hatch
100
AcDbLine
 10
5.053448788540617
 20
0.0
 30
0.0
 11
7.9534487885406175
 21
2.9
 31
0.0
  0
LINE
  5
637
330
17
100
AcDbEntity
  8
hatch
100
AcDbLine
 10
4.770606076065999
 20
0.0
 30
0.0
 11
7.670606076065999
 21
2.9000000000000004
 31
0.0
  0
LINE
  5
638
330
17
100
AcDbEntity
  8
hatch
100
AcDbLine
 10
4.48776336359138
 20
0.0
 30
0.0
 11
7.3877633635913815
 21
2.9000000000000004
 31
0.0
  0
LINE
  5
639
330
17
100
AcDbEntity
  8
hatch
100
AcDbLine
 10
4.20492065111676
 20
0.0
 30
0.0
 11
7.10492065111676
 21
2.9000000000000004
 31
0.0
  0
LINE
  5
63A
330
17
100
AcDbEntity
  8
hatch
100
AcDbLine
 10
3.9220779386421425
 20
0.0
 30
0.0
 11
6.822077938642143
 21
2.9000000000000004
 31
0.0
  0
LINE
  5
63B
330
17
100
AcDbEntity
  8
hatch
100
AcDbLine
 10
3.6392352261675214
 20
2.220446049250313e-16
 30
0.0
 11
6.539235226167523
 21
2.9000000000000004
 31
0.0
  0
LINE
  5
63C
330
17
100
AcDbEntity
  8
hatch
100
AcDbLine
 10
3.356392513692904
 20
2.220446049250313e-16
 30
0.0
 11
6.256392513692904
 21
2.9000000000000004
 31
0.0
  0
LINE
  5
63D
330
17
100
AcDbEntity
  8
hatch
100
AcDbLine
 10
3.073549801218283
 20
0.0
 30
0.0
 11
5.973549801218284
 21
2.9000000000000004
 31
0.0
  0
LINE
  5
63E
330
17
100
AcDbEntity
  8
hatch
100
AcDbLine
 10
2.790707088743665
 20
0.0
 30
0.0
 11
5.6907070887436655
 21
2.9
 31
0.0
  0
LINE
  5
63F
330
17
100
AcDbEntity
  8
hatch
100
AcDbLine
 10
2.507864376269047
 20
0.0
 30
0.0
 11
5.407864376269048
 21
2.8999999999999995
 31
0.0
  0
LINE
  5
640
330
17
100
AcDbEntity
  8
hatch
100
AcDbLine
 10
2.2250216637944265
 20
0.0
 30
0.0
 11
5.125021663794427
 21
2.9
 31
0.0
  0
LINE
  5
641
330
17
100
AcDbEntity
  8
hatch
100
AcDbLine
 10
1.9421789513198084
 20
0.0
 30
0.0
 11
4.842178951319809
 21
2.9000000000000004
 31
0.0
  0
LINE
  5
642
330
17
100
AcDbEntity
  8
hatch
100
AcDbLine
 10
1.6593362388451878
 20
0.0
 30
0.0
 11
4.559336238845188
 21
2.9000000000000004
 31
0.0
  0
LINE
  5
643
330
17
100
AcDbEntity
  8
hatch
100
AcDbLine
 10
1.3764935263705698
 20
0.0
 30
0.0
 11
4.276493526370571
 21
2.9000000000000004
 31
0.0
  0
LINE
  5
644
330
17
100
AcDbEntity
  8
hatch
100
AcDbLine
 10
1.0936508138959518
 20
0.0
 30
0.0
 11
3.9936508138959526
 21
2.9000000000000004
 31
0.0
  0
LINE
  5
645
330
17
100
AcDbEntity
  8
hatch
100
AcDbLine
 10
0.8108081014213313
 20
0.0
 30
0.0
 11
3.7108081014213323
 21
2.9
 31
0.0
  0
LINE
  5
646
330
17
100
AcDbEntity
  8
hatch
100
AcDbLine
 10
0.5279653889467133
 20
0.0
 30
0.0
 11
3.427965388946714
 21
2.9000000000000004
 31
0.0
  0
LINE
  5
647
330
17
100
AcDbEntity
  8
hatch
100
AcDbLine
 10
0.2500000000000001
 20
0.004877323527907401
 30
0.0
 11
3.1451226764720936
 21
2.9000000000000004
 31
0.0
  0
LINE
  5
648
330
17
100
AcDbEntity
  8
hatch
100
AcDbLine
 10
0.25000000000000017
 20
0.2877200360025254
 30
0.0
 11
2.862279963997475
 21
2.9000000000000004
 31
0.0
  0
LINE
  5
649
330
17
100
AcDbEntity
  8
hatch
100
AcDbLine
 10
0.25000000000000017
 20
0.5705627484771434
 30
0.0
 11
2.5794372515228576
 21
2.9000000000000004
 31
0.0
  0
LINE
  5
64A
330
17
100
AcDbEntity
  8
hatch
100
AcDbLine
 10
0.25000000000000017
 20
0.853405460951764
 30
0.0
 11
2.296594539048237
 21
2.9000000000000004
 31
0.0
  0
LINE
  5
64B
330
17
100
AcDbEntity
  8
hatch
100
AcDbLine
 10
0.25000000000000017
 20
1.1362481734263818
 30
0.0
 11
2.013751826573619
 21
2.9000000000000004
 31
0.0
  0
LINE
  5
64C
330
17
100
AcDbEntity
  8
hatch
100
AcDbLine
 10
0.2500000000000002
 20
1.4190908859010025
 30
0.0
 11
1.7309091140989987
 21
2.9000000000000004
 31
0.0
  0
LINE
  5
64D
330
17
100
AcDbEntity
  8
hatch
100
AcDbLine
 10
0.2500000000000002
 20
1.7019335983756205
 30
0.0
 11
1.4480664016243803
 21
2.9000000000000004
 31
0.0
  0
LINE
  5
64E
330
17
100
AcDbEntity
  8
hatch
100
AcDbLine
 10
0.25000000000000044
 20
1.9847763108502385
 30
0.0
 11
1.1652236891497623
 21
2.9000000000000004
 31
0.0
  0
LINE
  5
64F
330
17
100
AcDbEntity
  8
hatch
100
AcDbLine
 10
0.2500000000000002
 20
2.267619023324859
 30
0.0
 11
0.8823809766751418
 21
2.9000000000000004
 31
0.0
  0
LINE
  5
650
330
17
100
AcDbEntity
  8
hatch
100
AcDbLine
 10
0.2500000000000002
 20
2.5504617357994768
 30
0.0
 11
0.5995382642005238
 21
2.9000000000000004
 31
0.0
  0
LINE
  5
651
330
17
100
AcDbEntity
  8
hatch
100
AcDbLine
 10
0.25000000000000044
 20
2.8333044482740974
 30
0.0
 11
0.3166955517259036
 21
2.9000000000000004
 31
0.0
  0
LWPOLYLINE
  5
652
330
17
100
AcDbEntity
  8
marco-fino
100
AcDbPolyline
 90
4
 70
1
 10
0.25
 20
0.0
 10
16.65
 20
0.0
 10
16.65
 20
2.9
 10
0.25
 20
2.9
  0
LWPOLYLINE
  5
653
330
17
100
AcDbEntity
  8
fondo
100
AcDbPolyline
 90
4
 70
1
 10
14.4
 20
1.7
 10
14.9
 20
1.7
 10
14.9
 20
3.2
 10
14.4
 20
3.2
  0
LINE
  5
654
330
17
100
AcDbEntity
  8
hatch
100
AcDbLine
 10
14.61715728752538
 20
1.6999999999999984
 30
0.0
 11
14.899999999999999
 21
1.9828427124746169
 31
0.0
  0
LINE
  5
655
330
17
100
AcDbEntity
  8
hatch
100
AcDbLine
 10
14.4
 20
1.7656854249492389
 30
0.0
 11
14.899999999999999
 21
2.265685424949239
 31
0.0
  0
LINE
  5
656
330
17
100
AcDbEntity
  8
hatch
100
AcDbLine
 10
14.400000000000002
 20
2.0485281374238564
 30
0.0
 11
14.899999999999999
 21
2.5485281374238546
 31
0.0
  0
LINE
  5
657
330
17
100
AcDbEntity
  8
hatch
100
AcDbLine
 10
14.399999999999999
 20
2.3313708498984775
 30
0.0
 11
14.899999999999999
 21
2.831370849898474
 31
0.0
  0
LINE
  5
658
330
17
100
AcDbEntity
  8
hatch
100
AcDbLine
 10
14.4
 20
2.614213562373094
 30
0.0
 11
14.899999999999999
 21
3.1142135623730924
 31
0.0
  0
LINE
  5
659
330
17
100
AcDbEntity
  8
hatch
100
AcDbLine
 10
14.399999999999999
 20
2.8970562748477127
 30
0.0
 11
14.702943725152288
 21
3.2
 31
0.0
  0
LINE
  5
65A
330
17
100
AcDbEntity
  8
hatch
100
AcDbLine
 10
14.399999999999999
 20
3.179898987322332
 30
0.0
 11
14.420101012677666
 21
3.1999999999999993
 31
0.0
  0
LWPOLYLINE
  5
65B
330
17
100
AcDbEntity
  8
marco-medio
100
AcDbPolyline
 90
4
 70
1
 10
14.4
 20
1.7
 10
14.9
 20
1.7
 10
14.9
 20
3.2
 10
14.4
 20
3.2
  0
LINE
  5
65C
330
17
100
AcDbEntity
  8
vidrio
100
AcDbLine
 10
14.4
 20
2.45
 30
0.0
 11
14.9
 21
2.45
 31
0.0
  0
LINE
  5
65D
330
17
100
AcDbEntity
  8
carpinteria
100
AcDbLine
 10
14.65
 20
1.7
 30
0.0
 11
14.65
 21
3.2
 31
0.0
  0
LINE
  5
65E
330
17
100
AcDbEntity
  8
carpinteria
100
AcDbLine
 10
14.419999999999998
 20
1.7
 30
0.0
 11
14.88
 21
1.7
 31
0.0
  0
LINE
  5
65F
330
17
100
AcDbEntity
  8
carpinteria
100
AcDbLine
 10
14.419999999999998
 20
3.2
 30
0.0
 11
14.88
 21
3.2
 31
0.0
  0
LWPOLYLINE
  5
660
330
17
100
AcDbEntity
  8
fondo
100
AcDbPolyline
 90
4
 70
1
 10
1.4
 20
0.0
 10
2.3
 20
0.0
 10
2.3
 20
2.1
 10
1.4
 20
2.1
  0
LINE
  5
661
330
17
100
AcDbEntity
  8
hatch
100
AcDbLine
 10
2.0171572875253805
 20
0.0
 30
0.0
 11
2.3
 21
0.2828427124746189
 31
0.0
  0
LINE
  5
662
330
17
100
AcDbEntity
  8
hatch
100
AcDbLine
 10
1.7343145750507616
 20
1.1102230246251565e-16
 30
0.0
 11
2.3
 21
0.5656854249492381
 31
0.0
  0
LINE
  5
663
330
17
100
AcDbEntity
  8
hatch
100
AcDbLine
 10
1.4514718625761427
 20
0.0
 30
0.0
 11
2.3
 21
0.8485281374238572
 31
0.0
  0
LINE
  5
664
330
17
100
AcDbEntity
  8
hatch
100
AcDbLine
 10
1.4
 20
0.23137084989847634
 30
0.0
 11
2.3
 21
1.131370849898476
 31
0.0
  0
LINE
  5
665
330
17
100
AcDbEntity
  8
hatch
100
AcDbLine
 10
1.4
 20
0.5142135623730952
 30
0.0
 11
2.3
 21
1.4142135623730951
 31
0.0
  0
LINE
  5
666
330
17
100
AcDbEntity
  8
hatch
100
AcDbLine
 10
1.4
 20
0.7970562748477146
 30
0.0
 11
2.3
 21
1.6970562748477143
 31
0.0
  0
LINE
  5
667
330
17
100
AcDbEntity
  8
hatch
100
AcDbLine
 10
1.4
 20
1.0798989873223335
 30
0.0
 11
2.3
 21
1.9798989873223332
 31
0.0
  0
LINE
  5
668
330
17
100
AcDbEntity
  8
hatch
100
AcDbLine
 10
1.4
 20
1.3627416997969524
 30
0.0
 11
2.1372583002030483
 21
2.1
 31
0.0
  0
LINE
  5
669
330
17
100
AcDbEntity
  8
hatch
100
AcDbLine
 10
1.4
 20
1.6455844122715713
 30
0.0
 11
1.8544155877284287
 21
2.1
 31
0.0
  0
LINE
  5
66A
330
17
100
AcDbEntity
  8
hatch
100
AcDbLine
 10
1.4000000000000001
 20
1.9284271247461904
 30
0.0
 11
1.57157287525381
 21
2.1000000000000005
 31
0.0
  0
LWPOLYLINE
  5
66B
330
17
100
AcDbEntity
  8
marco-medio
100
AcDbPolyline
 90
4
 70
1
 10
1.4
 20
0.0
 10
2.3
 20
0.0
 10
2.3
 20
2.1
 10
1.4
 20
2.1
  0
LINE
  5
66C
330
17
100
AcDbEntity
  8
vidrio
100
AcDbLine
 10
1.4
 20
1.05
 30
0.0
 11
2.3
 21
1.05
 31
0.0
  0
LINE
  5
66D
330
17
100
AcDbEntity
  8
carpinteria
100
AcDbLine
 10
1.85
 20
0.0
 30
0.0
 11
1.85
 21
2.1
 31
0.0
  0
LINE
  5
66E
330
17
100
AcDbEntity
  8
carpinteria
100
AcDbLine
 10
1.4199999999999988
 20
0.0
 30
0.0
 11
2.280000000000001
 21
0.0
 31
0.0
  0
LINE
  5
66F
330
17
100
AcDbEntity
  8
carpinteria
100
AcDbLine
 10
1.4199999999999988
 20
2.1
 30
0.0
 11
2.280000000000001
 21
2.1
 31
0.0
  0
LWPOLYLINE
  5
670
330
17
100
AcDbEntity
  8
fondo
100
AcDbPolyline
 90
4
 70
1
 10
4.75
 20
0.0
 10
5.65
 20
0.0
 10
5.65
 20
2.1
 10
4.75
 20
2.1
  0
LINE
  5
671
330
17
100
AcDbEntity
  8
hatch
100
AcDbLine
 10
5.367157287525381
 20
0.0
 30
0.0
 11
5.65
 21
0.2828427124746189
 31
0.0
  0
LINE
  5
672
330
17
100
AcDbEntity
  8
hatch
100
AcDbLine
 10
5.084314575050763
 20
0.0
 30
0.0
 11
5.65
 21
0.5656854249492378
 31
0.0
  0
LINE
  5
673
330
17
100
AcDbEntity
  8
hatch
100
AcDbLine
 10
4.801471862576143
 20
0.0
 30
0.0
 11
5.65
 21
0.8485281374238571
 31
0.0
  0
LINE
  5
674
330
17
100
AcDbEntity
  8
hatch
100
AcDbLine
 10
4.75
 20
0.23137084989847478
 30
0.0
 11
5.65
 21
1.1313708498984751
 31
0.0
  0
LINE
  5
675
330
17
100
AcDbEntity
  8
hatch
100
AcDbLine
 10
4.75
 20
0.5142135623730941
 30
0.0
 11
5.65
 21
1.4142135623730954
 31
0.0
  0
LINE
  5
676
330
17
100
AcDbEntity
  8
hatch
100
AcDbLine
 10
4.75
 20
0.7970562748477135
 30
0.0
 11
5.65
 21
1.6970562748477138
 31
0.0
  0
LINE
  5
677
330
17
100
AcDbEntity
  8
hatch
100
AcDbLine
 10
4.75
 20
1.0798989873223332
 30
0.0
 11
5.650000000000001
 21
1.9798989873223336
 31
0.0
  0
LINE
  5
678
330
17
100
AcDbEntity
  8
hatch
100
AcDbLine
 10
4.75
 20
1.3627416997969513
 30
0.0
 11
5.487258300203049
 21
2.1
 31
0.0
  0
LINE
  5
679
330
17
100
AcDbEntity
  8
hatch
100
AcDbLine
 10
4.75
 20
1.64558441227157
 30
0.0
 11
5.20441558772843
 21
2.1000000000000005
 31
0.0
  0
LINE
  5
67A
330
17
100
AcDbEntity
  8
hatch
100
AcDbLine
 10
4.75
 20
1.9284271247461897
 30
0.0
 11
4.92157287525381
 21
2.0999999999999996
 31
0.0
  0
LWPOLYLINE
  5
67B
330
17
100
AcDbEntity
  8
marco-medio
100
AcDbPolyline
 90
4
 70
1
 10
4.75
 20
0.0
 10
5.65
 20
0.0
 10
5.65
 20
2.1
 10
4.75
 20
2.1
  0
LINE
  5
67C
330
17
100
AcDbEntity
  8
vidrio
100
AcDbLine
 10
4.75
 20
1.05
 30
0.0
 11
5.65
 21
1.05
 31
0.0
  0
LINE
  5
67D
330
17
100
AcDbEntity
  8
carpinteria
100
AcDbLine
 10
5.2
 20
0.0
 30
0.0
 11
5.2
 21
2.1
 31
0.0
  0
LINE
  5
67E
330
17
100
AcDbEntity
  8
carpinteria
100
AcDbLine
 10
4.769999999999999
 20
0.0
 30
0.0
 11
5.630000000000001
 21
0.0
 31
0.0
  0
LINE
  5
67F
330
17
100
AcDbEntity
  8
carpinteria
100
AcDbLine
 10
4.769999999999999
 20
2.1
 30
0.0
 11
5.630000000000001
 21
2.1
 31
0.0
  0
LWPOLYLINE
  5
680
330
17
100
AcDbEntity
  8
fondo
100
AcDbPolyline
 90
4
 70
1
 10
8.1
 20
0.0
 10
9.0
 20
0.0
 10
9.0
 20
2.1
 10
8.1
 20
2.1
  0
LINE
  5
681
330
17
100
AcDbEntity
  8
hatch
100
AcDbLine
 10
8.717157287525382
 20
0.0
 30
0.0
 11
9.0
 21
0.28284271247461934
 31
0.0
  0
LINE
  5
682
330
17
100
AcDbEntity
  8
hatch
100
AcDbLine
 10
8.434314575050763
 20
0.0
 30
0.0
 11
9.0
 21
0.5656854249492387
 31
0.0
  0
LINE
  5
683
330
17
100
AcDbEntity
  8
hatch
100
AcDbLine
 10
8.151471862576145
 20
0.0
 30
0.0
 11
9.0
 21
0.8485281374238562
 31
0.0
  0
LINE
  5
684
330
17
100
AcDbEntity
  8
hatch
100
AcDbLine
 10
8.1
 20
0.23137084989847523
 30
0.0
 11
9.0
 21
1.1313708498984756
 31
0.0
  0
LINE
  5
685
330
17
100
AcDbEntity
  8
hatch
100
AcDbLine
 10
8.1
 20
0.5142135623730941
 30
0.0
 11
9.0
 21
1.4142135623730945
 31
0.0
  0
LINE
  5
686
330
17
100
AcDbEntity
  8
hatch
100
AcDbLine
 10
8.1
 20
0.7970562748477139
 30
0.0
 11
9.0
 21
1.6970562748477134
 31
0.0
  0
LINE
  5
687
330
17
100
AcDbEntity
  8
hatch
100
AcDbLine
 10
8.099999999999998
 20
1.079898987322332
 30
0.0
 11
9.0
 21
1.9798989873223332
 31
0.0
  0
LINE
  5
688
330
17
100
AcDbEntity
  8
hatch
100
AcDbLine
 10
8.1
 20
1.36274169979695
 30
0.0
 11
8.837258300203048
 21
2.1000000000000005
 31
0.0
  0
LINE
  5
689
330
17
100
AcDbEntity
  8
hatch
100
AcDbLine
 10
8.1
 20
1.6455844122715697
 30
0.0
 11
8.55441558772843
 21
2.1
 31
0.0
  0
LINE
  5
68A
330
17
100
AcDbEntity
  8
hatch
100
AcDbLine
 10
8.1
 20
1.9284271247461886
 30
0.0
 11
8.271572875253812
 21
2.1000000000000005
 31
0.0
  0
LWPOLYLINE
  5
68B
330
17
100
AcDbEntity
  8
marco-medio
100
AcDbPolyline
 90
4
 70
1
 10
8.1
 20
0.0
 10
9.0
 20
0.0
 10
9.0
 20
2.1
 10
8.1
 20
2.1
  0
LINE
  5
68C
330
17
100
AcDbEntity
  8
vidrio
100
AcDbLine
 10
8.1
 20
1.05
 30
0.0
 11
9.0
 21
1.05
 31
0.0
  0
LINE
  5
68D
330
17
100
AcDbEntity
  8
carpinteria
100
AcDbLine
 10
8.55
 20
0.0
 30
0.0
 11
8.55
 21
2.1
 31
0.0
  0
LINE
  5
68E
330
17
100
AcDbEntity
  8
carpinteria
100
AcDbLine
 10
8.120000000000005
 20
0.0
 30
0.0
 11
8.98
 21
0.0
 31
0.0
  0
LINE
  5
68F
330
17
100
AcDbEntity
  8
carpinteria
100
AcDbLine
 10
8.120000000000005
 20
2.1
 30
0.0
 11
8.98
 21
2.1
 31
0.0
  0
LWPOLYLINE
  5
690
330
17
100
AcDbEntity
  8
fondo
100
AcDbPolyline
 90
4
 70
1
 10
11.45
 20
0.0
 10
12.35
 20
0.0
 10
12.35
 20
2.1
 10
11.45
 20
2.1
  0
LINE
  5
691
330
17
100
AcDbEntity
  8
hatch
100
AcDbLine
 10
12.067157287525381
 20
0.0
 30
0.0
 11
12.35
 21
0.28284271247461845
 31
0.0
  0
LINE
  5
692
330
17
100
AcDbEntity
  8
hatch
100
AcDbLine
 10
11.784314575050761
 20
0.0
 30
0.0
 11
12.35
 21
0.5656854249492387
 31
0.0
  0
LINE
  5
693
330
17
100
AcDbEntity
  8
hatch
100
AcDbLine
 10
11.501471862576143
 20
0.0
 30
0.0
 11
12.35
 21
0.8485281374238571
 31
0.0
  0
LINE
  5
694
330
17
100
AcDbEntity
  8
hatch
100
AcDbLine
 10
11.45
 20
0.23137084989847434
 30
0.0
 11
12.35
 21
1.1313708498984747
 31
0.0
  0
LINE
  5
695
330
17
100
AcDbEntity
  8
hatch
100
AcDbLine
 10
11.45
 20
0.5142135623730946
 30
0.0
 11
12.35
 21
1.4142135623730958
 31
0.0
  0
LINE
  5
696
330
17
100
AcDbEntity
  8
hatch
100
AcDbLine
 10
11.45
 20
0.7970562748477139
 30
0.0
 11
12.350000000000001
 21
1.6970562748477152
 31
0.0
  0
LINE
  5
697
330
17
100
AcDbEntity
  8
hatch
100
AcDbLine
 10
11.45
 20
1.0798989873223332
 30
0.0
 11
12.35
 21
1.9798989873223336
 31
0.0
  0
LINE
  5
698
330
17
100
AcDbEntity
  8
hatch
100
AcDbLine
 10
11.45
 20
1.3627416997969517
 30
0.0
 11
12.187258300203048
 21
2.1000000000000014
 31
0.0
  0
LINE
  5
699
330
17
100
AcDbEntity
  8
hatch
100
AcDbLine
 10
11.45
 20
1.6455844122715702
 30
0.0
 11
11.90441558772843
 21
2.1000000000000014
 31
0.0
  0
LINE
  5
69A
330
17
100
AcDbEntity
  8
hatch
100
AcDbLine
 10
11.45
 20
1.9284271247461904
 30
0.0
 11
11.621572875253811
 21
2.1000000000000014
 31
0.0
  0
LWPOLYLINE
  5
69B
330
17
100
AcDbEntity
  8
marco-medio
100
AcDbPolyline
 90
4
 70
1
 10
11.45
 20
0.0
 10
12.35
 20
0.0
 10
12.35
 20
2.1
 10
11.45
 20
2.1
  0
LINE
  5
69C
330
17
100
AcDbEntity
  8
vidrio
100
AcDbLine
 10
11.45
 20
1.05
 30
0.0
 11
12.35
 21
1.05
 31
0.0
  0
LINE
  5
69D
330
17
100
AcDbEntity
  8
carpinteria
100
AcDbLine
 10
11.9
 20
0.0
 30
0.0
 11
11.9
 21
2.1
 31
0.0
  0
LINE
  5
69E
330
17
100
AcDbEntity
  8
carpinteria
100
AcDbLine
 10
11.469999999999999
 20
0.0
 30
0.0
 11
12.330000000000002
 21
0.0
 31
0.0
  0
LINE
  5
69F
330
17
100
AcDbEntity
  8
carpinteria
100
AcDbLine
 10
11.469999999999999
 20
2.1
 30
0.0
 11
12.330000000000002
 21
2.1
 31
0.0
  0
LINE
  5
6A0
330
17
100
AcDbEntity
  8
marco-medio
100
AcDbLine
 10
16.65
 20
2.1
 30
0.0
 11
20.05
 21
2.1
 31
0.0
  0
LWPOLYLINE
  5
6A1
330
17
100
AcDbEntity
  8
sombra
100
AcDbPolyline
 90
4
 70
1
 10
0.25
 20
0.0
 10
23.75
 20
0.0
 10
23.75
 20
2.9
 10
0.25
 20
2.9
  0
LINE
  5
6A2
330
17
100
AcDbEntity
  8
hatch
100
AcDbLine
 10
23.46715728752538
 20
1.7763568394002505e-15
 30
0.0
 11
23.75
 21
0.28284271247462023
 31
0.0
  0
LINE
  5
6A3
330
17
100
AcDbEntity
  8
hatch
100
AcDbLine
 10
23.184314575050763
 20
0.0
 30
0.0
 11
23.75
 21
0.5656854249492351
 31
0.0
  0
LINE
  5
6A4
330
17
100
AcDbEntity
  8
hatch
100
AcDbLine
 10
22.901471862576138
 20
1.7763568394002505e-15
 30
0.0
 11
23.75
 21
0.8485281374238607
 31
0.0
  0
LINE
  5
6A5
330
17
100
AcDbEntity
  8
hatch
100
AcDbLine
 10
22.61862915010152
 20
1.7763568394002505e-15
 30
0.0
 11
23.75
 21
1.1313708498984791
 31
0.0
  0
LINE
  5
6A6
330
17
100
AcDbEntity
  8
hatch
100
AcDbLine
 10
22.3357864376269
 20
1.7763568394002505e-15
 30
0.0
 11
23.75
 21
1.4142135623730958
 31
0.0
  0
LINE
  5
6A7
330
17
100
AcDbEntity
  8
hatch
100
AcDbLine
 10
22.052943725152282
 20
-1.7763568394002505e-15
 30
0.0
 11
23.75
 21
1.6970562748477125
 31
0.0
  0
LINE
  5
6A8
330
17
100
AcDbEntity
  8
hatch
100
AcDbLine
 10
21.770101012677664
 20
0.0
 30
0.0
 11
23.749999999999996
 21
1.9798989873223327
 31
0.0
  0
LINE
  5
6A9
330
17
100
AcDbEntity
  8
hatch
100
AcDbLine
 10
21.487258300203045
 20
0.0
 30
0.0
 11
23.75
 21
2.262741699796953
 31
0.0
  0
LINE
  5
6AA
330
17
100
AcDbEntity
  8
hatch
100
AcDbLine
 10
21.204415587728427
 20
-1.7763568394002505e-15
 30
0.0
 11
23.75
 21
2.5455844122715714
 31
0.0
  0
LINE
  5
6AB
330
17
100
AcDbEntity
  8
hatch
100
AcDbLine
 10
20.92157287525381
 20
0.0
 30
0.0
 11
23.75
 21
2.82842712474619
 31
0.0
  0
LINE
  5
6AC
330
17
100
AcDbEntity
  8
hatch
100
AcDbLine
 10
20.63873016277919
 20
0.0
 30
0.0
 11
23.53873016277919
 21
2.9000000000000004
 31
0.0
  0
LINE
  5
6AD
330
17
100
AcDbEntity
  8
hatch
100
AcDbLine
 10
20.35588745030457
 20
1.7763568394002505e-15
 30
0.0
 11
23.25588745030457
 21
2.900000000000002
 31
0.0
  0
LINE
  5
6AE
330
17
100
AcDbEntity
  8
hatch
100
AcDbLine
 10
20.073044737829953
 20
1.7763568394002505e-15
 30
0.0
 11
22.97304473782995
 21
2.8999999999999986
 31
0.0
  0
LINE
  5
6AF
330
17
100
AcDbEntity
  8
hatch
100
AcDbLine
 10
19.79020202535533
 20
0.0
 30
0.0
 11
22.690202025355333
 21
2.9000000000000004
 31
0.0
  0
LINE
  5
6B0
330
17
100
AcDbEntity
  8
hatch
100
AcDbLine
 10
19.507359312880713
 20
0.0
 30
0.0
 11
22.407359312880715
 21
2.9000000000000004
 31
0.0
  0
LINE
  5
6B1
330
17
100
AcDbEntity
  8
hatch
100
AcDbLine
 10
19.224516600406094
 20
1.7763568394002505e-15
 30
0.0
 11
22.124516600406096
 21
2.9000000000000004
 31
0.0
  0
LINE
  5
6B2
330
17
100
AcDbEntity
  8
hatch
100
AcDbLine
 10
18.941673887931476
 20
1.7763568394002505e-15
 30
0.0
 11
21.841673887931478
 21
2.900000000000002
 31
0.0
  0
LINE
  5
6B3
330
17
100
AcDbEntity
  8
hatch
100
AcDbLine
 10
18.658831175456857
 20
0.0
 30
0.0
 11
21.558831175456856
 21
2.8999999999999986
 31
0.0
  0
LINE
  5
6B4
330
17
100
AcDbEntity
  8
hatch
100
AcDbLine
 10
18.375988462982235
 20
1.7763568394002505e-15
 30
0.0
 11
21.275988462982234
 21
2.9000000000000004
 31
0.0
  0
LINE
  5
6B5
330
17
100
AcDbEntity
  8
hatch
100
AcDbLine
 10
18.093145750507617
 20
0.0
 30
0.0
 11
20.993145750507615
 21
2.9000000000000004
 31
0.0
  0
LINE
  5
6B6
330
17
100
AcDbEntity
  8
hatch
100
AcDbLine
 10
17.810303038033
 20
0.0
 30
0.0
 11
20.710303038032997
 21
2.9000000000000004
 31
0.0
  0
LINE
  5
6B7
330
17
100
AcDbEntity
  8
hatch
100
AcDbLine
 10
17.52746032555838
 20
0.0
 30
0.0
 11
20.42746032555838
 21
2.9000000000000004
 31
0.0
  0
LINE
  5
6B8
330
17
100
AcDbEntity
  8
hatch
100
AcDbLine
 10
17.244617613083758
 20
0.0
 30
0.0
 11
20.14461761308376
 21
2.9000000000000004
 31
0.0
  0
LINE
  5
6B9
330
17
100
AcDbEntity
  8
hatch
100
AcDbLine
 10
16.96177490060914
 20
0.0
 30
0.0
 11
19.86177490060914
 21
2.9000000000000004
 31
0.0
  0
LINE
  5
6BA
330
17
100
AcDbEntity
  8
hatch
100
AcDbLine
 10
16.67893218813452
 20
0.0
 30
0.0
 11
19.578932188134523
 21
2.9000000000000004
 31
0.0
  0
LINE
  5
6BB
330
17
100
AcDbEntity
  8
hatch
100
AcDbLine
 10
16.396089475659906
 20
0.0
 30
0.0
 11
19.296089475659905
 21
2.9000000000000004
 31
0.0
  0
LINE
  5
6BC
330
17
100
AcDbEntity
  8
hatch
100
AcDbLine
 10
16.11324676318528
 20
0.0
 30
0.0
 11
19.013246763185286
 21
2.9000000000000004
 31
0.0
  0
LINE
  5
6BD
330
17
100
AcDbEntity
  8
hatch
100
AcDbLine
 10
15.830404050710662
 20
0.0
 30
0.0
 11
18.730404050710664
 21
2.9000000000000004
 31
0.0
  0
LINE
  5
6BE
330
17
100
AcDbEntity
  8
hatch
100
AcDbLine
 10
15.547561338236045
 20
8.881784197001252e-16
 30
0.0
 11
18.447561338236046
 21
2.8999999999999995
 31
0.0
  0
LINE
  5
6BF
330
17
100
AcDbEntity
  8
hatch
100
AcDbLine
 10
15.264718625761429
 20
8.881784197001252e-16
 30
0.0
 11
18.164718625761427
 21
2.8999999999999995
 31
0.0
  0
LINE
  5
6C0
330
17
100
AcDbEntity
  8
hatch
100
AcDbLine
 10
14.98187591328681
 20
1.7763568394002505e-15
 30
0.0
 11
17.88187591328681
 21
2.9000000000000012
 31
0.0
  0
LINE
  5
6C1
330
17
100
AcDbEntity
  8
hatch
100
AcDbLine
 10
14.69903320081219
 20
8.881784197001252e-16
 30
0.0
 11
17.59903320081219
 21
2.9000000000000004
 31
0.0
  0
LINE
  5
6C2
330
17
100
AcDbEntity
  8
hatch
100
AcDbLine
 10
14.416190488337566
 20
0.0
 30
0.0
 11
17.31619048833757
 21
2.8999999999999995
 31
0.0
  0
LINE
  5
6C3
330
17
100
AcDbEntity
  8
hatch
100
AcDbLine
 10
14.13334777586295
 20
0.0
 30
0.0
 11
17.03334777586295
 21
2.9000000000000012
 31
0.0
  0
LINE
  5
6C4
330
17
100
AcDbEntity
  8
hatch
100
AcDbLine
 10
13.850505063388333
 20
0.0
 30
0.0
 11
16.75050506338833
 21
2.9000000000000012
 31
0.0
  0
LINE
  5
6C5
330
17
100
AcDbEntity
  8
hatch
100
AcDbLine
 10
13.567662350913714
 20
8.881784197001252e-16
 30
0.0
 11
16.467662350913713
 21
2.9000000000000012
 31
0.0
  0
LINE
  5
6C6
330
17
100
AcDbEntity
  8
hatch
100
AcDbLine
 10
13.284819638439092
 20
8.881784197001252e-16
 30
0.0
 11
16.184819638439095
 21
2.9000000000000004
 31
0.0
  0
LINE
  5
6C7
330
17
100
AcDbEntity
  8
hatch
100
AcDbLine
 10
13.001976925964474
 20
0.0
 30
0.0
 11
15.901976925964473
 21
2.9000000000000012
 31
0.0
  0
LINE
  5
6C8
330
17
100
AcDbEntity
  8
hatch
100
AcDbLine
 10
12.719134213489856
 20
8.881784197001252e-16
 30
0.0
 11
15.619134213489856
 21
2.9000000000000012
 31
0.0
  0
LINE
  5
6C9
330
17
100
AcDbEntity
  8
hatch
100
AcDbLine
 10
12.436291501015237
 20
0.0
 30
0.0
 11
15.336291501015237
 21
2.9000000000000004
 31
0.0
  0
LINE
  5
6CA
330
17
100
AcDbEntity
  8
hatch
100
AcDbLine
 10
12.153448788540615
 20
8.881784197001252e-16
 30
0.0
 11
15.053448788540617
 21
2.9000000000000004
 31
0.0
  0
LINE
  5
6CB
330
17
100
AcDbEntity
  8
hatch
100
AcDbLine
 10
11.870606076065998
 20
0.0
 30
0.0
 11
14.770606076065999
 21
2.8999999999999995
 31
0.0
  0
LINE
  5
6CC
330
17
100
AcDbEntity
  8
hatch
100
AcDbLine
 10
11.58776336359138
 20
0.0
 30
0.0
 11
14.48776336359138
 21
2.9000000000000012
 31
0.0
  0
LINE
  5
6CD
330
17
100
AcDbEntity
  8
hatch
100
AcDbLine
 10
11.30492065111676
 20
0.0
 30
0.0
 11
14.204920651116762
 21
2.9000000000000004
 31
0.0
  0
LINE
  5
6CE
330
17
100
AcDbEntity
  8
hatch
100
AcDbLine
 10
11.022077938642141
 20
0.0
 30
0.0
 11
13.922077938642143
 21
2.9000000000000004
 31
0.0
  0
LINE
  5
6CF
330
17
100
AcDbEntity
  8
hatch
100
AcDbLine
 10
10.739235226167521
 20
0.0
 30
0.0
 11
13.639235226167523
 21
2.9000000000000012
 31
0.0
  0
LINE
  5
6D0
330
17
100
AcDbEntity
  8
hatch
100
AcDbLine
 10
10.456392513692903
 20
8.881784197001252e-16
 30
0.0
 11
13.356392513692903
 21
2.9000000000000012
 31
0.0
  0
LINE
  5
6D1
330
17
100
AcDbEntity
  8
hatch
100
AcDbLine
 10
10.173549801218282
 20
0.0
 30
0.0
 11
13.073549801218284
 21
2.9000000000000004
 31
0.0
  0
LINE
  5
6D2
330
17
100
AcDbEntity
  8
hatch
100
AcDbLine
 10
9.890707088743664
 20
0.0
 30
0.0
 11
12.790707088743666
 21
2.9000000000000012
 31
0.0
  0
LINE
  5
6D3
330
17
100
AcDbEntity
  8
hatch
100
AcDbLine
 10
9.607864376269045
 20
0.0
 30
0.0
 11
12.507864376269048
 21
2.9000000000000012
 31
0.0
  0
LINE
  5
6D4
330
17
100
AcDbEntity
  8
hatch
100
AcDbLine
 10
9.325021663794425
 20
0.0
 30
0.0
 11
12.225021663794426
 21
2.9000000000000012
 31
0.0
  0
LINE
  5
6D5
330
17
100
AcDbEntity
  8
hatch
100
AcDbLine
 10
9.042178951319809
 20
0.0
 30
0.0
 11
11.942178951319809
 21
2.9000000000000012
 31
0.0
  0
LINE
  5
6D6
330
17
100
AcDbEntity
  8
hatch
100
AcDbLine
 10
8.759336238845187
 20
8.881784197001252e-16
 30
0.0
 11
11.659336238845189
 21
2.9000000000000012
 31
0.0
  0
LINE
  5
6D7
330
17
100
AcDbEntity
  8
hatch
100
AcDbLine
 10
8.47649352637057
 20
8.881784197001252e-16
 30
0.0
 11
11.37649352637057
 21
2.9000000000000012
 31
0.0
  0
LINE
  5
6D8
330
17
100
AcDbEntity
  8
hatch
100
AcDbLine
 10
8.193650813895951
 20
0.0
 30
0.0
 11
11.093650813895952
 21
2.9000000000000004
 31
0.0
  0
LINE
  5
6D9
330
17
100
AcDbEntity
  8
hatch
100
AcDbLine
 10
7.91080810142133
 20
0.0
 30
0.0
 11
10.810808101421332
 21
2.900000000000001
 31
0.0
  0
LINE
  5
6DA
330
17
100
AcDbEntity
  8
hatch
100
AcDbLine
 10
7.627965388946713
 20
0.0
 30
0.0
 11
10.527965388946715
 21
2.9000000000000004
 31
0.0
  0
LINE
  5
6DB
330
17
100
AcDbEntity
  8
hatch
100
AcDbLine
 10
7.3451226764720925
 20
0.0
 30
0.0
 11
10.245122676472093
 21
2.900000000000001
 31
0.0
  0
LINE
  5
6DC
330
17
100
AcDbEntity
  8
hatch
100
AcDbLine
 10
7.062279963997474
 20
0.0
 30
0.0
 11
9.962279963997474
 21
2.9000000000000012
 31
0.0
  0
LINE
  5
6DD
330
17
100
AcDbEntity
  8
hatch
100
AcDbLine
 10
6.779437251522856
 20
0.0
 30
0.0
 11
9.679437251522858
 21
2.9000000000000012
 31
0.0
  0
LINE
  5
6DE
330
17
100
AcDbEntity
  8
hatch
100
AcDbLine
 10
6.496594539048235
 20
0.0
 30
0.0
 11
9.396594539048237
 21
2.9000000000000012
 31
0.0
  0
LINE
  5
6DF
330
17
100
AcDbEntity
  8
hatch
100
AcDbLine
 10
6.213751826573617
 20
4.440892098500626e-16
 30
0.0
 11
9.113751826573619
 21
2.9000000000000012
 31
0.0
  0
LINE
  5
6E0
330
17
100
AcDbEntity
  8
hatch
100
AcDbLine
 10
5.930909114098997
 20
0.0
 30
0.0
 11
8.830909114098999
 21
2.9000000000000012
 31
0.0
  0
LINE
  5
6E1
330
17
100
AcDbEntity
  8
hatch
100
AcDbLine
 10
5.648066401624378
 20
0.0
 30
0.0
 11
8.54806640162438
 21
2.9000000000000012
 31
0.0
  0
LINE
  5
6E2
330
17
100
AcDbEntity
  8
hatch
100
AcDbLine
 10
5.365223689149761
 20
0.0
 30
0.0
 11
8.265223689149762
 21
2.900000000000001
 31
0.0
  0
LINE
  5
6E3
330
17
100
AcDbEntity
  8
hatch
100
AcDbLine
 10
5.08238097667514
 20
0.0
 30
0.0
 11
7.982380976675142
 21
2.900000000000001
 31
0.0
  0
LINE
  5
6E4
330
17
100
AcDbEntity
  8
hatch
100
AcDbLine
 10
4.799538264200522
 20
0.0
 30
0.0
 11
7.699538264200523
 21
2.900000000000001
 31
0.0
  0
LINE
  5
6E5
330
17
100
AcDbEntity
  8
hatch
100
AcDbLine
 10
4.516695551725901
 20
0.0
 30
0.0
 11
7.416695551725903
 21
2.900000000000001
 31
0.0
  0
LINE
  5
6E6
330
17
100
AcDbEntity
  8
hatch
100
AcDbLine
 10
4.233852839251283
 20
0.0
 30
0.0
 11
7.1338528392512845
 21
2.9000000000000017
 31
0.0
  0
LINE
  5
6E7
330
17
100
AcDbEntity
  8
hatch
100
AcDbLine
 10
3.9510101267766657
 20
4.440892098500626e-16
 30
0.0
 11
6.851010126776668
 21
2.9000000000000012
 31
0.0
  0
LINE
  5
6E8
330
17
100
AcDbEntity
  8
hatch
100
AcDbLine
 10
3.6681674143020446
 20
0.0
 30
0.0
 11
6.568167414302047
 21
2.9000000000000012
 31
0.0
  0
LINE
  5
6E9
330
17
100
AcDbEntity
  8
hatch
100
AcDbLine
 10
3.385324701827427
 20
0.0
 30
0.0
 11
6.285324701827429
 21
2.9000000000000012
 31
0.0
  0
LINE
  5
6EA
330
17
100
AcDbEntity
  8
hatch
100
AcDbLine
 10
3.1024819893528064
 20
0.0
 30
0.0
 11
6.002481989352809
 21
2.9000000000000012
 31
0.0
  0
LINE
  5
6EB
330
17
100
AcDbEntity
  8
hatch
100
AcDbLine
 10
2.8196392768781884
 20
0.0
 30
0.0
 11
5.7196392768781905
 21
2.9000000000000012
 31
0.0
  0
LINE
  5
6EC
330
17
100
AcDbEntity
  8
hatch
100
AcDbLine
 10
2.5367965644035704
 20
0.0
 30
0.0
 11
5.436796564403572
 21
2.9000000000000012
 31
0.0
  0
LINE
  5
6ED
330
17
100
AcDbEntity
  8
hatch
100
AcDbLine
 10
2.2539538519289497
 20
2.220446049250313e-16
 30
0.0
 11
5.153953851928952
 21
2.9000000000000012
 31
0.0
  0
LINE
  5
6EE
330
17
100
AcDbEntity
  8
hatch
100
AcDbLine
 10
1.9711111394543317
 20
0.0
 30
0.0
 11
4.871111139454333
 21
2.9000000000000012
 31
0.0
  0
LINE
  5
6EF
330
17
100
AcDbEntity
  8
hatch
100
AcDbLine
 10
1.6882684269797112
 20
0.0
 30
0.0
 11
4.588268426979713
 21
2.9000000000000017
 31
0.0
  0
LINE
  5
6F0
330
17
100
AcDbEntity
  8
hatch
100
AcDbLine
 10
1.405425714505093
 20
-1.1102230246251565e-16
 30
0.0
 11
4.305425714505095
 21
2.9000000000000012
 31
0.0
  0
LINE
  5
6F1
330
17
100
AcDbEntity
  8
hatch
100
AcDbLine
 10
1.122583002030475
 20
0.0
 30
0.0
 11
4.022583002030477
 21
2.9000000000000017
 31
0.0
  0
LINE
  5
6F2
330
17
100
AcDbEntity
  8
hatch
100
AcDbLine
 10
0.8397402895558572
 20
0.0
 30
0.0
 11
3.7397402895558587
 21
2.9000000000000012
 31
0.0
  0
LINE
  5
6F3
330
17
100
AcDbEntity
  8
hatch
100
AcDbLine
 10
0.5568975770812341
 20
0.0
 30
0.0
 11
3.456897577081236
 21
2.9000000000000012
 31
0.0
  0
LINE
  5
6F4
330
17
100
AcDbEntity
  8
hatch
100
AcDbLine
 10
0.27405486460661604
 20
0.0
 30
0.0
 11
3.1740548646066182
 21
2.9000000000000017
 31
0.0
  0
LINE
  5
6F5
330
17
100
AcDbEntity
  8
hatch
100
AcDbLine
 10
0.2500000000000001
 20
0.25878784786800213
 30
0.0
 11
2.891212152132
 21
2.9000000000000017
 31
0.0
  0
LINE
  5
6F6
330
17
100
AcDbEntity
  8
hatch
100
AcDbLine
 10
0.2500000000000001
 20
0.54163056034262
 30
0.0
 11
2.608369439657382
 21
2.9000000000000017
 31
0.0
  0
LINE
  5
6F7
330
17
100
AcDbEntity
  8
hatch
100
AcDbLine
 10
0.2500000000000002
 20
0.8244732728172381
 30
0.0
 11
2.3255267271827638
 21
2.9000000000000017
 31
0.0
  0
LINE
  5
6F8
330
17
100
AcDbEntity
  8
hatch
100
AcDbLine
 10
0.2500000000000003
 20
1.1073159852918613
 30
0.0
 11
2.042684014708141
 21
2.9000000000000017
 31
0.0
  0
LINE
  5
6F9
330
17
100
AcDbEntity
  8
hatch
100
AcDbLine
 10
0.25000000000000033
 20
1.390158697766479
 30
0.0
 11
1.7598413022335229
 21
2.9000000000000017
 31
0.0
  0
LINE
  5
6FA
330
17
100
AcDbEntity
  8
hatch
100
AcDbLine
 10
0.25000000000000033
 20
1.673001410241097
 30
0.0
 11
1.476998589758905
 21
2.9000000000000017
 31
0.0
  0
LINE
  5
6FB
330
17
100
AcDbEntity
  8
hatch
100
AcDbLine
 10
0.2500000000000002
 20
1.9558441227157153
 30
0.0
 11
1.1941558772842868
 21
2.9000000000000017
 31
0.0
  0
LINE
  5
6FC
330
17
100
AcDbEntity
  8
hatch
100
AcDbLine
 10
0.2500000000000002
 20
2.2386868351903333
 30
0.0
 11
0.9113131648096691
 21
2.9000000000000017
 31
0.0
  0
LINE
  5
6FD
330
17
100
AcDbEntity
  8
hatch
100
AcDbLine
 10
0.25000000000000044
 20
2.521529547664956
 30
0.0
 11
0.628470452335046
 21
2.9000000000000017
 31
0.0
  0
LINE
  5
6FE
330
17
100
AcDbEntity
  8
hatch
100
AcDbLine
 10
0.25000000000000044
 20
2.804372260139574
 30
0.0
 11
0.34562773986042794
 21
2.9000000000000017
 31
0.0
  0
LWPOLYLINE
  5
6FF
330
17
100
AcDbEntity
  8
marco-fino
100
AcDbPolyline
 90
4
 70
1
 10
0.25
 20
0.0
 10
23.75
 20
0.0
 10
23.75
 20
2.9
 10
0.25
 20
2.9
  0
LWPOLYLINE
  5
700
330
17
100
AcDbEntity
  8
fondo
100
AcDbPolyline
 90
4
 70
1
 10
1.1
 20
0.9
 10
2.6
 20
0.9
 10
2.6
 20
2.4
 10
1.1
 20
2.4
  0
LINE
  5
701
330
17
100
AcDbEntity
  8
hatch
100
AcDbLine
 10
2.317157287525381
 20
0.9000000000000001
 30
0.0
 11
2.6
 21
1.182842712474619
 31
0.0
  0
LINE
  5
702
330
17
100
AcDbEntity
  8
hatch
100
AcDbLine
 10
2.034314575050762
 20
0.9
 30
0.0
 11
2.5999999999999996
 21
1.4656854249492381
 31
0.0
  0
LINE
  5
703
330
17
100
AcDbEntity
  8
hatch
100
AcDbLine
 10
1.7514718625761427
 20
0.8999999999999999
 30
0.0
 11
2.5999999999999996
 21
1.7485281374238573
 31
0.0
  0
LINE
  5
704
330
17
100
AcDbEntity
  8
hatch
100
AcDbLine
 10
1.4686291501015238
 20
0.8999999999999999
 30
0.0
 11
2.6
 21
2.031370849898476
 31
0.0
  0
LINE
  5
705
330
17
100
AcDbEntity
  8
hatch
100
AcDbLine
 10
1.185786437626905
 20
0.8999999999999999
 30
0.0
 11
2.6
 21
2.3142135623730953
 31
0.0
  0
LINE
  5
706
330
17
100
AcDbEntity
  8
hatch
100
AcDbLine
 10
1.1
 20
1.0970562748477144
 30
0.0
 11
2.402943725152286
 21
2.3999999999999995
 31
0.0
  0
LINE
  5
707
330
17
100
AcDbEntity
  8
hatch
100
AcDbLine
 10
1.1
 20
1.3798989873223333
 30
0.0
 11
2.120101012677667
 21
2.4
 31
0.0
  0
LINE
  5
708
330
17
100
AcDbEntity
  8
hatch
100
AcDbLine
 10
1.1
 20
1.6627416997969522
 30
0.0
 11
1.8372583002030478
 21
2.4
 31
0.0
  0
LINE
  5
709
330
17
100
AcDbEntity
  8
hatch
100
AcDbLine
 10
1.1
 20
1.9455844122715713
 30
0.0
 11
1.554415587728429
 21
2.4
 31
0.0
  0
LINE
  5
70A
330
17
100
AcDbEntity
  8
hatch
100
AcDbLine
 10
1.1000000000000003
 20
2.22842712474619
 30
0.0
 11
1.2715728752538098
 21
2.4
 31
0.0
  0
LWPOLYLINE
  5
70B
330
17
100
AcDbEntity
  8
marco-medio
100
AcDbPolyline
 90
4
 70
1
 10
1.1
 20
0.9
 10
2.6
 20
0.9
 10
2.6
 20
2.4
 10
1.1
 20
2.4
  0
LINE
  5
70C
330
17
100
AcDbEntity
  8
vidrio
100
AcDbLine
 10
1.1
 20
1.65
 30
0.0
 11
2.6
 21
1.65
 31
0.0
  0
LINE
  5
70D
330
17
100
AcDbEntity
  8
carpinteria
100
AcDbLine
 10
1.85
 20
0.9
 30
0.0
 11
1.85
 21
2.4
 31
0.0
  0
LINE
  5
70E
330
17
100
AcDbEntity
  8
carpinteria
100
AcDbLine
 10
1.1199999999999988
 20
0.9
 30
0.0
 11
2.580000000000001
 21
0.9
 31
0.0
  0
LINE
  5
70F
330
17
100
AcDbEntity
  8
carpinteria
100
AcDbLine
 10
1.1199999999999988
 20
2.4
 30
0.0
 11
2.580000000000001
 21
2.4
 31
0.0
  0
LWPOLYLINE
  5
710
330
17
100
AcDbEntity
  8
fondo
100
AcDbPolyline
 90
4
 70
1
 10
4.45
 20
0.9
 10
5.95
 20
0.9
 10
5.95
 20
2.4
 10
4.45
 20
2.4
  0
LINE
  5
711
330
17
100
AcDbEntity
  8
hatch
100
AcDbLine
 10
5.667157287525381
 20
0.8999999999999999
 30
0.0
 11
5.949999999999999
 21
1.1828427124746193
 31
0.0
  0
LINE
  5
712
330
17
100
AcDbEntity
  8
hatch
100
AcDbLine
 10
5.384314575050762
 20
0.9000000000000004
 30
0.0
 11
5.95
 21
1.4656854249492381
 31
0.0
  0
LINE
  5
713
330
17
100
AcDbEntity
  8
hatch
100
AcDbLine
 10
5.101471862576142
 20
0.8999999999999995
 30
0.0
 11
5.95
 21
1.7485281374238575
 31
0.0
  0
LINE
  5
714
330
17
100
AcDbEntity
  8
hatch
100
AcDbLine
 10
4.818629150101524
 20
0.9000000000000004
 30
0.0
 11
5.95
 21
2.031370849898477
 31
0.0
  0
LINE
  5
715
330
17
100
AcDbEntity
  8
hatch
100
AcDbLine
 10
4.535786437626905
 20
0.9000000000000001
 30
0.0
 11
5.950000000000001
 21
2.3142135623730953
 31
0.0
  0
LINE
  5
716
330
17
100
AcDbEntity
  8
hatch
100
AcDbLine
 10
4.45
 20
1.0970562748477146
 30
0.0
 11
5.752943725152286
 21
2.4
 31
0.0
  0
LINE
  5
717
330
17
100
AcDbEntity
  8
hatch
100
AcDbLine
 10
4.45
 20
1.3798989873223333
 30
0.0
 11
5.4701010126776675
 21
2.4000000000000004
 31
0.0
  0
LINE
  5
718
330
17
100
AcDbEntity
  8
hatch
100
AcDbLine
 10
4.45
 20
1.6627416997969526
 30
0.0
 11
5.187258300203048
 21
2.4000000000000004
 31
0.0
  0
LINE
  5
719
330
17
100
AcDbEntity
  8
hatch
100
AcDbLine
 10
4.45
 20
1.9455844122715713
 30
0.0
 11
4.904415587728429
 21
2.4
 31
0.0
  0
LINE
  5
71A
330
17
100
AcDbEntity
  8
hatch
100
AcDbLine
 10
4.450000000000001
 20
2.22842712474619
 30
0.0
 11
4.621572875253809
 21
2.3999999999999995
 31
0.0
  0
LWPOLYLINE
  5
71B
330
17
100
AcDbEntity
  8
marco-medio
100
AcDbPolyline
 90
4
 70
1
 10
4.45
 20
0.9
 10
5.95
 20
0.9
 10
5.95
 20
2.4
 10
4.45
 20
2.4
  0
LINE
  5
71C
330
17
100
AcDbEntity
  8
vidrio
100
AcDbLine
 10
4.45
 20
1.65
 30
0.0
 11
5.95
 21
1.65
 31
0.0
  0
LINE
  5
71D
330
17
100
AcDbEntity
  8
carpinteria
100
AcDbLine
 10
5.2
 20
0.9
 30
0.0
 11
5.2
 21
2.4
 31
0.0
  0
LINE
  5
71E
330
17
100
AcDbEntity
  8
carpinteria
100
AcDbLine
 10
4.469999999999999
 20
0.9
 30
0.0
 11
5.9300000000000015
 21
0.9
 31
0.0
  0
LINE
  5
71F
330
17
100
AcDbEntity
  8
carpinteria
100
AcDbLine
 10
4.469999999999999
 20
2.4
 30
0.0
 11
5.9300000000000015
 21
2.4
 31
0.0
  0
LWPOLYLINE
  5
720
330
17
100
AcDbEntity
  8
fondo
100
AcDbPolyline
 90
4
 70
1
 10
7.8
 20
0.9
 10
9.3
 20
0.9
 10
9.3
 20
2.4
 10
7.8
 20
2.4
  0
LINE
  5
721
330
17
100
AcDbEntity
  8
hatch
100
AcDbLine
 10
9.017157287525382
 20
0.8999999999999995
 30
0.0
 11
9.3
 21
1.1828427124746188
 31
0.0
  0
LINE
  5
722
330
17
100
AcDbEntity
  8
hatch
100
AcDbLine
 10
8.734314575050764
 20
0.8999999999999995
 30
0.0
 11
9.3
 21
1.4656854249492373
 31
0.0
  0
LINE
  5
723
330
17
100
AcDbEntity
  8
hatch
100
AcDbLine
 10
8.451471862576145
 20
0.9000000000000004
 30
0.0
 11
9.3
 21
1.7485281374238557
 31
0.0
  0
LINE
  5
724
330
17
100
AcDbEntity
  8
hatch
100
AcDbLine
 10
8.168629150101527
 20
0.8999999999999999
 30
0.0
 11
9.3
 21
2.0313708498984755
 31
0.0
  0
LINE
  5
725
330
17
100
AcDbEntity
  8
hatch
100
AcDbLine
 10
7.885786437626907
 20
0.9000000000000004
 30
0.0
 11
9.3
 21
2.3142135623730935
 31
0.0
  0
LINE
  5
726
330
17
100
AcDbEntity
  8
hatch
100
AcDbLine
 10
7.8
 20
1.0970562748477124
 30
0.0
 11
9.102943725152286
 21
2.4
 31
0.0
  0
LINE
  5
727
330
17
100
AcDbEntity
  8
hatch
100
AcDbLine
 10
7.799999999999999
 20
1.3798989873223313
 30
0.0
 11
8.820101012677668
 21
2.4000000000000004
 31
0.0
  0
LINE
  5
728
330
17
100
AcDbEntity
  8
hatch
100
AcDbLine
 10
7.8
 20
1.6627416997969493
 30
0.0
 11
8.53725830020305
 21
2.4
 31
0.0
  0
LINE
  5
729
330
17
100
AcDbEntity
  8
hatch
100
AcDbLine
 10
7.800000000000001
 20
1.945584412271569
 30
0.0
 11
8.254415587728431
 21
2.3999999999999995
 31
0.0
  0
LINE
  5
72A
330
17
100
AcDbEntity
  8
hatch
100
AcDbLine
 10
7.8
 20
2.228427124746188
 30
0.0
 11
7.971572875253812
 21
2.4
 31
0.0
  0
LWPOLYLINE
  5
72B
330
17
100
AcDbEntity
  8
marco-medio
100
AcDbPolyline
 90
4
 70
1
 10
7.8
 20
0.9
 10
9.3
 20
0.9
 10
9.3
 20
2.4
 10
7.8
 20
2.4
  0
LINE
  5
72C
330
17
100
AcDbEntity
  8
vidrio
100
AcDbLine
 10
7.8
 20
1.65
 30
0.0
 11
9.3
 21
1.65
 31
0.0
  0
LINE
  5
72D
330
17
100
AcDbEntity
  8
carpinteria
100
AcDbLine
 10
8.55
 20
0.9
 30
0.0
 11
8.55
 21
2.4
 31
0.0
  0
LINE
  5
72E
330
17
100
AcDbEntity
  8
carpinteria
100
AcDbLine
 10
7.8199999999999985
 20
0.9
 30
0.0
 11
9.280000000000001
 21
0.9
 31
0.0
  0
LINE
  5
72F
330
17
100
AcDbEntity
  8
carpinteria
100
AcDbLine
 10
7.8199999999999985
 20
2.4
 30
0.0
 11
9.280000000000001
 21
2.4
 31
0.0
  0
LWPOLYLINE
  5
730
330
17
100
AcDbEntity
  8
fondo
100
AcDbPolyline
 90
4
 70
1
 10
11.15
 20
0.9
 10
12.65
 20
0.9
 10
12.65
 20
2.4
 10
11.15
 20
2.4
  0
LINE
  5
731
330
17
100
AcDbEntity
  8
hatch
100
AcDbLine
 10
12.367157287525382
 20
0.9000000000000004
 30
0.0
 11
12.649999999999999
 21
1.182842712474618
 31
0.0
  0
LINE
  5
732
330
17
100
AcDbEntity
  8
hatch
100
AcDbLine
 10
12.084314575050762
 20
0.9000000000000004
 30
0.0
 11
12.65
 21
1.4656854249492381
 31
0.0
  0
LINE
  5
733
330
17
100
AcDbEntity
  8
hatch
100
AcDbLine
 10
11.801471862576143
 20
0.9000000000000004
 30
0.0
 11
12.649999999999999
 21
1.7485281374238566
 31
0.0
  0
LINE
  5
734
330
17
100
AcDbEntity
  8
hatch
100
AcDbLine
 10
11.518629150101525
 20
0.8999999999999995
 30
0.0
 11
12.65
 21
2.031370849898476
 31
0.0
  0
LINE
  5
735
330
17
100
AcDbEntity
  8
hatch
100
AcDbLine
 10
11.235786437626906
 20
0.8999999999999995
 30
0.0
 11
12.65
 21
2.3142135623730944
 31
0.0
  0
LINE
  5
736
330
17
100
AcDbEntity
  8
hatch
100
AcDbLine
 10
11.149999999999999
 20
1.0970562748477137
 30
0.0
 11
12.452943725152286
 21
2.4000000000000004
 31
0.0
  0
LINE
  5
737
330
17
100
AcDbEntity
  8
hatch
100
AcDbLine
 10
11.150000000000002
 20
1.379898987322333
 30
0.0
 11
12.170101012677666
 21
2.3999999999999986
 31
0.0
  0
LINE
  5
738
330
17
100
AcDbEntity
  8
hatch
100
AcDbLine
 10
11.15
 20
1.6627416997969515
 30
0.0
 11
11.887258300203047
 21
2.3999999999999995
 31
0.0
  0
LINE
  5
739
330
17
100
AcDbEntity
  8
hatch
100
AcDbLine
 10
11.15
 20
1.9455844122715709
 30
0.0
 11
11.604415587728429
 21
2.4000000000000004
 31
0.0
  0
LINE
  5
73A
330
17
100
AcDbEntity
  8
hatch
100
AcDbLine
 10
11.15
 20
2.22842712474619
 30
0.0
 11
11.32157287525381
 21
2.3999999999999995
 31
0.0
  0
LWPOLYLINE
  5
73B
330
17
100
AcDbEntity
  8
marco-medio
100
AcDbPolyline
 90
4
 70
1
 10
11.15
 20
0.9
 10
12.65
 20
0.9
 10
12.65
 20
2.4
 10
11.15
 20
2.4
  0
LINE
  5
73C
330
17
100
AcDbEntity
  8
vidrio
100
AcDbLine
 10
11.15
 20
1.65
 30
0.0
 11
12.65
 21
1.65
 31
0.0
  0
LINE
  5
73D
330
17
100
AcDbEntity
  8
carpinteria
100
AcDbLine
 10
11.9
 20
0.9
 30
0.0
 11
11.9
 21
2.4
 31
0.0
  0
LINE
  5
73E
330
17
100
AcDbEntity
  8
carpinteria
100
AcDbLine
 10
11.169999999999998
 20
0.9
 30
0.0
 11
12.63
 21
0.9
 31
0.0
  0
LINE
  5
73F
330
17
100
AcDbEntity
  8
carpinteria
100
AcDbLine
 10
11.169999999999998
 20
2.4
 30
0.0
 11
12.63
 21
2.4
 31
0.0
  0
LWPOLYLINE
  5
740
330
17
100
AcDbEntity
  8
fondo
100
AcDbPolyline
 90
4
 70
1
 10
14.4
 20
1.7
 10
14.9
 20
1.7
 10
14.9
 20
2.5
 10
14.4
 20
2.5
  0
LINE
  5
741
330
17
100
AcDbEntity
  8
hatch
100
AcDbLine
 10
14.61715728752538
 20
1.6999999999999984
 30
0.0
 11
14.899999999999999
 21
1.9828427124746169
 31
0.0
  0
LINE
  5
742
330
17
100
AcDbEntity
  8
hatch
100
AcDbLine
 10
14.4
 20
1.7656854249492389
 30
0.0
 11
14.899999999999999
 21
2.265685424949239
 31
0.0
  0
LINE
  5
743
330
17
100
AcDbEntity
  8
hatch
100
AcDbLine
 10
14.400000000000002
 20
2.0485281374238564
 30
0.0
 11
14.851471862576144
 21
2.5
 31
0.0
  0
LINE
  5
744
330
17
100
AcDbEntity
  8
hatch
100
AcDbLine
 10
14.399999999999999
 20
2.3313708498984775
 30
0.0
 11
14.568629150101522
 21
2.499999999999999
 31
0.0
  0
LWPOLYLINE
  5
745
330
17
100
AcDbEntity
  8
marco-medio
100
AcDbPolyline
 90
4
 70
1
 10
14.4
 20
1.7
 10
14.9
 20
1.7
 10
14.9
 20
2.5
 10
14.4
 20
2.5
  0
LINE
  5
746
330
17
100
AcDbEntity
  8
vidrio
100
AcDbLine
 10
14.4
 20
2.1
 30
0.0
 11
14.9
 21
2.1
 31
0.0
  0
LINE
  5
747
330
17
100
AcDbEntity
  8
carpinteria
100
AcDbLine
 10
14.65
 20
1.7
 30
0.0
 11
14.65
 21
2.5
 31
0.0
  0
LINE
  5
748
330
17
100
AcDbEntity
  8
carpinteria
100
AcDbLine
 10
14.419999999999998
 20
1.7
 30
0.0
 11
14.88
 21
1.7
 31
0.0
  0
LINE
  5
749
330
17
100
AcDbEntity
  8
carpinteria
100
AcDbLine
 10
14.419999999999998
 20
2.5
 30
0.0
 11
14.88
 21
2.5
 31
0.0
  0
LWPOLYLINE
  5
74A
330
17
100
AcDbEntity
  8
sombra
100
AcDbPolyline
 90
4
 70
1
 10
0.25
 20
3.25
 10
16.65
 20
3.25
 10
16.65
 20
5.85
 10
0.25
 20
5.85
  0
LINE
  5
74B
330
17
100
AcDbEntity
  8
hatch
100
AcDbLine
 10
16.36715728752538
 20
3.250000000000001
 30
0.0
 11
16.65
 21
3.5328427124746193
 31
0.0
  0
LINE
  5
74C
330
17
100
AcDbEntity
  8
hatch
100
AcDbLine
 10
16.084314575050758
 20
3.25
 30
0.0
 11
16.65
 21
3.8156854249492405
 31
0.0
  0
LINE
  5
74D
330
17
100
AcDbEntity
  8
hatch
100
AcDbLine
 10
15.80147186257614
 20
3.25
 30
0.0
 11
16.65
 21
4.098528137423857
 31
0.0
  0
LINE
  5
74E
330
17
100
AcDbEntity
  8
hatch
100
AcDbLine
 10
15.518629150101521
 20
3.250000000000001
 30
0.0
 11
16.65
 21
4.381370849898478
 31
0.0
  0
LINE
  5
74F
330
17
100
AcDbEntity
  8
hatch
100
AcDbLine
 10
15.235786437626903
 20
3.25
 30
0.0
 11
16.65
 21
4.664213562373096
 31
0.0
  0
LINE
  5
750
330
17
100
AcDbEntity
  8
hatch
100
AcDbLine
 10
14.95294372515228
 20
3.25
 30
0.0
 11
16.65
 21
4.947056274847716
 31
0.0
  0
LINE
  5
751
330
17
100
AcDbEntity
  8
hatch
100
AcDbLine
 10
14.670101012677664
 20
3.249999999999999
 30
0.0
 11
16.65
 21
5.229898987322334
 31
0.0
  0
LINE
  5
752
330
17
100
AcDbEntity
  8
hatch
100
AcDbLine
 10
14.387258300203046
 20
3.249999999999999
 30
0.0
 11
16.65
 21
5.512741699796952
 31
0.0
  0
LINE
  5
753
330
17
100
AcDbEntity
  8
hatch
100
AcDbLine
 10
14.104415587728425
 20
3.2500000000000018
 30
0.0
 11
16.65
 21
5.795584412271571
 31
0.0
  0
LINE
  5
754
330
17
100
AcDbEntity
  8
hatch
100
AcDbLine
 10
13.821572875253807
 20
3.2500000000000018
 30
0.0
 11
16.421572875253805
 21
5.849999999999998
 31
0.0
  0
LINE
  5
755
330
17
100
AcDbEntity
  8
hatch
100
AcDbLine
 10
13.538730162779189
 20
3.250000000000001
 30
0.0
 11
16.138730162779186
 21
5.849999999999999
 31
0.0
  0
LINE
  5
756
330
17
100
AcDbEntity
  8
hatch
100
AcDbLine
 10
13.255887450304568
 20
3.250000000000001
 30
0.0
 11
15.855887450304568
 21
5.849999999999999
 31
0.0
  0
LINE
  5
757
330
17
100
AcDbEntity
  8
hatch
100
AcDbLine
 10
12.97304473782995
 20
3.250000000000001
 30
0.0
 11
15.57304473782995
 21
5.849999999999999
 31
0.0
  0
LINE
  5
758
330
17
100
AcDbEntity
  8
hatch
100
AcDbLine
 10
12.690202025355331
 20
3.2500000000000018
 30
0.0
 11
15.290202025355327
 21
5.849999999999998
 31
0.0
  0
LINE
  5
759
330
17
100
AcDbEntity
  8
hatch
100
AcDbLine
 10
12.407359312880713
 20
3.2500000000000018
 30
0.0
 11
15.007359312880709
 21
5.85
 31
0.0
  0
LINE
  5
75A
330
17
100
AcDbEntity
  8
hatch
100
AcDbLine
 10
12.124516600406093
 20
3.250000000000001
 30
0.0
 11
14.724516600406094
 21
5.85
 31
0.0
  0
LINE
  5
75B
330
17
100
AcDbEntity
  8
hatch
100
AcDbLine
 10
11.841673887931472
 20
3.249999999999999
 30
0.0
 11
14.441673887931472
 21
5.849999999999999
 31
0.0
  0
LINE
  5
75C
330
17
100
AcDbEntity
  8
hatch
100
AcDbLine
 10
11.558831175456856
 20
3.25
 30
0.0
 11
14.158831175456854
 21
5.849999999999998
 31
0.0
  0
LINE
  5
75D
330
17
100
AcDbEntity
  8
hatch
100
AcDbLine
 10
11.275988462982236
 20
3.250000000000001
 30
0.0
 11
13.875988462982235
 21
5.85
 31
0.0
  0
LINE
  5
75E
330
17
100
AcDbEntity
  8
hatch
100
AcDbLine
 10
10.993145750507617
 20
3.2500000000000004
 30
0.0
 11
13.593145750507617
 21
5.85
 31
0.0
  0
LINE
  5
75F
330
17
100
AcDbEntity
  8
hatch
100
AcDbLine
 10
10.710303038032997
 20
3.25
 30
0.0
 11
13.310303038032998
 21
5.85
 31
0.0
  0
LINE
  5
760
330
17
100
AcDbEntity
  8
hatch
100
AcDbLine
 10
10.427460325558378
 20
3.2500000000000004
 30
0.0
 11
13.027460325558376
 21
5.849999999999998
 31
0.0
  0
LINE
  5
761
330
17
100
AcDbEntity
  8
hatch
100
AcDbLine
 10
10.144617613083758
 20
3.2499999999999996
 30
0.0
 11
12.744617613083758
 21
5.849999999999998
 31
0.0
  0
LINE
  5
762
330
17
100
AcDbEntity
  8
hatch
100
AcDbLine
 10
9.86177490060914
 20
3.25
 30
0.0
 11
12.46177490060914
 21
5.849999999999999
 31
0.0
  0
LINE
  5
763
330
17
100
AcDbEntity
  8
hatch
100
AcDbLine
 10
9.578932188134523
 20
3.25
 30
0.0
 11
12.178932188134521
 21
5.849999999999999
 31
0.0
  0
LINE
  5
764
330
17
100
AcDbEntity
  8
hatch
100
AcDbLine
 10
9.296089475659901
 20
3.2499999999999996
 30
0.0
 11
11.896089475659902
 21
5.85
 31
0.0
  0
LINE
  5
765
330
17
100
AcDbEntity
  8
hatch
100
AcDbLine
 10
9.013246763185284
 20
3.250000000000001
 30
0.0
 11
11.613246763185282
 21
5.85
 31
0.0
  0
LINE
  5
766
330
17
100
AcDbEntity
  8
hatch
100
AcDbLine
 10
8.730404050710664
 20
3.2499999999999996
 30
0.0
 11
11.330404050710662
 21
5.85
 31
0.0
  0
LINE
  5
767
330
17
100
AcDbEntity
  8
hatch
100
AcDbLine
 10
8.447561338236046
 20
3.250000000000001
 30
0.0
 11
11.047561338236044
 21
5.849999999999999
 31
0.0
  0
LINE
  5
768
330
17
100
AcDbEntity
  8
hatch
100
AcDbLine
 10
8.164718625761427
 20
3.2500000000000004
 30
0.0
 11
10.764718625761425
 21
5.849999999999998
 31
0.0
  0
LINE
  5
769
330
17
100
AcDbEntity
  8
hatch
100
AcDbLine
 10
7.881875913286807
 20
3.25
 30
0.0
 11
10.481875913286807
 21
5.849999999999999
 31
0.0
  0
LINE
  5
76A
330
17
100
AcDbEntity
  8
hatch
100
AcDbLine
 10
7.599033200812189
 20
3.2500000000000004
 30
0.0
 11
10.199033200812188
 21
5.85
 31
0.0
  0
LINE
  5
76B
330
17
100
AcDbEntity
  8
hatch
100
AcDbLine
 10
7.316190488337568
 20
3.25
 30
0.0
 11
9.916190488337568
 21
5.849999999999998
 31
0.0
  0
LINE
  5
76C
330
17
100
AcDbEntity
  8
hatch
100
AcDbLine
 10
7.03334777586295
 20
3.2500000000000004
 30
0.0
 11
9.63334777586295
 21
5.85
 31
0.0
  0
LINE
  5
76D
330
17
100
AcDbEntity
  8
hatch
100
AcDbLine
 10
6.7505050633883315
 20
3.25
 30
0.0
 11
9.350505063388331
 21
5.849999999999999
 31
0.0
  0
LINE
  5
76E
330
17
100
AcDbEntity
  8
hatch
100
AcDbLine
 10
6.467662350913712
 20
3.25
 30
0.0
 11
9.067662350913713
 21
5.85
 31
0.0
  0
LINE
  5
76F
330
17
100
AcDbEntity
  8
hatch
100
AcDbLine
 10
6.184819638439093
 20
3.250000000000001
 30
0.0
 11
8.784819638439092
 21
5.849999999999999
 31
0.0
  0
LINE
  5
770
330
17
100
AcDbEntity
  8
hatch
100
AcDbLine
 10
5.901976925964473
 20
3.2499999999999996
 30
0.0
 11
8.501976925964472
 21
5.849999999999998
 31
0.0
  0
LINE
  5
771
330
17
100
AcDbEntity
  8
hatch
100
AcDbLine
 10
5.619134213489855
 20
3.25
 30
0.0
 11
8.219134213489854
 21
5.849999999999999
 31
0.0
  0
LINE
  5
772
330
17
100
AcDbEntity
  8
hatch
100
AcDbLine
 10
5.3362915010152365
 20
3.25
 30
0.0
 11
7.936291501015236
 21
5.85
 31
0.0
  0
LINE
  5
773
330
17
100
AcDbEntity
  8
hatch
100
AcDbLine
 10
5.053448788540616
 20
3.25
 30
0.0
 11
7.653448788540616
 21
5.849999999999999
 31
0.0
  0
LINE
  5
774
330
17
100
AcDbEntity
  8
hatch
100
AcDbLine
 10
4.770606076065999
 20
3.250000000000001
 30
0.0
 11
7.3706060760659975
 21
5.85
 31
0.0
  0
LINE
  5
775
330
17
100
AcDbEntity
  8
hatch
100
AcDbLine
 10
4.48776336359138
 20
3.25
 30
0.0
 11
7.087763363591378
 21
5.849999999999998
 31
0.0
  0
LINE
  5
776
330
17
100
AcDbEntity
  8
hatch
100
AcDbLine
 10
4.204920651116759
 20
3.25
 30
0.0
 11
6.804920651116759
 21
5.85
 31
0.0
  0
LINE
  5
777
330
17
100
AcDbEntity
  8
hatch
100
AcDbLine
 10
3.9220779386421416
 20
3.25
 30
0.0
 11
6.522077938642141
 21
5.849999999999999
 31
0.0
  0
LINE
  5
778
330
17
100
AcDbEntity
  8
hatch
100
AcDbLine
 10
3.639235226167521
 20
3.25
 30
0.0
 11
6.23923522616752
 21
5.85
 31
0.0
  0
LINE
  5
779
330
17
100
AcDbEntity
  8
hatch
100
AcDbLine
 10
3.356392513692903
 20
3.2500000000000004
 30
0.0
 11
5.956392513692903
 21
5.849999999999999
 31
0.0
  0
LINE
  5
77A
330
17
100
AcDbEntity
  8
hatch
100
AcDbLine
 10
3.0735498012182823
 20
3.25
 30
0.0
 11
5.6735498012182815
 21
5.85
 31
0.0
  0
LINE
  5
77B
330
17
100
AcDbEntity
  8
hatch
100
AcDbLine
 10
2.7907070887436642
 20
3.2500000000000004
 30
0.0
 11
5.390707088743664
 21
5.849999999999999
 31
0.0
  0
LINE
  5
77C
330
17
100
AcDbEntity
  8
hatch
100
AcDbLine
 10
2.5078643762690462
 20
3.25
 30
0.0
 11
5.107864376269045
 21
5.85
 31
0.0
  0
LINE
  5
77D
330
17
100
AcDbEntity
  8
hatch
100
AcDbLine
 10
2.225021663794426
 20
3.25
 30
0.0
 11
4.825021663794424
 21
5.849999999999998
 31
0.0
  0
LINE
  5
77E
330
17
100
AcDbEntity
  8
hatch
100
AcDbLine
 10
1.942178951319808
 20
3.2500000000000004
 30
0.0
 11
4.542178951319806
 21
5.849999999999998
 31
0.0
  0
LINE
  5
77F
330
17
100
AcDbEntity
  8
hatch
100
AcDbLine
 10
1.6593362388451873
 20
3.25
 30
0.0
 11
4.259336238845188
 21
5.8500000000000005
 31
0.0
  0
LINE
  5
780
330
17
100
AcDbEntity
  8
hatch
100
AcDbLine
 10
1.376493526370569
 20
3.25
 30
0.0
 11
3.976493526370569
 21
5.85
 31
0.0
  0
LINE
  5
781
330
17
100
AcDbEntity
  8
hatch
100
AcDbLine
 10
1.0936508138959509
 20
3.25
 30
0.0
 11
3.693650813895951
 21
5.85
 31
0.0
  0
LINE
  5
782
330
17
100
AcDbEntity
  8
hatch
100
AcDbLine
 10
0.8108081014213304
 20
3.25
 30
0.0
 11
3.4108081014213285
 21
5.849999999999998
 31
0.0
  0
LINE
  5
783
330
17
100
AcDbEntity
  8
hatch
100
AcDbLine
 10
0.5279653889467124
 20
3.25
 30
0.0
 11
3.1279653889467114
 21
5.849999999999999
 31
0.0
  0
LINE
  5
784
330
17
100
AcDbEntity
  8
hatch
100
AcDbLine
 10
0.2500000000000002
 20
3.254877323527908
 30
0.0
 11
2.845122676472092
 21
5.85
 31
0.0
  0
LINE
  5
785
330
17
100
AcDbEntity
  8
hatch
100
AcDbLine
 10
0.2500000000000002
 20
3.537720036002526
 30
0.0
 11
2.562279963997474
 21
5.85
 31
0.0
  0
LINE
  5
786
330
17
100
AcDbEntity
  8
hatch
100
AcDbLine
 10
0.25
 20
3.820562748477144
 30
0.0
 11
2.2794372515228556
 21
5.85
 31
0.0
  0
LINE
  5
787
330
17
100
AcDbEntity
  8
hatch
100
AcDbLine
 10
0.24999999999999978
 20
4.103405460951764
 30
0.0
 11
1.9965945390482338
 21
5.849999999999998
 31
0.0
  0
LINE
  5
788
330
17
100
AcDbEntity
  8
hatch
100
AcDbLine
 10
0.24999999999999956
 20
4.386248173426383
 30
0.0
 11
1.713751826573616
 21
5.849999999999998
 31
0.0
  0
LINE
  5
789
330
17
100
AcDbEntity
  8
hatch
100
AcDbLine
 10
0.25
 20
4.669090885901003
 30
0.0
 11
1.4309091140989967
 21
5.85
 31
0.0
  0
LINE
  5
78A
330
17
100
AcDbEntity
  8
hatch
100
AcDbLine
 10
0.24999999999999956
 20
4.9519335983756205
 30
0.0
 11
1.1480664016243787
 21
5.85
 31
0.0
  0
LINE
  5
78B
330
17
100
AcDbEntity
  8
hatch
100
AcDbLine
 10
0.25
 20
5.234776310850239
 30
0.0
 11
0.8652236891497607
 21
5.85
 31
0.0
  0
LINE
  5
78C
330
17
100
AcDbEntity
  8
hatch
100
AcDbLine
 10
0.25
 20
5.517619023324859
 30
0.0
 11
0.5823809766751391
 21
5.849999999999998
 31
0.0
  0
LINE
  5
78D
330
17
100
AcDbEntity
  8
hatch
100
AcDbLine
 10
0.25
 20
5.800461735799478
 30
0.0
 11
0.2995382642005211
 21
5.849999999999998
 31
0.0
  0
LWPOLYLINE
  5
78E
330
17
100
AcDbEntity
  8
marco-fino
100
AcDbPolyline
 90
4
 70
1
 10
0.25
 20
3.25
 10
16.65
 20
3.25
 10
16.65
 20
5.85
 10
0.25
 20
5.85
  0
LWPOLYLINE
  5
78F
330
17
100
AcDbEntity
  8
fondo
100
AcDbPolyline
 90
4
 70
1
 10
1.4
 20
0.0
 10
2.3
 20
0.0
 10
2.3
 20
2.1
 10
1.4
 20
2.1
  0
LINE
  5
790
330
17
100
AcDbEntity
  8
hatch
100
AcDbLine
 10
2.0171572875253805
 20
0.0
 30
0.0
 11
2.3
 21
0.2828427124746189
 31
0.0
  0
LINE
  5
791
330
17
100
AcDbEntity
  8
hatch
100
AcDbLine
 10
1.7343145750507616
 20
1.1102230246251565e-16
 30
0.0
 11
2.3
 21
0.5656854249492381
 31
0.0
  0
LINE
  5
792
330
17
100
AcDbEntity
  8
hatch
100
AcDbLine
 10
1.4514718625761427
 20
0.0
 30
0.0
 11
2.3
 21
0.8485281374238572
 31
0.0
  0
LINE
  5
793
330
17
100
AcDbEntity
  8
hatch
100
AcDbLine
 10
1.4
 20
0.23137084989847634
 30
0.0
 11
2.3
 21
1.131370849898476
 31
0.0
  0
LINE
  5
794
330
17
100
AcDbEntity
  8
hatch
100
AcDbLine
 10
1.4
 20
0.5142135623730952
 30
0.0
 11
2.3
 21
1.4142135623730951
 31
0.0
  0
LINE
  5
795
330
17
100
AcDbEntity
  8
hatch
100
AcDbLine
 10
1.4
 20
0.7970562748477146
 30
0.0
 11
2.3
 21
1.6970562748477143
 31
0.0
  0
LINE
  5
796
330
17
100
AcDbEntity
  8
hatch
100
AcDbLine
 10
1.4
 20
1.0798989873223335
 30
0.0
 11
2.3
 21
1.9798989873223332
 31
0.0
  0
LINE
  5
797
330
17
100
AcDbEntity
  8
hatch
100
AcDbLine
 10
1.4
 20
1.3627416997969524
 30
0.0
 11
2.1372583002030483
 21
2.1
 31
0.0
  0
LINE
  5
798
330
17
100
AcDbEntity
  8
hatch
100
AcDbLine
 10
1.4
 20
1.6455844122715713
 30
0.0
 11
1.8544155877284287
 21
2.1
 31
0.0
  0
LINE
  5
799
330
17
100
AcDbEntity
  8
hatch
100
AcDbLine
 10
1.4000000000000001
 20
1.9284271247461904
 30
0.0
 11
1.57157287525381
 21
2.1000000000000005
 31
0.0
  0
LWPOLYLINE
  5
79A
330
17
100
AcDbEntity
  8
marco-medio
100
AcDbPolyline
 90
4
 70
1
 10
1.4
 20
0.0
 10
2.3
 20
0.0
 10
2.3
 20
2.1
 10
1.4
 20
2.1
  0
LINE
  5
79B
330
17
100
AcDbEntity
  8
vidrio
100
AcDbLine
 10
1.4
 20
1.05
 30
0.0
 11
2.3
 21
1.05
 31
0.0
  0
LINE
  5
79C
330
17
100
AcDbEntity
  8
carpinteria
100
AcDbLine
 10
1.85
 20
0.0
 30
0.0
 11
1.85
 21
2.1
 31
0.0
  0
LINE
  5
79D
330
17
100
AcDbEntity
  8
carpinteria
100
AcDbLine
 10
1.4199999999999988
 20
0.0
 30
0.0
 11
2.280000000000001
 21
0.0
 31
0.0
  0
LINE
  5
79E
330
17
100
AcDbEntity
  8
carpinteria
100
AcDbLine
 10
1.4199999999999988
 20
2.1
 30
0.0
 11
2.280000000000001
 21
2.1
 31
0.0
  0
LWPOLYLINE
  5
79F
330
17
100
AcDbEntity
  8
fondo
100
AcDbPolyline
 90
4
 70
1
 10
4.75
 20
0.0
 10
5.65
 20
0.0
 10
5.65
 20
2.1
 10
4.75
 20
2.1
  0
LINE
  5
7A0
330
17
100
AcDbEntity
  8
hatch
100
AcDbLine
 10
5.367157287525381
 20
0.0
 30
0.0
 11
5.65
 21
0.2828427124746189
 31
0.0
  0
LINE
  5
7A1
330
17
100
AcDbEntity
  8
hatch
100
AcDbLine
 10
5.084314575050763
 20
0.0
 30
0.0
 11
5.65
 21
0.5656854249492378
 31
0.0
  0
LINE
  5
7A2
330
17
100
AcDbEntity
  8
hatch
100
AcDbLine
 10
4.801471862576143
 20
0.0
 30
0.0
 11
5.65
 21
0.8485281374238571
 31
0.0
  0
LINE
  5
7A3
330
17
100
AcDbEntity
  8
hatch
100
AcDbLine
 10
4.75
 20
0.23137084989847478
 30
0.0
 11
5.65
 21
1.1313708498984751
 31
0.0
  0
LINE
  5
7A4
330
17
100
AcDbEntity
  8
hatch
100
AcDbLine
 10
4.75
 20
0.5142135623730941
 30
0.0
 11
5.65
 21
1.4142135623730954
 31
0.0
  0
LINE
  5
7A5
330
17
100
AcDbEntity
  8
hatch
100
AcDbLine
 10
4.75
 20
0.7970562748477135
 30
0.0
 11
5.65
 21
1.6970562748477138
 31
0.0
  0
LINE
  5
7A6
330
17
100
AcDbEntity
  8
hatch
100
AcDbLine
 10
4.75
 20
1.0798989873223332
 30
0.0
 11
5.650000000000001
 21
1.9798989873223336
 31
0.0
  0
LINE
  5
7A7
330
17
100
AcDbEntity
  8
hatch
100
AcDbLine
 10
4.75
 20
1.3627416997969513
 30
0.0
 11
5.487258300203049
 21
2.1
 31
0.0
  0
LINE
  5
7A8
330
17
100
AcDbEntity
  8
hatch
100
AcDbLine
 10
4.75
 20
1.64558441227157
 30
0.0
 11
5.20441558772843
 21
2.1000000000000005
 31
0.0
  0
LINE
  5
7A9
330
17
100
AcDbEntity
  8
hatch
100
AcDbLine
 10
4.75
 20
1.9284271247461897
 30
0.0
 11
4.92157287525381
 21
2.0999999999999996
 31
0.0
  0
LWPOLYLINE
  5
7AA
330
17
100
AcDbEntity
  8
marco-medio
100
AcDbPolyline
 90
4
 70
1
 10
4.75
 20
0.0
 10
5.65
 20
0.0
 10
5.65
 20
2.1
 10
4.75
 20
2.1
  0
LINE
  5
7AB
330
17
100
AcDbEntity
  8
vidrio
100
AcDbLine
 10
4.75
 20
1.05
 30
0.0
 11
5.65
 21
1.05
 31
0.0
  0
LINE
  5
7AC
330
17
100
AcDbEntity
  8
carpinteria
100
AcDbLine
 10
5.2
 20
0.0
 30
0.0
 11
5.2
 21
2.1
 31
0.0
  0
LINE
  5
7AD
330
17
100
AcDbEntity
  8
carpinteria
100
AcDbLine
 10
4.769999999999999
 20
0.0
 30
0.0
 11
5.630000000000001
 21
0.0
 31
0.0
  0
LINE
  5
7AE
330
17
100
AcDbEntity
  8
carpinteria
100
AcDbLine
 10
4.769999999999999
 20
2.1
 30
0.0
 11
5.630000000000001
 21
2.1
 31
0.0
  0
LWPOLYLINE
  5
7AF
330
17
100
AcDbEntity
  8
fondo
100
AcDbPolyline
 90
4
 70
1
 10
8.1
 20
0.0
 10
9.0
 20
0.0
 10
9.0
 20
2.1
 10
8.1
 20
2.1
  0
LINE
  5
7B0
330
17
100
AcDbEntity
  8
hatch
100
AcDbLine
 10
8.717157287525382
 20
0.0
 30
0.0
 11
9.0
 21
0.28284271247461934
 31
0.0
  0
LINE
  5
7B1
330
17
100
AcDbEntity
  8
hatch
100
AcDbLine
 10
8.434314575050763
 20
0.0
 30
0.0
 11
9.0
 21
0.5656854249492387
 31
0.0
  0
LINE
  5
7B2
330
17
100
AcDbEntity
  8
hatch
100
AcDbLine
 10
8.151471862576145
 20
0.0
 30
0.0
 11
9.0
 21
0.8485281374238562
 31
0.0
  0
LINE
  5
7B3
330
17
100
AcDbEntity
  8
hatch
100
AcDbLine
 10
8.1
 20
0.23137084989847523
 30
0.0
 11
9.0
 21
1.1313708498984756
 31
0.0
  0
LINE
  5
7B4
330
17
100
AcDbEntity
  8
hatch
100
AcDbLine
 10
8.1
 20
0.5142135623730941
 30
0.0
 11
9.0
 21
1.4142135623730945
 31
0.0
  0
LINE
  5
7B5
330
17
100
AcDbEntity
  8
hatch
100
AcDbLine
 10
8.1
 20
0.7970562748477139
 30
0.0
 11
9.0
 21
1.6970562748477134
 31
0.0
  0
LINE
  5
7B6
330
17
100
AcDbEntity
  8
hatch
100
AcDbLine
 10
8.099999999999998
 20
1.079898987322332
 30
0.0
 11
9.0
 21
1.9798989873223332
 31
0.0
  0
LINE
  5
7B7
330
17
100
AcDbEntity
  8
hatch
100
AcDbLine
 10
8.1
 20
1.36274169979695
 30
0.0
 11
8.837258300203048
 21
2.1000000000000005
 31
0.0
  0
LINE
  5
7B8
330
17
100
AcDbEntity
  8
hatch
100
AcDbLine
 10
8.1
 20
1.6455844122715697
 30
0.0
 11
8.55441558772843
 21
2.1
 31
0.0
  0
LINE
  5
7B9
330
17
100
AcDbEntity
  8
hatch
100
AcDbLine
 10
8.1
 20
1.9284271247461886
 30
0.0
 11
8.271572875253812
 21
2.1000000000000005
 31
0.0
  0
LWPOLYLINE
  5
7BA
330
17
100
AcDbEntity
  8
marco-medio
100
AcDbPolyline
 90
4
 70
1
 10
8.1
 20
0.0
 10
9.0
 20
0.0
 10
9.0
 20
2.1
 10
8.1
 20
2.1
  0
LINE
  5
7BB
330
17
100
AcDbEntity
  8
vidrio
100
AcDbLine
 10
8.1
 20
1.05
 30
0.0
 11
9.0
 21
1.05
 31
0.0
  0
LINE
  5
7BC
330
17
100
AcDbEntity
  8
carpinteria
100
AcDbLine
 10
8.55
 20
0.0
 30
0.0
 11
8.55
 21
2.1
 31
0.0
  0
LINE
  5
7BD
330
17
100
AcDbEntity
  8
carpinteria
100
AcDbLine
 10
8.120000000000005
 20
0.0
 30
0.0
 11
8.98
 21
0.0
 31
0.0
  0
LINE
  5
7BE
330
17
100
AcDbEntity
  8
carpinteria
100
AcDbLine
 10
8.120000000000005
 20
2.1
 30
0.0
 11
8.98
 21
2.1
 31
0.0
  0
LWPOLYLINE
  5
7BF
330
17
100
AcDbEntity
  8
fondo
100
AcDbPolyline
 90
4
 70
1
 10
11.45
 20
0.0
 10
12.35
 20
0.0
 10
12.35
 20
2.1
 10
11.45
 20
2.1
  0
LINE
  5
7C0
330
17
100
AcDbEntity
  8
hatch
100
AcDbLine
 10
12.067157287525381
 20
0.0
 30
0.0
 11
12.35
 21
0.28284271247461845
 31
0.0
  0
LINE
  5
7C1
330
17
100
AcDbEntity
  8
hatch
100
AcDbLine
 10
11.784314575050761
 20
0.0
 30
0.0
 11
12.35
 21
0.5656854249492387
 31
0.0
  0
LINE
  5
7C2
330
17
100
AcDbEntity
  8
hatch
100
AcDbLine
 10
11.501471862576143
 20
0.0
 30
0.0
 11
12.35
 21
0.8485281374238571
 31
0.0
  0
LINE
  5
7C3
330
17
100
AcDbEntity
  8
hatch
100
AcDbLine
 10
11.45
 20
0.23137084989847434
 30
0.0
 11
12.35
 21
1.1313708498984747
 31
0.0
  0
LINE
  5
7C4
330
17
100
AcDbEntity
  8
hatch
100
AcDbLine
 10
11.45
 20
0.5142135623730946
 30
0.0
 11
12.35
 21
1.4142135623730958
 31
0.0
  0
LINE
  5
7C5
330
17
100
AcDbEntity
  8
hatch
100
AcDbLine
 10
11.45
 20
0.7970562748477139
 30
0.0
 11
12.350000000000001
 21
1.6970562748477152
 31
0.0
  0
LINE
  5
7C6
330
17
100
AcDbEntity
  8
hatch
100
AcDbLine
 10
11.45
 20
1.0798989873223332
 30
0.0
 11
12.35
 21
1.9798989873223336
 31
0.0
  0
LINE
  5
7C7
330
17
100
AcDbEntity
  8
hatch
100
AcDbLine
 10
11.45
 20
1.3627416997969517
 30
0.0
 11
12.187258300203048
 21
2.1000000000000014
 31
0.0
  0
LINE
  5
7C8
330
17
100
AcDbEntity
  8
hatch
100
AcDbLine
 10
11.45
 20
1.6455844122715702
 30
0.0
 11
11.90441558772843
 21
2.1000000000000014
 31
0.0
  0
LINE
  5
7C9
330
17
100
AcDbEntity
  8
hatch
100
AcDbLine
 10
11.45
 20
1.9284271247461904
 30
0.0
 11
11.621572875253811
 21
2.1000000000000014
 31
0.0
  0
LWPOLYLINE
  5
7CA
330
17
100
AcDbEntity
  8
marco-medio
100
AcDbPolyline
 90
4
 70
1
 10
11.45
 20
0.0
 10
12.35
 20
0.0
 10
12.35
 20
2.1
 10
11.45
 20
2.1
  0
LINE
  5
7CB
330
17
100
AcDbEntity
  8
vidrio
100
AcDbLine
 10
11.45
 20
1.05
 30
0.0
 11
12.35
 21
1.05
 31
0.0
  0
LINE
  5
7CC
330
17
100
AcDbEntity
  8
carpinteria
100
AcDbLine
 10
11.9
 20
0.0
 30
0.0
 11
11.9
 21
2.1
 31
0.0
  0
LINE
  5
7CD
330
17
100
AcDbEntity
  8
carpinteria
100
AcDbLine
 10
11.469999999999999
 20
0.0
 30
0.0
 11
12.330000000000002
 21
0.0
 31
0.0
  0
LINE
  5
7CE
330
17
100
AcDbEntity
  8
carpinteria
100
AcDbLine
 10
11.469999999999999
 20
2.1
 30
0.0
 11
12.330000000000002
 21
2.1
 31
0.0
  0
LWPOLYLINE
  5
7CF
330
17
100
AcDbEntity
  8
sombra
100
AcDbPolyline
 90
4
 70
1
 10
0.25
 20
3.25
 10
23.75
 20
3.25
 10
23.75
 20
5.85
 10
0.25
 20
5.85
  0
LINE
  5
7D0
330
17
100
AcDbEntity
  8
hatch
100
AcDbLine
 10
23.46715728752538
 20
3.2500000000000018
 30
0.0
 11
23.75
 21
3.5328427124746202
 31
0.0
  0
LINE
  5
7D1
330
17
100
AcDbEntity
  8
hatch
100
AcDbLine
 10
23.184314575050763
 20
3.2500000000000036
 30
0.0
 11
23.75
 21
3.8156854249492422
 31
0.0
  0
LINE
  5
7D2
330
17
100
AcDbEntity
  8
hatch
100
AcDbLine
 10
22.901471862576145
 20
3.2500000000000018
 30
0.0
 11
23.75
 21
4.098528137423855
 31
0.0
  0
LINE
  5
7D3
330
17
100
AcDbEntity
  8
hatch
100
AcDbLine
 10
22.61862915010152
 20
3.2500000000000018
 30
0.0
 11
23.75
 21
4.381370849898479
 31
0.0
  0
LINE
  5
7D4
330
17
100
AcDbEntity
  8
hatch
100
AcDbLine
 10
22.3357864376269
 20
3.2500000000000018
 30
0.0
 11
23.75
 21
4.664213562373098
 31
0.0
  0
LINE
  5
7D5
330
17
100
AcDbEntity
  8
hatch
100
AcDbLine
 10
22.052943725152282
 20
3.2500000000000018
 30
0.0
 11
23.75
 21
4.947056274847716
 31
0.0
  0
LINE
  5
7D6
330
17
100
AcDbEntity
  8
hatch
100
AcDbLine
 10
21.770101012677667
 20
3.2500000000000018
 30
0.0
 11
23.75
 21
5.229898987322336
 31
0.0
  0
LINE
  5
7D7
330
17
100
AcDbEntity
  8
hatch
100
AcDbLine
 10
21.48725830020305
 20
3.2500000000000036
 30
0.0
 11
23.75
 21
5.512741699796951
 31
0.0
  0
LINE
  5
7D8
330
17
100
AcDbEntity
  8
hatch
100
AcDbLine
 10
21.204415587728427
 20
3.2500000000000018
 30
0.0
 11
23.75
 21
5.795584412271575
 31
0.0
  0
LINE
  5
7D9
330
17
100
AcDbEntity
  8
hatch
100
AcDbLine
 10
20.92157287525381
 20
3.2500000000000018
 30
0.0
 11
23.52157287525381
 21
5.850000000000001
 31
0.0
  0
LINE
  5
7DA
330
17
100
AcDbEntity
  8
hatch
100
AcDbLine
 10
20.63873016277919
 20
3.2500000000000036
 30
0.0
 11
23.23873016277919
 21
5.850000000000003
 31
0.0
  0
LINE
  5
7DB
330
17
100
AcDbEntity
  8
hatch
100
AcDbLine
 10
20.35588745030457
 20
3.2500000000000036
 30
0.0
 11
22.95588745030457
 21
5.85
 31
0.0
  0
LINE
  5
7DC
330
17
100
AcDbEntity
  8
hatch
100
AcDbLine
 10
20.073044737829953
 20
3.2500000000000036
 30
0.0
 11
22.67304473782995
 21
5.85
 31
0.0
  0
LINE
  5
7DD
330
17
100
AcDbEntity
  8
hatch
100
AcDbLine
 10
19.790202025355335
 20
3.2500000000000036
 30
0.0
 11
22.390202025355332
 21
5.850000000000003
 31
0.0
  0
LINE
  5
7DE
330
17
100
AcDbEntity
  8
hatch
100
AcDbLine
 10
19.507359312880716
 20
3.2500000000000036
 30
0.0
 11
22.107359312880714
 21
5.850000000000003
 31
0.0
  0
LINE
  5
7DF
330
17
100
AcDbEntity
  8
hatch
100
AcDbLine
 10
19.224516600406098
 20
3.2500000000000027
 30
0.0
 11
21.824516600406096
 21
5.850000000000002
 31
0.0
  0
LINE
  5
7E0
330
17
100
AcDbEntity
  8
hatch
100
AcDbLine
 10
18.94167388793148
 20
3.2500000000000053
 30
0.0
 11
21.541673887931474
 21
5.850000000000001
 31
0.0
  0
LINE
  5
7E1
330
17
100
AcDbEntity
  8
hatch
100
AcDbLine
 10
18.65883117545686
 20
3.2500000000000053
 30
0.0
 11
21.258831175456855
 21
5.850000000000001
 31
0.0
  0
LINE
  5
7E2
330
17
100
AcDbEntity
  8
hatch
100
AcDbLine
 10
18.375988462982235
 20
3.2500000000000027
 30
0.0
 11
20.975988462982237
 21
5.850000000000002
 31
0.0
  0
LINE
  5
7E3
330
17
100
AcDbEntity
  8
hatch
100
AcDbLine
 10
18.093145750507617
 20
3.2500000000000027
 30
0.0
 11
20.693145750507618
 21
5.850000000000002
 31
0.0
  0
LINE
  5
7E4
330
17
100
AcDbEntity
  8
hatch
100
AcDbLine
 10
17.810303038033
 20
3.2500000000000018
 30
0.0
 11
20.410303038033
 21
5.850000000000001
 31
0.0
  0
LINE
  5
7E5
330
17
100
AcDbEntity
  8
hatch
100
AcDbLine
 10
17.52746032555838
 20
3.2500000000000036
 30
0.0
 11
20.127460325558378
 21
5.850000000000001
 31
0.0
  0
LINE
  5
7E6
330
17
100
AcDbEntity
  8
hatch
100
AcDbLine
 10
17.24461761308376
 20
3.2500000000000027
 30
0.0
 11
19.84461761308376
 21
5.850000000000002
 31
0.0
  0
LINE
  5
7E7
330
17
100
AcDbEntity
  8
hatch
100
AcDbLine
 10
16.961774900609143
 20
3.2500000000000027
 30
0.0
 11
19.56177490060914
 21
5.850000000000002
 31
0.0
  0
LINE
  5
7E8
330
17
100
AcDbEntity
  8
hatch
100
AcDbLine
 10
16.678932188134524
 20
3.2500000000000018
 30
0.0
 11
19.278932188134522
 21
5.85
 31
0.0
  0
LINE
  5
7E9
330
17
100
AcDbEntity
  8
hatch
100
AcDbLine
 10
16.396089475659906
 20
3.2500000000000018
 30
0.0
 11
18.996089475659904
 21
5.850000000000001
 31
0.0
  0
LINE
  5
7EA
330
17
100
AcDbEntity
  8
hatch
100
AcDbLine
 10
16.113246763185288
 20
3.2500000000000027
 30
0.0
 11
18.713246763185282
 21
5.8500000000000005
 31
0.0
  0
LINE
  5
7EB
330
17
100
AcDbEntity
  8
hatch
100
AcDbLine
 10
15.830404050710664
 20
3.2500000000000018
 30
0.0
 11
18.430404050710663
 21
5.850000000000001
 31
0.0
  0
LINE
  5
7EC
330
17
100
AcDbEntity
  8
hatch
100
AcDbLine
 10
15.547561338236047
 20
3.2500000000000018
 30
0.0
 11
18.147561338236045
 21
5.850000000000001
 31
0.0
  0
LINE
  5
7ED
330
17
100
AcDbEntity
  8
hatch
100
AcDbLine
 10
15.264718625761429
 20
3.2500000000000018
 30
0.0
 11
17.864718625761427
 21
5.85
 31
0.0
  0
LINE
  5
7EE
330
17
100
AcDbEntity
  8
hatch
100
AcDbLine
 10
14.98187591328681
 20
3.2500000000000036
 30
0.0
 11
17.58187591328681
 21
5.850000000000003
 31
0.0
  0
LINE
  5
7EF
330
17
100
AcDbEntity
  8
hatch
100
AcDbLine
 10
14.69903320081219
 20
3.2500000000000044
 30
0.0
 11
17.29903320081219
 21
5.8500000000000005
 31
0.0
  0
LINE
  5
7F0
330
17
100
AcDbEntity
  8
hatch
100
AcDbLine
 10
14.41619048833757
 20
3.250000000000001
 30
0.0
 11
17.01619048833757
 21
5.8500000000000005
 31
0.0
  0
LINE
  5
7F1
330
17
100
AcDbEntity
  8
hatch
100
AcDbLine
 10
14.133347775862951
 20
3.2500000000000018
 30
0.0
 11
16.73334777586295
 21
5.85
 31
0.0
  0
LINE
  5
7F2
330
17
100
AcDbEntity
  8
hatch
100
AcDbLine
 10
13.850505063388333
 20
3.2500000000000018
 30
0.0
 11
16.45050506338833
 21
5.85
 31
0.0
  0
LINE
  5
7F3
330
17
100
AcDbEntity
  8
hatch
100
AcDbLine
 10
13.567662350913714
 20
3.2500000000000018
 30
0.0
 11
16.167662350913712
 21
5.85
 31
0.0
  0
LINE
  5
7F4
330
17
100
AcDbEntity
  8
hatch
100
AcDbLine
 10
13.284819638439096
 20
3.2500000000000018
 30
0.0
 11
15.884819638439094
 21
5.850000000000001
 31
0.0
  0
LINE
  5
7F5
330
17
100
AcDbEntity
  8
hatch
100
AcDbLine
 10
13.001976925964474
 20
3.2500000000000027
 30
0.0
 11
15.601976925964474
 21
5.8500000000000005
 31
0.0
  0
LINE
  5
7F6
330
17
100
AcDbEntity
  8
hatch
100
AcDbLine
 10
12.719134213489856
 20
3.250000000000001
 30
0.0
 11
15.319134213489855
 21
5.8500000000000005
 31
0.0
  0
LINE
  5
7F7
330
17
100
AcDbEntity
  8
hatch
100
AcDbLine
 10
12.436291501015237
 20
3.250000000000001
 30
0.0
 11
15.036291501015235
 21
5.849999999999999
 31
0.0
  0
LINE
  5
7F8
330
17
100
AcDbEntity
  8
hatch
100
AcDbLine
 10
12.153448788540619
 20
3.2500000000000027
 30
0.0
 11
14.753448788540616
 21
5.850000000000001
 31
0.0
  0
LINE
  5
7F9
330
17
100
AcDbEntity
  8
hatch
100
AcDbLine
 10
11.870606076066
 20
3.2500000000000027
 30
0.0
 11
14.470606076065998
 21
5.850000000000001
 31
0.0
  0
LINE
  5
7FA
330
17
100
AcDbEntity
  8
hatch
100
AcDbLine
 10
11.587763363591382
 20
3.2500000000000027
 30
0.0
 11
14.18776336359138
 21
5.850000000000001
 31
0.0
  0
LINE
  5
7FB
330
17
100
AcDbEntity
  8
hatch
100
AcDbLine
 10
11.30492065111676
 20
3.2500000000000018
 30
0.0
 11
13.904920651116758
 21
5.8500000000000005
 31
0.0
  0
LINE
  5
7FC
330
17
100
AcDbEntity
  8
hatch
100
AcDbLine
 10
11.022077938642141
 20
3.2500000000000018
 30
0.0
 11
13.622077938642141
 21
5.8500000000000005
 31
0.0
  0
LINE
  5
7FD
330
17
100
AcDbEntity
  8
hatch
100
AcDbLine
 10
10.739235226167521
 20
3.2500000000000018
 30
0.0
 11
13.339235226167522
 21
5.850000000000001
 31
0.0
  0
LINE
  5
7FE
330
17
100
AcDbEntity
  8
hatch
100
AcDbLine
 10
10.456392513692903
 20
3.2500000000000013
 30
0.0
 11
13.056392513692902
 21
5.85
 31
0.0
  0
LINE
  5
7FF
330
17
100
AcDbEntity
  8
hatch
100
AcDbLine
 10
10.173549801218282
 20
3.2500000000000018
 30
0.0
 11
12.773549801218282
 21
5.8500000000000005
 31
0.0
  0
LINE
  5
800
330
17
100
AcDbEntity
  8
hatch
100
AcDbLine
 10
9.890707088743664
 20
3.2500000000000013
 30
0.0
 11
12.490707088743664
 21
5.85
 31
0.0
  0
LINE
  5
801
330
17
100
AcDbEntity
  8
hatch
100
AcDbLine
 10
9.607864376269047
 20
3.2500000000000013
 30
0.0
 11
12.207864376269047
 21
5.85
 31
0.0
  0
LINE
  5
802
330
17
100
AcDbEntity
  8
hatch
100
AcDbLine
 10
9.325021663794427
 20
3.2500000000000013
 30
0.0
 11
11.925021663794425
 21
5.85
 31
0.0
  0
LINE
  5
803
330
17
100
AcDbEntity
  8
hatch
100
AcDbLine
 10
9.042178951319809
 20
3.2500000000000013
 30
0.0
 11
11.642178951319806
 21
5.850000000000001
 31
0.0
  0
LINE
  5
804
330
17
100
AcDbEntity
  8
hatch
100
AcDbLine
 10
8.759336238845187
 20
3.2500000000000013
 30
0.0
 11
11.359336238845188
 21
5.85
 31
0.0
  0
LINE
  5
805
330
17
100
AcDbEntity
  8
hatch
100
AcDbLine
 10
8.47649352637057
 20
3.250000000000002
 30
0.0
 11
11.07649352637057
 21
5.85
 31
0.0
  0
LINE
  5
806
330
17
100
AcDbEntity
  8
hatch
100
AcDbLine
 10
8.193650813895951
 20
3.2500000000000018
 30
0.0
 11
10.793650813895951
 21
5.85
 31
0.0
  0
LINE
  5
807
330
17
100
AcDbEntity
  8
hatch
100
AcDbLine
 10
7.910808101421329
 20
3.25
 30
0.0
 11
10.510808101421329
 21
5.8500000000000005
 31
0.0
  0
LINE
  5
808
330
17
100
AcDbEntity
  8
hatch
100
AcDbLine
 10
7.627965388946713
 20
3.250000000000001
 30
0.0
 11
10.22796538894671
 21
5.849999999999999
 31
0.0
  0
LINE
  5
809
330
17
100
AcDbEntity
  8
hatch
100
AcDbLine
 10
7.345122676472091
 20
3.25
 30
0.0
 11
9.94512267647209
 21
5.849999999999999
 31
0.0
  0
LINE
  5
80A
330
17
100
AcDbEntity
  8
hatch
100
AcDbLine
 10
7.062279963997474
 20
3.250000000000001
 30
0.0
 11
9.662279963997472
 21
5.849999999999999
 31
0.0
  0
LINE
  5
80B
330
17
100
AcDbEntity
  8
hatch
100
AcDbLine
 10
6.779437251522856
 20
3.250000000000001
 30
0.0
 11
9.379437251522855
 21
5.85
 31
0.0
  0
LINE
  5
80C
330
17
100
AcDbEntity
  8
hatch
100
AcDbLine
 10
6.496594539048235
 20
3.250000000000001
 30
0.0
 11
9.096594539048233
 21
5.849999999999999
 31
0.0
  0
LINE
  5
80D
330
17
100
AcDbEntity
  8
hatch
100
AcDbLine
 10
6.213751826573618
 20
3.2500000000000013
 30
0.0
 11
8.813751826573617
 21
5.85
 31
0.0
  0
LINE
  5
80E
330
17
100
AcDbEntity
  8
hatch
100
AcDbLine
 10
5.930909114098997
 20
3.250000000000001
 30
0.0
 11
8.530909114098996
 21
5.85
 31
0.0
  0
LINE
  5
80F
330
17
100
AcDbEntity
  8
hatch
100
AcDbLine
 10
5.648066401624378
 20
3.2500000000000004
 30
0.0
 11
8.248066401624378
 21
5.85
 31
0.0
  0
LINE
  5
810
330
17
100
AcDbEntity
  8
hatch
100
AcDbLine
 10
5.36522368914976
 20
3.25
 30
0.0
 11
7.965223689149761
 21
5.85
 31
0.0
  0
LINE
  5
811
330
17
100
AcDbEntity
  8
hatch
100
AcDbLine
 10
5.0823809766751396
 20
3.2500000000000004
 30
0.0
 11
7.68238097667514
 21
5.85
 31
0.0
  0
LINE
  5
812
330
17
100
AcDbEntity
  8
hatch
100
AcDbLine
 10
4.799538264200522
 20
3.250000000000001
 30
0.0
 11
7.3995382642005225
 21
5.8500000000000005
 31
0.0
  0
LINE
  5
813
330
17
100
AcDbEntity
  8
hatch
100
AcDbLine
 10
4.516695551725901
 20
3.250000000000001
 30
0.0
 11
7.116695551725902
 21
5.85
 31
0.0
  0
LINE
  5
814
330
17
100
AcDbEntity
  8
hatch
100
AcDbLine
 10
4.233852839251283
 20
3.2500000000000004
 30
0.0
 11
6.833852839251284
 21
5.8500000000000005
 31
0.0
  0
LINE
  5
815
330
17
100
AcDbEntity
  8
hatch
100
AcDbLine
 10
3.9510101267766653
 20
3.250000000000001
 30
0.0
 11
6.5510101267766645
 21
5.85
 31
0.0
  0
LINE
  5
816
330
17
100
AcDbEntity
  8
hatch
100
AcDbLine
 10
3.668167414302045
 20
3.250000000000001
 30
0.0
 11
6.268167414302043
 21
5.849999999999999
 31
0.0
  0
LINE
  5
817
330
17
100
AcDbEntity
  8
hatch
100
AcDbLine
 10
3.3853247018274266
 20
3.250000000000001
 30
0.0
 11
5.985324701827426
 21
5.85
 31
0.0
  0
LINE
  5
818
330
17
100
AcDbEntity
  8
hatch
100
AcDbLine
 10
3.1024819893528064
 20
3.250000000000001
 30
0.0
 11
5.702481989352806
 21
5.85
 31
0.0
  0
LINE
  5
819
330
17
100
AcDbEntity
  8
hatch
100
AcDbLine
 10
2.8196392768781884
 20
3.250000000000001
 30
0.0
 11
5.419639276878187
 21
5.85
 31
0.0
  0
LINE
  5
81A
330
17
100
AcDbEntity
  8
hatch
100
AcDbLine
 10
2.53679656440357
 20
3.25
 30
0.0
 11
5.13679656440357
 21
5.85
 31
0.0
  0
LINE
  5
81B
330
17
100
AcDbEntity
  8
hatch
100
AcDbLine
 10
2.2539538519289493
 20
3.25
 30
0.0
 11
4.8539538519289485
 21
5.85
 31
0.0
  0
LINE
  5
81C
330
17
100
AcDbEntity
  8
hatch
100
AcDbLine
 10
1.9711111394543313
 20
3.2500000000000004
 30
0.0
 11
4.571111139454331
 21
5.85
 31
0.0
  0
LINE
  5
81D
330
17
100
AcDbEntity
  8
hatch
100
AcDbLine
 10
1.6882684269797106
 20
3.25
 30
0.0
 11
4.288268426979711
 21
5.85
 31
0.0
  0
LINE
  5
81E
330
17
100
AcDbEntity
  8
hatch
100
AcDbLine
 10
1.4054257145050928
 20
3.2500000000000004
 30
0.0
 11
4.005425714505092
 21
5.849999999999999
 31
0.0
  0
LINE
  5
81F
330
17
100
AcDbEntity
  8
hatch
100
AcDbLine
 10
1.1225830020304746
 20
3.25
 30
0.0
 11
3.7225830020304738
 21
5.85
 31
0.0
  0
LINE
  5
820
330
17
100
AcDbEntity
  8
hatch
100
AcDbLine
 10
0.8397402895558563
 20
3.25
 30
0.0
 11
3.439740289555856
 21
5.85
 31
0.0
  0
LINE
  5
821
330
17
100
AcDbEntity
  8
hatch
100
AcDbLine
 10
0.5568975770812334
 20
3.25
 30
0.0
 11
3.1568975770812333
 21
5.85
 31
0.0
  0
LINE
  5
822
330
17
100
AcDbEntity
  8
hatch
100
AcDbLine
 10
0.27405486460661543
 20
3.25
 30
0.0
 11
2.874054864606614
 21
5.849999999999998
 31
0.0
  0
LINE
  5
823
330
17
100
AcDbEntity
  8
hatch
100
AcDbLine
 10
0.24999999999999978
 20
3.5087878478680024
 30
0.0
 11
2.5912121521319955
 21
5.849999999999998
 31
0.0
  0
LINE
  5
824
330
17
100
AcDbEntity
  8
hatch
100
AcDbLine
 10
0.25
 20
3.791630560342621
 30
0.0
 11
2.3083694396573775
 21
5.849999999999999
 31
0.0
  0
LINE
  5
825
330
17
100
AcDbEntity
  8
hatch
100
AcDbLine
 10
0.24999999999999978
 20
4.074473272817238
 30
0.0
 11
2.0255267271827595
 21
5.849999999999998
 31
0.0
  0
LINE
  5
826
330
17
100
AcDbEntity
  8
hatch
100
AcDbLine
 10
0.24999999999999956
 20
4.357315985291861
 30
0.0
 11
1.7426840147081366
 21
5.849999999999998
 31
0.0
  0
LINE
  5
827
330
17
100
AcDbEntity
  8
hatch
100
AcDbLine
 10
0.25
 20
4.64015869776648
 30
0.0
 11
1.459841302233519
 21
5.849999999999998
 31
0.0
  0
LINE
  5
828
330
17
100
AcDbEntity
  8
hatch
100
AcDbLine
 10
0.24999999999999956
 20
4.923001410241097
 30
0.0
 11
1.1769985897589006
 21
5.849999999999998
 31
0.0
  0
LINE
  5
829
330
17
100
AcDbEntity
  8
hatch
100
AcDbLine
 10
0.25
 20
5.205844122715716
 30
0.0
 11
0.8941558772842826
 21
5.849999999999998
 31
0.0
  0
LINE
  5
82A
330
17
100
AcDbEntity
  8
hatch
100
AcDbLine
 10
0.25
 20
5.488686835190333
 30
0.0
 11
0.611313164809665
 21
5.849999999999998
 31
0.0
  0
LINE
  5
82B
330
17
100
AcDbEntity
  8
hatch
100
AcDbLine
 10
0.24999999999999956
 20
5.771529547664956
 30
0.0
 11
0.3284704523350417
 21
5.849999999999999
 31
0.0
  0
LWPOLYLINE
  5
82C
330
17
100
AcDbEntity
  8
marco-fino
100
AcDbPolyline
 90
4
 70
1
 10
0.25
 20
3.25
 10
23.75
 20
3.25
 10
23.75
 20
5.85
 10
0.25
 20
5.85
  0
LWPOLYLINE
  5
82D
330
17
100
AcDbEntity
  8
fondo
100
AcDbPolyline
 90
4
 70
1
 10
1.1
 20
4.15
 10
2.6
 20
4.15
 10
2.6
 20
5.65
 10
1.1
 20
5.65
  0
LINE
  5
82E
330
17
100
AcDbEntity
  8
hatch
100
AcDbLine
 10
2.317157287525381
 20
4.15
 30
0.0
 11
2.6000000000000005
 21
4.43284271247462
 31
0.0
  0
LINE
  5
82F
330
17
100
AcDbEntity
  8
hatch
100
AcDbLine
 10
2.034314575050762
 20
4.15
 30
0.0
 11
2.6
 21
4.715685424949238
 31
0.0
  0
LINE
  5
830
330
17
100
AcDbEntity
  8
hatch
100
AcDbLine
 10
1.7514718625761425
 20
4.15
 30
0.0
 11
2.5999999999999996
 21
4.9985281374238575
 31
0.0
  0
LINE
  5
831
330
17
100
AcDbEntity
  8
hatch
100
AcDbLine
 10
1.4686291501015238
 20
4.15
 30
0.0
 11
2.5999999999999996
 21
5.281370849898476
 31
0.0
  0
LINE
  5
832
330
17
100
AcDbEntity
  8
hatch
100
AcDbLine
 10
1.1857864376269047
 20
4.15
 30
0.0
 11
2.599999999999999
 21
5.564213562373095
 31
0.0
  0
LINE
  5
833
330
17
100
AcDbEntity
  8
hatch
100
AcDbLine
 10
1.1000000000000003
 20
4.347056274847715
 30
0.0
 11
2.4029437251522863
 21
5.65
 31
0.0
  0
LINE
  5
834
330
17
100
AcDbEntity
  8
hatch
100
AcDbLine
 10
1.1000000000000003
 20
4.629898987322334
 30
0.0
 11
2.120101012677667
 21
5.65
 31
0.0
  0
LINE
  5
835
330
17
100
AcDbEntity
  8
hatch
100
AcDbLine
 10
1.1
 20
4.912741699796952
 30
0.0
 11
1.837258300203048
 21
5.65
 31
0.0
  0
LINE
  5
836
330
17
100
AcDbEntity
  8
hatch
100
AcDbLine
 10
1.1
 20
5.195584412271572
 30
0.0
 11
1.5544155877284296
 21
5.65
 31
0.0
  0
LINE
  5
837
330
17
100
AcDbEntity
  8
hatch
100
AcDbLine
 10
1.1
 20
5.47842712474619
 30
0.0
 11
1.2715728752538102
 21
5.65
 31
0.0
  0
LWPOLYLINE
  5
838
330
17
100
AcDbEntity
  8
marco-medio
100
AcDbPolyline
 90
4
 70
1
 10
1.1
 20
4.15
 10
2.6
 20
4.15
 10
2.6
 20
5.65
 10
1.1
 20
5.65
  0
LINE
  5
839
330
17
100
AcDbEntity
  8
vidrio
100
AcDbLine
 10
1.1
 20
4.9
 30
0.0
 11
2.6
 21
4.9
 31
0.0
  0
LINE
  5
83A
330
17
100
AcDbEntity
  8
carpinteria
100
AcDbLine
 10
1.85
 20
4.15
 30
0.0
 11
1.85
 21
5.65
 31
0.0
  0
LINE
  5
83B
330
17
100
AcDbEntity
  8
carpinteria
100
AcDbLine
 10
1.1199999999999988
 20
4.15
 30
0.0
 11
2.580000000000001
 21
4.15
 31
0.0
  0
LINE
  5
83C
330
17
100
AcDbEntity
  8
carpinteria
100
AcDbLine
 10
1.1199999999999988
 20
5.65
 30
0.0
 11
2.580000000000001
 21
5.65
 31
0.0
  0
LWPOLYLINE
  5
83D
330
17
100
AcDbEntity
  8
fondo
100
AcDbPolyline
 90
4
 70
1
 10
4.45
 20
4.15
 10
5.95
 20
4.15
 10
5.95
 20
5.65
 10
4.45
 20
5.65
  0
LINE
  5
83E
330
17
100
AcDbEntity
  8
hatch
100
AcDbLine
 10
5.667157287525381
 20
4.1499999999999995
 30
0.0
 11
5.95
 21
4.432842712474619
 31
0.0
  0
LINE
  5
83F
330
17
100
AcDbEntity
  8
hatch
100
AcDbLine
 10
5.3843145750507615
 20
4.15
 30
0.0
 11
5.95
 21
4.715685424949239
 31
0.0
  0
LINE
  5
840
330
17
100
AcDbEntity
  8
hatch
100
AcDbLine
 10
5.101471862576143
 20
4.15
 30
0.0
 11
5.95
 21
4.9985281374238575
 31
0.0
  0
LINE
  5
841
330
17
100
AcDbEntity
  8
hatch
100
AcDbLine
 10
4.818629150101525
 20
4.15
 30
0.0
 11
5.950000000000001
 21
5.281370849898477
 31
0.0
  0
LINE
  5
842
330
17
100
AcDbEntity
  8
hatch
100
AcDbLine
 10
4.535786437626904
 20
4.15
 30
0.0
 11
5.950000000000001
 21
5.564213562373097
 31
0.0
  0
LINE
  5
843
330
17
100
AcDbEntity
  8
hatch
100
AcDbLine
 10
4.45
 20
4.347056274847715
 30
0.0
 11
5.752943725152287
 21
5.650000000000001
 31
0.0
  0
LINE
  5
844
330
17
100
AcDbEntity
  8
hatch
100
AcDbLine
 10
4.450000000000001
 20
4.629898987322334
 30
0.0
 11
5.4701010126776675
 21
5.65
 31
0.0
  0
LINE
  5
845
330
17
100
AcDbEntity
  8
hatch
100
AcDbLine
 10
4.449999999999999
 20
4.912741699796953
 30
0.0
 11
5.187258300203048
 21
5.650000000000001
 31
0.0
  0
LINE
  5
846
330
17
100
AcDbEntity
  8
hatch
100
AcDbLine
 10
4.45
 20
5.195584412271572
 30
0.0
 11
4.904415587728429
 21
5.65
 31
0.0
  0
LINE
  5
847
330
17
100
AcDbEntity
  8
hatch
100
AcDbLine
 10
4.45
 20
5.47842712474619
 30
0.0
 11
4.62157287525381
 21
5.65
 31
0.0
  0
LWPOLYLINE
  5
848
330
17
100
AcDbEntity
  8
marco-medio
100
AcDbPolyline
 90
4
 70
1
 10
4.45
 20
4.15
 10
5.95
 20
4.15
 10
5.95
 20
5.65
 10
4.45
 20
5.65
  0
LINE
  5
849
330
17
100
AcDbEntity
  8
vidrio
100
AcDbLine
 10
4.45
 20
4.9
 30
0.0
 11
5.95
 21
4.9
 31
0.0
  0
LINE
  5
84A
330
17
100
AcDbEntity
  8
carpinteria
100
AcDbLine
 10
5.2
 20
4.15
 30
0.0
 11
5.2
 21
5.65
 31
0.0
  0
LINE
  5
84B
330
17
100
AcDbEntity
  8
carpinteria
100
AcDbLine
 10
4.469999999999999
 20
4.15
 30
0.0
 11
5.9300000000000015
 21
4.15
 31
0.0
  0
LINE
  5
84C
330
17
100
AcDbEntity
  8
carpinteria
100
AcDbLine
 10
4.469999999999999
 20
5.65
 30
0.0
 11
5.9300000000000015
 21
5.65
 31
0.0
  0
LWPOLYLINE
  5
84D
330
17
100
AcDbEntity
  8
fondo
100
AcDbPolyline
 90
4
 70
1
 10
7.8
 20
4.15
 10
9.3
 20
4.15
 10
9.3
 20
5.65
 10
7.8
 20
5.65
  0
LINE
  5
84E
330
17
100
AcDbEntity
  8
hatch
100
AcDbLine
 10
9.017157287525382
 20
4.15
 30
0.0
 11
9.3
 21
4.432842712474619
 31
0.0
  0
LINE
  5
84F
330
17
100
AcDbEntity
  8
hatch
100
AcDbLine
 10
8.734314575050764
 20
4.149999999999999
 30
0.0
 11
9.3
 21
4.715685424949237
 31
0.0
  0
LINE
  5
850
330
17
100
AcDbEntity
  8
hatch
100
AcDbLine
 10
8.451471862576144
 20
4.15
 30
0.0
 11
9.300000000000002
 21
4.9985281374238575
 31
0.0
  0
LINE
  5
851
330
17
100
AcDbEntity
  8
hatch
100
AcDbLine
 10
8.168629150101525
 20
4.15
 30
0.0
 11
9.3
 21
5.281370849898476
 31
0.0
  0
LINE
  5
852
330
17
100
AcDbEntity
  8
hatch
100
AcDbLine
 10
7.885786437626906
 20
4.15
 30
0.0
 11
9.300000000000002
 21
5.564213562373096
 31
0.0
  0
LINE
  5
853
330
17
100
AcDbEntity
  8
hatch
100
AcDbLine
 10
7.800000000000001
 20
4.347056274847714
 30
0.0
 11
9.102943725152288
 21
5.650000000000001
 31
0.0
  0
LINE
  5
854
330
17
100
AcDbEntity
  8
hatch
100
AcDbLine
 10
7.8
 20
4.629898987322333
 30
0.0
 11
8.820101012677668
 21
5.65
 31
0.0
  0
LINE
  5
855
330
17
100
AcDbEntity
  8
hatch
100
AcDbLine
 10
7.800000000000001
 20
4.912741699796952
 30
0.0
 11
8.53725830020305
 21
5.650000000000001
 31
0.0
  0
LINE
  5
856
330
17
100
AcDbEntity
  8
hatch
100
AcDbLine
 10
7.800000000000001
 20
5.195584412271571
 30
0.0
 11
8.25441558772843
 21
5.65
 31
0.0
  0
LINE
  5
857
330
17
100
AcDbEntity
  8
hatch
100
AcDbLine
 10
7.800000000000001
 20
5.478427124746189
 30
0.0
 11
7.971572875253811
 21
5.65
 31
0.0
  0
LWPOLYLINE
  5
858
330
17
100
AcDbEntity
  8
marco-medio
100
AcDbPolyline
 90
4
 70
1
 10
7.8
 20
4.15
 10
9.3
 20
4.15
 10
9.3
 20
5.65
 10
7.8
 20
5.65
  0
LINE
  5
859
330
17
100
AcDbEntity
  8
vidrio
100
AcDbLine
 10
7.8
 20
4.9
 30
0.0
 11
9.3
 21
4.9
 31
0.0
  0
LINE
  5
85A
330
17
100
AcDbEntity
  8
carpinteria
100
AcDbLine
 10
8.55
 20
4.15
 30
0.0
 11
8.55
 21
5.65
 31
0.0
  0
LINE
  5
85B
330
17
100
AcDbEntity
  8
carpinteria
100
AcDbLine
 10
7.8199999999999985
 20
4.15
 30
0.0
 11
9.280000000000001
 21
4.15
 31
0.0
  0
LINE
  5
85C
330
17
100
AcDbEntity
  8
carpinteria
100
AcDbLine
 10
7.8199999999999985
 20
5.65
 30
0.0
 11
9.280000000000001
 21
5.65
 31
0.0
  0
LWPOLYLINE
  5
85D
330
17
100
AcDbEntity
  8
fondo
100
AcDbPolyline
 90
4
 70
1
 10
11.15
 20
4.15
 10
12.65
 20
4.15
 10
12.65
 20
5.65
 10
11.15
 20
5.65
  0
LINE
  5
85E
330
17
100
AcDbEntity
  8
hatch
100
AcDbLine
 10
12.36715728752538
 20
4.149999999999999
 30
0.0
 11
12.649999999999999
 21
4.432842712474617
 31
0.0
  0
LINE
  5
85F
330
17
100
AcDbEntity
  8
hatch
100
AcDbLine
 10
12.084314575050762
 20
4.1499999999999995
 30
0.0
 11
12.649999999999999
 21
4.715685424949238
 31
0.0
  0
LINE
  5
860
330
17
100
AcDbEntity
  8
hatch
100
AcDbLine
 10
11.801471862576143
 20
4.15
 30
0.0
 11
12.649999999999999
 21
4.9985281374238575
 31
0.0
  0
LINE
  5
861
330
17
100
AcDbEntity
  8
hatch
100
AcDbLine
 10
11.518629150101525
 20
4.1499999999999995
 30
0.0
 11
12.649999999999999
 21
5.281370849898473
 31
0.0
  0
LINE
  5
862
330
17
100
AcDbEntity
  8
hatch
100
AcDbLine
 10
11.235786437626905
 20
4.149999999999999
 30
0.0
 11
12.65
 21
5.564213562373094
 31
0.0
  0
LINE
  5
863
330
17
100
AcDbEntity
  8
hatch
100
AcDbLine
 10
11.15
 20
4.347056274847713
 30
0.0
 11
12.452943725152286
 21
5.649999999999999
 31
0.0
  0
LINE
  5
864
330
17
100
AcDbEntity
  8
hatch
100
AcDbLine
 10
11.15
 20
4.629898987322333
 30
0.0
 11
12.170101012677666
 21
5.649999999999999
 31
0.0
  0
LINE
  5
865
330
17
100
AcDbEntity
  8
hatch
100
AcDbLine
 10
11.149999999999999
 20
4.912741699796952
 30
0.0
 11
11.887258300203047
 21
5.650000000000001
 31
0.0
  0
LINE
  5
866
330
17
100
AcDbEntity
  8
hatch
100
AcDbLine
 10
11.150000000000002
 20
5.19558441227157
 30
0.0
 11
11.604415587728429
 21
5.65
 31
0.0
  0
LINE
  5
867
330
17
100
AcDbEntity
  8
hatch
100
AcDbLine
 10
11.15
 20
5.478427124746189
 30
0.0
 11
11.321572875253812
 21
5.650000000000001
 31
0.0
  0
LWPOLYLINE
  5
868
330
17
100
AcDbEntity
  8
marco-medio
100
AcDbPolyline
 90
4
 70
1
 10
11.15
 20
4.15
 10
12.65
 20
4.15
 10
12.65
 20
5.65
 10
11.15
 20
5.65
  0
LINE
  5
869
330
17
100
AcDbEntity
  8
vidrio
100
AcDbLine
 10
11.15
 20
4.9
 30
0.0
 11
12.65
 21
4.9
 31
0.0
  0
LINE
  5
86A
330
17
100
AcDbEntity
  8
carpinteria
100
AcDbLine
 10
11.9
 20
4.15
 30
0.0
 11
11.9
 21
5.65
 31
0.0
  0
LINE
  5
86B
330
17
100
AcDbEntity
  8
carpinteria
100
AcDbLine
 10
11.169999999999998
 20
4.15
 30
0.0
 11
12.63
 21
4.15
 31
0.0
  0
LINE
  5
86C
330
17
100
AcDbEntity
  8
carpinteria
100
AcDbLine
 10
11.169999999999998
 20
5.65
 30
0.0
 11
12.63
 21
5.65
 31
0.0
  0
LINE
  5
86D
330
17
100
AcDbEntity
  8
marco-fino
100
AcDbLine
 10
16.65
 20
0.0
 30
0.0
 11
16.65
 21
2.9
 31
0.0
  0
LINE
  5
86E
330
17
100
AcDbEntity
  8
marco-fino
100
AcDbLine
 10
20.05
 20
0.0
 30
0.0
 11
20.05
 21
2.9
 31
0.0
  0
LINE
  5
86F
330
17
100
AcDbEntity
  8
nivel
100
AcDbLine
 10
24.175
 20
-7.5
 30
0.0
 11
25.475
 21
-7.5
 31
0.0
  0
LWPOLYLINE
  5
870
330
17
100
AcDbEntity
  8
nivel
100
AcDbPolyline
 90
3
 70
1
 10
24.175
 20
-7.5
 10
24.310000000000002
 20
-7.4175
 10
24.310000000000002
 20
-7.5825000000000005
  0
LWPOLYLINE
  5
871
330
17
100
AcDbEntity
  8
nivel
100
AcDbPolyline
 90
3
 70
1
 10
24.175
 20
-7.5
 10
24.310000000000002
 20
-7.4175
 10
24.310000000000002
 20
-7.5825000000000005
  0
LINE
  5
872
330
17
100
AcDbEntity
  8
hatch
100
AcDbLine
 10
24.22222122716305
 20
-7.528857416599642
 30
0.0
 11
24.310000000000002
 21
-7.44107864376269
 31
0.0
  0
TEXT
  5
873
330
17
100
AcDbEntity
  8
texto
100
AcDbText
 10
24.400000000000002
 20
-7.440000000000001
 30
0.0
 40
0.105
  1
±0,00
100
AcDbText
  0
LINE
  5
874
330
17
100
AcDbEntity
  8
nivel
100
AcDbLine
 10
24.175
 20
-5.875
 30
0.0
 11
25.475
 21
-5.875
 31
0.0
  0
LWPOLYLINE
  5
875
330
17
100
AcDbEntity
  8
nivel
100
AcDbPolyline
 90
3
 70
1
 10
24.175
 20
-5.875
 10
24.310000000000002
 20
-5.7925
 10
24.310000000000002
 20
-5.9575000000000005
  0
LWPOLYLINE
  5
876
330
17
100
AcDbEntity
  8
nivel
100
AcDbPolyline
 90
3
 70
1
 10
24.175
 20
-5.875
 10
24.310000000000002
 20
-5.7925
 10
24.310000000000002
 20
-5.9575000000000005
  0
LINE
  5
877
330
17
100
AcDbEntity
  8
hatch
100
AcDbLine
 10
24.222221227163047
 20
-5.903857416599642
 30
0.0
 11
24.310000000000002
 21
-5.816078643762689
 31
0.0
  0
TEXT
  5
878
330
17
100
AcDbEntity
  8
texto
100
AcDbText
 10
24.400000000000002
 20
-5.815
 30
0.0
 40
0.105
  1
+3,25
100
AcDbText
  0
LINE
  5
879
330
17
100
AcDbEntity
  8
nivel
100
AcDbLine
 10
24.175
 20
-4.4
 30
0.0
 11
25.475
 21
-4.4
 31
0.0
  0
LWPOLYLINE
  5
87A
330
17
100
AcDbEntity
  8
nivel
100
AcDbPolyline
 90
3
 70
1
 10
24.175
 20
-4.4
 10
24.310000000000002
 20
-4.3175
 10
24.310000000000002
 20
-4.482500000000001
  0
LWPOLYLINE
  5
87B
330
17
100
AcDbEntity
  8
nivel
100
AcDbPolyline
 90
3
 70
1
 10
24.175
 20
-4.4
 10
24.310000000000002
 20
-4.3175
 10
24.310000000000002
 20
-4.482500000000001
  0
LINE
  5
87C
330
17
100
AcDbEntity
  8
hatch
100
AcDbLine
 10
24.22222122716305
 20
-4.428857416599643
 30
0.0
 11
24.310000000000002
 21
-4.341078643762691
 31
0.0
  0
TEXT
  5
87D
330
17
100
AcDbEntity
  8
texto
100
AcDbText
 10
24.400000000000002
 20
-4.34
 30
0.0
 40
0.105
  1
+6,20
100
AcDbText
  0
LINE
  5
87E
330
17
100
AcDbEntity
  8
nivel
100
AcDbLine
 10
24.175
 20
-3.9000000000000004
 30
0.0
 11
25.475
 21
-3.9000000000000004
 31
0.0
  0
LWPOLYLINE
  5
87F
330
17
100
AcDbEntity
  8
nivel
100
AcDbPolyline
 90
3
 70
1
 10
24.175
 20
-3.9000000000000004
 10
24.310000000000002
 20
-3.8175
 10
24.310000000000002
 20
-3.9825000000000004
  0
LWPOLYLINE
  5
880
330
17
100
AcDbEntity
  8
nivel
100
AcDbPolyline
 90
3
 70
1
 10
24.175
 20
-3.9000000000000004
 10
24.310000000000002
 20
-3.8175
 10
24.310000000000002
 20
-3.9825000000000004
  0
LINE
  5
881
330
17
100
AcDbEntity
  8
hatch
100
AcDbLine
 10
24.22222122716305
 20
-3.928857416599641
 30
0.0
 11
24.310000000000002
 21
-3.841078643762687
 31
0.0
  0
TEXT
  5
882
330
17
100
AcDbEntity
  8
texto
100
AcDbText
 10
24.400000000000002
 20
-3.84
 30
0.0
 40
0.105
  1
+7,20
100
AcDbText
  0
LINE
  5
883
330
17
100
AcDbEntity
  8
nivel
100
AcDbLine
 10
11.825000000000001
 20
-7.7250000000000005
 30
0.0
 11
10.325000000000001
 21
-7.7250000000000005
 31
0.0
  0
LWPOLYLINE
  5
884
330
17
100
AcDbEntity
  8
nivel
100
AcDbPolyline
 90
3
 70
1
 10
11.825000000000001
 20
-7.7250000000000005
 10
11.690000000000001
 20
-7.6425
 10
11.690000000000001
 20
-7.807500000000001
  0
LWPOLYLINE
  5
885
330
17
100
AcDbEntity
  8
nivel
100
AcDbPolyline
 90
3
 70
1
 10
11.825000000000001
 20
-7.7250000000000005
 10
11.690000000000001
 20
-7.6425
 10
11.690000000000001
 20
-7.807500000000001
  0
LINE
  5
886
330
17
100
AcDbEntity
  8
hatch
100
AcDbLine
 10
11.690000000000001
 20
-7.718578643762692
 30
0.0
 11
11.737221227163051
 21
-7.671357416599642
 31
0.0
  0
TEXT
  5
887
330
17
100
AcDbEntity
  8
texto
100
AcDbText
 10
11.600000000000001
 20
-7.665000000000001
 30
0.0
 40
0.105
  1
NTN -0,45
 72
2
100
AcDbText
  0
LINE
  5
888
330
17
100
AcDbEntity
  8
nivel
100
AcDbLine
 10
11.325000000000001
 20
-8.025
 30
0.0
 11
9.825000000000001
 21
-8.025
 31
0.0
  0
LWPOLYLINE
  5
889
330
17
100
AcDbEntity
  8
nivel
100
AcDbPolyline
 90
3
 70
1
 10
11.325000000000001
 20
-8.025
 10
11.190000000000001
 20
-7.9425
 10
11.190000000000001
 20
-8.1075
  0
LWPOLYLINE
  5
88A
330
17
100
AcDbEntity
  8
nivel
100
AcDbPolyline
 90
3
 70
1
 10
11.325000000000001
 20
-8.025
 10
11.190000000000001
 20
-7.9425
 10
11.190000000000001
 20
-8.1075
  0
LINE
  5
88B
330
17
100
AcDbEntity
  8
hatch
100
AcDbLine
 10
11.190000000000001
 20
-8.01857864376269
 30
0.0
 11
11.23722122716305
 21
-7.971357416599641
 31
0.0
  0
TEXT
  5
88C
330
17
100
AcDbEntity
  8
texto
100
AcDbText
 10
11.100000000000001
 20
-7.965000000000001
 30
0.0
 40
0.105
  1
-1,05
 72
2
100
AcDbText
  0
LINE
  5
88D
330
17
100
AcDbEntity
  8
cota
100
AcDbLine
 10
24.05
 20
-7.5
 30
0.0
 11
24.05
 21
-7.5
 31
0.0
  0
LINE
  5
88E
330
17
100
AcDbEntity
  8
cota
100
AcDbLine
 10
24.05
 20
-6.050000000000001
 30
0.0
 11
24.05
 21
-6.050000000000001
 31
0.0
  0
LINE
  5
88F
330
17
100
AcDbEntity
  8
cota
100
AcDbLine
 10
24.125
 20
-7.5
 30
0.0
 11
24.125
 21
-6.050000000000001
 31
0.0
  0
LINE
  5
890
330
17
100
AcDbEntity
  8
cota
100
AcDbLine
 10
24.05
 20
-7.425000000000001
 30
0.0
 11
24.200000000000003
 21
-7.575
 31
0.0
  0
LINE
  5
891
330
17
100
AcDbEntity
  8
cota
100
AcDbLine
 10
24.05
 20
-5.9750000000000005
 30
0.0
 11
24.200000000000003
 21
-6.125
 31
0.0
  0
TEXT
  5
892
330
17
100
AcDbEntity
  8
cota-texto
100
AcDbText
 10
24.07
 20
-6.775
 30
0.0
 40
0.095
  1
2,90
 50
90.0
 72
1
 11
24.07
 21
-6.775
 31
0.0
100
AcDbText
  0
LINE
  5
893
330
17
100
AcDbEntity
  8
cota
100
AcDbLine
 10
24.05
 20
-5.875
 30
0.0
 11
24.05
 21
-5.875
 31
0.0
  0
LINE
  5
894
330
17
100
AcDbEntity
  8
cota
100
AcDbLine
 10
24.05
 20
-4.575
 30
0.0
 11
24.05
 21
-4.575
 31
0.0
  0
LINE
  5
895
330
17
100
AcDbEntity
  8
cota
100
AcDbLine
 10
24.125
 20
-5.875
 30
0.0
 11
24.125
 21
-4.575
 31
0.0
  0
LINE
  5
896
330
17
100
AcDbEntity
  8
cota
100
AcDbLine
 10
24.05
 20
-5.800000000000001
 30
0.0
 11
24.200000000000003
 21
-5.95
 31
0.0
  0
LINE
  5
897
330
17
100
AcDbEntity
  8
cota
100
AcDbLine
 10
24.05
 20
-4.5
 30
0.0
 11
24.200000000000003
 21
-4.65
 31
0.0
  0
TEXT
  5
898
330
17
100
AcDbEntity
  8
cota-texto
100
AcDbText
 10
24.07
 20
-5.2250000000000005
 30
0.0
 40
0.095
  1
2,60
 50
90.0
 72
1
 11
24.07
 21
-5.2250000000000005
 31
0.0
100
AcDbText
  0
LINE
  5
899
330
17
100
AcDbEntity
  8
cota
100
AcDbLine
 10
12.0
 20
-7.575
 30
0.0
 11
12.0
 21
-6.4750000000000005
 31
0.0
  0
LINE
  5
89A
330
17
100
AcDbEntity
  8
cota
100
AcDbLine
 10
24.0
 20
-7.575
 30
0.0
 11
24.0
 21
-6.4750000000000005
 31
0.0
  0
LINE
  5
89B
330
17
100
AcDbEntity
  8
cota
100
AcDbLine
 10
12.0
 20
-6.4
 30
0.0
 11
24.0
 21
-6.4
 31
0.0
  0
LINE
  5
89C
330
17
100
AcDbEntity
  8
cota
100
AcDbLine
 10
11.925
 20
-6.4750000000000005
 30
0.0
 11
12.075000000000001
 21
-6.325
 31
0.0
  0
LINE
  5
89D
330
17
100
AcDbEntity
  8
cota
100
AcDbLine
 10
23.925
 20
-6.4750000000000005
 30
0.0
 11
24.075000000000003
 21
-6.325
 31
0.0
  0
TEXT
  5
89E
330
17
100
AcDbEntity
  8
cota-texto
100
AcDbText
 10
18.0
 20
-6.345000000000001
 30
0.0
 40
0.13
  1
24,00
 72
1
 11
18.0
 21
-6.345000000000001
 31
0.0
100
AcDbText
  0
LINE
  5
89F
330
17
100
AcDbEntity
  8
cota
100
AcDbLine
 10
12.0
 20
-7.575
 30
0.0
 11
12.0
 21
-6.9750000000000005
 31
0.0
  0
LINE
  5
8A0
330
17
100
AcDbEntity
  8
cota
100
AcDbLine
 10
13.725000000000001
 20
-7.575
 30
0.0
 11
13.725000000000001
 21
-6.9750000000000005
 31
0.0
  0
LINE
  5
8A1
330
17
100
AcDbEntity
  8
cota
100
AcDbLine
 10
12.0
 20
-6.9
 30
0.0
 11
13.725000000000001
 21
-6.9
 31
0.0
  0
LINE
  5
8A2
330
17
100
AcDbEntity
  8
cota
100
AcDbLine
 10
11.925
 20
-6.9750000000000005
 30
0.0
 11
12.075000000000001
 21
-6.825
 31
0.0
  0
LINE
  5
8A3
330
17
100
AcDbEntity
  8
cota
100
AcDbLine
 10
13.65
 20
-6.9750000000000005
 30
0.0
 11
13.8
 21
-6.825
 31
0.0
  0
TEXT
  5
8A4
330
17
100
AcDbEntity
  8
cota-texto
100
AcDbText
 10
12.8625
 20
-6.845000000000001
 30
0.0
 40
0.09
  1
3,45
 72
1
 11
12.8625
 21
-6.845000000000001
 31
0.0
100
AcDbText
  0
LINE
  5
8A5
330
17
100
AcDbEntity
  8
cota
100
AcDbLine
 10
13.725000000000001
 20
-7.575
 30
0.0
 11
13.725000000000001
 21
-6.9750000000000005
 31
0.0
  0
LINE
  5
8A6
330
17
100
AcDbEntity
  8
cota
100
AcDbLine
 10
13.8
 20
-7.575
 30
0.0
 11
13.8
 21
-6.9750000000000005
 31
0.0
  0
LINE
  5
8A7
330
17
100
AcDbEntity
  8
cota
100
AcDbLine
 10
13.725000000000001
 20
-6.9
 30
0.0
 11
13.8
 21
-6.9
 31
0.0
  0
LINE
  5
8A8
330
17
100
AcDbEntity
  8
cota
100
AcDbLine
 10
13.65
 20
-6.9750000000000005
 30
0.0
 11
13.8
 21
-6.825
 31
0.0
  0
LINE
  5
8A9
330
17
100
AcDbEntity
  8
cota
100
AcDbLine
 10
13.725000000000001
 20
-6.9750000000000005
 30
0.0
 11
13.875
 21
-6.825
 31
0.0
  0
TEXT
  5
8AA
330
17
100
AcDbEntity
  8
cota-texto
100
AcDbText
 10
13.762500000000001
 20
-6.845000000000001
 30
0.0
 40
0.09
  1
0,15
 72
1
 11
13.762500000000001
 21
-6.845000000000001
 31
0.0
100
AcDbText
  0
LINE
  5
8AB
330
17
100
AcDbEntity
  8
cota
100
AcDbLine
 10
13.8
 20
-7.575
 30
0.0
 11
13.8
 21
-6.9750000000000005
 31
0.0
  0
LINE
  5
8AC
330
17
100
AcDbEntity
  8
cota
100
AcDbLine
 10
15.4
 20
-7.575
 30
0.0
 11
15.4
 21
-6.9750000000000005
 31
0.0
  0
LINE
  5
8AD
330
17
100
AcDbEntity
  8
cota
100
AcDbLine
 10
13.8
 20
-6.9
 30
0.0
 11
15.4
 21
-6.9
 31
0.0
  0
LINE
  5
8AE
330
17
100
AcDbEntity
  8
cota
100
AcDbLine
 10
13.725000000000001
 20
-6.9750000000000005
 30
0.0
 11
13.875
 21
-6.825
 31
0.0
  0
LINE
  5
8AF
330
17
100
AcDbEntity
  8
cota
100
AcDbLine
 10
15.325000000000001
 20
-6.9750000000000005
 30
0.0
 11
15.475000000000001
 21
-6.825
 31
0.0
  0
TEXT
  5
8B0
330
17
100
AcDbEntity
  8
cota-texto
100
AcDbText
 10
14.600000000000001
 20
-6.845000000000001
 30
0.0
 40
0.09
  1
3,20
 72
1
 11
14.600000000000001
 21
-6.845000000000001
 31
0.0
100
AcDbText
  0
LINE
  5
8B1
330
17
100
AcDbEntity
  8
cota
100
AcDbLine
 10
15.4
 20
-7.575
 30
0.0
 11
15.4
 21
-6.9750000000000005
 31
0.0
  0
LINE
  5
8B2
330
17
100
AcDbEntity
  8
cota
100
AcDbLine
 10
15.475000000000001
 20
-7.575
 30
0.0
 11
15.475000000000001
 21
-6.9750000000000005
 31
0.0
  0
LINE
  5
8B3
330
17
100
AcDbEntity
  8
cota
100
AcDbLine
 10
15.4
 20
-6.9
 30
0.0
 11
15.475000000000001
 21
-6.9
 31
0.0
  0
LINE
  5
8B4
330
17
100
AcDbEntity
  8
cota
100
AcDbLine
 10
15.325000000000001
 20
-6.9750000000000005
 30
0.0
 11
15.475000000000001
 21
-6.825
 31
0.0
  0
LINE
  5
8B5
330
17
100
AcDbEntity
  8
cota
100
AcDbLine
 10
15.4
 20
-6.9750000000000005
 30
0.0
 11
15.55
 21
-6.825
 31
0.0
  0
TEXT
  5
8B6
330
17
100
AcDbEntity
  8
cota-texto
100
AcDbText
 10
15.4375
 20
-6.845000000000001
 30
0.0
 40
0.09
  1
0,15
 72
1
 11
15.4375
 21
-6.845000000000001
 31
0.0
100
AcDbText
  0
LINE
  5
8B7
330
17
100
AcDbEntity
  8
cota
100
AcDbLine
 10
15.475000000000001
 20
-7.575
 30
0.0
 11
15.475000000000001
 21
-6.9750000000000005
 31
0.0
  0
LINE
  5
8B8
330
17
100
AcDbEntity
  8
cota
100
AcDbLine
 10
17.075
 20
-7.575
 30
0.0
 11
17.075
 21
-6.9750000000000005
 31
0.0
  0
LINE
  5
8B9
330
17
100
AcDbEntity
  8
cota
100
AcDbLine
 10
15.475000000000001
 20
-6.9
 30
0.0
 11
17.075
 21
-6.9
 31
0.0
  0
LINE
  5
8BA
330
17
100
AcDbEntity
  8
cota
100
AcDbLine
 10
15.4
 20
-6.9750000000000005
 30
0.0
 11
15.55
 21
-6.825
 31
0.0
  0
LINE
  5
8BB
330
17
100
AcDbEntity
  8
cota
100
AcDbLine
 10
17.0
 20
-6.9750000000000005
 30
0.0
 11
17.150000000000002
 21
-6.825
 31
0.0
  0
TEXT
  5
8BC
330
17
100
AcDbEntity
  8
cota-texto
100
AcDbText
 10
16.275000000000002
 20
-6.845000000000001
 30
0.0
 40
0.09
  1
3,20
 72
1
 11
16.275000000000002
 21
-6.845000000000001
 31
0.0
100
AcDbText
  0
LINE
  5
8BD
330
17
100
AcDbEntity
  8
cota
100
AcDbLine
 10
17.075
 20
-7.575
 30
0.0
 11
17.075
 21
-6.9750000000000005
 31
0.0
  0
LINE
  5
8BE
330
17
100
AcDbEntity
  8
cota
100
AcDbLine
 10
17.150000000000002
 20
-7.575
 30
0.0
 11
17.150000000000002
 21
-6.9750000000000005
 31
0.0
  0
LINE
  5
8BF
330
17
100
AcDbEntity
  8
cota
100
AcDbLine
 10
17.075
 20
-6.9
 30
0.0
 11
17.150000000000002
 21
-6.9
 31
0.0
  0
LINE
  5
8C0
330
17
100
AcDbEntity
  8
cota
100
AcDbLine
 10
17.0
 20
-6.9750000000000005
 30
0.0
 11
17.150000000000002
 21
-6.825
 31
0.0
  0
LINE
  5
8C1
330
17
100
AcDbEntity
  8
cota
100
AcDbLine
 10
17.075
 20
-6.9750000000000005
 30
0.0
 11
17.225
 21
-6.825
 31
0.0
  0
TEXT
  5
8C2
330
17
100
AcDbEntity
  8
cota-texto
100
AcDbText
 10
17.1125
 20
-6.845000000000001
 30
0.0
 40
0.09
  1
0,15
 72
1
 11
17.1125
 21
-6.845000000000001
 31
0.0
100
AcDbText
  0
LINE
  5
8C3
330
17
100
AcDbEntity
  8
cota
100
AcDbLine
 10
17.150000000000002
 20
-7.575
 30
0.0
 11
17.150000000000002
 21
-6.9750000000000005
 31
0.0
  0
LINE
  5
8C4
330
17
100
AcDbEntity
  8
cota
100
AcDbLine
 10
18.75
 20
-7.575
 30
0.0
 11
18.75
 21
-6.9750000000000005
 31
0.0
  0
LINE
  5
8C5
330
17
100
AcDbEntity
  8
cota
100
AcDbLine
 10
17.150000000000002
 20
-6.9
 30
0.0
 11
18.75
 21
-6.9
 31
0.0
  0
LINE
  5
8C6
330
17
100
AcDbEntity
  8
cota
100
AcDbLine
 10
17.075
 20
-6.9750000000000005
 30
0.0
 11
17.225
 21
-6.825
 31
0.0
  0
LINE
  5
8C7
330
17
100
AcDbEntity
  8
cota
100
AcDbLine
 10
18.675
 20
-6.9750000000000005
 30
0.0
 11
18.825
 21
-6.825
 31
0.0
  0
TEXT
  5
8C8
330
17
100
AcDbEntity
  8
cota-texto
100
AcDbText
 10
17.95
 20
-6.845000000000001
 30
0.0
 40
0.09
  1
3,20
 72
1
 11
17.95
 21
-6.845000000000001
 31
0.0
100
AcDbText
  0
LINE
  5
8C9
330
17
100
AcDbEntity
  8
cota
100
AcDbLine
 10
18.75
 20
-7.575
 30
0.0
 11
18.75
 21
-6.9750000000000005
 31
0.0
  0
LINE
  5
8CA
330
17
100
AcDbEntity
  8
cota
100
AcDbLine
 10
18.825
 20
-7.575
 30
0.0
 11
18.825
 21
-6.9750000000000005
 31
0.0
  0
LINE
  5
8CB
330
17
100
AcDbEntity
  8
cota
100
AcDbLine
 10
18.75
 20
-6.9
 30
0.0
 11
18.825
 21
-6.9
 31
0.0
  0
LINE
  5
8CC
330
17
100
AcDbEntity
  8
cota
100
AcDbLine
 10
18.675
 20
-6.9750000000000005
 30
0.0
 11
18.825
 21
-6.825
 31
0.0
  0
LINE
  5
8CD
330
17
100
AcDbEntity
  8
cota
100
AcDbLine
 10
18.75
 20
-6.9750000000000005
 30
0.0
 11
18.900000000000002
 21
-6.825
 31
0.0
  0
TEXT
  5
8CE
330
17
100
AcDbEntity
  8
cota-texto
100
AcDbText
 10
18.7875
 20
-6.845000000000001
 30
0.0
 40
0.09
  1
0,15
 72
1
 11
18.7875
 21
-6.845000000000001
 31
0.0
100
AcDbText
  0
LINE
  5
8CF
330
17
100
AcDbEntity
  8
cota
100
AcDbLine
 10
18.825
 20
-7.575
 30
0.0
 11
18.825
 21
-6.9750000000000005
 31
0.0
  0
LINE
  5
8D0
330
17
100
AcDbEntity
  8
cota
100
AcDbLine
 10
20.25
 20
-7.575
 30
0.0
 11
20.25
 21
-6.9750000000000005
 31
0.0
  0
LINE
  5
8D1
330
17
100
AcDbEntity
  8
cota
100
AcDbLine
 10
18.825
 20
-6.9
 30
0.0
 11
20.25
 21
-6.9
 31
0.0
  0
LINE
  5
8D2
330
17
100
AcDbEntity
  8
cota
100
AcDbLine
 10
18.75
 20
-6.9750000000000005
 30
0.0
 11
18.900000000000002
 21
-6.825
 31
0.0
  0
LINE
  5
8D3
330
17
100
AcDbEntity
  8
cota
100
AcDbLine
 10
20.175
 20
-6.9750000000000005
 30
0.0
 11
20.325000000000003
 21
-6.825
 31
0.0
  0
TEXT
  5
8D4
330
17
100
AcDbEntity
  8
cota-texto
100
AcDbText
 10
19.5375
 20
-6.845000000000001
 30
0.0
 40
0.09
  1
2,85
 72
1
 11
19.5375
 21
-6.845000000000001
 31
0.0
100
AcDbText
  0
LINE
  5
8D5
330
17
100
AcDbEntity
  8
cota
100
AcDbLine
 10
20.25
 20
-7.575
 30
0.0
 11
20.25
 21
-6.9750000000000005
 31
0.0
  0
LINE
  5
8D6
330
17
100
AcDbEntity
  8
cota
100
AcDbLine
 10
20.325000000000003
 20
-7.575
 30
0.0
 11
20.325000000000003
 21
-6.9750000000000005
 31
0.0
  0
LINE
  5
8D7
330
17
100
AcDbEntity
  8
cota
100
AcDbLine
 10
20.25
 20
-6.9
 30
0.0
 11
20.325000000000003
 21
-6.9
 31
0.0
  0
LINE
  5
8D8
330
17
100
AcDbEntity
  8
cota
100
AcDbLine
 10
20.175
 20
-6.9750000000000005
 30
0.0
 11
20.325000000000003
 21
-6.825
 31
0.0
  0
LINE
  5
8D9
330
17
100
AcDbEntity
  8
cota
100
AcDbLine
 10
20.25
 20
-6.9750000000000005
 30
0.0
 11
20.400000000000002
 21
-6.825
 31
0.0
  0
TEXT
  5
8DA
330
17
100
AcDbEntity
  8
cota-texto
100
AcDbText
 10
20.2875
 20
-6.845000000000001
 30
0.0
 40
0.09
  1
0,15
 72
1
 11
20.2875
 21
-6.845000000000001
 31
0.0
100
AcDbText
  0
LINE
  5
8DB
330
17
100
AcDbEntity
  8
cota
100
AcDbLine
 10
20.325000000000003
 20
-7.575
 30
0.0
 11
20.325000000000003
 21
-6.9750000000000005
 31
0.0
  0
LINE
  5
8DC
330
17
100
AcDbEntity
  8
cota
100
AcDbLine
 10
22.025000000000002
 20
-7.575
 30
0.0
 11
22.025000000000002
 21
-6.9750000000000005
 31
0.0
  0
LINE
  5
8DD
330
17
100
AcDbEntity
  8
cota
100
AcDbLine
 10
20.325000000000003
 20
-6.9
 30
0.0
 11
22.025000000000002
 21
-6.9
 31
0.0
  0
LINE
  5
8DE
330
17
100
AcDbEntity
  8
cota
100
AcDbLine
 10
20.25
 20
-6.9750000000000005
 30
0.0
 11
20.400000000000002
 21
-6.825
 31
0.0
  0
LINE
  5
8DF
330
17
100
AcDbEntity
  8
cota
100
AcDbLine
 10
21.950000000000003
 20
-6.9750000000000005
 30
0.0
 11
22.1
 21
-6.825
 31
0.0
  0
TEXT
  5
8E0
330
17
100
AcDbEntity
  8
cota-texto
100
AcDbText
 10
21.175
 20
-6.845000000000001
 30
0.0
 40
0.09
  1
3,40
 72
1
 11
21.175
 21
-6.845000000000001
 31
0.0
100
AcDbText
  0
LINE
  5
8E1
330
17
100
AcDbEntity
  8
cota
100
AcDbLine
 10
22.025000000000002
 20
-7.575
 30
0.0
 11
22.025000000000002
 21
-6.9750000000000005
 31
0.0
  0
LINE
  5
8E2
330
17
100
AcDbEntity
  8
cota
100
AcDbLine
 10
22.1
 20
-7.575
 30
0.0
 11
22.1
 21
-6.9750000000000005
 31
0.0
  0
LINE
  5
8E3
330
17
100
AcDbEntity
  8
cota
100
AcDbLine
 10
22.025000000000002
 20
-6.9
 30
0.0
 11
22.1
 21
-6.9
 31
0.0
  0
LINE
  5
8E4
330
17
100
AcDbEntity
  8
cota
100
AcDbLine
 10
21.950000000000003
 20
-6.9750000000000005
 30
0.0
 11
22.1
 21
-6.825
 31
0.0
  0
LINE
  5
8E5
330
17
100
AcDbEntity
  8
cota
100
AcDbLine
 10
22.025000000000002
 20
-6.9750000000000005
 30
0.0
 11
22.175
 21
-6.825
 31
0.0
  0
TEXT
  5
8E6
330
17
100
AcDbEntity
  8
cota-texto
100
AcDbText
 10
22.0625
 20
-6.845000000000001
 30
0.0
 40
0.09
  1
0,15
 72
1
 11
22.0625
 21
-6.845000000000001
 31
0.0
100
AcDbText
  0
LINE
  5
8E7
330
17
100
AcDbEntity
  8
cota
100
AcDbLine
 10
22.1
 20
-7.575
 30
0.0
 11
22.1
 21
-6.9750000000000005
 31
0.0
  0
LINE
  5
8E8
330
17
100
AcDbEntity
  8
cota
100
AcDbLine
 10
24.0
 20
-7.575
 30
0.0
 11
24.0
 21
-6.9750000000000005
 31
0.0
  0
LINE
  5
8E9
330
17
100
AcDbEntity
  8
cota
100
AcDbLine
 10
22.1
 20
-6.9
 30
0.0
 11
24.0
 21
-6.9
 31
0.0
  0
LINE
  5
8EA
330
17
100
AcDbEntity
  8
cota
100
AcDbLine
 10
22.025000000000002
 20
-6.9750000000000005
 30
0.0
 11
22.175
 21
-6.825
 31
0.0
  0
LINE
  5
8EB
330
17
100
AcDbEntity
  8
cota
100
AcDbLine
 10
23.925
 20
-6.9750000000000005
 30
0.0
 11
24.075000000000003
 21
-6.825
 31
0.0
  0
TEXT
  5
8EC
330
17
100
AcDbEntity
  8
cota-texto
100
AcDbText
 10
23.05
 20
-6.845000000000001
 30
0.0
 40
0.09
  1
3,80
 72
1
 11
23.05
 21
-6.845000000000001
 31
0.0
100
AcDbText
  0
TEXT
  5
8ED
330
17
100
AcDbEntity
  8
texto
100
AcDbText
 10
11.3
 20
-2.1
 30
0.0
 40
0.16
  1
CORTE B-B  ·  LONGITUDINAL
100
AcDbText
  0
LINE
  5
8EE
330
17
100
AcDbEntity
  8
marco-medio
100
AcDbLine
 10
11.3
 20
-2.23
 30
0.0
 11
19.3
 21
-2.23
 31
0.0
  0
TEXT
  5
8EF
330
17
100
AcDbEntity
  8
texto-suave
100
AcDbText
 10
19.3
 20
-2.1
 30
0.0
 40
0.11000000000000001
  1
E 1:100
 72
2
100
AcDbText
  0
TEXT
  5
8F0
330
17
100
AcDbEntity
  8
texto-suave
100
AcDbText
 10
11.3
 20
-2.3800000000000003
 30
0.0
 40
0.1
  1
Longitud 24,00 m — planta baja y planta alta
100
AcDbText
  0
LINE
  5
8F1
330
17
100
AcDbEntity
  8
terreno
100
AcDbLine
 10
-1.2
 20
-0.45
 30
0.0
 11
0.0
 21
-0.45
 31
0.0
  0
LINE
  5
8F2
330
17
100
AcDbEntity
  8
terreno
100
AcDbLine
 10
-1.2
 20
-0.45
 30
0.0
 11
-1.3799999999999997
 21
-0.65
 31
0.0
  0
LINE
  5
8F3
330
17
100
AcDbEntity
  8
terreno
100
AcDbLine
 10
-0.7799999999999997
 20
-0.45
 30
0.0
 11
-0.9600000000000002
 21
-0.65
 31
0.0
  0
LINE
  5
8F4
330
17
100
AcDbEntity
  8
terreno
100
AcDbLine
 10
-0.35999999999999943
 20
-0.45
 30
0.0
 11
-0.5400000000000006
 21
-0.65
 31
0.0
  0
LINE
  5
8F5
330
17
100
AcDbEntity
  8
terreno
100
AcDbLine
 10
24.0
 20
-0.45
 30
0.0
 11
25.2
 21
-0.45
 31
0.0
  0
LINE
  5
8F6
330
17
100
AcDbEntity
  8
terreno
100
AcDbLine
 10
24.0
 20
-0.45
 30
0.0
 11
23.82
 21
-0.65
 31
0.0
  0
LINE
  5
8F7
330
17
100
AcDbEntity
  8
terreno
100
AcDbLine
 10
24.420000000000005
 20
-0.45
 30
0.0
 11
24.240000000000002
 21
-0.65
 31
0.0
  0
LINE
  5
8F8
330
17
100
AcDbEntity
  8
terreno
100
AcDbLine
 10
24.840000000000003
 20
-0.45
 30
0.0
 11
24.660000000000004
 21
-0.65
 31
0.0
  0
LINE
  5
8F9
330
17
100
AcDbEntity
  8
terreno
100
AcDbLine
 10
-0.5656854249492383
 20
-1.65
 30
0.0
 11
0.0
 21
-1.084314575050763
 31
0.0
  0
LINE
  5
8FA
330
17
100
AcDbEntity
  8
terreno
100
AcDbLine
 10
-1.1313708498984767
 20
-1.65
 30
0.0
 11
0.0
 21
-0.5186291501015262
 31
0.0
  0
LINE
  5
8FB
330
17
100
AcDbEntity
  8
terreno
100
AcDbLine
 10
-1.2
 20
-1.1529437251522836
 30
0.0
 11
-0.497056274847715
 21
-0.45
 31
0.0
  0
LINE
  5
8FC
330
17
100
AcDbEntity
  8
terreno
100
AcDbLine
 10
-1.2
 20
-0.5872583002030467
 30
0.0
 11
-1.0627416997969519
 21
-0.45
 31
0.0
  0
LINE
  5
8FD
330
17
100
AcDbEntity
  8
terreno
100
AcDbLine
 10
24.634314575050762
 20
-1.65
 30
0.0
 11
25.199999999999996
 21
-1.084314575050763
 31
0.0
  0
LINE
  5
8FE
330
17
100
AcDbEntity
  8
terreno
100
AcDbLine
 10
24.068629150101522
 20
-1.65
 30
0.0
 11
25.2
 21
-0.5186291501015206
 31
0.0
  0
LINE
  5
8FF
330
17
100
AcDbEntity
  8
terreno
100
AcDbLine
 10
24.0
 20
-1.1529437251522836
 30
0.0
 11
24.702943725152284
 21
-0.45
 31
0.0
  0
LINE
  5
900
330
17
100
AcDbEntity
  8
terreno
100
AcDbLine
 10
24.0
 20
-0.587258300203041
 30
0.0
 11
24.13725830020304
 21
-0.45
 31
0.0
  0
LWPOLYLINE
  5
901
330
17
100
AcDbEntity
  8
hormigon
100
AcDbPolyline
 90
4
 70
1
 10
0.0
 20
-0.45
 10
24.0
 20
-0.45
 10
24.0
 20
0.0
 10
0.0
 20
0.0
  0
LINE
  5
902
330
17
100
AcDbEntity
  8
hatch
100
AcDbLine
 10
23.71715728752538
 20
-0.45000000000000107
 30
0.0
 11
24.0
 21
-0.1671572875253844
 31
0.0
  0
LINE
  5
903
330
17
100
AcDbEntity
  8
hatch
100
AcDbLine
 10
23.434314575050763
 20
-0.45000000000000107
 30
0.0
 11
23.884314575050766
 21
0.0
 31
0.0
  0
LINE
  5
904
330
17
100
AcDbEntity
  8
hatch
100
AcDbLine
 10
23.15147186257614
 20
-0.4499999999999993
 30
0.0
 11
23.60147186257614
 21
1.7763568394002505e-15
 31
0.0
  0
LINE
  5
905
330
17
100
AcDbEntity
  8
hatch
100
AcDbLine
 10
22.868629150101526
 20
-0.45000000000000107
 30
0.0
 11
23.318629150101525
 21
0.0
 31
0.0
  0
LINE
  5
906
330
17
100
AcDbEntity
  8
hatch
100
AcDbLine
 10
22.585786437626908
 20
-0.4499999999999993
 30
0.0
 11
23.035786437626907
 21
0.0
 31
0.0
  0
LINE
  5
907
330
17
100
AcDbEntity
  8
hatch
100
AcDbLine
 10
22.30294372515229
 20
-0.4499999999999993
 30
0.0
 11
22.75294372515229
 21
0.0
 31
0.0
  0
LINE
  5
908
330
17
100
AcDbEntity
  8
hatch
100
AcDbLine
 10
22.02010101267767
 20
-0.4499999999999975
 30
0.0
 11
22.470101012677667
 21
1.7763568394002505e-15
 31
0.0
  0
LINE
  5
909
330
17
100
AcDbEntity
  8
hatch
100
AcDbLine
 10
21.737258300203052
 20
-0.4499999999999975
 30
0.0
 11
22.187258300203048
 21
1.7763568394002505e-15
 31
0.0
  0
LINE
  5
90A
330
17
100
AcDbEntity
  8
hatch
100
AcDbLine
 10
21.45441558772843
 20
-0.4499999999999993
 30
0.0
 11
21.90441558772843
 21
0.0
 31
0.0
  0
LINE
  5
90B
330
17
100
AcDbEntity
  8
hatch
100
AcDbLine
 10
21.171572875253812
 20
-0.4499999999999993
 30
0.0
 11
21.62157287525381
 21
0.0
 31
0.0
  0
LINE
  5
90C
330
17
100
AcDbEntity
  8
hatch
100
AcDbLine
 10
20.888730162779197
 20
-0.4499999999999975
 30
0.0
 11
21.338730162779193
 21
0.0
 31
0.0
  0
LINE
  5
90D
330
17
100
AcDbEntity
  8
hatch
100
AcDbLine
 10
20.605887450304575
 20
-0.4499999999999975
 30
0.0
 11
21.055887450304574
 21
1.7763568394002505e-15
 31
0.0
  0
LINE
  5
90E
330
17
100
AcDbEntity
  8
hatch
100
AcDbLine
 10
20.323044737829957
 20
-0.4499999999999993
 30
0.0
 11
20.773044737829956
 21
0.0
 31
0.0
  0
LINE
  5
90F
330
17
100
AcDbEntity
  8
hatch
100
AcDbLine
 10
20.040202025355335
 20
-0.4499999999999993
 30
0.0
 11
20.490202025355334
 21
0.0
 31
0.0
  0
LINE
  5
910
330
17
100
AcDbEntity
  8
hatch
100
AcDbLine
 10
19.757359312880716
 20
-0.4499999999999975
 30
0.0
 11
20.20735931288072
 21
1.7763568394002505e-15
 31
0.0
  0
LINE
  5
911
330
17
100
AcDbEntity
  8
hatch
100
AcDbLine
 10
19.474516600406098
 20
-0.4499999999999993
 30
0.0
 11
19.9245166004061
 21
1.7763568394002505e-15
 31
0.0
  0
LINE
  5
912
330
17
100
AcDbEntity
  8
hatch
100
AcDbLine
 10
19.19167388793148
 20
-0.4499999999999993
 30
0.0
 11
19.64167388793148
 21
0.0
 31
0.0
  0
LINE
  5
913
330
17
100
AcDbEntity
  8
hatch
100
AcDbLine
 10
18.90883117545686
 20
-0.4499999999999993
 30
0.0
 11
19.35883117545686
 21
0.0
 31
0.0
  0
LINE
  5
914
330
17
100
AcDbEntity
  8
hatch
100
AcDbLine
 10
18.625988462982242
 20
-0.4499999999999975
 30
0.0
 11
19.075988462982238
 21
1.7763568394002505e-15
 31
0.0
  0
LINE
  5
915
330
17
100
AcDbEntity
  8
hatch
100
AcDbLine
 10
18.34314575050762
 20
-0.4499999999999993
 30
0.0
 11
18.79314575050762
 21
1.7763568394002505e-15
 31
0.0
  0
LINE
  5
916
330
17
100
AcDbEntity
  8
hatch
100
AcDbLine
 10
18.060303038033005
 20
-0.4499999999999975
 30
0.0
 11
18.510303038033005
 21
1.7763568394002505e-15
 31
0.0
  0
LINE
  5
917
330
17
100
AcDbEntity
  8
hatch
100
AcDbLine
 10
17.777460325558383
 20
-0.4499999999999993
 30
0.0
 11
18.227460325558383
 21
0.0
 31
0.0
  0
LINE
  5
918
330
17
100
AcDbEntity
  8
hatch
100
AcDbLine
 10
17.49461761308376
 20
-0.4499999999999975
 30
0.0
 11
17.944617613083764
 21
1.7763568394002505e-15
 31
0.0
  0
LINE
  5
919
330
17
100
AcDbEntity
  8
hatch
100
AcDbLine
 10
17.211774900609143
 20
-0.4499999999999993
 30
0.0
 11
17.661774900609146
 21
1.7763568394002505e-15
 31
0.0
  0
LINE
  5
91A
330
17
100
AcDbEntity
  8
hatch
100
AcDbLine
 10
16.928932188134528
 20
-0.4499999999999975
 30
0.0
 11
17.378932188134527
 21
1.7763568394002505e-15
 31
0.0
  0
LINE
  5
91B
330
17
100
AcDbEntity
  8
hatch
100
AcDbLine
 10
16.646089475659906
 20
-0.4499999999999993
 30
0.0
 11
17.09608947565991
 21
0.0
 31
0.0
  0
LINE
  5
91C
330
17
100
AcDbEntity
  8
hatch
100
AcDbLine
 10
16.363246763185288
 20
-0.4499999999999975
 30
0.0
 11
16.813246763185287
 21
0.0
 31
0.0
  0
LINE
  5
91D
330
17
100
AcDbEntity
  8
hatch
100
AcDbLine
 10
16.08040405071067
 20
-0.4499999999999984
 30
0.0
 11
16.530404050710665
 21
0.0
 31
0.0
  0
LINE
  5
91E
330
17
100
AcDbEntity
  8
hatch
100
AcDbLine
 10
15.79756133823605
 20
-0.4500000000000002
 30
0.0
 11
16.247561338236046
 21
0.0
 31
0.0
  0
LINE
  5
91F
330
17
100
AcDbEntity
  8
hatch
100
AcDbLine
 10
15.514718625761432
 20
-0.4499999999999984
 30
0.0
 11
15.964718625761432
 21
0.0
 31
0.0
  0
LINE
  5
920
330
17
100
AcDbEntity
  8
hatch
100
AcDbLine
 10
15.231875913286814
 20
-0.4499999999999993
 30
0.0
 11
15.681875913286813
 21
0.0
 31
0.0
  0
LINE
  5
921
330
17
100
AcDbEntity
  8
hatch
100
AcDbLine
 10
14.949033200812192
 20
-0.4499999999999984
 30
0.0
 11
15.399033200812191
 21
0.0
 31
0.0
  0
LINE
  5
922
330
17
100
AcDbEntity
  8
hatch
100
AcDbLine
 10
14.666190488337573
 20
-0.4499999999999984
 30
0.0
 11
15.116190488337573
 21
0.0
 31
0.0
  0
LINE
  5
923
330
17
100
AcDbEntity
  8
hatch
100
AcDbLine
 10
14.383347775862955
 20
-0.4499999999999984
 30
0.0
 11
14.833347775862954
 21
8.881784197001252e-16
 31
0.0
  0
LINE
  5
924
330
17
100
AcDbEntity
  8
hatch
100
AcDbLine
 10
14.100505063388336
 20
-0.4499999999999993
 30
0.0
 11
14.550505063388336
 21
0.0
 31
0.0
  0
LINE
  5
925
330
17
100
AcDbEntity
  8
hatch
100
AcDbLine
 10
13.817662350913718
 20
-0.4499999999999993
 30
0.0
 11
14.267662350913717
 21
0.0
 31
0.0
  0
LINE
  5
926
330
17
100
AcDbEntity
  8
hatch
100
AcDbLine
 10
13.534819638439098
 20
-0.4499999999999993
 30
0.0
 11
13.984819638439097
 21
0.0
 31
0.0
  0
LINE
  5
927
330
17
100
AcDbEntity
  8
hatch
100
AcDbLine
 10
13.251976925964478
 20
-0.4499999999999984
 30
0.0
 11
13.701976925964477
 21
8.881784197001252e-16
 31
0.0
  0
LINE
  5
928
330
17
100
AcDbEntity
  8
hatch
100
AcDbLine
 10
12.969134213489859
 20
-0.4499999999999993
 30
0.0
 11
13.41913421348986
 21
8.881784197001252e-16
 31
0.0
  0
LINE
  5
929
330
17
100
AcDbEntity
  8
hatch
100
AcDbLine
 10
12.686291501015242
 20
-0.4499999999999975
 30
0.0
 11
13.136291501015242
 21
1.7763568394002505e-15
 31
0.0
  0
LINE
  5
92A
330
17
100
AcDbEntity
  8
hatch
100
AcDbLine
 10
12.40344878854062
 20
-0.4499999999999993
 30
0.0
 11
12.85344878854062
 21
0.0
 31
0.0
  0
LINE
  5
92B
330
17
100
AcDbEntity
  8
hatch
100
AcDbLine
 10
12.120606076066004
 20
-0.4499999999999984
 30
0.0
 11
12.570606076066003
 21
0.0
 31
0.0
  0
LINE
  5
92C
330
17
100
AcDbEntity
  8
hatch
100
AcDbLine
 10
11.837763363591385
 20
-0.4499999999999984
 30
0.0
 11
12.287763363591385
 21
8.881784197001252e-16
 31
0.0
  0
LINE
  5
92D
330
17
100
AcDbEntity
  8
hatch
100
AcDbLine
 10
11.554920651116763
 20
-0.4499999999999993
 30
0.0
 11
12.004920651116763
 21
8.881784197001252e-16
 31
0.0
  0
LINE
  5
92E
330
17
100
AcDbEntity
  8
hatch
100
AcDbLine
 10
11.272077938642145
 20
-0.4499999999999993
 30
0.0
 11
11.722077938642144
 21
8.881784197001252e-16
 31
0.0
  0
LINE
  5
92F
330
17
100
AcDbEntity
  8
hatch
100
AcDbLine
 10
10.989235226167523
 20
-0.4500000000000002
 30
0.0
 11
11.439235226167526
 21
8.881784197001252e-16
 31
0.0
  0
LINE
  5
930
330
17
100
AcDbEntity
  8
hatch
100
AcDbLine
 10
10.706392513692906
 20
-0.4500000000000002
 30
0.0
 11
11.156392513692905
 21
0.0
 31
0.0
  0
LINE
  5
931
330
17
100
AcDbEntity
  8
hatch
100
AcDbLine
 10
10.423549801218286
 20
-0.4500000000000002
 30
0.0
 11
10.873549801218285
 21
8.881784197001252e-16
 31
0.0
  0
LINE
  5
932
330
17
100
AcDbEntity
  8
hatch
100
AcDbLine
 10
10.140707088743667
 20
-0.45000000000000107
 30
0.0
 11
10.590707088743667
 21
-8.881784197001252e-16
 31
0.0
  0
LINE
  5
933
330
17
100
AcDbEntity
  8
hatch
100
AcDbLine
 10
9.857864376269049
 20
-0.45000000000000107
 30
0.0
 11
10.30786437626905
 21
0.0
 31
0.0
  0
LINE
  5
934
330
17
100
AcDbEntity
  8
hatch
100
AcDbLine
 10
9.575021663794429
 20
-0.45000000000000107
 30
0.0
 11
10.02502166379443
 21
-8.881784197001252e-16
 31
0.0
  0
LINE
  5
935
330
17
100
AcDbEntity
  8
hatch
100
AcDbLine
 10
9.29217895131981
 20
-0.4500000000000002
 30
0.0
 11
9.742178951319811
 21
0.0
 31
0.0
  0
LINE
  5
936
330
17
100
AcDbEntity
  8
hatch
100
AcDbLine
 10
9.00933623884519
 20
-0.4500000000000002
 30
0.0
 11
9.459336238845191
 21
0.0
 31
0.0
  0
LINE
  5
937
330
17
100
AcDbEntity
  8
hatch
100
AcDbLine
 10
8.726493526370572
 20
-0.4500000000000002
 30
0.0
 11
9.176493526370573
 21
8.881784197001252e-16
 31
0.0
  0
LINE
  5
938
330
17
100
AcDbEntity
  8
hatch
100
AcDbLine
 10
8.443650813895955
 20
-0.44999999999999973
 30
0.0
 11
8.893650813895956
 21
8.881784197001252e-16
 31
0.0
  0
LINE
  5
939
330
17
100
AcDbEntity
  8
hatch
100
AcDbLine
 10
8.160808101421335
 20
-0.44999999999999973
 30
0.0
 11
8.610808101421334
 21
8.881784197001252e-16
 31
0.0
  0
LINE
  5
93A
330
17
100
AcDbEntity
  8
hatch
100
AcDbLine
 10
7.877965388946716
 20
-0.4499999999999993
 30
0.0
 11
8.327965388946717
 21
8.881784197001252e-16
 31
0.0
  0
LINE
  5
93B
330
17
100
AcDbEntity
  8
hatch
100
AcDbLine
 10
7.595122676472095
 20
-0.44999999999999973
 30
0.0
 11
8.045122676472095
 21
8.881784197001252e-16
 31
0.0
  0
LINE
  5
93C
330
17
100
AcDbEntity
  8
hatch
100
AcDbLine
 10
7.312279963997478
 20
-0.44999999999999973
 30
0.0
 11
7.762279963997478
 21
4.440892098500626e-16
 31
0.0
  0
LINE
  5
93D
330
17
100
AcDbEntity
  8
hatch
100
AcDbLine
 10
7.029437251522859
 20
-0.44999999999999973
 30
0.0
 11
7.47943725152286
 21
8.881784197001252e-16
 31
0.0
  0
LINE
  5
93E
330
17
100
AcDbEntity
  8
hatch
100
AcDbLine
 10
6.746594539048239
 20
-0.4500000000000002
 30
0.0
 11
7.19659453904824
 21
4.440892098500626e-16
 31
0.0
  0
LINE
  5
93F
330
17
100
AcDbEntity
  8
hatch
100
AcDbLine
 10
6.4637518265736205
 20
-0.4500000000000002
 30
0.0
 11
6.91375182657362
 21
-4.440892098500626e-16
 31
0.0
  0
LINE
  5
940
330
17
100
AcDbEntity
  8
hatch
100
AcDbLine
 10
6.180909114099
 20
-0.4500000000000002
 30
0.0
 11
6.630909114099001
 21
8.881784197001252e-16
 31
0.0
  0
LINE
  5
941
330
17
100
AcDbEntity
  8
hatch
100
AcDbLine
 10
5.898066401624382
 20
-0.44999999999999973
 30
0.0
 11
6.348066401624381
 21
-4.440892098500626e-16
 31
0.0
  0
LINE
  5
942
330
17
100
AcDbEntity
  8
hatch
100
AcDbLine
 10
5.615223689149764
 20
-0.44999999999999973
 30
0.0
 11
6.065223689149765
 21
8.881784197001252e-16
 31
0.0
  0
LINE
  5
943
330
17
100
AcDbEntity
  8
hatch
100
AcDbLine
 10
5.332380976675143
 20
-0.4500000000000002
 30
0.0
 11
5.782380976675143
 21
-8.881784197001252e-16
 31
0.0
  0
LINE
  5
944
330
17
100
AcDbEntity
  8
hatch
100
AcDbLine
 10
5.049538264200526
 20
-0.44999999999999973
 30
0.0
 11
5.499538264200527
 21
8.881784197001252e-16
 31
0.0
  0
LINE
  5
945
330
17
100
AcDbEntity
  8
hatch
100
AcDbLine
 10
4.766695551725905
 20
-0.44999999999999973
 30
0.0
 11
5.2166955517259055
 21
-4.440892098500626e-16
 31
0.0
  0
LINE
  5
946
330
17
100
AcDbEntity
  8
hatch
100
AcDbLine
 10
4.483852839251288
 20
-0.44999999999999973
 30
0.0
 11
4.933852839251288
 21
8.881784197001252e-16
 31
0.0
  0
LINE
  5
947
330
17
100
AcDbEntity
  8
hatch
100
AcDbLine
 10
4.201010126776669
 20
-0.4500000000000002
 30
0.0
 11
4.651010126776669
 21
-4.440892098500626e-16
 31
0.0
  0
LINE
  5
948
330
17
100
AcDbEntity
  8
hatch
100
AcDbLine
 10
3.918167414302048
 20
-0.44999999999999996
 30
0.0
 11
4.368167414302049
 21
8.881784197001252e-16
 31
0.0
  0
LINE
  5
949
330
17
100
AcDbEntity
  8
hatch
100
AcDbLine
 10
3.6353247018274306
 20
-0.4500000000000002
 30
0.0
 11
4.08532470182743
 21
-4.440892098500626e-16
 31
0.0
  0
LINE
  5
94A
330
17
100
AcDbEntity
  8
hatch
100
AcDbLine
 10
3.35248198935281
 20
-0.44999999999999996
 30
0.0
 11
3.8024819893528097
 21
-4.440892098500626e-16
 31
0.0
  0
LINE
  5
94B
330
17
100
AcDbEntity
  8
hatch
100
AcDbLine
 10
3.069639276878192
 20
-0.4500000000000002
 30
0.0
 11
3.519639276878192
 21
-2.220446049250313e-16
 31
0.0
  0
LINE
  5
94C
330
17
100
AcDbEntity
  8
hatch
100
AcDbLine
 10
2.786796564403574
 20
-0.4500000000000002
 30
0.0
 11
3.2367965644035737
 21
-2.220446049250313e-16
 31
0.0
  0
LINE
  5
94D
330
17
100
AcDbEntity
  8
hatch
100
AcDbLine
 10
2.5039538519289533
 20
-0.44999999999999996
 30
0.0
 11
2.9539538519289534
 21
-2.220446049250313e-16
 31
0.0
  0
LINE
  5
94E
330
17
100
AcDbEntity
  8
hatch
100
AcDbLine
 10
2.2211111394543357
 20
-0.44999999999999996
 30
0.0
 11
2.671111139454335
 21
-2.220446049250313e-16
 31
0.0
  0
LINE
  5
94F
330
17
100
AcDbEntity
  8
hatch
100
AcDbLine
 10
1.9382684269797146
 20
-0.44999999999999996
 30
0.0
 11
2.3882684269797148
 21
-2.220446049250313e-16
 31
0.0
  0
LINE
  5
950
330
17
100
AcDbEntity
  8
hatch
100
AcDbLine
 10
1.655425714505097
 20
-0.44999999999999996
 30
0.0
 11
2.1054257145050967
 21
0.0
 31
0.0
  0
LINE
  5
951
330
17
100
AcDbEntity
  8
hatch
100
AcDbLine
 10
1.3725830020304788
 20
-0.44999999999999996
 30
0.0
 11
1.8225830020304787
 21
-1.1102230246251565e-16
 31
0.0
  0
LINE
  5
952
330
17
100
AcDbEntity
  8
hatch
100
AcDbLine
 10
1.0897402895558608
 20
-0.4499999999999999
 30
0.0
 11
1.5397402895558607
 21
-1.1102230246251565e-16
 31
0.0
  0
LINE
  5
953
330
17
100
AcDbEntity
  8
hatch
100
AcDbLine
 10
0.8068975770812378
 20
-0.44999999999999996
 30
0.0
 11
1.2568975770812378
 21
-1.1102230246251565e-16
 31
0.0
  0
LINE
  5
954
330
17
100
AcDbEntity
  8
hatch
100
AcDbLine
 10
0.5240548646066197
 20
-0.44999999999999996
 30
0.0
 11
0.9740548646066196
 21
-5.551115123125783e-17
 31
0.0
  0
LINE
  5
955
330
17
100
AcDbEntity
  8
hatch
100
AcDbLine
 10
0.24121215213200164
 20
-0.45
 30
0.0
 11
0.6912121521320016
 21
-5.551115123125783e-17
 31
0.0
  0
LINE
  5
956
330
17
100
AcDbEntity
  8
hatch
100
AcDbLine
 10
2.7755575615628914e-17
 20
-0.4083694396573836
 30
0.0
 11
0.4083694396573837
 21
-2.7755575615628914e-17
 31
0.0
  0
LINE
  5
957
330
17
100
AcDbEntity
  8
hatch
100
AcDbLine
 10
0.0
 20
-0.12552672718276564
 30
0.0
 11
0.12552672718276564
 21
-1.3877787807814457e-17
 31
0.0
  0
LWPOLYLINE
  5
958
330
17
100
AcDbEntity
  8
muro-corte
100
AcDbPolyline
 90
4
 70
1
 10
0.0
 20
-0.45
 10
24.0
 20
-0.45
 10
24.0
 20
0.0
 10
0.0
 20
0.0
  0
LWPOLYLINE
  5
959
330
17
100
AcDbEntity
  8
sombra
100
AcDbPolyline
 90
4
 70
1
 10
0.0
 20
0.0
 10
24.0
 20
0.0
 10
24.0
 20
6.5
 10
0.0
 20
6.5
  0
LINE
  5
95A
330
17
100
AcDbEntity
  8
hatch
100
AcDbLine
 10
23.71715728752538
 20
0.0
 30
0.0
 11
24.0
 21
0.28284271247461845
 31
0.0
  0
LINE
  5
95B
330
17
100
AcDbEntity
  8
hatch
100
AcDbLine
 10
23.434314575050763
 20
0.0
 30
0.0
 11
24.0
 21
0.5656854249492369
 31
0.0
  0
LINE
  5
95C
330
17
100
AcDbEntity
  8
hatch
100
AcDbLine
 10
23.15147186257614
 20
0.0
 30
0.0
 11
24.0
 21
0.8485281374238589
 31
0.0
  0
LINE
  5
95D
330
17
100
AcDbEntity
  8
hatch
100
AcDbLine
 10
22.868629150101523
 20
0.0
 30
0.0
 11
24.0
 21
1.1313708498984774
 31
0.0
  0
LINE
  5
95E
330
17
100
AcDbEntity
  8
hatch
100
AcDbLine
 10
22.585786437626904
 20
0.0
 30
0.0
 11
24.0
 21
1.4142135623730958
 31
0.0
  0
LINE
  5
95F
330
17
100
AcDbEntity
  8
hatch
100
AcDbLine
 10
22.30294372515229
 20
1.7763568394002505e-15
 30
0.0
 11
24.0
 21
1.6970562748477143
 31
0.0
  0
LINE
  5
960
330
17
100
AcDbEntity
  8
hatch
100
AcDbLine
 10
22.020101012677667
 20
0.0
 30
0.0
 11
24.0
 21
1.9798989873223327
 31
0.0
  0
LINE
  5
961
330
17
100
AcDbEntity
  8
hatch
100
AcDbLine
 10
21.73725830020305
 20
0.0
 30
0.0
 11
24.0
 21
2.262741699796953
 31
0.0
  0
LINE
  5
962
330
17
100
AcDbEntity
  8
hatch
100
AcDbLine
 10
21.454415587728427
 20
1.7763568394002505e-15
 30
0.0
 11
24.0
 21
2.545584412271573
 31
0.0
  0
LINE
  5
963
330
17
100
AcDbEntity
  8
hatch
100
AcDbLine
 10
21.17157287525381
 20
1.7763568394002505e-15
 30
0.0
 11
24.0
 21
2.8284271247461916
 31
0.0
  0
LINE
  5
964
330
17
100
AcDbEntity
  8
hatch
100
AcDbLine
 10
20.88873016277919
 20
1.7763568394002505e-15
 30
0.0
 11
24.0
 21
3.11126983722081
 31
0.0
  0
LINE
  5
965
330
17
100
AcDbEntity
  8
hatch
100
AcDbLine
 10
20.60588745030457
 20
0.0
 30
0.0
 11
24.0
 21
3.3941125496954268
 31
0.0
  0
LINE
  5
966
330
17
100
AcDbEntity
  8
hatch
100
AcDbLine
 10
20.323044737829953
 20
0.0
 30
0.0
 11
24.0
 21
3.6769552621700488
 31
0.0
  0
LINE
  5
967
330
17
100
AcDbEntity
  8
hatch
100
AcDbLine
 10
20.04020202535533
 20
0.0
 30
0.0
 11
24.0
 21
3.959797974644669
 31
0.0
  0
LINE
  5
968
330
17
100
AcDbEntity
  8
hatch
100
AcDbLine
 10
19.757359312880716
 20
1.7763568394002505e-15
 30
0.0
 11
24.0
 21
4.242640687119286
 31
0.0
  0
LINE
  5
969
330
17
100
AcDbEntity
  8
hatch
100
AcDbLine
 10
19.474516600406098
 20
-1.7763568394002505e-15
 30
0.0
 11
24.0
 21
4.525483399593902
 31
0.0
  0
LINE
  5
96A
330
17
100
AcDbEntity
  8
hatch
100
AcDbLine
 10
19.191673887931476
 20
1.7763568394002505e-15
 30
0.0
 11
24.0
 21
4.808326112068523
 31
0.0
  0
LINE
  5
96B
330
17
100
AcDbEntity
  8
hatch
100
AcDbLine
 10
18.908831175456857
 20
0.0
 30
0.0
 11
24.0
 21
5.091168824543143
 31
0.0
  0
LINE
  5
96C
330
17
100
AcDbEntity
  8
hatch
100
AcDbLine
 10
18.62598846298224
 20
1.7763568394002505e-15
 30
0.0
 11
24.0
 21
5.374011537017763
 31
0.0
  0
LINE
  5
96D
330
17
100
AcDbEntity
  8
hatch
100
AcDbLine
 10
18.343145750507617
 20
0.0
 30
0.0
 11
24.0
 21
5.65685424949238
 31
0.0
  0
LINE
  5
96E
330
17
100
AcDbEntity
  8
hatch
100
AcDbLine
 10
18.060303038033002
 20
0.0
 30
0.0
 11
24.0
 21
5.939696961966998
 31
0.0
  0
LINE
  5
96F
330
17
100
AcDbEntity
  8
hatch
100
AcDbLine
 10
17.77746032555838
 20
0.0
 30
0.0
 11
24.0
 21
6.222539674441618
 31
0.0
  0
LINE
  5
970
330
17
100
AcDbEntity
  8
hatch
100
AcDbLine
 10
17.49461761308376
 20
0.0
 30
0.0
 11
23.99461761308376
 21
6.500000000000002
 31
0.0
  0
LINE
  5
971
330
17
100
AcDbEntity
  8
hatch
100
AcDbLine
 10
17.211774900609143
 20
0.0
 30
0.0
 11
23.711774900609146
 21
6.500000000000002
 31
0.0
  0
LINE
  5
972
330
17
100
AcDbEntity
  8
hatch
100
AcDbLine
 10
16.928932188134524
 20
0.0
 30
0.0
 11
23.428932188134528
 21
6.500000000000002
 31
0.0
  0
LINE
  5
973
330
17
100
AcDbEntity
  8
hatch
100
AcDbLine
 10
16.646089475659906
 20
0.0
 30
0.0
 11
23.14608947565991
 21
6.5000000000000036
 31
0.0
  0
LINE
  5
974
330
17
100
AcDbEntity
  8
hatch
100
AcDbLine
 10
16.363246763185288
 20
0.0
 30
0.0
 11
22.863246763185288
 21
6.500000000000002
 31
0.0
  0
LINE
  5
975
330
17
100
AcDbEntity
  8
hatch
100
AcDbLine
 10
16.080404050710662
 20
0.0
 30
0.0
 11
22.58040405071067
 21
6.500000000000002
 31
0.0
  0
LINE
  5
976
330
17
100
AcDbEntity
  8
hatch
100
AcDbLine
 10
15.797561338236047
 20
0.0
 30
0.0
 11
22.29756133823605
 21
6.5000000000000036
 31
0.0
  0
LINE
  5
977
330
17
100
AcDbEntity
  8
hatch
100
AcDbLine
 10
15.514718625761429
 20
0.0
 30
0.0
 11
22.014718625761432
 21
6.5000000000000036
 31
0.0
  0
LINE
  5
978
330
17
100
AcDbEntity
  8
hatch
100
AcDbLine
 10
15.23187591328681
 20
0.0
 30
0.0
 11
21.731875913286814
 21
6.5000000000000036
 31
0.0
  0
LINE
  5
979
330
17
100
AcDbEntity
  8
hatch
100
AcDbLine
 10
14.94903320081219
 20
0.0
 30
0.0
 11
21.449033200812195
 21
6.500000000000003
 31
0.0
  0
LINE
  5
97A
330
17
100
AcDbEntity
  8
hatch
100
AcDbLine
 10
14.66619048833757
 20
0.0
 30
0.0
 11
21.166190488337573
 21
6.5000000000000036
 31
0.0
  0
LINE
  5
97B
330
17
100
AcDbEntity
  8
hatch
100
AcDbLine
 10
14.383347775862953
 20
1.7763568394002505e-15
 30
0.0
 11
20.883347775862955
 21
6.5000000000000036
 31
0.0
  0
LINE
  5
97C
330
17
100
AcDbEntity
  8
hatch
100
AcDbLine
 10
14.100505063388333
 20
8.881784197001252e-16
 30
0.0
 11
20.600505063388336
 21
6.5000000000000036
 31
0.0
  0
LINE
  5
97D
330
17
100
AcDbEntity
  8
hatch
100
AcDbLine
 10
13.817662350913714
 20
0.0
 30
0.0
 11
20.317662350913718
 21
6.500000000000003
 31
0.0
  0
LINE
  5
97E
330
17
100
AcDbEntity
  8
hatch
100
AcDbLine
 10
13.534819638439096
 20
8.881784197001252e-16
 30
0.0
 11
20.034819638439096
 21
6.500000000000003
 31
0.0
  0
LINE
  5
97F
330
17
100
AcDbEntity
  8
hatch
100
AcDbLine
 10
13.251976925964476
 20
1.7763568394002505e-15
 30
0.0
 11
19.751976925964478
 21
6.5000000000000036
 31
0.0
  0
LINE
  5
980
330
17
100
AcDbEntity
  8
hatch
100
AcDbLine
 10
12.969134213489856
 20
8.881784197001252e-16
 30
0.0
 11
19.46913421348986
 21
6.5000000000000036
 31
0.0
  0
LINE
  5
981
330
17
100
AcDbEntity
  8
hatch
100
AcDbLine
 10
12.68629150101524
 20
8.881784197001252e-16
 30
0.0
 11
19.18629150101524
 21
6.500000000000003
 31
0.0
  0
LINE
  5
982
330
17
100
AcDbEntity
  8
hatch
100
AcDbLine
 10
12.403448788540619
 20
0.0
 30
0.0
 11
18.903448788540622
 21
6.500000000000002
 31
0.0
  0
LINE
  5
983
330
17
100
AcDbEntity
  8
hatch
100
AcDbLine
 10
12.120606076066
 20
0.0
 30
0.0
 11
18.620606076066004
 21
6.500000000000002
 31
0.0
  0
LINE
  5
984
330
17
100
AcDbEntity
  8
hatch
100
AcDbLine
 10
11.837763363591382
 20
0.0
 30
0.0
 11
18.337763363591385
 21
6.500000000000002
 31
0.0
  0
LINE
  5
985
330
17
100
AcDbEntity
  8
hatch
100
AcDbLine
 10
11.554920651116761
 20
0.0
 30
0.0
 11
18.054920651116767
 21
6.500000000000003
 31
0.0
  0
LINE
  5
986
330
17
100
AcDbEntity
  8
hatch
100
AcDbLine
 10
11.272077938642145
 20
8.881784197001252e-16
 30
0.0
 11
17.77207793864215
 21
6.500000000000003
 31
0.0
  0
LINE
  5
987
330
17
100
AcDbEntity
  8
hatch
100
AcDbLine
 10
10.989235226167523
 20
0.0
 30
0.0
 11
17.489235226167526
 21
6.500000000000002
 31
0.0
  0
LINE
  5
988
330
17
100
AcDbEntity
  8
hatch
100
AcDbLine
 10
10.706392513692904
 20
0.0
 30
0.0
 11
17.206392513692908
 21
6.500000000000002
 31
0.0
  0
LINE
  5
989
330
17
100
AcDbEntity
  8
hatch
100
AcDbLine
 10
10.423549801218284
 20
0.0
 30
0.0
 11
16.923549801218286
 21
6.500000000000003
 31
0.0
  0
LINE
  5
98A
330
17
100
AcDbEntity
  8
hatch
100
AcDbLine
 10
10.140707088743666
 20
0.0
 30
0.0
 11
16.64070708874367
 21
6.500000000000004
 31
0.0
  0
LINE
  5
98B
330
17
100
AcDbEntity
  8
hatch
100
AcDbLine
 10
9.857864376269049
 20
0.0
 30
0.0
 11
16.357864376269053
 21
6.500000000000004
 31
0.0
  0
LINE
  5
98C
330
17
100
AcDbEntity
  8
hatch
100
AcDbLine
 10
9.575021663794427
 20
8.881784197001252e-16
 30
0.0
 11
16.07502166379443
 21
6.500000000000002
 31
0.0
  0
LINE
  5
98D
330
17
100
AcDbEntity
  8
hatch
100
AcDbLine
 10
9.29217895131981
 20
0.0
 30
0.0
 11
15.792178951319812
 21
6.500000000000003
 31
0.0
  0
LINE
  5
98E
330
17
100
AcDbEntity
  8
hatch
100
AcDbLine
 10
9.00933623884519
 20
8.881784197001252e-16
 30
0.0
 11
15.509336238845194
 21
6.500000000000003
 31
0.0
  0
LINE
  5
98F
330
17
100
AcDbEntity
  8
hatch
100
AcDbLine
 10
8.726493526370572
 20
0.0
 30
0.0
 11
15.226493526370575
 21
6.500000000000002
 31
0.0
  0
LINE
  5
990
330
17
100
AcDbEntity
  8
hatch
100
AcDbLine
 10
8.443650813895953
 20
8.881784197001252e-16
 30
0.0
 11
14.943650813895957
 21
6.500000000000002
 31
0.0
  0
LINE
  5
991
330
17
100
AcDbEntity
  8
hatch
100
AcDbLine
 10
8.160808101421333
 20
0.0
 30
0.0
 11
14.660808101421337
 21
6.500000000000003
 31
0.0
  0
LINE
  5
992
330
17
100
AcDbEntity
  8
hatch
100
AcDbLine
 10
7.8779653889467145
 20
4.440892098500626e-16
 30
0.0
 11
14.377965388946718
 21
6.500000000000003
 31
0.0
  0
LINE
  5
993
330
17
100
AcDbEntity
  8
hatch
100
AcDbLine
 10
7.595122676472094
 20
8.881784197001252e-16
 30
0.0
 11
14.095122676472098
 21
6.500000000000002
 31
0.0
  0
LINE
  5
994
330
17
100
AcDbEntity
  8
hatch
100
AcDbLine
 10
7.312279963997476
 20
0.0
 30
0.0
 11
13.81227996399748
 21
6.500000000000002
 31
0.0
  0
LINE
  5
995
330
17
100
AcDbEntity
  8
hatch
100
AcDbLine
 10
7.029437251522857
 20
4.440892098500626e-16
 30
0.0
 11
13.529437251522861
 21
6.500000000000002
 31
0.0
  0
LINE
  5
996
330
17
100
AcDbEntity
  8
hatch
100
AcDbLine
 10
6.746594539048237
 20
0.0
 30
0.0
 11
13.24659453904824
 21
6.500000000000003
 31
0.0
  0
LINE
  5
997
330
17
100
AcDbEntity
  8
hatch
100
AcDbLine
 10
6.463751826573619
 20
0.0
 30
0.0
 11
12.963751826573622
 21
6.500000000000002
 31
0.0
  0
LINE
  5
998
330
17
100
AcDbEntity
  8
hatch
100
AcDbLine
 10
6.1809091140989985
 20
4.440892098500626e-16
 30
0.0
 11
12.680909114099002
 21
6.500000000000002
 31
0.0
  0
LINE
  5
999
330
17
100
AcDbEntity
  8
hatch
100
AcDbLine
 10
5.898066401624381
 20
0.0
 30
0.0
 11
12.398066401624384
 21
6.5000000000000036
 31
0.0
  0
LINE
  5
99A
330
17
100
AcDbEntity
  8
hatch
100
AcDbLine
 10
5.615223689149763
 20
4.440892098500626e-16
 30
0.0
 11
12.115223689149767
 21
6.5000000000000036
 31
0.0
  0
LINE
  5
99B
330
17
100
AcDbEntity
  8
hatch
100
AcDbLine
 10
5.332380976675142
 20
0.0
 30
0.0
 11
11.832380976675147
 21
6.500000000000002
 31
0.0
  0
LINE
  5
99C
330
17
100
AcDbEntity
  8
hatch
100
AcDbLine
 10
5.049538264200525
 20
4.440892098500626e-16
 30
0.0
 11
11.549538264200528
 21
6.500000000000002
 31
0.0
  0
LINE
  5
99D
330
17
100
AcDbEntity
  8
hatch
100
AcDbLine
 10
4.7666955517259035
 20
0.0
 30
0.0
 11
11.266695551725906
 21
6.5000000000000036
 31
0.0
  0
LINE
  5
99E
330
17
100
AcDbEntity
  8
hatch
100
AcDbLine
 10
4.483852839251286
 20
0.0
 30
0.0
 11
10.98385283925129
 21
6.5000000000000036
 31
0.0
  0
LINE
  5
99F
330
17
100
AcDbEntity
  8
hatch
100
AcDbLine
 10
4.2010101267766675
 20
0.0
 30
0.0
 11
10.701010126776671
 21
6.500000000000003
 31
0.0
  0
LINE
  5
9A0
330
17
100
AcDbEntity
  8
hatch
100
AcDbLine
 10
3.9181674143020473
 20
0.0
 30
0.0
 11
10.41816741430205
 21
6.500000000000002
 31
0.0
  0
LINE
  5
9A1
330
17
100
AcDbEntity
  8
hatch
100
AcDbLine
 10
3.635324701827429
 20
0.0
 30
0.0
 11
10.135324701827432
 21
6.5000000000000036
 31
0.0
  0
LINE
  5
9A2
330
17
100
AcDbEntity
  8
hatch
100
AcDbLine
 10
3.3524819893528086
 20
2.220446049250313e-16
 30
0.0
 11
9.85248198935281
 21
6.500000000000001
 31
0.0
  0
LINE
  5
9A3
330
17
100
AcDbEntity
  8
hatch
100
AcDbLine
 10
3.06963927687819
 20
2.220446049250313e-16
 30
0.0
 11
9.569639276878194
 21
6.500000000000003
 31
0.0
  0
LINE
  5
9A4
330
17
100
AcDbEntity
  8
hatch
100
AcDbLine
 10
2.7867965644035726
 20
2.220446049250313e-16
 30
0.0
 11
9.286796564403573
 21
6.500000000000002
 31
0.0
  0
LINE
  5
9A5
330
17
100
AcDbEntity
  8
hatch
100
AcDbLine
 10
2.503953851928952
 20
0.0
 30
0.0
 11
9.003953851928955
 21
6.500000000000003
 31
0.0
  0
LINE
  5
9A6
330
17
100
AcDbEntity
  8
hatch
100
AcDbLine
 10
2.221111139454334
 20
0.0
 30
0.0
 11
8.721111139454337
 21
6.500000000000002
 31
0.0
  0
LINE
  5
9A7
330
17
100
AcDbEntity
  8
hatch
100
AcDbLine
 10
1.9382684269797132
 20
0.0
 30
0.0
 11
8.438268426979718
 21
6.500000000000003
 31
0.0
  0
LINE
  5
9A8
330
17
100
AcDbEntity
  8
hatch
100
AcDbLine
 10
1.6554257145050952
 20
0.0
 30
0.0
 11
8.155425714505098
 21
6.500000000000002
 31
0.0
  0
LINE
  5
9A9
330
17
100
AcDbEntity
  8
hatch
100
AcDbLine
 10
1.3725830020304772
 20
0.0
 30
0.0
 11
7.872583002030481
 21
6.500000000000003
 31
0.0
  0
LINE
  5
9AA
330
17
100
AcDbEntity
  8
hatch
100
AcDbLine
 10
1.0897402895558592
 20
0.0
 30
0.0
 11
7.589740289555862
 21
6.500000000000002
 31
0.0
  0
LINE
  5
9AB
330
17
100
AcDbEntity
  8
hatch
100
AcDbLine
 10
0.8068975770812361
 20
0.0
 30
0.0
 11
7.30689757708124
 21
6.5000000000000036
 31
0.0
  0
LINE
  5
9AC
330
17
100
AcDbEntity
  8
hatch
100
AcDbLine
 10
0.5240548646066181
 20
0.0
 30
0.0
 11
7.024054864606621
 21
6.500000000000001
 31
0.0
  0
LINE
  5
9AD
330
17
100
AcDbEntity
  8
hatch
100
AcDbLine
 10
0.24121215213200006
 20
0.0
 30
0.0
 11
6.741212152132004
 21
6.500000000000003
 31
0.0
  0
LINE
  5
9AE
330
17
100
AcDbEntity
  8
hatch
100
AcDbLine
 10
3.469446951953614e-18
 20
0.04163056034261796
 30
0.0
 11
6.4583694396573845
 21
6.500000000000002
 31
0.0
  0
LINE
  5
9AF
330
17
100
AcDbEntity
  8
hatch
100
AcDbLine
 10
2.7755575615628914e-17
 20
0.3244732728172359
 30
0.0
 11
6.175526727182768
 21
6.5000000000000036
 31
0.0
  0
LINE
  5
9B0
330
17
100
AcDbEntity
  8
hatch
100
AcDbLine
 10
5.551115123125783e-17
 20
0.607315985291859
 30
0.0
 11
5.892684014708145
 21
6.500000000000003
 31
0.0
  0
LINE
  5
9B1
330
17
100
AcDbEntity
  8
hatch
100
AcDbLine
 10
5.551115123125783e-17
 20
0.890158697766477
 30
0.0
 11
5.609841302233526
 21
6.500000000000002
 31
0.0
  0
LINE
  5
9B2
330
17
100
AcDbEntity
  8
hatch
100
AcDbLine
 10
1.1102230246251565e-16
 20
1.173001410241095
 30
0.0
 11
5.326998589758909
 21
6.5000000000000036
 31
0.0
  0
LINE
  5
9B3
330
17
100
AcDbEntity
  8
hatch
100
AcDbLine
 10
-2.220446049250313e-16
 20
1.4558441227157126
 30
0.0
 11
5.0441558772842905
 21
6.500000000000002
 31
0.0
  0
LINE
  5
9B4
330
17
100
AcDbEntity
  8
hatch
100
AcDbLine
 10
-2.220446049250313e-16
 20
1.7386868351903306
 30
0.0
 11
4.761313164809673
 21
6.500000000000003
 31
0.0
  0
LINE
  5
9B5
330
17
100
AcDbEntity
  8
hatch
100
AcDbLine
 10
-2.220446049250313e-16
 20
2.0215295476649535
 30
0.0
 11
4.478470452335048
 21
6.500000000000002
 31
0.0
  0
LINE
  5
9B6
330
17
100
AcDbEntity
  8
hatch
100
AcDbLine
 10
-2.220446049250313e-16
 20
2.304372260139572
 30
0.0
 11
4.1956277398604325
 21
6.5000000000000036
 31
0.0
  0
LINE
  5
9B7
330
17
100
AcDbEntity
  8
hatch
100
AcDbLine
 10
-2.220446049250313e-16
 20
2.5872149726141895
 30
0.0
 11
3.912785027385813
 21
6.500000000000002
 31
0.0
  0
LINE
  5
9B8
330
17
100
AcDbEntity
  8
hatch
100
AcDbLine
 10
-2.220446049250313e-16
 20
2.870057685088808
 30
0.0
 11
3.6299423149111956
 21
6.500000000000003
 31
0.0
  0
LINE
  5
9B9
330
17
100
AcDbEntity
  8
hatch
100
AcDbLine
 10
0.0
 20
3.152900397563431
 30
0.0
 11
3.3470996024365713
 21
6.500000000000002
 31
0.0
  0
LINE
  5
9BA
330
17
100
AcDbEntity
  8
hatch
100
AcDbLine
 10
0.0
 20
3.4357431100380484
 30
0.0
 11
3.064256889961955
 21
6.5000000000000036
 31
0.0
  0
LINE
  5
9BB
330
17
100
AcDbEntity
  8
hatch
100
AcDbLine
 10
0.0
 20
3.718585822512667
 30
0.0
 11
2.7814141774873358
 21
6.500000000000002
 31
0.0
  0
LINE
  5
9BC
330
17
100
AcDbEntity
  8
hatch
100
AcDbLine
 10
0.0
 20
4.001428534987285
 30
0.0
 11
2.4985714650127187
 21
6.5000000000000036
 31
0.0
  0
LINE
  5
9BD
330
17
100
AcDbEntity
  8
hatch
100
AcDbLine
 10
-4.440892098500626e-16
 20
4.284271247461902
 30
0.0
 11
2.2157287525380993
 21
6.500000000000002
 31
0.0
  0
LINE
  5
9BE
330
17
100
AcDbEntity
  8
hatch
100
AcDbLine
 10
-4.440892098500626e-16
 20
4.567113959936526
 30
0.0
 11
1.9328860400634769
 21
6.500000000000002
 31
0.0
  0
LINE
  5
9BF
330
17
100
AcDbEntity
  8
hatch
100
AcDbLine
 10
0.0
 20
4.849956672411143
 30
0.0
 11
1.6500433275888589
 21
6.500000000000002
 31
0.0
  0
LINE
  5
9C0
330
17
100
AcDbEntity
  8
hatch
100
AcDbLine
 10
-4.440892098500626e-16
 20
5.132799384885761
 30
0.0
 11
1.3672006151142404
 21
6.500000000000002
 31
0.0
  0
LINE
  5
9C1
330
17
100
AcDbEntity
  8
hatch
100
AcDbLine
 10
0.0
 20
5.415642097360379
 30
0.0
 11
1.0843579026396228
 21
6.500000000000002
 31
0.0
  0
LINE
  5
9C2
330
17
100
AcDbEntity
  8
hatch
100
AcDbLine
 10
-4.440892098500626e-16
 20
5.698484809834998
 30
0.0
 11
0.8015151901650044
 21
6.500000000000002
 31
0.0
  0
LINE
  5
9C3
330
17
100
AcDbEntity
  8
hatch
100
AcDbLine
 10
0.0
 20
5.981327522309621
 30
0.0
 11
0.5186724776903815
 21
6.500000000000002
 31
0.0
  0
LINE
  5
9C4
330
17
100
AcDbEntity
  8
hatch
100
AcDbLine
 10
0.0
 20
6.264170234784238
 30
0.0
 11
0.23582976521576393
 21
6.500000000000002
 31
0.0
  0
LWPOLYLINE
  5
9C5
330
17
100
AcDbEntity
  8
muro-visto
100
AcDbPolyline
 90
4
 70
1
 10
0.0
 20
0.0
 10
24.0
 20
0.0
 10
24.0
 20
6.5
 10
0.0
 20
6.5
  0
LWPOLYLINE
  5
9C6
330
17
100
AcDbEntity
  8
fondo
100
AcDbPolyline
 90
4
 70
1
 10
1.1
 20
0.9
 10
2.6
 20
0.9
 10
2.6
 20
2.4
 10
1.1
 20
2.4
  0
LINE
  5
9C7
330
17
100
AcDbEntity
  8
hatch
100
AcDbLine
 10
2.317157287525381
 20
0.9000000000000001
 30
0.0
 11
2.6
 21
1.182842712474619
 31
0.0
  0
LINE
  5
9C8
330
17
100
AcDbEntity
  8
hatch
100
AcDbLine
 10
2.034314575050762
 20
0.9
 30
0.0
 11
2.5999999999999996
 21
1.4656854249492381
 31
0.0
  0
LINE
  5
9C9
330
17
100
AcDbEntity
  8
hatch
100
AcDbLine
 10
1.7514718625761427
 20
0.8999999999999999
 30
0.0
 11
2.5999999999999996
 21
1.7485281374238573
 31
0.0
  0
LINE
  5
9CA
330
17
100
AcDbEntity
  8
hatch
100
AcDbLine
 10
1.4686291501015238
 20
0.8999999999999999
 30
0.0
 11
2.6
 21
2.031370849898476
 31
0.0
  0
LINE
  5
9CB
330
17
100
AcDbEntity
  8
hatch
100
AcDbLine
 10
1.185786437626905
 20
0.8999999999999999
 30
0.0
 11
2.6
 21
2.3142135623730953
 31
0.0
  0
LINE
  5
9CC
330
17
100
AcDbEntity
  8
hatch
100
AcDbLine
 10
1.1
 20
1.0970562748477144
 30
0.0
 11
2.402943725152286
 21
2.3999999999999995
 31
0.0
  0
LINE
  5
9CD
330
17
100
AcDbEntity
  8
hatch
100
AcDbLine
 10
1.1
 20
1.3798989873223333
 30
0.0
 11
2.120101012677667
 21
2.4
 31
0.0
  0
LINE
  5
9CE
330
17
100
AcDbEntity
  8
hatch
100
AcDbLine
 10
1.1
 20
1.6627416997969522
 30
0.0
 11
1.8372583002030478
 21
2.4
 31
0.0
  0
LINE
  5
9CF
330
17
100
AcDbEntity
  8
hatch
100
AcDbLine
 10
1.1
 20
1.9455844122715713
 30
0.0
 11
1.554415587728429
 21
2.4
 31
0.0
  0
LINE
  5
9D0
330
17
100
AcDbEntity
  8
hatch
100
AcDbLine
 10
1.1000000000000003
 20
2.22842712474619
 30
0.0
 11
1.2715728752538098
 21
2.4
 31
0.0
  0
LWPOLYLINE
  5
9D1
330
17
100
AcDbEntity
  8
carpinteria
100
AcDbPolyline
 90
4
 70
1
 10
1.1
 20
0.9
 10
2.6
 20
0.9
 10
2.6
 20
2.4
 10
1.1
 20
2.4
  0
LWPOLYLINE
  5
9D2
330
17
100
AcDbEntity
  8
marco-medio
100
AcDbPolyline
 90
4
 70
1
 10
1.0599999999999994
 20
0.8600000000000023
 10
2.6400000000000006
 20
0.8600000000000023
 10
2.6400000000000006
 20
2.4399999999999977
 10
1.0599999999999994
 20
2.4399999999999977
  0
LINE
  5
9D3
330
17
100
AcDbEntity
  8
carpinteria
100
AcDbLine
 10
1.85
 20
0.9
 30
0.0
 11
1.85
 21
2.4
 31
0.0
  0
LINE
  5
9D4
330
17
100
AcDbEntity
  8
carpinteria
100
AcDbLine
 10
1.1
 20
2.05
 30
0.0
 11
2.6
 21
2.05
 31
0.0
  0
LINE
  5
9D5
330
17
100
AcDbEntity
  8
vidrio
100
AcDbLine
 10
1.15
 20
0.95
 30
0.0
 11
2.55
 21
2.35
 31
0.0
  0
LINE
  5
9D6
330
17
100
AcDbEntity
  8
marco-medio
100
AcDbLine
 10
1.0400000000000005
 20
0.8699999999999989
 30
0.0
 11
2.6599999999999993
 21
0.8699999999999989
 31
0.0
  0
LWPOLYLINE
  5
9D7
330
17
100
AcDbEntity
  8
fondo
100
AcDbPolyline
 90
4
 70
1
 10
4.45
 20
0.9
 10
5.95
 20
0.9
 10
5.95
 20
2.4
 10
4.45
 20
2.4
  0
LINE
  5
9D8
330
17
100
AcDbEntity
  8
hatch
100
AcDbLine
 10
5.667157287525381
 20
0.8999999999999999
 30
0.0
 11
5.949999999999999
 21
1.1828427124746193
 31
0.0
  0
LINE
  5
9D9
330
17
100
AcDbEntity
  8
hatch
100
AcDbLine
 10
5.384314575050762
 20
0.9000000000000004
 30
0.0
 11
5.95
 21
1.4656854249492381
 31
0.0
  0
LINE
  5
9DA
330
17
100
AcDbEntity
  8
hatch
100
AcDbLine
 10
5.101471862576142
 20
0.8999999999999995
 30
0.0
 11
5.95
 21
1.7485281374238575
 31
0.0
  0
LINE
  5
9DB
330
17
100
AcDbEntity
  8
hatch
100
AcDbLine
 10
4.818629150101524
 20
0.9000000000000004
 30
0.0
 11
5.95
 21
2.031370849898477
 31
0.0
  0
LINE
  5
9DC
330
17
100
AcDbEntity
  8
hatch
100
AcDbLine
 10
4.535786437626905
 20
0.9000000000000001
 30
0.0
 11
5.950000000000001
 21
2.3142135623730953
 31
0.0
  0
LINE
  5
9DD
330
17
100
AcDbEntity
  8
hatch
100
AcDbLine
 10
4.45
 20
1.0970562748477146
 30
0.0
 11
5.752943725152286
 21
2.4
 31
0.0
  0
LINE
  5
9DE
330
17
100
AcDbEntity
  8
hatch
100
AcDbLine
 10
4.45
 20
1.3798989873223333
 30
0.0
 11
5.4701010126776675
 21
2.4000000000000004
 31
0.0
  0
LINE
  5
9DF
330
17
100
AcDbEntity
  8
hatch
100
AcDbLine
 10
4.45
 20
1.6627416997969526
 30
0.0
 11
5.187258300203048
 21
2.4000000000000004
 31
0.0
  0
LINE
  5
9E0
330
17
100
AcDbEntity
  8
hatch
100
AcDbLine
 10
4.45
 20
1.9455844122715713
 30
0.0
 11
4.904415587728429
 21
2.4
 31
0.0
  0
LINE
  5
9E1
330
17
100
AcDbEntity
  8
hatch
100
AcDbLine
 10
4.450000000000001
 20
2.22842712474619
 30
0.0
 11
4.621572875253809
 21
2.3999999999999995
 31
0.0
  0
LWPOLYLINE
  5
9E2
330
17
100
AcDbEntity
  8
carpinteria
100
AcDbPolyline
 90
4
 70
1
 10
4.45
 20
0.9
 10
5.95
 20
0.9
 10
5.95
 20
2.4
 10
4.45
 20
2.4
  0
LWPOLYLINE
  5
9E3
330
17
100
AcDbEntity
  8
marco-medio
100
AcDbPolyline
 90
4
 70
1
 10
4.409999999999999
 20
0.8600000000000023
 10
5.99
 20
0.8600000000000023
 10
5.99
 20
2.4399999999999977
 10
4.409999999999999
 20
2.4399999999999977
  0
LINE
  5
9E4
330
17
100
AcDbEntity
  8
carpinteria
100
AcDbLine
 10
5.2
 20
0.9
 30
0.0
 11
5.2
 21
2.4
 31
0.0
  0
LINE
  5
9E5
330
17
100
AcDbEntity
  8
carpinteria
100
AcDbLine
 10
4.45
 20
2.05
 30
0.0
 11
5.95
 21
2.05
 31
0.0
  0
LINE
  5
9E6
330
17
100
AcDbEntity
  8
vidrio
100
AcDbLine
 10
4.5
 20
0.95
 30
0.0
 11
5.9
 21
2.35
 31
0.0
  0
LINE
  5
9E7
330
17
100
AcDbEntity
  8
marco-medio
100
AcDbLine
 10
4.390000000000001
 20
0.8699999999999989
 30
0.0
 11
6.01
 21
0.8699999999999989
 31
0.0
  0
LWPOLYLINE
  5
9E8
330
17
100
AcDbEntity
  8
fondo
100
AcDbPolyline
 90
4
 70
1
 10
7.8
 20
0.9
 10
9.3
 20
0.9
 10
9.3
 20
2.4
 10
7.8
 20
2.4
  0
LINE
  5
9E9
330
17
100
AcDbEntity
  8
hatch
100
AcDbLine
 10
9.017157287525382
 20
0.8999999999999995
 30
0.0
 11
9.3
 21
1.1828427124746188
 31
0.0
  0
LINE
  5
9EA
330
17
100
AcDbEntity
  8
hatch
100
AcDbLine
 10
8.734314575050764
 20
0.8999999999999995
 30
0.0
 11
9.3
 21
1.4656854249492373
 31
0.0
  0
LINE
  5
9EB
330
17
100
AcDbEntity
  8
hatch
100
AcDbLine
 10
8.451471862576145
 20
0.9000000000000004
 30
0.0
 11
9.3
 21
1.7485281374238557
 31
0.0
  0
LINE
  5
9EC
330
17
100
AcDbEntity
  8
hatch
100
AcDbLine
 10
8.168629150101527
 20
0.8999999999999999
 30
0.0
 11
9.3
 21
2.0313708498984755
 31
0.0
  0
LINE
  5
9ED
330
17
100
AcDbEntity
  8
hatch
100
AcDbLine
 10
7.885786437626907
 20
0.9000000000000004
 30
0.0
 11
9.3
 21
2.3142135623730935
 31
0.0
  0
LINE
  5
9EE
330
17
100
AcDbEntity
  8
hatch
100
AcDbLine
 10
7.8
 20
1.0970562748477124
 30
0.0
 11
9.102943725152286
 21
2.4
 31
0.0
  0
LINE
  5
9EF
330
17
100
AcDbEntity
  8
hatch
100
AcDbLine
 10
7.799999999999999
 20
1.3798989873223313
 30
0.0
 11
8.820101012677668
 21
2.4000000000000004
 31
0.0
  0
LINE
  5
9F0
330
17
100
AcDbEntity
  8
hatch
100
AcDbLine
 10
7.8
 20
1.6627416997969493
 30
0.0
 11
8.53725830020305
 21
2.4
 31
0.0
  0
LINE
  5
9F1
330
17
100
AcDbEntity
  8
hatch
100
AcDbLine
 10
7.800000000000001
 20
1.945584412271569
 30
0.0
 11
8.254415587728431
 21
2.3999999999999995
 31
0.0
  0
LINE
  5
9F2
330
17
100
AcDbEntity
  8
hatch
100
AcDbLine
 10
7.8
 20
2.228427124746188
 30
0.0
 11
7.971572875253812
 21
2.4
 31
0.0
  0
LWPOLYLINE
  5
9F3
330
17
100
AcDbEntity
  8
carpinteria
100
AcDbPolyline
 90
4
 70
1
 10
7.8
 20
0.9
 10
9.3
 20
0.9
 10
9.3
 20
2.4
 10
7.8
 20
2.4
  0
LWPOLYLINE
  5
9F4
330
17
100
AcDbEntity
  8
marco-medio
100
AcDbPolyline
 90
4
 70
1
 10
7.7600000000000025
 20
0.8600000000000023
 10
9.34
 20
0.8600000000000023
 10
9.34
 20
2.4399999999999977
 10
7.7600000000000025
 20
2.4399999999999977
  0
LINE
  5
9F5
330
17
100
AcDbEntity
  8
carpinteria
100
AcDbLine
 10
8.55
 20
0.9
 30
0.0
 11
8.55
 21
2.4
 31
0.0
  0
LINE
  5
9F6
330
17
100
AcDbEntity
  8
carpinteria
100
AcDbLine
 10
7.8
 20
2.05
 30
0.0
 11
9.3
 21
2.05
 31
0.0
  0
LINE
  5
9F7
330
17
100
AcDbEntity
  8
vidrio
100
AcDbLine
 10
7.85
 20
0.95
 30
0.0
 11
9.25
 21
2.35
 31
0.0
  0
LINE
  5
9F8
330
17
100
AcDbEntity
  8
marco-medio
100
AcDbLine
 10
7.74
 20
0.8699999999999989
 30
0.0
 11
9.360000000000003
 21
0.8699999999999989
 31
0.0
  0
LWPOLYLINE
  5
9F9
330
17
100
AcDbEntity
  8
fondo
100
AcDbPolyline
 90
4
 70
1
 10
11.15
 20
0.9
 10
12.65
 20
0.9
 10
12.65
 20
2.4
 10
11.15
 20
2.4
  0
LINE
  5
9FA
330
17
100
AcDbEntity
  8
hatch
100
AcDbLine
 10
12.367157287525382
 20
0.9000000000000004
 30
0.0
 11
12.649999999999999
 21
1.182842712474618
 31
0.0
  0
LINE
  5
9FB
330
17
100
AcDbEntity
  8
hatch
100
AcDbLine
 10
12.084314575050762
 20
0.9000000000000004
 30
0.0
 11
12.65
 21
1.4656854249492381
 31
0.0
  0
LINE
  5
9FC
330
17
100
AcDbEntity
  8
hatch
100
AcDbLine
 10
11.801471862576143
 20
0.9000000000000004
 30
0.0
 11
12.649999999999999
 21
1.7485281374238566
 31
0.0
  0
LINE
  5
9FD
330
17
100
AcDbEntity
  8
hatch
100
AcDbLine
 10
11.518629150101525
 20
0.8999999999999995
 30
0.0
 11
12.65
 21
2.031370849898476
 31
0.0
  0
LINE
  5
9FE
330
17
100
AcDbEntity
  8
hatch
100
AcDbLine
 10
11.235786437626906
 20
0.8999999999999995
 30
0.0
 11
12.65
 21
2.3142135623730944
 31
0.0
  0
LINE
  5
9FF
330
17
100
AcDbEntity
  8
hatch
100
AcDbLine
 10
11.149999999999999
 20
1.0970562748477137
 30
0.0
 11
12.452943725152286
 21
2.4000000000000004
 31
0.0
  0
LINE
  5
A00
330
17
100
AcDbEntity
  8
hatch
100
AcDbLine
 10
11.150000000000002
 20
1.379898987322333
 30
0.0
 11
12.170101012677666
 21
2.3999999999999986
 31
0.0
  0
LINE
  5
A01
330
17
100
AcDbEntity
  8
hatch
100
AcDbLine
 10
11.15
 20
1.6627416997969515
 30
0.0
 11
11.887258300203047
 21
2.3999999999999995
 31
0.0
  0
LINE
  5
A02
330
17
100
AcDbEntity
  8
hatch
100
AcDbLine
 10
11.15
 20
1.9455844122715709
 30
0.0
 11
11.604415587728429
 21
2.4000000000000004
 31
0.0
  0
LINE
  5
A03
330
17
100
AcDbEntity
  8
hatch
100
AcDbLine
 10
11.15
 20
2.22842712474619
 30
0.0
 11
11.32157287525381
 21
2.3999999999999995
 31
0.0
  0
LWPOLYLINE
  5
A04
330
17
100
AcDbEntity
  8
carpinteria
100
AcDbPolyline
 90
4
 70
1
 10
11.15
 20
0.9
 10
12.65
 20
0.9
 10
12.65
 20
2.4
 10
11.15
 20
2.4
  0
LWPOLYLINE
  5
A05
330
17
100
AcDbEntity
  8
marco-medio
100
AcDbPolyline
 90
4
 70
1
 10
11.110000000000003
 20
0.8600000000000023
 10
12.689999999999998
 20
0.8600000000000023
 10
12.689999999999998
 20
2.4399999999999977
 10
11.110000000000003
 20
2.4399999999999977
  0
LINE
  5
A06
330
17
100
AcDbEntity
  8
carpinteria
100
AcDbLine
 10
11.9
 20
0.9
 30
0.0
 11
11.9
 21
2.4
 31
0.0
  0
LINE
  5
A07
330
17
100
AcDbEntity
  8
carpinteria
100
AcDbLine
 10
11.15
 20
2.05
 30
0.0
 11
12.65
 21
2.05
 31
0.0
  0
LINE
  5
A08
330
17
100
AcDbEntity
  8
vidrio
100
AcDbLine
 10
11.2
 20
0.95
 30
0.0
 11
12.6
 21
2.35
 31
0.0
  0
LINE
  5
A09
330
17
100
AcDbEntity
  8
marco-medio
100
AcDbLine
 10
11.09
 20
0.8699999999999989
 30
0.0
 11
12.710000000000003
 21
0.8699999999999989
 31
0.0
  0
LWPOLYLINE
  5
A0A
330
17
100
AcDbEntity
  8
fondo
100
AcDbPolyline
 90
4
 70
1
 10
14.4
 20
1.7
 10
14.9
 20
1.7
 10
14.9
 20
2.5
 10
14.4
 20
2.5
  0
LINE
  5
A0B
330
17
100
AcDbEntity
  8
hatch
100
AcDbLine
 10
14.61715728752538
 20
1.6999999999999984
 30
0.0
 11
14.899999999999999
 21
1.9828427124746169
 31
0.0
  0
LINE
  5
A0C
330
17
100
AcDbEntity
  8
hatch
100
AcDbLine
 10
14.4
 20
1.7656854249492389
 30
0.0
 11
14.899999999999999
 21
2.265685424949239
 31
0.0
  0
LINE
  5
A0D
330
17
100
AcDbEntity
  8
hatch
100
AcDbLine
 10
14.400000000000002
 20
2.0485281374238564
 30
0.0
 11
14.851471862576144
 21
2.5
 31
0.0
  0
LINE
  5
A0E
330
17
100
AcDbEntity
  8
hatch
100
AcDbLine
 10
14.399999999999999
 20
2.3313708498984775
 30
0.0
 11
14.568629150101522
 21
2.499999999999999
 31
0.0
  0
LWPOLYLINE
  5
A0F
330
17
100
AcDbEntity
  8
carpinteria
100
AcDbPolyline
 90
4
 70
1
 10
14.4
 20
1.7
 10
14.9
 20
1.7
 10
14.9
 20
2.5
 10
14.4
 20
2.5
  0
LWPOLYLINE
  5
A10
330
17
100
AcDbEntity
  8
marco-medio
100
AcDbPolyline
 90
4
 70
1
 10
14.360000000000003
 20
1.6600000000000024
 10
14.940000000000001
 20
1.6600000000000024
 10
14.940000000000001
 20
2.539999999999998
 10
14.360000000000003
 20
2.539999999999998
  0
LINE
  5
A11
330
17
100
AcDbEntity
  8
carpinteria
100
AcDbLine
 10
14.4
 20
2.15
 30
0.0
 11
14.9
 21
2.15
 31
0.0
  0
LINE
  5
A12
330
17
100
AcDbEntity
  8
vidrio
100
AcDbLine
 10
14.45
 20
1.75
 30
0.0
 11
14.85
 21
2.45
 31
0.0
  0
LINE
  5
A13
330
17
100
AcDbEntity
  8
marco-medio
100
AcDbLine
 10
14.34
 20
1.6699999999999988
 30
0.0
 11
14.960000000000003
 21
1.6699999999999988
 31
0.0
  0
LWPOLYLINE
  5
A14
330
17
100
AcDbEntity
  8
fondo
100
AcDbPolyline
 90
4
 70
1
 10
1.1
 20
4.15
 10
2.6
 20
4.15
 10
2.6
 20
5.65
 10
1.1
 20
5.65
  0
LINE
  5
A15
330
17
100
AcDbEntity
  8
hatch
100
AcDbLine
 10
2.317157287525381
 20
4.15
 30
0.0
 11
2.6000000000000005
 21
4.43284271247462
 31
0.0
  0
LINE
  5
A16
330
17
100
AcDbEntity
  8
hatch
100
AcDbLine
 10
2.034314575050762
 20
4.15
 30
0.0
 11
2.6
 21
4.715685424949238
 31
0.0
  0
LINE
  5
A17
330
17
100
AcDbEntity
  8
hatch
100
AcDbLine
 10
1.7514718625761425
 20
4.15
 30
0.0
 11
2.5999999999999996
 21
4.9985281374238575
 31
0.0
  0
LINE
  5
A18
330
17
100
AcDbEntity
  8
hatch
100
AcDbLine
 10
1.4686291501015238
 20
4.15
 30
0.0
 11
2.5999999999999996
 21
5.281370849898476
 31
0.0
  0
LINE
  5
A19
330
17
100
AcDbEntity
  8
hatch
100
AcDbLine
 10
1.1857864376269047
 20
4.15
 30
0.0
 11
2.599999999999999
 21
5.564213562373095
 31
0.0
  0
LINE
  5
A1A
330
17
100
AcDbEntity
  8
hatch
100
AcDbLine
 10
1.1000000000000003
 20
4.347056274847715
 30
0.0
 11
2.4029437251522863
 21
5.65
 31
0.0
  0
LINE
  5
A1B
330
17
100
AcDbEntity
  8
hatch
100
AcDbLine
 10
1.1000000000000003
 20
4.629898987322334
 30
0.0
 11
2.120101012677667
 21
5.65
 31
0.0
  0
LINE
  5
A1C
330
17
100
AcDbEntity
  8
hatch
100
AcDbLine
 10
1.1
 20
4.912741699796952
 30
0.0
 11
1.837258300203048
 21
5.65
 31
0.0
  0
LINE
  5
A1D
330
17
100
AcDbEntity
  8
hatch
100
AcDbLine
 10
1.1
 20
5.195584412271572
 30
0.0
 11
1.5544155877284296
 21
5.65
 31
0.0
  0
LINE
  5
A1E
330
17
100
AcDbEntity
  8
hatch
100
AcDbLine
 10
1.1
 20
5.47842712474619
 30
0.0
 11
1.2715728752538102
 21
5.65
 31
0.0
  0
LWPOLYLINE
  5
A1F
330
17
100
AcDbEntity
  8
carpinteria
100
AcDbPolyline
 90
4
 70
1
 10
1.1
 20
4.15
 10
2.6
 20
4.15
 10
2.6
 20
5.65
 10
1.1
 20
5.65
  0
LWPOLYLINE
  5
A20
330
17
100
AcDbEntity
  8
marco-medio
100
AcDbPolyline
 90
4
 70
1
 10
1.0599999999999994
 20
4.110000000000002
 10
2.6400000000000006
 20
4.110000000000002
 10
2.6400000000000006
 20
5.689999999999998
 10
1.0599999999999994
 20
5.689999999999998
  0
LINE
  5
A21
330
17
100
AcDbEntity
  8
carpinteria
100
AcDbLine
 10
1.85
 20
4.15
 30
0.0
 11
1.85
 21
5.65
 31
0.0
  0
LINE
  5
A22
330
17
100
AcDbEntity
  8
carpinteria
100
AcDbLine
 10
1.1
 20
5.3
 30
0.0
 11
2.6
 21
5.3
 31
0.0
  0
LINE
  5
A23
330
17
100
AcDbEntity
  8
vidrio
100
AcDbLine
 10
1.15
 20
4.2
 30
0.0
 11
2.55
 21
5.6
 31
0.0
  0
LINE
  5
A24
330
17
100
AcDbEntity
  8
marco-medio
100
AcDbLine
 10
1.0400000000000005
 20
4.119999999999999
 30
0.0
 11
2.6599999999999993
 21
4.119999999999999
 31
0.0
  0
LWPOLYLINE
  5
A25
330
17
100
AcDbEntity
  8
fondo
100
AcDbPolyline
 90
4
 70
1
 10
4.45
 20
4.15
 10
5.95
 20
4.15
 10
5.95
 20
5.65
 10
4.45
 20
5.65
  0
LINE
  5
A26
330
17
100
AcDbEntity
  8
hatch
100
AcDbLine
 10
5.667157287525381
 20
4.1499999999999995
 30
0.0
 11
5.95
 21
4.432842712474619
 31
0.0
  0
LINE
  5
A27
330
17
100
AcDbEntity
  8
hatch
100
AcDbLine
 10
5.3843145750507615
 20
4.15
 30
0.0
 11
5.95
 21
4.715685424949239
 31
0.0
  0
LINE
  5
A28
330
17
100
AcDbEntity
  8
hatch
100
AcDbLine
 10
5.101471862576143
 20
4.15
 30
0.0
 11
5.95
 21
4.9985281374238575
 31
0.0
  0
LINE
  5
A29
330
17
100
AcDbEntity
  8
hatch
100
AcDbLine
 10
4.818629150101525
 20
4.15
 30
0.0
 11
5.950000000000001
 21
5.281370849898477
 31
0.0
  0
LINE
  5
A2A
330
17
100
AcDbEntity
  8
hatch
100
AcDbLine
 10
4.535786437626904
 20
4.15
 30
0.0
 11
5.950000000000001
 21
5.564213562373097
 31
0.0
  0
LINE
  5
A2B
330
17
100
AcDbEntity
  8
hatch
100
AcDbLine
 10
4.45
 20
4.347056274847715
 30
0.0
 11
5.752943725152287
 21
5.650000000000001
 31
0.0
  0
LINE
  5
A2C
330
17
100
AcDbEntity
  8
hatch
100
AcDbLine
 10
4.450000000000001
 20
4.629898987322334
 30
0.0
 11
5.4701010126776675
 21
5.65
 31
0.0
  0
LINE
  5
A2D
330
17
100
AcDbEntity
  8
hatch
100
AcDbLine
 10
4.449999999999999
 20
4.912741699796953
 30
0.0
 11
5.187258300203048
 21
5.650000000000001
 31
0.0
  0
LINE
  5
A2E
330
17
100
AcDbEntity
  8
hatch
100
AcDbLine
 10
4.45
 20
5.195584412271572
 30
0.0
 11
4.904415587728429
 21
5.65
 31
0.0
  0
LINE
  5
A2F
330
17
100
AcDbEntity
  8
hatch
100
AcDbLine
 10
4.45
 20
5.47842712474619
 30
0.0
 11
4.62157287525381
 21
5.65
 31
0.0
  0
LWPOLYLINE
  5
A30
330
17
100
AcDbEntity
  8
carpinteria
100
AcDbPolyline
 90
4
 70
1
 10
4.45
 20
4.15
 10
5.95
 20
4.15
 10
5.95
 20
5.65
 10
4.45
 20
5.65
  0
LWPOLYLINE
  5
A31
330
17
100
AcDbEntity
  8
marco-medio
100
AcDbPolyline
 90
4
 70
1
 10
4.409999999999999
 20
4.110000000000002
 10
5.99
 20
4.110000000000002
 10
5.99
 20
5.689999999999998
 10
4.409999999999999
 20
5.689999999999998
  0
LINE
  5
A32
330
17
100
AcDbEntity
  8
carpinteria
100
AcDbLine
 10
5.2
 20
4.15
 30
0.0
 11
5.2
 21
5.65
 31
0.0
  0
LINE
  5
A33
330
17
100
AcDbEntity
  8
carpinteria
100
AcDbLine
 10
4.45
 20
5.3
 30
0.0
 11
5.95
 21
5.3
 31
0.0
  0
LINE
  5
A34
330
17
100
AcDbEntity
  8
vidrio
100
AcDbLine
 10
4.5
 20
4.2
 30
0.0
 11
5.9
 21
5.6
 31
0.0
  0
LINE
  5
A35
330
17
100
AcDbEntity
  8
marco-medio
100
AcDbLine
 10
4.390000000000001
 20
4.119999999999999
 30
0.0
 11
6.01
 21
4.119999999999999
 31
0.0
  0
LWPOLYLINE
  5
A36
330
17
100
AcDbEntity
  8
fondo
100
AcDbPolyline
 90
4
 70
1
 10
7.8
 20
4.15
 10
9.3
 20
4.15
 10
9.3
 20
5.65
 10
7.8
 20
5.65
  0
LINE
  5
A37
330
17
100
AcDbEntity
  8
hatch
100
AcDbLine
 10
9.017157287525382
 20
4.15
 30
0.0
 11
9.3
 21
4.432842712474619
 31
0.0
  0
LINE
  5
A38
330
17
100
AcDbEntity
  8
hatch
100
AcDbLine
 10
8.734314575050764
 20
4.149999999999999
 30
0.0
 11
9.3
 21
4.715685424949237
 31
0.0
  0
LINE
  5
A39
330
17
100
AcDbEntity
  8
hatch
100
AcDbLine
 10
8.451471862576144
 20
4.15
 30
0.0
 11
9.300000000000002
 21
4.9985281374238575
 31
0.0
  0
LINE
  5
A3A
330
17
100
AcDbEntity
  8
hatch
100
AcDbLine
 10
8.168629150101525
 20
4.15
 30
0.0
 11
9.3
 21
5.281370849898476
 31
0.0
  0
LINE
  5
A3B
330
17
100
AcDbEntity
  8
hatch
100
AcDbLine
 10
7.885786437626906
 20
4.15
 30
0.0
 11
9.300000000000002
 21
5.564213562373096
 31
0.0
  0
LINE
  5
A3C
330
17
100
AcDbEntity
  8
hatch
100
AcDbLine
 10
7.800000000000001
 20
4.347056274847714
 30
0.0
 11
9.102943725152288
 21
5.650000000000001
 31
0.0
  0
LINE
  5
A3D
330
17
100
AcDbEntity
  8
hatch
100
AcDbLine
 10
7.8
 20
4.629898987322333
 30
0.0
 11
8.820101012677668
 21
5.65
 31
0.0
  0
LINE
  5
A3E
330
17
100
AcDbEntity
  8
hatch
100
AcDbLine
 10
7.800000000000001
 20
4.912741699796952
 30
0.0
 11
8.53725830020305
 21
5.650000000000001
 31
0.0
  0
LINE
  5
A3F
330
17
100
AcDbEntity
  8
hatch
100
AcDbLine
 10
7.800000000000001
 20
5.195584412271571
 30
0.0
 11
8.25441558772843
 21
5.65
 31
0.0
  0
LINE
  5
A40
330
17
100
AcDbEntity
  8
hatch
100
AcDbLine
 10
7.800000000000001
 20
5.478427124746189
 30
0.0
 11
7.971572875253811
 21
5.65
 31
0.0
  0
LWPOLYLINE
  5
A41
330
17
100
AcDbEntity
  8
carpinteria
100
AcDbPolyline
 90
4
 70
1
 10
7.8
 20
4.15
 10
9.3
 20
4.15
 10
9.3
 20
5.65
 10
7.8
 20
5.65
  0
LWPOLYLINE
  5
A42
330
17
100
AcDbEntity
  8
marco-medio
100
AcDbPolyline
 90
4
 70
1
 10
7.7600000000000025
 20
4.110000000000002
 10
9.34
 20
4.110000000000002
 10
9.34
 20
5.689999999999998
 10
7.7600000000000025
 20
5.689999999999998
  0
LINE
  5
A43
330
17
100
AcDbEntity
  8
carpinteria
100
AcDbLine
 10
8.55
 20
4.15
 30
0.0
 11
8.55
 21
5.65
 31
0.0
  0
LINE
  5
A44
330
17
100
AcDbEntity
  8
carpinteria
100
AcDbLine
 10
7.8
 20
5.3
 30
0.0
 11
9.3
 21
5.3
 31
0.0
  0
LINE
  5
A45
330
17
100
AcDbEntity
  8
vidrio
100
AcDbLine
 10
7.85
 20
4.2
 30
0.0
 11
9.25
 21
5.6
 31
0.0
  0
LINE
  5
A46
330
17
100
AcDbEntity
  8
marco-medio
100
AcDbLine
 10
7.74
 20
4.119999999999999
 30
0.0
 11
9.360000000000003
 21
4.119999999999999
 31
0.0
  0
LWPOLYLINE
  5
A47
330
17
100
AcDbEntity
  8
fondo
100
AcDbPolyline
 90
4
 70
1
 10
11.15
 20
4.15
 10
12.65
 20
4.15
 10
12.65
 20
5.65
 10
11.15
 20
5.65
  0
LINE
  5
A48
330
17
100
AcDbEntity
  8
hatch
100
AcDbLine
 10
12.36715728752538
 20
4.149999999999999
 30
0.0
 11
12.649999999999999
 21
4.432842712474617
 31
0.0
  0
LINE
  5
A49
330
17
100
AcDbEntity
  8
hatch
100
AcDbLine
 10
12.084314575050762
 20
4.1499999999999995
 30
0.0
 11
12.649999999999999
 21
4.715685424949238
 31
0.0
  0
LINE
  5
A4A
330
17
100
AcDbEntity
  8
hatch
100
AcDbLine
 10
11.801471862576143
 20
4.15
 30
0.0
 11
12.649999999999999
 21
4.9985281374238575
 31
0.0
  0
LINE
  5
A4B
330
17
100
AcDbEntity
  8
hatch
100
AcDbLine
 10
11.518629150101525
 20
4.1499999999999995
 30
0.0
 11
12.649999999999999
 21
5.281370849898473
 31
0.0
  0
LINE
  5
A4C
330
17
100
AcDbEntity
  8
hatch
100
AcDbLine
 10
11.235786437626905
 20
4.149999999999999
 30
0.0
 11
12.65
 21
5.564213562373094
 31
0.0
  0
LINE
  5
A4D
330
17
100
AcDbEntity
  8
hatch
100
AcDbLine
 10
11.15
 20
4.347056274847713
 30
0.0
 11
12.452943725152286
 21
5.649999999999999
 31
0.0
  0
LINE
  5
A4E
330
17
100
AcDbEntity
  8
hatch
100
AcDbLine
 10
11.15
 20
4.629898987322333
 30
0.0
 11
12.170101012677666
 21
5.649999999999999
 31
0.0
  0
LINE
  5
A4F
330
17
100
AcDbEntity
  8
hatch
100
AcDbLine
 10
11.149999999999999
 20
4.912741699796952
 30
0.0
 11
11.887258300203047
 21
5.650000000000001
 31
0.0
  0
LINE
  5
A50
330
17
100
AcDbEntity
  8
hatch
100
AcDbLine
 10
11.150000000000002
 20
5.19558441227157
 30
0.0
 11
11.604415587728429
 21
5.65
 31
0.0
  0
LINE
  5
A51
330
17
100
AcDbEntity
  8
hatch
100
AcDbLine
 10
11.15
 20
5.478427124746189
 30
0.0
 11
11.321572875253812
 21
5.650000000000001
 31
0.0
  0
LWPOLYLINE
  5
A52
330
17
100
AcDbEntity
  8
carpinteria
100
AcDbPolyline
 90
4
 70
1
 10
11.15
 20
4.15
 10
12.65
 20
4.15
 10
12.65
 20
5.65
 10
11.15
 20
5.65
  0
LWPOLYLINE
  5
A53
330
17
100
AcDbEntity
  8
marco-medio
100
AcDbPolyline
 90
4
 70
1
 10
11.110000000000003
 20
4.110000000000002
 10
12.689999999999998
 20
4.110000000000002
 10
12.689999999999998
 20
5.689999999999998
 10
11.110000000000003
 20
5.689999999999998
  0
LINE
  5
A54
330
17
100
AcDbEntity
  8
carpinteria
100
AcDbLine
 10
11.9
 20
4.15
 30
0.0
 11
11.9
 21
5.65
 31
0.0
  0
LINE
  5
A55
330
17
100
AcDbEntity
  8
carpinteria
100
AcDbLine
 10
11.15
 20
5.3
 30
0.0
 11
12.65
 21
5.3
 31
0.0
  0
LINE
  5
A56
330
17
100
AcDbEntity
  8
vidrio
100
AcDbLine
 10
11.2
 20
4.2
 30
0.0
 11
12.6
 21
5.6
 31
0.0
  0
LINE
  5
A57
330
17
100
AcDbEntity
  8
marco-medio
100
AcDbLine
 10
11.09
 20
4.119999999999999
 30
0.0
 11
12.710000000000003
 21
4.119999999999999
 31
0.0
  0
LWPOLYLINE
  5
A58
330
17
100
AcDbEntity
  8
fondo
100
AcDbPolyline
 90
4
 70
1
 10
14.4
 20
4.95
 10
14.9
 20
4.95
 10
14.9
 20
5.75
 10
14.4
 20
5.75
  0
LINE
  5
A59
330
17
100
AcDbEntity
  8
hatch
100
AcDbLine
 10
14.61715728752538
 20
4.95
 30
0.0
 11
14.9
 21
5.23284271247462
 31
0.0
  0
LINE
  5
A5A
330
17
100
AcDbEntity
  8
hatch
100
AcDbLine
 10
14.4
 20
5.015685424949239
 30
0.0
 11
14.9
 21
5.515685424949239
 31
0.0
  0
LINE
  5
A5B
330
17
100
AcDbEntity
  8
hatch
100
AcDbLine
 10
14.4
 20
5.298528137423857
 30
0.0
 11
14.851471862576144
 21
5.750000000000001
 31
0.0
  0
LINE
  5
A5C
330
17
100
AcDbEntity
  8
hatch
100
AcDbLine
 10
14.400000000000002
 20
5.581370849898478
 30
0.0
 11
14.568629150101524
 21
5.750000000000002
 31
0.0
  0
LWPOLYLINE
  5
A5D
330
17
100
AcDbEntity
  8
carpinteria
100
AcDbPolyline
 90
4
 70
1
 10
14.4
 20
4.95
 10
14.9
 20
4.95
 10
14.9
 20
5.75
 10
14.4
 20
5.75
  0
LWPOLYLINE
  5
A5E
330
17
100
AcDbEntity
  8
marco-medio
100
AcDbPolyline
 90
4
 70
1
 10
14.360000000000003
 20
4.910000000000002
 10
14.940000000000001
 20
4.910000000000002
 10
14.940000000000001
 20
5.789999999999997
 10
14.360000000000003
 20
5.789999999999997
  0
LINE
  5
A5F
330
17
100
AcDbEntity
  8
carpinteria
100
AcDbLine
 10
14.4
 20
5.4
 30
0.0
 11
14.9
 21
5.4
 31
0.0
  0
LINE
  5
A60
330
17
100
AcDbEntity
  8
vidrio
100
AcDbLine
 10
14.45
 20
5.0
 30
0.0
 11
14.85
 21
5.7
 31
0.0
  0
LINE
  5
A61
330
17
100
AcDbEntity
  8
marco-medio
100
AcDbLine
 10
14.34
 20
4.919999999999999
 30
0.0
 11
14.960000000000003
 21
4.919999999999999
 31
0.0
  0
LWPOLYLINE
  5
A62
330
17
100
AcDbEntity
  8
fondo
100
AcDbPolyline
 90
4
 70
1
 10
17.450000000000003
 20
0.0
 10
19.25
 20
0.0
 10
19.25
 20
2.4
 10
17.450000000000003
 20
2.4
  0
LINE
  5
A63
330
17
100
AcDbEntity
  8
hatch
100
AcDbLine
 10
18.96715728752538
 20
0.0
 30
0.0
 11
19.25
 21
0.28284271247461845
 31
0.0
  0
LINE
  5
A64
330
17
100
AcDbEntity
  8
hatch
100
AcDbLine
 10
18.684314575050763
 20
1.7763568394002505e-15
 30
0.0
 11
19.25
 21
0.5656854249492405
 31
0.0
  0
LINE
  5
A65
330
17
100
AcDbEntity
  8
hatch
100
AcDbLine
 10
18.401471862576145
 20
1.7763568394002505e-15
 30
0.0
 11
19.25
 21
0.8485281374238571
 31
0.0
  0
LINE
  5
A66
330
17
100
AcDbEntity
  8
hatch
100
AcDbLine
 10
18.11862915010152
 20
0.0
 30
0.0
 11
19.25
 21
1.1313708498984774
 31
0.0
  0
LINE
  5
A67
330
17
100
AcDbEntity
  8
hatch
100
AcDbLine
 10
17.8357864376269
 20
0.0
 30
0.0
 11
19.25
 21
1.4142135623730958
 31
0.0
  0
LINE
  5
A68
330
17
100
AcDbEntity
  8
hatch
100
AcDbLine
 10
17.552943725152282
 20
0.0
 30
0.0
 11
19.25
 21
1.697056274847716
 31
0.0
  0
LINE
  5
A69
330
17
100
AcDbEntity
  8
hatch
100
AcDbLine
 10
17.450000000000003
 20
0.17989898732233733
 30
0.0
 11
19.25
 21
1.9798989873223345
 31
0.0
  0
LINE
  5
A6A
330
17
100
AcDbEntity
  8
hatch
100
AcDbLine
 10
17.450000000000003
 20
0.4627416997969558
 30
0.0
 11
19.25
 21
2.262741699796953
 31
0.0
  0
LINE
  5
A6B
330
17
100
AcDbEntity
  8
hatch
100
AcDbLine
 10
17.450000000000003
 20
0.745584412271576
 30
0.0
 11
19.104415587728425
 21
2.4000000000000004
 31
0.0
  0
LINE
  5
A6C
330
17
100
AcDbEntity
  8
hatch
100
AcDbLine
 10
17.450000000000003
 20
1.0284271247461927
 30
0.0
 11
18.821572875253807
 21
2.4000000000000004
 31
0.0
  0
LINE
  5
A6D
330
17
100
AcDbEntity
  8
hatch
100
AcDbLine
 10
17.450000000000003
 20
1.3112698372208147
 30
0.0
 11
18.53873016277919
 21
2.400000000000002
 31
0.0
  0
LINE
  5
A6E
330
17
100
AcDbEntity
  8
hatch
100
AcDbLine
 10
17.450000000000003
 20
1.5941125496954323
 30
0.0
 11
18.25588745030457
 21
2.4000000000000012
 31
0.0
  0
LINE
  5
A6F
330
17
100
AcDbEntity
  8
hatch
100
AcDbLine
 10
17.450000000000003
 20
1.8769552621700507
 30
0.0
 11
17.97304473782995
 21
2.3999999999999995
 31
0.0
  0
LINE
  5
A70
330
17
100
AcDbEntity
  8
hatch
100
AcDbLine
 10
17.450000000000003
 20
2.15979797464467
 30
0.0
 11
17.690202025355333
 21
2.4000000000000004
 31
0.0
  0
LWPOLYLINE
  5
A71
330
17
100
AcDbEntity
  8
carpinteria
100
AcDbPolyline
 90
4
 70
1
 10
17.450000000000003
 20
0.0
 10
19.25
 20
0.0
 10
19.25
 20
2.4
 10
17.450000000000003
 20
2.4
  0
LINE
  5
A72
330
17
100
AcDbEntity
  8
carpinteria
100
AcDbLine
 10
18.35
 20
0.0
 30
0.0
 11
18.35
 21
2.4
 31
0.0
  0
LINE
  5
A73
330
17
100
AcDbEntity
  8
marco-medio
100
AcDbLine
 10
17.450000000000003
 20
2.4
 30
0.0
 11
19.25
 21
2.4
 31
0.0
  0
LINE
  5
A74
330
17
100
AcDbEntity
  8
marco-medio
100
AcDbLine
 10
17.450000000000003
 20
0.019999999999998862
 30
0.0
 11
19.25
 21
0.019999999999998862
 31
0.0
  0
LINE
  5
A75
330
17
100
AcDbEntity
  8
carpinteria
100
AcDbLine
 10
17.500000000000004
 20
1.95
 30
0.0
 11
19.2
 21
1.95
 31
0.0
  0
LINE
  5
A76
330
17
100
AcDbEntity
  8
vidrio
100
AcDbLine
 10
19.15
 20
1.980000000000001
 30
0.0
 11
17.550000000000004
 21
2.35
 31
0.0
  0
LINE
  5
A77
330
17
100
AcDbEntity
  8
marco-fino
100
AcDbLine
 10
16.550000000000004
 20
-0.45
 30
0.0
 11
20.15
 21
-0.45
 31
0.0
  0
LINE
  5
A78
330
17
100
AcDbEntity
  8
marco-fino
100
AcDbLine
 10
16.850000000000005
 20
-0.3
 30
0.0
 11
19.85
 21
-0.3
 31
0.0
  0
LINE
  5
A79
330
17
100
AcDbEntity
  8
marco-fino
100
AcDbLine
 10
17.150000000000006
 20
-0.15
 30
0.0
 11
19.55
 21
-0.15
 31
0.0
  0
LINE
  5
A7A
330
17
100
AcDbEntity
  8
marco-fino
100
AcDbLine
 10
17.450000000000003
 20
0.0
 30
0.0
 11
19.25
 21
0.0
 31
0.0
  0
TEXT
  5
A7B
330
17
100
AcDbEntity
  8
texto-suave
100
AcDbText
 10
18.35
 20
-0.75
 30
0.0
 40
0.18
  1
INGRESO PRINCIPAL · 3 PELDAÑOS
 72
1
 11
18.35
 21
-0.75
 31
0.0
100
AcDbText
  0
LINE
  5
A7C
330
17
100
AcDbEntity
  8
marco-medio
100
AcDbLine
 10
0.0
 20
0.0
 30
0.0
 11
24.0
 21
0.0
 31
0.0
  0
LINE
  5
A7D
330
17
100
AcDbEntity
  8
marco-fino
100
AcDbLine
 10
0.0
 20
3.2
 30
0.0
 11
24.0
 21
3.2
 31
0.0
  0
LINE
  5
A7E
330
17
100
AcDbEntity
  8
marco-fino
100
AcDbLine
 10
0.0
 20
6.2
 30
0.0
 11
24.0
 21
6.2
 31
0.0
  0
LWPOLYLINE
  5
A7F
330
17
100
AcDbEntity
  8
hormigon
100
AcDbPolyline
 90
4
 70
1
 10
0.0
 20
6.2
 10
24.0
 20
6.2
 10
24.0
 20
6.5
 10
0.0
 20
6.5
  0
LINE
  5
A80
330
17
100
AcDbEntity
  8
hatch
100
AcDbLine
 10
23.71715728752538
 20
6.199999999999999
 30
0.0
 11
24.0
 21
6.482842712474618
 31
0.0
  0
LINE
  5
A81
330
17
100
AcDbEntity
  8
hatch
100
AcDbLine
 10
23.43431457505076
 20
6.1999999999999975
 30
0.0
 11
23.734314575050764
 21
6.5000000000000036
 31
0.0
  0
LINE
  5
A82
330
17
100
AcDbEntity
  8
hatch
100
AcDbLine
 10
23.151471862576145
 20
6.200000000000001
 30
0.0
 11
23.451471862576145
 21
6.5000000000000036
 31
0.0
  0
LINE
  5
A83
330
17
100
AcDbEntity
  8
hatch
100
AcDbLine
 10
22.868629150101523
 20
6.199999999999999
 30
0.0
 11
23.168629150101523
 21
6.5
 31
0.0
  0
LINE
  5
A84
330
17
100
AcDbEntity
  8
hatch
100
AcDbLine
 10
22.585786437626904
 20
6.199999999999999
 30
0.0
 11
22.885786437626905
 21
6.500000000000002
 31
0.0
  0
LINE
  5
A85
330
17
100
AcDbEntity
  8
hatch
100
AcDbLine
 10
22.302943725152282
 20
6.200000000000001
 30
0.0
 11
22.602943725152286
 21
6.5000000000000036
 31
0.0
  0
LINE
  5
A86
330
17
100
AcDbEntity
  8
hatch
100
AcDbLine
 10
22.020101012677667
 20
6.200000000000001
 30
0.0
 11
22.320101012677668
 21
6.5000000000000036
 31
0.0
  0
LINE
  5
A87
330
17
100
AcDbEntity
  8
hatch
100
AcDbLine
 10
21.73725830020305
 20
6.2
 30
0.0
 11
22.03725830020305
 21
6.500000000000003
 31
0.0
  0
LINE
  5
A88
330
17
100
AcDbEntity
  8
hatch
100
AcDbLine
 10
21.454415587728427
 20
6.2
 30
0.0
 11
21.75441558772843
 21
6.500000000000003
 31
0.0
  0
LINE
  5
A89
330
17
100
AcDbEntity
  8
hatch
100
AcDbLine
 10
21.17157287525381
 20
6.199999999999999
 30
0.0
 11
21.471572875253813
 21
6.500000000000002
 31
0.0
  0
LINE
  5
A8A
330
17
100
AcDbEntity
  8
hatch
100
AcDbLine
 10
20.88873016277919
 20
6.200000000000001
 30
0.0
 11
21.18873016277919
 21
6.5000000000000036
 31
0.0
  0
LINE
  5
A8B
330
17
100
AcDbEntity
  8
hatch
100
AcDbLine
 10
20.60588745030457
 20
6.2
 30
0.0
 11
20.905887450304572
 21
6.500000000000003
 31
0.0
  0
LINE
  5
A8C
330
17
100
AcDbEntity
  8
hatch
100
AcDbLine
 10
20.323044737829953
 20
6.200000000000002
 30
0.0
 11
20.623044737829957
 21
6.500000000000003
 31
0.0
  0
LINE
  5
A8D
330
17
100
AcDbEntity
  8
hatch
100
AcDbLine
 10
20.04020202535533
 20
6.199999999999999
 30
0.0
 11
20.340202025355335
 21
6.500000000000002
 31
0.0
  0
LINE
  5
A8E
330
17
100
AcDbEntity
  8
hatch
100
AcDbLine
 10
19.757359312880716
 20
6.199999999999999
 30
0.0
 11
20.057359312880717
 21
6.500000000000002
 31
0.0
  0
LINE
  5
A8F
330
17
100
AcDbEntity
  8
hatch
100
AcDbLine
 10
19.47451660040609
 20
6.199999999999998
 30
0.0
 11
19.774516600406095
 21
6.500000000000003
 31
0.0
  0
LINE
  5
A90
330
17
100
AcDbEntity
  8
hatch
100
AcDbLine
 10
19.19167388793148
 20
6.200000000000002
 30
0.0
 11
19.491673887931476
 21
6.500000000000003
 31
0.0
  0
LINE
  5
A91
330
17
100
AcDbEntity
  8
hatch
100
AcDbLine
 10
18.908831175456854
 20
6.199999999999998
 30
0.0
 11
19.20883117545686
 21
6.500000000000003
 31
0.0
  0
LINE
  5
A92
330
17
100
AcDbEntity
  8
hatch
100
AcDbLine
 10
18.62598846298224
 20
6.200000000000001
 30
0.0
 11
18.92598846298224
 21
6.500000000000002
 31
0.0
  0
LINE
  5
A93
330
17
100
AcDbEntity
  8
hatch
100
AcDbLine
 10
18.34314575050762
 20
6.200000000000001
 30
0.0
 11
18.64314575050762
 21
6.500000000000002
 31
0.0
  0
LINE
  5
A94
330
17
100
AcDbEntity
  8
hatch
100
AcDbLine
 10
18.060303038033
 20
6.200000000000002
 30
0.0
 11
18.360303038033003
 21
6.500000000000003
 31
0.0
  0
LINE
  5
A95
330
17
100
AcDbEntity
  8
hatch
100
AcDbLine
 10
17.77746032555838
 20
6.199999999999998
 30
0.0
 11
18.077460325558384
 21
6.500000000000004
 31
0.0
  0
LINE
  5
A96
330
17
100
AcDbEntity
  8
hatch
100
AcDbLine
 10
17.49461761308376
 20
6.2
 30
0.0
 11
17.794617613083766
 21
6.500000000000004
 31
0.0
  0
LINE
  5
A97
330
17
100
AcDbEntity
  8
hatch
100
AcDbLine
 10
17.211774900609143
 20
6.2
 30
0.0
 11
17.511774900609144
 21
6.500000000000001
 31
0.0
  0
LINE
  5
A98
330
17
100
AcDbEntity
  8
hatch
100
AcDbLine
 10
16.928932188134524
 20
6.2
 30
0.0
 11
17.22893218813453
 21
6.500000000000003
 31
0.0
  0
LINE
  5
A99
330
17
100
AcDbEntity
  8
hatch
100
AcDbLine
 10
16.646089475659906
 20
6.200000000000001
 30
0.0
 11
16.946089475659907
 21
6.5000000000000036
 31
0.0
  0
LINE
  5
A9A
330
17
100
AcDbEntity
  8
hatch
100
AcDbLine
 10
16.363246763185284
 20
6.199999999999999
 30
0.0
 11
16.66324676318529
 21
6.5000000000000036
 31
0.0
  0
LINE
  5
A9B
330
17
100
AcDbEntity
  8
hatch
100
AcDbLine
 10
16.080404050710666
 20
6.2
 30
0.0
 11
16.38040405071067
 21
6.500000000000004
 31
0.0
  0
LINE
  5
A9C
330
17
100
AcDbEntity
  8
hatch
100
AcDbLine
 10
15.797561338236047
 20
6.2
 30
0.0
 11
16.097561338236048
 21
6.500000000000003
 31
0.0
  0
LINE
  5
A9D
330
17
100
AcDbEntity
  8
hatch
100
AcDbLine
 10
15.514718625761429
 20
6.2
 30
0.0
 11
15.814718625761431
 21
6.500000000000003
 31
0.0
  0
LINE
  5
A9E
330
17
100
AcDbEntity
  8
hatch
100
AcDbLine
 10
15.23187591328681
 20
6.2
 30
0.0
 11
15.531875913286813
 21
6.500000000000003
 31
0.0
  0
LINE
  5
A9F
330
17
100
AcDbEntity
  8
hatch
100
AcDbLine
 10
14.949033200812188
 20
6.199999999999999
 30
0.0
 11
15.249033200812192
 21
6.500000000000002
 31
0.0
  0
LINE
  5
AA0
330
17
100
AcDbEntity
  8
hatch
100
AcDbLine
 10
14.66619048833757
 20
6.199999999999999
 30
0.0
 11
14.966190488337574
 21
6.500000000000002
 31
0.0
  0
LINE
  5
AA1
330
17
100
AcDbEntity
  8
hatch
100
AcDbLine
 10
14.383347775862951
 20
6.2
 30
0.0
 11
14.683347775862956
 21
6.500000000000003
 31
0.0
  0
LINE
  5
AA2
330
17
100
AcDbEntity
  8
hatch
100
AcDbLine
 10
14.100505063388333
 20
6.199999999999999
 30
0.0
 11
14.400505063388337
 21
6.500000000000002
 31
0.0
  0
LINE
  5
AA3
330
17
100
AcDbEntity
  8
hatch
100
AcDbLine
 10
13.817662350913714
 20
6.200000000000002
 30
0.0
 11
14.117662350913717
 21
6.500000000000003
 31
0.0
  0
LINE
  5
AA4
330
17
100
AcDbEntity
  8
hatch
100
AcDbLine
 10
13.534819638439094
 20
6.199999999999999
 30
0.0
 11
13.834819638439098
 21
6.5000000000000036
 31
0.0
  0
LINE
  5
AA5
330
17
100
AcDbEntity
  8
hatch
100
AcDbLine
 10
13.251976925964476
 20
6.199999999999999
 30
0.0
 11
13.551976925964478
 21
6.500000000000002
 31
0.0
  0
LINE
  5
AA6
330
17
100
AcDbEntity
  8
hatch
100
AcDbLine
 10
12.969134213489856
 20
6.200000000000001
 30
0.0
 11
13.26913421348986
 21
6.500000000000002
 31
0.0
  0
LINE
  5
AA7
330
17
100
AcDbEntity
  8
hatch
100
AcDbLine
 10
12.686291501015239
 20
6.200000000000001
 30
0.0
 11
12.986291501015241
 21
6.500000000000002
 31
0.0
  0
LINE
  5
AA8
330
17
100
AcDbEntity
  8
hatch
100
AcDbLine
 10
12.403448788540617
 20
6.199999999999999
 30
0.0
 11
12.703448788540621
 21
6.5000000000000036
 31
0.0
  0
LINE
  5
AA9
330
17
100
AcDbEntity
  8
hatch
100
AcDbLine
 10
12.120606076065998
 20
6.199999999999998
 30
0.0
 11
12.420606076066003
 21
6.500000000000003
 31
0.0
  0
LINE
  5
AAA
330
17
100
AcDbEntity
  8
hatch
100
AcDbLine
 10
11.83776336359138
 20
6.2
 30
0.0
 11
12.137763363591384
 21
6.500000000000003
 31
0.0
  0
LINE
  5
AAB
330
17
100
AcDbEntity
  8
hatch
100
AcDbLine
 10
11.554920651116763
 20
6.200000000000001
 30
0.0
 11
11.854920651116764
 21
6.500000000000002
 31
0.0
  0
LINE
  5
AAC
330
17
100
AcDbEntity
  8
hatch
100
AcDbLine
 10
11.272077938642145
 20
6.200000000000001
 30
0.0
 11
11.572077938642146
 21
6.5000000000000036
 31
0.0
  0
LINE
  5
AAD
330
17
100
AcDbEntity
  8
hatch
100
AcDbLine
 10
10.989235226167521
 20
6.2
 30
0.0
 11
11.289235226167525
 21
6.500000000000003
 31
0.0
  0
LINE
  5
AAE
330
17
100
AcDbEntity
  8
hatch
100
AcDbLine
 10
10.706392513692904
 20
6.199999999999999
 30
0.0
 11
11.006392513692909
 21
6.500000000000002
 31
0.0
  0
LINE
  5
AAF
330
17
100
AcDbEntity
  8
hatch
100
AcDbLine
 10
10.423549801218284
 20
6.199999999999999
 30
0.0
 11
10.723549801218287
 21
6.5000000000000036
 31
0.0
  0
LINE
  5
AB0
330
17
100
AcDbEntity
  8
hatch
100
AcDbLine
 10
10.140707088743666
 20
6.199999999999999
 30
0.0
 11
10.440707088743668
 21
6.500000000000002
 31
0.0
  0
LINE
  5
AB1
330
17
100
AcDbEntity
  8
hatch
100
AcDbLine
 10
9.857864376269047
 20
6.199999999999998
 30
0.0
 11
10.157864376269051
 21
6.500000000000003
 31
0.0
  0
LINE
  5
AB2
330
17
100
AcDbEntity
  8
hatch
100
AcDbLine
 10
9.575021663794427
 20
6.199999999999999
 30
0.0
 11
9.87502166379443
 21
6.500000000000002
 31
0.0
  0
LINE
  5
AB3
330
17
100
AcDbEntity
  8
hatch
100
AcDbLine
 10
9.292178951319809
 20
6.199999999999999
 30
0.0
 11
9.592178951319813
 21
6.500000000000002
 31
0.0
  0
LINE
  5
AB4
330
17
100
AcDbEntity
  8
hatch
100
AcDbLine
 10
9.00933623884519
 20
6.200000000000001
 30
0.0
 11
9.30933623884519
 21
6.500000000000002
 31
0.0
  0
LINE
  5
AB5
330
17
100
AcDbEntity
  8
hatch
100
AcDbLine
 10
8.726493526370572
 20
6.200000000000001
 30
0.0
 11
9.026493526370574
 21
6.500000000000003
 31
0.0
  0
LINE
  5
AB6
330
17
100
AcDbEntity
  8
hatch
100
AcDbLine
 10
8.443650813895953
 20
6.200000000000001
 30
0.0
 11
8.743650813895954
 21
6.500000000000002
 31
0.0
  0
LINE
  5
AB7
330
17
100
AcDbEntity
  8
hatch
100
AcDbLine
 10
8.160808101421333
 20
6.199999999999999
 30
0.0
 11
8.460808101421335
 21
6.500000000000003
 31
0.0
  0
LINE
  5
AB8
330
17
100
AcDbEntity
  8
hatch
100
AcDbLine
 10
7.8779653889467145
 20
6.199999999999999
 30
0.0
 11
8.177965388946717
 21
6.500000000000002
 31
0.0
  0
LINE
  5
AB9
330
17
100
AcDbEntity
  8
hatch
100
AcDbLine
 10
7.595122676472095
 20
6.200000000000001
 30
0.0
 11
7.895122676472097
 21
6.500000000000003
 31
0.0
  0
LINE
  5
ABA
330
17
100
AcDbEntity
  8
hatch
100
AcDbLine
 10
7.312279963997476
 20
6.2
 30
0.0
 11
7.612279963997479
 21
6.500000000000003
 31
0.0
  0
LINE
  5
ABB
330
17
100
AcDbEntity
  8
hatch
100
AcDbLine
 10
7.029437251522857
 20
6.2
 30
0.0
 11
7.329437251522861
 21
6.5000000000000036
 31
0.0
  0
LINE
  5
ABC
330
17
100
AcDbEntity
  8
hatch
100
AcDbLine
 10
6.746594539048237
 20
6.2
 30
0.0
 11
7.0465945390482405
 21
6.500000000000003
 31
0.0
  0
LINE
  5
ABD
330
17
100
AcDbEntity
  8
hatch
100
AcDbLine
 10
6.463751826573619
 20
6.2
 30
0.0
 11
6.763751826573622
 21
6.5000000000000036
 31
0.0
  0
LINE
  5
ABE
330
17
100
AcDbEntity
  8
hatch
100
AcDbLine
 10
6.1809091140989985
 20
6.2
 30
0.0
 11
6.480909114099002
 21
6.5000000000000036
 31
0.0
  0
LINE
  5
ABF
330
17
100
AcDbEntity
  8
hatch
100
AcDbLine
 10
5.898066401624381
 20
6.199999999999999
 30
0.0
 11
6.198066401624383
 21
6.500000000000001
 31
0.0
  0
LINE
  5
AC0
330
17
100
AcDbEntity
  8
hatch
100
AcDbLine
 10
5.615223689149762
 20
6.199999999999999
 30
0.0
 11
5.915223689149766
 21
6.500000000000003
 31
0.0
  0
LINE
  5
AC1
330
17
100
AcDbEntity
  8
hatch
100
AcDbLine
 10
5.332380976675142
 20
6.199999999999999
 30
0.0
 11
5.632380976675145
 21
6.500000000000002
 31
0.0
  0
LINE
  5
AC2
330
17
100
AcDbEntity
  8
hatch
100
AcDbLine
 10
5.049538264200524
 20
6.199999999999999
 30
0.0
 11
5.349538264200527
 21
6.500000000000003
 31
0.0
  0
LINE
  5
AC3
330
17
100
AcDbEntity
  8
hatch
100
AcDbLine
 10
4.7666955517259035
 20
6.199999999999999
 30
0.0
 11
5.066695551725906
 21
6.500000000000002
 31
0.0
  0
LINE
  5
AC4
330
17
100
AcDbEntity
  8
hatch
100
AcDbLine
 10
4.483852839251286
 20
6.2
 30
0.0
 11
4.7838528392512885
 21
6.500000000000003
 31
0.0
  0
LINE
  5
AC5
330
17
100
AcDbEntity
  8
hatch
100
AcDbLine
 10
4.2010101267766675
 20
6.2
 30
0.0
 11
4.501010126776669
 21
6.500000000000002
 31
0.0
  0
LINE
  5
AC6
330
17
100
AcDbEntity
  8
hatch
100
AcDbLine
 10
3.9181674143020473
 20
6.2
 30
0.0
 11
4.21816741430205
 21
6.500000000000003
 31
0.0
  0
LINE
  5
AC7
330
17
100
AcDbEntity
  8
hatch
100
AcDbLine
 10
3.6353247018274293
 20
6.2
 30
0.0
 11
3.935324701827431
 21
6.500000000000002
 31
0.0
  0
LINE
  5
AC8
330
17
100
AcDbEntity
  8
hatch
100
AcDbLine
 10
3.3524819893528086
 20
6.2
 30
0.0
 11
3.652481989352811
 21
6.5000000000000036
 31
0.0
  0
LINE
  5
AC9
330
17
100
AcDbEntity
  8
hatch
100
AcDbLine
 10
3.0696392768781906
 20
6.2
 30
0.0
 11
3.369639276878192
 21
6.500000000000002
 31
0.0
  0
LINE
  5
ACA
330
17
100
AcDbEntity
  8
hatch
100
AcDbLine
 10
2.7867965644035726
 20
6.199999999999999
 30
0.0
 11
3.086796564403576
 21
6.5000000000000036
 31
0.0
  0
LINE
  5
ACB
330
17
100
AcDbEntity
  8
hatch
100
AcDbLine
 10
2.5039538519289524
 20
6.2
 30
0.0
 11
2.803953851928954
 21
6.500000000000003
 31
0.0
  0
LINE
  5
ACC
330
17
100
AcDbEntity
  8
hatch
100
AcDbLine
 10
2.221111139454334
 20
6.199999999999999
 30
0.0
 11
2.5211111394543364
 21
6.500000000000002
 31
0.0
  0
LINE
  5
ACD
330
17
100
AcDbEntity
  8
hatch
100
AcDbLine
 10
1.9382684269797128
 20
6.199999999999999
 30
0.0
 11
2.2382684269797153
 21
6.500000000000002
 31
0.0
  0
LINE
  5
ACE
330
17
100
AcDbEntity
  8
hatch
100
AcDbLine
 10
1.6554257145050948
 20
6.199999999999999
 30
0.0
 11
1.9554257145050977
 21
6.500000000000002
 31
0.0
  0
LINE
  5
ACF
330
17
100
AcDbEntity
  8
hatch
100
AcDbLine
 10
1.3725830020304772
 20
6.199999999999999
 30
0.0
 11
1.6725830020304797
 21
6.500000000000002
 31
0.0
  0
LINE
  5
AD0
330
17
100
AcDbEntity
  8
hatch
100
AcDbLine
 10
1.0897402895558588
 20
6.199999999999999
 30
0.0
 11
1.3897402895558613
 21
6.500000000000002
 31
0.0
  0
LINE
  5
AD1
330
17
100
AcDbEntity
  8
hatch
100
AcDbLine
 10
0.8068975770812359
 20
6.199999999999999
 30
0.0
 11
1.106897577081237
 21
6.500000000000001
 31
0.0
  0
LINE
  5
AD2
330
17
100
AcDbEntity
  8
hatch
100
AcDbLine
 10
0.5240548646066179
 20
6.199999999999999
 30
0.0
 11
0.8240548646066217
 21
6.5000000000000036
 31
0.0
  0
LINE
  5
AD3
330
17
100
AcDbEntity
  8
hatch
100
AcDbLine
 10
0.24121215213199987
 20
6.199999999999999
 30
0.0
 11
0.541212152132001
 21
6.500000000000001
 31
0.0
  0
LINE
  5
AD4
330
17
100
AcDbEntity
  8
hatch
100
AcDbLine
 10
0.0
 20
6.241630560342617
 30
0.0
 11
0.2583694396573857
 21
6.5000000000000036
 31
0.0
  0
LWPOLYLINE
  5
AD5
330
17
100
AcDbEntity
  8
muro-corte
100
AcDbPolyline
 90
4
 70
1
 10
0.0
 20
6.2
 10
24.0
 20
6.2
 10
24.0
 20
6.5
 10
0.0
 20
6.5
  0
LINE
  5
AD6
330
17
100
AcDbEntity
  8
muro-corte
100
AcDbLine
 10
0.0
 20
7.15
 30
0.0
 11
24.0
 21
7.15
 31
0.0
  0
LWPOLYLINE
  5
AD7
330
17
100
AcDbEntity
  8
hormigon
100
AcDbPolyline
 90
4
 70
1
 10
-0.029999999999999714
 20
7.1
 10
24.03
 20
7.1
 10
24.03
 20
7.15
 10
-0.029999999999999714
 20
7.15
  0
LINE
  5
AD8
330
17
100
AcDbEntity
  8
hatch
100
AcDbLine
 10
23.747157287525383
 20
7.100000000000001
 30
0.0
 11
23.79715728752538
 21
7.149999999999999
 31
0.0
  0
LINE
  5
AD9
330
17
100
AcDbEntity
  8
hatch
100
AcDbLine
 10
23.46431457505076
 20
7.100000000000001
 30
0.0
 11
23.51431457505076
 21
7.15
 31
0.0
  0
LINE
  5
ADA
330
17
100
AcDbEntity
  8
hatch
100
AcDbLine
 10
23.181471862576146
 20
7.100000000000001
 30
0.0
 11
23.231471862576143
 21
7.15
 31
0.0
  0
LINE
  5
ADB
330
17
100
AcDbEntity
  8
hatch
100
AcDbLine
 10
22.898629150101524
 20
7.100000000000002
 30
0.0
 11
22.94862915010152
 21
7.1499999999999995
 31
0.0
  0
LINE
  5
ADC
330
17
100
AcDbEntity
  8
hatch
100
AcDbLine
 10
22.6157864376269
 20
7.1
 30
0.0
 11
22.665786437626902
 21
7.149999999999999
 31
0.0
  0
LINE
  5
ADD
330
17
100
AcDbEntity
  8
hatch
100
AcDbLine
 10
22.332943725152287
 20
7.1
 30
0.0
 11
22.382943725152288
 21
7.149999999999999
 31
0.0
  0
LINE
  5
ADE
330
17
100
AcDbEntity
  8
hatch
100
AcDbLine
 10
22.050101012677665
 20
7.1000000000000005
 30
0.0
 11
22.100101012677666
 21
7.1499999999999995
 31
0.0
  0
LINE
  5
ADF
330
17
100
AcDbEntity
  8
hatch
100
AcDbLine
 10
21.767258300203046
 20
7.1000000000000005
 30
0.0
 11
21.81725830020305
 21
7.150000000000001
 31
0.0
  0
LINE
  5
AE0
330
17
100
AcDbEntity
  8
hatch
100
AcDbLine
 10
21.484415587728428
 20
7.1
 30
0.0
 11
21.53441558772843
 21
7.149999999999999
 31
0.0
  0
LINE
  5
AE1
330
17
100
AcDbEntity
  8
hatch
100
AcDbLine
 10
21.20157287525381
 20
7.1
 30
0.0
 11
21.25157287525381
 21
7.149999999999999
 31
0.0
  0
LINE
  5
AE2
330
17
100
AcDbEntity
  8
hatch
100
AcDbLine
 10
20.91873016277919
 20
7.1
 30
0.0
 11
20.96873016277919
 21
7.15
 31
0.0
  0
LINE
  5
AE3
330
17
100
AcDbEntity
  8
hatch
100
AcDbLine
 10
20.63588745030457
 20
7.099999999999999
 30
0.0
 11
20.68588745030457
 21
7.150000000000001
 31
0.0
  0
LINE
  5
AE4
330
17
100
AcDbEntity
  8
hatch
100
AcDbLine
 10
20.35304473782995
 20
7.099999999999999
 30
0.0
 11
20.40304473782995
 21
7.150000000000001
 31
0.0
  0
LINE
  5
AE5
330
17
100
AcDbEntity
  8
hatch
100
AcDbLine
 10
20.070202025355332
 20
7.1
 30
0.0
 11
20.120202025355333
 21
7.149999999999999
 31
0.0
  0
LINE
  5
AE6
330
17
100
AcDbEntity
  8
hatch
100
AcDbLine
 10
19.787359312880714
 20
7.1
 30
0.0
 11
19.837359312880714
 21
7.15
 31
0.0
  0
LINE
  5
AE7
330
17
100
AcDbEntity
  8
hatch
100
AcDbLine
 10
19.504516600406095
 20
7.099999999999999
 30
0.0
 11
19.554516600406096
 21
7.1499999999999995
 31
0.0
  0
LINE
  5
AE8
330
17
100
AcDbEntity
  8
hatch
100
AcDbLine
 10
19.221673887931477
 20
7.1000000000000005
 30
0.0
 11
19.271673887931478
 21
7.150000000000001
 31
0.0
  0
LINE
  5
AE9
330
17
100
AcDbEntity
  8
hatch
100
AcDbLine
 10
18.93883117545686
 20
7.1
 30
0.0
 11
18.98883117545686
 21
7.15
 31
0.0
  0
LINE
  5
AEA
330
17
100
AcDbEntity
  8
hatch
100
AcDbLine
 10
18.655988462982236
 20
7.099999999999999
 30
0.0
 11
18.705988462982237
 21
7.1499999999999995
 31
0.0
  0
LINE
  5
AEB
330
17
100
AcDbEntity
  8
hatch
100
AcDbLine
 10
18.373145750507618
 20
7.099999999999999
 30
0.0
 11
18.42314575050762
 21
7.1499999999999995
 31
0.0
  0
LINE
  5
AEC
330
17
100
AcDbEntity
  8
hatch
100
AcDbLine
 10
18.090303038032996
 20
7.099999999999998
 30
0.0
 11
18.140303038033
 21
7.15
 31
0.0
  0
LINE
  5
AED
330
17
100
AcDbEntity
  8
hatch
100
AcDbLine
 10
17.807460325558377
 20
7.099999999999998
 30
0.0
 11
17.85746032555838
 21
7.15
 31
0.0
  0
LINE
  5
AEE
330
17
100
AcDbEntity
  8
hatch
100
AcDbLine
 10
17.52461761308376
 20
7.099999999999999
 30
0.0
 11
17.57461761308376
 21
7.150000000000001
 31
0.0
  0
LINE
  5
AEF
330
17
100
AcDbEntity
  8
hatch
100
AcDbLine
 10
17.241774900609144
 20
7.099999999999999
 30
0.0
 11
17.29177490060914
 21
7.1499999999999995
 31
0.0
  0
LINE
  5
AF0
330
17
100
AcDbEntity
  8
hatch
100
AcDbLine
 10
16.958932188134526
 20
7.1000000000000005
 30
0.0
 11
17.008932188134523
 21
7.1499999999999995
 31
0.0
  0
LINE
  5
AF1
330
17
100
AcDbEntity
  8
hatch
100
AcDbLine
 10
16.676089475659907
 20
7.1000000000000005
 30
0.0
 11
16.726089475659904
 21
7.1499999999999995
 31
0.0
  0
LINE
  5
AF2
330
17
100
AcDbEntity
  8
hatch
100
AcDbLine
 10
16.393246763185285
 20
7.100000000000001
 30
0.0
 11
16.443246763185286
 21
7.15
 31
0.0
  0
LINE
  5
AF3
330
17
100
AcDbEntity
  8
hatch
100
AcDbLine
 10
16.110404050710667
 20
7.100000000000001
 30
0.0
 11
16.160404050710664
 21
7.149999999999999
 31
0.0
  0
LINE
  5
AF4
330
17
100
AcDbEntity
  8
hatch
100
AcDbLine
 10
15.827561338236048
 20
7.1000000000000005
 30
0.0
 11
15.877561338236045
 21
7.1499999999999995
 31
0.0
  0
LINE
  5
AF5
330
17
100
AcDbEntity
  8
hatch
100
AcDbLine
 10
15.54471862576143
 20
7.1
 30
0.0
 11
15.594718625761427
 21
7.149999999999999
 31
0.0
  0
LINE
  5
AF6
330
17
100
AcDbEntity
  8
hatch
100
AcDbLine
 10
15.261875913286808
 20
7.099999999999999
 30
0.0
 11
15.311875913286809
 21
7.150000000000001
 31
0.0
  0
LINE
  5
AF7
330
17
100
AcDbEntity
  8
hatch
100
AcDbLine
 10
14.97903320081219
 20
7.1
 30
0.0
 11
15.029033200812192
 21
7.150000000000002
 31
0.0
  0
LINE
  5
AF8
330
17
100
AcDbEntity
  8
hatch
100
AcDbLine
 10
14.696190488337571
 20
7.1
 30
0.0
 11
14.74619048833757
 21
7.149999999999999
 31
0.0
  0
LINE
  5
AF9
330
17
100
AcDbEntity
  8
hatch
100
AcDbLine
 10
14.413347775862952
 20
7.1
 30
0.0
 11
14.46334777586295
 21
7.149999999999999
 31
0.0
  0
LINE
  5
AFA
330
17
100
AcDbEntity
  8
hatch
100
AcDbLine
 10
14.130505063388334
 20
7.1
 30
0.0
 11
14.180505063388335
 21
7.15
 31
0.0
  0
LINE
  5
AFB
330
17
100
AcDbEntity
  8
hatch
100
AcDbLine
 10
13.847662350913716
 20
7.1
 30
0.0
 11
13.897662350913716
 21
7.15
 31
0.0
  0
LINE
  5
AFC
330
17
100
AcDbEntity
  8
hatch
100
AcDbLine
 10
13.564819638439094
 20
7.099999999999999
 30
0.0
 11
13.614819638439096
 21
7.150000000000001
 31
0.0
  0
LINE
  5
AFD
330
17
100
AcDbEntity
  8
hatch
100
AcDbLine
 10
13.281976925964475
 20
7.1
 30
0.0
 11
13.331976925964476
 21
7.15
 31
0.0
  0
LINE
  5
AFE
330
17
100
AcDbEntity
  8
hatch
100
AcDbLine
 10
12.999134213489857
 20
7.1
 30
0.0
 11
13.049134213489857
 21
7.15
 31
0.0
  0
LINE
  5
AFF
330
17
100
AcDbEntity
  8
hatch
100
AcDbLine
 10
12.716291501015238
 20
7.1
 30
0.0
 11
12.766291501015239
 21
7.15
 31
0.0
  0
LINE
  5
B00
330
17
100
AcDbEntity
  8
hatch
100
AcDbLine
 10
12.433448788540616
 20
7.099999999999999
 30
0.0
 11
12.483448788540617
 21
7.1499999999999995
 31
0.0
  0
LINE
  5
B01
330
17
100
AcDbEntity
  8
hatch
100
AcDbLine
 10
12.150606076065998
 20
7.099999999999998
 30
0.0
 11
12.200606076065998
 21
7.149999999999999
 31
0.0
  0
LINE
  5
B02
330
17
100
AcDbEntity
  8
hatch
100
AcDbLine
 10
11.86776336359138
 20
7.099999999999998
 30
0.0
 11
11.91776336359138
 21
7.15
 31
0.0
  0
LINE
  5
B03
330
17
100
AcDbEntity
  8
hatch
100
AcDbLine
 10
11.58492065111676
 20
7.1
 30
0.0
 11
11.634920651116762
 21
7.15
 31
0.0
  0
LINE
  5
B04
330
17
100
AcDbEntity
  8
hatch
100
AcDbLine
 10
11.302077938642142
 20
7.100000000000001
 30
0.0
 11
11.352077938642141
 21
7.149999999999999
 31
0.0
  0
LINE
  5
B05
330
17
100
AcDbEntity
  8
hatch
100
AcDbLine
 10
11.01923522616752
 20
7.099999999999998
 30
0.0
 11
11.069235226167521
 21
7.15
 31
0.0
  0
LINE
  5
B06
330
17
100
AcDbEntity
  8
hatch
100
AcDbLine
 10
10.736392513692904
 20
7.099999999999998
 30
0.0
 11
10.786392513692904
 21
7.15
 31
0.0
  0
LINE
  5
B07
330
17
100
AcDbEntity
  8
hatch
100
AcDbLine
 10
10.453549801218283
 20
7.100000000000001
 30
0.0
 11
10.503549801218284
 21
7.15
 31
0.0
  0
LINE
  5
B08
330
17
100
AcDbEntity
  8
hatch
100
AcDbLine
 10
10.170707088743665
 20
7.1000000000000005
 30
0.0
 11
10.220707088743666
 21
7.1499999999999995
 31
0.0
  0
LINE
  5
B09
330
17
100
AcDbEntity
  8
hatch
100
AcDbLine
 10
9.887864376269048
 20
7.1000000000000005
 30
0.0
 11
9.937864376269047
 21
7.1499999999999995
 31
0.0
  0
LINE
  5
B0A
330
17
100
AcDbEntity
  8
hatch
100
AcDbLine
 10
9.605021663794426
 20
7.1
 30
0.0
 11
9.655021663794429
 21
7.15
 31
0.0
  0
LINE
  5
B0B
330
17
100
AcDbEntity
  8
hatch
100
AcDbLine
 10
9.322178951319808
 20
7.1
 30
0.0
 11
9.37217895131981
 21
7.15
 31
0.0
  0
LINE
  5
B0C
330
17
100
AcDbEntity
  8
hatch
100
AcDbLine
 10
9.03933623884519
 20
7.1000000000000005
 30
0.0
 11
9.089336238845188
 21
7.1499999999999995
 31
0.0
  0
LINE
  5
B0D
330
17
100
AcDbEntity
  8
hatch
100
AcDbLine
 10
8.756493526370571
 20
7.1000000000000005
 30
0.0
 11
8.80649352637057
 21
7.15
 31
0.0
  0
LINE
  5
B0E
330
17
100
AcDbEntity
  8
hatch
100
AcDbLine
 10
8.473650813895953
 20
7.1
 30
0.0
 11
8.523650813895951
 21
7.1499999999999995
 31
0.0
  0
LINE
  5
B0F
330
17
100
AcDbEntity
  8
hatch
100
AcDbLine
 10
8.190808101421332
 20
7.1
 30
0.0
 11
8.240808101421331
 21
7.1499999999999995
 31
0.0
  0
LINE
  5
B10
330
17
100
AcDbEntity
  8
hatch
100
AcDbLine
 10
7.907965388946713
 20
7.1
 30
0.0
 11
7.957965388946713
 21
7.1499999999999995
 31
0.0
  0
LINE
  5
B11
330
17
100
AcDbEntity
  8
hatch
100
AcDbLine
 10
7.625122676472094
 20
7.1000000000000005
 30
0.0
 11
7.675122676472093
 21
7.1499999999999995
 31
0.0
  0
LINE
  5
B12
330
17
100
AcDbEntity
  8
hatch
100
AcDbLine
 10
7.342279963997475
 20
7.099999999999999
 30
0.0
 11
7.392279963997476
 21
7.1499999999999995
 31
0.0
  0
LINE
  5
B13
330
17
100
AcDbEntity
  8
hatch
100
AcDbLine
 10
7.059437251522857
 20
7.099999999999999
 30
0.0
 11
7.109437251522858
 21
7.15
 31
0.0
  0
LINE
  5
B14
330
17
100
AcDbEntity
  8
hatch
100
AcDbLine
 10
6.7765945390482365
 20
7.099999999999999
 30
0.0
 11
6.826594539048238
 21
7.15
 31
0.0
  0
LINE
  5
B15
330
17
100
AcDbEntity
  8
hatch
100
AcDbLine
 10
6.493751826573619
 20
7.099999999999999
 30
0.0
 11
6.54375182657362
 21
7.15
 31
0.0
  0
LINE
  5
B16
330
17
100
AcDbEntity
  8
hatch
100
AcDbLine
 10
6.210909114099
 20
7.1000000000000005
 30
0.0
 11
6.260909114098999
 21
7.15
 31
0.0
  0
LINE
  5
B17
330
17
100
AcDbEntity
  8
hatch
100
AcDbLine
 10
5.92806640162438
 20
7.099999999999999
 30
0.0
 11
5.978066401624381
 21
7.15
 31
0.0
  0
LINE
  5
B18
330
17
100
AcDbEntity
  8
hatch
100
AcDbLine
 10
5.645223689149762
 20
7.1
 30
0.0
 11
5.695223689149762
 21
7.1499999999999995
 31
0.0
  0
LINE
  5
B19
330
17
100
AcDbEntity
  8
hatch
100
AcDbLine
 10
5.362380976675142
 20
7.1
 30
0.0
 11
5.412380976675141
 21
7.1499999999999995
 31
0.0
  0
LINE
  5
B1A
330
17
100
AcDbEntity
  8
hatch
100
AcDbLine
 10
5.079538264200524
 20
7.1
 30
0.0
 11
5.129538264200523
 21
7.1499999999999995
 31
0.0
  0
LINE
  5
B1B
330
17
100
AcDbEntity
  8
hatch
100
AcDbLine
 10
4.796695551725903
 20
7.1
 30
0.0
 11
4.846695551725903
 21
7.1499999999999995
 31
0.0
  0
LINE
  5
B1C
330
17
100
AcDbEntity
  8
hatch
100
AcDbLine
 10
4.513852839251285
 20
7.1
 30
0.0
 11
4.563852839251284
 21
7.1499999999999995
 31
0.0
  0
LINE
  5
B1D
330
17
100
AcDbEntity
  8
hatch
100
AcDbLine
 10
4.231010126776667
 20
7.1
 30
0.0
 11
4.281010126776667
 21
7.149999999999999
 31
0.0
  0
LINE
  5
B1E
330
17
100
AcDbEntity
  8
hatch
100
AcDbLine
 10
3.948167414302046
 20
7.1
 30
0.0
 11
3.998167414302046
 21
7.1499999999999995
 31
0.0
  0
LINE
  5
B1F
330
17
100
AcDbEntity
  8
hatch
100
AcDbLine
 10
3.665324701827428
 20
7.1
 30
0.0
 11
3.71532470182743
 21
7.15
 31
0.0
  0
LINE
  5
B20
330
17
100
AcDbEntity
  8
hatch
100
AcDbLine
 10
3.382481989352808
 20
7.1
 30
0.0
 11
3.4324819893528096
 21
7.15
 31
0.0
  0
LINE
  5
B21
330
17
100
AcDbEntity
  8
hatch
100
AcDbLine
 10
3.0996392768781895
 20
7.1
 30
0.0
 11
3.149639276878191
 21
7.15
 31
0.0
  0
LINE
  5
B22
330
17
100
AcDbEntity
  8
hatch
100
AcDbLine
 10
2.8167965644035724
 20
7.1
 30
0.0
 11
2.8667965644035722
 21
7.1499999999999995
 31
0.0
  0
LINE
  5
B23
330
17
100
AcDbEntity
  8
hatch
100
AcDbLine
 10
2.533953851928951
 20
7.1
 30
0.0
 11
2.5839538519289516
 21
7.15
 31
0.0
  0
LINE
  5
B24
330
17
100
AcDbEntity
  8
hatch
100
AcDbLine
 10
2.251111139454333
 20
7.099999999999999
 30
0.0
 11
2.3011111394543335
 21
7.1499999999999995
 31
0.0
  0
LINE
  5
B25
330
17
100
AcDbEntity
  8
hatch
100
AcDbLine
 10
1.968268426979713
 20
7.1
 30
0.0
 11
2.018268426979713
 21
7.1499999999999995
 31
0.0
  0
LINE
  5
B26
330
17
100
AcDbEntity
  8
hatch
100
AcDbLine
 10
1.6854257145050942
 20
7.099999999999999
 30
0.0
 11
1.7354257145050949
 21
7.1499999999999995
 31
0.0
  0
LINE
  5
B27
330
17
100
AcDbEntity
  8
hatch
100
AcDbLine
 10
1.4025830020304761
 20
7.1
 30
0.0
 11
1.4525830020304769
 21
7.149999999999999
 31
0.0
  0
LINE
  5
B28
330
17
100
AcDbEntity
  8
hatch
100
AcDbLine
 10
1.1197402895558586
 20
7.1
 30
0.0
 11
1.1697402895558575
 21
7.149999999999999
 31
0.0
  0
LINE
  5
B29
330
17
100
AcDbEntity
  8
hatch
100
AcDbLine
 10
0.8368975770812352
 20
7.099999999999999
 30
0.0
 11
0.8868975770812342
 21
7.149999999999999
 31
0.0
  0
LINE
  5
B2A
330
17
100
AcDbEntity
  8
hatch
100
AcDbLine
 10
0.5540548646066168
 20
7.1
 30
0.0
 11
0.6040548646066188
 21
7.15
 31
0.0
  0
LINE
  5
B2B
330
17
100
AcDbEntity
  8
hatch
100
AcDbLine
 10
0.27121215213199923
 20
7.1
 30
0.0
 11
0.3212121521319986
 21
7.149999999999999
 31
0.0
  0
LINE
  5
B2C
330
17
100
AcDbEntity
  8
hatch
100
AcDbLine
 10
-0.011630560342618779
 20
7.1
 30
0.0
 11
0.038369439657383264
 21
7.15
 31
0.0
  0
LWPOLYLINE
  5
B2D
330
17
100
AcDbEntity
  8
muro-corte
100
AcDbPolyline
 90
4
 70
1
 10
-0.029999999999999714
 20
7.1
 10
24.03
 20
7.1
 10
24.03
 20
7.15
 10
-0.029999999999999714
 20
7.15
  0
LINE
  5
B2E
330
17
100
AcDbEntity
  8
carpinteria
100
AcDbLine
 10
0.5400000000000006
 20
-0.45
 30
0.0
 11
0.5400000000000006
 21
6.9
 31
0.0
  0
LINE
  5
B2F
330
17
100
AcDbEntity
  8
carpinteria
100
AcDbLine
 10
0.6599999999999995
 20
-0.45
 30
0.0
 11
0.6599999999999995
 21
6.9
 31
0.0
  0
LINE
  5
B30
330
17
100
AcDbEntity
  8
carpinteria
100
AcDbLine
 10
0.5400000000000006
 20
6.9
 30
0.0
 11
0.6599999999999995
 21
6.9
 31
0.0
  0
LINE
  5
B31
330
17
100
AcDbEntity
  8
carpinteria
100
AcDbLine
 10
23.339999999999996
 20
-0.45
 30
0.0
 11
23.339999999999996
 21
6.9
 31
0.0
  0
LINE
  5
B32
330
17
100
AcDbEntity
  8
carpinteria
100
AcDbLine
 10
23.459999999999997
 20
-0.45
 30
0.0
 11
23.459999999999997
 21
6.9
 31
0.0
  0
LINE
  5
B33
330
17
100
AcDbEntity
  8
carpinteria
100
AcDbLine
 10
23.339999999999996
 20
6.9
 30
0.0
 11
23.459999999999997
 21
6.9
 31
0.0
  0
TEXT
  5
B34
330
17
100
AcDbEntity
  8
texto-suave
100
AcDbText
 10
12.0
 20
6.65
 30
0.0
 40
0.18
  1
MURO DE ALBAÑILERÍA TARRAJEADO Y PINTADO
 72
1
 11
12.0
 21
6.65
 31
0.0
100
AcDbText
  0
TEXT
  5
B35
330
17
100
AcDbEntity
  8
texto-suave
100
AcDbText
 10
12.0
 20
-0.3
 30
0.0
 40
0.17
  1
SOBRECIMIENTO DE CONCRETO 1:8 + 25% P.M.
 72
1
 11
12.0
 21
-0.3
 31
0.0
100
AcDbText
  0
LINE
  5
B36
330
17
100
AcDbEntity
  8
nivel
100
AcDbLine
 10
2.85
 20
-19.0
 30
0.0
 11
1.35
 21
-19.0
 31
0.0
  0
LWPOLYLINE
  5
B37
330
17
100
AcDbEntity
  8
nivel
100
AcDbPolyline
 90
3
 70
1
 10
2.85
 20
-19.0
 10
2.715
 20
-18.9175
 10
2.715
 20
-19.0825
  0
LWPOLYLINE
  5
B38
330
17
100
AcDbEntity
  8
nivel
100
AcDbPolyline
 90
3
 70
1
 10
2.85
 20
-19.0
 10
2.715
 20
-18.9175
 10
2.715
 20
-19.0825
  0
LINE
  5
B39
330
17
100
AcDbEntity
  8
hatch
100
AcDbLine
 10
2.7150000000000016
 20
-18.99357864376269
 30
0.0
 11
2.7622212271630477
 21
-18.94635741659964
 31
0.0
  0
TEXT
  5
B3A
330
17
100
AcDbEntity
  8
texto
100
AcDbText
 10
2.625
 20
-18.94
 30
0.0
 40
0.105
  1
±0,00
 72
2
100
AcDbText
  0
LINE
  5
B3B
330
17
100
AcDbEntity
  8
nivel
100
AcDbLine
 10
2.85
 20
-17.375
 30
0.0
 11
1.35
 21
-17.375
 31
0.0
  0
LWPOLYLINE
  5
B3C
330
17
100
AcDbEntity
  8
nivel
100
AcDbPolyline
 90
3
 70
1
 10
2.85
 20
-17.375
 10
2.715
 20
-17.2925
 10
2.715
 20
-17.4575
  0
LWPOLYLINE
  5
B3D
330
17
100
AcDbEntity
  8
nivel
100
AcDbPolyline
 90
3
 70
1
 10
2.85
 20
-17.375
 10
2.715
 20
-17.2925
 10
2.715
 20
-17.4575
  0
LINE
  5
B3E
330
17
100
AcDbEntity
  8
hatch
100
AcDbLine
 10
2.7150000000000007
 20
-17.36857864376269
 30
0.0
 11
2.7622212271630495
 21
-17.321357416599643
 31
0.0
  0
TEXT
  5
B3F
330
17
100
AcDbEntity
  8
texto
100
AcDbText
 10
2.625
 20
-17.315
 30
0.0
 40
0.105
  1
+3,25
 72
2
100
AcDbText
  0
LINE
  5
B40
330
17
100
AcDbEntity
  8
nivel
100
AcDbLine
 10
2.85
 20
-15.9
 30
0.0
 11
1.35
 21
-15.9
 31
0.0
  0
LWPOLYLINE
  5
B41
330
17
100
AcDbEntity
  8
nivel
100
AcDbPolyline
 90
3
 70
1
 10
2.85
 20
-15.9
 10
2.715
 20
-15.817500000000003
 10
2.715
 20
-15.9825
  0
LWPOLYLINE
  5
B42
330
17
100
AcDbEntity
  8
nivel
100
AcDbPolyline
 90
3
 70
1
 10
2.85
 20
-15.9
 10
2.715
 20
-15.817500000000003
 10
2.715
 20
-15.9825
  0
LINE
  5
B43
330
17
100
AcDbEntity
  8
hatch
100
AcDbLine
 10
2.715
 20
-15.893578643762691
 30
0.0
 11
2.7622212271630477
 21
-15.846357416599645
 31
0.0
  0
TEXT
  5
B44
330
17
100
AcDbEntity
  8
texto
100
AcDbText
 10
2.625
 20
-15.840000000000002
 30
0.0
 40
0.105
  1
+6,20
 72
2
100
AcDbText
  0
LINE
  5
B45
330
17
100
AcDbEntity
  8
nivel
100
AcDbLine
 10
2.85
 20
-15.425
 30
0.0
 11
1.35
 21
-15.425
 31
0.0
  0
LWPOLYLINE
  5
B46
330
17
100
AcDbEntity
  8
nivel
100
AcDbPolyline
 90
3
 70
1
 10
2.85
 20
-15.425
 10
2.715
 20
-15.342500000000001
 10
2.715
 20
-15.5075
  0
LWPOLYLINE
  5
B47
330
17
100
AcDbEntity
  8
nivel
100
AcDbPolyline
 90
3
 70
1
 10
2.85
 20
-15.425
 10
2.715
 20
-15.342500000000001
 10
2.715
 20
-15.5075
  0
LINE
  5
B48
330
17
100
AcDbEntity
  8
hatch
100
AcDbLine
 10
2.714999999999998
 20
-15.418578643762691
 30
0.0
 11
2.7622212271630486
 21
-15.371357416599642
 31
0.0
  0
TEXT
  5
B49
330
17
100
AcDbEntity
  8
texto
100
AcDbText
 10
2.625
 20
-15.365000000000002
 30
0.0
 40
0.105
  1
+7,15
 72
2
100
AcDbText
  0
LINE
  5
B4A
330
17
100
AcDbEntity
  8
nivel
100
AcDbLine
 10
2.85
 20
-15.230000000000002
 30
0.0
 11
1.35
 21
-15.230000000000002
 31
0.0
  0
LWPOLYLINE
  5
B4B
330
17
100
AcDbEntity
  8
nivel
100
AcDbPolyline
 90
3
 70
1
 10
2.85
 20
-15.230000000000002
 10
2.715
 20
-15.147500000000003
 10
2.715
 20
-15.3125
  0
LWPOLYLINE
  5
B4C
330
17
100
AcDbEntity
  8
nivel
100
AcDbPolyline
 90
3
 70
1
 10
2.85
 20
-15.230000000000002
 10
2.715
 20
-15.147500000000003
 10
2.715
 20
-15.3125
  0
LINE
  5
B4D
330
17
100
AcDbEntity
  8
hatch
100
AcDbLine
 10
2.715
 20
-15.223578643762693
 30
0.0
 11
2.7622212271630495
 21
-15.176357416599643
 31
0.0
  0
TEXT
  5
B4E
330
17
100
AcDbEntity
  8
texto
100
AcDbText
 10
2.625
 20
-15.170000000000002
 30
0.0
 40
0.095
  1
ALBARDILLA
 72
2
100
AcDbText
  0
LINE
  5
B4F
330
17
100
AcDbEntity
  8
nivel
100
AcDbLine
 10
15.675
 20
-19.225
 30
0.0
 11
16.975
 21
-19.225
 31
0.0
  0
LWPOLYLINE
  5
B50
330
17
100
AcDbEntity
  8
nivel
100
AcDbPolyline
 90
3
 70
1
 10
15.675
 20
-19.225
 10
15.81
 20
-19.142500000000002
 10
15.81
 20
-19.3075
  0
LWPOLYLINE
  5
B51
330
17
100
AcDbEntity
  8
nivel
100
AcDbPolyline
 90
3
 70
1
 10
15.675
 20
-19.225
 10
15.81
 20
-19.142500000000002
 10
15.81
 20
-19.3075
  0
LINE
  5
B52
330
17
100
AcDbEntity
  8
hatch
100
AcDbLine
 10
15.72222122716305
 20
-19.253857416599644
 30
0.0
 11
15.810000000000002
 21
-19.16607864376269
 31
0.0
  0
TEXT
  5
B53
330
17
100
AcDbEntity
  8
texto
100
AcDbText
 10
15.9
 20
-19.165000000000003
 30
0.0
 40
0.105
  1
NTN -0,45
100
AcDbText
  0
LINE
  5
B54
330
17
100
AcDbEntity
  8
cota
100
AcDbLine
 10
3.5
 20
-19.075
 30
0.0
 11
3.5
 21
-18.075
 31
0.0
  0
LINE
  5
B55
330
17
100
AcDbEntity
  8
cota
100
AcDbLine
 10
15.5
 20
-19.075
 30
0.0
 11
15.5
 21
-18.075
 31
0.0
  0
LINE
  5
B56
330
17
100
AcDbEntity
  8
cota
100
AcDbLine
 10
3.5
 20
-18.0
 30
0.0
 11
15.5
 21
-18.0
 31
0.0
  0
LINE
  5
B57
330
17
100
AcDbEntity
  8
cota
100
AcDbLine
 10
3.4250000000000003
 20
-18.075
 30
0.0
 11
3.575
 21
-17.925
 31
0.0
  0
LINE
  5
B58
330
17
100
AcDbEntity
  8
cota
100
AcDbLine
 10
15.425
 20
-18.075
 30
0.0
 11
15.575000000000001
 21
-17.925
 31
0.0
  0
TEXT
  5
B59
330
17
100
AcDbEntity
  8
cota-texto
100
AcDbText
 10
9.5
 20
-17.945
 30
0.0
 40
0.125
  1
24,00
 72
1
 11
9.5
 21
-17.945
 31
0.0
100
AcDbText
  0
LINE
  5
B5A
330
17
100
AcDbEntity
  8
cota
100
AcDbLine
 10
3.5
 20
-19.075
 30
0.0
 11
3.5
 21
-18.525000000000002
 31
0.0
  0
LINE
  5
B5B
330
17
100
AcDbEntity
  8
cota
100
AcDbLine
 10
3.2750000000000004
 20
-19.075
 30
0.0
 11
3.2750000000000004
 21
-18.525000000000002
 31
0.0
  0
LINE
  5
B5C
330
17
100
AcDbEntity
  8
cota
100
AcDbLine
 10
3.5
 20
-18.45
 30
0.0
 11
3.2750000000000004
 21
-18.45
 31
0.0
  0
LINE
  5
B5D
330
17
100
AcDbEntity
  8
cota
100
AcDbLine
 10
3.4250000000000003
 20
-18.525000000000002
 30
0.0
 11
3.575
 21
-18.375
 31
0.0
  0
LINE
  5
B5E
330
17
100
AcDbEntity
  8
cota
100
AcDbLine
 10
3.2
 20
-18.525000000000002
 30
0.0
 11
3.35
 21
-18.375
 31
0.0
  0
TEXT
  5
B5F
330
17
100
AcDbEntity
  8
cota-texto
100
AcDbText
 10
3.3875
 20
-18.395
 30
0.0
 40
0.09
  1
0,45
 72
1
 11
3.3875
 21
-18.395
 31
0.0
100
AcDbText
  0
TEXT
  5
B60
330
17
100
AcDbEntity
  8
texto
100
AcDbText
 10
2.9000000000000004
 20
-13.600000000000001
 30
0.0
 40
0.16
  1
FACHADA SUR  ·  PRINCIPAL (BAJA Y ALTA)
100
AcDbText
  0
LINE
  5
B61
330
17
100
AcDbEntity
  8
marco-medio
100
AcDbLine
 10
2.9000000000000004
 20
-13.730000000000002
 30
0.0
 11
11.9
 21
-13.730000000000002
 31
0.0
  0
TEXT
  5
B62
330
17
100
AcDbEntity
  8
texto-suave
100
AcDbText
 10
11.9
 20
-13.600000000000001
 30
0.0
 40
0.11000000000000001
  1
E 1:100
 72
2
100
AcDbText
  0
TEXT
  5
B63
330
17
100
AcDbEntity
  8
texto-suave
100
AcDbText
 10
2.9000000000000004
 20
-13.880000000000003
 30
0.0
 40
0.1
  1
Ingreso principal · niveles ±0,00 y +3,25
100
AcDbText
  0
LINE
  5
B64
330
17
100
AcDbEntity
  8
terreno
100
AcDbLine
 10
-1.2
 20
-0.45
 30
0.0
 11
0.0
 21
-0.45
 31
0.0
  0
LINE
  5
B65
330
17
100
AcDbEntity
  8
terreno
100
AcDbLine
 10
-1.2
 20
-0.45
 30
0.0
 11
-1.3800000000000012
 21
-0.65
 31
0.0
  0
LINE
  5
B66
330
17
100
AcDbEntity
  8
terreno
100
AcDbLine
 10
-0.7800000000000011
 20
-0.45
 30
0.0
 11
-0.9600000000000023
 21
-0.65
 31
0.0
  0
LINE
  5
B67
330
17
100
AcDbEntity
  8
terreno
100
AcDbLine
 10
-0.36000000000000226
 20
-0.45
 30
0.0
 11
-0.5399999999999977
 21
-0.65
 31
0.0
  0
LINE
  5
B68
330
17
100
AcDbEntity
  8
terreno
100
AcDbLine
 10
24.0
 20
-0.45
 30
0.0
 11
25.2
 21
-0.45
 31
0.0
  0
LINE
  5
B69
330
17
100
AcDbEntity
  8
terreno
100
AcDbLine
 10
24.0
 20
-0.45
 30
0.0
 11
23.820000000000004
 21
-0.65
 31
0.0
  0
LINE
  5
B6A
330
17
100
AcDbEntity
  8
terreno
100
AcDbLine
 10
24.420000000000005
 20
-0.45
 30
0.0
 11
24.24000000000001
 21
-0.65
 31
0.0
  0
LINE
  5
B6B
330
17
100
AcDbEntity
  8
terreno
100
AcDbLine
 10
24.84000000000001
 20
-0.45
 30
0.0
 11
24.660000000000004
 21
-0.65
 31
0.0
  0
LINE
  5
B6C
330
17
100
AcDbEntity
  8
terreno
100
AcDbLine
 10
-0.5656854249492369
 20
-1.65
 30
0.0
 11
0.0
 21
-1.084314575050763
 31
0.0
  0
LINE
  5
B6D
330
17
100
AcDbEntity
  8
terreno
100
AcDbLine
 10
-1.1313708498984738
 20
-1.65
 30
0.0
 11
0.0
 21
-0.5186291501015262
 31
0.0
  0
LINE
  5
B6E
330
17
100
AcDbEntity
  8
terreno
100
AcDbLine
 10
-1.2
 20
-1.1529437251522836
 30
0.0
 11
-0.4970562748477164
 21
-0.45
 31
0.0
  0
LINE
  5
B6F
330
17
100
AcDbEntity
  8
terreno
100
AcDbLine
 10
-1.2
 20
-0.5872583002030467
 30
0.0
 11
-1.0627416997969532
 21
-0.45
 31
0.0
  0
LINE
  5
B70
330
17
100
AcDbEntity
  8
terreno
100
AcDbLine
 10
24.63431457505076
 20
-1.65
 30
0.0
 11
25.2
 21
-1.084314575050763
 31
0.0
  0
LINE
  5
B71
330
17
100
AcDbEntity
  8
terreno
100
AcDbLine
 10
24.068629150101515
 20
-1.65
 30
0.0
 11
25.2
 21
-0.5186291501015206
 31
0.0
  0
LINE
  5
B72
330
17
100
AcDbEntity
  8
terreno
100
AcDbLine
 10
24.0
 20
-1.1529437251522836
 30
0.0
 11
24.702943725152284
 21
-0.45
 31
0.0
  0
LINE
  5
B73
330
17
100
AcDbEntity
  8
terreno
100
AcDbLine
 10
24.0
 20
-0.587258300203041
 30
0.0
 11
24.13725830020304
 21
-0.45
 31
0.0
  0
LWPOLYLINE
  5
B74
330
17
100
AcDbEntity
  8
hormigon
100
AcDbPolyline
 90
4
 70
1
 10
0.0
 20
-0.45
 10
24.0
 20
-0.45
 10
24.0
 20
0.0
 10
0.0
 20
0.0
  0
LINE
  5
B75
330
17
100
AcDbEntity
  8
hatch
100
AcDbLine
 10
23.71715728752538
 20
-0.45000000000000107
 30
0.0
 11
24.0
 21
-0.1671572875253844
 31
0.0
  0
LINE
  5
B76
330
17
100
AcDbEntity
  8
hatch
100
AcDbLine
 10
23.434314575050763
 20
-0.45000000000000107
 30
0.0
 11
23.884314575050766
 21
0.0
 31
0.0
  0
LINE
  5
B77
330
17
100
AcDbEntity
  8
hatch
100
AcDbLine
 10
23.15147186257614
 20
-0.4499999999999993
 30
0.0
 11
23.60147186257614
 21
1.7763568394002505e-15
 31
0.0
  0
LINE
  5
B78
330
17
100
AcDbEntity
  8
hatch
100
AcDbLine
 10
22.868629150101526
 20
-0.45000000000000107
 30
0.0
 11
23.318629150101525
 21
0.0
 31
0.0
  0
LINE
  5
B79
330
17
100
AcDbEntity
  8
hatch
100
AcDbLine
 10
22.585786437626908
 20
-0.4499999999999993
 30
0.0
 11
23.035786437626907
 21
0.0
 31
0.0
  0
LINE
  5
B7A
330
17
100
AcDbEntity
  8
hatch
100
AcDbLine
 10
22.30294372515229
 20
-0.4499999999999993
 30
0.0
 11
22.75294372515229
 21
0.0
 31
0.0
  0
LINE
  5
B7B
330
17
100
AcDbEntity
  8
hatch
100
AcDbLine
 10
22.02010101267767
 20
-0.4499999999999975
 30
0.0
 11
22.470101012677667
 21
1.7763568394002505e-15
 31
0.0
  0
LINE
  5
B7C
330
17
100
AcDbEntity
  8
hatch
100
AcDbLine
 10
21.737258300203052
 20
-0.4499999999999975
 30
0.0
 11
22.187258300203048
 21
1.7763568394002505e-15
 31
0.0
  0
LINE
  5
B7D
330
17
100
AcDbEntity
  8
hatch
100
AcDbLine
 10
21.45441558772843
 20
-0.4499999999999993
 30
0.0
 11
21.90441558772843
 21
0.0
 31
0.0
  0
LINE
  5
B7E
330
17
100
AcDbEntity
  8
hatch
100
AcDbLine
 10
21.171572875253812
 20
-0.4499999999999993
 30
0.0
 11
21.62157287525381
 21
0.0
 31
0.0
  0
LINE
  5
B7F
330
17
100
AcDbEntity
  8
hatch
100
AcDbLine
 10
20.888730162779197
 20
-0.4499999999999975
 30
0.0
 11
21.338730162779193
 21
0.0
 31
0.0
  0
LINE
  5
B80
330
17
100
AcDbEntity
  8
hatch
100
AcDbLine
 10
20.605887450304575
 20
-0.4499999999999975
 30
0.0
 11
21.055887450304574
 21
1.7763568394002505e-15
 31
0.0
  0
LINE
  5
B81
330
17
100
AcDbEntity
  8
hatch
100
AcDbLine
 10
20.323044737829957
 20
-0.4499999999999993
 30
0.0
 11
20.773044737829956
 21
0.0
 31
0.0
  0
LINE
  5
B82
330
17
100
AcDbEntity
  8
hatch
100
AcDbLine
 10
20.040202025355335
 20
-0.4499999999999993
 30
0.0
 11
20.490202025355334
 21
0.0
 31
0.0
  0
LINE
  5
B83
330
17
100
AcDbEntity
  8
hatch
100
AcDbLine
 10
19.757359312880716
 20
-0.4499999999999975
 30
0.0
 11
20.20735931288072
 21
1.7763568394002505e-15
 31
0.0
  0
LINE
  5
B84
330
17
100
AcDbEntity
  8
hatch
100
AcDbLine
 10
19.474516600406098
 20
-0.4499999999999993
 30
0.0
 11
19.9245166004061
 21
1.7763568394002505e-15
 31
0.0
  0
LINE
  5
B85
330
17
100
AcDbEntity
  8
hatch
100
AcDbLine
 10
19.19167388793148
 20
-0.4499999999999993
 30
0.0
 11
19.64167388793148
 21
0.0
 31
0.0
  0
LINE
  5
B86
330
17
100
AcDbEntity
  8
hatch
100
AcDbLine
 10
18.90883117545686
 20
-0.4499999999999993
 30
0.0
 11
19.35883117545686
 21
0.0
 31
0.0
  0
LINE
  5
B87
330
17
100
AcDbEntity
  8
hatch
100
AcDbLine
 10
18.625988462982242
 20
-0.4499999999999975
 30
0.0
 11
19.075988462982238
 21
1.7763568394002505e-15
 31
0.0
  0
LINE
  5
B88
330
17
100
AcDbEntity
  8
hatch
100
AcDbLine
 10
18.34314575050762
 20
-0.4499999999999993
 30
0.0
 11
18.79314575050762
 21
1.7763568394002505e-15
 31
0.0
  0
LINE
  5
B89
330
17
100
AcDbEntity
  8
hatch
100
AcDbLine
 10
18.060303038033005
 20
-0.4499999999999975
 30
0.0
 11
18.510303038033005
 21
1.7763568394002505e-15
 31
0.0
  0
LINE
  5
B8A
330
17
100
AcDbEntity
  8
hatch
100
AcDbLine
 10
17.777460325558383
 20
-0.4499999999999993
 30
0.0
 11
18.227460325558383
 21
0.0
 31
0.0
  0
LINE
  5
B8B
330
17
100
AcDbEntity
  8
hatch
100
AcDbLine
 10
17.49461761308376
 20
-0.4499999999999975
 30
0.0
 11
17.944617613083764
 21
1.7763568394002505e-15
 31
0.0
  0
LINE
  5
B8C
330
17
100
AcDbEntity
  8
hatch
100
AcDbLine
 10
17.211774900609143
 20
-0.4499999999999993
 30
0.0
 11
17.661774900609146
 21
1.7763568394002505e-15
 31
0.0
  0
LINE
  5
B8D
330
17
100
AcDbEntity
  8
hatch
100
AcDbLine
 10
16.928932188134528
 20
-0.4499999999999975
 30
0.0
 11
17.378932188134527
 21
1.7763568394002505e-15
 31
0.0
  0
LINE
  5
B8E
330
17
100
AcDbEntity
  8
hatch
100
AcDbLine
 10
16.646089475659906
 20
-0.4499999999999993
 30
0.0
 11
17.09608947565991
 21
0.0
 31
0.0
  0
LINE
  5
B8F
330
17
100
AcDbEntity
  8
hatch
100
AcDbLine
 10
16.363246763185288
 20
-0.4499999999999975
 30
0.0
 11
16.813246763185287
 21
0.0
 31
0.0
  0
LINE
  5
B90
330
17
100
AcDbEntity
  8
hatch
100
AcDbLine
 10
16.08040405071067
 20
-0.4499999999999984
 30
0.0
 11
16.530404050710665
 21
0.0
 31
0.0
  0
LINE
  5
B91
330
17
100
AcDbEntity
  8
hatch
100
AcDbLine
 10
15.79756133823605
 20
-0.4500000000000002
 30
0.0
 11
16.247561338236046
 21
0.0
 31
0.0
  0
LINE
  5
B92
330
17
100
AcDbEntity
  8
hatch
100
AcDbLine
 10
15.514718625761432
 20
-0.4499999999999984
 30
0.0
 11
15.964718625761432
 21
0.0
 31
0.0
  0
LINE
  5
B93
330
17
100
AcDbEntity
  8
hatch
100
AcDbLine
 10
15.231875913286814
 20
-0.4499999999999993
 30
0.0
 11
15.681875913286813
 21
0.0
 31
0.0
  0
LINE
  5
B94
330
17
100
AcDbEntity
  8
hatch
100
AcDbLine
 10
14.949033200812192
 20
-0.4499999999999984
 30
0.0
 11
15.399033200812191
 21
0.0
 31
0.0
  0
LINE
  5
B95
330
17
100
AcDbEntity
  8
hatch
100
AcDbLine
 10
14.666190488337573
 20
-0.4499999999999984
 30
0.0
 11
15.116190488337573
 21
0.0
 31
0.0
  0
LINE
  5
B96
330
17
100
AcDbEntity
  8
hatch
100
AcDbLine
 10
14.383347775862955
 20
-0.4499999999999984
 30
0.0
 11
14.833347775862954
 21
8.881784197001252e-16
 31
0.0
  0
LINE
  5
B97
330
17
100
AcDbEntity
  8
hatch
100
AcDbLine
 10
14.100505063388336
 20
-0.4499999999999993
 30
0.0
 11
14.550505063388336
 21
0.0
 31
0.0
  0
LINE
  5
B98
330
17
100
AcDbEntity
  8
hatch
100
AcDbLine
 10
13.817662350913718
 20
-0.4499999999999993
 30
0.0
 11
14.267662350913717
 21
0.0
 31
0.0
  0
LINE
  5
B99
330
17
100
AcDbEntity
  8
hatch
100
AcDbLine
 10
13.534819638439098
 20
-0.4499999999999993
 30
0.0
 11
13.984819638439097
 21
0.0
 31
0.0
  0
LINE
  5
B9A
330
17
100
AcDbEntity
  8
hatch
100
AcDbLine
 10
13.251976925964478
 20
-0.4499999999999984
 30
0.0
 11
13.701976925964477
 21
8.881784197001252e-16
 31
0.0
  0
LINE
  5
B9B
330
17
100
AcDbEntity
  8
hatch
100
AcDbLine
 10
12.969134213489859
 20
-0.4499999999999993
 30
0.0
 11
13.41913421348986
 21
8.881784197001252e-16
 31
0.0
  0
LINE
  5
B9C
330
17
100
AcDbEntity
  8
hatch
100
AcDbLine
 10
12.686291501015242
 20
-0.4499999999999975
 30
0.0
 11
13.136291501015242
 21
1.7763568394002505e-15
 31
0.0
  0
LINE
  5
B9D
330
17
100
AcDbEntity
  8
hatch
100
AcDbLine
 10
12.40344878854062
 20
-0.4499999999999993
 30
0.0
 11
12.85344878854062
 21
0.0
 31
0.0
  0
LINE
  5
B9E
330
17
100
AcDbEntity
  8
hatch
100
AcDbLine
 10
12.120606076066004
 20
-0.4499999999999984
 30
0.0
 11
12.570606076066003
 21
0.0
 31
0.0
  0
LINE
  5
B9F
330
17
100
AcDbEntity
  8
hatch
100
AcDbLine
 10
11.837763363591385
 20
-0.4499999999999984
 30
0.0
 11
12.287763363591385
 21
8.881784197001252e-16
 31
0.0
  0
LINE
  5
BA0
330
17
100
AcDbEntity
  8
hatch
100
AcDbLine
 10
11.554920651116763
 20
-0.4499999999999993
 30
0.0
 11
12.004920651116763
 21
8.881784197001252e-16
 31
0.0
  0
LINE
  5
BA1
330
17
100
AcDbEntity
  8
hatch
100
AcDbLine
 10
11.272077938642145
 20
-0.4499999999999993
 30
0.0
 11
11.722077938642144
 21
8.881784197001252e-16
 31
0.0
  0
LINE
  5
BA2
330
17
100
AcDbEntity
  8
hatch
100
AcDbLine
 10
10.989235226167523
 20
-0.4500000000000002
 30
0.0
 11
11.439235226167526
 21
8.881784197001252e-16
 31
0.0
  0
LINE
  5
BA3
330
17
100
AcDbEntity
  8
hatch
100
AcDbLine
 10
10.706392513692906
 20
-0.4500000000000002
 30
0.0
 11
11.156392513692905
 21
0.0
 31
0.0
  0
LINE
  5
BA4
330
17
100
AcDbEntity
  8
hatch
100
AcDbLine
 10
10.423549801218286
 20
-0.4500000000000002
 30
0.0
 11
10.873549801218285
 21
8.881784197001252e-16
 31
0.0
  0
LINE
  5
BA5
330
17
100
AcDbEntity
  8
hatch
100
AcDbLine
 10
10.140707088743667
 20
-0.45000000000000107
 30
0.0
 11
10.590707088743667
 21
-8.881784197001252e-16
 31
0.0
  0
LINE
  5
BA6
330
17
100
AcDbEntity
  8
hatch
100
AcDbLine
 10
9.857864376269049
 20
-0.45000000000000107
 30
0.0
 11
10.30786437626905
 21
0.0
 31
0.0
  0
LINE
  5
BA7
330
17
100
AcDbEntity
  8
hatch
100
AcDbLine
 10
9.575021663794429
 20
-0.45000000000000107
 30
0.0
 11
10.02502166379443
 21
-8.881784197001252e-16
 31
0.0
  0
LINE
  5
BA8
330
17
100
AcDbEntity
  8
hatch
100
AcDbLine
 10
9.29217895131981
 20
-0.4500000000000002
 30
0.0
 11
9.742178951319811
 21
0.0
 31
0.0
  0
LINE
  5
BA9
330
17
100
AcDbEntity
  8
hatch
100
AcDbLine
 10
9.00933623884519
 20
-0.4500000000000002
 30
0.0
 11
9.459336238845191
 21
0.0
 31
0.0
  0
LINE
  5
BAA
330
17
100
AcDbEntity
  8
hatch
100
AcDbLine
 10
8.726493526370572
 20
-0.4500000000000002
 30
0.0
 11
9.176493526370573
 21
8.881784197001252e-16
 31
0.0
  0
LINE
  5
BAB
330
17
100
AcDbEntity
  8
hatch
100
AcDbLine
 10
8.443650813895955
 20
-0.44999999999999973
 30
0.0
 11
8.893650813895956
 21
8.881784197001252e-16
 31
0.0
  0
LINE
  5
BAC
330
17
100
AcDbEntity
  8
hatch
100
AcDbLine
 10
8.160808101421335
 20
-0.44999999999999973
 30
0.0
 11
8.610808101421334
 21
8.881784197001252e-16
 31
0.0
  0
LINE
  5
BAD
330
17
100
AcDbEntity
  8
hatch
100
AcDbLine
 10
7.877965388946716
 20
-0.4499999999999993
 30
0.0
 11
8.327965388946717
 21
8.881784197001252e-16
 31
0.0
  0
LINE
  5
BAE
330
17
100
AcDbEntity
  8
hatch
100
AcDbLine
 10
7.595122676472095
 20
-0.44999999999999973
 30
0.0
 11
8.045122676472095
 21
8.881784197001252e-16
 31
0.0
  0
LINE
  5
BAF
330
17
100
AcDbEntity
  8
hatch
100
AcDbLine
 10
7.312279963997478
 20
-0.44999999999999973
 30
0.0
 11
7.762279963997478
 21
4.440892098500626e-16
 31
0.0
  0
LINE
  5
BB0
330
17
100
AcDbEntity
  8
hatch
100
AcDbLine
 10
7.029437251522859
 20
-0.44999999999999973
 30
0.0
 11
7.47943725152286
 21
8.881784197001252e-16
 31
0.0
  0
LINE
  5
BB1
330
17
100
AcDbEntity
  8
hatch
100
AcDbLine
 10
6.746594539048239
 20
-0.4500000000000002
 30
0.0
 11
7.19659453904824
 21
4.440892098500626e-16
 31
0.0
  0
LINE
  5
BB2
330
17
100
AcDbEntity
  8
hatch
100
AcDbLine
 10
6.4637518265736205
 20
-0.4500000000000002
 30
0.0
 11
6.91375182657362
 21
-4.440892098500626e-16
 31
0.0
  0
LINE
  5
BB3
330
17
100
AcDbEntity
  8
hatch
100
AcDbLine
 10
6.180909114099
 20
-0.4500000000000002
 30
0.0
 11
6.630909114099001
 21
8.881784197001252e-16
 31
0.0
  0
LINE
  5
BB4
330
17
100
AcDbEntity
  8
hatch
100
AcDbLine
 10
5.898066401624382
 20
-0.44999999999999973
 30
0.0
 11
6.348066401624381
 21
-4.440892098500626e-16
 31
0.0
  0
LINE
  5
BB5
330
17
100
AcDbEntity
  8
hatch
100
AcDbLine
 10
5.615223689149764
 20
-0.44999999999999973
 30
0.0
 11
6.065223689149765
 21
8.881784197001252e-16
 31
0.0
  0
LINE
  5
BB6
330
17
100
AcDbEntity
  8
hatch
100
AcDbLine
 10
5.332380976675143
 20
-0.4500000000000002
 30
0.0
 11
5.782380976675143
 21
-8.881784197001252e-16
 31
0.0
  0
LINE
  5
BB7
330
17
100
AcDbEntity
  8
hatch
100
AcDbLine
 10
5.049538264200526
 20
-0.44999999999999973
 30
0.0
 11
5.499538264200527
 21
8.881784197001252e-16
 31
0.0
  0
LINE
  5
BB8
330
17
100
AcDbEntity
  8
hatch
100
AcDbLine
 10
4.766695551725905
 20
-0.44999999999999973
 30
0.0
 11
5.2166955517259055
 21
-4.440892098500626e-16
 31
0.0
  0
LINE
  5
BB9
330
17
100
AcDbEntity
  8
hatch
100
AcDbLine
 10
4.483852839251288
 20
-0.44999999999999973
 30
0.0
 11
4.933852839251288
 21
8.881784197001252e-16
 31
0.0
  0
LINE
  5
BBA
330
17
100
AcDbEntity
  8
hatch
100
AcDbLine
 10
4.201010126776669
 20
-0.4500000000000002
 30
0.0
 11
4.651010126776669
 21
-4.440892098500626e-16
 31
0.0
  0
LINE
  5
BBB
330
17
100
AcDbEntity
  8
hatch
100
AcDbLine
 10
3.918167414302048
 20
-0.44999999999999996
 30
0.0
 11
4.368167414302049
 21
8.881784197001252e-16
 31
0.0
  0
LINE
  5
BBC
330
17
100
AcDbEntity
  8
hatch
100
AcDbLine
 10
3.6353247018274306
 20
-0.4500000000000002
 30
0.0
 11
4.08532470182743
 21
-4.440892098500626e-16
 31
0.0
  0
LINE
  5
BBD
330
17
100
AcDbEntity
  8
hatch
100
AcDbLine
 10
3.35248198935281
 20
-0.44999999999999996
 30
0.0
 11
3.8024819893528097
 21
-4.440892098500626e-16
 31
0.0
  0
LINE
  5
BBE
330
17
100
AcDbEntity
  8
hatch
100
AcDbLine
 10
3.069639276878192
 20
-0.4500000000000002
 30
0.0
 11
3.519639276878192
 21
-2.220446049250313e-16
 31
0.0
  0
LINE
  5
BBF
330
17
100
AcDbEntity
  8
hatch
100
AcDbLine
 10
2.786796564403574
 20
-0.4500000000000002
 30
0.0
 11
3.2367965644035737
 21
-2.220446049250313e-16
 31
0.0
  0
LINE
  5
BC0
330
17
100
AcDbEntity
  8
hatch
100
AcDbLine
 10
2.5039538519289533
 20
-0.44999999999999996
 30
0.0
 11
2.9539538519289534
 21
-2.220446049250313e-16
 31
0.0
  0
LINE
  5
BC1
330
17
100
AcDbEntity
  8
hatch
100
AcDbLine
 10
2.2211111394543357
 20
-0.44999999999999996
 30
0.0
 11
2.671111139454335
 21
-2.220446049250313e-16
 31
0.0
  0
LINE
  5
BC2
330
17
100
AcDbEntity
  8
hatch
100
AcDbLine
 10
1.9382684269797146
 20
-0.44999999999999996
 30
0.0
 11
2.3882684269797148
 21
-2.220446049250313e-16
 31
0.0
  0
LINE
  5
BC3
330
17
100
AcDbEntity
  8
hatch
100
AcDbLine
 10
1.655425714505097
 20
-0.44999999999999996
 30
0.0
 11
2.1054257145050967
 21
0.0
 31
0.0
  0
LINE
  5
BC4
330
17
100
AcDbEntity
  8
hatch
100
AcDbLine
 10
1.3725830020304788
 20
-0.44999999999999996
 30
0.0
 11
1.8225830020304787
 21
-1.1102230246251565e-16
 31
0.0
  0
LINE
  5
BC5
330
17
100
AcDbEntity
  8
hatch
100
AcDbLine
 10
1.0897402895558608
 20
-0.4499999999999999
 30
0.0
 11
1.5397402895558607
 21
-1.1102230246251565e-16
 31
0.0
  0
LINE
  5
BC6
330
17
100
AcDbEntity
  8
hatch
100
AcDbLine
 10
0.8068975770812378
 20
-0.44999999999999996
 30
0.0
 11
1.2568975770812378
 21
-1.1102230246251565e-16
 31
0.0
  0
LINE
  5
BC7
330
17
100
AcDbEntity
  8
hatch
100
AcDbLine
 10
0.5240548646066197
 20
-0.44999999999999996
 30
0.0
 11
0.9740548646066196
 21
-5.551115123125783e-17
 31
0.0
  0
LINE
  5
BC8
330
17
100
AcDbEntity
  8
hatch
100
AcDbLine
 10
0.24121215213200164
 20
-0.45
 30
0.0
 11
0.6912121521320016
 21
-5.551115123125783e-17
 31
0.0
  0
LINE
  5
BC9
330
17
100
AcDbEntity
  8
hatch
100
AcDbLine
 10
2.7755575615628914e-17
 20
-0.4083694396573836
 30
0.0
 11
0.4083694396573837
 21
-2.7755575615628914e-17
 31
0.0
  0
LINE
  5
BCA
330
17
100
AcDbEntity
  8
hatch
100
AcDbLine
 10
0.0
 20
-0.12552672718276564
 30
0.0
 11
0.12552672718276564
 21
-1.3877787807814457e-17
 31
0.0
  0
LWPOLYLINE
  5
BCB
330
17
100
AcDbEntity
  8
muro-corte
100
AcDbPolyline
 90
4
 70
1
 10
0.0
 20
-0.45
 10
24.0
 20
-0.45
 10
24.0
 20
0.0
 10
0.0
 20
0.0
  0
LWPOLYLINE
  5
BCC
330
17
100
AcDbEntity
  8
sombra
100
AcDbPolyline
 90
4
 70
1
 10
0.0
 20
0.0
 10
24.0
 20
0.0
 10
24.0
 20
6.5
 10
0.0
 20
6.5
  0
LINE
  5
BCD
330
17
100
AcDbEntity
  8
hatch
100
AcDbLine
 10
23.71715728752538
 20
0.0
 30
0.0
 11
24.0
 21
0.28284271247461845
 31
0.0
  0
LINE
  5
BCE
330
17
100
AcDbEntity
  8
hatch
100
AcDbLine
 10
23.434314575050763
 20
0.0
 30
0.0
 11
24.0
 21
0.5656854249492369
 31
0.0
  0
LINE
  5
BCF
330
17
100
AcDbEntity
  8
hatch
100
AcDbLine
 10
23.15147186257614
 20
0.0
 30
0.0
 11
24.0
 21
0.8485281374238589
 31
0.0
  0
LINE
  5
BD0
330
17
100
AcDbEntity
  8
hatch
100
AcDbLine
 10
22.868629150101523
 20
0.0
 30
0.0
 11
24.0
 21
1.1313708498984774
 31
0.0
  0
LINE
  5
BD1
330
17
100
AcDbEntity
  8
hatch
100
AcDbLine
 10
22.585786437626904
 20
0.0
 30
0.0
 11
24.0
 21
1.4142135623730958
 31
0.0
  0
LINE
  5
BD2
330
17
100
AcDbEntity
  8
hatch
100
AcDbLine
 10
22.30294372515229
 20
1.7763568394002505e-15
 30
0.0
 11
24.0
 21
1.6970562748477143
 31
0.0
  0
LINE
  5
BD3
330
17
100
AcDbEntity
  8
hatch
100
AcDbLine
 10
22.020101012677667
 20
0.0
 30
0.0
 11
24.0
 21
1.9798989873223327
 31
0.0
  0
LINE
  5
BD4
330
17
100
AcDbEntity
  8
hatch
100
AcDbLine
 10
21.73725830020305
 20
0.0
 30
0.0
 11
24.0
 21
2.262741699796953
 31
0.0
  0
LINE
  5
BD5
330
17
100
AcDbEntity
  8
hatch
100
AcDbLine
 10
21.454415587728427
 20
1.7763568394002505e-15
 30
0.0
 11
24.0
 21
2.545584412271573
 31
0.0
  0
LINE
  5
BD6
330
17
100
AcDbEntity
  8
hatch
100
AcDbLine
 10
21.17157287525381
 20
1.7763568394002505e-15
 30
0.0
 11
24.0
 21
2.8284271247461916
 31
0.0
  0
LINE
  5
BD7
330
17
100
AcDbEntity
  8
hatch
100
AcDbLine
 10
20.88873016277919
 20
1.7763568394002505e-15
 30
0.0
 11
24.0
 21
3.11126983722081
 31
0.0
  0
LINE
  5
BD8
330
17
100
AcDbEntity
  8
hatch
100
AcDbLine
 10
20.60588745030457
 20
0.0
 30
0.0
 11
24.0
 21
3.3941125496954268
 31
0.0
  0
LINE
  5
BD9
330
17
100
AcDbEntity
  8
hatch
100
AcDbLine
 10
20.323044737829953
 20
0.0
 30
0.0
 11
24.0
 21
3.6769552621700488
 31
0.0
  0
LINE
  5
BDA
330
17
100
AcDbEntity
  8
hatch
100
AcDbLine
 10
20.04020202535533
 20
0.0
 30
0.0
 11
24.0
 21
3.959797974644669
 31
0.0
  0
LINE
  5
BDB
330
17
100
AcDbEntity
  8
hatch
100
AcDbLine
 10
19.757359312880716
 20
1.7763568394002505e-15
 30
0.0
 11
24.0
 21
4.242640687119286
 31
0.0
  0
LINE
  5
BDC
330
17
100
AcDbEntity
  8
hatch
100
AcDbLine
 10
19.474516600406098
 20
-1.7763568394002505e-15
 30
0.0
 11
24.0
 21
4.525483399593902
 31
0.0
  0
LINE
  5
BDD
330
17
100
AcDbEntity
  8
hatch
100
AcDbLine
 10
19.191673887931476
 20
1.7763568394002505e-15
 30
0.0
 11
24.0
 21
4.808326112068523
 31
0.0
  0
LINE
  5
BDE
330
17
100
AcDbEntity
  8
hatch
100
AcDbLine
 10
18.908831175456857
 20
0.0
 30
0.0
 11
24.0
 21
5.091168824543143
 31
0.0
  0
LINE
  5
BDF
330
17
100
AcDbEntity
  8
hatch
100
AcDbLine
 10
18.62598846298224
 20
1.7763568394002505e-15
 30
0.0
 11
24.0
 21
5.374011537017763
 31
0.0
  0
LINE
  5
BE0
330
17
100
AcDbEntity
  8
hatch
100
AcDbLine
 10
18.343145750507617
 20
0.0
 30
0.0
 11
24.0
 21
5.65685424949238
 31
0.0
  0
LINE
  5
BE1
330
17
100
AcDbEntity
  8
hatch
100
AcDbLine
 10
18.060303038033002
 20
0.0
 30
0.0
 11
24.0
 21
5.939696961966998
 31
0.0
  0
LINE
  5
BE2
330
17
100
AcDbEntity
  8
hatch
100
AcDbLine
 10
17.77746032555838
 20
0.0
 30
0.0
 11
24.0
 21
6.222539674441618
 31
0.0
  0
LINE
  5
BE3
330
17
100
AcDbEntity
  8
hatch
100
AcDbLine
 10
17.49461761308376
 20
0.0
 30
0.0
 11
23.99461761308376
 21
6.500000000000002
 31
0.0
  0
LINE
  5
BE4
330
17
100
AcDbEntity
  8
hatch
100
AcDbLine
 10
17.211774900609143
 20
0.0
 30
0.0
 11
23.711774900609146
 21
6.500000000000002
 31
0.0
  0
LINE
  5
BE5
330
17
100
AcDbEntity
  8
hatch
100
AcDbLine
 10
16.928932188134524
 20
0.0
 30
0.0
 11
23.428932188134528
 21
6.500000000000002
 31
0.0
  0
LINE
  5
BE6
330
17
100
AcDbEntity
  8
hatch
100
AcDbLine
 10
16.646089475659906
 20
0.0
 30
0.0
 11
23.14608947565991
 21
6.5000000000000036
 31
0.0
  0
LINE
  5
BE7
330
17
100
AcDbEntity
  8
hatch
100
AcDbLine
 10
16.363246763185288
 20
0.0
 30
0.0
 11
22.863246763185288
 21
6.500000000000002
 31
0.0
  0
LINE
  5
BE8
330
17
100
AcDbEntity
  8
hatch
100
AcDbLine
 10
16.080404050710662
 20
0.0
 30
0.0
 11
22.58040405071067
 21
6.500000000000002
 31
0.0
  0
LINE
  5
BE9
330
17
100
AcDbEntity
  8
hatch
100
AcDbLine
 10
15.797561338236047
 20
0.0
 30
0.0
 11
22.29756133823605
 21
6.5000000000000036
 31
0.0
  0
LINE
  5
BEA
330
17
100
AcDbEntity
  8
hatch
100
AcDbLine
 10
15.514718625761429
 20
0.0
 30
0.0
 11
22.014718625761432
 21
6.5000000000000036
 31
0.0
  0
LINE
  5
BEB
330
17
100
AcDbEntity
  8
hatch
100
AcDbLine
 10
15.23187591328681
 20
0.0
 30
0.0
 11
21.731875913286814
 21
6.5000000000000036
 31
0.0
  0
LINE
  5
BEC
330
17
100
AcDbEntity
  8
hatch
100
AcDbLine
 10
14.94903320081219
 20
0.0
 30
0.0
 11
21.449033200812195
 21
6.500000000000003
 31
0.0
  0
LINE
  5
BED
330
17
100
AcDbEntity
  8
hatch
100
AcDbLine
 10
14.66619048833757
 20
0.0
 30
0.0
 11
21.166190488337573
 21
6.5000000000000036
 31
0.0
  0
LINE
  5
BEE
330
17
100
AcDbEntity
  8
hatch
100
AcDbLine
 10
14.383347775862953
 20
1.7763568394002505e-15
 30
0.0
 11
20.883347775862955
 21
6.5000000000000036
 31
0.0
  0
LINE
  5
BEF
330
17
100
AcDbEntity
  8
hatch
100
AcDbLine
 10
14.100505063388333
 20
8.881784197001252e-16
 30
0.0
 11
20.600505063388336
 21
6.5000000000000036
 31
0.0
  0
LINE
  5
BF0
330
17
100
AcDbEntity
  8
hatch
100
AcDbLine
 10
13.817662350913714
 20
0.0
 30
0.0
 11
20.317662350913718
 21
6.500000000000003
 31
0.0
  0
LINE
  5
BF1
330
17
100
AcDbEntity
  8
hatch
100
AcDbLine
 10
13.534819638439096
 20
8.881784197001252e-16
 30
0.0
 11
20.034819638439096
 21
6.500000000000003
 31
0.0
  0
LINE
  5
BF2
330
17
100
AcDbEntity
  8
hatch
100
AcDbLine
 10
13.251976925964476
 20
1.7763568394002505e-15
 30
0.0
 11
19.751976925964478
 21
6.5000000000000036
 31
0.0
  0
LINE
  5
BF3
330
17
100
AcDbEntity
  8
hatch
100
AcDbLine
 10
12.969134213489856
 20
8.881784197001252e-16
 30
0.0
 11
19.46913421348986
 21
6.5000000000000036
 31
0.0
  0
LINE
  5
BF4
330
17
100
AcDbEntity
  8
hatch
100
AcDbLine
 10
12.68629150101524
 20
8.881784197001252e-16
 30
0.0
 11
19.18629150101524
 21
6.500000000000003
 31
0.0
  0
LINE
  5
BF5
330
17
100
AcDbEntity
  8
hatch
100
AcDbLine
 10
12.403448788540619
 20
0.0
 30
0.0
 11
18.903448788540622
 21
6.500000000000002
 31
0.0
  0
LINE
  5
BF6
330
17
100
AcDbEntity
  8
hatch
100
AcDbLine
 10
12.120606076066
 20
0.0
 30
0.0
 11
18.620606076066004
 21
6.500000000000002
 31
0.0
  0
LINE
  5
BF7
330
17
100
AcDbEntity
  8
hatch
100
AcDbLine
 10
11.837763363591382
 20
0.0
 30
0.0
 11
18.337763363591385
 21
6.500000000000002
 31
0.0
  0
LINE
  5
BF8
330
17
100
AcDbEntity
  8
hatch
100
AcDbLine
 10
11.554920651116761
 20
0.0
 30
0.0
 11
18.054920651116767
 21
6.500000000000003
 31
0.0
  0
LINE
  5
BF9
330
17
100
AcDbEntity
  8
hatch
100
AcDbLine
 10
11.272077938642145
 20
8.881784197001252e-16
 30
0.0
 11
17.77207793864215
 21
6.500000000000003
 31
0.0
  0
LINE
  5
BFA
330
17
100
AcDbEntity
  8
hatch
100
AcDbLine
 10
10.989235226167523
 20
0.0
 30
0.0
 11
17.489235226167526
 21
6.500000000000002
 31
0.0
  0
LINE
  5
BFB
330
17
100
AcDbEntity
  8
hatch
100
AcDbLine
 10
10.706392513692904
 20
0.0
 30
0.0
 11
17.206392513692908
 21
6.500000000000002
 31
0.0
  0
LINE
  5
BFC
330
17
100
AcDbEntity
  8
hatch
100
AcDbLine
 10
10.423549801218284
 20
0.0
 30
0.0
 11
16.923549801218286
 21
6.500000000000003
 31
0.0
  0
LINE
  5
BFD
330
17
100
AcDbEntity
  8
hatch
100
AcDbLine
 10
10.140707088743666
 20
0.0
 30
0.0
 11
16.64070708874367
 21
6.500000000000004
 31
0.0
  0
LINE
  5
BFE
330
17
100
AcDbEntity
  8
hatch
100
AcDbLine
 10
9.857864376269049
 20
0.0
 30
0.0
 11
16.357864376269053
 21
6.500000000000004
 31
0.0
  0
LINE
  5
BFF
330
17
100
AcDbEntity
  8
hatch
100
AcDbLine
 10
9.575021663794427
 20
8.881784197001252e-16
 30
0.0
 11
16.07502166379443
 21
6.500000000000002
 31
0.0
  0
LINE
  5
C00
330
17
100
AcDbEntity
  8
hatch
100
AcDbLine
 10
9.29217895131981
 20
0.0
 30
0.0
 11
15.792178951319812
 21
6.500000000000003
 31
0.0
  0
LINE
  5
C01
330
17
100
AcDbEntity
  8
hatch
100
AcDbLine
 10
9.00933623884519
 20
8.881784197001252e-16
 30
0.0
 11
15.509336238845194
 21
6.500000000000003
 31
0.0
  0
LINE
  5
C02
330
17
100
AcDbEntity
  8
hatch
100
AcDbLine
 10
8.726493526370572
 20
0.0
 30
0.0
 11
15.226493526370575
 21
6.500000000000002
 31
0.0
  0
LINE
  5
C03
330
17
100
AcDbEntity
  8
hatch
100
AcDbLine
 10
8.443650813895953
 20
8.881784197001252e-16
 30
0.0
 11
14.943650813895957
 21
6.500000000000002
 31
0.0
  0
LINE
  5
C04
330
17
100
AcDbEntity
  8
hatch
100
AcDbLine
 10
8.160808101421333
 20
0.0
 30
0.0
 11
14.660808101421337
 21
6.500000000000003
 31
0.0
  0
LINE
  5
C05
330
17
100
AcDbEntity
  8
hatch
100
AcDbLine
 10
7.8779653889467145
 20
4.440892098500626e-16
 30
0.0
 11
14.377965388946718
 21
6.500000000000003
 31
0.0
  0
LINE
  5
C06
330
17
100
AcDbEntity
  8
hatch
100
AcDbLine
 10
7.595122676472094
 20
8.881784197001252e-16
 30
0.0
 11
14.095122676472098
 21
6.500000000000002
 31
0.0
  0
LINE
  5
C07
330
17
100
AcDbEntity
  8
hatch
100
AcDbLine
 10
7.312279963997476
 20
0.0
 30
0.0
 11
13.81227996399748
 21
6.500000000000002
 31
0.0
  0
LINE
  5
C08
330
17
100
AcDbEntity
  8
hatch
100
AcDbLine
 10
7.029437251522857
 20
4.440892098500626e-16
 30
0.0
 11
13.529437251522861
 21
6.500000000000002
 31
0.0
  0
LINE
  5
C09
330
17
100
AcDbEntity
  8
hatch
100
AcDbLine
 10
6.746594539048237
 20
0.0
 30
0.0
 11
13.24659453904824
 21
6.500000000000003
 31
0.0
  0
LINE
  5
C0A
330
17
100
AcDbEntity
  8
hatch
100
AcDbLine
 10
6.463751826573619
 20
0.0
 30
0.0
 11
12.963751826573622
 21
6.500000000000002
 31
0.0
  0
LINE
  5
C0B
330
17
100
AcDbEntity
  8
hatch
100
AcDbLine
 10
6.1809091140989985
 20
4.440892098500626e-16
 30
0.0
 11
12.680909114099002
 21
6.500000000000002
 31
0.0
  0
LINE
  5
C0C
330
17
100
AcDbEntity
  8
hatch
100
AcDbLine
 10
5.898066401624381
 20
0.0
 30
0.0
 11
12.398066401624384
 21
6.5000000000000036
 31
0.0
  0
LINE
  5
C0D
330
17
100
AcDbEntity
  8
hatch
100
AcDbLine
 10
5.615223689149763
 20
4.440892098500626e-16
 30
0.0
 11
12.115223689149767
 21
6.5000000000000036
 31
0.0
  0
LINE
  5
C0E
330
17
100
AcDbEntity
  8
hatch
100
AcDbLine
 10
5.332380976675142
 20
0.0
 30
0.0
 11
11.832380976675147
 21
6.500000000000002
 31
0.0
  0
LINE
  5
C0F
330
17
100
AcDbEntity
  8
hatch
100
AcDbLine
 10
5.049538264200525
 20
4.440892098500626e-16
 30
0.0
 11
11.549538264200528
 21
6.500000000000002
 31
0.0
  0
LINE
  5
C10
330
17
100
AcDbEntity
  8
hatch
100
AcDbLine
 10
4.7666955517259035
 20
0.0
 30
0.0
 11
11.266695551725906
 21
6.5000000000000036
 31
0.0
  0
LINE
  5
C11
330
17
100
AcDbEntity
  8
hatch
100
AcDbLine
 10
4.483852839251286
 20
0.0
 30
0.0
 11
10.98385283925129
 21
6.5000000000000036
 31
0.0
  0
LINE
  5
C12
330
17
100
AcDbEntity
  8
hatch
100
AcDbLine
 10
4.2010101267766675
 20
0.0
 30
0.0
 11
10.701010126776671
 21
6.500000000000003
 31
0.0
  0
LINE
  5
C13
330
17
100
AcDbEntity
  8
hatch
100
AcDbLine
 10
3.9181674143020473
 20
0.0
 30
0.0
 11
10.41816741430205
 21
6.500000000000002
 31
0.0
  0
LINE
  5
C14
330
17
100
AcDbEntity
  8
hatch
100
AcDbLine
 10
3.635324701827429
 20
0.0
 30
0.0
 11
10.135324701827432
 21
6.5000000000000036
 31
0.0
  0
LINE
  5
C15
330
17
100
AcDbEntity
  8
hatch
100
AcDbLine
 10
3.3524819893528086
 20
2.220446049250313e-16
 30
0.0
 11
9.85248198935281
 21
6.500000000000001
 31
0.0
  0
LINE
  5
C16
330
17
100
AcDbEntity
  8
hatch
100
AcDbLine
 10
3.06963927687819
 20
2.220446049250313e-16
 30
0.0
 11
9.569639276878194
 21
6.500000000000003
 31
0.0
  0
LINE
  5
C17
330
17
100
AcDbEntity
  8
hatch
100
AcDbLine
 10
2.7867965644035726
 20
2.220446049250313e-16
 30
0.0
 11
9.286796564403573
 21
6.500000000000002
 31
0.0
  0
LINE
  5
C18
330
17
100
AcDbEntity
  8
hatch
100
AcDbLine
 10
2.503953851928952
 20
0.0
 30
0.0
 11
9.003953851928955
 21
6.500000000000003
 31
0.0
  0
LINE
  5
C19
330
17
100
AcDbEntity
  8
hatch
100
AcDbLine
 10
2.221111139454334
 20
0.0
 30
0.0
 11
8.721111139454337
 21
6.500000000000002
 31
0.0
  0
LINE
  5
C1A
330
17
100
AcDbEntity
  8
hatch
100
AcDbLine
 10
1.9382684269797132
 20
0.0
 30
0.0
 11
8.438268426979718
 21
6.500000000000003
 31
0.0
  0
LINE
  5
C1B
330
17
100
AcDbEntity
  8
hatch
100
AcDbLine
 10
1.6554257145050952
 20
0.0
 30
0.0
 11
8.155425714505098
 21
6.500000000000002
 31
0.0
  0
LINE
  5
C1C
330
17
100
AcDbEntity
  8
hatch
100
AcDbLine
 10
1.3725830020304772
 20
0.0
 30
0.0
 11
7.872583002030481
 21
6.500000000000003
 31
0.0
  0
LINE
  5
C1D
330
17
100
AcDbEntity
  8
hatch
100
AcDbLine
 10
1.0897402895558592
 20
0.0
 30
0.0
 11
7.589740289555862
 21
6.500000000000002
 31
0.0
  0
LINE
  5
C1E
330
17
100
AcDbEntity
  8
hatch
100
AcDbLine
 10
0.8068975770812361
 20
0.0
 30
0.0
 11
7.30689757708124
 21
6.5000000000000036
 31
0.0
  0
LINE
  5
C1F
330
17
100
AcDbEntity
  8
hatch
100
AcDbLine
 10
0.5240548646066181
 20
0.0
 30
0.0
 11
7.024054864606621
 21
6.500000000000001
 31
0.0
  0
LINE
  5
C20
330
17
100
AcDbEntity
  8
hatch
100
AcDbLine
 10
0.24121215213200006
 20
0.0
 30
0.0
 11
6.741212152132004
 21
6.500000000000003
 31
0.0
  0
LINE
  5
C21
330
17
100
AcDbEntity
  8
hatch
100
AcDbLine
 10
3.469446951953614e-18
 20
0.04163056034261796
 30
0.0
 11
6.4583694396573845
 21
6.500000000000002
 31
0.0
  0
LINE
  5
C22
330
17
100
AcDbEntity
  8
hatch
100
AcDbLine
 10
2.7755575615628914e-17
 20
0.3244732728172359
 30
0.0
 11
6.175526727182768
 21
6.5000000000000036
 31
0.0
  0
LINE
  5
C23
330
17
100
AcDbEntity
  8
hatch
100
AcDbLine
 10
5.551115123125783e-17
 20
0.607315985291859
 30
0.0
 11
5.892684014708145
 21
6.500000000000003
 31
0.0
  0
LINE
  5
C24
330
17
100
AcDbEntity
  8
hatch
100
AcDbLine
 10
5.551115123125783e-17
 20
0.890158697766477
 30
0.0
 11
5.609841302233526
 21
6.500000000000002
 31
0.0
  0
LINE
  5
C25
330
17
100
AcDbEntity
  8
hatch
100
AcDbLine
 10
1.1102230246251565e-16
 20
1.173001410241095
 30
0.0
 11
5.326998589758909
 21
6.5000000000000036
 31
0.0
  0
LINE
  5
C26
330
17
100
AcDbEntity
  8
hatch
100
AcDbLine
 10
-2.220446049250313e-16
 20
1.4558441227157126
 30
0.0
 11
5.0441558772842905
 21
6.500000000000002
 31
0.0
  0
LINE
  5
C27
330
17
100
AcDbEntity
  8
hatch
100
AcDbLine
 10
-2.220446049250313e-16
 20
1.7386868351903306
 30
0.0
 11
4.761313164809673
 21
6.500000000000003
 31
0.0
  0
LINE
  5
C28
330
17
100
AcDbEntity
  8
hatch
100
AcDbLine
 10
-2.220446049250313e-16
 20
2.0215295476649535
 30
0.0
 11
4.478470452335048
 21
6.500000000000002
 31
0.0
  0
LINE
  5
C29
330
17
100
AcDbEntity
  8
hatch
100
AcDbLine
 10
-2.220446049250313e-16
 20
2.304372260139572
 30
0.0
 11
4.1956277398604325
 21
6.5000000000000036
 31
0.0
  0
LINE
  5
C2A
330
17
100
AcDbEntity
  8
hatch
100
AcDbLine
 10
-2.220446049250313e-16
 20
2.5872149726141895
 30
0.0
 11
3.912785027385813
 21
6.500000000000002
 31
0.0
  0
LINE
  5
C2B
330
17
100
AcDbEntity
  8
hatch
100
AcDbLine
 10
-2.220446049250313e-16
 20
2.870057685088808
 30
0.0
 11
3.6299423149111956
 21
6.500000000000003
 31
0.0
  0
LINE
  5
C2C
330
17
100
AcDbEntity
  8
hatch
100
AcDbLine
 10
0.0
 20
3.152900397563431
 30
0.0
 11
3.3470996024365713
 21
6.500000000000002
 31
0.0
  0
LINE
  5
C2D
330
17
100
AcDbEntity
  8
hatch
100
AcDbLine
 10
0.0
 20
3.4357431100380484
 30
0.0
 11
3.064256889961955
 21
6.5000000000000036
 31
0.0
  0
LINE
  5
C2E
330
17
100
AcDbEntity
  8
hatch
100
AcDbLine
 10
0.0
 20
3.718585822512667
 30
0.0
 11
2.7814141774873358
 21
6.500000000000002
 31
0.0
  0
LINE
  5
C2F
330
17
100
AcDbEntity
  8
hatch
100
AcDbLine
 10
0.0
 20
4.001428534987285
 30
0.0
 11
2.4985714650127187
 21
6.5000000000000036
 31
0.0
  0
LINE
  5
C30
330
17
100
AcDbEntity
  8
hatch
100
AcDbLine
 10
-4.440892098500626e-16
 20
4.284271247461902
 30
0.0
 11
2.2157287525380993
 21
6.500000000000002
 31
0.0
  0
LINE
  5
C31
330
17
100
AcDbEntity
  8
hatch
100
AcDbLine
 10
-4.440892098500626e-16
 20
4.567113959936526
 30
0.0
 11
1.9328860400634769
 21
6.500000000000002
 31
0.0
  0
LINE
  5
C32
330
17
100
AcDbEntity
  8
hatch
100
AcDbLine
 10
0.0
 20
4.849956672411143
 30
0.0
 11
1.6500433275888589
 21
6.500000000000002
 31
0.0
  0
LINE
  5
C33
330
17
100
AcDbEntity
  8
hatch
100
AcDbLine
 10
-4.440892098500626e-16
 20
5.132799384885761
 30
0.0
 11
1.3672006151142404
 21
6.500000000000002
 31
0.0
  0
LINE
  5
C34
330
17
100
AcDbEntity
  8
hatch
100
AcDbLine
 10
0.0
 20
5.415642097360379
 30
0.0
 11
1.0843579026396228
 21
6.500000000000002
 31
0.0
  0
LINE
  5
C35
330
17
100
AcDbEntity
  8
hatch
100
AcDbLine
 10
-4.440892098500626e-16
 20
5.698484809834998
 30
0.0
 11
0.8015151901650044
 21
6.500000000000002
 31
0.0
  0
LINE
  5
C36
330
17
100
AcDbEntity
  8
hatch
100
AcDbLine
 10
0.0
 20
5.981327522309621
 30
0.0
 11
0.5186724776903815
 21
6.500000000000002
 31
0.0
  0
LINE
  5
C37
330
17
100
AcDbEntity
  8
hatch
100
AcDbLine
 10
0.0
 20
6.264170234784238
 30
0.0
 11
0.23582976521576393
 21
6.500000000000002
 31
0.0
  0
LWPOLYLINE
  5
C38
330
17
100
AcDbEntity
  8
muro-visto
100
AcDbPolyline
 90
4
 70
1
 10
0.0
 20
0.0
 10
24.0
 20
0.0
 10
24.0
 20
6.5
 10
0.0
 20
6.5
  0
LWPOLYLINE
  5
C39
330
17
100
AcDbEntity
  8
fondo
100
AcDbPolyline
 90
4
 70
1
 10
1.1
 20
0.9
 10
2.6
 20
0.9
 10
2.6
 20
2.4
 10
1.1
 20
2.4
  0
LINE
  5
C3A
330
17
100
AcDbEntity
  8
hatch
100
AcDbLine
 10
2.317157287525381
 20
0.9000000000000001
 30
0.0
 11
2.6
 21
1.182842712474619
 31
0.0
  0
LINE
  5
C3B
330
17
100
AcDbEntity
  8
hatch
100
AcDbLine
 10
2.034314575050762
 20
0.9
 30
0.0
 11
2.5999999999999996
 21
1.4656854249492381
 31
0.0
  0
LINE
  5
C3C
330
17
100
AcDbEntity
  8
hatch
100
AcDbLine
 10
1.7514718625761427
 20
0.8999999999999999
 30
0.0
 11
2.5999999999999996
 21
1.7485281374238573
 31
0.0
  0
LINE
  5
C3D
330
17
100
AcDbEntity
  8
hatch
100
AcDbLine
 10
1.4686291501015238
 20
0.8999999999999999
 30
0.0
 11
2.6
 21
2.031370849898476
 31
0.0
  0
LINE
  5
C3E
330
17
100
AcDbEntity
  8
hatch
100
AcDbLine
 10
1.185786437626905
 20
0.8999999999999999
 30
0.0
 11
2.6
 21
2.3142135623730953
 31
0.0
  0
LINE
  5
C3F
330
17
100
AcDbEntity
  8
hatch
100
AcDbLine
 10
1.1
 20
1.0970562748477144
 30
0.0
 11
2.402943725152286
 21
2.3999999999999995
 31
0.0
  0
LINE
  5
C40
330
17
100
AcDbEntity
  8
hatch
100
AcDbLine
 10
1.1
 20
1.3798989873223333
 30
0.0
 11
2.120101012677667
 21
2.4
 31
0.0
  0
LINE
  5
C41
330
17
100
AcDbEntity
  8
hatch
100
AcDbLine
 10
1.1
 20
1.6627416997969522
 30
0.0
 11
1.8372583002030478
 21
2.4
 31
0.0
  0
LINE
  5
C42
330
17
100
AcDbEntity
  8
hatch
100
AcDbLine
 10
1.1
 20
1.9455844122715713
 30
0.0
 11
1.554415587728429
 21
2.4
 31
0.0
  0
LINE
  5
C43
330
17
100
AcDbEntity
  8
hatch
100
AcDbLine
 10
1.1000000000000003
 20
2.22842712474619
 30
0.0
 11
1.2715728752538098
 21
2.4
 31
0.0
  0
LWPOLYLINE
  5
C44
330
17
100
AcDbEntity
  8
carpinteria
100
AcDbPolyline
 90
4
 70
1
 10
1.1
 20
0.9
 10
2.6
 20
0.9
 10
2.6
 20
2.4
 10
1.1
 20
2.4
  0
LWPOLYLINE
  5
C45
330
17
100
AcDbEntity
  8
marco-medio
100
AcDbPolyline
 90
4
 70
1
 10
1.0600000000000023
 20
0.8600000000000023
 10
2.639999999999998
 20
0.8600000000000023
 10
2.639999999999998
 20
2.4399999999999977
 10
1.0600000000000023
 20
2.4399999999999977
  0
LINE
  5
C46
330
17
100
AcDbEntity
  8
carpinteria
100
AcDbLine
 10
1.85
 20
0.9
 30
0.0
 11
1.85
 21
2.4
 31
0.0
  0
LINE
  5
C47
330
17
100
AcDbEntity
  8
carpinteria
100
AcDbLine
 10
1.1
 20
2.05
 30
0.0
 11
2.6
 21
2.05
 31
0.0
  0
LINE
  5
C48
330
17
100
AcDbEntity
  8
vidrio
100
AcDbLine
 10
1.15
 20
0.95
 30
0.0
 11
2.55
 21
2.35
 31
0.0
  0
LINE
  5
C49
330
17
100
AcDbEntity
  8
marco-medio
100
AcDbLine
 10
1.0399999999999978
 20
0.8699999999999989
 30
0.0
 11
2.6600000000000024
 21
0.8699999999999989
 31
0.0
  0
LWPOLYLINE
  5
C4A
330
17
100
AcDbEntity
  8
fondo
100
AcDbPolyline
 90
4
 70
1
 10
4.45
 20
0.9
 10
5.95
 20
0.9
 10
5.95
 20
2.4
 10
4.45
 20
2.4
  0
LINE
  5
C4B
330
17
100
AcDbEntity
  8
hatch
100
AcDbLine
 10
5.667157287525381
 20
0.8999999999999999
 30
0.0
 11
5.949999999999999
 21
1.1828427124746193
 31
0.0
  0
LINE
  5
C4C
330
17
100
AcDbEntity
  8
hatch
100
AcDbLine
 10
5.384314575050762
 20
0.9000000000000004
 30
0.0
 11
5.95
 21
1.4656854249492381
 31
0.0
  0
LINE
  5
C4D
330
17
100
AcDbEntity
  8
hatch
100
AcDbLine
 10
5.101471862576142
 20
0.8999999999999995
 30
0.0
 11
5.95
 21
1.7485281374238575
 31
0.0
  0
LINE
  5
C4E
330
17
100
AcDbEntity
  8
hatch
100
AcDbLine
 10
4.818629150101524
 20
0.9000000000000004
 30
0.0
 11
5.95
 21
2.031370849898477
 31
0.0
  0
LINE
  5
C4F
330
17
100
AcDbEntity
  8
hatch
100
AcDbLine
 10
4.535786437626905
 20
0.9000000000000001
 30
0.0
 11
5.950000000000001
 21
2.3142135623730953
 31
0.0
  0
LINE
  5
C50
330
17
100
AcDbEntity
  8
hatch
100
AcDbLine
 10
4.45
 20
1.0970562748477146
 30
0.0
 11
5.752943725152286
 21
2.4
 31
0.0
  0
LINE
  5
C51
330
17
100
AcDbEntity
  8
hatch
100
AcDbLine
 10
4.45
 20
1.3798989873223333
 30
0.0
 11
5.4701010126776675
 21
2.4000000000000004
 31
0.0
  0
LINE
  5
C52
330
17
100
AcDbEntity
  8
hatch
100
AcDbLine
 10
4.45
 20
1.6627416997969526
 30
0.0
 11
5.187258300203048
 21
2.4000000000000004
 31
0.0
  0
LINE
  5
C53
330
17
100
AcDbEntity
  8
hatch
100
AcDbLine
 10
4.45
 20
1.9455844122715713
 30
0.0
 11
4.904415587728429
 21
2.4
 31
0.0
  0
LINE
  5
C54
330
17
100
AcDbEntity
  8
hatch
100
AcDbLine
 10
4.450000000000001
 20
2.22842712474619
 30
0.0
 11
4.621572875253809
 21
2.3999999999999995
 31
0.0
  0
LWPOLYLINE
  5
C55
330
17
100
AcDbEntity
  8
carpinteria
100
AcDbPolyline
 90
4
 70
1
 10
4.45
 20
0.9
 10
5.95
 20
0.9
 10
5.95
 20
2.4
 10
4.45
 20
2.4
  0
LWPOLYLINE
  5
C56
330
17
100
AcDbEntity
  8
marco-medio
100
AcDbPolyline
 90
4
 70
1
 10
4.410000000000002
 20
0.8600000000000023
 10
5.9899999999999975
 20
0.8600000000000023
 10
5.9899999999999975
 20
2.4399999999999977
 10
4.410000000000002
 20
2.4399999999999977
  0
LINE
  5
C57
330
17
100
AcDbEntity
  8
carpinteria
100
AcDbLine
 10
5.2
 20
0.9
 30
0.0
 11
5.2
 21
2.4
 31
0.0
  0
LINE
  5
C58
330
17
100
AcDbEntity
  8
carpinteria
100
AcDbLine
 10
4.45
 20
2.05
 30
0.0
 11
5.95
 21
2.05
 31
0.0
  0
LINE
  5
C59
330
17
100
AcDbEntity
  8
vidrio
100
AcDbLine
 10
4.5
 20
0.95
 30
0.0
 11
5.9
 21
2.35
 31
0.0
  0
LINE
  5
C5A
330
17
100
AcDbEntity
  8
marco-medio
100
AcDbLine
 10
4.389999999999998
 20
0.8699999999999989
 30
0.0
 11
6.0100000000000025
 21
0.8699999999999989
 31
0.0
  0
LWPOLYLINE
  5
C5B
330
17
100
AcDbEntity
  8
fondo
100
AcDbPolyline
 90
4
 70
1
 10
7.8
 20
0.9
 10
9.3
 20
0.9
 10
9.3
 20
2.4
 10
7.8
 20
2.4
  0
LINE
  5
C5C
330
17
100
AcDbEntity
  8
hatch
100
AcDbLine
 10
9.017157287525382
 20
0.8999999999999995
 30
0.0
 11
9.3
 21
1.1828427124746188
 31
0.0
  0
LINE
  5
C5D
330
17
100
AcDbEntity
  8
hatch
100
AcDbLine
 10
8.734314575050764
 20
0.8999999999999995
 30
0.0
 11
9.3
 21
1.4656854249492373
 31
0.0
  0
LINE
  5
C5E
330
17
100
AcDbEntity
  8
hatch
100
AcDbLine
 10
8.451471862576145
 20
0.9000000000000004
 30
0.0
 11
9.3
 21
1.7485281374238557
 31
0.0
  0
LINE
  5
C5F
330
17
100
AcDbEntity
  8
hatch
100
AcDbLine
 10
8.168629150101527
 20
0.8999999999999999
 30
0.0
 11
9.3
 21
2.0313708498984755
 31
0.0
  0
LINE
  5
C60
330
17
100
AcDbEntity
  8
hatch
100
AcDbLine
 10
7.885786437626907
 20
0.9000000000000004
 30
0.0
 11
9.3
 21
2.3142135623730935
 31
0.0
  0
LINE
  5
C61
330
17
100
AcDbEntity
  8
hatch
100
AcDbLine
 10
7.8
 20
1.0970562748477124
 30
0.0
 11
9.102943725152286
 21
2.4
 31
0.0
  0
LINE
  5
C62
330
17
100
AcDbEntity
  8
hatch
100
AcDbLine
 10
7.799999999999999
 20
1.3798989873223313
 30
0.0
 11
8.820101012677668
 21
2.4000000000000004
 31
0.0
  0
LINE
  5
C63
330
17
100
AcDbEntity
  8
hatch
100
AcDbLine
 10
7.8
 20
1.6627416997969493
 30
0.0
 11
8.53725830020305
 21
2.4
 31
0.0
  0
LINE
  5
C64
330
17
100
AcDbEntity
  8
hatch
100
AcDbLine
 10
7.800000000000001
 20
1.945584412271569
 30
0.0
 11
8.254415587728431
 21
2.3999999999999995
 31
0.0
  0
LINE
  5
C65
330
17
100
AcDbEntity
  8
hatch
100
AcDbLine
 10
7.8
 20
2.228427124746188
 30
0.0
 11
7.971572875253812
 21
2.4
 31
0.0
  0
LWPOLYLINE
  5
C66
330
17
100
AcDbEntity
  8
carpinteria
100
AcDbPolyline
 90
4
 70
1
 10
7.8
 20
0.9
 10
9.3
 20
0.9
 10
9.3
 20
2.4
 10
7.8
 20
2.4
  0
LWPOLYLINE
  5
C67
330
17
100
AcDbEntity
  8
marco-medio
100
AcDbPolyline
 90
4
 70
1
 10
7.7600000000000025
 20
0.8600000000000023
 10
9.339999999999998
 20
0.8600000000000023
 10
9.339999999999998
 20
2.4399999999999977
 10
7.7600000000000025
 20
2.4399999999999977
  0
LINE
  5
C68
330
17
100
AcDbEntity
  8
carpinteria
100
AcDbLine
 10
8.55
 20
0.9
 30
0.0
 11
8.55
 21
2.4
 31
0.0
  0
LINE
  5
C69
330
17
100
AcDbEntity
  8
carpinteria
100
AcDbLine
 10
7.8
 20
2.05
 30
0.0
 11
9.3
 21
2.05
 31
0.0
  0
LINE
  5
C6A
330
17
100
AcDbEntity
  8
vidrio
100
AcDbLine
 10
7.85
 20
0.95
 30
0.0
 11
9.25
 21
2.35
 31
0.0
  0
LINE
  5
C6B
330
17
100
AcDbEntity
  8
marco-medio
100
AcDbLine
 10
7.7399999999999975
 20
0.8699999999999989
 30
0.0
 11
9.360000000000003
 21
0.8699999999999989
 31
0.0
  0
LWPOLYLINE
  5
C6C
330
17
100
AcDbEntity
  8
fondo
100
AcDbPolyline
 90
4
 70
1
 10
11.15
 20
0.9
 10
12.65
 20
0.9
 10
12.65
 20
2.4
 10
11.15
 20
2.4
  0
LINE
  5
C6D
330
17
100
AcDbEntity
  8
hatch
100
AcDbLine
 10
12.367157287525382
 20
0.9000000000000004
 30
0.0
 11
12.649999999999999
 21
1.182842712474618
 31
0.0
  0
LINE
  5
C6E
330
17
100
AcDbEntity
  8
hatch
100
AcDbLine
 10
12.084314575050762
 20
0.9000000000000004
 30
0.0
 11
12.65
 21
1.4656854249492381
 31
0.0
  0
LINE
  5
C6F
330
17
100
AcDbEntity
  8
hatch
100
AcDbLine
 10
11.801471862576143
 20
0.9000000000000004
 30
0.0
 11
12.649999999999999
 21
1.7485281374238566
 31
0.0
  0
LINE
  5
C70
330
17
100
AcDbEntity
  8
hatch
100
AcDbLine
 10
11.518629150101525
 20
0.8999999999999995
 30
0.0
 11
12.65
 21
2.031370849898476
 31
0.0
  0
LINE
  5
C71
330
17
100
AcDbEntity
  8
hatch
100
AcDbLine
 10
11.235786437626906
 20
0.8999999999999995
 30
0.0
 11
12.65
 21
2.3142135623730944
 31
0.0
  0
LINE
  5
C72
330
17
100
AcDbEntity
  8
hatch
100
AcDbLine
 10
11.149999999999999
 20
1.0970562748477137
 30
0.0
 11
12.452943725152286
 21
2.4000000000000004
 31
0.0
  0
LINE
  5
C73
330
17
100
AcDbEntity
  8
hatch
100
AcDbLine
 10
11.150000000000002
 20
1.379898987322333
 30
0.0
 11
12.170101012677666
 21
2.3999999999999986
 31
0.0
  0
LINE
  5
C74
330
17
100
AcDbEntity
  8
hatch
100
AcDbLine
 10
11.15
 20
1.6627416997969515
 30
0.0
 11
11.887258300203047
 21
2.3999999999999995
 31
0.0
  0
LINE
  5
C75
330
17
100
AcDbEntity
  8
hatch
100
AcDbLine
 10
11.15
 20
1.9455844122715709
 30
0.0
 11
11.604415587728429
 21
2.4000000000000004
 31
0.0
  0
LINE
  5
C76
330
17
100
AcDbEntity
  8
hatch
100
AcDbLine
 10
11.15
 20
2.22842712474619
 30
0.0
 11
11.32157287525381
 21
2.3999999999999995
 31
0.0
  0
LWPOLYLINE
  5
C77
330
17
100
AcDbEntity
  8
carpinteria
100
AcDbPolyline
 90
4
 70
1
 10
11.15
 20
0.9
 10
12.65
 20
0.9
 10
12.65
 20
2.4
 10
11.15
 20
2.4
  0
LWPOLYLINE
  5
C78
330
17
100
AcDbEntity
  8
marco-medio
100
AcDbPolyline
 90
4
 70
1
 10
11.110000000000003
 20
0.8600000000000023
 10
12.689999999999998
 20
0.8600000000000023
 10
12.689999999999998
 20
2.4399999999999977
 10
11.110000000000003
 20
2.4399999999999977
  0
LINE
  5
C79
330
17
100
AcDbEntity
  8
carpinteria
100
AcDbLine
 10
11.9
 20
0.9
 30
0.0
 11
11.9
 21
2.4
 31
0.0
  0
LINE
  5
C7A
330
17
100
AcDbEntity
  8
carpinteria
100
AcDbLine
 10
11.15
 20
2.05
 30
0.0
 11
12.65
 21
2.05
 31
0.0
  0
LINE
  5
C7B
330
17
100
AcDbEntity
  8
vidrio
100
AcDbLine
 10
11.2
 20
0.95
 30
0.0
 11
12.6
 21
2.35
 31
0.0
  0
LINE
  5
C7C
330
17
100
AcDbEntity
  8
marco-medio
100
AcDbLine
 10
11.089999999999998
 20
0.8699999999999989
 30
0.0
 11
12.710000000000003
 21
0.8699999999999989
 31
0.0
  0
LWPOLYLINE
  5
C7D
330
17
100
AcDbEntity
  8
fondo
100
AcDbPolyline
 90
4
 70
1
 10
14.4
 20
1.7
 10
14.9
 20
1.7
 10
14.9
 20
2.5
 10
14.4
 20
2.5
  0
LINE
  5
C7E
330
17
100
AcDbEntity
  8
hatch
100
AcDbLine
 10
14.61715728752538
 20
1.6999999999999984
 30
0.0
 11
14.899999999999999
 21
1.9828427124746169
 31
0.0
  0
LINE
  5
C7F
330
17
100
AcDbEntity
  8
hatch
100
AcDbLine
 10
14.4
 20
1.7656854249492389
 30
0.0
 11
14.899999999999999
 21
2.265685424949239
 31
0.0
  0
LINE
  5
C80
330
17
100
AcDbEntity
  8
hatch
100
AcDbLine
 10
14.400000000000002
 20
2.0485281374238564
 30
0.0
 11
14.851471862576144
 21
2.5
 31
0.0
  0
LINE
  5
C81
330
17
100
AcDbEntity
  8
hatch
100
AcDbLine
 10
14.399999999999999
 20
2.3313708498984775
 30
0.0
 11
14.568629150101522
 21
2.499999999999999
 31
0.0
  0
LWPOLYLINE
  5
C82
330
17
100
AcDbEntity
  8
carpinteria
100
AcDbPolyline
 90
4
 70
1
 10
14.4
 20
1.7
 10
14.9
 20
1.7
 10
14.9
 20
2.5
 10
14.4
 20
2.5
  0
LWPOLYLINE
  5
C83
330
17
100
AcDbEntity
  8
marco-medio
100
AcDbPolyline
 90
4
 70
1
 10
14.360000000000003
 20
1.6600000000000024
 10
14.939999999999998
 20
1.6600000000000024
 10
14.939999999999998
 20
2.539999999999998
 10
14.360000000000003
 20
2.539999999999998
  0
LINE
  5
C84
330
17
100
AcDbEntity
  8
carpinteria
100
AcDbLine
 10
14.4
 20
2.15
 30
0.0
 11
14.9
 21
2.15
 31
0.0
  0
LINE
  5
C85
330
17
100
AcDbEntity
  8
vidrio
100
AcDbLine
 10
14.45
 20
1.75
 30
0.0
 11
14.85
 21
2.45
 31
0.0
  0
LINE
  5
C86
330
17
100
AcDbEntity
  8
marco-medio
100
AcDbLine
 10
14.339999999999998
 20
1.6699999999999988
 30
0.0
 11
14.960000000000003
 21
1.6699999999999988
 31
0.0
  0
LWPOLYLINE
  5
C87
330
17
100
AcDbEntity
  8
fondo
100
AcDbPolyline
 90
4
 70
1
 10
17.75
 20
1.9
 10
18.95
 20
1.9
 10
18.95
 20
2.85
 10
17.75
 20
2.85
  0
LINE
  5
C88
330
17
100
AcDbEntity
  8
hatch
100
AcDbLine
 10
18.66715728752538
 20
1.8999999999999986
 30
0.0
 11
18.95
 21
2.182842712474617
 31
0.0
  0
LINE
  5
C89
330
17
100
AcDbEntity
  8
hatch
100
AcDbLine
 10
18.38431457505076
 20
1.8999999999999986
 30
0.0
 11
18.95
 21
2.4656854249492373
 31
0.0
  0
LINE
  5
C8A
330
17
100
AcDbEntity
  8
hatch
100
AcDbLine
 10
18.101471862576144
 20
1.8999999999999986
 30
0.0
 11
18.95
 21
2.748528137423854
 31
0.0
  0
LINE
  5
C8B
330
17
100
AcDbEntity
  8
hatch
100
AcDbLine
 10
17.818629150101522
 20
1.9000000000000004
 30
0.0
 11
18.768629150101525
 21
2.8499999999999996
 31
0.0
  0
LINE
  5
C8C
330
17
100
AcDbEntity
  8
hatch
100
AcDbLine
 10
17.749999999999996
 20
2.1142135623730915
 30
0.0
 11
18.485786437626906
 21
2.8499999999999996
 31
0.0
  0
LINE
  5
C8D
330
17
100
AcDbEntity
  8
hatch
100
AcDbLine
 10
17.75
 20
2.3970562748477118
 30
0.0
 11
18.202943725152288
 21
2.8499999999999996
 31
0.0
  0
LINE
  5
C8E
330
17
100
AcDbEntity
  8
hatch
100
AcDbLine
 10
17.75
 20
2.679898987322333
 30
0.0
 11
17.920101012677666
 21
2.8499999999999988
 31
0.0
  0
LWPOLYLINE
  5
C8F
330
17
100
AcDbEntity
  8
carpinteria
100
AcDbPolyline
 90
4
 70
1
 10
17.75
 20
1.9
 10
18.95
 20
1.9
 10
18.95
 20
2.85
 10
17.75
 20
2.85
  0
LWPOLYLINE
  5
C90
330
17
100
AcDbEntity
  8
marco-medio
100
AcDbPolyline
 90
4
 70
1
 10
17.71
 20
1.8600000000000023
 10
18.99000000000001
 20
1.8600000000000023
 10
18.99000000000001
 20
2.889999999999998
 10
17.71
 20
2.889999999999998
  0
LINE
  5
C91
330
17
100
AcDbEntity
  8
carpinteria
100
AcDbLine
 10
18.35
 20
1.9
 30
0.0
 11
18.35
 21
2.85
 31
0.0
  0
LINE
  5
C92
330
17
100
AcDbEntity
  8
carpinteria
100
AcDbLine
 10
17.75
 20
2.5
 30
0.0
 11
18.95
 21
2.5
 31
0.0
  0
LINE
  5
C93
330
17
100
AcDbEntity
  8
vidrio
100
AcDbLine
 10
17.8
 20
1.95
 30
0.0
 11
18.9
 21
2.8
 31
0.0
  0
LINE
  5
C94
330
17
100
AcDbEntity
  8
marco-medio
100
AcDbLine
 10
17.689999999999998
 20
1.8699999999999988
 30
0.0
 11
19.01
 21
1.8699999999999988
 31
0.0
  0
LWPOLYLINE
  5
C95
330
17
100
AcDbEntity
  8
fondo
100
AcDbPolyline
 90
4
 70
1
 10
1.1
 20
4.15
 10
2.6
 20
4.15
 10
2.6
 20
5.65
 10
1.1
 20
5.65
  0
LINE
  5
C96
330
17
100
AcDbEntity
  8
hatch
100
AcDbLine
 10
2.317157287525381
 20
4.15
 30
0.0
 11
2.6000000000000005
 21
4.43284271247462
 31
0.0
  0
LINE
  5
C97
330
17
100
AcDbEntity
  8
hatch
100
AcDbLine
 10
2.034314575050762
 20
4.15
 30
0.0
 11
2.6
 21
4.715685424949238
 31
0.0
  0
LINE
  5
C98
330
17
100
AcDbEntity
  8
hatch
100
AcDbLine
 10
1.7514718625761425
 20
4.15
 30
0.0
 11
2.5999999999999996
 21
4.9985281374238575
 31
0.0
  0
LINE
  5
C99
330
17
100
AcDbEntity
  8
hatch
100
AcDbLine
 10
1.4686291501015238
 20
4.15
 30
0.0
 11
2.5999999999999996
 21
5.281370849898476
 31
0.0
  0
LINE
  5
C9A
330
17
100
AcDbEntity
  8
hatch
100
AcDbLine
 10
1.1857864376269047
 20
4.15
 30
0.0
 11
2.599999999999999
 21
5.564213562373095
 31
0.0
  0
LINE
  5
C9B
330
17
100
AcDbEntity
  8
hatch
100
AcDbLine
 10
1.1000000000000003
 20
4.347056274847715
 30
0.0
 11
2.4029437251522863
 21
5.65
 31
0.0
  0
LINE
  5
C9C
330
17
100
AcDbEntity
  8
hatch
100
AcDbLine
 10
1.1000000000000003
 20
4.629898987322334
 30
0.0
 11
2.120101012677667
 21
5.65
 31
0.0
  0
LINE
  5
C9D
330
17
100
AcDbEntity
  8
hatch
100
AcDbLine
 10
1.1
 20
4.912741699796952
 30
0.0
 11
1.837258300203048
 21
5.65
 31
0.0
  0
LINE
  5
C9E
330
17
100
AcDbEntity
  8
hatch
100
AcDbLine
 10
1.1
 20
5.195584412271572
 30
0.0
 11
1.5544155877284296
 21
5.65
 31
0.0
  0
LINE
  5
C9F
330
17
100
AcDbEntity
  8
hatch
100
AcDbLine
 10
1.1
 20
5.47842712474619
 30
0.0
 11
1.2715728752538102
 21
5.65
 31
0.0
  0
LWPOLYLINE
  5
CA0
330
17
100
AcDbEntity
  8
carpinteria
100
AcDbPolyline
 90
4
 70
1
 10
1.1
 20
4.15
 10
2.6
 20
4.15
 10
2.6
 20
5.65
 10
1.1
 20
5.65
  0
LWPOLYLINE
  5
CA1
330
17
100
AcDbEntity
  8
marco-medio
100
AcDbPolyline
 90
4
 70
1
 10
1.0600000000000023
 20
4.110000000000002
 10
2.639999999999998
 20
4.110000000000002
 10
2.639999999999998
 20
5.689999999999998
 10
1.0600000000000023
 20
5.689999999999998
  0
LINE
  5
CA2
330
17
100
AcDbEntity
  8
carpinteria
100
AcDbLine
 10
1.85
 20
4.15
 30
0.0
 11
1.85
 21
5.65
 31
0.0
  0
LINE
  5
CA3
330
17
100
AcDbEntity
  8
carpinteria
100
AcDbLine
 10
1.1
 20
5.3
 30
0.0
 11
2.6
 21
5.3
 31
0.0
  0
LINE
  5
CA4
330
17
100
AcDbEntity
  8
vidrio
100
AcDbLine
 10
1.15
 20
4.2
 30
0.0
 11
2.55
 21
5.6
 31
0.0
  0
LINE
  5
CA5
330
17
100
AcDbEntity
  8
marco-medio
100
AcDbLine
 10
1.0399999999999978
 20
4.119999999999999
 30
0.0
 11
2.6600000000000024
 21
4.119999999999999
 31
0.0
  0
LWPOLYLINE
  5
CA6
330
17
100
AcDbEntity
  8
fondo
100
AcDbPolyline
 90
4
 70
1
 10
4.45
 20
4.15
 10
5.95
 20
4.15
 10
5.95
 20
5.65
 10
4.45
 20
5.65
  0
LINE
  5
CA7
330
17
100
AcDbEntity
  8
hatch
100
AcDbLine
 10
5.667157287525381
 20
4.1499999999999995
 30
0.0
 11
5.95
 21
4.432842712474619
 31
0.0
  0
LINE
  5
CA8
330
17
100
AcDbEntity
  8
hatch
100
AcDbLine
 10
5.3843145750507615
 20
4.15
 30
0.0
 11
5.95
 21
4.715685424949239
 31
0.0
  0
LINE
  5
CA9
330
17
100
AcDbEntity
  8
hatch
100
AcDbLine
 10
5.101471862576143
 20
4.15
 30
0.0
 11
5.95
 21
4.9985281374238575
 31
0.0
  0
LINE
  5
CAA
330
17
100
AcDbEntity
  8
hatch
100
AcDbLine
 10
4.818629150101525
 20
4.15
 30
0.0
 11
5.950000000000001
 21
5.281370849898477
 31
0.0
  0
LINE
  5
CAB
330
17
100
AcDbEntity
  8
hatch
100
AcDbLine
 10
4.535786437626904
 20
4.15
 30
0.0
 11
5.950000000000001
 21
5.564213562373097
 31
0.0
  0
LINE
  5
CAC
330
17
100
AcDbEntity
  8
hatch
100
AcDbLine
 10
4.45
 20
4.347056274847715
 30
0.0
 11
5.752943725152287
 21
5.650000000000001
 31
0.0
  0
LINE
  5
CAD
330
17
100
AcDbEntity
  8
hatch
100
AcDbLine
 10
4.450000000000001
 20
4.629898987322334
 30
0.0
 11
5.4701010126776675
 21
5.65
 31
0.0
  0
LINE
  5
CAE
330
17
100
AcDbEntity
  8
hatch
100
AcDbLine
 10
4.449999999999999
 20
4.912741699796953
 30
0.0
 11
5.187258300203048
 21
5.650000000000001
 31
0.0
  0
LINE
  5
CAF
330
17
100
AcDbEntity
  8
hatch
100
AcDbLine
 10
4.45
 20
5.195584412271572
 30
0.0
 11
4.904415587728429
 21
5.65
 31
0.0
  0
LINE
  5
CB0
330
17
100
AcDbEntity
  8
hatch
100
AcDbLine
 10
4.45
 20
5.47842712474619
 30
0.0
 11
4.62157287525381
 21
5.65
 31
0.0
  0
LWPOLYLINE
  5
CB1
330
17
100
AcDbEntity
  8
carpinteria
100
AcDbPolyline
 90
4
 70
1
 10
4.45
 20
4.15
 10
5.95
 20
4.15
 10
5.95
 20
5.65
 10
4.45
 20
5.65
  0
LWPOLYLINE
  5
CB2
330
17
100
AcDbEntity
  8
marco-medio
100
AcDbPolyline
 90
4
 70
1
 10
4.410000000000002
 20
4.110000000000002
 10
5.9899999999999975
 20
4.110000000000002
 10
5.9899999999999975
 20
5.689999999999998
 10
4.410000000000002
 20
5.689999999999998
  0
LINE
  5
CB3
330
17
100
AcDbEntity
  8
carpinteria
100
AcDbLine
 10
5.2
 20
4.15
 30
0.0
 11
5.2
 21
5.65
 31
0.0
  0
LINE
  5
CB4
330
17
100
AcDbEntity
  8
carpinteria
100
AcDbLine
 10
4.45
 20
5.3
 30
0.0
 11
5.95
 21
5.3
 31
0.0
  0
LINE
  5
CB5
330
17
100
AcDbEntity
  8
vidrio
100
AcDbLine
 10
4.5
 20
4.2
 30
0.0
 11
5.9
 21
5.6
 31
0.0
  0
LINE
  5
CB6
330
17
100
AcDbEntity
  8
marco-medio
100
AcDbLine
 10
4.389999999999998
 20
4.119999999999999
 30
0.0
 11
6.0100000000000025
 21
4.119999999999999
 31
0.0
  0
LWPOLYLINE
  5
CB7
330
17
100
AcDbEntity
  8
fondo
100
AcDbPolyline
 90
4
 70
1
 10
7.8
 20
4.15
 10
9.3
 20
4.15
 10
9.3
 20
5.65
 10
7.8
 20
5.65
  0
LINE
  5
CB8
330
17
100
AcDbEntity
  8
hatch
100
AcDbLine
 10
9.017157287525382
 20
4.15
 30
0.0
 11
9.3
 21
4.432842712474619
 31
0.0
  0
LINE
  5
CB9
330
17
100
AcDbEntity
  8
hatch
100
AcDbLine
 10
8.734314575050764
 20
4.149999999999999
 30
0.0
 11
9.3
 21
4.715685424949237
 31
0.0
  0
LINE
  5
CBA
330
17
100
AcDbEntity
  8
hatch
100
AcDbLine
 10
8.451471862576144
 20
4.15
 30
0.0
 11
9.300000000000002
 21
4.9985281374238575
 31
0.0
  0
LINE
  5
CBB
330
17
100
AcDbEntity
  8
hatch
100
AcDbLine
 10
8.168629150101525
 20
4.15
 30
0.0
 11
9.3
 21
5.281370849898476
 31
0.0
  0
LINE
  5
CBC
330
17
100
AcDbEntity
  8
hatch
100
AcDbLine
 10
7.885786437626906
 20
4.15
 30
0.0
 11
9.300000000000002
 21
5.564213562373096
 31
0.0
  0
LINE
  5
CBD
330
17
100
AcDbEntity
  8
hatch
100
AcDbLine
 10
7.800000000000001
 20
4.347056274847714
 30
0.0
 11
9.102943725152288
 21
5.650000000000001
 31
0.0
  0
LINE
  5
CBE
330
17
100
AcDbEntity
  8
hatch
100
AcDbLine
 10
7.8
 20
4.629898987322333
 30
0.0
 11
8.820101012677668
 21
5.65
 31
0.0
  0
LINE
  5
CBF
330
17
100
AcDbEntity
  8
hatch
100
AcDbLine
 10
7.800000000000001
 20
4.912741699796952
 30
0.0
 11
8.53725830020305
 21
5.650000000000001
 31
0.0
  0
LINE
  5
CC0
330
17
100
AcDbEntity
  8
hatch
100
AcDbLine
 10
7.800000000000001
 20
5.195584412271571
 30
0.0
 11
8.25441558772843
 21
5.65
 31
0.0
  0
LINE
  5
CC1
330
17
100
AcDbEntity
  8
hatch
100
AcDbLine
 10
7.800000000000001
 20
5.478427124746189
 30
0.0
 11
7.971572875253811
 21
5.65
 31
0.0
  0
LWPOLYLINE
  5
CC2
330
17
100
AcDbEntity
  8
carpinteria
100
AcDbPolyline
 90
4
 70
1
 10
7.8
 20
4.15
 10
9.3
 20
4.15
 10
9.3
 20
5.65
 10
7.8
 20
5.65
  0
LWPOLYLINE
  5
CC3
330
17
100
AcDbEntity
  8
marco-medio
100
AcDbPolyline
 90
4
 70
1
 10
7.7600000000000025
 20
4.110000000000002
 10
9.339999999999998
 20
4.110000000000002
 10
9.339999999999998
 20
5.689999999999998
 10
7.7600000000000025
 20
5.689999999999998
  0
LINE
  5
CC4
330
17
100
AcDbEntity
  8
carpinteria
100
AcDbLine
 10
8.55
 20
4.15
 30
0.0
 11
8.55
 21
5.65
 31
0.0
  0
LINE
  5
CC5
330
17
100
AcDbEntity
  8
carpinteria
100
AcDbLine
 10
7.8
 20
5.3
 30
0.0
 11
9.3
 21
5.3
 31
0.0
  0
LINE
  5
CC6
330
17
100
AcDbEntity
  8
vidrio
100
AcDbLine
 10
7.85
 20
4.2
 30
0.0
 11
9.25
 21
5.6
 31
0.0
  0
LINE
  5
CC7
330
17
100
AcDbEntity
  8
marco-medio
100
AcDbLine
 10
7.7399999999999975
 20
4.119999999999999
 30
0.0
 11
9.360000000000003
 21
4.119999999999999
 31
0.0
  0
LWPOLYLINE
  5
CC8
330
17
100
AcDbEntity
  8
fondo
100
AcDbPolyline
 90
4
 70
1
 10
11.15
 20
4.15
 10
12.65
 20
4.15
 10
12.65
 20
5.65
 10
11.15
 20
5.65
  0
LINE
  5
CC9
330
17
100
AcDbEntity
  8
hatch
100
AcDbLine
 10
12.36715728752538
 20
4.149999999999999
 30
0.0
 11
12.649999999999999
 21
4.432842712474617
 31
0.0
  0
LINE
  5
CCA
330
17
100
AcDbEntity
  8
hatch
100
AcDbLine
 10
12.084314575050762
 20
4.1499999999999995
 30
0.0
 11
12.649999999999999
 21
4.715685424949238
 31
0.0
  0
LINE
  5
CCB
330
17
100
AcDbEntity
  8
hatch
100
AcDbLine
 10
11.801471862576143
 20
4.15
 30
0.0
 11
12.649999999999999
 21
4.9985281374238575
 31
0.0
  0
LINE
  5
CCC
330
17
100
AcDbEntity
  8
hatch
100
AcDbLine
 10
11.518629150101525
 20
4.1499999999999995
 30
0.0
 11
12.649999999999999
 21
5.281370849898473
 31
0.0
  0
LINE
  5
CCD
330
17
100
AcDbEntity
  8
hatch
100
AcDbLine
 10
11.235786437626905
 20
4.149999999999999
 30
0.0
 11
12.65
 21
5.564213562373094
 31
0.0
  0
LINE
  5
CCE
330
17
100
AcDbEntity
  8
hatch
100
AcDbLine
 10
11.15
 20
4.347056274847713
 30
0.0
 11
12.452943725152286
 21
5.649999999999999
 31
0.0
  0
LINE
  5
CCF
330
17
100
AcDbEntity
  8
hatch
100
AcDbLine
 10
11.15
 20
4.629898987322333
 30
0.0
 11
12.170101012677666
 21
5.649999999999999
 31
0.0
  0
LINE
  5
CD0
330
17
100
AcDbEntity
  8
hatch
100
AcDbLine
 10
11.149999999999999
 20
4.912741699796952
 30
0.0
 11
11.887258300203047
 21
5.650000000000001
 31
0.0
  0
LINE
  5
CD1
330
17
100
AcDbEntity
  8
hatch
100
AcDbLine
 10
11.150000000000002
 20
5.19558441227157
 30
0.0
 11
11.604415587728429
 21
5.65
 31
0.0
  0
LINE
  5
CD2
330
17
100
AcDbEntity
  8
hatch
100
AcDbLine
 10
11.15
 20
5.478427124746189
 30
0.0
 11
11.321572875253812
 21
5.650000000000001
 31
0.0
  0
LWPOLYLINE
  5
CD3
330
17
100
AcDbEntity
  8
carpinteria
100
AcDbPolyline
 90
4
 70
1
 10
11.15
 20
4.15
 10
12.65
 20
4.15
 10
12.65
 20
5.65
 10
11.15
 20
5.65
  0
LWPOLYLINE
  5
CD4
330
17
100
AcDbEntity
  8
marco-medio
100
AcDbPolyline
 90
4
 70
1
 10
11.110000000000003
 20
4.110000000000002
 10
12.689999999999998
 20
4.110000000000002
 10
12.689999999999998
 20
5.689999999999998
 10
11.110000000000003
 20
5.689999999999998
  0
LINE
  5
CD5
330
17
100
AcDbEntity
  8
carpinteria
100
AcDbLine
 10
11.9
 20
4.15
 30
0.0
 11
11.9
 21
5.65
 31
0.0
  0
LINE
  5
CD6
330
17
100
AcDbEntity
  8
carpinteria
100
AcDbLine
 10
11.15
 20
5.3
 30
0.0
 11
12.65
 21
5.3
 31
0.0
  0
LINE
  5
CD7
330
17
100
AcDbEntity
  8
vidrio
100
AcDbLine
 10
11.2
 20
4.2
 30
0.0
 11
12.6
 21
5.6
 31
0.0
  0
LINE
  5
CD8
330
17
100
AcDbEntity
  8
marco-medio
100
AcDbLine
 10
11.089999999999998
 20
4.119999999999999
 30
0.0
 11
12.710000000000003
 21
4.119999999999999
 31
0.0
  0
LWPOLYLINE
  5
CD9
330
17
100
AcDbEntity
  8
fondo
100
AcDbPolyline
 90
4
 70
1
 10
14.4
 20
4.95
 10
14.9
 20
4.95
 10
14.9
 20
5.75
 10
14.4
 20
5.75
  0
LINE
  5
CDA
330
17
100
AcDbEntity
  8
hatch
100
AcDbLine
 10
14.61715728752538
 20
4.95
 30
0.0
 11
14.9
 21
5.23284271247462
 31
0.0
  0
LINE
  5
CDB
330
17
100
AcDbEntity
  8
hatch
100
AcDbLine
 10
14.4
 20
5.015685424949239
 30
0.0
 11
14.9
 21
5.515685424949239
 31
0.0
  0
LINE
  5
CDC
330
17
100
AcDbEntity
  8
hatch
100
AcDbLine
 10
14.4
 20
5.298528137423857
 30
0.0
 11
14.851471862576144
 21
5.750000000000001
 31
0.0
  0
LINE
  5
CDD
330
17
100
AcDbEntity
  8
hatch
100
AcDbLine
 10
14.400000000000002
 20
5.581370849898478
 30
0.0
 11
14.568629150101524
 21
5.750000000000002
 31
0.0
  0
LWPOLYLINE
  5
CDE
330
17
100
AcDbEntity
  8
carpinteria
100
AcDbPolyline
 90
4
 70
1
 10
14.4
 20
4.95
 10
14.9
 20
4.95
 10
14.9
 20
5.75
 10
14.4
 20
5.75
  0
LWPOLYLINE
  5
CDF
330
17
100
AcDbEntity
  8
marco-medio
100
AcDbPolyline
 90
4
 70
1
 10
14.360000000000003
 20
4.910000000000002
 10
14.939999999999998
 20
4.910000000000002
 10
14.939999999999998
 20
5.789999999999997
 10
14.360000000000003
 20
5.789999999999997
  0
LINE
  5
CE0
330
17
100
AcDbEntity
  8
carpinteria
100
AcDbLine
 10
14.4
 20
5.4
 30
0.0
 11
14.9
 21
5.4
 31
0.0
  0
LINE
  5
CE1
330
17
100
AcDbEntity
  8
vidrio
100
AcDbLine
 10
14.45
 20
5.0
 30
0.0
 11
14.85
 21
5.7
 31
0.0
  0
LINE
  5
CE2
330
17
100
AcDbEntity
  8
marco-medio
100
AcDbLine
 10
14.339999999999998
 20
4.919999999999999
 30
0.0
 11
14.960000000000003
 21
4.919999999999999
 31
0.0
  0
LWPOLYLINE
  5
CE3
330
17
100
AcDbEntity
  8
fondo
100
AcDbPolyline
 90
4
 70
1
 10
17.75
 20
5.0
 10
18.95
 20
5.0
 10
18.95
 20
5.85
 10
17.75
 20
5.85
  0
LINE
  5
CE4
330
17
100
AcDbEntity
  8
hatch
100
AcDbLine
 10
18.66715728752538
 20
5.0
 30
0.0
 11
18.95
 21
5.2828427124746185
 31
0.0
  0
LINE
  5
CE5
330
17
100
AcDbEntity
  8
hatch
100
AcDbLine
 10
18.38431457505076
 20
4.999999999999999
 30
0.0
 11
18.95
 21
5.56568542494924
 31
0.0
  0
LINE
  5
CE6
330
17
100
AcDbEntity
  8
hatch
100
AcDbLine
 10
18.10147186257614
 20
4.999999999999999
 30
0.0
 11
18.950000000000003
 21
5.848528137423858
 31
0.0
  0
LINE
  5
CE7
330
17
100
AcDbEntity
  8
hatch
100
AcDbLine
 10
17.818629150101522
 20
5.0
 30
0.0
 11
18.66862915010152
 21
5.849999999999998
 31
0.0
  0
LINE
  5
CE8
330
17
100
AcDbEntity
  8
hatch
100
AcDbLine
 10
17.749999999999996
 20
5.214213562373093
 30
0.0
 11
18.385786437626905
 21
5.850000000000001
 31
0.0
  0
LINE
  5
CE9
330
17
100
AcDbEntity
  8
hatch
100
AcDbLine
 10
17.75
 20
5.497056274847714
 30
0.0
 11
18.102943725152283
 21
5.849999999999999
 31
0.0
  0
LINE
  5
CEA
330
17
100
AcDbEntity
  8
hatch
100
AcDbLine
 10
17.75
 20
5.7798989873223325
 30
0.0
 11
17.820101012677668
 21
5.849999999999999
 31
0.0
  0
LWPOLYLINE
  5
CEB
330
17
100
AcDbEntity
  8
carpinteria
100
AcDbPolyline
 90
4
 70
1
 10
17.75
 20
5.0
 10
18.95
 20
5.0
 10
18.95
 20
5.85
 10
17.75
 20
5.85
  0
LWPOLYLINE
  5
CEC
330
17
100
AcDbEntity
  8
marco-medio
100
AcDbPolyline
 90
4
 70
1
 10
17.71
 20
4.960000000000003
 10
18.99000000000001
 20
4.960000000000003
 10
18.99000000000001
 20
5.889999999999998
 10
17.71
 20
5.889999999999998
  0
LINE
  5
CED
330
17
100
AcDbEntity
  8
carpinteria
100
AcDbLine
 10
18.35
 20
5.0
 30
0.0
 11
18.35
 21
5.85
 31
0.0
  0
LINE
  5
CEE
330
17
100
AcDbEntity
  8
carpinteria
100
AcDbLine
 10
17.75
 20
5.5
 30
0.0
 11
18.95
 21
5.5
 31
0.0
  0
LINE
  5
CEF
330
17
100
AcDbEntity
  8
vidrio
100
AcDbLine
 10
17.8
 20
5.05
 30
0.0
 11
18.9
 21
5.8
 31
0.0
  0
LINE
  5
CF0
330
17
100
AcDbEntity
  8
marco-medio
100
AcDbLine
 10
17.689999999999998
 20
4.969999999999999
 30
0.0
 11
19.01
 21
4.969999999999999
 31
0.0
  0
LINE
  5
CF1
330
17
100
AcDbEntity
  8
marco-medio
100
AcDbLine
 10
0.0
 20
0.0
 30
0.0
 11
24.0
 21
0.0
 31
0.0
  0
LINE
  5
CF2
330
17
100
AcDbEntity
  8
marco-fino
100
AcDbLine
 10
0.0
 20
3.2
 30
0.0
 11
24.0
 21
3.2
 31
0.0
  0
LINE
  5
CF3
330
17
100
AcDbEntity
  8
marco-fino
100
AcDbLine
 10
0.0
 20
6.2
 30
0.0
 11
24.0
 21
6.2
 31
0.0
  0
LWPOLYLINE
  5
CF4
330
17
100
AcDbEntity
  8
hormigon
100
AcDbPolyline
 90
4
 70
1
 10
0.0
 20
6.2
 10
24.0
 20
6.2
 10
24.0
 20
6.5
 10
0.0
 20
6.5
  0
LINE
  5
CF5
330
17
100
AcDbEntity
  8
hatch
100
AcDbLine
 10
23.71715728752538
 20
6.199999999999999
 30
0.0
 11
24.0
 21
6.482842712474618
 31
0.0
  0
LINE
  5
CF6
330
17
100
AcDbEntity
  8
hatch
100
AcDbLine
 10
23.43431457505076
 20
6.1999999999999975
 30
0.0
 11
23.734314575050764
 21
6.5000000000000036
 31
0.0
  0
LINE
  5
CF7
330
17
100
AcDbEntity
  8
hatch
100
AcDbLine
 10
23.151471862576145
 20
6.200000000000001
 30
0.0
 11
23.451471862576145
 21
6.5000000000000036
 31
0.0
  0
LINE
  5
CF8
330
17
100
AcDbEntity
  8
hatch
100
AcDbLine
 10
22.868629150101523
 20
6.199999999999999
 30
0.0
 11
23.168629150101523
 21
6.5
 31
0.0
  0
LINE
  5
CF9
330
17
100
AcDbEntity
  8
hatch
100
AcDbLine
 10
22.585786437626904
 20
6.199999999999999
 30
0.0
 11
22.885786437626905
 21
6.500000000000002
 31
0.0
  0
LINE
  5
CFA
330
17
100
AcDbEntity
  8
hatch
100
AcDbLine
 10
22.302943725152282
 20
6.200000000000001
 30
0.0
 11
22.602943725152286
 21
6.5000000000000036
 31
0.0
  0
LINE
  5
CFB
330
17
100
AcDbEntity
  8
hatch
100
AcDbLine
 10
22.020101012677667
 20
6.200000000000001
 30
0.0
 11
22.320101012677668
 21
6.5000000000000036
 31
0.0
  0
LINE
  5
CFC
330
17
100
AcDbEntity
  8
hatch
100
AcDbLine
 10
21.73725830020305
 20
6.2
 30
0.0
 11
22.03725830020305
 21
6.500000000000003
 31
0.0
  0
LINE
  5
CFD
330
17
100
AcDbEntity
  8
hatch
100
AcDbLine
 10
21.454415587728427
 20
6.2
 30
0.0
 11
21.75441558772843
 21
6.500000000000003
 31
0.0
  0
LINE
  5
CFE
330
17
100
AcDbEntity
  8
hatch
100
AcDbLine
 10
21.17157287525381
 20
6.199999999999999
 30
0.0
 11
21.471572875253813
 21
6.500000000000002
 31
0.0
  0
LINE
  5
CFF
330
17
100
AcDbEntity
  8
hatch
100
AcDbLine
 10
20.88873016277919
 20
6.200000000000001
 30
0.0
 11
21.18873016277919
 21
6.5000000000000036
 31
0.0
  0
LINE
  5
D00
330
17
100
AcDbEntity
  8
hatch
100
AcDbLine
 10
20.60588745030457
 20
6.2
 30
0.0
 11
20.905887450304572
 21
6.500000000000003
 31
0.0
  0
LINE
  5
D01
330
17
100
AcDbEntity
  8
hatch
100
AcDbLine
 10
20.323044737829953
 20
6.200000000000002
 30
0.0
 11
20.623044737829957
 21
6.500000000000003
 31
0.0
  0
LINE
  5
D02
330
17
100
AcDbEntity
  8
hatch
100
AcDbLine
 10
20.04020202535533
 20
6.199999999999999
 30
0.0
 11
20.340202025355335
 21
6.500000000000002
 31
0.0
  0
LINE
  5
D03
330
17
100
AcDbEntity
  8
hatch
100
AcDbLine
 10
19.757359312880716
 20
6.199999999999999
 30
0.0
 11
20.057359312880717
 21
6.500000000000002
 31
0.0
  0
LINE
  5
D04
330
17
100
AcDbEntity
  8
hatch
100
AcDbLine
 10
19.47451660040609
 20
6.199999999999998
 30
0.0
 11
19.774516600406095
 21
6.500000000000003
 31
0.0
  0
LINE
  5
D05
330
17
100
AcDbEntity
  8
hatch
100
AcDbLine
 10
19.19167388793148
 20
6.200000000000002
 30
0.0
 11
19.491673887931476
 21
6.500000000000003
 31
0.0
  0
LINE
  5
D06
330
17
100
AcDbEntity
  8
hatch
100
AcDbLine
 10
18.908831175456854
 20
6.199999999999998
 30
0.0
 11
19.20883117545686
 21
6.500000000000003
 31
0.0
  0
LINE
  5
D07
330
17
100
AcDbEntity
  8
hatch
100
AcDbLine
 10
18.62598846298224
 20
6.200000000000001
 30
0.0
 11
18.92598846298224
 21
6.500000000000002
 31
0.0
  0
LINE
  5
D08
330
17
100
AcDbEntity
  8
hatch
100
AcDbLine
 10
18.34314575050762
 20
6.200000000000001
 30
0.0
 11
18.64314575050762
 21
6.500000000000002
 31
0.0
  0
LINE
  5
D09
330
17
100
AcDbEntity
  8
hatch
100
AcDbLine
 10
18.060303038033
 20
6.200000000000002
 30
0.0
 11
18.360303038033003
 21
6.500000000000003
 31
0.0
  0
LINE
  5
D0A
330
17
100
AcDbEntity
  8
hatch
100
AcDbLine
 10
17.77746032555838
 20
6.199999999999998
 30
0.0
 11
18.077460325558384
 21
6.500000000000004
 31
0.0
  0
LINE
  5
D0B
330
17
100
AcDbEntity
  8
hatch
100
AcDbLine
 10
17.49461761308376
 20
6.2
 30
0.0
 11
17.794617613083766
 21
6.500000000000004
 31
0.0
  0
LINE
  5
D0C
330
17
100
AcDbEntity
  8
hatch
100
AcDbLine
 10
17.211774900609143
 20
6.2
 30
0.0
 11
17.511774900609144
 21
6.500000000000001
 31
0.0
  0
LINE
  5
D0D
330
17
100
AcDbEntity
  8
hatch
100
AcDbLine
 10
16.928932188134524
 20
6.2
 30
0.0
 11
17.22893218813453
 21
6.500000000000003
 31
0.0
  0
LINE
  5
D0E
330
17
100
AcDbEntity
  8
hatch
100
AcDbLine
 10
16.646089475659906
 20
6.200000000000001
 30
0.0
 11
16.946089475659907
 21
6.5000000000000036
 31
0.0
  0
LINE
  5
D0F
330
17
100
AcDbEntity
  8
hatch
100
AcDbLine
 10
16.363246763185284
 20
6.199999999999999
 30
0.0
 11
16.66324676318529
 21
6.5000000000000036
 31
0.0
  0
LINE
  5
D10
330
17
100
AcDbEntity
  8
hatch
100
AcDbLine
 10
16.080404050710666
 20
6.2
 30
0.0
 11
16.38040405071067
 21
6.500000000000004
 31
0.0
  0
LINE
  5
D11
330
17
100
AcDbEntity
  8
hatch
100
AcDbLine
 10
15.797561338236047
 20
6.2
 30
0.0
 11
16.097561338236048
 21
6.500000000000003
 31
0.0
  0
LINE
  5
D12
330
17
100
AcDbEntity
  8
hatch
100
AcDbLine
 10
15.514718625761429
 20
6.2
 30
0.0
 11
15.814718625761431
 21
6.500000000000003
 31
0.0
  0
LINE
  5
D13
330
17
100
AcDbEntity
  8
hatch
100
AcDbLine
 10
15.23187591328681
 20
6.2
 30
0.0
 11
15.531875913286813
 21
6.500000000000003
 31
0.0
  0
LINE
  5
D14
330
17
100
AcDbEntity
  8
hatch
100
AcDbLine
 10
14.949033200812188
 20
6.199999999999999
 30
0.0
 11
15.249033200812192
 21
6.500000000000002
 31
0.0
  0
LINE
  5
D15
330
17
100
AcDbEntity
  8
hatch
100
AcDbLine
 10
14.66619048833757
 20
6.199999999999999
 30
0.0
 11
14.966190488337574
 21
6.500000000000002
 31
0.0
  0
LINE
  5
D16
330
17
100
AcDbEntity
  8
hatch
100
AcDbLine
 10
14.383347775862951
 20
6.2
 30
0.0
 11
14.683347775862956
 21
6.500000000000003
 31
0.0
  0
LINE
  5
D17
330
17
100
AcDbEntity
  8
hatch
100
AcDbLine
 10
14.100505063388333
 20
6.199999999999999
 30
0.0
 11
14.400505063388337
 21
6.500000000000002
 31
0.0
  0
LINE
  5
D18
330
17
100
AcDbEntity
  8
hatch
100
AcDbLine
 10
13.817662350913714
 20
6.200000000000002
 30
0.0
 11
14.117662350913717
 21
6.500000000000003
 31
0.0
  0
LINE
  5
D19
330
17
100
AcDbEntity
  8
hatch
100
AcDbLine
 10
13.534819638439094
 20
6.199999999999999
 30
0.0
 11
13.834819638439098
 21
6.5000000000000036
 31
0.0
  0
LINE
  5
D1A
330
17
100
AcDbEntity
  8
hatch
100
AcDbLine
 10
13.251976925964476
 20
6.199999999999999
 30
0.0
 11
13.551976925964478
 21
6.500000000000002
 31
0.0
  0
LINE
  5
D1B
330
17
100
AcDbEntity
  8
hatch
100
AcDbLine
 10
12.969134213489856
 20
6.200000000000001
 30
0.0
 11
13.26913421348986
 21
6.500000000000002
 31
0.0
  0
LINE
  5
D1C
330
17
100
AcDbEntity
  8
hatch
100
AcDbLine
 10
12.686291501015239
 20
6.200000000000001
 30
0.0
 11
12.986291501015241
 21
6.500000000000002
 31
0.0
  0
LINE
  5
D1D
330
17
100
AcDbEntity
  8
hatch
100
AcDbLine
 10
12.403448788540617
 20
6.199999999999999
 30
0.0
 11
12.703448788540621
 21
6.5000000000000036
 31
0.0
  0
LINE
  5
D1E
330
17
100
AcDbEntity
  8
hatch
100
AcDbLine
 10
12.120606076065998
 20
6.199999999999998
 30
0.0
 11
12.420606076066003
 21
6.500000000000003
 31
0.0
  0
LINE
  5
D1F
330
17
100
AcDbEntity
  8
hatch
100
AcDbLine
 10
11.83776336359138
 20
6.2
 30
0.0
 11
12.137763363591384
 21
6.500000000000003
 31
0.0
  0
LINE
  5
D20
330
17
100
AcDbEntity
  8
hatch
100
AcDbLine
 10
11.554920651116763
 20
6.200000000000001
 30
0.0
 11
11.854920651116764
 21
6.500000000000002
 31
0.0
  0
LINE
  5
D21
330
17
100
AcDbEntity
  8
hatch
100
AcDbLine
 10
11.272077938642145
 20
6.200000000000001
 30
0.0
 11
11.572077938642146
 21
6.5000000000000036
 31
0.0
  0
LINE
  5
D22
330
17
100
AcDbEntity
  8
hatch
100
AcDbLine
 10
10.989235226167521
 20
6.2
 30
0.0
 11
11.289235226167525
 21
6.500000000000003
 31
0.0
  0
LINE
  5
D23
330
17
100
AcDbEntity
  8
hatch
100
AcDbLine
 10
10.706392513692904
 20
6.199999999999999
 30
0.0
 11
11.006392513692909
 21
6.500000000000002
 31
0.0
  0
LINE
  5
D24
330
17
100
AcDbEntity
  8
hatch
100
AcDbLine
 10
10.423549801218284
 20
6.199999999999999
 30
0.0
 11
10.723549801218287
 21
6.5000000000000036
 31
0.0
  0
LINE
  5
D25
330
17
100
AcDbEntity
  8
hatch
100
AcDbLine
 10
10.140707088743666
 20
6.199999999999999
 30
0.0
 11
10.440707088743668
 21
6.500000000000002
 31
0.0
  0
LINE
  5
D26
330
17
100
AcDbEntity
  8
hatch
100
AcDbLine
 10
9.857864376269047
 20
6.199999999999998
 30
0.0
 11
10.157864376269051
 21
6.500000000000003
 31
0.0
  0
LINE
  5
D27
330
17
100
AcDbEntity
  8
hatch
100
AcDbLine
 10
9.575021663794427
 20
6.199999999999999
 30
0.0
 11
9.87502166379443
 21
6.500000000000002
 31
0.0
  0
LINE
  5
D28
330
17
100
AcDbEntity
  8
hatch
100
AcDbLine
 10
9.292178951319809
 20
6.199999999999999
 30
0.0
 11
9.592178951319813
 21
6.500000000000002
 31
0.0
  0
LINE
  5
D29
330
17
100
AcDbEntity
  8
hatch
100
AcDbLine
 10
9.00933623884519
 20
6.200000000000001
 30
0.0
 11
9.30933623884519
 21
6.500000000000002
 31
0.0
  0
LINE
  5
D2A
330
17
100
AcDbEntity
  8
hatch
100
AcDbLine
 10
8.726493526370572
 20
6.200000000000001
 30
0.0
 11
9.026493526370574
 21
6.500000000000003
 31
0.0
  0
LINE
  5
D2B
330
17
100
AcDbEntity
  8
hatch
100
AcDbLine
 10
8.443650813895953
 20
6.200000000000001
 30
0.0
 11
8.743650813895954
 21
6.500000000000002
 31
0.0
  0
LINE
  5
D2C
330
17
100
AcDbEntity
  8
hatch
100
AcDbLine
 10
8.160808101421333
 20
6.199999999999999
 30
0.0
 11
8.460808101421335
 21
6.500000000000003
 31
0.0
  0
LINE
  5
D2D
330
17
100
AcDbEntity
  8
hatch
100
AcDbLine
 10
7.8779653889467145
 20
6.199999999999999
 30
0.0
 11
8.177965388946717
 21
6.500000000000002
 31
0.0
  0
LINE
  5
D2E
330
17
100
AcDbEntity
  8
hatch
100
AcDbLine
 10
7.595122676472095
 20
6.200000000000001
 30
0.0
 11
7.895122676472097
 21
6.500000000000003
 31
0.0
  0
LINE
  5
D2F
330
17
100
AcDbEntity
  8
hatch
100
AcDbLine
 10
7.312279963997476
 20
6.2
 30
0.0
 11
7.612279963997479
 21
6.500000000000003
 31
0.0
  0
LINE
  5
D30
330
17
100
AcDbEntity
  8
hatch
100
AcDbLine
 10
7.029437251522857
 20
6.2
 30
0.0
 11
7.329437251522861
 21
6.5000000000000036
 31
0.0
  0
LINE
  5
D31
330
17
100
AcDbEntity
  8
hatch
100
AcDbLine
 10
6.746594539048237
 20
6.2
 30
0.0
 11
7.0465945390482405
 21
6.500000000000003
 31
0.0
  0
LINE
  5
D32
330
17
100
AcDbEntity
  8
hatch
100
AcDbLine
 10
6.463751826573619
 20
6.2
 30
0.0
 11
6.763751826573622
 21
6.5000000000000036
 31
0.0
  0
LINE
  5
D33
330
17
100
AcDbEntity
  8
hatch
100
AcDbLine
 10
6.1809091140989985
 20
6.2
 30
0.0
 11
6.480909114099002
 21
6.5000000000000036
 31
0.0
  0
LINE
  5
D34
330
17
100
AcDbEntity
  8
hatch
100
AcDbLine
 10
5.898066401624381
 20
6.199999999999999
 30
0.0
 11
6.198066401624383
 21
6.500000000000001
 31
0.0
  0
LINE
  5
D35
330
17
100
AcDbEntity
  8
hatch
100
AcDbLine
 10
5.615223689149762
 20
6.199999999999999
 30
0.0
 11
5.915223689149766
 21
6.500000000000003
 31
0.0
  0
LINE
  5
D36
330
17
100
AcDbEntity
  8
hatch
100
AcDbLine
 10
5.332380976675142
 20
6.199999999999999
 30
0.0
 11
5.632380976675145
 21
6.500000000000002
 31
0.0
  0
LINE
  5
D37
330
17
100
AcDbEntity
  8
hatch
100
AcDbLine
 10
5.049538264200524
 20
6.199999999999999
 30
0.0
 11
5.349538264200527
 21
6.500000000000003
 31
0.0
  0
LINE
  5
D38
330
17
100
AcDbEntity
  8
hatch
100
AcDbLine
 10
4.7666955517259035
 20
6.199999999999999
 30
0.0
 11
5.066695551725906
 21
6.500000000000002
 31
0.0
  0
LINE
  5
D39
330
17
100
AcDbEntity
  8
hatch
100
AcDbLine
 10
4.483852839251286
 20
6.2
 30
0.0
 11
4.7838528392512885
 21
6.500000000000003
 31
0.0
  0
LINE
  5
D3A
330
17
100
AcDbEntity
  8
hatch
100
AcDbLine
 10
4.2010101267766675
 20
6.2
 30
0.0
 11
4.501010126776669
 21
6.500000000000002
 31
0.0
  0
LINE
  5
D3B
330
17
100
AcDbEntity
  8
hatch
100
AcDbLine
 10
3.9181674143020473
 20
6.2
 30
0.0
 11
4.21816741430205
 21
6.500000000000003
 31
0.0
  0
LINE
  5
D3C
330
17
100
AcDbEntity
  8
hatch
100
AcDbLine
 10
3.6353247018274293
 20
6.2
 30
0.0
 11
3.935324701827431
 21
6.500000000000002
 31
0.0
  0
LINE
  5
D3D
330
17
100
AcDbEntity
  8
hatch
100
AcDbLine
 10
3.3524819893528086
 20
6.2
 30
0.0
 11
3.652481989352811
 21
6.5000000000000036
 31
0.0
  0
LINE
  5
D3E
330
17
100
AcDbEntity
  8
hatch
100
AcDbLine
 10
3.0696392768781906
 20
6.2
 30
0.0
 11
3.369639276878192
 21
6.500000000000002
 31
0.0
  0
LINE
  5
D3F
330
17
100
AcDbEntity
  8
hatch
100
AcDbLine
 10
2.7867965644035726
 20
6.199999999999999
 30
0.0
 11
3.086796564403576
 21
6.5000000000000036
 31
0.0
  0
LINE
  5
D40
330
17
100
AcDbEntity
  8
hatch
100
AcDbLine
 10
2.5039538519289524
 20
6.2
 30
0.0
 11
2.803953851928954
 21
6.500000000000003
 31
0.0
  0
LINE
  5
D41
330
17
100
AcDbEntity
  8
hatch
100
AcDbLine
 10
2.221111139454334
 20
6.199999999999999
 30
0.0
 11
2.5211111394543364
 21
6.500000000000002
 31
0.0
  0
LINE
  5
D42
330
17
100
AcDbEntity
  8
hatch
100
AcDbLine
 10
1.9382684269797128
 20
6.199999999999999
 30
0.0
 11
2.2382684269797153
 21
6.500000000000002
 31
0.0
  0
LINE
  5
D43
330
17
100
AcDbEntity
  8
hatch
100
AcDbLine
 10
1.6554257145050948
 20
6.199999999999999
 30
0.0
 11
1.9554257145050977
 21
6.500000000000002
 31
0.0
  0
LINE
  5
D44
330
17
100
AcDbEntity
  8
hatch
100
AcDbLine
 10
1.3725830020304772
 20
6.199999999999999
 30
0.0
 11
1.6725830020304797
 21
6.500000000000002
 31
0.0
  0
LINE
  5
D45
330
17
100
AcDbEntity
  8
hatch
100
AcDbLine
 10
1.0897402895558588
 20
6.199999999999999
 30
0.0
 11
1.3897402895558613
 21
6.500000000000002
 31
0.0
  0
LINE
  5
D46
330
17
100
AcDbEntity
  8
hatch
100
AcDbLine
 10
0.8068975770812359
 20
6.199999999999999
 30
0.0
 11
1.106897577081237
 21
6.500000000000001
 31
0.0
  0
LINE
  5
D47
330
17
100
AcDbEntity
  8
hatch
100
AcDbLine
 10
0.5240548646066179
 20
6.199999999999999
 30
0.0
 11
0.8240548646066217
 21
6.5000000000000036
 31
0.0
  0
LINE
  5
D48
330
17
100
AcDbEntity
  8
hatch
100
AcDbLine
 10
0.24121215213199987
 20
6.199999999999999
 30
0.0
 11
0.541212152132001
 21
6.500000000000001
 31
0.0
  0
LINE
  5
D49
330
17
100
AcDbEntity
  8
hatch
100
AcDbLine
 10
0.0
 20
6.241630560342617
 30
0.0
 11
0.2583694396573857
 21
6.5000000000000036
 31
0.0
  0
LWPOLYLINE
  5
D4A
330
17
100
AcDbEntity
  8
muro-corte
100
AcDbPolyline
 90
4
 70
1
 10
0.0
 20
6.2
 10
24.0
 20
6.2
 10
24.0
 20
6.5
 10
0.0
 20
6.5
  0
LINE
  5
D4B
330
17
100
AcDbEntity
  8
muro-corte
100
AcDbLine
 10
0.0
 20
7.15
 30
0.0
 11
24.0
 21
7.15
 31
0.0
  0
LWPOLYLINE
  5
D4C
330
17
100
AcDbEntity
  8
hormigon
100
AcDbPolyline
 90
4
 70
1
 10
-0.030000000000001137
 20
7.1
 10
24.029999999999994
 20
7.1
 10
24.029999999999994
 20
7.15
 10
-0.030000000000001137
 20
7.15
  0
LINE
  5
D4D
330
17
100
AcDbEntity
  8
hatch
100
AcDbLine
 10
23.747157287525376
 20
7.099999999999998
 30
0.0
 11
23.797157287525373
 21
7.149999999999997
 31
0.0
  0
LINE
  5
D4E
330
17
100
AcDbEntity
  8
hatch
100
AcDbLine
 10
23.464314575050754
 20
7.099999999999998
 30
0.0
 11
23.514314575050754
 21
7.149999999999997
 31
0.0
  0
LINE
  5
D4F
330
17
100
AcDbEntity
  8
hatch
100
AcDbLine
 10
23.18147186257613
 20
7.099999999999994
 30
0.0
 11
23.231471862576136
 21
7.149999999999997
 31
0.0
  0
LINE
  5
D50
330
17
100
AcDbEntity
  8
hatch
100
AcDbLine
 10
22.898629150101513
 20
7.099999999999997
 30
0.0
 11
22.948629150101514
 21
7.149999999999996
 31
0.0
  0
LINE
  5
D51
330
17
100
AcDbEntity
  8
hatch
100
AcDbLine
 10
22.615786437626895
 20
7.099999999999997
 30
0.0
 11
22.6657864376269
 21
7.1499999999999995
 31
0.0
  0
LINE
  5
D52
330
17
100
AcDbEntity
  8
hatch
100
AcDbLine
 10
22.332943725152276
 20
7.099999999999997
 30
0.0
 11
22.38294372515228
 21
7.149999999999996
 31
0.0
  0
LINE
  5
D53
330
17
100
AcDbEntity
  8
hatch
100
AcDbLine
 10
22.050101012677658
 20
7.099999999999998
 30
0.0
 11
22.10010101267766
 21
7.149999999999999
 31
0.0
  0
LINE
  5
D54
330
17
100
AcDbEntity
  8
hatch
100
AcDbLine
 10
21.76725830020304
 20
7.099999999999998
 30
0.0
 11
21.81725830020304
 21
7.149999999999999
 31
0.0
  0
LINE
  5
D55
330
17
100
AcDbEntity
  8
hatch
100
AcDbLine
 10
21.48441558772842
 20
7.099999999999997
 30
0.0
 11
21.534415587728418
 21
7.149999999999996
 31
0.0
  0
LINE
  5
D56
330
17
100
AcDbEntity
  8
hatch
100
AcDbLine
 10
21.201572875253802
 20
7.099999999999997
 30
0.0
 11
21.251572875253803
 21
7.1499999999999995
 31
0.0
  0
LINE
  5
D57
330
17
100
AcDbEntity
  8
hatch
100
AcDbLine
 10
20.918730162779184
 20
7.099999999999997
 30
0.0
 11
20.96873016277918
 21
7.149999999999998
 31
0.0
  0
LINE
  5
D58
330
17
100
AcDbEntity
  8
hatch
100
AcDbLine
 10
20.635887450304562
 20
7.099999999999998
 30
0.0
 11
20.685887450304563
 21
7.149999999999999
 31
0.0
  0
LINE
  5
D59
330
17
100
AcDbEntity
  8
hatch
100
AcDbLine
 10
20.353044737829947
 20
7.099999999999998
 30
0.0
 11
20.403044737829944
 21
7.149999999999999
 31
0.0
  0
LINE
  5
D5A
330
17
100
AcDbEntity
  8
hatch
100
AcDbLine
 10
20.07020202535532
 20
7.099999999999997
 30
0.0
 11
20.120202025355326
 21
7.149999999999998
 31
0.0
  0
LINE
  5
D5B
330
17
100
AcDbEntity
  8
hatch
100
AcDbLine
 10
19.787359312880703
 20
7.099999999999996
 30
0.0
 11
19.837359312880707
 21
7.149999999999999
 31
0.0
  0
LINE
  5
D5C
330
17
100
AcDbEntity
  8
hatch
100
AcDbLine
 10
19.504516600406088
 20
7.099999999999996
 30
0.0
 11
19.55451660040609
 21
7.149999999999997
 31
0.0
  0
LINE
  5
D5D
330
17
100
AcDbEntity
  8
hatch
100
AcDbLine
 10
19.22167388793147
 20
7.099999999999999
 30
0.0
 11
19.27167388793147
 21
7.149999999999998
 31
0.0
  0
LINE
  5
D5E
330
17
100
AcDbEntity
  8
hatch
100
AcDbLine
 10
18.93883117545685
 20
7.099999999999999
 30
0.0
 11
18.988831175456852
 21
7.149999999999998
 31
0.0
  0
LINE
  5
D5F
330
17
100
AcDbEntity
  8
hatch
100
AcDbLine
 10
18.65598846298223
 20
7.099999999999996
 30
0.0
 11
18.70598846298223
 21
7.149999999999997
 31
0.0
  0
LINE
  5
D60
330
17
100
AcDbEntity
  8
hatch
100
AcDbLine
 10
18.37314575050761
 20
7.099999999999998
 30
0.0
 11
18.423145750507615
 21
7.149999999999999
 31
0.0
  0
LINE
  5
D61
330
17
100
AcDbEntity
  8
hatch
100
AcDbLine
 10
18.090303038032992
 20
7.099999999999999
 30
0.0
 11
18.14030303803299
 21
7.149999999999998
 31
0.0
  0
LINE
  5
D62
330
17
100
AcDbEntity
  8
hatch
100
AcDbLine
 10
17.807460325558374
 20
7.099999999999999
 30
0.0
 11
17.85746032555837
 21
7.149999999999998
 31
0.0
  0
LINE
  5
D63
330
17
100
AcDbEntity
  8
hatch
100
AcDbLine
 10
17.524617613083755
 20
7.099999999999995
 30
0.0
 11
17.574617613083756
 21
7.149999999999998
 31
0.0
  0
LINE
  5
D64
330
17
100
AcDbEntity
  8
hatch
100
AcDbLine
 10
17.241774900609133
 20
7.099999999999998
 30
0.0
 11
17.291774900609134
 21
7.149999999999997
 31
0.0
  0
LINE
  5
D65
330
17
100
AcDbEntity
  8
hatch
100
AcDbLine
 10
16.958932188134515
 20
7.099999999999998
 30
0.0
 11
17.00893218813452
 21
7.15
 31
0.0
  0
LINE
  5
D66
330
17
100
AcDbEntity
  8
hatch
100
AcDbLine
 10
16.676089475659897
 20
7.099999999999998
 30
0.0
 11
16.726089475659897
 21
7.149999999999997
 31
0.0
  0
LINE
  5
D67
330
17
100
AcDbEntity
  8
hatch
100
AcDbLine
 10
16.393246763185278
 20
7.099999999999999
 30
0.0
 11
16.44324676318528
 21
7.1499999999999995
 31
0.0
  0
LINE
  5
D68
330
17
100
AcDbEntity
  8
hatch
100
AcDbLine
 10
16.110404050710656
 20
7.099999999999997
 30
0.0
 11
16.16040405071066
 21
7.1499999999999995
 31
0.0
  0
LINE
  5
D69
330
17
100
AcDbEntity
  8
hatch
100
AcDbLine
 10
15.82756133823604
 20
7.099999999999998
 30
0.0
 11
15.877561338236038
 21
7.149999999999997
 31
0.0
  0
LINE
  5
D6A
330
17
100
AcDbEntity
  8
hatch
100
AcDbLine
 10
15.544718625761421
 20
7.099999999999997
 30
0.0
 11
15.594718625761423
 21
7.1499999999999995
 31
0.0
  0
LINE
  5
D6B
330
17
100
AcDbEntity
  8
hatch
100
AcDbLine
 10
15.2618759132868
 20
7.099999999999998
 30
0.0
 11
15.311875913286801
 21
7.149999999999999
 31
0.0
  0
LINE
  5
D6C
330
17
100
AcDbEntity
  8
hatch
100
AcDbLine
 10
14.979033200812182
 20
7.099999999999998
 30
0.0
 11
15.029033200812183
 21
7.149999999999999
 31
0.0
  0
LINE
  5
D6D
330
17
100
AcDbEntity
  8
hatch
100
AcDbLine
 10
14.696190488337562
 20
7.099999999999996
 30
0.0
 11
14.746190488337565
 21
7.149999999999999
 31
0.0
  0
LINE
  5
D6E
330
17
100
AcDbEntity
  8
hatch
100
AcDbLine
 10
14.413347775862944
 20
7.099999999999997
 30
0.0
 11
14.463347775862944
 21
7.149999999999998
 31
0.0
  0
LINE
  5
D6F
330
17
100
AcDbEntity
  8
hatch
100
AcDbLine
 10
14.130505063388325
 20
7.099999999999997
 30
0.0
 11
14.180505063388326
 21
7.149999999999998
 31
0.0
  0
LINE
  5
D70
330
17
100
AcDbEntity
  8
hatch
100
AcDbLine
 10
13.847662350913707
 20
7.099999999999998
 30
0.0
 11
13.897662350913707
 21
7.149999999999999
 31
0.0
  0
LINE
  5
D71
330
17
100
AcDbEntity
  8
hatch
100
AcDbLine
 10
13.564819638439086
 20
7.099999999999996
 30
0.0
 11
13.614819638439089
 21
7.149999999999999
 31
0.0
  0
LINE
  5
D72
330
17
100
AcDbEntity
  8
hatch
100
AcDbLine
 10
13.281976925964468
 20
7.099999999999996
 30
0.0
 11
13.331976925964469
 21
7.149999999999999
 31
0.0
  0
LINE
  5
D73
330
17
100
AcDbEntity
  8
hatch
100
AcDbLine
 10
12.999134213489848
 20
7.099999999999997
 30
0.0
 11
13.04913421348985
 21
7.1499999999999995
 31
0.0
  0
LINE
  5
D74
330
17
100
AcDbEntity
  8
hatch
100
AcDbLine
 10
12.716291501015231
 20
7.099999999999998
 30
0.0
 11
12.766291501015232
 21
7.149999999999999
 31
0.0
  0
LINE
  5
D75
330
17
100
AcDbEntity
  8
hatch
100
AcDbLine
 10
12.43344878854061
 20
7.1
 30
0.0
 11
12.483448788540612
 21
7.149999999999999
 31
0.0
  0
LINE
  5
D76
330
17
100
AcDbEntity
  8
hatch
100
AcDbLine
 10
12.150606076065994
 20
7.1
 30
0.0
 11
12.200606076065993
 21
7.149999999999999
 31
0.0
  0
LINE
  5
D77
330
17
100
AcDbEntity
  8
hatch
100
AcDbLine
 10
11.867763363591376
 20
7.1
 30
0.0
 11
11.917763363591375
 21
7.149999999999999
 31
0.0
  0
LINE
  5
D78
330
17
100
AcDbEntity
  8
hatch
100
AcDbLine
 10
11.584920651116754
 20
7.099999999999998
 30
0.0
 11
11.634920651116754
 21
7.149999999999999
 31
0.0
  0
LINE
  5
D79
330
17
100
AcDbEntity
  8
hatch
100
AcDbLine
 10
11.302077938642137
 20
7.099999999999998
 30
0.0
 11
11.352077938642138
 21
7.149999999999999
 31
0.0
  0
LINE
  5
D7A
330
17
100
AcDbEntity
  8
hatch
100
AcDbLine
 10
11.019235226167517
 20
7.099999999999999
 30
0.0
 11
11.069235226167516
 21
7.149999999999998
 31
0.0
  0
LINE
  5
D7B
330
17
100
AcDbEntity
  8
hatch
100
AcDbLine
 10
10.736392513692898
 20
7.099999999999999
 30
0.0
 11
10.786392513692897
 21
7.1499999999999995
 31
0.0
  0
LINE
  5
D7C
330
17
100
AcDbEntity
  8
hatch
100
AcDbLine
 10
10.453549801218278
 20
7.099999999999998
 30
0.0
 11
10.503549801218279
 21
7.149999999999999
 31
0.0
  0
LINE
  5
D7D
330
17
100
AcDbEntity
  8
hatch
100
AcDbLine
 10
10.17070708874366
 20
7.099999999999998
 30
0.0
 11
10.22070708874366
 21
7.149999999999999
 31
0.0
  0
LINE
  5
D7E
330
17
100
AcDbEntity
  8
hatch
100
AcDbLine
 10
9.887864376269041
 20
7.099999999999998
 30
0.0
 11
9.937864376269042
 21
7.149999999999999
 31
0.0
  0
LINE
  5
D7F
330
17
100
AcDbEntity
  8
hatch
100
AcDbLine
 10
9.605021663794421
 20
7.099999999999999
 30
0.0
 11
9.65502166379442
 21
7.1499999999999995
 31
0.0
  0
LINE
  5
D80
330
17
100
AcDbEntity
  8
hatch
100
AcDbLine
 10
9.322178951319803
 20
7.099999999999999
 30
0.0
 11
9.372178951319803
 21
7.1499999999999995
 31
0.0
  0
LINE
  5
D81
330
17
100
AcDbEntity
  8
hatch
100
AcDbLine
 10
9.039336238845182
 20
7.099999999999998
 30
0.0
 11
9.089336238845185
 21
7.15
 31
0.0
  0
LINE
  5
D82
330
17
100
AcDbEntity
  8
hatch
100
AcDbLine
 10
8.756493526370564
 20
7.099999999999998
 30
0.0
 11
8.806493526370565
 21
7.1499999999999995
 31
0.0
  0
LINE
  5
D83
330
17
100
AcDbEntity
  8
hatch
100
AcDbLine
 10
8.473650813895945
 20
7.099999999999998
 30
0.0
 11
8.523650813895946
 21
7.149999999999999
 31
0.0
  0
LINE
  5
D84
330
17
100
AcDbEntity
  8
hatch
100
AcDbLine
 10
8.190808101421327
 20
7.1
 30
0.0
 11
8.240808101421326
 21
7.1499999999999995
 31
0.0
  0
LINE
  5
D85
330
17
100
AcDbEntity
  8
hatch
100
AcDbLine
 10
7.9079653889467085
 20
7.099999999999999
 30
0.0
 11
7.957965388946708
 21
7.149999999999999
 31
0.0
  0
LINE
  5
D86
330
17
100
AcDbEntity
  8
hatch
100
AcDbLine
 10
7.6251226764720865
 20
7.099999999999998
 30
0.0
 11
7.675122676472087
 21
7.1499999999999995
 31
0.0
  0
LINE
  5
D87
330
17
100
AcDbEntity
  8
hatch
100
AcDbLine
 10
7.342279963997469
 20
7.099999999999998
 30
0.0
 11
7.392279963997471
 21
7.149999999999999
 31
0.0
  0
LINE
  5
D88
330
17
100
AcDbEntity
  8
hatch
100
AcDbLine
 10
7.0594372515228505
 20
7.099999999999998
 30
0.0
 11
7.109437251522852
 21
7.149999999999999
 31
0.0
  0
LINE
  5
D89
330
17
100
AcDbEntity
  8
hatch
100
AcDbLine
 10
6.776594539048231
 20
7.099999999999999
 30
0.0
 11
6.826594539048232
 21
7.149999999999999
 31
0.0
  0
LINE
  5
D8A
330
17
100
AcDbEntity
  8
hatch
100
AcDbLine
 10
6.493751826573614
 20
7.1
 30
0.0
 11
6.543751826573613
 21
7.1499999999999995
 31
0.0
  0
LINE
  5
D8B
330
17
100
AcDbEntity
  8
hatch
100
AcDbLine
 10
6.210909114098992
 20
7.099999999999998
 30
0.0
 11
6.260909114098993
 21
7.149999999999999
 31
0.0
  0
LINE
  5
D8C
330
17
100
AcDbEntity
  8
hatch
100
AcDbLine
 10
5.928066401624373
 20
7.099999999999998
 30
0.0
 11
5.978066401624375
 21
7.1499999999999995
 31
0.0
  0
LINE
  5
D8D
330
17
100
AcDbEntity
  8
hatch
100
AcDbLine
 10
5.645223689149756
 20
7.099999999999999
 30
0.0
 11
5.695223689149756
 21
7.1499999999999995
 31
0.0
  0
LINE
  5
D8E
330
17
100
AcDbEntity
  8
hatch
100
AcDbLine
 10
5.362380976675136
 20
7.1
 30
0.0
 11
5.412380976675136
 21
7.1499999999999995
 31
0.0
  0
LINE
  5
D8F
330
17
100
AcDbEntity
  8
hatch
100
AcDbLine
 10
5.079538264200519
 20
7.1
 30
0.0
 11
5.129538264200518
 21
7.149999999999999
 31
0.0
  0
LINE
  5
D90
330
17
100
AcDbEntity
  8
hatch
100
AcDbLine
 10
4.796695551725897
 20
7.099999999999998
 30
0.0
 11
4.846695551725897
 21
7.1499999999999995
 31
0.0
  0
LINE
  5
D91
330
17
100
AcDbEntity
  8
hatch
100
AcDbLine
 10
4.513852839251279
 20
7.099999999999998
 30
0.0
 11
4.56385283925128
 21
7.149999999999999
 31
0.0
  0
LINE
  5
D92
330
17
100
AcDbEntity
  8
hatch
100
AcDbLine
 10
4.231010126776661
 20
7.099999999999998
 30
0.0
 11
4.281010126776662
 21
7.149999999999999
 31
0.0
  0
LINE
  5
D93
330
17
100
AcDbEntity
  8
hatch
100
AcDbLine
 10
3.9481674143020413
 20
7.1
 30
0.0
 11
3.998167414302041
 21
7.149999999999999
 31
0.0
  0
LINE
  5
D94
330
17
100
AcDbEntity
  8
hatch
100
AcDbLine
 10
3.665324701827423
 20
7.099999999999999
 30
0.0
 11
3.7153247018274236
 21
7.1499999999999995
 31
0.0
  0
LINE
  5
D95
330
17
100
AcDbEntity
  8
hatch
100
AcDbLine
 10
3.3824819893528026
 20
7.1
 30
0.0
 11
3.4324819893528025
 21
7.149999999999999
 31
0.0
  0
LINE
  5
D96
330
17
100
AcDbEntity
  8
hatch
100
AcDbLine
 10
3.099639276878184
 20
7.099999999999999
 30
0.0
 11
3.149639276878185
 21
7.1499999999999995
 31
0.0
  0
LINE
  5
D97
330
17
100
AcDbEntity
  8
hatch
100
AcDbLine
 10
2.816796564403566
 20
7.099999999999999
 30
0.0
 11
2.866796564403567
 21
7.1499999999999995
 31
0.0
  0
LINE
  5
D98
330
17
100
AcDbEntity
  8
hatch
100
AcDbLine
 10
2.533953851928946
 20
7.099999999999999
 30
0.0
 11
2.5839538519289467
 21
7.1499999999999995
 31
0.0
  0
LINE
  5
D99
330
17
100
AcDbEntity
  8
hatch
100
AcDbLine
 10
2.2511111394543275
 20
7.099999999999999
 30
0.0
 11
2.301111139454328
 21
7.1499999999999995
 31
0.0
  0
LINE
  5
D9A
330
17
100
AcDbEntity
  8
hatch
100
AcDbLine
 10
1.9682684269797073
 20
7.099999999999999
 30
0.0
 11
2.018268426979708
 21
7.1499999999999995
 31
0.0
  0
LINE
  5
D9B
330
17
100
AcDbEntity
  8
hatch
100
AcDbLine
 10
1.6854257145050888
 20
7.099999999999999
 30
0.0
 11
1.7354257145050895
 21
7.1499999999999995
 31
0.0
  0
LINE
  5
D9C
330
17
100
AcDbEntity
  8
hatch
100
AcDbLine
 10
1.4025830020304708
 20
7.1
 30
0.0
 11
1.4525830020304715
 21
7.149999999999999
 31
0.0
  0
LINE
  5
D9D
330
17
100
AcDbEntity
  8
hatch
100
AcDbLine
 10
1.1197402895558533
 20
7.1
 30
0.0
 11
1.1697402895558522
 21
7.149999999999999
 31
0.0
  0
LINE
  5
D9E
330
17
100
AcDbEntity
  8
hatch
100
AcDbLine
 10
0.8368975770812299
 20
7.1
 30
0.0
 11
0.8868975770812288
 21
7.149999999999999
 31
0.0
  0
LINE
  5
D9F
330
17
100
AcDbEntity
  8
hatch
100
AcDbLine
 10
0.5540548646066124
 20
7.099999999999999
 30
0.0
 11
0.604054864606614
 21
7.15
 31
0.0
  0
LINE
  5
DA0
330
17
100
AcDbEntity
  8
hatch
100
AcDbLine
 10
0.2712121521319939
 20
7.1
 30
0.0
 11
0.3212121521319933
 21
7.149999999999999
 31
0.0
  0
LINE
  5
DA1
330
17
100
AcDbEntity
  8
hatch
100
AcDbLine
 10
-0.011630560342623664
 20
7.099999999999999
 30
0.0
 11
0.038369439657377935
 21
7.15
 31
0.0
  0
LWPOLYLINE
  5
DA2
330
17
100
AcDbEntity
  8
muro-corte
100
AcDbPolyline
 90
4
 70
1
 10
-0.030000000000001137
 20
7.1
 10
24.029999999999994
 20
7.1
 10
24.029999999999994
 20
7.15
 10
-0.030000000000001137
 20
7.15
  0
LINE
  5
DA3
330
17
100
AcDbEntity
  8
carpinteria
100
AcDbLine
 10
0.5399999999999977
 20
-0.45
 30
0.0
 11
0.5399999999999977
 21
6.9
 31
0.0
  0
LINE
  5
DA4
330
17
100
AcDbEntity
  8
carpinteria
100
AcDbLine
 10
0.6600000000000023
 20
-0.45
 30
0.0
 11
0.6600000000000023
 21
6.9
 31
0.0
  0
LINE
  5
DA5
330
17
100
AcDbEntity
  8
carpinteria
100
AcDbLine
 10
0.5399999999999977
 20
6.9
 30
0.0
 11
0.6600000000000023
 21
6.9
 31
0.0
  0
LINE
  5
DA6
330
17
100
AcDbEntity
  8
carpinteria
100
AcDbLine
 10
23.339999999999996
 20
-0.45
 30
0.0
 11
23.339999999999996
 21
6.9
 31
0.0
  0
LINE
  5
DA7
330
17
100
AcDbEntity
  8
carpinteria
100
AcDbLine
 10
23.45999999999999
 20
-0.45
 30
0.0
 11
23.45999999999999
 21
6.9
 31
0.0
  0
LINE
  5
DA8
330
17
100
AcDbEntity
  8
carpinteria
100
AcDbLine
 10
23.339999999999996
 20
6.9
 30
0.0
 11
23.45999999999999
 21
6.9
 31
0.0
  0
TEXT
  5
DA9
330
17
100
AcDbEntity
  8
texto-suave
100
AcDbText
 10
12.0
 20
6.65
 30
0.0
 40
0.18
  1
MURO DE ALBAÑILERÍA TARRAJEADO Y PINTADO
 72
1
 11
12.0
 21
6.65
 31
0.0
100
AcDbText
  0
TEXT
  5
DAA
330
17
100
AcDbEntity
  8
texto-suave
100
AcDbText
 10
12.0
 20
-0.3
 30
0.0
 40
0.17
  1
SOBRECIMIENTO DE CONCRETO 1:8 + 25% P.M.
 72
1
 11
12.0
 21
-0.3
 31
0.0
100
AcDbText
  0
LINE
  5
DAB
330
17
100
AcDbEntity
  8
nivel
100
AcDbLine
 10
17.35
 20
-19.0
 30
0.0
 11
15.850000000000001
 21
-19.0
 31
0.0
  0
LWPOLYLINE
  5
DAC
330
17
100
AcDbEntity
  8
nivel
100
AcDbPolyline
 90
3
 70
1
 10
17.35
 20
-19.0
 10
17.215
 20
-18.9175
 10
17.215
 20
-19.0825
  0
LWPOLYLINE
  5
DAD
330
17
100
AcDbEntity
  8
nivel
100
AcDbPolyline
 90
3
 70
1
 10
17.35
 20
-19.0
 10
17.215
 20
-18.9175
 10
17.215
 20
-19.0825
  0
LINE
  5
DAE
330
17
100
AcDbEntity
  8
hatch
100
AcDbLine
 10
17.215
 20
-18.99357864376269
 30
0.0
 11
17.26222122716305
 21
-18.94635741659964
 31
0.0
  0
TEXT
  5
DAF
330
17
100
AcDbEntity
  8
texto
100
AcDbText
 10
17.125
 20
-18.94
 30
0.0
 40
0.105
  1
±0,00
 72
2
100
AcDbText
  0
LINE
  5
DB0
330
17
100
AcDbEntity
  8
nivel
100
AcDbLine
 10
17.35
 20
-17.375
 30
0.0
 11
15.850000000000001
 21
-17.375
 31
0.0
  0
LWPOLYLINE
  5
DB1
330
17
100
AcDbEntity
  8
nivel
100
AcDbPolyline
 90
3
 70
1
 10
17.35
 20
-17.375
 10
17.215
 20
-17.2925
 10
17.215
 20
-17.4575
  0
LWPOLYLINE
  5
DB2
330
17
100
AcDbEntity
  8
nivel
100
AcDbPolyline
 90
3
 70
1
 10
17.35
 20
-17.375
 10
17.215
 20
-17.2925
 10
17.215
 20
-17.4575
  0
LINE
  5
DB3
330
17
100
AcDbEntity
  8
hatch
100
AcDbLine
 10
17.215
 20
-17.36857864376269
 30
0.0
 11
17.262221227163046
 21
-17.321357416599643
 31
0.0
  0
TEXT
  5
DB4
330
17
100
AcDbEntity
  8
texto
100
AcDbText
 10
17.125
 20
-17.315
 30
0.0
 40
0.105
  1
+3,25
 72
2
100
AcDbText
  0
LINE
  5
DB5
330
17
100
AcDbEntity
  8
nivel
100
AcDbLine
 10
17.35
 20
-15.9
 30
0.0
 11
15.850000000000001
 21
-15.9
 31
0.0
  0
LWPOLYLINE
  5
DB6
330
17
100
AcDbEntity
  8
nivel
100
AcDbPolyline
 90
3
 70
1
 10
17.35
 20
-15.9
 10
17.215
 20
-15.817500000000003
 10
17.215
 20
-15.9825
  0
LWPOLYLINE
  5
DB7
330
17
100
AcDbEntity
  8
nivel
100
AcDbPolyline
 90
3
 70
1
 10
17.35
 20
-15.9
 10
17.215
 20
-15.817500000000003
 10
17.215
 20
-15.9825
  0
LINE
  5
DB8
330
17
100
AcDbEntity
  8
hatch
100
AcDbLine
 10
17.215
 20
-15.893578643762691
 30
0.0
 11
17.26222122716305
 21
-15.846357416599641
 31
0.0
  0
TEXT
  5
DB9
330
17
100
AcDbEntity
  8
texto
100
AcDbText
 10
17.125
 20
-15.840000000000002
 30
0.0
 40
0.105
  1
+6,20
 72
2
100
AcDbText
  0
LINE
  5
DBA
330
17
100
AcDbEntity
  8
nivel
100
AcDbLine
 10
17.35
 20
-15.425
 30
0.0
 11
15.850000000000001
 21
-15.425
 31
0.0
  0
LWPOLYLINE
  5
DBB
330
17
100
AcDbEntity
  8
nivel
100
AcDbPolyline
 90
3
 70
1
 10
17.35
 20
-15.425
 10
17.215
 20
-15.342500000000001
 10
17.215
 20
-15.5075
  0
LWPOLYLINE
  5
DBC
330
17
100
AcDbEntity
  8
nivel
100
AcDbPolyline
 90
3
 70
1
 10
17.35
 20
-15.425
 10
17.215
 20
-15.342500000000001
 10
17.215
 20
-15.5075
  0
LINE
  5
DBD
330
17
100
AcDbEntity
  8
hatch
100
AcDbLine
 10
17.214999999999996
 20
-15.418578643762688
 30
0.0
 11
17.262221227163046
 21
-15.37135741659964
 31
0.0
  0
TEXT
  5
DBE
330
17
100
AcDbEntity
  8
texto
100
AcDbText
 10
17.125
 20
-15.365000000000002
 30
0.0
 40
0.105
  1
+7,15
 72
2
100
AcDbText
  0
LINE
  5
DBF
330
17
100
AcDbEntity
  8
nivel
100
AcDbLine
 10
17.35
 20
-15.230000000000002
 30
0.0
 11
15.850000000000001
 21
-15.230000000000002
 31
0.0
  0
LWPOLYLINE
  5
DC0
330
17
100
AcDbEntity
  8
nivel
100
AcDbPolyline
 90
3
 70
1
 10
17.35
 20
-15.230000000000002
 10
17.215
 20
-15.147500000000003
 10
17.215
 20
-15.3125
  0
LWPOLYLINE
  5
DC1
330
17
100
AcDbEntity
  8
nivel
100
AcDbPolyline
 90
3
 70
1
 10
17.35
 20
-15.230000000000002
 10
17.215
 20
-15.147500000000003
 10
17.215
 20
-15.3125
  0
LINE
  5
DC2
330
17
100
AcDbEntity
  8
hatch
100
AcDbLine
 10
17.215
 20
-15.223578643762693
 30
0.0
 11
17.26222122716305
 21
-15.176357416599643
 31
0.0
  0
TEXT
  5
DC3
330
17
100
AcDbEntity
  8
texto
100
AcDbText
 10
17.125
 20
-15.170000000000002
 30
0.0
 40
0.095
  1
ALBARDILLA
 72
2
100
AcDbText
  0
LINE
  5
DC4
330
17
100
AcDbEntity
  8
nivel
100
AcDbLine
 10
30.175
 20
-19.225
 30
0.0
 11
31.475
 21
-19.225
 31
0.0
  0
LWPOLYLINE
  5
DC5
330
17
100
AcDbEntity
  8
nivel
100
AcDbPolyline
 90
3
 70
1
 10
30.175
 20
-19.225
 10
30.310000000000002
 20
-19.142500000000002
 10
30.310000000000002
 20
-19.3075
  0
LWPOLYLINE
  5
DC6
330
17
100
AcDbEntity
  8
nivel
100
AcDbPolyline
 90
3
 70
1
 10
30.175
 20
-19.225
 10
30.310000000000002
 20
-19.142500000000002
 10
30.310000000000002
 20
-19.3075
  0
LINE
  5
DC7
330
17
100
AcDbEntity
  8
hatch
100
AcDbLine
 10
30.222221227163047
 20
-19.25385741659964
 30
0.0
 11
30.310000000000002
 21
-19.166078643762685
 31
0.0
  0
TEXT
  5
DC8
330
17
100
AcDbEntity
  8
texto
100
AcDbText
 10
30.400000000000002
 20
-19.165000000000003
 30
0.0
 40
0.105
  1
NTN -0,45
100
AcDbText
  0
LINE
  5
DC9
330
17
100
AcDbEntity
  8
cota
100
AcDbLine
 10
18.0
 20
-19.075
 30
0.0
 11
18.0
 21
-18.075
 31
0.0
  0
LINE
  5
DCA
330
17
100
AcDbEntity
  8
cota
100
AcDbLine
 10
30.0
 20
-19.075
 30
0.0
 11
30.0
 21
-18.075
 31
0.0
  0
LINE
  5
DCB
330
17
100
AcDbEntity
  8
cota
100
AcDbLine
 10
18.0
 20
-18.0
 30
0.0
 11
30.0
 21
-18.0
 31
0.0
  0
LINE
  5
DCC
330
17
100
AcDbEntity
  8
cota
100
AcDbLine
 10
17.925
 20
-18.075
 30
0.0
 11
18.075
 21
-17.925
 31
0.0
  0
LINE
  5
DCD
330
17
100
AcDbEntity
  8
cota
100
AcDbLine
 10
29.925
 20
-18.075
 30
0.0
 11
30.075000000000003
 21
-17.925
 31
0.0
  0
TEXT
  5
DCE
330
17
100
AcDbEntity
  8
cota-texto
100
AcDbText
 10
24.0
 20
-17.945
 30
0.0
 40
0.125
  1
24,00
 72
1
 11
24.0
 21
-17.945
 31
0.0
100
AcDbText
  0
LINE
  5
DCF
330
17
100
AcDbEntity
  8
cota
100
AcDbLine
 10
18.0
 20
-19.075
 30
0.0
 11
18.0
 21
-18.525000000000002
 31
0.0
  0
LINE
  5
DD0
330
17
100
AcDbEntity
  8
cota
100
AcDbLine
 10
17.775000000000002
 20
-19.075
 30
0.0
 11
17.775000000000002
 21
-18.525000000000002
 31
0.0
  0
LINE
  5
DD1
330
17
100
AcDbEntity
  8
cota
100
AcDbLine
 10
18.0
 20
-18.45
 30
0.0
 11
17.775000000000002
 21
-18.45
 31
0.0
  0
LINE
  5
DD2
330
17
100
AcDbEntity
  8
cota
100
AcDbLine
 10
17.925
 20
-18.525000000000002
 30
0.0
 11
18.075
 21
-18.375
 31
0.0
  0
LINE
  5
DD3
330
17
100
AcDbEntity
  8
cota
100
AcDbLine
 10
17.7
 20
-18.525000000000002
 30
0.0
 11
17.85
 21
-18.375
 31
0.0
  0
TEXT
  5
DD4
330
17
100
AcDbEntity
  8
cota-texto
100
AcDbText
 10
17.8875
 20
-18.395
 30
0.0
 40
0.09
  1
0,45
 72
1
 11
17.8875
 21
-18.395
 31
0.0
100
AcDbText
  0
TEXT
  5
DD5
330
17
100
AcDbEntity
  8
texto
100
AcDbText
 10
17.400000000000002
 20
-13.600000000000001
 30
0.0
 40
0.16
  1
FACHADA NORTE (BAJA Y ALTA)
100
AcDbText
  0
LINE
  5
DD6
330
17
100
AcDbEntity
  8
marco-medio
100
AcDbLine
 10
17.400000000000002
 20
-13.730000000000002
 30
0.0
 11
26.400000000000002
 21
-13.730000000000002
 31
0.0
  0
TEXT
  5
DD7
330
17
100
AcDbEntity
  8
texto-suave
100
AcDbText
 10
26.400000000000002
 20
-13.600000000000001
 30
0.0
 40
0.11000000000000001
  1
E 1:100
 72
2
100
AcDbText
  0
TEXT
  5
DD8
330
17
100
AcDbEntity
  8
texto-suave
100
AcDbText
 10
17.400000000000002
 20
-13.880000000000003
 30
0.0
 40
0.1
  1
Ventanas de dormitorios en los dos niveles
100
AcDbText
  0
LWPOLYLINE
  5
DD9
330
17
100
AcDbEntity
  8
marco-fino
100
AcDbPolyline
 90
4
 70
1
 10
-8.000000000000023
 20
-8.000000000000023
 10
108.0
 20
-8.000000000000023
 10
108.0
 20
108.0
 10
-8.000000000000023
 20
108.0
  0
LWPOLYLINE
  5
DDA
330
17
100
AcDbEntity
  8
edificio
100
AcDbPolyline
 90
4
 70
1
 10
12.0
 20
78.0
 10
48.0
 20
78.0
 10
48.0
 20
92.00000000000001
 10
12.0
 20
92.00000000000001
  0
LINE
  5
DDB
330
17
100
AcDbEntity
  8
hatch
100
AcDbLine
 10
46.30294372515229
 20
78.0
 30
0.0
 11
48.00000000000001
 21
79.69705627484772
 31
0.0
  0
LINE
  5
DDC
330
17
100
AcDbEntity
  8
hatch
100
AcDbLine
 10
44.60588745030457
 20
78.0
 30
0.0
 11
48.00000000000001
 21
81.39411254969544
 31
0.0
  0
LINE
  5
DDD
330
17
100
AcDbEntity
  8
hatch
100
AcDbLine
 10
42.90883117545687
 20
78.00000000000001
 30
0.0
 11
48.0
 21
83.09116882454315
 31
0.0
  0
LINE
  5
DDE
330
17
100
AcDbEntity
  8
hatch
100
AcDbLine
 10
41.21177490060916
 20
78.0
 30
0.0
 11
48.0
 21
84.78822509939086
 31
0.0
  0
LINE
  5
DDF
330
17
100
AcDbEntity
  8
hatch
100
AcDbLine
 10
39.51471862576143
 20
78.0
 30
0.0
 11
48.0
 21
86.48528137423857
 31
0.0
  0
LINE
  5
DE0
330
17
100
AcDbEntity
  8
hatch
100
AcDbLine
 10
37.81766235091372
 20
78.0
 30
0.0
 11
48.0
 21
88.18233764908628
 31
0.0
  0
LINE
  5
DE1
330
17
100
AcDbEntity
  8
hatch
100
AcDbLine
 10
36.120606076066004
 20
78.0
 30
0.0
 11
48.0
 21
89.87939392393399
 31
0.0
  0
LINE
  5
DE2
330
17
100
AcDbEntity
  8
hatch
100
AcDbLine
 10
34.423549801218286
 20
78.0
 30
0.0
 11
48.0
 21
91.57645019878171
 31
0.0
  0
LINE
  5
DE3
330
17
100
AcDbEntity
  8
hatch
100
AcDbLine
 10
32.72649352637059
 20
78.0
 30
0.0
 11
46.72649352637059
 21
92.0
 31
0.0
  0
LINE
  5
DE4
330
17
100
AcDbEntity
  8
hatch
100
AcDbLine
 10
31.029437251522864
 20
78.00000000000001
 30
0.0
 11
45.02943725152287
 21
92.00000000000001
 31
0.0
  0
LINE
  5
DE5
330
17
100
AcDbEntity
  8
hatch
100
AcDbLine
 10
29.332380976675157
 20
78.0
 30
0.0
 11
43.33238097667517
 21
92.0
 31
0.0
  0
LINE
  5
DE6
330
17
100
AcDbEntity
  8
hatch
100
AcDbLine
 10
27.635324701827436
 20
78.0
 30
0.0
 11
41.635324701827436
 21
92.00000000000001
 31
0.0
  0
LINE
  5
DE7
330
17
100
AcDbEntity
  8
hatch
100
AcDbLine
 10
25.938268426979715
 20
78.0
 30
0.0
 11
39.93826842697972
 21
92.0
 31
0.0
  0
LINE
  5
DE8
330
17
100
AcDbEntity
  8
hatch
100
AcDbLine
 10
24.241212152132
 20
78.0
 30
0.0
 11
38.24121215213201
 21
92.0
 31
0.0
  0
LINE
  5
DE9
330
17
100
AcDbEntity
  8
hatch
100
AcDbLine
 10
22.544155877284297
 20
78.00000000000001
 30
0.0
 11
36.5441558772843
 21
92.0
 31
0.0
  0
LINE
  5
DEA
330
17
100
AcDbEntity
  8
hatch
100
AcDbLine
 10
20.84709960243658
 20
78.0
 30
0.0
 11
34.847099602436586
 21
92.0
 31
0.0
  0
LINE
  5
DEB
330
17
100
AcDbEntity
  8
hatch
100
AcDbLine
 10
19.150043327588865
 20
78.0
 30
0.0
 11
33.15004332758886
 21
92.0
 31
0.0
  0
LINE
  5
DEC
330
17
100
AcDbEntity
  8
hatch
100
AcDbLine
 10
17.452987052741143
 20
78.0
 30
0.0
 11
31.45298705274115
 21
92.0
 31
0.0
  0
LINE
  5
DED
330
17
100
AcDbEntity
  8
hatch
100
AcDbLine
 10
15.755930777893429
 20
78.0
 30
0.0
 11
29.75593077789343
 21
92.0
 31
0.0
  0
LINE
  5
DEE
330
17
100
AcDbEntity
  8
hatch
100
AcDbLine
 10
14.058874503045729
 20
78.00000000000001
 30
0.0
 11
28.05887450304573
 21
92.00000000000001
 31
0.0
  0
LINE
  5
DEF
330
17
100
AcDbEntity
  8
hatch
100
AcDbLine
 10
12.361818228198011
 20
78.0
 30
0.0
 11
26.36181822819802
 21
92.0
 31
0.0
  0
LINE
  5
DF0
330
17
100
AcDbEntity
  8
hatch
100
AcDbLine
 10
12.000000000000007
 20
79.33523804664972
 30
0.0
 11
24.6647619533503
 21
92.0
 31
0.0
  0
LINE
  5
DF1
330
17
100
AcDbEntity
  8
hatch
100
AcDbLine
 10
12.0
 20
81.03229432149743
 30
0.0
 11
22.967705678502583
 21
92.0
 31
0.0
  0
LINE
  5
DF2
330
17
100
AcDbEntity
  8
hatch
100
AcDbLine
 10
11.999999999999993
 20
82.72935059634513
 30
0.0
 11
21.270649403654872
 21
92.0
 31
0.0
  0
LINE
  5
DF3
330
17
100
AcDbEntity
  8
hatch
100
AcDbLine
 10
12.0
 20
84.42640687119285
 30
0.0
 11
19.57359312880716
 21
92.00000000000001
 31
0.0
  0
LINE
  5
DF4
330
17
100
AcDbEntity
  8
hatch
100
AcDbLine
 10
11.999999999999993
 20
86.12346314604056
 30
0.0
 11
17.876536853959443
 21
92.0
 31
0.0
  0
LINE
  5
DF5
330
17
100
AcDbEntity
  8
hatch
100
AcDbLine
 10
11.999999999999993
 20
87.82051942088827
 30
0.0
 11
16.179480579111726
 21
92.0
 31
0.0
  0
LINE
  5
DF6
330
17
100
AcDbEntity
  8
hatch
100
AcDbLine
 10
11.999999999999993
 20
89.51757569573599
 30
0.0
 11
14.482424304264008
 21
92.0
 31
0.0
  0
LINE
  5
DF7
330
17
100
AcDbEntity
  8
hatch
100
AcDbLine
 10
12.0
 20
91.2146319705837
 30
0.0
 11
12.785368029416304
 21
92.00000000000001
 31
0.0
  0
LWPOLYLINE
  5
DF8
330
17
100
AcDbEntity
  8
marco-fino
100
AcDbPolyline
 90
4
 70
1
 10
12.0
 20
78.0
 10
48.0
 20
78.0
 10
48.0
 20
92.00000000000001
 10
12.0
 20
92.00000000000001
  0
LWPOLYLINE
  5
DF9
330
17
100
AcDbEntity
  8
edificio
100
AcDbPolyline
 90
4
 70
1
 10
12.0
 20
46.00000000000001
 10
32.00000000000002
 20
46.00000000000001
 10
32.00000000000002
 20
62.00000000000002
 10
12.0
 20
62.00000000000002
  0
LINE
  5
DFA
330
17
100
AcDbEntity
  8
hatch
100
AcDbLine
 10
30.302943725152307
 20
46.00000000000001
 30
0.0
 11
32.000000000000014
 21
47.69705627484772
 31
0.0
  0
LINE
  5
DFB
330
17
100
AcDbEntity
  8
hatch
100
AcDbLine
 10
28.605887450304593
 20
46.00000000000001
 30
0.0
 11
32.00000000000002
 21
49.394112549695436
 31
0.0
  0
LINE
  5
DFC
330
17
100
AcDbEntity
  8
hatch
100
AcDbLine
 10
26.908831175456875
 20
46.00000000000001
 30
0.0
 11
32.000000000000014
 21
51.091168824543146
 31
0.0
  0
LINE
  5
DFD
330
17
100
AcDbEntity
  8
hatch
100
AcDbLine
 10
25.21177490060917
 20
46.000000000000014
 30
0.0
 11
32.00000000000002
 21
52.78822509939086
 31
0.0
  0
LINE
  5
DFE
330
17
100
AcDbEntity
  8
hatch
100
AcDbLine
 10
23.51471862576145
 20
46.00000000000001
 30
0.0
 11
32.000000000000014
 21
54.48528137423858
 31
0.0
  0
LINE
  5
DFF
330
17
100
AcDbEntity
  8
hatch
100
AcDbLine
 10
21.817662350913736
 20
46.00000000000001
 30
0.0
 11
32.000000000000014
 21
56.182337649086286
 31
0.0
  0
LINE
  5
E00
330
17
100
AcDbEntity
  8
hatch
100
AcDbLine
 10
20.120606076066025
 20
46.00000000000001
 30
0.0
 11
32.000000000000014
 21
57.879393923933996
 31
0.0
  0
LINE
  5
E01
330
17
100
AcDbEntity
  8
hatch
100
AcDbLine
 10
18.423549801218307
 20
46.00000000000001
 30
0.0
 11
32.00000000000002
 21
59.57645019878172
 31
0.0
  0
LINE
  5
E02
330
17
100
AcDbEntity
  8
hatch
100
AcDbLine
 10
16.726493526370596
 20
46.00000000000001
 30
0.0
 11
32.000000000000014
 21
61.273506473629425
 31
0.0
  0
LINE
  5
E03
330
17
100
AcDbEntity
  8
hatch
100
AcDbLine
 10
15.02943725152288
 20
46.00000000000001
 30
0.0
 11
31.029437251522886
 21
62.000000000000014
 31
0.0
  0
LINE
  5
E04
330
17
100
AcDbEntity
  8
hatch
100
AcDbLine
 10
13.332380976675164
 20
46.0
 30
0.0
 11
29.332380976675182
 21
62.00000000000002
 31
0.0
  0
LINE
  5
E05
330
17
100
AcDbEntity
  8
hatch
100
AcDbLine
 10
12.0
 20
46.36467529817256
 30
0.0
 11
27.63532470182747
 21
62.00000000000003
 31
0.0
  0
LINE
  5
E06
330
17
100
AcDbEntity
  8
hatch
100
AcDbLine
 10
12.0
 20
48.061731573020275
 30
0.0
 11
25.93826842697975
 21
62.00000000000002
 31
0.0
  0
LINE
  5
E07
330
17
100
AcDbEntity
  8
hatch
100
AcDbLine
 10
12.0
 20
49.75878784786798
 30
0.0
 11
24.24121215213204
 21
62.00000000000002
 31
0.0
  0
LINE
  5
E08
330
17
100
AcDbEntity
  8
hatch
100
AcDbLine
 10
12.0
 20
51.455844122715696
 30
0.0
 11
22.544155877284325
 21
62.00000000000002
 31
0.0
  0
LINE
  5
E09
330
17
100
AcDbEntity
  8
hatch
100
AcDbLine
 10
12.0
 20
53.152900397563414
 30
0.0
 11
20.847099602436607
 21
62.000000000000014
 31
0.0
  0
LINE
  5
E0A
330
17
100
AcDbEntity
  8
hatch
100
AcDbLine
 10
11.999999999999993
 20
54.849956672411125
 30
0.0
 11
19.150043327588897
 21
62.000000000000014
 31
0.0
  0
LINE
  5
E0B
330
17
100
AcDbEntity
  8
hatch
100
AcDbLine
 10
12.0
 20
56.547012947258835
 30
0.0
 11
17.452987052741186
 21
62.000000000000014
 31
0.0
  0
LINE
  5
E0C
330
17
100
AcDbEntity
  8
hatch
100
AcDbLine
 10
11.999999999999996
 20
58.244069222106546
 30
0.0
 11
15.755930777893472
 21
62.00000000000002
 31
0.0
  0
LINE
  5
E0D
330
17
100
AcDbEntity
  8
hatch
100
AcDbLine
 10
11.999999999999993
 20
59.94112549695427
 30
0.0
 11
14.05887450304575
 21
62.00000000000003
 31
0.0
  0
LINE
  5
E0E
330
17
100
AcDbEntity
  8
hatch
100
AcDbLine
 10
11.999999999999996
 20
61.63818177180198
 30
0.0
 11
12.361818228198036
 21
62.00000000000002
 31
0.0
  0
LWPOLYLINE
  5
E0F
330
17
100
AcDbEntity
  8
marco-fino
100
AcDbPolyline
 90
4
 70
1
 10
12.0
 20
46.00000000000001
 10
32.00000000000002
 20
46.00000000000001
 10
32.00000000000002
 20
62.00000000000002
 10
12.0
 20
62.00000000000002
  0
LWPOLYLINE
  5
E10
330
17
100
AcDbEntity
  8
edificio
100
AcDbPolyline
 90
4
 70
1
 10
51.99999999999997
 20
44.00000000000002
 10
75.99999999999997
 20
44.00000000000002
 10
75.99999999999997
 20
53.60000000000002
 10
51.99999999999997
 20
53.60000000000002
  0
LINE
  5
E11
330
17
100
AcDbEntity
  8
hatch
100
AcDbLine
 10
74.30294372515226
 20
44.00000000000003
 30
0.0
 11
75.99999999999997
 21
45.69705627484774
 31
0.0
  0
LINE
  5
E12
330
17
100
AcDbEntity
  8
hatch
100
AcDbLine
 10
72.60588745030455
 20
44.00000000000003
 30
0.0
 11
75.99999999999997
 21
47.39411254969545
 31
0.0
  0
LINE
  5
E13
330
17
100
AcDbEntity
  8
hatch
100
AcDbLine
 10
70.90883117545683
 20
44.00000000000002
 30
0.0
 11
75.99999999999997
 21
49.09116882454317
 31
0.0
  0
LINE
  5
E14
330
17
100
AcDbEntity
  8
hatch
100
AcDbLine
 10
69.21177490060911
 20
44.00000000000002
 30
0.0
 11
75.99999999999997
 21
50.78822509939088
 31
0.0
  0
LINE
  5
E15
330
17
100
AcDbEntity
  8
hatch
100
AcDbLine
 10
67.5147186257614
 20
44.00000000000003
 30
0.0
 11
75.99999999999996
 21
52.485281374238596
 31
0.0
  0
LINE
  5
E16
330
17
100
AcDbEntity
  8
hatch
100
AcDbLine
 10
65.81766235091368
 20
44.00000000000003
 30
0.0
 11
75.41766235091367
 21
53.60000000000002
 31
0.0
  0
LINE
  5
E17
330
17
100
AcDbEntity
  8
hatch
100
AcDbLine
 10
64.12060607606597
 20
44.00000000000002
 30
0.0
 11
73.72060607606596
 21
53.600000000000016
 31
0.0
  0
LINE
  5
E18
330
17
100
AcDbEntity
  8
hatch
100
AcDbLine
 10
62.42354980121826
 20
44.00000000000002
 30
0.0
 11
72.02354980121825
 21
53.60000000000002
 31
0.0
  0
LINE
  5
E19
330
17
100
AcDbEntity
  8
hatch
100
AcDbLine
 10
60.72649352637055
 20
44.000000000000014
 30
0.0
 11
70.32649352637054
 21
53.60000000000002
 31
0.0
  0
LINE
  5
E1A
330
17
100
AcDbEntity
  8
hatch
100
AcDbLine
 10
59.02943725152282
 20
44.00000000000002
 30
0.0
 11
68.62943725152283
 21
53.60000000000002
 31
0.0
  0
LINE
  5
E1B
330
17
100
AcDbEntity
  8
hatch
100
AcDbLine
 10
57.33238097667511
 20
44.000000000000014
 30
0.0
 11
66.93238097667512
 21
53.600000000000016
 31
0.0
  0
LINE
  5
E1C
330
17
100
AcDbEntity
  8
hatch
100
AcDbLine
 10
55.6353247018274
 20
44.00000000000002
 30
0.0
 11
65.2353247018274
 21
53.60000000000002
 31
0.0
  0
LINE
  5
E1D
330
17
100
AcDbEntity
  8
hatch
100
AcDbLine
 10
53.93826842697969
 20
44.00000000000002
 30
0.0
 11
63.538268426979684
 21
53.60000000000002
 31
0.0
  0
LINE
  5
E1E
330
17
100
AcDbEntity
  8
hatch
100
AcDbLine
 10
52.241212152131965
 20
44.00000000000002
 30
0.0
 11
61.841212152131966
 21
53.60000000000002
 31
0.0
  0
LINE
  5
E1F
330
17
100
AcDbEntity
  8
hatch
100
AcDbLine
 10
51.99999999999997
 20
45.45584412271574
 30
0.0
 11
60.144155877284255
 21
53.60000000000002
 31
0.0
  0
LINE
  5
E20
330
17
100
AcDbEntity
  8
hatch
100
AcDbLine
 10
51.99999999999997
 20
47.15290039756345
 30
0.0
 11
58.44709960243654
 21
53.600000000000016
 31
0.0
  0
LINE
  5
E21
330
17
100
AcDbEntity
  8
hatch
100
AcDbLine
 10
51.99999999999997
 20
48.84995667241115
 30
0.0
 11
56.75004332758883
 21
53.600000000000016
 31
0.0
  0
LINE
  5
E22
330
17
100
AcDbEntity
  8
hatch
100
AcDbLine
 10
51.99999999999997
 20
50.54701294725887
 30
0.0
 11
55.05298705274112
 21
53.60000000000002
 31
0.0
  0
LINE
  5
E23
330
17
100
AcDbEntity
  8
hatch
100
AcDbLine
 10
51.99999999999997
 20
52.24406922210659
 30
0.0
 11
53.3559307778934
 21
53.60000000000002
 31
0.0
  0
LWPOLYLINE
  5
E24
330
17
100
AcDbEntity
  8
marco-fino
100
AcDbPolyline
 90
4
 70
1
 10
51.99999999999997
 20
44.00000000000002
 10
75.99999999999997
 20
44.00000000000002
 10
75.99999999999997
 20
53.60000000000002
 10
51.99999999999997
 20
53.60000000000002
  0
LWPOLYLINE
  5
E25
330
17
100
AcDbEntity
  8
edificio
100
AcDbPolyline
 90
4
 70
1
 10
12.0
 20
13.999999999999988
 10
33.99999999999998
 20
13.999999999999988
 10
33.99999999999998
 20
30.0
 10
12.0
 20
30.0
  0
LINE
  5
E26
330
17
100
AcDbEntity
  8
hatch
100
AcDbLine
 10
32.30294372515226
 20
13.999999999999984
 30
0.0
 11
33.99999999999997
 21
15.697056274847695
 31
0.0
  0
LINE
  5
E27
330
17
100
AcDbEntity
  8
hatch
100
AcDbLine
 10
30.60588745030455
 20
13.999999999999986
 30
0.0
 11
33.99999999999998
 21
17.39411254969541
 31
0.0
  0
LINE
  5
E28
330
17
100
AcDbEntity
  8
hatch
100
AcDbLine
 10
28.90883117545684
 20
13.999999999999988
 30
0.0
 11
33.99999999999998
 21
19.091168824543125
 31
0.0
  0
LINE
  5
E29
330
17
100
AcDbEntity
  8
hatch
100
AcDbLine
 10
27.21177490060912
 20
13.999999999999986
 30
0.0
 11
33.99999999999998
 21
20.78822509939084
 31
0.0
  0
LINE
  5
E2A
330
17
100
AcDbEntity
  8
hatch
100
AcDbLine
 10
25.514718625761407
 20
13.999999999999984
 30
0.0
 11
33.99999999999998
 21
22.485281374238554
 31
0.0
  0
LINE
  5
E2B
330
17
100
AcDbEntity
  8
hatch
100
AcDbLine
 10
23.817662350913697
 20
13.999999999999986
 30
0.0
 11
33.99999999999998
 21
24.182337649086264
 31
0.0
  0
LINE
  5
E2C
330
17
100
AcDbEntity
  8
hatch
100
AcDbLine
 10
22.12060607606598
 20
13.999999999999988
 30
0.0
 11
33.99999999999998
 21
25.879393923933982
 31
0.0
  0
LINE
  5
E2D
330
17
100
AcDbEntity
  8
hatch
100
AcDbLine
 10
20.423549801218268
 20
13.999999999999986
 30
0.0
 11
33.99999999999997
 21
27.576450198781693
 31
0.0
  0
LINE
  5
E2E
330
17
100
AcDbEntity
  8
hatch
100
AcDbLine
 10
18.726493526370557
 20
13.999999999999986
 30
0.0
 11
33.99999999999998
 21
29.273506473629407
 31
0.0
  0
LINE
  5
E2F
330
17
100
AcDbEntity
  8
hatch
100
AcDbLine
 10
17.029437251522836
 20
13.999999999999986
 30
0.0
 11
33.02943725152285
 21
30.0
 31
0.0
  0
LINE
  5
E30
330
17
100
AcDbEntity
  8
hatch
100
AcDbLine
 10
15.332380976675125
 20
13.999999999999988
 30
0.0
 11
31.33238097667514
 21
29.999999999999993
 31
0.0
  0
LINE
  5
E31
330
17
100
AcDbEntity
  8
hatch
100
AcDbLine
 10
13.635324701827413
 20
13.999999999999986
 30
0.0
 11
29.635324701827425
 21
30.0
 31
0.0
  0
LINE
  5
E32
330
17
100
AcDbEntity
  8
hatch
100
AcDbLine
 10
12.0
 20
14.06173157302029
 30
0.0
 11
27.93826842697971
 21
29.999999999999996
 31
0.0
  0
LINE
  5
E33
330
17
100
AcDbEntity
  8
hatch
100
AcDbLine
 10
12.0
 20
15.758787847868005
 30
0.0
 11
26.241212152131993
 21
29.999999999999996
 31
0.0
  0
LINE
  5
E34
330
17
100
AcDbEntity
  8
hatch
100
AcDbLine
 10
12.0
 20
17.455844122715718
 30
0.0
 11
24.544155877284282
 21
29.999999999999996
 31
0.0
  0
LINE
  5
E35
330
17
100
AcDbEntity
  8
hatch
100
AcDbLine
 10
12.0
 20
19.15290039756343
 30
0.0
 11
22.847099602436565
 21
29.999999999999996
 31
0.0
  0
LINE
  5
E36
330
17
100
AcDbEntity
  8
hatch
100
AcDbLine
 10
12.0
 20
20.849956672411142
 30
0.0
 11
21.150043327588858
 21
30.0
 31
0.0
  0
LINE
  5
E37
330
17
100
AcDbEntity
  8
hatch
100
AcDbLine
 10
12.0
 20
22.547012947258857
 30
0.0
 11
19.452987052741143
 21
30.0
 31
0.0
  0
LINE
  5
E38
330
17
100
AcDbEntity
  8
hatch
100
AcDbLine
 10
12.0
 20
24.244069222106575
 30
0.0
 11
17.755930777893425
 21
30.0
 31
0.0
  0
LINE
  5
E39
330
17
100
AcDbEntity
  8
hatch
100
AcDbLine
 10
12.000000000000002
 20
25.94112549695429
 30
0.0
 11
16.058874503045708
 21
29.999999999999996
 31
0.0
  0
LINE
  5
E3A
330
17
100
AcDbEntity
  8
hatch
100
AcDbLine
 10
12.0
 20
27.638181771802
 30
0.0
 11
14.361818228197997
 21
29.999999999999996
 31
0.0
  0
LINE
  5
E3B
330
17
100
AcDbEntity
  8
hatch
100
AcDbLine
 10
12.0
 20
29.335238046649714
 30
0.0
 11
12.664761953350286
 21
30.0
 31
0.0
  0
LWPOLYLINE
  5
E3C
330
17
100
AcDbEntity
  8
marco-fino
100
AcDbPolyline
 90
4
 70
1
 10
12.0
 20
13.999999999999988
 10
33.99999999999998
 20
13.999999999999988
 10
33.99999999999998
 20
30.0
 10
12.0
 20
30.0
  0
LWPOLYLINE
  5
E3D
330
17
100
AcDbEntity
  8
edificio
100
AcDbPolyline
 90
4
 70
1
 10
39.99999999999998
 20
13.999999999999988
 10
54.0
 20
13.999999999999988
 10
54.0
 20
24.0
 10
39.99999999999998
 20
24.0
  0
LINE
  5
E3E
330
17
100
AcDbEntity
  8
hatch
100
AcDbLine
 10
52.30294372515228
 20
13.999999999999982
 30
0.0
 11
54.0
 21
15.6970562748477
 31
0.0
  0
LINE
  5
E3F
330
17
100
AcDbEntity
  8
hatch
100
AcDbLine
 10
50.60588745030457
 20
13.999999999999982
 30
0.0
 11
54.0
 21
17.39411254969541
 31
0.0
  0
LINE
  5
E40
330
17
100
AcDbEntity
  8
hatch
100
AcDbLine
 10
48.908831175456854
 20
13.99999999999999
 30
0.0
 11
54.0
 21
19.091168824543125
 31
0.0
  0
LINE
  5
E41
330
17
100
AcDbEntity
  8
hatch
100
AcDbLine
 10
47.21177490060914
 20
13.99999999999999
 30
0.0
 11
54.0
 21
20.788225099390846
 31
0.0
  0
LINE
  5
E42
330
17
100
AcDbEntity
  8
hatch
100
AcDbLine
 10
45.514718625761425
 20
13.999999999999986
 30
0.0
 11
54.0
 21
22.485281374238557
 31
0.0
  0
LINE
  5
E43
330
17
100
AcDbEntity
  8
hatch
100
AcDbLine
 10
43.81766235091372
 20
13.999999999999988
 30
0.0
 11
53.817662350913736
 21
24.000000000000007
 31
0.0
  0
LINE
  5
E44
330
17
100
AcDbEntity
  8
hatch
100
AcDbLine
 10
42.120606076066
 20
13.999999999999988
 30
0.0
 11
52.12060607606601
 21
24.0
 31
0.0
  0
LINE
  5
E45
330
17
100
AcDbEntity
  8
hatch
100
AcDbLine
 10
40.423549801218286
 20
13.99999999999999
 30
0.0
 11
50.4235498012183
 21
24.0
 31
0.0
  0
LINE
  5
E46
330
17
100
AcDbEntity
  8
hatch
100
AcDbLine
 10
39.999999999999986
 20
15.2735064736294
 30
0.0
 11
48.72649352637058
 21
23.999999999999996
 31
0.0
  0
LINE
  5
E47
330
17
100
AcDbEntity
  8
hatch
100
AcDbLine
 10
39.99999999999998
 20
16.970562748477107
 30
0.0
 11
47.02943725152287
 21
24.0
 31
0.0
  0
LINE
  5
E48
330
17
100
AcDbEntity
  8
hatch
100
AcDbLine
 10
39.99999999999998
 20
18.66761902332482
 30
0.0
 11
45.33238097667516
 21
24.0
 31
0.0
  0
LINE
  5
E49
330
17
100
AcDbEntity
  8
hatch
100
AcDbLine
 10
39.99999999999998
 20
20.364675298172536
 30
0.0
 11
43.63532470182744
 21
23.999999999999993
 31
0.0
  0
LINE
  5
E4A
330
17
100
AcDbEntity
  8
hatch
100
AcDbLine
 10
39.99999999999998
 20
22.061731573020246
 30
0.0
 11
41.938268426979725
 21
24.000000000000004
 31
0.0
  0
LINE
  5
E4B
330
17
100
AcDbEntity
  8
hatch
100
AcDbLine
 10
39.99999999999998
 20
23.758787847867964
 30
0.0
 11
40.241212152132015
 21
24.0
 31
0.0
  0
LWPOLYLINE
  5
E4C
330
17
100
AcDbEntity
  8
marco-fino
100
AcDbPolyline
 90
4
 70
1
 10
39.99999999999998
 20
13.999999999999988
 10
54.0
 20
13.999999999999988
 10
54.0
 20
24.0
 10
39.99999999999998
 20
24.0
  0
LWPOLYLINE
  5
E4D
330
17
100
AcDbEntity
  8
edificio
100
AcDbPolyline
 90
4
 70
1
 10
57.99999999999997
 20
13.999999999999988
 10
68.00000000000001
 20
13.999999999999988
 10
68.00000000000001
 20
22.00000000000001
 10
57.99999999999997
 20
22.00000000000001
  0
LINE
  5
E4E
330
17
100
AcDbEntity
  8
hatch
100
AcDbLine
 10
66.30294372515229
 20
13.99999999999999
 30
0.0
 11
68.0
 21
15.697056274847707
 31
0.0
  0
LINE
  5
E4F
330
17
100
AcDbEntity
  8
hatch
100
AcDbLine
 10
64.60588745030458
 20
13.999999999999986
 30
0.0
 11
68.00000000000001
 21
17.394112549695414
 31
0.0
  0
LINE
  5
E50
330
17
100
AcDbEntity
  8
hatch
100
AcDbLine
 10
62.90883117545686
 20
13.99999999999999
 30
0.0
 11
68.0
 21
19.09116882454313
 31
0.0
  0
LINE
  5
E51
330
17
100
AcDbEntity
  8
hatch
100
AcDbLine
 10
61.21177490060916
 20
13.99999999999999
 30
0.0
 11
68.0
 21
20.78822509939084
 31
0.0
  0
LINE
  5
E52
330
17
100
AcDbEntity
  8
hatch
100
AcDbLine
 10
59.51471862576143
 20
13.999999999999986
 30
0.0
 11
67.51471862576146
 21
22.000000000000014
 31
0.0
  0
LINE
  5
E53
330
17
100
AcDbEntity
  8
hatch
100
AcDbLine
 10
57.99999999999997
 20
14.182337649086229
 30
0.0
 11
65.81766235091375
 21
22.000000000000007
 31
0.0
  0
LINE
  5
E54
330
17
100
AcDbEntity
  8
hatch
100
AcDbLine
 10
57.99999999999997
 20
15.87939392393395
 30
0.0
 11
64.12060607606603
 21
22.00000000000001
 31
0.0
  0
LINE
  5
E55
330
17
100
AcDbEntity
  8
hatch
100
AcDbLine
 10
57.99999999999997
 20
17.576450198781664
 30
0.0
 11
62.423549801218314
 21
22.000000000000014
 31
0.0
  0
LINE
  5
E56
330
17
100
AcDbEntity
  8
hatch
100
AcDbLine
 10
57.99999999999997
 20
19.27350647362937
 30
0.0
 11
60.72649352637061
 21
22.00000000000001
 31
0.0
  0
LINE
  5
E57
330
17
100
AcDbEntity
  8
hatch
100
AcDbLine
 10
57.99999999999997
 20
20.970562748477086
 30
0.0
 11
59.02943725152289
 21
22.000000000000014
 31
0.0
  0
LWPOLYLINE
  5
E58
330
17
100
AcDbEntity
  8
marco-fino
100
AcDbPolyline
 90
4
 70
1
 10
57.99999999999997
 20
13.999999999999988
 10
68.00000000000001
 20
13.999999999999988
 10
68.00000000000001
 20
22.00000000000001
 10
57.99999999999997
 20
22.00000000000001
  0
LWPOLYLINE
  5
E59
330
17
100
AcDbEntity
  8
edificio
100
AcDbPolyline
 90
4
 70
1
 10
44.00000000000002
 20
1.9999999999999885
 10
51.99999999999997
 20
1.9999999999999885
 10
51.99999999999997
 20
7.9999999999999885
 10
44.00000000000002
 20
7.9999999999999885
  0
LINE
  5
E5A
330
17
100
AcDbEntity
  8
hatch
100
AcDbLine
 10
50.302943725152254
 20
1.9999999999999858
 30
0.0
 11
51.99999999999997
 21
3.6970562748477036
 31
0.0
  0
LINE
  5
E5B
330
17
100
AcDbEntity
  8
hatch
100
AcDbLine
 10
48.60588745030455
 20
1.9999999999999893
 30
0.0
 11
51.99999999999997
 21
5.394112549695414
 31
0.0
  0
LINE
  5
E5C
330
17
100
AcDbEntity
  8
hatch
100
AcDbLine
 10
46.908831175456825
 20
1.9999999999999893
 30
0.0
 11
51.99999999999997
 21
7.091168824543132
 31
0.0
  0
LINE
  5
E5D
330
17
100
AcDbEntity
  8
hatch
100
AcDbLine
 10
45.211774900609115
 20
1.9999999999999858
 30
0.0
 11
51.211774900609115
 21
7.999999999999986
 31
0.0
  0
LINE
  5
E5E
330
17
100
AcDbEntity
  8
hatch
100
AcDbLine
 10
44.00000000000002
 20
2.485281374238607
 30
0.0
 11
49.514718625761404
 21
7.999999999999986
 31
0.0
  0
LINE
  5
E5F
330
17
100
AcDbEntity
  8
hatch
100
AcDbLine
 10
44.000000000000014
 20
4.182337649086314
 30
0.0
 11
47.81766235091369
 21
7.999999999999989
 31
0.0
  0
LINE
  5
E60
330
17
100
AcDbEntity
  8
hatch
100
AcDbLine
 10
44.000000000000014
 20
5.879393923934028
 30
0.0
 11
46.120606076065975
 21
7.999999999999986
 31
0.0
  0
LINE
  5
E61
330
17
100
AcDbEntity
  8
hatch
100
AcDbLine
 10
44.000000000000014
 20
7.576450198781746
 30
0.0
 11
44.42354980121826
 21
7.999999999999986
 31
0.0
  0
LWPOLYLINE
  5
E62
330
17
100
AcDbEntity
  8
marco-fino
100
AcDbPolyline
 90
4
 70
1
 10
44.00000000000002
 20
1.9999999999999885
 10
51.99999999999997
 20
1.9999999999999885
 10
51.99999999999997
 20
7.9999999999999885
 10
44.00000000000002
 20
7.9999999999999885
  0
LWPOLYLINE
  5
E63
330
17
100
AcDbEntity
  8
destacado
100
AcDbPolyline
 90
4
 70
1
 10
51.99999999999997
 20
44.00000000000002
 10
75.99999999999997
 20
44.00000000000002
 10
75.99999999999997
 20
53.60000000000002
 10
51.99999999999997
 20
53.60000000000002
  0
LINE
  5
E64
330
17
100
AcDbEntity
  8
hatch
100
AcDbLine
 10
74.30294372515226
 20
44.00000000000003
 30
0.0
 11
75.99999999999997
 21
45.69705627484774
 31
0.0
  0
LINE
  5
E65
330
17
100
AcDbEntity
  8
hatch
100
AcDbLine
 10
72.60588745030455
 20
44.00000000000003
 30
0.0
 11
75.99999999999997
 21
47.39411254969545
 31
0.0
  0
LINE
  5
E66
330
17
100
AcDbEntity
  8
hatch
100
AcDbLine
 10
70.90883117545683
 20
44.00000000000002
 30
0.0
 11
75.99999999999997
 21
49.09116882454317
 31
0.0
  0
LINE
  5
E67
330
17
100
AcDbEntity
  8
hatch
100
AcDbLine
 10
69.21177490060911
 20
44.00000000000002
 30
0.0
 11
75.99999999999997
 21
50.78822509939088
 31
0.0
  0
LINE
  5
E68
330
17
100
AcDbEntity
  8
hatch
100
AcDbLine
 10
67.5147186257614
 20
44.00000000000003
 30
0.0
 11
75.99999999999996
 21
52.485281374238596
 31
0.0
  0
LINE
  5
E69
330
17
100
AcDbEntity
  8
hatch
100
AcDbLine
 10
65.81766235091368
 20
44.00000000000003
 30
0.0
 11
75.41766235091367
 21
53.60000000000002
 31
0.0
  0
LINE
  5
E6A
330
17
100
AcDbEntity
  8
hatch
100
AcDbLine
 10
64.12060607606597
 20
44.00000000000002
 30
0.0
 11
73.72060607606596
 21
53.600000000000016
 31
0.0
  0
LINE
  5
E6B
330
17
100
AcDbEntity
  8
hatch
100
AcDbLine
 10
62.42354980121826
 20
44.00000000000002
 30
0.0
 11
72.02354980121825
 21
53.60000000000002
 31
0.0
  0
LINE
  5
E6C
330
17
100
AcDbEntity
  8
hatch
100
AcDbLine
 10
60.72649352637055
 20
44.000000000000014
 30
0.0
 11
70.32649352637054
 21
53.60000000000002
 31
0.0
  0
LINE
  5
E6D
330
17
100
AcDbEntity
  8
hatch
100
AcDbLine
 10
59.02943725152282
 20
44.00000000000002
 30
0.0
 11
68.62943725152283
 21
53.60000000000002
 31
0.0
  0
LINE
  5
E6E
330
17
100
AcDbEntity
  8
hatch
100
AcDbLine
 10
57.33238097667511
 20
44.000000000000014
 30
0.0
 11
66.93238097667512
 21
53.600000000000016
 31
0.0
  0
LINE
  5
E6F
330
17
100
AcDbEntity
  8
hatch
100
AcDbLine
 10
55.6353247018274
 20
44.00000000000002
 30
0.0
 11
65.2353247018274
 21
53.60000000000002
 31
0.0
  0
LINE
  5
E70
330
17
100
AcDbEntity
  8
hatch
100
AcDbLine
 10
53.93826842697969
 20
44.00000000000002
 30
0.0
 11
63.538268426979684
 21
53.60000000000002
 31
0.0
  0
LINE
  5
E71
330
17
100
AcDbEntity
  8
hatch
100
AcDbLine
 10
52.241212152131965
 20
44.00000000000002
 30
0.0
 11
61.841212152131966
 21
53.60000000000002
 31
0.0
  0
LINE
  5
E72
330
17
100
AcDbEntity
  8
hatch
100
AcDbLine
 10
51.99999999999997
 20
45.45584412271574
 30
0.0
 11
60.144155877284255
 21
53.60000000000002
 31
0.0
  0
LINE
  5
E73
330
17
100
AcDbEntity
  8
hatch
100
AcDbLine
 10
51.99999999999997
 20
47.15290039756345
 30
0.0
 11
58.44709960243654
 21
53.600000000000016
 31
0.0
  0
LINE
  5
E74
330
17
100
AcDbEntity
  8
hatch
100
AcDbLine
 10
51.99999999999997
 20
48.84995667241115
 30
0.0
 11
56.75004332758883
 21
53.600000000000016
 31
0.0
  0
LINE
  5
E75
330
17
100
AcDbEntity
  8
hatch
100
AcDbLine
 10
51.99999999999997
 20
50.54701294725887
 30
0.0
 11
55.05298705274112
 21
53.60000000000002
 31
0.0
  0
LINE
  5
E76
330
17
100
AcDbEntity
  8
hatch
100
AcDbLine
 10
51.99999999999997
 20
52.24406922210659
 30
0.0
 11
53.3559307778934
 21
53.60000000000002
 31
0.0
  0
LWPOLYLINE
  5
E77
330
17
100
AcDbEntity
  8
marco-medio
100
AcDbPolyline
 90
4
 70
1
 10
51.99999999999997
 20
44.00000000000002
 10
75.99999999999997
 20
44.00000000000002
 10
75.99999999999997
 20
53.60000000000002
 10
51.99999999999997
 20
53.60000000000002
  0
LINE
  5
E78
330
17
100
AcDbEntity
  8
hatch
100
AcDbLine
 10
75.43431457505078
 20
44.00000000000002
 30
0.0
 11
75.99999999999997
 21
44.565685424949216
 31
0.0
  0
LINE
  5
E79
330
17
100
AcDbEntity
  8
hatch
100
AcDbLine
 10
74.86862915010151
 20
44.00000000000002
 30
0.0
 11
75.99999999999997
 21
45.13137084989848
 31
0.0
  0
LINE
  5
E7A
330
17
100
AcDbEntity
  8
hatch
100
AcDbLine
 10
74.30294372515225
 20
44.00000000000002
 30
0.0
 11
75.99999999999997
 21
45.69705627484772
 31
0.0
  0
LINE
  5
E7B
330
17
100
AcDbEntity
  8
hatch
100
AcDbLine
 10
73.73725830020305
 20
44.00000000000002
 30
0.0
 11
75.99999999999997
 21
46.26274169979695
 31
0.0
  0
LINE
  5
E7C
330
17
100
AcDbEntity
  8
hatch
100
AcDbLine
 10
73.17157287525379
 20
44.00000000000002
 30
0.0
 11
75.99999999999997
 21
46.82842712474621
 31
0.0
  0
LINE
  5
E7D
330
17
100
AcDbEntity
  8
hatch
100
AcDbLine
 10
72.60588745030459
 20
44.00000000000002
 30
0.0
 11
75.99999999999997
 21
47.39411254969541
 31
0.0
  0
LINE
  5
E7E
330
17
100
AcDbEntity
  8
hatch
100
AcDbLine
 10
72.04020202535533
 20
44.00000000000002
 30
0.0
 11
75.99999999999997
 21
47.95979797464467
 31
0.0
  0
LINE
  5
E7F
330
17
100
AcDbEntity
  8
hatch
100
AcDbLine
 10
71.47451660040606
 20
44.00000000000002
 30
0.0
 11
75.99999999999997
 21
48.5254833995939
 31
0.0
  0
LINE
  5
E80
330
17
100
AcDbEntity
  8
hatch
100
AcDbLine
 10
70.90883117545685
 20
44.00000000000002
 30
0.0
 11
75.99999999999997
 21
49.09116882454313
 31
0.0
  0
LINE
  5
E81
330
17
100
AcDbEntity
  8
hatch
100
AcDbLine
 10
70.34314575050759
 20
44.00000000000002
 30
0.0
 11
75.99999999999997
 21
49.65685424949237
 31
0.0
  0
LINE
  5
E82
330
17
100
AcDbEntity
  8
hatch
100
AcDbLine
 10
69.7774603255584
 20
44.00000000000002
 30
0.0
 11
75.99999999999997
 21
50.222539674441634
 31
0.0
  0
LINE
  5
E83
330
17
100
AcDbEntity
  8
hatch
100
AcDbLine
 10
69.21177490060913
 20
44.00000000000002
 30
0.0
 11
75.99999999999997
 21
50.788225099390864
 31
0.0
  0
LINE
  5
E84
330
17
100
AcDbEntity
  8
hatch
100
AcDbLine
 10
68.64608947565993
 20
44.00000000000002
 30
0.0
 11
75.99999999999997
 21
51.353910524340094
 31
0.0
  0
LINE
  5
E85
330
17
100
AcDbEntity
  8
hatch
100
AcDbLine
 10
68.08040405071067
 20
44.00000000000002
 30
0.0
 11
75.99999999999997
 21
51.919595949289324
 31
0.0
  0
LINE
  5
E86
330
17
100
AcDbEntity
  8
hatch
100
AcDbLine
 10
67.5147186257614
 20
44.00000000000002
 30
0.0
 11
75.99999999999997
 21
52.485281374238554
 31
0.0
  0
LINE
  5
E87
330
17
100
AcDbEntity
  8
hatch
100
AcDbLine
 10
66.94903320081221
 20
44.00000000000002
 30
0.0
 11
75.99999999999997
 21
53.05096679918779
 31
0.0
  0
LINE
  5
E88
330
17
100
AcDbEntity
  8
hatch
100
AcDbLine
 10
66.38334777586294
 20
44.00000000000002
 30
0.0
 11
75.98334777586294
 21
53.59999999999999
 31
0.0
  0
LINE
  5
E89
330
17
100
AcDbEntity
  8
hatch
100
AcDbLine
 10
65.81766235091368
 20
44.00000000000002
 30
0.0
 11
75.41766235091367
 21
53.59999999999999
 31
0.0
  0
LINE
  5
E8A
330
17
100
AcDbEntity
  8
hatch
100
AcDbLine
 10
65.25197692596448
 20
44.00000000000002
 30
0.0
 11
74.85197692596448
 21
53.59999999999999
 31
0.0
  0
LINE
  5
E8B
330
17
100
AcDbEntity
  8
hatch
100
AcDbLine
 10
64.68629150101522
 20
44.00000000000002
 30
0.0
 11
74.28629150101521
 21
53.59999999999999
 31
0.0
  0
LINE
  5
E8C
330
17
100
AcDbEntity
  8
hatch
100
AcDbLine
 10
64.12060607606601
 20
44.00000000000002
 30
0.0
 11
73.72060607606602
 21
53.59999999999999
 31
0.0
  0
LINE
  5
E8D
330
17
100
AcDbEntity
  8
hatch
100
AcDbLine
 10
63.55492065111675
 20
44.00000000000002
 30
0.0
 11
73.15492065111675
 21
53.59999999999999
 31
0.0
  0
LINE
  5
E8E
330
17
100
AcDbEntity
  8
hatch
100
AcDbLine
 10
62.98923522616755
 20
44.00000000000002
 30
0.0
 11
72.58923522616756
 21
53.59999999999999
 31
0.0
  0
LINE
  5
E8F
330
17
100
AcDbEntity
  8
hatch
100
AcDbLine
 10
62.423549801218286
 20
44.00000000000002
 30
0.0
 11
72.0235498012183
 21
53.59999999999999
 31
0.0
  0
LINE
  5
E90
330
17
100
AcDbEntity
  8
hatch
100
AcDbLine
 10
61.85786437626902
 20
44.00000000000002
 30
0.0
 11
71.45786437626903
 21
53.59999999999999
 31
0.0
  0
LINE
  5
E91
330
17
100
AcDbEntity
  8
hatch
100
AcDbLine
 10
61.292178951319826
 20
44.00000000000002
 30
0.0
 11
70.89217895131982
 21
53.59999999999999
 31
0.0
  0
LINE
  5
E92
330
17
100
AcDbEntity
  8
hatch
100
AcDbLine
 10
60.72649352637056
 20
44.00000000000002
 30
0.0
 11
70.32649352637056
 21
53.59999999999999
 31
0.0
  0
LINE
  5
E93
330
17
100
AcDbEntity
  8
hatch
100
AcDbLine
 10
60.160808101421296
 20
44.00000000000002
 30
0.0
 11
69.76080810142129
 21
53.59999999999999
 31
0.0
  0
LINE
  5
E94
330
17
100
AcDbEntity
  8
hatch
100
AcDbLine
 10
59.5951226764721
 20
44.00000000000002
 30
0.0
 11
69.1951226764721
 21
53.59999999999999
 31
0.0
  0
LINE
  5
E95
330
17
100
AcDbEntity
  8
hatch
100
AcDbLine
 10
59.029437251522836
 20
44.00000000000002
 30
0.0
 11
68.62943725152283
 21
53.59999999999999
 31
0.0
  0
LINE
  5
E96
330
17
100
AcDbEntity
  8
hatch
100
AcDbLine
 10
58.463751826573635
 20
44.00000000000002
 30
0.0
 11
68.06375182657364
 21
53.59999999999999
 31
0.0
  0
LINE
  5
E97
330
17
100
AcDbEntity
  8
hatch
100
AcDbLine
 10
57.89806640162437
 20
44.00000000000002
 30
0.0
 11
67.49806640162437
 21
53.59999999999999
 31
0.0
  0
LINE
  5
E98
330
17
100
AcDbEntity
  8
hatch
100
AcDbLine
 10
57.332380976675175
 20
44.00000000000002
 30
0.0
 11
66.9323809766751
 21
53.59999999999999
 31
0.0
  0
LINE
  5
E99
330
17
100
AcDbEntity
  8
hatch
100
AcDbLine
 10
56.76669555172591
 20
44.00000000000002
 30
0.0
 11
66.36669555172591
 21
53.59999999999999
 31
0.0
  0
LINE
  5
E9A
330
17
100
AcDbEntity
  8
hatch
100
AcDbLine
 10
56.201010126776644
 20
44.00000000000002
 30
0.0
 11
65.80101012677665
 21
53.59999999999999
 31
0.0
  0
LINE
  5
E9B
330
17
100
AcDbEntity
  8
hatch
100
AcDbLine
 10
55.63532470182744
 20
44.00000000000002
 30
0.0
 11
65.23532470182745
 21
53.59999999999999
 31
0.0
  0
LINE
  5
E9C
330
17
100
AcDbEntity
  8
hatch
100
AcDbLine
 10
55.06963927687818
 20
44.00000000000002
 30
0.0
 11
64.66963927687819
 21
53.60000000000002
 31
0.0
  0
LINE
  5
E9D
330
17
100
AcDbEntity
  8
hatch
100
AcDbLine
 10
54.50395385192898
 20
44.00000000000002
 30
0.0
 11
64.10395385192892
 21
53.59999999999999
 31
0.0
  0
LINE
  5
E9E
330
17
100
AcDbEntity
  8
hatch
100
AcDbLine
 10
53.93826842697972
 20
44.00000000000002
 30
0.0
 11
63.53826842697972
 21
53.59999999999999
 31
0.0
  0
LINE
  5
E9F
330
17
100
AcDbEntity
  8
hatch
100
AcDbLine
 10
53.37258300203045
 20
44.00000000000002
 30
0.0
 11
62.972583002030454
 21
53.59999999999999
 31
0.0
  0
LINE
  5
EA0
330
17
100
AcDbEntity
  8
hatch
100
AcDbLine
 10
52.80689757708126
 20
44.00000000000002
 30
0.0
 11
62.40689757708125
 21
53.59999999999999
 31
0.0
  0
LINE
  5
EA1
330
17
100
AcDbEntity
  8
hatch
100
AcDbLine
 10
52.24121215213199
 20
44.00000000000002
 30
0.0
 11
61.84121215213199
 21
53.59999999999999
 31
0.0
  0
LINE
  5
EA2
330
17
100
AcDbEntity
  8
hatch
100
AcDbLine
 10
52.00000000000004
 20
44.32447327281724
 30
0.0
 11
61.27552672718279
 21
53.59999999999999
 31
0.0
  0
LINE
  5
EA3
330
17
100
AcDbEntity
  8
hatch
100
AcDbLine
 10
51.99999999999997
 20
44.890158697766466
 30
0.0
 11
60.70984130223353
 21
53.59999999999999
 31
0.0
  0
LINE
  5
EA4
330
17
100
AcDbEntity
  8
hatch
100
AcDbLine
 10
51.99999999999997
 20
45.45584412271573
 30
0.0
 11
60.14415587728426
 21
53.59999999999999
 31
0.0
  0
LINE
  5
EA5
330
17
100
AcDbEntity
  8
hatch
100
AcDbLine
 10
52.00000000000004
 20
46.02152954766496
 30
0.0
 11
59.57847045233507
 21
53.59999999999999
 31
0.0
  0
LINE
  5
EA6
330
17
100
AcDbEntity
  8
hatch
100
AcDbLine
 10
51.99999999999997
 20
46.5872149726142
 30
0.0
 11
59.0127850273858
 21
53.60000000000002
 31
0.0
  0
LINE
  5
EA7
330
17
100
AcDbEntity
  8
hatch
100
AcDbLine
 10
52.00000000000004
 20
47.152900397563464
 30
0.0
 11
58.44709960243654
 21
53.59999999999999
 31
0.0
  0
LINE
  5
EA8
330
17
100
AcDbEntity
  8
hatch
100
AcDbLine
 10
51.99999999999997
 20
47.71858582251266
 30
0.0
 11
57.881414177487336
 21
53.59999999999999
 31
0.0
  0
LINE
  5
EA9
330
17
100
AcDbEntity
  8
hatch
100
AcDbLine
 10
52.00000000000004
 20
48.28427124746192
 30
0.0
 11
57.31572875253807
 21
53.59999999999999
 31
0.0
  0
LINE
  5
EAA
330
17
100
AcDbEntity
  8
hatch
100
AcDbLine
 10
51.99999999999997
 20
48.84995667241115
 30
0.0
 11
56.75004332758888
 21
53.59999999999999
 31
0.0
  0
LINE
  5
EAB
330
17
100
AcDbEntity
  8
hatch
100
AcDbLine
 10
52.00000000000004
 20
49.41564209736038
 30
0.0
 11
56.18435790263961
 21
53.59999999999999
 31
0.0
  0
LINE
  5
EAC
330
17
100
AcDbEntity
  8
hatch
100
AcDbLine
 10
51.99999999999997
 20
49.98132752230961
 30
0.0
 11
55.618672477690346
 21
53.59999999999999
 31
0.0
  0
LINE
  5
EAD
330
17
100
AcDbEntity
  8
hatch
100
AcDbLine
 10
51.99999999999997
 20
50.54701294725885
 30
0.0
 11
55.052987052741145
 21
53.60000000000002
 31
0.0
  0
LINE
  5
EAE
330
17
100
AcDbEntity
  8
hatch
100
AcDbLine
 10
51.99999999999997
 20
51.112698372208115
 30
0.0
 11
54.48730162779188
 21
53.59999999999999
 31
0.0
  0
LINE
  5
EAF
330
17
100
AcDbEntity
  8
hatch
100
AcDbLine
 10
51.99999999999997
 20
51.678383797157345
 30
0.0
 11
53.921616202842685
 21
53.59999999999999
 31
0.0
  0
LINE
  5
EB0
330
17
100
AcDbEntity
  8
hatch
100
AcDbLine
 10
51.99999999999997
 20
52.244069222106575
 30
0.0
 11
53.35593077789342
 21
53.59999999999999
 31
0.0
  0
LINE
  5
EB1
330
17
100
AcDbEntity
  8
hatch
100
AcDbLine
 10
51.99999999999997
 20
52.809754647055804
 30
0.0
 11
52.790245352944154
 21
53.59999999999999
 31
0.0
  0
LINE
  5
EB2
330
17
100
AcDbEntity
  8
hatch
100
AcDbLine
 10
51.99999999999997
 20
53.375440072005034
 30
0.0
 11
52.22455992799496
 21
53.59999999999999
 31
0.0
  0
LINE
  5
EB3
330
17
100
AcDbEntity
  8
proyeccion
100
AcDbLine
 10
51.99999999999997
 20
44.00000000000002
 30
0.0
 11
0.0
 21
7.9999999999999885
 31
0.0
  0
TEXT
  5
EB4
330
17
100
AcDbEntity
  8
texto
100
AcDbText
 10
0.0
 20
6.0
 30
0.0
 40
1.8
  1
ACCESO
100
AcDbText
  0
CIRCLE
  5
EB5
330
17
100
AcDbEntity
  8
arbol
100
AcDbCircle
 10
8.000000000000023
 20
34.00000000000001
 30
0.0
 40
2.2
  0
CIRCLE
  5
EB6
330
17
100
AcDbEntity
  8
arbol
100
AcDbCircle
 10
8.000000000000023
 20
52.00000000000001
 30
0.0
 40
2.2
  0
CIRCLE
  5
EB7
330
17
100
AcDbEntity
  8
arbol
100
AcDbCircle
 10
8.000000000000023
 20
70.00000000000001
 30
0.0
 40
2.2
  0
CIRCLE
  5
EB8
330
17
100
AcDbEntity
  8
arbol
100
AcDbCircle
 10
30.0
 20
66.0
 30
0.0
 40
2.2
  0
CIRCLE
  5
EB9
330
17
100
AcDbEntity
  8
arbol
100
AcDbCircle
 10
96.0
 20
48.0
 30
0.0
 40
2.2
  0
CIRCLE
  5
EBA
330
17
100
AcDbEntity
  8
arbol
100
AcDbCircle
 10
26.00000000000002
 20
8.50000000000001
 30
0.0
 40
2.2
  0
TEXT
  5
EBB
330
17
100
AcDbEntity
  8
texto-suave
100
AcDbText
 10
54.99999999999997
 20
33.0
 30
0.0
 40
2.04
  1
PATIO
 72
1
 11
54.99999999999997
 21
33.0
 31
0.0
100
AcDbText
  0
TEXT
  5
EBC
330
17
100
AcDbEntity
  8
texto
100
AcDbText
 10
30.85
 20
-14.8
 30
0.0
 40
0.14
  1
SITUACIÓN DEL BLOQUE (D)
100
AcDbText
  0
LINE
  5
EBD
330
17
100
AcDbEntity
  8
marco-medio
100
AcDbLine
 10
30.85
 20
-14.930000000000001
 30
0.0
 11
36.85
 21
-14.930000000000001
 31
0.0
  0
TEXT
  5
EBE
330
17
100
AcDbEntity
  8
texto-suave
100
AcDbText
 10
36.85
 20
-14.8
 30
0.0
 40
0.11000000000000001
  1
E 1:600
 72
2
100
AcDbText
  0
TEXT
  5
EBF
330
17
100
AcDbEntity
  8
texto-suave
100
AcDbText
 10
30.85
 20
-15.080000000000002
 30
0.0
 40
0.1
  1
Miniatura de emplazamiento en el conjunto
100
AcDbText
  0
TEXT
  5
EC0
330
17
100
AcDbEntity
  8
texto-suave
100
AcDbText
 10
30.85
 20
-25.8
 30
0.0
 40
0.1
  1
Escala 1:600
100
AcDbText
  0
TEXT
  5
EC1
330
17
100
AcDbEntity
  8
texto
100
AcDbText
 10
31.0
 20
-1.5
 30
0.0
 40
0.12
  1
CUADRO RESUMEN — BLOQUE DORMITORIOS (D)
100
AcDbText
  0
LINE
  5
EC2
330
17
100
AcDbEntity
  8
marco-medio
100
AcDbLine
 10
31.0
 20
-1.6100000000000003
 30
0.0
 11
41.0
 21
-1.6100000000000003
 31
0.0
  0
TEXT
  5
EC3
330
17
100
AcDbEntity
  8
texto
100
AcDbText
 10
31.0
 20
-1.8
 30
0.0
 40
0.0925
  1
• Planta baja: 8 dormitorios dobles, SS.HH., depósito, lavandería y vestíbulo.
100
AcDbText
  0
TEXT
  5
EC4
330
17
100
AcDbEntity
  8
texto
100
AcDbText
 10
31.0
 20
-1.9649999999999999
 30
0.0
 40
0.0925
  1
• Planta alta: 8 dormitorios dobles, SS.HH. y sala de estar y estudio.
100
AcDbText
  0
TEXT
  5
EC5
330
17
100
AcDbEntity
  8
texto
100
AcDbText
 10
31.0
 20
-2.13
 30
0.0
 40
0.0925
  1
• 16 camas por nivel · 32 camas en total (aforo 32 personas).
100
AcDbText
  0
TEXT
  5
EC6
330
17
100
AcDbEntity
  8
texto
100
AcDbText
 10
31.0
 20
-2.2949999999999995
 30
0.0
 40
0.0925
  1
• Losas aligeradas h = 0,30 m · luces de 3,35 y 3,70 m.
100
AcDbText
  0
TEXT
  5
EC7
330
17
100
AcDbEntity
  8
texto
100
AcDbText
 10
31.0
 20
-2.4599999999999995
 30
0.0
 40
0.0925
  1
• Escalera de 2 tramos: 18 contrahuellas de 0,181 m.
100
AcDbText
  0
LWPOLYLINE
  5
EC8
330
17
100
AcDbEntity
  8
marco-fino
100
AcDbPolyline
 90
4
 70
1
 10
31.0
 20
-4.5
 10
39.0
 20
-4.5
 10
39.0
 20
-4.760000000000001
 10
31.0
 20
-4.760000000000001
  0
LWPOLYLINE
  5
EC9
330
17
100
AcDbEntity
  8
sombra
100
AcDbPolyline
 90
4
 70
1
 10
31.0
 20
-4.5
 10
39.0
 20
-4.5
 10
39.0
 20
-4.760000000000001
 10
31.0
 20
-4.760000000000001
  0
LINE
  5
ECA
330
17
100
AcDbEntity
  8
hatch
100
AcDbLine
 10
38.858578643762684
 20
-4.760000000000002
 30
0.0
 11
39.0
 21
-4.618578643762689
 31
0.0
  0
LINE
  5
ECB
330
17
100
AcDbEntity
  8
hatch
100
AcDbLine
 10
38.71715728752538
 20
-4.760000000000002
 30
0.0
 11
38.97715728752539
 21
-4.5000000000000036
 31
0.0
  0
LINE
  5
ECC
330
17
100
AcDbEntity
  8
hatch
100
AcDbLine
 10
38.575735931288065
 20
-4.760000000000002
 30
0.0
 11
38.83573593128807
 21
-4.5
 31
0.0
  0
LINE
  5
ECD
330
17
100
AcDbEntity
  8
hatch
100
AcDbLine
 10
38.43431457505076
 20
-4.760000000000002
 30
0.0
 11
38.69431457505077
 21
-4.5000000000000036
 31
0.0
  0
LINE
  5
ECE
330
17
100
AcDbEntity
  8
hatch
100
AcDbLine
 10
38.292893218813454
 20
-4.760000000000005
 30
0.0
 11
38.55289321881345
 21
-4.5000000000000036
 31
0.0
  0
LINE
  5
ECF
330
17
100
AcDbEntity
  8
hatch
100
AcDbLine
 10
38.151471862576145
 20
-4.760000000000002
 30
0.0
 11
38.411471862576136
 21
-4.5
 31
0.0
  0
LINE
  5
ED0
330
17
100
AcDbEntity
  8
hatch
100
AcDbLine
 10
38.010050506338835
 20
-4.760000000000005
 30
0.0
 11
38.27005050633883
 21
-4.5000000000000036
 31
0.0
  0
LINE
  5
ED1
330
17
100
AcDbEntity
  8
hatch
100
AcDbLine
 10
37.868629150101526
 20
-4.760000000000002
 30
0.0
 11
38.128629150101524
 21
-4.5
 31
0.0
  0
LINE
  5
ED2
330
17
100
AcDbEntity
  8
hatch
100
AcDbLine
 10
37.72720779386422
 20
-4.760000000000005
 30
0.0
 11
37.987207793864215
 21
-4.5000000000000036
 31
0.0
  0
LINE
  5
ED3
330
17
100
AcDbEntity
  8
hatch
100
AcDbLine
 10
37.58578643762691
 20
-4.760000000000002
 30
0.0
 11
37.845786437626906
 21
-4.5
 31
0.0
  0
LINE
  5
ED4
330
17
100
AcDbEntity
  8
hatch
100
AcDbLine
 10
37.44436508138959
 20
-4.760000000000002
 30
0.0
 11
37.7043650813896
 21
-4.5
 31
0.0
  0
LINE
  5
ED5
330
17
100
AcDbEntity
  8
hatch
100
AcDbLine
 10
37.30294372515229
 20
-4.760000000000002
 30
0.0
 11
37.56294372515229
 21
-4.5
 31
0.0
  0
LINE
  5
ED6
330
17
100
AcDbEntity
  8
hatch
100
AcDbLine
 10
37.16152236891497
 20
-4.760000000000002
 30
0.0
 11
37.42152236891498
 21
-4.5
 31
0.0
  0
LINE
  5
ED7
330
17
100
AcDbEntity
  8
hatch
100
AcDbLine
 10
37.02010101267767
 20
-4.760000000000002
 30
0.0
 11
37.280101012677676
 21
-4.5
 31
0.0
  0
LINE
  5
ED8
330
17
100
AcDbEntity
  8
hatch
100
AcDbLine
 10
36.878679656440355
 20
-4.760000000000002
 30
0.0
 11
37.13867965644036
 21
-4.5
 31
0.0
  0
LINE
  5
ED9
330
17
100
AcDbEntity
  8
hatch
100
AcDbLine
 10
36.737258300203045
 20
-4.760000000000003
 30
0.0
 11
36.99725830020304
 21
-4.5000000000000036
 31
0.0
  0
LINE
  5
EDA
330
17
100
AcDbEntity
  8
hatch
100
AcDbLine
 10
36.595836943965736
 20
-4.760000000000002
 30
0.0
 11
36.85583694396574
 21
-4.5
 31
0.0
  0
LINE
  5
EDB
330
17
100
AcDbEntity
  8
hatch
100
AcDbLine
 10
36.45441558772843
 20
-4.760000000000003
 30
0.0
 11
36.714415587728425
 21
-4.5000000000000036
 31
0.0
  0
LINE
  5
EDC
330
17
100
AcDbEntity
  8
hatch
100
AcDbLine
 10
36.31299423149112
 20
-4.760000000000002
 30
0.0
 11
36.57299423149112
 21
-4.5
 31
0.0
  0
LINE
  5
EDD
330
17
100
AcDbEntity
  8
hatch
100
AcDbLine
 10
36.17157287525381
 20
-4.760000000000002
 30
0.0
 11
36.431572875253806
 21
-4.500000000000002
 31
0.0
  0
LINE
  5
EDE
330
17
100
AcDbEntity
  8
hatch
100
AcDbLine
 10
36.0301515190165
 20
-4.760000000000003
 30
0.0
 11
36.290151519016504
 21
-4.5000000000000036
 31
0.0
  0
LINE
  5
EDF
330
17
100
AcDbEntity
  8
hatch
100
AcDbLine
 10
35.88873016277919
 20
-4.760000000000002
 30
0.0
 11
36.148730162779195
 21
-4.500000000000002
 31
0.0
  0
LINE
  5
EE0
330
17
100
AcDbEntity
  8
hatch
100
AcDbLine
 10
35.74730880654188
 20
-4.760000000000003
 30
0.0
 11
36.007308806541886
 21
-4.5000000000000036
 31
0.0
  0
LINE
  5
EE1
330
17
100
AcDbEntity
  8
hatch
100
AcDbLine
 10
35.60588745030457
 20
-4.760000000000002
 30
0.0
 11
35.86588745030458
 21
-4.500000000000002
 31
0.0
  0
LINE
  5
EE2
330
17
100
AcDbEntity
  8
hatch
100
AcDbLine
 10
35.46446609406726
 20
-4.760000000000003
 30
0.0
 11
35.72446609406727
 21
-4.500000000000002
 31
0.0
  0
LINE
  5
EE3
330
17
100
AcDbEntity
  8
hatch
100
AcDbLine
 10
35.323044737829946
 20
-4.76
 30
0.0
 11
35.58304473782995
 21
-4.5
 31
0.0
  0
LINE
  5
EE4
330
17
100
AcDbEntity
  8
hatch
100
AcDbLine
 10
35.181623381592644
 20
-4.760000000000003
 30
0.0
 11
35.44162338159265
 21
-4.500000000000002
 31
0.0
  0
LINE
  5
EE5
330
17
100
AcDbEntity
  8
hatch
100
AcDbLine
 10
35.040202025355335
 20
-4.76
 30
0.0
 11
35.30020202535533
 21
-4.5
 31
0.0
  0
LINE
  5
EE6
330
17
100
AcDbEntity
  8
hatch
100
AcDbLine
 10
34.898780669118025
 20
-4.760000000000003
 30
0.0
 11
35.15878066911803
 21
-4.500000000000002
 31
0.0
  0
LINE
  5
EE7
330
17
100
AcDbEntity
  8
hatch
100
AcDbLine
 10
34.757359312880716
 20
-4.76
 30
0.0
 11
35.017359312880714
 21
-4.5
 31
0.0
  0
LINE
  5
EE8
330
17
100
AcDbEntity
  8
hatch
100
AcDbLine
 10
34.61593795664341
 20
-4.760000000000002
 30
0.0
 11
34.875937956643405
 21
-4.5
 31
0.0
  0
LINE
  5
EE9
330
17
100
AcDbEntity
  8
hatch
100
AcDbLine
 10
34.4745166004061
 20
-4.760000000000003
 30
0.0
 11
34.734516600406096
 21
-4.5000000000000036
 31
0.0
  0
LINE
  5
EEA
330
17
100
AcDbEntity
  8
hatch
100
AcDbLine
 10
34.33309524416879
 20
-4.760000000000002
 30
0.0
 11
34.59309524416879
 21
-4.5
 31
0.0
  0
LINE
  5
EEB
330
17
100
AcDbEntity
  8
hatch
100
AcDbLine
 10
34.19167388793148
 20
-4.760000000000003
 30
0.0
 11
34.45167388793148
 21
-4.5000000000000036
 31
0.0
  0
LINE
  5
EEC
330
17
100
AcDbEntity
  8
hatch
100
AcDbLine
 10
34.05025253169417
 20
-4.760000000000002
 30
0.0
 11
34.31025253169417
 21
-4.5
 31
0.0
  0
LINE
  5
EED
330
17
100
AcDbEntity
  8
hatch
100
AcDbLine
 10
33.908831175456854
 20
-4.760000000000002
 30
0.0
 11
34.16883117545686
 21
-4.500000000000002
 31
0.0
  0
LINE
  5
EEE
330
17
100
AcDbEntity
  8
hatch
100
AcDbLine
 10
33.76740981921955
 20
-4.76
 30
0.0
 11
34.02740981921955
 21
-4.5
 31
0.0
  0
LINE
  5
EEF
330
17
100
AcDbEntity
  8
hatch
100
AcDbLine
 10
33.625988462982235
 20
-4.760000000000002
 30
0.0
 11
33.88598846298224
 21
-4.500000000000002
 31
0.0
  0
LINE
  5
EF0
330
17
100
AcDbEntity
  8
hatch
100
AcDbLine
 10
33.48456710674493
 20
-4.76
 30
0.0
 11
33.74456710674493
 21
-4.5
 31
0.0
  0
LINE
  5
EF1
330
17
100
AcDbEntity
  8
hatch
100
AcDbLine
 10
33.34314575050762
 20
-4.760000000000002
 30
0.0
 11
33.60314575050762
 21
-4.500000000000002
 31
0.0
  0
LINE
  5
EF2
330
17
100
AcDbEntity
  8
hatch
100
AcDbLine
 10
33.20172439427031
 20
-4.760000000000003
 30
0.0
 11
33.461724394270306
 21
-4.500000000000002
 31
0.0
  0
LINE
  5
EF3
330
17
100
AcDbEntity
  8
hatch
100
AcDbLine
 10
33.060303038033
 20
-4.760000000000002
 30
0.0
 11
33.320303038033
 21
-4.5
 31
0.0
  0
LINE
  5
EF4
330
17
100
AcDbEntity
  8
hatch
100
AcDbLine
 10
32.91888168179569
 20
-4.760000000000002
 30
0.0
 11
33.17888168179569
 21
-4.500000000000002
 31
0.0
  0
LINE
  5
EF5
330
17
100
AcDbEntity
  8
hatch
100
AcDbLine
 10
32.77746032555838
 20
-4.760000000000002
 30
0.0
 11
33.037460325558385
 21
-4.5
 31
0.0
  0
LINE
  5
EF6
330
17
100
AcDbEntity
  8
hatch
100
AcDbLine
 10
32.63603896932107
 20
-4.760000000000002
 30
0.0
 11
32.89603896932107
 21
-4.500000000000002
 31
0.0
  0
LINE
  5
EF7
330
17
100
AcDbEntity
  8
hatch
100
AcDbLine
 10
32.49461761308376
 20
-4.760000000000003
 30
0.0
 11
32.75461761308377
 21
-4.5000000000000036
 31
0.0
  0
LINE
  5
EF8
330
17
100
AcDbEntity
  8
hatch
100
AcDbLine
 10
32.35319625684645
 20
-4.760000000000002
 30
0.0
 11
32.61319625684645
 21
-4.500000000000002
 31
0.0
  0
LINE
  5
EF9
330
17
100
AcDbEntity
  8
hatch
100
AcDbLine
 10
32.21177490060914
 20
-4.760000000000003
 30
0.0
 11
32.47177490060915
 21
-4.500000000000002
 31
0.0
  0
LINE
  5
EFA
330
17
100
AcDbEntity
  8
hatch
100
AcDbLine
 10
32.070353544371834
 20
-4.760000000000002
 30
0.0
 11
32.33035354437184
 21
-4.500000000000002
 31
0.0
  0
LINE
  5
EFB
330
17
100
AcDbEntity
  8
hatch
100
AcDbLine
 10
31.928932188134524
 20
-4.760000000000003
 30
0.0
 11
32.18893218813453
 21
-4.500000000000002
 31
0.0
  0
LINE
  5
EFC
330
17
100
AcDbEntity
  8
hatch
100
AcDbLine
 10
31.787510831897215
 20
-4.76
 30
0.0
 11
32.04751083189721
 21
-4.5
 31
0.0
  0
LINE
  5
EFD
330
17
100
AcDbEntity
  8
hatch
100
AcDbLine
 10
31.646089475659906
 20
-4.760000000000003
 30
0.0
 11
31.906089475659908
 21
-4.500000000000002
 31
0.0
  0
LINE
  5
EFE
330
17
100
AcDbEntity
  8
hatch
100
AcDbLine
 10
31.504668119422597
 20
-4.76
 30
0.0
 11
31.764668119422595
 21
-4.5
 31
0.0
  0
LINE
  5
EFF
330
17
100
AcDbEntity
  8
hatch
100
AcDbLine
 10
31.363246763185288
 20
-4.760000000000002
 30
0.0
 11
31.62324676318529
 21
-4.500000000000002
 31
0.0
  0
LINE
  5
F00
330
17
100
AcDbEntity
  8
hatch
100
AcDbLine
 10
31.22182540694798
 20
-4.76
 30
0.0
 11
31.48182540694798
 21
-4.5
 31
0.0
  0
LINE
  5
F01
330
17
100
AcDbEntity
  8
hatch
100
AcDbLine
 10
31.080404050710662
 20
-4.760000000000002
 30
0.0
 11
31.340404050710667
 21
-4.5
 31
0.0
  0
LINE
  5
F02
330
17
100
AcDbEntity
  8
hatch
100
AcDbLine
 10
31.0
 20
-4.6989826944733615
 30
0.0
 11
31.19898269447336
 21
-4.5000000000000036
 31
0.0
  0
LINE
  5
F03
330
17
100
AcDbEntity
  8
hatch
100
AcDbLine
 10
31.0
 20
-4.557561338236047
 30
0.0
 11
31.05756133823605
 21
-4.5
 31
0.0
  0
LWPOLYLINE
  5
F04
330
17
100
AcDbEntity
  8
marco-fino
100
AcDbPolyline
 90
4
 70
1
 10
31.0
 20
-4.5
 10
39.0
 20
-4.5
 10
39.0
 20
-4.760000000000001
 10
31.0
 20
-4.760000000000001
  0
TEXT
  5
F05
330
17
100
AcDbEntity
  8
texto
100
AcDbText
 10
31.75
 20
-4.675
 30
0.0
 40
0.0825
  1
Nivel
 72
1
 11
31.75
 21
-4.675
 31
0.0
100
AcDbText
  0
TEXT
  5
F06
330
17
100
AcDbEntity
  8
texto
100
AcDbText
 10
32.95
 20
-4.675
 30
0.0
 40
0.0825
  1
Cota
 72
1
 11
32.95
 21
-4.675
 31
0.0
100
AcDbText
  0
TEXT
  5
F07
330
17
100
AcDbEntity
  8
texto
100
AcDbText
 10
33.9
 20
-4.675
 30
0.0
 40
0.0825
  1
Alt. libre
 72
1
 11
33.9
 21
-4.675
 31
0.0
100
AcDbText
  0
TEXT
  5
F08
330
17
100
AcDbEntity
  8
texto
100
AcDbText
 10
35.550000000000004
 20
-4.675
 30
0.0
 40
0.0825
  1
Destino
 72
1
 11
35.550000000000004
 21
-4.675
 31
0.0
100
AcDbText
  0
TEXT
  5
F09
330
17
100
AcDbEntity
  8
texto
100
AcDbText
 10
37.85
 20
-4.675
 30
0.0
 40
0.0825
  1
Estructura
 72
1
 11
37.85
 21
-4.675
 31
0.0
100
AcDbText
  0
LINE
  5
F0A
330
17
100
AcDbEntity
  8
marco-fino
100
AcDbLine
 10
32.5
 20
-4.5
 30
0.0
 11
32.5
 21
-4.760000000000001
 31
0.0
  0
LINE
  5
F0B
330
17
100
AcDbEntity
  8
marco-fino
100
AcDbLine
 10
33.4
 20
-4.5
 30
0.0
 11
33.4
 21
-4.760000000000001
 31
0.0
  0
LINE
  5
F0C
330
17
100
AcDbEntity
  8
marco-fino
100
AcDbLine
 10
34.4
 20
-4.5
 30
0.0
 11
34.4
 21
-4.760000000000001
 31
0.0
  0
LINE
  5
F0D
330
17
100
AcDbEntity
  8
marco-fino
100
AcDbLine
 10
36.7
 20
-4.5
 30
0.0
 11
36.7
 21
-4.760000000000001
 31
0.0
  0
LWPOLYLINE
  5
F0E
330
17
100
AcDbEntity
  8
marco-fino
100
AcDbPolyline
 90
4
 70
1
 10
31.0
 20
-4.760000000000001
 10
39.0
 20
-4.760000000000001
 10
39.0
 20
-4.965
 10
31.0
 20
-4.965
  0
TEXT
  5
F0F
330
17
100
AcDbEntity
  8
texto
100
AcDbText
 10
31.75
 20
-4.907500000000001
 30
0.0
 40
0.0825
  1
Terreno natural
 72
1
 11
31.75
 21
-4.907500000000001
 31
0.0
100
AcDbText
  0
TEXT
  5
F10
330
17
100
AcDbEntity
  8
texto
100
AcDbText
 10
32.95
 20
-4.907500000000001
 30
0.0
 40
0.0825
  1
-0,45
 72
1
 11
32.95
 21
-4.907500000000001
 31
0.0
100
AcDbText
  0
TEXT
  5
F11
330
17
100
AcDbEntity
  8
texto
100
AcDbText
 10
33.9
 20
-4.907500000000001
 30
0.0
 40
0.0825
  1
—
 72
1
 11
33.9
 21
-4.907500000000001
 31
0.0
100
AcDbText
  0
TEXT
  5
F12
330
17
100
AcDbEntity
  8
texto
100
AcDbText
 10
35.550000000000004
 20
-4.907500000000001
 30
0.0
 40
0.0825
  1
Exterior
 72
1
 11
35.550000000000004
 21
-4.907500000000001
 31
0.0
100
AcDbText
  0
TEXT
  5
F13
330
17
100
AcDbEntity
  8
texto
100
AcDbText
 10
37.85
 20
-4.907500000000001
 30
0.0
 40
0.0825
  1
—
 72
1
 11
37.85
 21
-4.907500000000001
 31
0.0
100
AcDbText
  0
LINE
  5
F14
330
17
100
AcDbEntity
  8
marco-fino
100
AcDbLine
 10
32.5
 20
-4.760000000000001
 30
0.0
 11
32.5
 21
-4.965
 31
0.0
  0
LINE
  5
F15
330
17
100
AcDbEntity
  8
marco-fino
100
AcDbLine
 10
33.4
 20
-4.760000000000001
 30
0.0
 11
33.4
 21
-4.965
 31
0.0
  0
LINE
  5
F16
330
17
100
AcDbEntity
  8
marco-fino
100
AcDbLine
 10
34.4
 20
-4.760000000000001
 30
0.0
 11
34.4
 21
-4.965
 31
0.0
  0
LINE
  5
F17
330
17
100
AcDbEntity
  8
marco-fino
100
AcDbLine
 10
36.7
 20
-4.760000000000001
 30
0.0
 11
36.7
 21
-4.965
 31
0.0
  0
LWPOLYLINE
  5
F18
330
17
100
AcDbEntity
  8
marco-fino
100
AcDbPolyline
 90
4
 70
1
 10
31.0
 20
-4.965
 10
39.0
 20
-4.965
 10
39.0
 20
-5.17
 10
31.0
 20
-5.17
  0
TEXT
  5
F19
330
17
100
AcDbEntity
  8
texto
100
AcDbText
 10
31.75
 20
-5.112500000000001
 30
0.0
 40
0.0825
  1
Fondo de cimiento
 72
1
 11
31.75
 21
-5.112500000000001
 31
0.0
100
AcDbText
  0
TEXT
  5
F1A
330
17
100
AcDbEntity
  8
texto
100
AcDbText
 10
32.95
 20
-5.112500000000001
 30
0.0
 40
0.0825
  1
-1,05
 72
1
 11
32.95
 21
-5.112500000000001
 31
0.0
100
AcDbText
  0
TEXT
  5
F1B
330
17
100
AcDbEntity
  8
texto
100
AcDbText
 10
33.9
 20
-5.112500000000001
 30
0.0
 40
0.0825
  1
—
 72
1
 11
33.9
 21
-5.112500000000001
 31
0.0
100
AcDbText
  0
TEXT
  5
F1C
330
17
100
AcDbEntity
  8
texto
100
AcDbText
 10
35.550000000000004
 20
-5.112500000000001
 30
0.0
 40
0.0825
  1
Cimiento corrido 0,70 × 0,25
 72
1
 11
35.550000000000004
 21
-5.112500000000001
 31
0.0
100
AcDbText
  0
TEXT
  5
F1D
330
17
100
AcDbEntity
  8
texto
100
AcDbText
 10
37.85
 20
-5.112500000000001
 30
0.0
 40
0.0825
  1
Concreto 1:8 + 25 % P.M.
 72
1
 11
37.85
 21
-5.112500000000001
 31
0.0
100
AcDbText
  0
LINE
  5
F1E
330
17
100
AcDbEntity
  8
marco-fino
100
AcDbLine
 10
32.5
 20
-4.965
 30
0.0
 11
32.5
 21
-5.17
 31
0.0
  0
LINE
  5
F1F
330
17
100
AcDbEntity
  8
marco-fino
100
AcDbLine
 10
33.4
 20
-4.965
 30
0.0
 11
33.4
 21
-5.17
 31
0.0
  0
LINE
  5
F20
330
17
100
AcDbEntity
  8
marco-fino
100
AcDbLine
 10
34.4
 20
-4.965
 30
0.0
 11
34.4
 21
-5.17
 31
0.0
  0
LINE
  5
F21
330
17
100
AcDbEntity
  8
marco-fino
100
AcDbLine
 10
36.7
 20
-4.965
 30
0.0
 11
36.7
 21
-5.17
 31
0.0
  0
LWPOLYLINE
  5
F22
330
17
100
AcDbEntity
  8
marco-fino
100
AcDbPolyline
 90
4
 70
1
 10
31.0
 20
-5.17
 10
39.0
 20
-5.17
 10
39.0
 20
-5.375
 10
31.0
 20
-5.375
  0
TEXT
  5
F23
330
17
100
AcDbEntity
  8
texto
100
AcDbText
 10
31.75
 20
-5.3175
 30
0.0
 40
0.0825
  1
N.P.T. planta baja
 72
1
 11
31.75
 21
-5.3175
 31
0.0
100
AcDbText
  0
TEXT
  5
F24
330
17
100
AcDbEntity
  8
texto
100
AcDbText
 10
32.95
 20
-5.3175
 30
0.0
 40
0.0825
  1
±0,00
 72
1
 11
32.95
 21
-5.3175
 31
0.0
100
AcDbText
  0
TEXT
  5
F25
330
17
100
AcDbEntity
  8
texto
100
AcDbText
 10
33.9
 20
-5.3175
 30
0.0
 40
0.0825
  1
2,90 m
 72
1
 11
33.9
 21
-5.3175
 31
0.0
100
AcDbText
  0
TEXT
  5
F26
330
17
100
AcDbEntity
  8
texto
100
AcDbText
 10
35.550000000000004
 20
-5.3175
 30
0.0
 40
0.0825
  1
Dormitorios · SS.HH. · escalera
 72
1
 11
35.550000000000004
 21
-5.3175
 31
0.0
100
AcDbText
  0
TEXT
  5
F27
330
17
100
AcDbEntity
  8
texto
100
AcDbText
 10
37.85
 20
-5.3175
 30
0.0
 40
0.0825
  1
Losa aligerada h=0,30 m
 72
1
 11
37.85
 21
-5.3175
 31
0.0
100
AcDbText
  0
LINE
  5
F28
330
17
100
AcDbEntity
  8
marco-fino
100
AcDbLine
 10
32.5
 20
-5.17
 30
0.0
 11
32.5
 21
-5.375
 31
0.0
  0
LINE
  5
F29
330
17
100
AcDbEntity
  8
marco-fino
100
AcDbLine
 10
33.4
 20
-5.17
 30
0.0
 11
33.4
 21
-5.375
 31
0.0
  0
LINE
  5
F2A
330
17
100
AcDbEntity
  8
marco-fino
100
AcDbLine
 10
34.4
 20
-5.17
 30
0.0
 11
34.4
 21
-5.375
 31
0.0
  0
LINE
  5
F2B
330
17
100
AcDbEntity
  8
marco-fino
100
AcDbLine
 10
36.7
 20
-5.17
 30
0.0
 11
36.7
 21
-5.375
 31
0.0
  0
LWPOLYLINE
  5
F2C
330
17
100
AcDbEntity
  8
marco-fino
100
AcDbPolyline
 90
4
 70
1
 10
31.0
 20
-5.375
 10
39.0
 20
-5.375
 10
39.0
 20
-5.579999999999999
 10
31.0
 20
-5.579999999999999
  0
TEXT
  5
F2D
330
17
100
AcDbEntity
  8
texto
100
AcDbText
 10
31.75
 20
-5.5225
 30
0.0
 40
0.0825
  1
N.P.T. planta alta
 72
1
 11
31.75
 21
-5.5225
 31
0.0
100
AcDbText
  0
TEXT
  5
F2E
330
17
100
AcDbEntity
  8
texto
100
AcDbText
 10
32.95
 20
-5.5225
 30
0.0
 40
0.0825
  1
+3,25
 72
1
 11
32.95
 21
-5.5225
 31
0.0
100
AcDbText
  0
TEXT
  5
F2F
330
17
100
AcDbEntity
  8
texto
100
AcDbText
 10
33.9
 20
-5.5225
 30
0.0
 40
0.0825
  1
2,60 m
 72
1
 11
33.9
 21
-5.5225
 31
0.0
100
AcDbText
  0
TEXT
  5
F30
330
17
100
AcDbEntity
  8
texto
100
AcDbText
 10
35.550000000000004
 20
-5.5225
 30
0.0
 40
0.0825
  1
Dormitorios · estudio
 72
1
 11
35.550000000000004
 21
-5.5225
 31
0.0
100
AcDbText
  0
TEXT
  5
F31
330
17
100
AcDbEntity
  8
texto
100
AcDbText
 10
37.85
 20
-5.5225
 30
0.0
 40
0.0825
  1
Losa aligerada h=0,30 m
 72
1
 11
37.85
 21
-5.5225
 31
0.0
100
AcDbText
  0
LINE
  5
F32
330
17
100
AcDbEntity
  8
marco-fino
100
AcDbLine
 10
32.5
 20
-5.375
 30
0.0
 11
32.5
 21
-5.579999999999999
 31
0.0
  0
LINE
  5
F33
330
17
100
AcDbEntity
  8
marco-fino
100
AcDbLine
 10
33.4
 20
-5.375
 30
0.0
 11
33.4
 21
-5.579999999999999
 31
0.0
  0
LINE
  5
F34
330
17
100
AcDbEntity
  8
marco-fino
100
AcDbLine
 10
34.4
 20
-5.375
 30
0.0
 11
34.4
 21
-5.579999999999999
 31
0.0
  0
LINE
  5
F35
330
17
100
AcDbEntity
  8
marco-fino
100
AcDbLine
 10
36.7
 20
-5.375
 30
0.0
 11
36.7
 21
-5.579999999999999
 31
0.0
  0
LWPOLYLINE
  5
F36
330
17
100
AcDbEntity
  8
marco-fino
100
AcDbPolyline
 90
4
 70
1
 10
31.0
 20
-5.579999999999999
 10
39.0
 20
-5.579999999999999
 10
39.0
 20
-5.784999999999999
 10
31.0
 20
-5.784999999999999
  0
TEXT
  5
F37
330
17
100
AcDbEntity
  8
texto
100
AcDbText
 10
31.75
 20
-5.727499999999999
 30
0.0
 40
0.0825
  1
N.P.T. azotea
 72
1
 11
31.75
 21
-5.727499999999999
 31
0.0
100
AcDbText
  0
TEXT
  5
F38
330
17
100
AcDbEntity
  8
texto
100
AcDbText
 10
32.95
 20
-5.727499999999999
 30
0.0
 40
0.0825
  1
+6,20
 72
1
 11
32.95
 21
-5.727499999999999
 31
0.0
100
AcDbText
  0
TEXT
  5
F39
330
17
100
AcDbEntity
  8
texto
100
AcDbText
 10
33.9
 20
-5.727499999999999
 30
0.0
 40
0.0825
  1
—
 72
1
 11
33.9
 21
-5.727499999999999
 31
0.0
100
AcDbText
  0
TEXT
  5
F3A
330
17
100
AcDbEntity
  8
texto
100
AcDbText
 10
35.550000000000004
 20
-5.727499999999999
 30
0.0
 40
0.0825
  1
Cubierta inaccesible
 72
1
 11
35.550000000000004
 21
-5.727499999999999
 31
0.0
100
AcDbText
  0
TEXT
  5
F3B
330
17
100
AcDbEntity
  8
texto
100
AcDbText
 10
37.85
 20
-5.727499999999999
 30
0.0
 40
0.0825
  1
Pendiente 2 %
 72
1
 11
37.85
 21
-5.727499999999999
 31
0.0
100
AcDbText
  0
LINE
  5
F3C
330
17
100
AcDbEntity
  8
marco-fino
100
AcDbLine
 10
32.5
 20
-5.579999999999999
 30
0.0
 11
32.5
 21
-5.784999999999999
 31
0.0
  0
LINE
  5
F3D
330
17
100
AcDbEntity
  8
marco-fino
100
AcDbLine
 10
33.4
 20
-5.579999999999999
 30
0.0
 11
33.4
 21
-5.784999999999999
 31
0.0
  0
LINE
  5
F3E
330
17
100
AcDbEntity
  8
marco-fino
100
AcDbLine
 10
34.4
 20
-5.579999999999999
 30
0.0
 11
34.4
 21
-5.784999999999999
 31
0.0
  0
LINE
  5
F3F
330
17
100
AcDbEntity
  8
marco-fino
100
AcDbLine
 10
36.7
 20
-5.579999999999999
 30
0.0
 11
36.7
 21
-5.784999999999999
 31
0.0
  0
LWPOLYLINE
  5
F40
330
17
100
AcDbEntity
  8
marco-fino
100
AcDbPolyline
 90
4
 70
1
 10
31.0
 20
-5.784999999999999
 10
39.0
 20
-5.784999999999999
 10
39.0
 20
-5.989999999999998
 10
31.0
 20
-5.989999999999998
  0
TEXT
  5
F41
330
17
100
AcDbEntity
  8
texto
100
AcDbText
 10
31.75
 20
-5.932499999999999
 30
0.0
 40
0.0825
  1
Remate de parapeto
 72
1
 11
31.75
 21
-5.932499999999999
 31
0.0
100
AcDbText
  0
TEXT
  5
F42
330
17
100
AcDbEntity
  8
texto
100
AcDbText
 10
32.95
 20
-5.932499999999999
 30
0.0
 40
0.0825
  1
+7,15
 72
1
 11
32.95
 21
-5.932499999999999
 31
0.0
100
AcDbText
  0
TEXT
  5
F43
330
17
100
AcDbEntity
  8
texto
100
AcDbText
 10
33.9
 20
-5.932499999999999
 30
0.0
 40
0.0825
  1
0,95 m
 72
1
 11
33.9
 21
-5.932499999999999
 31
0.0
100
AcDbText
  0
TEXT
  5
F44
330
17
100
AcDbEntity
  8
texto
100
AcDbText
 10
35.550000000000004
 20
-5.932499999999999
 30
0.0
 40
0.0825
  1
Parapeto perimetral
 72
1
 11
35.550000000000004
 21
-5.932499999999999
 31
0.0
100
AcDbText
  0
TEXT
  5
F45
330
17
100
AcDbEntity
  8
texto
100
AcDbText
 10
37.85
 20
-5.932499999999999
 30
0.0
 40
0.0825
  1
Albardilla de concreto
 72
1
 11
37.85
 21
-5.932499999999999
 31
0.0
100
AcDbText
  0
LINE
  5
F46
330
17
100
AcDbEntity
  8
marco-fino
100
AcDbLine
 10
32.5
 20
-5.784999999999999
 30
0.0
 11
32.5
 21
-5.989999999999998
 31
0.0
  0
LINE
  5
F47
330
17
100
AcDbEntity
  8
marco-fino
100
AcDbLine
 10
33.4
 20
-5.784999999999999
 30
0.0
 11
33.4
 21
-5.989999999999998
 31
0.0
  0
LINE
  5
F48
330
17
100
AcDbEntity
  8
marco-fino
100
AcDbLine
 10
34.4
 20
-5.784999999999999
 30
0.0
 11
34.4
 21
-5.989999999999998
 31
0.0
  0
LINE
  5
F49
330
17
100
AcDbEntity
  8
marco-fino
100
AcDbLine
 10
36.7
 20
-5.784999999999999
 30
0.0
 11
36.7
 21
-5.989999999999998
 31
0.0
  0
LWPOLYLINE
  5
F4A
330
17
100
AcDbEntity
  8
marco-medio
100
AcDbPolyline
 90
4
 70
1
 10
31.0
 20
-6.6000000000000005
 10
31.5
 20
-6.6000000000000005
 10
31.5
 20
-6.75
 10
31.0
 20
-6.75
  0
LINE
  5
F4B
330
17
100
AcDbEntity
  8
hatch
100
AcDbLine
 10
31.35857864376269
 20
-6.75
 30
0.0
 11
31.500000000000004
 21
-6.6085786437626854
 31
0.0
  0
LINE
  5
F4C
330
17
100
AcDbEntity
  8
hatch
100
AcDbLine
 10
31.21715728752538
 20
-6.749999999999998
 30
0.0
 11
31.36715728752538
 21
-6.6
 31
0.0
  0
LINE
  5
F4D
330
17
100
AcDbEntity
  8
hatch
100
AcDbLine
 10
31.075735931288072
 20
-6.75
 30
0.0
 11
31.225735931288067
 21
-6.600000000000003
 31
0.0
  0
LINE
  5
F4E
330
17
100
AcDbEntity
  8
hatch
100
AcDbLine
 10
31.0
 20
-6.684314575050761
 30
0.0
 11
31.08431457505076
 21
-6.600000000000001
 31
0.0
  0
LWPOLYLINE
  5
F4F
330
17
100
AcDbEntity
  8
marco-medio
100
AcDbPolyline
 90
4
 70
1
 10
31.0
 20
-6.6000000000000005
 10
31.5
 20
-6.6000000000000005
 10
31.5
 20
-6.75
 10
31.0
 20
-6.75
  0
LWPOLYLINE
  5
F50
330
17
100
AcDbEntity
  8
sombra
100
AcDbPolyline
 90
4
 70
1
 10
31.5
 20
-6.6000000000000005
 10
32.0
 20
-6.6000000000000005
 10
32.0
 20
-6.75
 10
31.5
 20
-6.75
  0
LINE
  5
F51
330
17
100
AcDbEntity
  8
hatch
100
AcDbLine
 10
31.85857864376269
 20
-6.75
 30
0.0
 11
32.0
 21
-6.608578643762689
 31
0.0
  0
LINE
  5
F52
330
17
100
AcDbEntity
  8
hatch
100
AcDbLine
 10
31.71715728752538
 20
-6.75
 30
0.0
 11
31.86715728752538
 21
-6.600000000000001
 31
0.0
  0
LINE
  5
F53
330
17
100
AcDbEntity
  8
hatch
100
AcDbLine
 10
31.575735931288072
 20
-6.75
 30
0.0
 11
31.72573593128807
 21
-6.600000000000001
 31
0.0
  0
LINE
  5
F54
330
17
100
AcDbEntity
  8
hatch
100
AcDbLine
 10
31.5
 20
-6.684314575050761
 30
0.0
 11
31.58431457505076
 21
-6.6
 31
0.0
  0
LWPOLYLINE
  5
F55
330
17
100
AcDbEntity
  8
marco-medio
100
AcDbPolyline
 90
4
 70
1
 10
31.5
 20
-6.6000000000000005
 10
32.0
 20
-6.6000000000000005
 10
32.0
 20
-6.75
 10
31.5
 20
-6.75
  0
LWPOLYLINE
  5
F56
330
17
100
AcDbEntity
  8
marco-medio
100
AcDbPolyline
 90
4
 70
1
 10
32.0
 20
-6.6000000000000005
 10
32.5
 20
-6.6000000000000005
 10
32.5
 20
-6.75
 10
32.0
 20
-6.75
  0
LINE
  5
F57
330
17
100
AcDbEntity
  8
hatch
100
AcDbLine
 10
32.358578643762684
 20
-6.749999999999998
 30
0.0
 11
32.5
 21
-6.608578643762684
 31
0.0
  0
LINE
  5
F58
330
17
100
AcDbEntity
  8
hatch
100
AcDbLine
 10
32.21715728752538
 20
-6.75
 30
0.0
 11
32.36715728752538
 21
-6.6
 31
0.0
  0
LINE
  5
F59
330
17
100
AcDbEntity
  8
hatch
100
AcDbLine
 10
32.07573593128807
 20
-6.749999999999998
 30
0.0
 11
32.22573593128807
 21
-6.6
 31
0.0
  0
LINE
  5
F5A
330
17
100
AcDbEntity
  8
hatch
100
AcDbLine
 10
32.0
 20
-6.684314575050763
 30
0.0
 11
32.08431457505076
 21
-6.600000000000003
 31
0.0
  0
LWPOLYLINE
  5
F5B
330
17
100
AcDbEntity
  8
marco-medio
100
AcDbPolyline
 90
4
 70
1
 10
32.0
 20
-6.6000000000000005
 10
32.5
 20
-6.6000000000000005
 10
32.5
 20
-6.75
 10
32.0
 20
-6.75
  0
LWPOLYLINE
  5
F5C
330
17
100
AcDbEntity
  8
sombra
100
AcDbPolyline
 90
4
 70
1
 10
32.5
 20
-6.6000000000000005
 10
33.0
 20
-6.6000000000000005
 10
33.0
 20
-6.75
 10
32.5
 20
-6.75
  0
LINE
  5
F5D
330
17
100
AcDbEntity
  8
hatch
100
AcDbLine
 10
32.858578643762684
 20
-6.749999999999998
 30
0.0
 11
32.99999999999999
 21
-6.608578643762687
 31
0.0
  0
LINE
  5
F5E
330
17
100
AcDbEntity
  8
hatch
100
AcDbLine
 10
32.71715728752538
 20
-6.75
 30
0.0
 11
32.86715728752537
 21
-6.600000000000003
 31
0.0
  0
LINE
  5
F5F
330
17
100
AcDbEntity
  8
hatch
100
AcDbLine
 10
32.575735931288065
 20
-6.749999999999998
 30
0.0
 11
32.725735931288064
 21
-6.599999999999998
 31
0.0
  0
LINE
  5
F60
330
17
100
AcDbEntity
  8
hatch
100
AcDbLine
 10
32.5
 20
-6.684314575050763
 30
0.0
 11
32.58431457505076
 21
-6.6
 31
0.0
  0
LWPOLYLINE
  5
F61
330
17
100
AcDbEntity
  8
marco-medio
100
AcDbPolyline
 90
4
 70
1
 10
32.5
 20
-6.6000000000000005
 10
33.0
 20
-6.6000000000000005
 10
33.0
 20
-6.75
 10
32.5
 20
-6.75
  0
LWPOLYLINE
  5
F62
330
17
100
AcDbEntity
  8
marco-medio
100
AcDbPolyline
 90
4
 70
1
 10
33.0
 20
-6.6000000000000005
 10
33.5
 20
-6.6000000000000005
 10
33.5
 20
-6.75
 10
33.0
 20
-6.75
  0
LINE
  5
F63
330
17
100
AcDbEntity
  8
hatch
100
AcDbLine
 10
33.35857864376269
 20
-6.75
 30
0.0
 11
33.5
 21
-6.608578643762689
 31
0.0
  0
LINE
  5
F64
330
17
100
AcDbEntity
  8
hatch
100
AcDbLine
 10
33.21715728752538
 20
-6.749999999999998
 30
0.0
 11
33.36715728752538
 21
-6.600000000000001
 31
0.0
  0
LINE
  5
F65
330
17
100
AcDbEntity
  8
hatch
100
AcDbLine
 10
33.07573593128807
 20
-6.75
 30
0.0
 11
33.22573593128807
 21
-6.600000000000003
 31
0.0
  0
LINE
  5
F66
330
17
100
AcDbEntity
  8
hatch
100
AcDbLine
 10
32.99999999999999
 20
-6.684314575050767
 30
0.0
 11
33.08431457505076
 21
-6.600000000000001
 31
0.0
  0
LWPOLYLINE
  5
F67
330
17
100
AcDbEntity
  8
marco-medio
100
AcDbPolyline
 90
4
 70
1
 10
33.0
 20
-6.6000000000000005
 10
33.5
 20
-6.6000000000000005
 10
33.5
 20
-6.75
 10
33.0
 20
-6.75
  0
TEXT
  5
F68
330
17
100
AcDbEntity
  8
texto
100
AcDbText
 10
30.925
 20
-6.720000000000001
 30
0.0
 40
0.1
  1
0
 72
2
100
AcDbText
  0
TEXT
  5
F69
330
17
100
AcDbEntity
  8
texto
100
AcDbText
 10
33.575
 20
-6.720000000000001
 30
0.0
 40
0.1
  1
5 m
100
AcDbText
  0
LWPOLYLINE
  5
F6A
330
17
100
AcDbEntity
  8
marco-medio
100
AcDbPolyline
 90
4
 70
1
 10
31.0
 20
-7.4
 10
31.833333333333332
 20
-7.4
 10
31.833333333333332
 20
-7.550000000000001
 10
31.0
 20
-7.550000000000001
  0
LINE
  5
F6B
330
17
100
AcDbEntity
  8
hatch
100
AcDbLine
 10
31.69191197709602
 20
-7.550000000000004
 30
0.0
 11
31.83333333333333
 21
-7.4085786437626915
 31
0.0
  0
LINE
  5
F6C
330
17
100
AcDbEntity
  8
hatch
100
AcDbLine
 10
31.55049062085871
 20
-7.5500000000000025
 30
0.0
 11
31.700490620858712
 21
-7.4
 31
0.0
  0
LINE
  5
F6D
330
17
100
AcDbEntity
  8
hatch
100
AcDbLine
 10
31.4090692646214
 20
-7.550000000000001
 30
0.0
 11
31.559069264621403
 21
-7.400000000000002
 31
0.0
  0
LINE
  5
F6E
330
17
100
AcDbEntity
  8
hatch
100
AcDbLine
 10
31.267647908384095
 20
-7.549999999999999
 30
0.0
 11
31.417647908384094
 21
-7.4
 31
0.0
  0
LINE
  5
F6F
330
17
100
AcDbEntity
  8
hatch
100
AcDbLine
 10
31.126226552146782
 20
-7.550000000000001
 30
0.0
 11
31.276226552146785
 21
-7.4
 31
0.0
  0
LINE
  5
F70
330
17
100
AcDbEntity
  8
hatch
100
AcDbLine
 10
31.000000000000007
 20
-7.534805195909467
 30
0.0
 11
31.134805195909472
 21
-7.399999999999999
 31
0.0
  0
LWPOLYLINE
  5
F71
330
17
100
AcDbEntity
  8
marco-medio
100
AcDbPolyline
 90
4
 70
1
 10
31.0
 20
-7.4
 10
31.833333333333332
 20
-7.4
 10
31.833333333333332
 20
-7.550000000000001
 10
31.0
 20
-7.550000000000001
  0
LWPOLYLINE
  5
F72
330
17
100
AcDbEntity
  8
sombra
100
AcDbPolyline
 90
4
 70
1
 10
31.833333333333332
 20
-7.4
 10
32.666666666666664
 20
-7.4
 10
32.666666666666664
 20
-7.550000000000001
 10
31.833333333333332
 20
-7.550000000000001
  0
LINE
  5
F73
330
17
100
AcDbEntity
  8
hatch
100
AcDbLine
 10
32.52524531042935
 20
-7.550000000000001
 30
0.0
 11
32.66666666666666
 21
-7.40857864376269
 31
0.0
  0
LINE
  5
F74
330
17
100
AcDbEntity
  8
hatch
100
AcDbLine
 10
32.383823954192046
 20
-7.550000000000004
 30
0.0
 11
32.533823954192044
 21
-7.400000000000002
 31
0.0
  0
LINE
  5
F75
330
17
100
AcDbEntity
  8
hatch
100
AcDbLine
 10
32.24240259795474
 20
-7.550000000000001
 30
0.0
 11
32.392402597954735
 21
-7.399999999999999
 31
0.0
  0
LINE
  5
F76
330
17
100
AcDbEntity
  8
hatch
100
AcDbLine
 10
32.10098124171743
 20
-7.5500000000000025
 30
0.0
 11
32.250981241717426
 21
-7.4
 31
0.0
  0
LINE
  5
F77
330
17
100
AcDbEntity
  8
hatch
100
AcDbLine
 10
31.959559885480118
 20
-7.550000000000001
 30
0.0
 11
32.10955988548012
 21
-7.399999999999999
 31
0.0
  0
LINE
  5
F78
330
17
100
AcDbEntity
  8
hatch
100
AcDbLine
 10
31.83333333333333
 20
-7.534805195909476
 30
0.0
 11
31.968138529242804
 21
-7.4
 31
0.0
  0
LWPOLYLINE
  5
F79
330
17
100
AcDbEntity
  8
marco-medio
100
AcDbPolyline
 90
4
 70
1
 10
31.833333333333332
 20
-7.4
 10
32.666666666666664
 20
-7.4
 10
32.666666666666664
 20
-7.550000000000001
 10
31.833333333333332
 20
-7.550000000000001
  0
TEXT
  5
F7A
330
17
100
AcDbEntity
  8
texto
100
AcDbText
 10
30.925
 20
-7.5200000000000005
 30
0.0
 40
0.1
  1
0
 72
2
100
AcDbText
  0
TEXT
  5
F7B
330
17
100
AcDbEntity
  8
texto
100
AcDbText
 10
32.74166666666667
 20
-7.5200000000000005
 30
0.0
 40
0.1
  1
20 m
100
AcDbText
  0
LWPOLYLINE
  5
F7C
330
17
100
AcDbEntity
  8
sombra
100
AcDbPolyline
 90
4
 70
1
 10
31.950000000000003
 20
-26.0
 10
41.45
 20
-26.0
 10
41.45
 20
-29.1
 10
31.950000000000003
 20
-29.1
  0
LINE
  5
F7D
330
17
100
AcDbEntity
  8
hatch
100
AcDbLine
 10
41.30857864376269
 20
-29.1
 30
0.0
 11
41.45
 21
-28.95857864376269
 31
0.0
  0
LINE
  5
F7E
330
17
100
AcDbEntity
  8
hatch
100
AcDbLine
 10
41.16715728752538
 20
-29.099999999999998
 30
0.0
 11
41.449999999999996
 21
-28.817157287525376
 31
0.0
  0
LINE
  5
F7F
330
17
100
AcDbEntity
  8
hatch
100
AcDbLine
 10
41.025735931288075
 20
-29.099999999999998
 30
0.0
 11
41.449999999999996
 21
-28.675735931288074
 31
0.0
  0
LINE
  5
F80
330
17
100
AcDbEntity
  8
hatch
100
AcDbLine
 10
40.884314575050766
 20
-29.1
 30
0.0
 11
41.45
 21
-28.534314575050765
 31
0.0
  0
LINE
  5
F81
330
17
100
AcDbEntity
  8
hatch
100
AcDbLine
 10
40.74289321881345
 20
-29.099999999999998
 30
0.0
 11
41.45
 21
-28.39289321881345
 31
0.0
  0
LINE
  5
F82
330
17
100
AcDbEntity
  8
hatch
100
AcDbLine
 10
40.60147186257614
 20
-29.099999999999998
 30
0.0
 11
41.45
 21
-28.251471862576135
 31
0.0
  0
LINE
  5
F83
330
17
100
AcDbEntity
  8
hatch
100
AcDbLine
 10
40.46005050633883
 20
-29.1
 30
0.0
 11
41.45
 21
-28.11005050633883
 31
0.0
  0
LINE
  5
F84
330
17
100
AcDbEntity
  8
hatch
100
AcDbLine
 10
40.31862915010153
 20
-29.1
 30
0.0
 11
41.45
 21
-27.968629150101528
 31
0.0
  0
LINE
  5
F85
330
17
100
AcDbEntity
  8
hatch
100
AcDbLine
 10
40.17720779386421
 20
-29.099999999999998
 30
0.0
 11
41.45
 21
-27.82720779386421
 31
0.0
  0
LINE
  5
F86
330
17
100
AcDbEntity
  8
hatch
100
AcDbLine
 10
40.03578643762691
 20
-29.099999999999994
 30
0.0
 11
41.45000000000001
 21
-27.6857864376269
 31
0.0
  0
LINE
  5
F87
330
17
100
AcDbEntity
  8
hatch
100
AcDbLine
 10
39.894365081389594
 20
-29.1
 30
0.0
 11
41.45
 21
-27.544365081389593
 31
0.0
  0
LINE
  5
F88
330
17
100
AcDbEntity
  8
hatch
100
AcDbLine
 10
39.75294372515228
 20
-29.1
 30
0.0
 11
41.45
 21
-27.402943725152276
 31
0.0
  0
LINE
  5
F89
330
17
100
AcDbEntity
  8
hatch
100
AcDbLine
 10
39.611522368914976
 20
-29.099999999999998
 30
0.0
 11
41.45
 21
-27.261522368914974
 31
0.0
  0
LINE
  5
F8A
330
17
100
AcDbEntity
  8
hatch
100
AcDbLine
 10
39.470101012677674
 20
-29.099999999999994
 30
0.0
 11
41.45
 21
-27.12010101267766
 31
0.0
  0
LINE
  5
F8B
330
17
100
AcDbEntity
  8
hatch
100
AcDbLine
 10
39.32867965644036
 20
-29.1
 30
0.0
 11
41.45
 21
-26.978679656440356
 31
0.0
  0
LINE
  5
F8C
330
17
100
AcDbEntity
  8
hatch
100
AcDbLine
 10
39.18725830020304
 20
-29.099999999999998
 30
0.0
 11
41.45
 21
-26.83725830020304
 31
0.0
  0
LINE
  5
F8D
330
17
100
AcDbEntity
  8
hatch
100
AcDbLine
 10
39.04583694396574
 20
-29.099999999999994
 30
0.0
 11
41.45000000000001
 21
-26.695836943965727
 31
0.0
  0
LINE
  5
F8E
330
17
100
AcDbEntity
  8
hatch
100
AcDbLine
 10
38.90441558772844
 20
-29.099999999999994
 30
0.0
 11
41.45000000000001
 21
-26.554415587728425
 31
0.0
  0
LINE
  5
F8F
330
17
100
AcDbEntity
  8
hatch
100
AcDbLine
 10
38.76299423149112
 20
-29.1
 30
0.0
 11
41.45
 21
-26.41299423149112
 31
0.0
  0
LINE
  5
F90
330
17
100
AcDbEntity
  8
hatch
100
AcDbLine
 10
38.621572875253804
 20
-29.099999999999998
 30
0.0
 11
41.45
 21
-26.271572875253803
 31
0.0
  0
LINE
  5
F91
330
17
100
AcDbEntity
  8
hatch
100
AcDbLine
 10
38.4801515190165
 20
-29.099999999999994
 30
0.0
 11
41.45000000000001
 21
-26.13015151901649
 31
0.0
  0
LINE
  5
F92
330
17
100
AcDbEntity
  8
hatch
100
AcDbLine
 10
38.338730162779186
 20
-29.1
 30
0.0
 11
41.43873016277918
 21
-26.000000000000007
 31
0.0
  0
LINE
  5
F93
330
17
100
AcDbEntity
  8
hatch
100
AcDbLine
 10
38.19730880654188
 20
-29.1
 30
0.0
 11
41.29730880654188
 21
-26.000000000000007
 31
0.0
  0
LINE
  5
F94
330
17
100
AcDbEntity
  8
hatch
100
AcDbLine
 10
38.05588745030457
 20
-29.099999999999998
 30
0.0
 11
41.15588745030457
 21
-26.000000000000004
 31
0.0
  0
LINE
  5
F95
330
17
100
AcDbEntity
  8
hatch
100
AcDbLine
 10
37.914466094067265
 20
-29.099999999999994
 30
0.0
 11
41.01446609406726
 21
-26.0
 31
0.0
  0
LINE
  5
F96
330
17
100
AcDbEntity
  8
hatch
100
AcDbLine
 10
37.77304473782995
 20
-29.1
 30
0.0
 11
40.87304473782994
 21
-26.000000000000007
 31
0.0
  0
LINE
  5
F97
330
17
100
AcDbEntity
  8
hatch
100
AcDbLine
 10
37.63162338159263
 20
-29.099999999999998
 30
0.0
 11
40.731623381592634
 21
-26.000000000000004
 31
0.0
  0
LINE
  5
F98
330
17
100
AcDbEntity
  8
hatch
100
AcDbLine
 10
37.49020202535534
 20
-29.099999999999998
 30
0.0
 11
40.59020202535533
 21
-26.000000000000004
 31
0.0
  0
LINE
  5
F99
330
17
100
AcDbEntity
  8
hatch
100
AcDbLine
 10
37.34878066911803
 20
-29.1
 30
0.0
 11
40.44878066911802
 21
-26.000000000000007
 31
0.0
  0
LINE
  5
F9A
330
17
100
AcDbEntity
  8
hatch
100
AcDbLine
 10
37.20735931288071
 20
-29.1
 30
0.0
 11
40.307359312880706
 21
-26.000000000000007
 31
0.0
  0
LINE
  5
F9B
330
17
100
AcDbEntity
  8
hatch
100
AcDbLine
 10
37.0659379566434
 20
-29.099999999999998
 30
0.0
 11
40.1659379566434
 21
-26.000000000000004
 31
0.0
  0
LINE
  5
F9C
330
17
100
AcDbEntity
  8
hatch
100
AcDbLine
 10
36.92451660040609
 20
-29.1
 30
0.0
 11
40.02451660040609
 21
-26.000000000000007
 31
0.0
  0
LINE
  5
F9D
330
17
100
AcDbEntity
  8
hatch
100
AcDbLine
 10
36.78309524416879
 20
-29.1
 30
0.0
 11
39.883095244168786
 21
-26.000000000000007
 31
0.0
  0
LINE
  5
F9E
330
17
100
AcDbEntity
  8
hatch
100
AcDbLine
 10
36.641673887931475
 20
-29.1
 30
0.0
 11
39.74167388793147
 21
-26.000000000000007
 31
0.0
  0
LINE
  5
F9F
330
17
100
AcDbEntity
  8
hatch
100
AcDbLine
 10
36.50025253169417
 20
-29.099999999999998
 30
0.0
 11
39.60025253169417
 21
-26.000000000000004
 31
0.0
  0
LINE
  5
FA0
330
17
100
AcDbEntity
  8
hatch
100
AcDbLine
 10
36.35883117545686
 20
-29.1
 30
0.0
 11
39.45883117545685
 21
-26.000000000000007
 31
0.0
  0
LINE
  5
FA1
330
17
100
AcDbEntity
  8
hatch
100
AcDbLine
 10
36.21740981921954
 20
-29.1
 30
0.0
 11
39.317409819219534
 21
-26.000000000000004
 31
0.0
  0
LINE
  5
FA2
330
17
100
AcDbEntity
  8
hatch
100
AcDbLine
 10
36.07598846298224
 20
-29.099999999999998
 30
0.0
 11
39.17598846298223
 21
-26.000000000000004
 31
0.0
  0
LINE
  5
FA3
330
17
100
AcDbEntity
  8
hatch
100
AcDbLine
 10
35.934567106744936
 20
-29.099999999999998
 30
0.0
 11
39.03456710674493
 21
-26.0
 31
0.0
  0
LINE
  5
FA4
330
17
100
AcDbEntity
  8
hatch
100
AcDbLine
 10
35.79314575050762
 20
-29.1
 30
0.0
 11
38.893145750507614
 21
-26.000000000000007
 31
0.0
  0
LINE
  5
FA5
330
17
100
AcDbEntity
  8
hatch
100
AcDbLine
 10
35.6517243942703
 20
-29.099999999999998
 30
0.0
 11
38.7517243942703
 21
-26.000000000000004
 31
0.0
  0
LINE
  5
FA6
330
17
100
AcDbEntity
  8
hatch
100
AcDbLine
 10
35.510303038033
 20
-29.099999999999998
 30
0.0
 11
38.610303038032995
 21
-26.0
 31
0.0
  0
LINE
  5
FA7
330
17
100
AcDbEntity
  8
hatch
100
AcDbLine
 10
35.3688816817957
 20
-29.099999999999998
 30
0.0
 11
38.46888168179569
 21
-26.0
 31
0.0
  0
LINE
  5
FA8
330
17
100
AcDbEntity
  8
hatch
100
AcDbLine
 10
35.22746032555838
 20
-29.1
 30
0.0
 11
38.32746032555838
 21
-26.000000000000007
 31
0.0
  0
LINE
  5
FA9
330
17
100
AcDbEntity
  8
hatch
100
AcDbLine
 10
35.086038969321066
 20
-29.099999999999998
 30
0.0
 11
38.18603896932107
 21
-26.000000000000004
 31
0.0
  0
LINE
  5
FAA
330
17
100
AcDbEntity
  8
hatch
100
AcDbLine
 10
34.944617613083764
 20
-29.099999999999994
 30
0.0
 11
38.04461761308376
 21
-26.0
 31
0.0
  0
LINE
  5
FAB
330
17
100
AcDbEntity
  8
hatch
100
AcDbLine
 10
34.80319625684645
 20
-29.099999999999998
 30
0.0
 11
37.90319625684644
 21
-26.000000000000004
 31
0.0
  0
LINE
  5
FAC
330
17
100
AcDbEntity
  8
hatch
100
AcDbLine
 10
34.661774900609146
 20
-29.1
 30
0.0
 11
37.76177490060914
 21
-26.000000000000007
 31
0.0
  0
LINE
  5
FAD
330
17
100
AcDbEntity
  8
hatch
100
AcDbLine
 10
34.52035354437184
 20
-29.099999999999998
 30
0.0
 11
37.62035354437183
 21
-26.0
 31
0.0
  0
LINE
  5
FAE
330
17
100
AcDbEntity
  8
hatch
100
AcDbLine
 10
34.37893218813453
 20
-29.1
 30
0.0
 11
37.47893218813452
 21
-26.000000000000004
 31
0.0
  0
LINE
  5
FAF
330
17
100
AcDbEntity
  8
hatch
100
AcDbLine
 10
34.23751083189721
 20
-29.1
 30
0.0
 11
37.337510831897205
 21
-26.000000000000004
 31
0.0
  0
LINE
  5
FB0
330
17
100
AcDbEntity
  8
hatch
100
AcDbLine
 10
34.0960894756599
 20
-29.099999999999998
 30
0.0
 11
37.196089475659896
 21
-26.0
 31
0.0
  0
LINE
  5
FB1
330
17
100
AcDbEntity
  8
hatch
100
AcDbLine
 10
33.9546681194226
 20
-29.099999999999998
 30
0.0
 11
37.054668119422594
 21
-26.0
 31
0.0
  0
LINE
  5
FB2
330
17
100
AcDbEntity
  8
hatch
100
AcDbLine
 10
33.81324676318529
 20
-29.1
 30
0.0
 11
36.913246763185285
 21
-26.000000000000004
 31
0.0
  0
LINE
  5
FB3
330
17
100
AcDbEntity
  8
hatch
100
AcDbLine
 10
33.671825406947974
 20
-29.1
 30
0.0
 11
36.771825406947976
 21
-26.000000000000004
 31
0.0
  0
LINE
  5
FB4
330
17
100
AcDbEntity
  8
hatch
100
AcDbLine
 10
33.530404050710665
 20
-29.099999999999998
 30
0.0
 11
36.63040405071066
 21
-26.0
 31
0.0
  0
LINE
  5
FB5
330
17
100
AcDbEntity
  8
hatch
100
AcDbLine
 10
33.388982694473356
 20
-29.1
 30
0.0
 11
36.48898269447335
 21
-26.000000000000004
 31
0.0
  0
LINE
  5
FB6
330
17
100
AcDbEntity
  8
hatch
100
AcDbLine
 10
33.24756133823605
 20
-29.1
 30
0.0
 11
36.34756133823605
 21
-26.000000000000004
 31
0.0
  0
LINE
  5
FB7
330
17
100
AcDbEntity
  8
hatch
100
AcDbLine
 10
33.10613998199874
 20
-29.1
 30
0.0
 11
36.20613998199874
 21
-26.000000000000004
 31
0.0
  0
LINE
  5
FB8
330
17
100
AcDbEntity
  8
hatch
100
AcDbLine
 10
32.96471862576143
 20
-29.099999999999998
 30
0.0
 11
36.06471862576143
 21
-26.0
 31
0.0
  0
LINE
  5
FB9
330
17
100
AcDbEntity
  8
hatch
100
AcDbLine
 10
32.82329726952412
 20
-29.099999999999998
 30
0.0
 11
35.92329726952411
 21
-26.0
 31
0.0
  0
LINE
  5
FBA
330
17
100
AcDbEntity
  8
hatch
100
AcDbLine
 10
32.6818759132868
 20
-29.1
 30
0.0
 11
35.781875913286804
 21
-26.000000000000004
 31
0.0
  0
LINE
  5
FBB
330
17
100
AcDbEntity
  8
hatch
100
AcDbLine
 10
32.54045455704951
 20
-29.1
 30
0.0
 11
35.6404545570495
 21
-26.000000000000004
 31
0.0
  0
LINE
  5
FBC
330
17
100
AcDbEntity
  8
hatch
100
AcDbLine
 10
32.39903320081219
 20
-29.1
 30
0.0
 11
35.49903320081219
 21
-26.000000000000004
 31
0.0
  0
LINE
  5
FBD
330
17
100
AcDbEntity
  8
hatch
100
AcDbLine
 10
32.25761184457488
 20
-29.099999999999998
 30
0.0
 11
35.357611844574876
 21
-26.0
 31
0.0
  0
LINE
  5
FBE
330
17
100
AcDbEntity
  8
hatch
100
AcDbLine
 10
32.11619048833757
 20
-29.1
 30
0.0
 11
35.21619048833757
 21
-26.000000000000004
 31
0.0
  0
LINE
  5
FBF
330
17
100
AcDbEntity
  8
hatch
100
AcDbLine
 10
31.974769132100256
 20
-29.1
 30
0.0
 11
35.07476913210026
 21
-26.000000000000004
 31
0.0
  0
LINE
  5
FC0
330
17
100
AcDbEntity
  8
hatch
100
AcDbLine
 10
31.95
 20
-28.983347775862956
 30
0.0
 11
34.933347775862956
 21
-26.000000000000004
 31
0.0
  0
LINE
  5
FC1
330
17
100
AcDbEntity
  8
hatch
100
AcDbLine
 10
31.950000000000003
 20
-28.84192641962564
 30
0.0
 11
34.79192641962564
 21
-26.0
 31
0.0
  0
LINE
  5
FC2
330
17
100
AcDbEntity
  8
hatch
100
AcDbLine
 10
31.950000000000003
 20
-28.70050506338833
 30
0.0
 11
34.65050506338833
 21
-26.0
 31
0.0
  0
LINE
  5
FC3
330
17
100
AcDbEntity
  8
hatch
100
AcDbLine
 10
31.95
 20
-28.55908370715102
 30
0.0
 11
34.50908370715102
 21
-26.000000000000004
 31
0.0
  0
LINE
  5
FC4
330
17
100
AcDbEntity
  8
hatch
100
AcDbLine
 10
31.950000000000003
 20
-28.417662350913705
 30
0.0
 11
34.367662350913704
 21
-26.0
 31
0.0
  0
LINE
  5
FC5
330
17
100
AcDbEntity
  8
hatch
100
AcDbLine
 10
31.950000000000003
 20
-28.276240994676407
 30
0.0
 11
34.22624099467641
 21
-26.000000000000004
 31
0.0
  0
LINE
  5
FC6
330
17
100
AcDbEntity
  8
hatch
100
AcDbLine
 10
31.950000000000003
 20
-28.134819638439094
 30
0.0
 11
34.08481963843909
 21
-26.0
 31
0.0
  0
LINE
  5
FC7
330
17
100
AcDbEntity
  8
hatch
100
AcDbLine
 10
31.950000000000003
 20
-27.993398282201785
 30
0.0
 11
33.943398282201784
 21
-26.000000000000004
 31
0.0
  0
LINE
  5
FC8
330
17
100
AcDbEntity
  8
hatch
100
AcDbLine
 10
31.950000000000003
 20
-27.851976925964472
 30
0.0
 11
33.801976925964475
 21
-26.000000000000004
 31
0.0
  0
LINE
  5
FC9
330
17
100
AcDbEntity
  8
hatch
100
AcDbLine
 10
31.950000000000003
 20
-27.71055556972716
 30
0.0
 11
33.66055556972716
 21
-26.0
 31
0.0
  0
LINE
  5
FCA
330
17
100
AcDbEntity
  8
hatch
100
AcDbLine
 10
31.950000000000003
 20
-27.569134213489857
 30
0.0
 11
33.51913421348986
 21
-26.0
 31
0.0
  0
LINE
  5
FCB
330
17
100
AcDbEntity
  8
hatch
100
AcDbLine
 10
31.950000000000003
 20
-27.427712857252548
 30
0.0
 11
33.37771285725255
 21
-26.0
 31
0.0
  0
LINE
  5
FCC
330
17
100
AcDbEntity
  8
hatch
100
AcDbLine
 10
31.950000000000003
 20
-27.28629150101524
 30
0.0
 11
33.23629150101524
 21
-26.000000000000004
 31
0.0
  0
LINE
  5
FCD
330
17
100
AcDbEntity
  8
hatch
100
AcDbLine
 10
31.950000000000003
 20
-27.144870144777922
 30
0.0
 11
33.09487014477793
 21
-26.0
 31
0.0
  0
LINE
  5
FCE
330
17
100
AcDbEntity
  8
hatch
100
AcDbLine
 10
31.950000000000003
 20
-27.003448788540613
 30
0.0
 11
32.95344878854061
 21
-26.0
 31
0.0
  0
LINE
  5
FCF
330
17
100
AcDbEntity
  8
hatch
100
AcDbLine
 10
31.950000000000003
 20
-26.86202743230331
 30
0.0
 11
32.81202743230331
 21
-26.0
 31
0.0
  0
LINE
  5
FD0
330
17
100
AcDbEntity
  8
hatch
100
AcDbLine
 10
31.950000000000003
 20
-26.720606076066
 30
0.0
 11
32.670606076066
 21
-26.0
 31
0.0
  0
LINE
  5
FD1
330
17
100
AcDbEntity
  8
hatch
100
AcDbLine
 10
31.950000000000003
 20
-26.579184719828685
 30
0.0
 11
32.52918471982869
 21
-26.0
 31
0.0
  0
LINE
  5
FD2
330
17
100
AcDbEntity
  8
hatch
100
AcDbLine
 10
31.950000000000003
 20
-26.437763363591376
 30
0.0
 11
32.387763363591375
 21
-26.0
 31
0.0
  0
LINE
  5
FD3
330
17
100
AcDbEntity
  8
hatch
100
AcDbLine
 10
31.950000000000003
 20
-26.296342007354067
 30
0.0
 11
32.246342007354066
 21
-26.0
 31
0.0
  0
LINE
  5
FD4
330
17
100
AcDbEntity
  8
hatch
100
AcDbLine
 10
31.950000000000003
 20
-26.154920651116765
 30
0.0
 11
32.104920651116764
 21
-26.0
 31
0.0
  0
LINE
  5
FD5
330
17
100
AcDbEntity
  8
hatch
100
AcDbLine
 10
31.950000000000003
 20
-26.013499294879455
 30
0.0
 11
31.96349929487945
 21
-26.000000000000004
 31
0.0
  0
LWPOLYLINE
  5
FD6
330
17
100
AcDbEntity
  8
marco
100
AcDbPolyline
 90
4
 70
1
 10
31.950000000000003
 20
-26.0
 10
41.45
 20
-26.0
 10
41.45
 20
-29.1
 10
31.950000000000003
 20
-29.1
  0
LINE
  5
FD7
330
17
100
AcDbEntity
  8
marco-medio
100
AcDbLine
 10
31.950000000000003
 20
-26.700000000000003
 30
0.0
 11
41.45
 21
-26.700000000000003
 31
0.0
  0
LINE
  5
FD8
330
17
100
AcDbEntity
  8
marco-fino
100
AcDbLine
 10
31.950000000000003
 20
-27.1
 30
0.0
 11
41.45
 21
-27.1
 31
0.0
  0
LINE
  5
FD9
330
17
100
AcDbEntity
  8
marco-fino
100
AcDbLine
 10
31.950000000000003
 20
-27.900000000000002
 30
0.0
 11
41.45
 21
-27.900000000000002
 31
0.0
  0
LINE
  5
FDA
330
17
100
AcDbEntity
  8
marco-fino
100
AcDbLine
 10
37.35
 20
-27.1
 30
0.0
 11
37.35
 21
-29.1
 31
0.0
  0
LINE
  5
FDB
330
17
100
AcDbEntity
  8
marco-fino
100
AcDbLine
 10
31.950000000000003
 20
-28.6
 30
0.0
 11
37.35
 21
-28.6
 31
0.0
  0
LINE
  5
FDC
330
17
100
AcDbEntity
  8
marco-fino
100
AcDbLine
 10
34.95
 20
-28.6
 30
0.0
 11
34.95
 21
-29.1
 31
0.0
  0
LINE
  5
FDD
330
17
100
AcDbEntity
  8
marco-fino
100
AcDbLine
 10
35.550000000000004
 20
-28.6
 30
0.0
 11
35.550000000000004
 21
-29.1
 31
0.0
  0
TEXT
  5
FDE
330
17
100
AcDbEntity
  8
texto
100
AcDbText
 10
32.1
 20
-26.25
 30
0.0
 40
0.145
  1
JMDSI · INGENIERÍA Y ARQUITECTURA
100
AcDbText
  0
TEXT
  5
FDF
330
17
100
AcDbEntity
  8
texto-suave
100
AcDbText
 10
32.1
 20
-26.55
 30
0.0
 40
0.11000000000000001
  1
Planos de proyecto — Bloque Dormitorios
100
AcDbText
  0
TEXT
  5
FE0
330
17
100
AcDbEntity
  8
texto
100
AcDbText
 10
41.300000000000004
 20
-26.25
 30
0.0
 40
0.16
  1
LÁMINA A-06
 72
2
100
AcDbText
  0
TEXT
  5
FE1
330
17
100
AcDbEntity
  8
texto-suave
100
AcDbText
 10
41.300000000000004
 20
-26.55
 30
0.0
 40
0.12
  1
E E 1:100 / 1:600
 72
2
100
AcDbText
  0
TEXT
  5
FE2
330
17
100
AcDbEntity
  8
texto-suave
100
AcDbText
 10
32.1
 20
-27.950000000000003
 30
0.0
 40
0.095
  1
PROYECTO
100
AcDbText
  0
TEXT
  5
FE3
330
17
100
AcDbEntity
  8
texto
100
AcDbText
 10
32.1
 20
-28.150000000000002
 30
0.0
 40
0.125
  1
BLOQUE DORMITORIOS — 2 NIVELES (PLANTA BAJA Y ALTA)
100
AcDbText
  0
TEXT
  5
FE4
330
17
100
AcDbEntity
  8
texto-suave
100
AcDbText
 10
32.1
 20
-28.6
 30
0.0
 40
0.095
  1
CONTENIDO
100
AcDbText
  0
TEXT
  5
FE5
330
17
100
AcDbEntity
  8
texto
100
AcDbText
 10
32.1
 20
-28.8
 30
0.0
 40
0.12
  1
Cortes y fachadas (planta baja y alta) con dimensiones + miniatura de situación
100
AcDbText
  0
TEXT
  5
FE6
330
17
100
AcDbEntity
  8
texto-suave
100
AcDbText
 10
35.050000000000004
 20
-28.6
 30
0.0
 40
0.095
  1
ESCALA
100
AcDbText
  0
TEXT
  5
FE7
330
17
100
AcDbEntity
  8
texto
100
AcDbText
 10
35.050000000000004
 20
-28.8
 30
0.0
 40
0.12
  1
E 1:100 / 1:600
100
AcDbText
  0
TEXT
  5
FE8
330
17
100
AcDbEntity
  8
texto-suave
100
AcDbText
 10
35.65
 20
-28.6
 30
0.0
 40
0.095
  1
Nº
100
AcDbText
  0
TEXT
  5
FE9
330
17
100
AcDbEntity
  8
texto
100
AcDbText
 10
35.65
 20
-28.8
 30
0.0
 40
0.12
  1
A-06
100
AcDbText
  0
TEXT
  5
FEA
330
17
100
AcDbEntity
  8
texto-suave
100
AcDbText
 10
37.45
 20
-27.1
 30
0.0
 40
0.095
  1
FECHA
100
AcDbText
  0
TEXT
  5
FEB
330
17
100
AcDbEntity
  8
texto
100
AcDbText
 10
37.45
 20
-27.3
 30
0.0
 40
0.12
  1
2026-10-04
100
AcDbText
  0
TEXT
  5
FEC
330
17
100
AcDbEntity
  8
texto-suave
100
AcDbText
 10
37.45
 20
-27.950000000000003
 30
0.0
 40
0.095
  1
DIBUJÓ / REVISÓ
100
AcDbText
  0
TEXT
  5
FED
330
17
100
AcDbEntity
  8
texto
100
AcDbText
 10
37.45
 20
-28.150000000000002
 30
0.0
 40
0.11000000000000001
  1
JMDSI · Área de Proyectos
100
AcDbText
  0
TEXT
  5
FEE
330
17
100
AcDbEntity
  8
texto-suave
100
AcDbText
 10
32.1
 20
-27.150000000000002
 30
0.0
 40
0.095
  1
EMPLAZAMIENTO / PROMOTOR
100
AcDbText
  0
TEXT
  5
FEF
330
17
100
AcDbEntity
  8
texto
100
AcDbText
 10
32.1
 20
-27.35
 30
0.0
 40
0.105
  1
Campus JMDSI — predio 100,00 × 100,00 m
100
AcDbText
  0
TEXT
  5
FF0
330
17
100
AcDbEntity
  8
texto-suave
100
AcDbText
 10
32.1
 20
-26.700000000000003
 30
0.0
 40
0.095
  1
Nº DE HOJA
100
AcDbText
  0
TEXT
  5
FF1
330
17
100
AcDbEntity
  8
texto
100
AcDbText
 10
32.1
 20
-26.900000000000002
 30
0.0
 40
0.12
  1
1 de 1
100
AcDbText
  0
TEXT
  5
FF2
330
17
100
AcDbEntity
  8
texto-suave
100
AcDbText
 10
35.050000000000004
 20
-26.700000000000003
 30
0.0
 40
0.095
  1
MODIFICACIÓN
100
AcDbText
  0
TEXT
  5
FF3
330
17
100
AcDbEntity
  8
texto
100
AcDbText
 10
35.050000000000004
 20
-26.900000000000002
 30
0.0
 40
0.105
  1
Emisión inicial
100
AcDbText
  0
ENDSEC
  0
SECTION
  2
OBJECTS
  0
DICTIONARY
  5
A
330
0
100
AcDbDictionary
281
1
  3
ACAD_COLOR
350
B
  3
ACAD_GROUP
350
C
  3
ACAD_LAYOUT
350
D
  3
ACAD_MATERIAL
350
E
  3
ACAD_MLEADERSTYLE
350
F
  3
ACAD_MLINESTYLE
350
10
  3
ACAD_PLOTSETTINGS
350
11
  3
ACAD_PLOTSTYLENAME
350
12
  3
ACAD_SCALELIST
350
14
  3
ACAD_TABLESTYLE
350
15
  3
ACAD_VISUALSTYLE
350
16
  3
EZDXF_META
350
2D
  0
DICTIONARY
  5
B
330
A
100
AcDbDictionary
281
1
  0
DICTIONARY
  5
C
330
A
100
AcDbDictionary
281
1
  0
DICTIONARY
  5
D
330
A
100
AcDbDictionary
281
1
  3
Model
350
1A
  3
Layout1
350
1E
  0
DICTIONARY
  5
E
330
A
100
AcDbDictionary
281
1
  3
ByBlock
350
1F
  3
ByLayer
350
20
  3
Global
350
21
  0
DICTIONARY
  5
F
330
A
100
AcDbDictionary
281
1
  3
Standard
350
2C
  0
DICTIONARY
  5
10
330
A
100
AcDbDictionary
281
1
  3
Standard
350
22
  0
DICTIONARY
  5
11
330
A
100
AcDbDictionary
281
1
  0
ACDBDICTIONARYWDFLT
  5
12
330
A
100
AcDbDictionary
281
1
  3
Normal
350
13
100
AcDbDictionaryWithDefault
340
13
  0
ACDBPLACEHOLDER
  5
13
330
12
  0
DICTIONARY
  5
14
330
A
100
AcDbDictionary
281
1
  0
DICTIONARY
  5
15
330
A
100
AcDbDictionary
281
1
  0
DICTIONARY
  5
16
330
A
100
AcDbDictionary
281
1
  3
2dWireframe
350
5A
  3
Basic
350
5B
  3
Brighten
350
5C
  3
ColorChange
350
5D
  3
Conceptual
350
5E
  3
Dim
350
5F
  3
EdgeColorOff
350
60
  3
Facepattern
350
61
  3
Flat
350
62
  3
FlatWithEdges
350
63
  3
Gouraud
350
64
  3
GouraudWithEdges
350
65
  3
Hidden
350
66
  3
JitterOff
350
67
  3
Linepattern
350
68
  3
Modeling
350
69
  3
OverhangOff
350
6A
  3
Realistic
350
6B
  3
Shaded
350
6C
  3
Shaded with edges
350
6D
  3
Shades of Gray
350
6E
  3
Sketchy
350
6F
  3
Thicken
350
70
  3
Wireframe
350
71
  3
X-Ray
350
72
  0
LAYOUT
  5
1A
330
D
100
AcDbPlotSettings
  1

  4
A3
  6

 40
7.5
 41
20.0
 42
7.5
 43
20.0
 44
420.0
 45
297.0
 46
0.0
 47
0.0
 48
0.0
 49
0.0
140
0.0
141
0.0
142
1.0
143
1.0
 70
1024
 72
1
 73
0
 74
5
  7

 75
16
 76
0
 77
2
 78
300
147
1.0
148
0.0
149
0.0
100
AcDbLayout
  1
Model
 70
1
 71
0
 10
0.0
 20
0.0
 11
420.0
 21
297.0
 12
0.0
 22
0.0
 32
0.0
 14
1e+20
 24
1e+20
 34
1e+20
 15
-1e+20
 25
-1e+20
 35
-1e+20
146
0.0
 13
0.0
 23
0.0
 33
0.0
 16
1.0
 26
0.0
 36
0.0
 17
0.0
 27
1.0
 37
0.0
 76
1
330
17
  0
LAYOUT
  5
1E
330
D
100
AcDbPlotSettings
  1

  4
A3
  6

 40
7.5
 41
20.0
 42
7.5
 43
20.0
 44
420.0
 45
297.0
 46
0.0
 47
0.0
 48
0.0
 49
0.0
140
0.0
141
0.0
142
1.0
143
1.0
 70
0
 72
1
 73
0
 74
5
  7

 75
16
 76
0
 77
2
 78
300
147
1.0
148
0.0
149
0.0
100
AcDbLayout
  1
Layout1
 70
1
 71
1
 10
0.0
 20
0.0
 11
420.0
 21
297.0
 12
0.0
 22
0.0
 32
0.0
 14
1e+20
 24
1e+20
 34
1e+20
 15
-1e+20
 25
-1e+20
 35
-1e+20
146
0.0
 13
0.0
 23
0.0
 33
0.0
 16
1.0
 26
0.0
 36
0.0
 17
0.0
 27
1.0
 37
0.0
 76
1
330
1B
  0
MATERIAL
  5
1F
102
{ACAD_REACTORS
330
E
102
}
330
E
100
AcDbMaterial
  1
ByBlock
  2

 70
0
 40
1.0
 71
1
 41
1.0
 91
-1023410177
 42
1.0
 72
1
  3

 73
1
 74
1
 75
1
 44
0.5
 73
0
 45
1.0
 46
1.0
 77
1
  4

 78
1
 79
1
170
1
 48
1.0
171
1
  6

172
1
173
1
174
1
140
1.0
141
1.0
175
1
  7

176
1
177
1
178
1
143
1.0
179
1
  8

270
1
271
1
272
1
145
1.0
146
1.0
273
1
  9

274
1
275
1
276
1
 42
1.0
 72
1
  3

 73
1
 74
1
 75
1
 94
63
  0
MATERIAL
  5
20
102
{ACAD_REACTORS
330
E
102
}
330
E
100
AcDbMaterial
  1
ByLayer
  2

 70
0
 40
1.0
 71
1
 41
1.0
 91
-1023410177
 42
1.0
 72
1
  3

 73
1
 74
1
 75
1
 44
0.5
 73
0
 45
1.0
 46
1.0
 77
1
  4

 78
1
 79
1
170
1
 48
1.0
171
1
  6

172
1
173
1
174
1
140
1.0
141
1.0
175
1
  7

176
1
177
1
178
1
143
1.0
179
1
  8

270
1
271
1
272
1
145
1.0
146
1.0
273
1
  9

274
1
275
1
276
1
 42
1.0
 72
1
  3

 73
1
 74
1
 75
1
 94
63
  0
MATERIAL
  5
21
102
{ACAD_REACTORS
330
E
102
}
330
E
100
AcDbMaterial
  1
Global
  2

 70
0
 40
1.0
 71
1
 41
1.0
 91
-1023410177
 42
1.0
 72
1
  3

 73
1
 74
1
 75
1
 44
0.5
 73
0
 45
1.0
 46
1.0
 77
1
  4

 78
1
 79
1
170
1
 48
1.0
171
1
  6

172
1
173
1
174
1
140
1.0
141
1.0
175
1
  7

176
1
177
1
178
1
143
1.0
179
1
  8

270
1
271
1
272
1
145
1.0
146
1.0
273
1
  9

274
1
275
1
276
1
 42
1.0
 72
1
  3

 73
1
 74
1
 75
1
 94
63
  0
MLINESTYLE
  5
22
102
{ACAD_REACTORS
330
10
102
}
330
10
100
AcDbMlineStyle
  2
Standard
 70
0
  3

 62
256
 51
90.0
 52
90.0
 71
2
 49
0.5
 62
256
  6
BYLAYER
 49
-0.5
 62
256
  6
BYLAYER
  0
MLEADERSTYLE
  5
2C
102
{ACAD_REACTORS
330
F
102
}
330
F
100
AcDbMLeaderStyle
179
2
170
2
171
1
172
0
 90
2
 40
0.0
 41
0.0
173
1
 91
-1056964608
 92
-2
290
1
 42
2.0
291
1
 43
8.0
  3
Standard
 44
4.0
300

342
29
174
1
175
1
176
0
178
1
 93
-1056964608
 45
4.0
292
0
297
0
 46
4.0
 94
-1056964608
 47
1.0
 49
1.0
140
1.0
294
1
141
0.0
177
0
142
1.0
295
0
296
0
143
3.75
271
0
272
9
273
9
  0
DICTIONARY
  5
2D
330
A
100
AcDbDictionary
280
1
281
1
  3
CREATED_BY_EZDXF
350
2E
  3
WRITTEN_BY_EZDXF
350
FF6
  0
DICTIONARYVAR
  5
2E
330
2D
100
DictionaryVariables
280
0
  1
1.4.4 @ 2026-10-04T04:21:35.503739+00:00
  0
VISUALSTYLE
  5
5A
102
{ACAD_REACTORS
330
16
102
}
330
16
100
AcDbVisualStyle
  2
2dWireframe
 70
4
 90
0
 40
0.6
 62
7
290
0
291
0
  0
VISUALSTYLE
  5
5B
102
{ACAD_REACTORS
330
16
102
}
330
16
100
AcDbVisualStyle
  2
Basic
 70
7
 90
1
 40
0.6
 62
7
290
0
291
1
  0
VISUALSTYLE
  5
5C
102
{ACAD_REACTORS
330
16
102
}
330
16
100
AcDbVisualStyle
  2
Brighten
 70
12
 90
2
 40
0.6
 62
7
290
0
291
1
  0
VISUALSTYLE
  5
5D
102
{ACAD_REACTORS
330
16
102
}
330
16
100
AcDbVisualStyle
  2
ColorChange
 70
16
 90
2
 40
0.6
 62
8
290
0
291
1
  0
VISUALSTYLE
  5
5E
102
{ACAD_REACTORS
330
16
102
}
330
16
100
AcDbVisualStyle
  2
Conceptual
 70
9
 90
3
 40
0.6
 62
7
290
0
291
0
  0
VISUALSTYLE
  5
5F
102
{ACAD_REACTORS
330
16
102
}
330
16
100
AcDbVisualStyle
  2
Dim
 70
11
 90
2
 40
0.6
 62
7
290
0
291
1
  0
VISUALSTYLE
  5
60
102
{ACAD_REACTORS
330
16
102
}
330
16
100
AcDbVisualStyle
  2
EdgeColorOff
 70
22
 90
2
 40
0.6
 62
7
290
0
291
1
  0
VISUALSTYLE
  5
61
102
{ACAD_REACTORS
330
16
102
}
330
16
100
AcDbVisualStyle
  2
Facepattern
 70
15
 90
2
 40
0.6
 62
7
290
0
291
1
  0
VISUALSTYLE
  5
62
102
{ACAD_REACTORS
330
16
102
}
330
16
100
AcDbVisualStyle
  2
Flat
 70
0
 90
2
 40
0.6
 62
7
290
0
291
1
  0
VISUALSTYLE
  5
63
102
{ACAD_REACTORS
330
16
102
}
330
16
100
AcDbVisualStyle
  2
FlatWithEdges
 70
1
 90
2
 40
0.6
 62
7
290
0
291
1
  0
VISUALSTYLE
  5
64
102
{ACAD_REACTORS
330
16
102
}
330
16
100
AcDbVisualStyle
  2
Gouraud
 70
2
 90
2
 40
0.6
 62
7
290
0
291
1
  0
VISUALSTYLE
  5
65
102
{ACAD_REACTORS
330
16
102
}
330
16
100
AcDbVisualStyle
  2
GouraudWithEdges
 70
3
 90
2
 40
0.6
 62
7
290
0
291
1
  0
VISUALSTYLE
  5
66
102
{ACAD_REACTORS
330
16
102
}
330
16
100
AcDbVisualStyle
  2
Hidden
 70
6
 90
1
 40
0.6
 62
7
290
0
291
0
  0
VISUALSTYLE
  5
67
102
{ACAD_REACTORS
330
16
102
}
330
16
100
AcDbVisualStyle
  2
JitterOff
 70
20
 90
2
 40
0.6
 62
7
290
0
291
1
  0
VISUALSTYLE
  5
68
102
{ACAD_REACTORS
330
16
102
}
330
16
100
AcDbVisualStyle
  2
Linepattern
 70
14
 90
2
 40
0.6
 62
7
290
0
291
1
  0
VISUALSTYLE
  5
69
102
{ACAD_REACTORS
330
16
102
}
330
16
100
AcDbVisualStyle
  2
Modeling
 70
10
 90
2
 40
0.6
 62
7
290
0
291
0
  0
VISUALSTYLE
  5
6A
102
{ACAD_REACTORS
330
16
102
}
330
16
100
AcDbVisualStyle
  2
OverhangOff
 70
21
 90
2
 40
0.6
 62
7
290
0
291
1
  0
VISUALSTYLE
  5
6B
102
{ACAD_REACTORS
330
16
102
}
330
16
100
AcDbVisualStyle
  2
Realistic
 70
8
 90
2
 40
0.6
 62
7
290
0
291
0
  0
VISUALSTYLE
  5
6C
102
{ACAD_REACTORS
330
16
102
}
330
16
100
AcDbVisualStyle
  2
Shaded
 70
27
 90
2
 40
0.6
 62
7
290
0
291
0
  0
VISUALSTYLE
  5
6D
102
{ACAD_REACTORS
330
16
102
}
330
16
100
AcDbVisualStyle
  2
Shaded with edges
 70
26
 90
2
 40
0.6
 62
7
290
0
291
0
  0
VISUALSTYLE
  5
6E
102
{ACAD_REACTORS
330
16
102
}
330
16
100
AcDbVisualStyle
  2
Shades of Gray
 70
23
 90
2
 40
0.6
 62
7
290
0
291
0
  0
VISUALSTYLE
  5
6F
102
{ACAD_REACTORS
330
16
102
}
330
16
100
AcDbVisualStyle
  2
Sketchy
 70
24
 90
1
 40
0.6
 62
7
290
0
291
0
  0
VISUALSTYLE
  5
70
102
{ACAD_REACTORS
330
16
102
}
330
16
100
AcDbVisualStyle
  2
Thicken
 70
13
 90
2
 40
0.6
 62
7
290
0
291
1
  0
VISUALSTYLE
  5
71
102
{ACAD_REACTORS
330
16
102
}
330
16
100
AcDbVisualStyle
  2
Wireframe
 70
5
 90
0
 40
0.6
 62
7
290
0
291
0
  0
VISUALSTYLE
  5
72
102
{ACAD_REACTORS
330
16
102
}
330
16
100
AcDbVisualStyle
  2
X-Ray
 70
25
 90
2
 40
0.5
 62
7
290
0
291
0
  0
DICTIONARYVAR
  5
FF6
330
2D
100
DictionaryVariables
280
0
  1
1.4.4 @ 2026-10-04T04:21:35.570663+00:00
  0
ENDSEC
  0
EOF
