  0
SECTION
  2
HEADER
  9
$ACADVER
  1
AC1024
  9
$ACADMAINTVER
 70
6
  9
$DWGCODEPAGE
  3
ANSI_1252
  9
$LASTSAVEDBY
  1
ezdxf
  9
$INSBASE
 10
0.0
 20
0.0
 30
0.0
  9
$EXTMIN
 10
1e+20
 20
1e+20
 30
1e+20
  9
$EXTMAX
 10
-1e+20
 20
-1e+20
 30
-1e+20
  9
$LIMMIN
 10
0.0
 20
0.0
  9
$LIMMAX
 10
420.0
 20
297.0
  9
$ORTHOMODE
 70
0
  9
$REGENMODE
 70
1
  9
$FILLMODE
 70
1
  9
$QTEXTMODE
 70
0
  9
$MIRRTEXT
 70
1
  9
$LTSCALE
 40
1.0
  9
$ATTMODE
 70
1
  9
$TEXTSIZE
 40
2.5
  9
$TRACEWID
 40
1.0
  9
$TEXTSTYLE
  7
OpenSans
  9
$CLAYER
  8
0
  9
$CELTYPE
  6
ByLayer
  9
$CECOLOR
 62
256
  9
$CELTSCALE
 40
1.0
  9
$DISPSILH
 70
0
  9
$DIMSCALE
 40
1.0
  9
$DIMASZ
 40
0.175
  9
$DIMEXO
 40
0.125
  9
$DIMDLI
 40
3.75
  9
$DIMRND
 40
0.0
  9
$DIMDLE
 40
0.0
  9
$DIMEXE
 40
0.375
  9
$DIMTP
 40
0.0
  9
$DIMTM
 40
0.0
  9
$DIMTXT
 40
0.25
  9
$DIMCEN
 40
2.5
  9
$DIMTSZ
 40
0.0
  9
$DIMTOL
 70
0
  9
$DIMLIM
 70
0
  9
$DIMTIH
 70
0
  9
$DIMTOH
 70
0
  9
$DIMSE1
 70
0
  9
$DIMSE2
 70
0
  9
$DIMTAD
 70
1
  9
$DIMZIN
 70
12
  9
$DIMBLK
  1
ARCHTICK
  9
$DIMASO
 70
1
  9
$DIMSHO
 70
1
  9
$DIMPOST
  1

  9
$DIMAPOST
  1

  9
$DIMALT
 70
0
  9
$DIMALTD
 70
3
  9
$DIMALTF
 40
0.03937007874
  9
$DIMLFAC
 40
100.0
  9
$DIMTOFL
 70
1
  9
$DIMTVP
 40
0.0
  9
$DIMTIX
 70
0
  9
$DIMSOXD
 70
0
  9
$DIMSAH
 70
0
  9
$DIMBLK1
  1

  9
$DIMBLK2
  1

  9
$DIMSTYLE
  2
EZDXF
  9
$DIMCLRD
 70
0
  9
$DIMCLRE
 70
0
  9
$DIMCLRT
 70
0
  9
$DIMTFAC
 40
0.5
  9
$DIMGAP
 40
0.1
  9
$DIMJUST
 70
0
  9
$DIMSD1
 70
0
  9
$DIMSD2
 70
0
  9
$DIMTOLJ
 70
0
  9
$DIMTZIN
 70
8
  9
$DIMALTZ
 70
0
  9
$DIMALTTZ
 70
0
  9
$DIMUPT
 70
1
  9
$DIMDEC
 70
2
  9
$DIMTDEC
 70
2
  9
$DIMALTU
 70
2
  9
$DIMALTTD
 70
3
  9
$DIMTXSTY
  7
OpenSansCondensed-Light
  9
$DIMAUNIT
 70
0
  9
$DIMADEC
 70
2
  9
$DIMALTRND
 40
0.0
  9
$DIMAZIN
 70
3
  9
$DIMDSEP
 70
46
  9
$DIMATFIT
 70
3
  9
$DIMFRAC
 70
0
  9
$DIMLDRBLK
  1

  9
$DIMLUNIT
 70
2
  9
$DIMLWD
 70
-2
  9
$DIMLWE
 70
-2
  9
$DIMTMOVE
 70
2
  9
$DIMFXL
 40
1.0
  9
$DIMFXLON
 70
0
  9
$DIMJOGANG
 40
0.785398163397
  9
$DIMTFILL
 70
0
  9
$DIMTFILLCLR
 70
0
  9
$DIMARCSYM
 70
0
  9
$DIMLTYPE
  6

  9
$DIMLTEX1
  6

  9
$DIMLTEX2
  6

  9
$DIMTXTDIRECTION
 70
0
  9
$LUNITS
 70
2
  9
$LUPREC
 70
4
  9
$SKETCHINC
 40
1.0
  9
$FILLETRAD
 40
10.0
  9
$AUNITS
 70
0
  9
$AUPREC
 70
2
  9
$MENU
  1
.
  9
$ELEVATION
 40
0.0
  9
$PELEVATION
 40
0.0
  9
$THICKNESS
 40
0.0
  9
$LIMCHECK
 70
0
  9
$CHAMFERA
 40
0.0
  9
$CHAMFERB
 40
0.0
  9
$CHAMFERC
 40
0.0
  9
$CHAMFERD
 40
0.0
  9
$SKPOLY
 70
0
  9
$TDCREATE
 40
2461318.1816666666
  9
$TDUCREATE
 40
2458532.153996898
  9
$TDUPDATE
 40
2461318.1816666666
  9
$TDUUPDATE
 40
2458532.1544311
  9
$TDINDWG
 40
0.0
  9
$TDUSRTIMER
 40
0.0
  9
$USRTIMER
 70
1
  9
$ANGBASE
 50
0.0
  9
$ANGDIR
 70
0
  9
$PDMODE
 70
0
  9
$PDSIZE
 40
0.0
  9
$PLINEWID
 40
0.0
  9
$SPLFRAME
 70
0
  9
$SPLINETYPE
 70
6
  9
$SPLINESEGS
 70
8
  9
$HANDSEED
  5
12BC
  9
$SURFTAB1
 70
6
  9
$SURFTAB2
 70
6
  9
$SURFTYPE
 70
6
  9
$SURFU
 70
6
  9
$SURFV
 70
6
  9
$UCSBASE
  2

  9
$UCSNAME
  2

  9
$UCSORG
 10
0.0
 20
0.0
 30
0.0
  9
$UCSXDIR
 10
1.0
 20
0.0
 30
0.0
  9
$UCSYDIR
 10
0.0
 20
1.0
 30
0.0
  9
$UCSORTHOREF
  2

  9
$UCSORTHOVIEW
 70
0
  9
$UCSORGTOP
 10
0.0
 20
0.0
 30
0.0
  9
$UCSORGBOTTOM
 10
0.0
 20
0.0
 30
0.0
  9
$UCSORGLEFT
 10
0.0
 20
0.0
 30
0.0
  9
$UCSORGRIGHT
 10
0.0
 20
0.0
 30
0.0
  9
$UCSORGFRONT
 10
0.0
 20
0.0
 30
0.0
  9
$UCSORGBACK
 10
0.0
 20
0.0
 30
0.0
  9
$PUCSBASE
  2

  9
$PUCSNAME
  2

  9
$PUCSORG
 10
0.0
 20
0.0
 30
0.0
  9
$PUCSXDIR
 10
1.0
 20
0.0
 30
0.0
  9
$PUCSYDIR
 10
0.0
 20
1.0
 30
0.0
  9
$PUCSORTHOREF
  2

  9
$PUCSORTHOVIEW
 70
0
  9
$PUCSORGTOP
 10
0.0
 20
0.0
 30
0.0
  9
$PUCSORGBOTTOM
 10
0.0
 20
0.0
 30
0.0
  9
$PUCSORGLEFT
 10
0.0
 20
0.0
 30
0.0
  9
$PUCSORGRIGHT
 10
0.0
 20
0.0
 30
0.0
  9
$PUCSORGFRONT
 10
0.0
 20
0.0
 30
0.0
  9
$PUCSORGBACK
 10
0.0
 20
0.0
 30
0.0
  9
$USERI1
 70
0
  9
$USERI2
 70
0
  9
$USERI3
 70
0
  9
$USERI4
 70
0
  9
$USERI5
 70
0
  9
$USERR1
 40
0.0
  9
$USERR2
 40
0.0
  9
$USERR3
 40
0.0
  9
$USERR4
 40
0.0
  9
$USERR5
 40
0.0
  9
$WORLDVIEW
 70
1
  9
$SHADEDGE
 70
3
  9
$SHADEDIF
 70
70
  9
$TILEMODE
 70
1
  9
$MAXACTVP
 70
64
  9
$PINSBASE
 10
0.0
 20
0.0
 30
0.0
  9
$PLIMCHECK
 70
0
  9
$PEXTMIN
 10
1e+20
 20
1e+20
 30
1e+20
  9
$PEXTMAX
 10
-1e+20
 20
-1e+20
 30
-1e+20
  9
$PLIMMIN
 10
0.0
 20
0.0
  9
$PLIMMAX
 10
420.0
 20
297.0
  9
$UNITMODE
 70
0
  9
$VISRETAIN
 70
1
  9
$PLINEGEN
 70
0
  9
$PSLTSCALE
 70
1
  9
$TREEDEPTH
 70
3020
  9
$CMLSTYLE
  2
Standard
  9
$CMLJUST
 70
0
  9
$CMLSCALE
 40
20.0
  9
$PROXYGRAPHICS
 70
1
  9
$MEASUREMENT
 70
1
  9
$CELWEIGHT
370
-1
  9
$ENDCAPS
280
0
  9
$JOINSTYLE
280
0
  9
$LWDISPLAY
290
0
  9
$INSUNITS
 70
6
  9
$HYPERLINKBASE
  1

  9
$STYLESHEET
  1

  9
$XEDIT
290
1
  9
$CEPSNTYPE
380
0
  9
$PSTYLEMODE
290
1
  9
$FINGERPRINTGUID
  2
{2B2419B8-F130-4835-BD33-6C12CEC6327F}
  9
$VERSIONGUID
  2
{AD132665-282A-4736-9413-8C8BDF60055A}
  9
$EXTNAMES
290
1
  9
$PSVPSCALE
 40
0.0
  9
$OLESTARTUP
290
0
  9
$SORTENTS
280
127
  9
$INDEXCTL
280
0
  9
$HIDETEXT
280
1
  9
$XCLIPFRAME
280
1
  9
$HALOGAP
280
0
  9
$OBSCOLOR
 70
257
  9
$OBSLTYPE
280
0
  9
$INTERSECTIONDISPLAY
280
0
  9
$INTERSECTIONCOLOR
 70
257
  9
$DIMASSOC
280
2
  9
$PROJECTNAME
  1

  9
$CAMERADISPLAY
290
0
  9
$LENSLENGTH
 40
50.0
  9
$CAMERAHEIGHT
 40
0.0
  9
$STEPSPERSEC
 40
24.0
  9
$STEPSIZE
 40
100.0
  9
$3DDWFPREC
 40
2.0
  9
$PSOLWIDTH
 40
0.005
  9
$PSOLHEIGHT
 40
0.08
  9
$LOFTANG1
 40
1.570796326795
  9
$LOFTANG2
 40
1.570796326795
  9
$LOFTMAG1
 40
0.0
  9
$LOFTMAG2
 40
0.0
  9
$LOFTPARAM
 70
7
  9
$LOFTNORMALS
280
1
  9
$LATITUDE
 40
37.795
  9
$LONGITUDE
 40
-122.394
  9
$NORTHDIRECTION
 40
0.0
  9
$TIMEZONE
 70
-8000
  9
$LIGHTGLYPHDISPLAY
280
1
  9
$TILEMODELIGHTSYNCH
280
1
  9
$CMATERIAL
347
20
  9
$SOLIDHIST
280
0
  9
$SHOWHIST
280
1
  9
$DWFFRAME
280
2
  9
$DGNFRAME
280
2
  9
$REALWORLDSCALE
290
1
  9
$INTERFERECOLOR
 62
256
  9
$CSHADOW
280
0
  9
$SHADOWPLANELOCATION
 40
0.0
  0
ENDSEC
  0
SECTION
  2
CLASSES
  0
CLASS
  1
ACDBDICTIONARYWDFLT
  2
AcDbDictionaryWithDefault
  3
ObjectDBX Classes
 90
0
 91
0
280
0
281
0
  0
CLASS
  1
SUN
  2
AcDbSun
  3
SCENEOE
 90
1153
 91
0
280
0
281
0
  0
CLASS
  1
VISUALSTYLE
  2
AcDbVisualStyle
  3
ObjectDBX Classes
 90
4095
 91
0
280
0
281
0
  0
CLASS
  1
MATERIAL
  2
AcDbMaterial
  3
ObjectDBX Classes
 90
1153
 91
0
280
0
281
0
  0
CLASS
  1
SCALE
  2
AcDbScale
  3
ObjectDBX Classes
 90
1153
 91
0
280
0
281
0
  0
CLASS
  1
TABLESTYLE
  2
AcDbTableStyle
  3
ObjectDBX Classes
 90
4095
 91
0
280
0
281
0
  0
CLASS
  1
MLEADERSTYLE
  2
AcDbMLeaderStyle
  3
ACDB_MLEADERSTYLE_CLASS
 90
4095
 91
0
280
0
281
0
  0
CLASS
  1
DICTIONARYVAR
  2
AcDbDictionaryVar
  3
ObjectDBX Classes
 90
0
 91
0
280
0
281
0
  0
CLASS
  1
CELLSTYLEMAP
  2
AcDbCellStyleMap
  3
ObjectDBX Classes
 90
1152
 91
0
280
0
281
0
  0
CLASS
  1
MENTALRAYRENDERSETTINGS
  2
AcDbMentalRayRenderSettings
  3
SCENEOE
 90
1024
 91
0
280
0
281
0
  0
CLASS
  1
ACDBDETAILVIEWSTYLE
  2
AcDbDetailViewStyle
  3
ObjectDBX Classes
 90
1025
 91
0
280
0
281
0
  0
CLASS
  1
ACDBSECTIONVIEWSTYLE
  2
AcDbSectionViewStyle
  3
ObjectDBX Classes
 90
1025
 91
0
280
0
281
0
  0
CLASS
  1
RASTERVARIABLES
  2
AcDbRasterVariables
  3
ISM
 90
0
 91
0
280
0
281
0
  0
CLASS
  1
LAYOUT
  2
AcDbLayout
  3
ObjectDBX Classes
 90
0
 91
0
280
0
281
0
  0
CLASS
  1
ACDBPLACEHOLDER
  2
AcDbPlaceHolder
  3
ObjectDBX Classes
 90
0
 91
0
280
0
281
0
  0
ENDSEC
  0
SECTION
  2
TABLES
  0
TABLE
  2
VPORT
  5
8
330
0
100
AcDbSymbolTable
 70
1
  0
VPORT
  5
23
330
8
100
AcDbSymbolTableRecord
100
AcDbViewportTableRecord
  2
*Active
 70
0
 10
0.0
 20
0.0
 11
1.0
 21
1.0
 12
0.0
 22
0.0
 13
0.0
 23
0.0
 14
0.5
 24
0.5
 15
0.5
 25
0.5
 16
0.0
 26
0.0
 36
1.0
 17
0.0
 27
0.0
 37
0.0
 40
1000.0
 41
1.34
 42
50.0
 43
0.0
 44
0.0
 50
0.0
 51
0.0
 71
0
 72
1000
 73
1
 74
3
 75
0
 76
0
 77
0
 78
0
281
0
 65
0
146
0.0
  0
ENDTAB
  0
TABLE
  2
LTYPE
  5
2
330
0
100
AcDbSymbolTable
 70
21
  0
LTYPE
  5
24
330
2
100
AcDbSymbolTableRecord
100
AcDbLinetypeTableRecord
  2
ByBlock
 70
0
  3

 72
65
 73
0
 40
0.0
  0
LTYPE
  5
25
330
2
100
AcDbSymbolTableRecord
100
AcDbLinetypeTableRecord
  2
ByLayer
 70
0
  3

 72
65
 73
0
 40
0.0
  0
LTYPE
  5
26
330
2
100
AcDbSymbolTableRecord
100
AcDbLinetypeTableRecord
  2
Continuous
 70
0
  3

 72
65
 73
0
 40
0.0
  0
LTYPE
  5
2F
330
2
100
AcDbSymbolTableRecord
100
AcDbLinetypeTableRecord
  2
CENTER
 70
0
  3
Center ____ _ ____ _ ____ _ ____ _ ____ _ ____
 72
65
 73
4
 40
5.08
 49
3.175
 74
0
 49
-0.635
 74
0
 49
0.635
 74
0
 49
-0.635
 74
0
  0
LTYPE
  5
30
330
2
100
AcDbSymbolTableRecord
100
AcDbLinetypeTableRecord
  2
CENTERX2
 70
0
  3
Center (2x) ________  __  ________  __  ________
 72
65
 73
4
 40
8.89
 49
6.35
 74
0
 49
-0.635
 74
0
 49
1.27
 74
0
 49
-0.635
 74
0
  0
LTYPE
  5
31
330
2
100
AcDbSymbolTableRecord
100
AcDbLinetypeTableRecord
  2
CENTER2
 70
0
  3
Center (.5x) ____ _ ____ _ ____ _ ____ _ ____
 72
65
 73
4
 40
2.54
 49
1.587
 74
0
 49
-0.318
 74
0
 49
0.318
 74
0
 49
-0.318
 74
0
  0
LTYPE
  5
32
330
2
100
AcDbSymbolTableRecord
100
AcDbLinetypeTableRecord
  2
DASHED
 70
0
  3
Dashed __ __ __ __ __ __ __ __ __ __ __ __ __ _
 72
65
 73
2
 40
1.524
 49
1.27
 74
0
 49
-0.254
 74
0
  0
LTYPE
  5
33
330
2
100
AcDbSymbolTableRecord
100
AcDbLinetypeTableRecord
  2
DASHEDX2
 70
0
  3
Dashed (2x) ____  ____  ____  ____  ____  ____
 72
65
 73
2
 40
3.048
 49
2.54
 74
0
 49
-0.508
 74
0
  0
LTYPE
  5
34
330
2
100
AcDbSymbolTableRecord
100
AcDbLinetypeTableRecord
  2
DASHED2
 70
0
  3
Dashed (.5x) _ _ _ _ _ _ _ _ _ _ _ _ _ _
 72
65
 73
2
 40
0.762
 49
0.635
 74
0
 49
-0.127
 74
0
  0
LTYPE
  5
35
330
2
100
AcDbSymbolTableRecord
100
AcDbLinetypeTableRecord
  2
PHANTOM
 70
0
  3
Phantom ______  __  __  ______  __  __  ______
 72
65
 73
6
 40
6.35
 49
3.175
 74
0
 49
-0.635
 74
0
 49
0.635
 74
0
 49
-0.635
 74
0
 49
0.635
 74
0
 49
-0.635
 74
0
  0
LTYPE
  5
36
330
2
100
AcDbSymbolTableRecord
100
AcDbLinetypeTableRecord
  2
PHANTOMX2
 70
0
  3
Phantom (2x)____________    ____    ____    ____________
 72
65
 73
6
 40
10.795
 49
6.35
 74
0
 49
-0.635
 74
0
 49
1.27
 74
0
 49
-0.635
 74
0
 49
1.27
 74
0
 49
-0.635
 74
0
  0
LTYPE
  5
37
330
2
100
AcDbSymbolTableRecord
100
AcDbLinetypeTableRecord
  2
PHANTOM2
 70
0
  3
Phantom (.5x) ___ _ _ ___ _ _ ___ _ _ ___ _ _ ___
 72
65
 73
6
 40
3.175
 49
1.587
 74
0
 49
-0.318
 74
0
 49
0.318
 74
0
 49
-0.318
 74
0
 49
0.318
 74
0
 49
-0.318
 74
0
  0
LTYPE
  5
38
330
2
100
AcDbSymbolTableRecord
100
AcDbLinetypeTableRecord
  2
DASHDOT
 70
0
  3
Dash dot __ . __ . __ . __ . __ . __ . __ . __
 72
65
 73
4
 40
3.556
 49
2.54
 74
0
 49
-0.508
 74
0
 49
0.0
 74
0
 49
-0.508
 74
0
  0
LTYPE
  5
39
330
2
100
AcDbSymbolTableRecord
100
AcDbLinetypeTableRecord
  2
DASHDOTX2
 70
0
  3
Dash dot (2x) ____  .  ____  .  ____  .  ____
 72
65
 73
4
 40
6.096
 49
5.08
 74
0
 49
-0.508
 74
0
 49
0.0
 74
0
 49
-0.508
 74
0
  0
LTYPE
  5
3A
330
2
100
AcDbSymbolTableRecord
100
AcDbLinetypeTableRecord
  2
DASHDOT2
 70
0
  3
Dash dot (.5x) _ . _ . _ . _ . _ . _ . _ . _
 72
65
 73
4
 40
1.778
 49
1.27
 74
0
 49
-0.254
 74
0
 49
0.0
 74
0
 49
-0.254
 74
0
  0
LTYPE
  5
3B
330
2
100
AcDbSymbolTableRecord
100
AcDbLinetypeTableRecord
  2
DOT
 70
0
  3
Dot .  .  .  .  .  .  .  .  .  .  .  .  .  .  .  .
 72
65
 73
2
 40
0.508
 49
0.0
 74
0
 49
-0.508
 74
0
  0
LTYPE
  5
3C
330
2
100
AcDbSymbolTableRecord
100
AcDbLinetypeTableRecord
  2
DOTX2
 70
0
  3
Dot (2x) .    .    .    .    .    .    .    . 
 72
65
 73
2
 40
1.016
 49
0.0
 74
0
 49
-1.016
 74
0
  0
LTYPE
  5
3D
330
2
100
AcDbSymbolTableRecord
100
AcDbLinetypeTableRecord
  2
DOT2
 70
0
  3
Dot (.5) . . . . . . . . . . . . . . . . . . . 
 72
65
 73
2
 40
0.254
 49
0.0
 74
0
 49
-0.254
 74
0
  0
LTYPE
  5
3E
330
2
100
AcDbSymbolTableRecord
100
AcDbLinetypeTableRecord
  2
DIVIDE
 70
0
  3
Divide __ . . __ . . __ . . __ . . __ . . __
 72
65
 73
6
 40
4.064
 49
2.54
 74
0
 49
-0.508
 74
0
 49
0.0
 74
0
 49
-0.508
 74
0
 49
0.0
 74
0
 49
-0.508
 74
0
  0
LTYPE
  5
3F
330
2
100
AcDbSymbolTableRecord
100
AcDbLinetypeTableRecord
  2
DIVIDEX2
 70
0
  3
Divide (2x) ____  . .  ____  . .  ____  . .  ____
 72
65
 73
6
 40
6.604
 49
5.08
 74
0
 49
-0.508
 74
0
 49
0.0
 74
0
 49
-0.508
 74
0
 49
0.0
 74
0
 49
-0.508
 74
0
  0
LTYPE
  5
40
330
2
100
AcDbSymbolTableRecord
100
AcDbLinetypeTableRecord
  2
DIVIDE2
 70
0
  3
Divide(.5x) _ . _ . _ . _ . _ . _ . _ . _
 72
65
 73
6
 40
2.032
 49
1.27
 74
0
 49
-0.254
 74
0
 49
0.0
 74
0
 49
-0.254
 74
0
 49
0.0
 74
0
 49
-0.254
 74
0
  0
ENDTAB
  0
TABLE
  2
LAYER
  5
1
330
0
100
AcDbSymbolTable
 70
35
  0
LAYER
  5
27
330
1
100
AcDbSymbolTableRecord
100
AcDbLayerTableRecord
  2
0
 70
0
 62
7
  6
Continuous
370
-3
390
13
347
21
  0
LAYER
  5
28
330
1
100
AcDbSymbolTableRecord
100
AcDbLayerTableRecord
  2
Defpoints
 70
0
 62
7
  6
Continuous
290
0
370
-3
390
13
347
21
  0
LAYER
  5
8A
330
1
100
AcDbSymbolTableRecord
100
AcDbLayerTableRecord
  2
eje
 70
0
 62
7
  6
CONTINUOUS
370
13
390
13
347
21
  0
LAYER
  5
8B
330
1
100
AcDbSymbolTableRecord
100
AcDbLayerTableRecord
  2
muro-corte
 70
0
 62
7
  6
CONTINUOUS
370
60
390
13
347
21
  0
LAYER
  5
8C
330
1
100
AcDbSymbolTableRecord
100
AcDbLayerTableRecord
  2
muro-fill
 70
0
 62
7
  6
CONTINUOUS
370
25
390
13
347
21
  0
LAYER
  5
8D
330
1
100
AcDbSymbolTableRecord
100
AcDbLayerTableRecord
  2
muro-visto
 70
0
 62
7
  6
CONTINUOUS
370
35
390
13
347
21
  0
LAYER
  5
8E
330
1
100
AcDbSymbolTableRecord
100
AcDbLayerTableRecord
  2
tabique-fill
 70
0
 62
7
  6
CONTINUOUS
370
30
390
13
347
21
  0
LAYER
  5
8F
330
1
100
AcDbSymbolTableRecord
100
AcDbLayerTableRecord
  2
hueco
 70
0
 62
7
  6
CONTINUOUS
370
25
390
13
347
21
  0
LAYER
  5
90
330
1
100
AcDbSymbolTableRecord
100
AcDbLayerTableRecord
  2
carpinteria
 70
0
 62
7
  6
CONTINUOUS
370
25
390
13
347
21
  0
LAYER
  5
91
330
1
100
AcDbSymbolTableRecord
100
AcDbLayerTableRecord
  2
vidrio
 70
0
 62
7
  6
CONTINUOUS
370
18
390
13
347
21
  0
LAYER
  5
92
330
1
100
AcDbSymbolTableRecord
100
AcDbLayerTableRecord
  2
mobiliario
 70
0
 62
7
  6
CONTINUOUS
370
18
390
13
347
21
  0
LAYER
  5
93
330
1
100
AcDbSymbolTableRecord
100
AcDbLayerTableRecord
  2
sanitario
 70
0
 62
7
  6
CONTINUOUS
370
20
390
13
347
21
  0
LAYER
  5
94
330
1
100
AcDbSymbolTableRecord
100
AcDbLayerTableRecord
  2
texto
 70
0
 62
7
  6
CONTINUOUS
370
5
390
13
347
21
  0
LAYER
  5
95
330
1
100
AcDbSymbolTableRecord
100
AcDbLayerTableRecord
  2
texto-suave
 70
0
 62
7
  6
CONTINUOUS
370
5
390
13
347
21
  0
LAYER
  5
96
330
1
100
AcDbSymbolTableRecord
100
AcDbLayerTableRecord
  2
cota
 70
0
 62
7
  6
CONTINUOUS
370
13
390
13
347
21
  0
LAYER
  5
97
330
1
100
AcDbSymbolTableRecord
100
AcDbLayerTableRecord
  2
cota-texto
 70
0
 62
7
  6
CONTINUOUS
370
5
390
13
347
21
  0
LAYER
  5
98
330
1
100
AcDbSymbolTableRecord
100
AcDbLayerTableRecord
  2
nivel
 70
0
 62
7
  6
CONTINUOUS
370
20
390
13
347
21
  0
LAYER
  5
99
330
1
100
AcDbSymbolTableRecord
100
AcDbLayerTableRecord
  2
terreno
 70
0
 62
7
  6
CONTINUOUS
370
35
390
13
347
21
  0
LAYER
  5
9A
330
1
100
AcDbSymbolTableRecord
100
AcDbLayerTableRecord
  2
hormigon
 70
0
 62
7
  6
CONTINUOUS
370
30
390
13
347
21
  0
LAYER
  5
9B
330
1
100
AcDbSymbolTableRecord
100
AcDbLayerTableRecord
  2
hatch
 70
0
 62
7
  6
CONTINUOUS
370
9
390
13
347
21
  0
LAYER
  5
9C
330
1
100
AcDbSymbolTableRecord
100
AcDbLayerTableRecord
  2
hatch-2
 70
0
 62
7
  6
CONTINUOUS
370
9
390
13
347
21
  0
LAYER
  5
9D
330
1
100
AcDbSymbolTableRecord
100
AcDbLayerTableRecord
  2
marco
 70
0
 62
7
  6
CONTINUOUS
370
70
390
13
347
21
  0
LAYER
  5
9E
330
1
100
AcDbSymbolTableRecord
100
AcDbLayerTableRecord
  2
marco-fino
 70
0
 62
7
  6
CONTINUOUS
370
25
390
13
347
21
  0
LAYER
  5
9F
330
1
100
AcDbSymbolTableRecord
100
AcDbLayerTableRecord
  2
marco-medio
 70
0
 62
7
  6
CONTINUOUS
370
40
390
13
347
21
  0
LAYER
  5
A0
330
1
100
AcDbSymbolTableRecord
100
AcDbLayerTableRecord
  2
sombra
 70
0
 62
7
  6
CONTINUOUS
370
5
390
13
347
21
  0
LAYER
  5
A1
330
1
100
AcDbSymbolTableRecord
100
AcDbLayerTableRecord
  2
vegetal
 70
0
 62
7
  6
CONTINUOUS
370
20
390
13
347
21
  0
LAYER
  5
A2
330
1
100
AcDbSymbolTableRecord
100
AcDbLayerTableRecord
  2
arbol
 70
0
 62
7
  6
CONTINUOUS
370
18
390
13
347
21
  0
LAYER
  5
A3
330
1
100
AcDbSymbolTableRecord
100
AcDbLayerTableRecord
  2
agua
 70
0
 62
7
  6
CONTINUOUS
370
20
390
13
347
21
  0
LAYER
  5
A4
330
1
100
AcDbSymbolTableRecord
100
AcDbLayerTableRecord
  2
via
 70
0
 62
7
  6
CONTINUOUS
370
20
390
13
347
21
  0
LAYER
  5
A5
330
1
100
AcDbSymbolTableRecord
100
AcDbLayerTableRecord
  2
edificio
 70
0
 62
7
  6
CONTINUOUS
370
25
390
13
347
21
  0
LAYER
  5
A6
330
1
100
AcDbSymbolTableRecord
100
AcDbLayerTableRecord
  2
destacado
 70
0
 62
7
  6
CONTINUOUS
370
40
390
13
347
21
  0
LAYER
  5
A7
330
1
100
AcDbSymbolTableRecord
100
AcDbLayerTableRecord
  2
azul
 70
0
 62
7
  6
CONTINUOUS
370
25
390
13
347
21
  0
LAYER
  5
A8
330
1
100
AcDbSymbolTableRecord
100
AcDbLayerTableRecord
  2
cubierta
 70
0
 62
7
  6
CONTINUOUS
370
25
390
13
347
21
  0
LAYER
  5
A9
330
1
100
AcDbSymbolTableRecord
100
AcDbLayerTableRecord
  2
proyeccion
 70
0
 62
7
  6
CONTINUOUS
370
15
390
13
347
21
  0
LAYER
  5
AA
330
1
100
AcDbSymbolTableRecord
100
AcDbLayerTableRecord
  2
fondo
 70
0
 62
7
  6
CONTINUOUS
370
5
390
13
347
21
  0
ENDTAB
  0
TABLE
  2
STYLE
  5
5
330
0
100
AcDbSymbolTable
 70
26
  0
STYLE
  5
29
330
5
100
AcDbSymbolTableRecord
100
AcDbTextStyleTableRecord
  2
Standard
 70
0
 40
0.0
 41
1.0
 50
0.0
 71
0
 42
2.5
  3
txt
  4

  0
STYLE
  5
41
330
5
100
AcDbSymbolTableRecord
100
AcDbTextStyleTableRecord
  2
OpenSans-Light
 70
0
 40
0.0
 41
1.0
 50
0.0
 71
0
 42
2.5
  3
OpenSans-Light.ttf
  4

  0
STYLE
  5
42
330
5
100
AcDbSymbolTableRecord
100
AcDbTextStyleTableRecord
  2
OpenSans-Light-Italic
 70
0
 40
0.0
 41
1.0
 50
0.0
 71
0
 42
2.5
  3
OpenSans-LightItalic.ttf
  4

  0
STYLE
  5
43
330
5
100
AcDbSymbolTableRecord
100
AcDbTextStyleTableRecord
  2
OpenSans
 70
0
 40
0.0
 41
1.0
 50
0.0
 71
0
 42
2.5
  3
OpenSans-Regular.ttf
  4

  0
STYLE
  5
44
330
5
100
AcDbSymbolTableRecord
100
AcDbTextStyleTableRecord
  2
OpenSans-Italic
 70
0
 40
0.0
 41
1.0
 50
0.0
 71
0
 42
2.5
  3
OpenSans-Italic.ttf
  4

  0
STYLE
  5
45
330
5
100
AcDbSymbolTableRecord
100
AcDbTextStyleTableRecord
  2
OpenSans-SemiBold
 70
0
 40
0.0
 41
1.0
 50
0.0
 71
0
 42
2.5
  3
OpenSans-SemiBold.ttf
  4

  0
STYLE
  5
46
330
5
100
AcDbSymbolTableRecord
100
AcDbTextStyleTableRecord
  2
OpenSans-SemiBoldItalic
 70
0
 40
0.0
 41
1.0
 50
0.0
 71
0
 42
2.5
  3
OpenSans-SemiBoldItalic.ttf
  4

  0
STYLE
  5
47
330
5
100
AcDbSymbolTableRecord
100
AcDbTextStyleTableRecord
  2
OpenSans-Bold
 70
0
 40
0.0
 41
1.0
 50
0.0
 71
0
 42
2.5
  3
OpenSans-Bold.ttf
  4

  0
STYLE
  5
48
330
5
100
AcDbSymbolTableRecord
100
AcDbTextStyleTableRecord
  2
OpenSans-BoldItalic
 70
0
 40
0.0
 41
1.0
 50
0.0
 71
0
 42
2.5
  3
OpenSans-BoldItalic.ttf
  4

  0
STYLE
  5
49
330
5
100
AcDbSymbolTableRecord
100
AcDbTextStyleTableRecord
  2
OpenSans-ExtraBold
 70
0
 40
0.0
 41
1.0
 50
0.0
 71
0
 42
2.5
  3
OpenSans-ExtraBold.ttf
  4

  0
STYLE
  5
4A
330
5
100
AcDbSymbolTableRecord
100
AcDbTextStyleTableRecord
  2
OpenSans-ExtraBoldItalic
 70
0
 40
0.0
 41
1.0
 50
0.0
 71
0
 42
2.5
  3
OpenSans-ExtraBoldItalic.ttf
  4

  0
STYLE
  5
4B
330
5
100
AcDbSymbolTableRecord
100
AcDbTextStyleTableRecord
  2
OpenSansCondensed-Bold
 70
0
 40
0.0
 41
1.0
 50
0.0
 71
0
 42
2.5
  3
OpenSansCondensed-Bold.ttf
  4

  0
STYLE
  5
4C
330
5
100
AcDbSymbolTableRecord
100
AcDbTextStyleTableRecord
  2
OpenSansCondensed-Light
 70
0
 40
0.0
 41
1.0
 50
0.0
 71
0
 42
2.5
  3
OpenSansCondensed-Light.ttf
  4

  0
STYLE
  5
4D
330
5
100
AcDbSymbolTableRecord
100
AcDbTextStyleTableRecord
  2
OpenSansCondensed-Italic
 70
0
 40
0.0
 41
1.0
 50
0.0
 71
0
 42
2.5
  3
OpenSansCondensed-LightItalic.ttf
  4

  0
STYLE
  5
4E
330
5
100
AcDbSymbolTableRecord
100
AcDbTextStyleTableRecord
  2
LiberationSans
 70
0
 40
0.0
 41
1.0
 50
0.0
 71
0
 42
2.5
  3
LiberationSans-Regular.ttf
  4

  0
STYLE
  5
4F
330
5
100
AcDbSymbolTableRecord
100
AcDbTextStyleTableRecord
  2
LiberationSans-Bold
 70
0
 40
0.0
 41
1.0
 50
0.0
 71
0
 42
2.5
  3
LiberationSans-Bold.ttf
  4

  0
STYLE
  5
50
330
5
100
AcDbSymbolTableRecord
100
AcDbTextStyleTableRecord
  2
LiberationSans-BoldItalic
 70
0
 40
0.0
 41
1.0
 50
0.0
 71
0
 42
2.5
  3
LiberationSans-BoldItalic.ttf
  4

  0
STYLE
  5
51
330
5
100
AcDbSymbolTableRecord
100
AcDbTextStyleTableRecord
  2
LiberationSans-Italic
 70
0
 40
0.0
 41
1.0
 50
0.0
 71
0
 42
2.5
  3
LiberationSans-Italic.ttf
  4

  0
STYLE
  5
52
330
5
100
AcDbSymbolTableRecord
100
AcDbTextStyleTableRecord
  2
LiberationSerif
 70
0
 40
0.0
 41
1.0
 50
0.0
 71
0
 42
2.5
  3
LiberationSerif-Regular.ttf
  4

  0
STYLE
  5
53
330
5
100
AcDbSymbolTableRecord
100
AcDbTextStyleTableRecord
  2
LiberationSerif-Bold
 70
0
 40
0.0
 41
1.0
 50
0.0
 71
0
 42
2.5
  3
LiberationSerif-Bold.ttf
  4

  0
STYLE
  5
54
330
5
100
AcDbSymbolTableRecord
100
AcDbTextStyleTableRecord
  2
LiberationSerif-BoldItalic
 70
0
 40
0.0
 41
1.0
 50
0.0
 71
0
 42
2.5
  3
LiberationSerif-BoldItalic.ttf
  4

  0
STYLE
  5
55
330
5
100
AcDbSymbolTableRecord
100
AcDbTextStyleTableRecord
  2
LiberationSerif-Italic
 70
0
 40
0.0
 41
1.0
 50
0.0
 71
0
 42
2.5
  3
LiberationSerif-Italic.ttf
  4

  0
STYLE
  5
56
330
5
100
AcDbSymbolTableRecord
100
AcDbTextStyleTableRecord
  2
LiberationMono
 70
0
 40
0.0
 41
1.0
 50
0.0
 71
0
 42
2.5
  3
LiberationMono-Regular.ttf
  4

  0
STYLE
  5
57
330
5
100
AcDbSymbolTableRecord
100
AcDbTextStyleTableRecord
  2
LiberationMono-Bold
 70
0
 40
0.0
 41
1.0
 50
0.0
 71
0
 42
2.5
  3
LiberationMono-Bold.ttf
  4

  0
STYLE
  5
58
330
5
100
AcDbSymbolTableRecord
100
AcDbTextStyleTableRecord
  2
LiberationMono-BoldItalic
 70
0
 40
0.0
 41
1.0
 50
0.0
 71
0
 42
2.5
  3
LiberationMono-BoldItalic.ttf
  4

  0
STYLE
  5
59
330
5
100
AcDbSymbolTableRecord
100
AcDbTextStyleTableRecord
  2
LiberationMono-Italic
 70
0
 40
0.0
 41
1.0
 50
0.0
 71
0
 42
2.5
  3
LiberationMono-Italic.ttf
  4

  0
ENDTAB
  0
TABLE
  2
VIEW
  5
7
330
0
100
AcDbSymbolTable
 70
0
  0
ENDTAB
  0
TABLE
  2
UCS
  5
6
330
0
100
AcDbSymbolTable
 70
0
  0
ENDTAB
  0
TABLE
  2
APPID
  5
3
330
0
100
AcDbSymbolTable
 70
3
  0
APPID
  5
2A
330
3
100
AcDbSymbolTableRecord
100
AcDbRegAppTableRecord
  2
ACAD
 70
0
  0
APPID
  5
12B9
330
3
100
AcDbSymbolTableRecord
100
AcDbRegAppTableRecord
  2
HATCHBACKGROUNDCOLOR
 70
0
  0
APPID
  5
12BA
330
3
100
AcDbSymbolTableRecord
100
AcDbRegAppTableRecord
  2
EZDXF
 70
0
  0
ENDTAB
  0
TABLE
  2
DIMSTYLE
  5
4
330
0
100
AcDbSymbolTable
 70
12
100
AcDbDimStyleTable
  0
DIMSTYLE
105
2B
330
4
100
AcDbSymbolTableRecord
100
AcDbDimStyleTableRecord
  2
Standard
 70
0
 40
1.0
 41
2.5
 42
0.625
 43
3.75
 44
1.25
 45
0.0
 46
0.0
 47
0.0
 48
0.0
 49
2.5
140
2.5
141
2.5
142
0.0
143
0.03937007874
144
1.0
145
0.0
146
1.0
147
0.625
148
0.0
 69
0
 70
0
 71
0
 72
0
 73
0
 74
0
 75
0
 76
0
 77
1
 78
8
 79
3
170
0
171
3
172
1
173
0
174
0
175
0
176
0
177
0
178
0
179
2
271
2
272
2
273
2
274
3
275
0
276
0
277
2
278
44
279
0
280
0
281
0
282
0
283
0
284
8
285
0
286
0
288
0
289
3
290
0
371
-2
372
-2
  0
DIMSTYLE
105
73
330
4
100
AcDbSymbolTableRecord
100
AcDbDimStyleTableRecord
  2
EZDXF
 70
0
 40
1.0
 41
0.175
 42
0.125
 43
3.75
 44
0.375
 45
0.0
 46
0.0
 47
0.0
 48
0.0
 49
2.5
140
0.25
141
2.5
142
0.0
143
0.03937007874
144
100.0
145
0.0
146
0.5
147
0.1
148
0.0
 69
0
 70
0
 71
0
 72
0
 73
0
 74
0
 75
0
 76
0
 77
1
 78
12
 79
3
170
0
171
3
172
1
173
0
174
0
175
0
176
0
177
0
178
0
179
2
271
2
272
2
273
2
274
3
275
0
276
0
277
2
278
46
279
2
280
0
281
0
282
0
283
0
284
8
285
0
286
0
288
1
289
3
290
0
340
4C
342
74
371
-2
372
-2
  0
DIMSTYLE
105
7C
330
4
100
AcDbSymbolTableRecord
100
AcDbDimStyleTableRecord
  2
EZ_M_100_H25_CM
 70
0
 40
1.0
 41
0.25
 42
0.125
 43
3.75
 44
0.375
 45
0.0
 46
0.0
 47
0.0
 48
0.0
 49
2.5
140
0.25
141
2.5
142
0.125
143
0.03937007874
144
100.0
145
0.0
146
0.5
147
0.1
148
0.0
 69
0
 70
0
 71
0
 72
0
 73
0
 74
0
 75
0
 76
0
 77
1
 78
12
 79
3
170
0
171
3
172
1
173
0
174
0
175
0
176
0
177
0
178
0
179
2
271
2
272
2
273
2
274
3
275
0
276
0
277
2
278
46
279
2
280
0
281
0
282
0
283
0
284
8
285
0
286
0
288
1
289
3
290
0
340
4C
371
-2
372
-2
  0
DIMSTYLE
105
7D
330
4
100
AcDbSymbolTableRecord
100
AcDbDimStyleTableRecord
  2
EZ_M_50_H25_CM
 70
0
 40
1.0
 41
0.125
 42
0.0625
 43
3.75
 44
0.1875
 45
0.0
 46
0.0
 47
0.0
 48
0.0
 49
2.5
140
0.125
141
2.5
142
0.0625
143
0.03937007874
144
100.0
145
0.0
146
0.5
147
0.05
148
0.0
 69
0
 70
0
 71
0
 72
0
 73
0
 74
0
 75
0
 76
0
 77
1
 78
12
 79
3
170
0
171
3
172
1
173
0
174
0
175
0
176
0
177
0
178
0
179
2
271
2
272
2
273
2
274
3
275
0
276
0
277
2
278
46
279
2
280
0
281
0
282
0
283
0
284
8
285
0
286
0
288
1
289
3
290
0
340
4C
371
-2
372
-2
  0
DIMSTYLE
105
7E
330
4
100
AcDbSymbolTableRecord
100
AcDbDimStyleTableRecord
  2
EZ_M_25_H25_CM
 70
0
 40
1.0
 41
0.0625
 42
0.03125
 43
3.75
 44
0.09375
 45
0.0
 46
0.0
 47
0.0
 48
0.0
 49
2.5
140
0.0625
141
2.5
142
0.03125
143
0.03937007874
144
100.0
145
0.0
146
0.5
147
0.025
148
0.0
 69
0
 70
0
 71
0
 72
0
 73
0
 74
0
 75
0
 76
0
 77
1
 78
12
 79
3
170
0
171
3
172
1
173
0
174
0
175
0
176
0
177
0
178
0
179
2
271
2
272
2
273
2
274
3
275
0
276
0
277
2
278
46
279
2
280
0
281
0
282
0
283
0
284
8
285
0
286
0
288
1
289
3
290
0
340
4C
371
-2
372
-2
  0
DIMSTYLE
105
7F
330
4
100
AcDbSymbolTableRecord
100
AcDbDimStyleTableRecord
  2
EZ_M_20_H25_CM
 70
0
 40
1.0
 41
0.05
 42
0.025
 43
3.75
 44
0.07500000000000001
 45
0.0
 46
0.0
 47
0.0
 48
0.0
 49
2.5
140
0.05
141
2.5
142
0.025
143
0.03937007874
144
100.0
145
0.0
146
0.5
147
0.020000000000000004
148
0.0
 69
0
 70
0
 71
0
 72
0
 73
0
 74
0
 75
0
 76
0
 77
1
 78
12
 79
3
170
0
171
3
172
1
173
0
174
0
175
0
176
0
177
0
178
0
179
2
271
2
272
2
273
2
274
3
275
0
276
0
277
2
278
46
279
2
280
0
281
0
282
0
283
0
284
8
285
0
286
0
288
1
289
3
290
0
340
4C
371
-2
372
-2
  0
DIMSTYLE
105
80
330
4
100
AcDbSymbolTableRecord
100
AcDbDimStyleTableRecord
  2
EZ_M_10_H25_CM
 70
0
 40
1.0
 41
0.025
 42
0.0125
 43
3.75
 44
0.037500000000000006
 45
0.0
 46
0.0
 47
0.0
 48
0.0
 49
2.5
140
0.025
141
2.5
142
0.0125
143
0.03937007874
144
100.0
145
0.0
146
0.5
147
0.010000000000000002
148
0.0
 69
0
 70
0
 71
0
 72
0
 73
0
 74
0
 75
0
 76
0
 77
1
 78
12
 79
3
170
0
171
3
172
1
173
0
174
0
175
0
176
0
177
0
178
0
179
2
271
2
272
2
273
2
274
3
275
0
276
0
277
2
278
46
279
2
280
0
281
0
282
0
283
0
284
8
285
0
286
0
288
1
289
3
290
0
340
4C
371
-2
372
-2
  0
DIMSTYLE
105
81
330
4
100
AcDbSymbolTableRecord
100
AcDbDimStyleTableRecord
  2
EZ_M_5_H25_CM
 70
0
 40
1.0
 41
0.0125
 42
0.00625
 43
3.75
 44
0.018750000000000003
 45
0.0
 46
0.0
 47
0.0
 48
0.0
 49
2.5
140
0.0125
141
2.5
142
0.00625
143
0.03937007874
144
100.0
145
0.0
146
0.5
147
0.005000000000000001
148
0.0
 69
0
 70
0
 71
0
 72
0
 73
0
 74
0
 75
0
 76
0
 77
1
 78
12
 79
3
170
0
171
3
172
1
173
0
174
0
175
0
176
0
177
0
178
0
179
2
271
2
272
2
273
2
274
3
275
0
276
0
277
2
278
46
279
2
280
0
281
0
282
0
283
0
284
8
285
0
286
0
288
1
289
3
290
0
340
4C
371
-2
372
-2
  0
DIMSTYLE
105
82
330
4
100
AcDbSymbolTableRecord
100
AcDbDimStyleTableRecord
  2
EZ_M_1_H25_CM
 70
0
 40
1.0
 41
0.0025
 42
0.00125
 43
3.75
 44
0.00375
 45
0.0
 46
0.0
 47
0.0
 48
0.0
 49
2.5
140
0.0025
141
2.5
142
0.00125
143
0.03937007874
144
100.0
145
0.0
146
0.5
147
0.001
148
0.0
 69
0
 70
0
 71
0
 72
0
 73
0
 74
0
 75
0
 76
0
 77
1
 78
12
 79
3
170
0
171
3
172
1
173
0
174
0
175
0
176
0
177
0
178
0
179
2
271
2
272
2
273
2
274
3
275
0
276
0
277
2
278
46
279
2
280
0
281
0
282
0
283
0
284
8
285
0
286
0
288
1
289
3
290
0
340
4C
371
-2
372
-2
  0
DIMSTYLE
105
83
330
4
100
AcDbSymbolTableRecord
100
AcDbDimStyleTableRecord
  2
EZ_RADIUS
 70
0
 40
1.0
 41
0.25
 42
0.125
 43
3.75
 44
0.375
 45
0.0
 46
0.0
 47
0.0
 48
0.0
 49
2.5
140
0.25
141
0.0
142
0.0
143
0.03937007874
144
100.0
145
0.0
146
0.5
147
0.1
148
0.0
 69
0
 70
0
 71
0
 72
0
 73
0
 74
0
 75
0
 76
0
 77
1
 78
12
 79
3
170
0
171
3
172
0
173
0
174
0
175
0
176
0
177
0
178
0
179
2
271
2
272
2
273
2
274
3
275
0
276
0
277
2
278
46
279
1
280
0
281
0
282
0
283
0
284
8
285
0
286
0
288
1
289
3
290
0
340
4C
342
84
371
-2
372
-2
  0
DIMSTYLE
105
88
330
4
100
AcDbSymbolTableRecord
100
AcDbDimStyleTableRecord
  2
EZ_RADIUS_INSIDE
 70
0
 40
1.0
 41
0.25
 42
0.125
 43
3.75
 44
0.375
 45
0.0
 46
0.0
 47
0.0
 48
0.0
 49
2.5
140
0.25
141
0.0
142
0.0
143
0.03937007874
144
100.0
145
0.0
146
0.5
147
0.1
148
0.0
 69
0
 70
0
 71
0
 72
0
 73
0
 74
0
 75
0
 76
0
 77
0
 78
12
 79
3
170
0
171
3
172
0
173
0
174
1
175
0
176
0
177
0
178
0
179
2
271
2
272
2
273
2
274
3
275
0
276
0
277
2
278
46
279
0
280
0
281
0
282
0
283
0
284
8
285
0
286
0
288
1
289
0
290
0
340
4C
342
84
371
-2
372
-2
  0
DIMSTYLE
105
89
330
4
100
AcDbSymbolTableRecord
100
AcDbDimStyleTableRecord
  2
EZ_CURVED
 70
0
 40
1.0
 41
0.25
 42
0.125
 43
3.75
 44
0.375
 45
0.0
 46
0.0
 47
0.0
 48
0.0
 49
2.5
140
0.25
141
2.5
142
0.0
143
0.03937007874
144
100.0
145
0.0
146
0.5
147
0.1
148
0.0
 69
0
 70
0
 71
0
 72
0
 73
0
 74
0
 75
0
 76
0
 77
1
 78
12
 79
2
 90
2
170
0
171
3
172
1
173
0
174
0
175
0
176
0
177
0
178
0
179
2
271
2
272
2
273
2
274
3
275
0
276
0
277
2
278
46
279
2
280
0
281
0
282
0
283
0
284
8
285
0
286
0
288
1
289
3
290
0
340
4C
371
-2
372
-2
  0
ENDTAB
  0
TABLE
  2
BLOCK_RECORD
  5
9
330
0
100
AcDbSymbolTable
 70
5
  0
BLOCK_RECORD
  5
17
330
9
100
AcDbSymbolTableRecord
100
AcDbBlockTableRecord
  2
*Model_Space
340
1A
 70
0
280
1
281
0
  0
BLOCK_RECORD
  5
1B
330
9
100
AcDbSymbolTableRecord
100
AcDbBlockTableRecord
  2
*Paper_Space
340
1E
 70
0
280
1
281
0
  0
BLOCK_RECORD
  5
74
330
9
100
AcDbSymbolTableRecord
100
AcDbBlockTableRecord
  2
_ARCHTICK
340
0
 70
0
280
1
281
0
  0
BLOCK_RECORD
  5
78
330
9
100
AcDbSymbolTableRecord
100
AcDbBlockTableRecord
  2
_CLOSEDFILLED
340
0
 70
0
280
1
281
0
  0
BLOCK_RECORD
  5
84
330
9
100
AcDbSymbolTableRecord
100
AcDbBlockTableRecord
  2
_CLOSEDBLANK
340
0
 70
0
280
1
281
0
  0
ENDTAB
  0
ENDSEC
  0
SECTION
  2
BLOCKS
  0
BLOCK
  5
18
330
17
100
AcDbEntity
  8
0
100
AcDbBlockBegin
  2
*Model_Space
 70
0
 10
0.0
 20
0.0
 30
0.0
  3
*Model_Space
  1

  0
ENDBLK
  5
19
330
17
100
AcDbEntity
  8
0
100
AcDbBlockEnd
  0
BLOCK
  5
1C
330
1B
100
AcDbEntity
  8
0
100
AcDbBlockBegin
  2
*Paper_Space
 70
0
 10
0.0
 20
0.0
 30
0.0
  3
*Paper_Space
  1

  0
ENDBLK
  5
1D
330
1B
100
AcDbEntity
  8
0
100
AcDbBlockEnd
  0
BLOCK
  5
75
330
74
100
AcDbEntity
  8
0
100
AcDbBlockBegin
  2
_ARCHTICK
 70
0
 10
0.0
 20
0.0
 30
0.0
  3
_ARCHTICK
  1

  0
LWPOLYLINE
  5
77
330
74
100
AcDbEntity
  8
0
  6
BYBLOCK
 62
0
100
AcDbPolyline
 90
2
 70
0
 43
0.15
 10
-0.5
 20
-0.5
 10
0.5
 20
0.5
  0
ENDBLK
  5
76
330
74
100
AcDbEntity
  8
0
100
AcDbBlockEnd
  0
BLOCK
  5
79
330
78
100
AcDbEntity
  8
0
100
AcDbBlockBegin
  2
_CLOSEDFILLED
 70
0
 10
0.0
 20
0.0
 30
0.0
  3
_CLOSEDFILLED
  1

  0
SOLID
  5
7B
330
78
100
AcDbEntity
  8
0
  6
BYBLOCK
 62
0
100
AcDbTrace
 10
-1.0
 20
0.16439898372402537
 30
0.0
 11
0.0
 21
0.0
 31
0.0
 12
-1.0
 22
-0.16439898372402537
 32
0.0
 13
-1.0
 23
-0.16439898372402537
 33
0.0
  0
ENDBLK
  5
7A
330
78
100
AcDbEntity
  8
0
100
AcDbBlockEnd
  0
BLOCK
  5
85
330
84
100
AcDbEntity
  8
0
100
AcDbBlockBegin
  2
_CLOSEDBLANK
 70
0
 10
0.0
 20
0.0
 30
0.0
  3
_CLOSEDBLANK
  1

  0
LWPOLYLINE
  5
87
330
84
100
AcDbEntity
  8
0
  6
BYBLOCK
 62
0
100
AcDbPolyline
 90
3
 70
1
 10
-1.0
 20
0.16439898372402537
 10
0.0
 20
0.0
 10
-1.0
 20
-0.16439898372402537
  0
ENDBLK
  5
86
330
84
100
AcDbEntity
  8
0
100
AcDbBlockEnd
  0
ENDSEC
  0
SECTION
  2
ENTITIES
  0
LINE
  5
AB
330
17
100
AcDbEntity
  8
marco
100
AcDbLine
 10
1.25
 20
-0.6000000000000001
 30
0.0
 11
41.45
 21
-0.6000000000000001
 31
0.0
  0
LINE
  5
AC
330
17
100
AcDbEntity
  8
marco
100
AcDbLine
 10
41.45
 20
-0.6000000000000001
 30
0.0
 11
41.45
 21
-29.1
 31
0.0
  0
LINE
  5
AD
330
17
100
AcDbEntity
  8
marco
100
AcDbLine
 10
41.45
 20
-29.1
 30
0.0
 11
1.25
 21
-29.1
 31
0.0
  0
LINE
  5
AE
330
17
100
AcDbEntity
  8
marco
100
AcDbLine
 10
1.25
 20
-29.1
 30
0.0
 11
1.25
 21
-0.6000000000000001
 31
0.0
  0
LINE
  5
AF
330
17
100
AcDbEntity
  8
marco-fino
100
AcDbLine
 10
6.25
 20
-0.6000000000000001
 30
0.0
 11
6.25
 21
-0.8
 31
0.0
  0
LINE
  5
B0
330
17
100
AcDbEntity
  8
marco-fino
100
AcDbLine
 10
11.25
 20
-0.6000000000000001
 30
0.0
 11
11.25
 21
-0.8
 31
0.0
  0
LINE
  5
B1
330
17
100
AcDbEntity
  8
marco-fino
100
AcDbLine
 10
16.25
 20
-0.6000000000000001
 30
0.0
 11
16.25
 21
-0.8
 31
0.0
  0
LINE
  5
B2
330
17
100
AcDbEntity
  8
marco-fino
100
AcDbLine
 10
21.25
 20
-0.6000000000000001
 30
0.0
 11
21.25
 21
-0.8
 31
0.0
  0
LINE
  5
B3
330
17
100
AcDbEntity
  8
marco-fino
100
AcDbLine
 10
26.25
 20
-0.6000000000000001
 30
0.0
 11
26.25
 21
-0.8
 31
0.0
  0
LINE
  5
B4
330
17
100
AcDbEntity
  8
marco-fino
100
AcDbLine
 10
31.25
 20
-0.6000000000000001
 30
0.0
 11
31.25
 21
-0.8
 31
0.0
  0
LINE
  5
B5
330
17
100
AcDbEntity
  8
marco-fino
100
AcDbLine
 10
36.25
 20
-0.6000000000000001
 30
0.0
 11
36.25
 21
-0.8
 31
0.0
  0
LWPOLYLINE
  5
B6
330
17
100
AcDbEntity
  8
muro-fill
100
AcDbPolyline
 90
4
 70
1
 10
0.0
 20
0.0
 10
24.0
 20
0.0
 10
24.0
 20
0.2500000000000007
 10
0.0
 20
0.2500000000000007
  0
LINE
  5
B7
330
17
100
AcDbEntity
  8
hatch
100
AcDbLine
 10
23.78786796564404
 20
1.7763568394002505e-15
 30
0.0
 11
24.0
 21
0.21213203435596384
 31
0.0
  0
LINE
  5
B8
330
17
100
AcDbEntity
  8
hatch
100
AcDbLine
 10
23.575735931288072
 20
1.7763568394002505e-15
 30
0.0
 11
23.825735931288072
 21
0.25000000000000355
 31
0.0
  0
LINE
  5
B9
330
17
100
AcDbEntity
  8
hatch
100
AcDbLine
 10
23.36360389693211
 20
0.0
 30
0.0
 11
23.613603896932112
 21
0.2500000000000018
 31
0.0
  0
LINE
  5
BA
330
17
100
AcDbEntity
  8
hatch
100
AcDbLine
 10
23.15147186257614
 20
0.0
 30
0.0
 11
23.401471862576145
 21
0.2500000000000018
 31
0.0
  0
LINE
  5
BB
330
17
100
AcDbEntity
  8
hatch
100
AcDbLine
 10
22.939339828220177
 20
1.7763568394002505e-15
 30
0.0
 11
23.18933982822018
 21
0.25000000000000355
 31
0.0
  0
LINE
  5
BC
330
17
100
AcDbEntity
  8
hatch
100
AcDbLine
 10
22.727207793864217
 20
0.0
 30
0.0
 11
22.977207793864217
 21
0.2500000000000018
 31
0.0
  0
LINE
  5
BD
330
17
100
AcDbEntity
  8
hatch
100
AcDbLine
 10
22.51507575950825
 20
-1.7763568394002505e-15
 30
0.0
 11
22.76507575950825
 21
0.2500000000000018
 31
0.0
  0
LINE
  5
BE
330
17
100
AcDbEntity
  8
hatch
100
AcDbLine
 10
22.30294372515229
 20
1.7763568394002505e-15
 30
0.0
 11
22.55294372515229
 21
0.25000000000000355
 31
0.0
  0
LINE
  5
BF
330
17
100
AcDbEntity
  8
hatch
100
AcDbLine
 10
22.090811690796322
 20
0.0
 30
0.0
 11
22.340811690796322
 21
0.2500000000000018
 31
0.0
  0
LINE
  5
C0
330
17
100
AcDbEntity
  8
hatch
100
AcDbLine
 10
21.878679656440355
 20
-1.7763568394002505e-15
 30
0.0
 11
22.12867965644036
 21
0.2500000000000018
 31
0.0
  0
LINE
  5
C1
330
17
100
AcDbEntity
  8
hatch
100
AcDbLine
 10
21.666547622084394
 20
1.7763568394002505e-15
 30
0.0
 11
21.916547622084394
 21
0.25000000000000355
 31
0.0
  0
LINE
  5
C2
330
17
100
AcDbEntity
  8
hatch
100
AcDbLine
 10
21.454415587728427
 20
1.7763568394002505e-15
 30
0.0
 11
21.70441558772843
 21
0.25000000000000355
 31
0.0
  0
LINE
  5
C3
330
17
100
AcDbEntity
  8
hatch
100
AcDbLine
 10
21.242283553372467
 20
0.0
 30
0.0
 11
21.492283553372467
 21
0.2500000000000018
 31
0.0
  0
LINE
  5
C4
330
17
100
AcDbEntity
  8
hatch
100
AcDbLine
 10
21.0301515190165
 20
1.7763568394002505e-15
 30
0.0
 11
21.280151519016503
 21
0.25000000000000355
 31
0.0
  0
LINE
  5
C5
330
17
100
AcDbEntity
  8
hatch
100
AcDbLine
 10
20.818019484660535
 20
1.7763568394002505e-15
 30
0.0
 11
21.06801948466054
 21
0.25000000000000355
 31
0.0
  0
LINE
  5
C6
330
17
100
AcDbEntity
  8
hatch
100
AcDbLine
 10
20.60588745030457
 20
0.0
 30
0.0
 11
20.85588745030457
 21
0.2500000000000018
 31
0.0
  0
LINE
  5
C7
330
17
100
AcDbEntity
  8
hatch
100
AcDbLine
 10
20.393755415948608
 20
0.0
 30
0.0
 11
20.64375541594861
 21
0.2500000000000018
 31
0.0
  0
LINE
  5
C8
330
17
100
AcDbEntity
  8
hatch
100
AcDbLine
 10
20.181623381592644
 20
0.0
 30
0.0
 11
20.431623381592647
 21
0.25000000000000355
 31
0.0
  0
LINE
  5
C9
330
17
100
AcDbEntity
  8
hatch
100
AcDbLine
 10
19.96949134723668
 20
0.0
 30
0.0
 11
20.219491347236684
 21
0.2500000000000018
 31
0.0
  0
LINE
  5
CA
330
17
100
AcDbEntity
  8
hatch
100
AcDbLine
 10
19.757359312880716
 20
1.7763568394002505e-15
 30
0.0
 11
20.007359312880716
 21
0.25000000000000355
 31
0.0
  0
LINE
  5
CB
330
17
100
AcDbEntity
  8
hatch
100
AcDbLine
 10
19.54522727852475
 20
0.0
 30
0.0
 11
19.795227278524752
 21
0.25000000000000355
 31
0.0
  0
LINE
  5
CC
330
17
100
AcDbEntity
  8
hatch
100
AcDbLine
 10
19.333095244168785
 20
0.0
 30
0.0
 11
19.58309524416879
 21
0.25000000000000355
 31
0.0
  0
LINE
  5
CD
330
17
100
AcDbEntity
  8
hatch
100
AcDbLine
 10
19.12096320981282
 20
1.7763568394002505e-15
 30
0.0
 11
19.370963209812825
 21
0.25000000000000355
 31
0.0
  0
LINE
  5
CE
330
17
100
AcDbEntity
  8
hatch
100
AcDbLine
 10
18.908831175456857
 20
0.0
 30
0.0
 11
19.15883117545686
 21
0.2500000000000018
 31
0.0
  0
LINE
  5
CF
330
17
100
AcDbEntity
  8
hatch
100
AcDbLine
 10
18.696699141100893
 20
0.0
 30
0.0
 11
18.946699141100893
 21
0.25000000000000355
 31
0.0
  0
LINE
  5
D0
330
17
100
AcDbEntity
  8
hatch
100
AcDbLine
 10
18.48456710674493
 20
0.0
 30
0.0
 11
18.734567106744933
 21
0.2500000000000018
 31
0.0
  0
LINE
  5
D1
330
17
100
AcDbEntity
  8
hatch
100
AcDbLine
 10
18.272435072388962
 20
0.0
 30
0.0
 11
18.522435072388966
 21
0.25000000000000355
 31
0.0
  0
LINE
  5
D2
330
17
100
AcDbEntity
  8
hatch
100
AcDbLine
 10
18.060303038033002
 20
0.0
 30
0.0
 11
18.310303038033005
 21
0.2500000000000018
 31
0.0
  0
LINE
  5
D3
330
17
100
AcDbEntity
  8
hatch
100
AcDbLine
 10
17.848171003677038
 20
0.0
 30
0.0
 11
18.098171003677038
 21
0.25000000000000355
 31
0.0
  0
LINE
  5
D4
330
17
100
AcDbEntity
  8
hatch
100
AcDbLine
 10
17.63603896932107
 20
0.0
 30
0.0
 11
17.886038969321074
 21
0.25000000000000355
 31
0.0
  0
LINE
  5
D5
330
17
100
AcDbEntity
  8
hatch
100
AcDbLine
 10
17.42390693496511
 20
0.0
 30
0.0
 11
17.67390693496511
 21
0.2500000000000018
 31
0.0
  0
LINE
  5
D6
330
17
100
AcDbEntity
  8
hatch
100
AcDbLine
 10
17.211774900609143
 20
0.0
 30
0.0
 11
17.461774900609143
 21
0.2500000000000018
 31
0.0
  0
LINE
  5
D7
330
17
100
AcDbEntity
  8
hatch
100
AcDbLine
 10
16.99964286625318
 20
0.0
 30
0.0
 11
17.249642866253183
 21
0.25000000000000355
 31
0.0
  0
LINE
  5
D8
330
17
100
AcDbEntity
  8
hatch
100
AcDbLine
 10
16.787510831897215
 20
1.7763568394002505e-15
 30
0.0
 11
17.037510831897215
 21
0.2500000000000018
 31
0.0
  0
LINE
  5
D9
330
17
100
AcDbEntity
  8
hatch
100
AcDbLine
 10
16.575378797541248
 20
0.0
 30
0.0
 11
16.825378797541255
 21
0.2500000000000018
 31
0.0
  0
LINE
  5
DA
330
17
100
AcDbEntity
  8
hatch
100
AcDbLine
 10
16.363246763185288
 20
1.7763568394002505e-15
 30
0.0
 11
16.61324676318529
 21
0.25000000000000355
 31
0.0
  0
LINE
  5
DB
330
17
100
AcDbEntity
  8
hatch
100
AcDbLine
 10
16.15111472882932
 20
1.7763568394002505e-15
 30
0.0
 11
16.40111472882932
 21
0.2500000000000018
 31
0.0
  0
LINE
  5
DC
330
17
100
AcDbEntity
  8
hatch
100
AcDbLine
 10
15.938982694473358
 20
0.0
 30
0.0
 11
16.18898269447336
 21
0.25000000000000266
 31
0.0
  0
LINE
  5
DD
330
17
100
AcDbEntity
  8
hatch
100
AcDbLine
 10
15.726850660117394
 20
8.881784197001252e-16
 30
0.0
 11
15.976850660117396
 21
0.2500000000000009
 31
0.0
  0
LINE
  5
DE
330
17
100
AcDbEntity
  8
hatch
100
AcDbLine
 10
15.514718625761429
 20
0.0
 30
0.0
 11
15.764718625761432
 21
0.25000000000000355
 31
0.0
  0
LINE
  5
DF
330
17
100
AcDbEntity
  8
hatch
100
AcDbLine
 10
15.302586591405467
 20
0.0
 30
0.0
 11
15.552586591405468
 21
0.2500000000000018
 31
0.0
  0
LINE
  5
E0
330
17
100
AcDbEntity
  8
hatch
100
AcDbLine
 10
15.090454557049501
 20
8.881784197001252e-16
 30
0.0
 11
15.340454557049503
 21
0.25000000000000355
 31
0.0
  0
LINE
  5
E1
330
17
100
AcDbEntity
  8
hatch
100
AcDbLine
 10
14.878322522693537
 20
0.0
 30
0.0
 11
15.12832252269354
 21
0.25000000000000355
 31
0.0
  0
LINE
  5
E2
330
17
100
AcDbEntity
  8
hatch
100
AcDbLine
 10
14.666190488337573
 20
0.0
 30
0.0
 11
14.916190488337573
 21
0.25000000000000266
 31
0.0
  0
LINE
  5
E3
330
17
100
AcDbEntity
  8
hatch
100
AcDbLine
 10
14.45405845398161
 20
8.881784197001252e-16
 30
0.0
 11
14.70405845398161
 21
0.2500000000000018
 31
0.0
  0
LINE
  5
E4
330
17
100
AcDbEntity
  8
hatch
100
AcDbLine
 10
14.241926419625646
 20
0.0
 30
0.0
 11
14.49192641962565
 21
0.25000000000000266
 31
0.0
  0
LINE
  5
E5
330
17
100
AcDbEntity
  8
hatch
100
AcDbLine
 10
14.029794385269678
 20
0.0
 30
0.0
 11
14.279794385269678
 21
0.2500000000000018
 31
0.0
  0
LINE
  5
E6
330
17
100
AcDbEntity
  8
hatch
100
AcDbLine
 10
13.817662350913714
 20
0.0
 30
0.0
 11
14.067662350913718
 21
0.2500000000000018
 31
0.0
  0
LINE
  5
E7
330
17
100
AcDbEntity
  8
hatch
100
AcDbLine
 10
13.60553031655775
 20
0.0
 30
0.0
 11
13.855530316557754
 21
0.25000000000000266
 31
0.0
  0
LINE
  5
E8
330
17
100
AcDbEntity
  8
hatch
100
AcDbLine
 10
13.393398282201787
 20
0.0
 30
0.0
 11
13.643398282201787
 21
0.2500000000000018
 31
0.0
  0
LINE
  5
E9
330
17
100
AcDbEntity
  8
hatch
100
AcDbLine
 10
13.181266247845823
 20
8.881784197001252e-16
 30
0.0
 11
13.431266247845826
 21
0.25000000000000266
 31
0.0
  0
LINE
  5
EA
330
17
100
AcDbEntity
  8
hatch
100
AcDbLine
 10
12.969134213489856
 20
8.881784197001252e-16
 30
0.0
 11
13.219134213489859
 21
0.25000000000000266
 31
0.0
  0
LINE
  5
EB
330
17
100
AcDbEntity
  8
hatch
100
AcDbLine
 10
12.757002179133895
 20
8.881784197001252e-16
 30
0.0
 11
13.007002179133897
 21
0.25000000000000355
 31
0.0
  0
LINE
  5
EC
330
17
100
AcDbEntity
  8
hatch
100
AcDbLine
 10
12.54487014477793
 20
0.0
 30
0.0
 11
12.794870144777931
 21
0.2500000000000018
 31
0.0
  0
LINE
  5
ED
330
17
100
AcDbEntity
  8
hatch
100
AcDbLine
 10
12.332738110421964
 20
8.881784197001252e-16
 30
0.0
 11
12.582738110421968
 21
0.25000000000000266
 31
0.0
  0
LINE
  5
EE
330
17
100
AcDbEntity
  8
hatch
100
AcDbLine
 10
12.120606076066
 20
0.0
 30
0.0
 11
12.370606076066002
 21
0.2500000000000018
 31
0.0
  0
LINE
  5
EF
330
17
100
AcDbEntity
  8
hatch
100
AcDbLine
 10
11.908474041710038
 20
0.0
 30
0.0
 11
12.15847404171004
 21
0.2500000000000018
 31
0.0
  0
LINE
  5
F0
330
17
100
AcDbEntity
  8
hatch
100
AcDbLine
 10
11.696342007354072
 20
8.881784197001252e-16
 30
0.0
 11
11.946342007354076
 21
0.25000000000000266
 31
0.0
  0
LINE
  5
F1
330
17
100
AcDbEntity
  8
hatch
100
AcDbLine
 10
11.484209972998109
 20
0.0
 30
0.0
 11
11.73420997299811
 21
0.2500000000000018
 31
0.0
  0
LINE
  5
F2
330
17
100
AcDbEntity
  8
hatch
100
AcDbLine
 10
11.272077938642145
 20
8.881784197001252e-16
 30
0.0
 11
11.522077938642145
 21
0.25000000000000266
 31
0.0
  0
LINE
  5
F3
330
17
100
AcDbEntity
  8
hatch
100
AcDbLine
 10
11.05994590428618
 20
0.0
 30
0.0
 11
11.309945904286181
 21
0.2500000000000018
 31
0.0
  0
LINE
  5
F4
330
17
100
AcDbEntity
  8
hatch
100
AcDbLine
 10
10.847813869930217
 20
8.881784197001252e-16
 30
0.0
 11
11.097813869930217
 21
0.2500000000000018
 31
0.0
  0
LINE
  5
F5
330
17
100
AcDbEntity
  8
hatch
100
AcDbLine
 10
10.635681835574252
 20
0.0
 30
0.0
 11
10.885681835574253
 21
0.25000000000000266
 31
0.0
  0
LINE
  5
F6
330
17
100
AcDbEntity
  8
hatch
100
AcDbLine
 10
10.423549801218286
 20
0.0
 30
0.0
 11
10.67354980121829
 21
0.25000000000000266
 31
0.0
  0
LINE
  5
F7
330
17
100
AcDbEntity
  8
hatch
100
AcDbLine
 10
10.211417766862322
 20
0.0
 30
0.0
 11
10.461417766862322
 21
0.2500000000000009
 31
0.0
  0
LINE
  5
F8
330
17
100
AcDbEntity
  8
hatch
100
AcDbLine
 10
9.999285732506358
 20
8.881784197001252e-16
 30
0.0
 11
10.249285732506358
 21
0.25000000000000266
 31
0.0
  0
LINE
  5
F9
330
17
100
AcDbEntity
  8
hatch
100
AcDbLine
 10
9.787153698150394
 20
0.0
 30
0.0
 11
10.037153698150398
 21
0.25000000000000266
 31
0.0
  0
LINE
  5
FA
330
17
100
AcDbEntity
  8
hatch
100
AcDbLine
 10
9.57502166379443
 20
0.0
 30
0.0
 11
9.82502166379443
 21
0.2500000000000009
 31
0.0
  0
LINE
  5
FB
330
17
100
AcDbEntity
  8
hatch
100
AcDbLine
 10
9.362889629438467
 20
8.881784197001252e-16
 30
0.0
 11
9.612889629438467
 21
0.25000000000000266
 31
0.0
  0
LINE
  5
FC
330
17
100
AcDbEntity
  8
hatch
100
AcDbLine
 10
9.1507575950825
 20
0.0
 30
0.0
 11
9.400757595082503
 21
0.25000000000000266
 31
0.0
  0
LINE
  5
FD
330
17
100
AcDbEntity
  8
hatch
100
AcDbLine
 10
8.938625560726535
 20
0.0
 30
0.0
 11
9.188625560726535
 21
0.2500000000000018
 31
0.0
  0
LINE
  5
FE
330
17
100
AcDbEntity
  8
hatch
100
AcDbLine
 10
8.726493526370573
 20
0.0
 30
0.0
 11
8.976493526370575
 21
0.25000000000000266
 31
0.0
  0
LINE
  5
FF
330
17
100
AcDbEntity
  8
hatch
100
AcDbLine
 10
8.51436149201461
 20
8.881784197001252e-16
 30
0.0
 11
8.764361492014611
 21
0.2500000000000018
 31
0.0
  0
LINE
  5
100
330
17
100
AcDbEntity
  8
hatch
100
AcDbLine
 10
8.302229457658644
 20
0.0
 30
0.0
 11
8.552229457658648
 21
0.25000000000000266
 31
0.0
  0
LINE
  5
101
330
17
100
AcDbEntity
  8
hatch
100
AcDbLine
 10
8.09009742330268
 20
0.0
 30
0.0
 11
8.340097423302682
 21
0.25000000000000266
 31
0.0
  0
LINE
  5
102
330
17
100
AcDbEntity
  8
hatch
100
AcDbLine
 10
7.8779653889467145
 20
4.440892098500626e-16
 30
0.0
 11
8.127965388946716
 21
0.2500000000000009
 31
0.0
  0
LINE
  5
103
330
17
100
AcDbEntity
  8
hatch
100
AcDbLine
 10
7.665833354590752
 20
0.0
 30
0.0
 11
7.915833354590755
 21
0.25000000000000266
 31
0.0
  0
LINE
  5
104
330
17
100
AcDbEntity
  8
hatch
100
AcDbLine
 10
7.453701320234787
 20
0.0
 30
0.0
 11
7.70370132023479
 21
0.25000000000000266
 31
0.0
  0
LINE
  5
105
330
17
100
AcDbEntity
  8
hatch
100
AcDbLine
 10
7.241569285878823
 20
0.0
 30
0.0
 11
7.491569285878824
 21
0.25000000000000133
 31
0.0
  0
LINE
  5
106
330
17
100
AcDbEntity
  8
hatch
100
AcDbLine
 10
7.029437251522857
 20
4.440892098500626e-16
 30
0.0
 11
7.279437251522861
 21
0.2500000000000031
 31
0.0
  0
LINE
  5
107
330
17
100
AcDbEntity
  8
hatch
100
AcDbLine
 10
6.8173052171668935
 20
4.440892098500626e-16
 30
0.0
 11
7.067305217166895
 21
0.2500000000000031
 31
0.0
  0
LINE
  5
108
330
17
100
AcDbEntity
  8
hatch
100
AcDbLine
 10
6.6051731828109315
 20
0.0
 30
0.0
 11
6.855173182810932
 21
0.2500000000000018
 31
0.0
  0
LINE
  5
109
330
17
100
AcDbEntity
  8
hatch
100
AcDbLine
 10
6.393041148454967
 20
8.881784197001252e-16
 30
0.0
 11
6.643041148454969
 21
0.25000000000000266
 31
0.0
  0
LINE
  5
10A
330
17
100
AcDbEntity
  8
hatch
100
AcDbLine
 10
6.180909114099001
 20
0.0
 30
0.0
 11
6.430909114099004
 21
0.25000000000000266
 31
0.0
  0
LINE
  5
10B
330
17
100
AcDbEntity
  8
hatch
100
AcDbLine
 10
5.968777079743036
 20
0.0
 30
0.0
 11
6.218777079743038
 21
0.25000000000000133
 31
0.0
  0
LINE
  5
10C
330
17
100
AcDbEntity
  8
hatch
100
AcDbLine
 10
5.756645045387072
 20
0.0
 30
0.0
 11
6.006645045387074
 21
0.25000000000000266
 31
0.0
  0
LINE
  5
10D
330
17
100
AcDbEntity
  8
hatch
100
AcDbLine
 10
5.54451301103111
 20
0.0
 30
0.0
 11
5.7945130110311105
 21
0.25000000000000133
 31
0.0
  0
LINE
  5
10E
330
17
100
AcDbEntity
  8
hatch
100
AcDbLine
 10
5.332380976675145
 20
0.0
 30
0.0
 11
5.582380976675147
 21
0.25000000000000133
 31
0.0
  0
LINE
  5
10F
330
17
100
AcDbEntity
  8
hatch
100
AcDbLine
 10
5.120248942319179
 20
-4.440892098500626e-16
 30
0.0
 11
5.370248942319183
 21
0.25000000000000266
 31
0.0
  0
LINE
  5
110
330
17
100
AcDbEntity
  8
hatch
100
AcDbLine
 10
4.908116907963215
 20
0.0
 30
0.0
 11
5.158116907963217
 21
0.25000000000000133
 31
0.0
  0
LINE
  5
111
330
17
100
AcDbEntity
  8
hatch
100
AcDbLine
 10
4.695984873607251
 20
0.0
 30
0.0
 11
4.945984873607252
 21
0.25000000000000133
 31
0.0
  0
LINE
  5
112
330
17
100
AcDbEntity
  8
hatch
100
AcDbLine
 10
4.483852839251289
 20
4.440892098500626e-16
 30
0.0
 11
4.733852839251291
 21
0.2500000000000031
 31
0.0
  0
LINE
  5
113
330
17
100
AcDbEntity
  8
hatch
100
AcDbLine
 10
4.271720804895323
 20
0.0
 30
0.0
 11
4.521720804895325
 21
0.2500000000000018
 31
0.0
  0
LINE
  5
114
330
17
100
AcDbEntity
  8
hatch
100
AcDbLine
 10
4.059588770539358
 20
0.0
 30
0.0
 11
4.309588770539362
 21
0.2500000000000031
 31
0.0
  0
LINE
  5
115
330
17
100
AcDbEntity
  8
hatch
100
AcDbLine
 10
3.847456736183394
 20
4.440892098500626e-16
 30
0.0
 11
4.097456736183397
 21
0.2500000000000031
 31
0.0
  0
LINE
  5
116
330
17
100
AcDbEntity
  8
hatch
100
AcDbLine
 10
3.6353247018274315
 20
0.0
 30
0.0
 11
3.8853247018274333
 21
0.2500000000000018
 31
0.0
  0
LINE
  5
117
330
17
100
AcDbEntity
  8
hatch
100
AcDbLine
 10
3.423192667471467
 20
2.220446049250313e-16
 30
0.0
 11
3.67319266747147
 21
0.2500000000000029
 31
0.0
  0
LINE
  5
118
330
17
100
AcDbEntity
  8
hatch
100
AcDbLine
 10
3.211060633115502
 20
0.0
 30
0.0
 11
3.461060633115504
 21
0.25000000000000155
 31
0.0
  0
LINE
  5
119
330
17
100
AcDbEntity
  8
hatch
100
AcDbLine
 10
2.9989285987595373
 20
0.0
 30
0.0
 11
3.248928598759539
 21
0.25000000000000155
 31
0.0
  0
LINE
  5
11A
330
17
100
AcDbEntity
  8
hatch
100
AcDbLine
 10
2.7867965644035726
 20
2.220446049250313e-16
 30
0.0
 11
3.0367965644035753
 21
0.2500000000000031
 31
0.0
  0
LINE
  5
11B
330
17
100
AcDbEntity
  8
hatch
100
AcDbLine
 10
2.57466453004761
 20
0.0
 30
0.0
 11
2.824664530047612
 21
0.2500000000000018
 31
0.0
  0
LINE
  5
11C
330
17
100
AcDbEntity
  8
hatch
100
AcDbLine
 10
2.3625324956916454
 20
0.0
 30
0.0
 11
2.612532495691647
 21
0.2500000000000018
 31
0.0
  0
LINE
  5
11D
330
17
100
AcDbEntity
  8
hatch
100
AcDbLine
 10
2.1504004613356806
 20
0.0
 30
0.0
 11
2.4004004613356837
 21
0.2500000000000031
 31
0.0
  0
LINE
  5
11E
330
17
100
AcDbEntity
  8
hatch
100
AcDbLine
 10
1.938268426979716
 20
0.0
 30
0.0
 11
2.1882684269797177
 21
0.2500000000000019
 31
0.0
  0
LINE
  5
11F
330
17
100
AcDbEntity
  8
hatch
100
AcDbLine
 10
1.726136392623751
 20
0.0
 30
0.0
 11
1.976136392623753
 21
0.2500000000000019
 31
0.0
  0
LINE
  5
120
330
17
100
AcDbEntity
  8
hatch
100
AcDbLine
 10
1.5140043582677887
 20
1.1102230246251565e-16
 30
0.0
 11
1.7640043582677905
 21
0.250000000000002
 31
0.0
  0
LINE
  5
121
330
17
100
AcDbEntity
  8
hatch
100
AcDbLine
 10
1.3018723239118215
 20
0.0
 30
0.0
 11
1.5518723239118235
 21
0.2500000000000019
 31
0.0
  0
LINE
  5
122
330
17
100
AcDbEntity
  8
hatch
100
AcDbLine
 10
1.0897402895558592
 20
0.0
 30
0.0
 11
1.339740289555861
 21
0.2500000000000019
 31
0.0
  0
LINE
  5
123
330
17
100
AcDbEntity
  8
hatch
100
AcDbLine
 10
0.8776082551998969
 20
0.0
 30
0.0
 11
1.127608255199899
 21
0.2500000000000019
 31
0.0
  0
LINE
  5
124
330
17
100
AcDbEntity
  8
hatch
100
AcDbLine
 10
0.6654762208439295
 20
-5.551115123125783e-17
 30
0.0
 11
0.9154762208439317
 21
0.25000000000000194
 31
0.0
  0
LINE
  5
125
330
17
100
AcDbEntity
  8
hatch
100
AcDbLine
 10
0.45334418648796737
 20
0.0
 30
0.0
 11
0.7033441864879693
 21
0.25000000000000194
 31
0.0
  0
LINE
  5
126
330
17
100
AcDbEntity
  8
hatch
100
AcDbLine
 10
0.24121215213200006
 20
0.0
 30
0.0
 11
0.4912121521320021
 21
0.25000000000000194
 31
0.0
  0
LINE
  5
127
330
17
100
AcDbEntity
  8
hatch
100
AcDbLine
 10
0.029080117776037803
 20
0.0
 30
0.0
 11
0.27908011777603986
 21
0.250000000000002
 31
0.0
  0
LINE
  5
128
330
17
100
AcDbEntity
  8
hatch
100
AcDbLine
 10
1.3877787807814457e-17
 20
0.18305191657992442
 30
0.0
 11
0.0669480834200776
 21
0.250000000000002
 31
0.0
  0
LWPOLYLINE
  5
129
330
17
100
AcDbEntity
  8
muro-corte
100
AcDbPolyline
 90
4
 70
1
 10
0.0
 20
0.0
 10
24.0
 20
0.0
 10
24.0
 20
0.2500000000000007
 10
0.0
 20
0.2500000000000007
  0
LWPOLYLINE
  5
12A
330
17
100
AcDbEntity
  8
muro-fill
100
AcDbPolyline
 90
4
 70
1
 10
0.0
 20
9.35
 10
24.0
 20
9.35
 10
24.0
 20
9.6
 10
0.0
 20
9.6
  0
LINE
  5
12B
330
17
100
AcDbEntity
  8
hatch
100
AcDbLine
 10
23.787867965644036
 20
9.35
 30
0.0
 11
24.0
 21
9.562132034355963
 31
0.0
  0
LINE
  5
12C
330
17
100
AcDbEntity
  8
hatch
100
AcDbLine
 10
23.575735931288072
 20
9.349999999999998
 30
0.0
 11
23.825735931288072
 21
9.600000000000001
 31
0.0
  0
LINE
  5
12D
330
17
100
AcDbEntity
  8
hatch
100
AcDbLine
 10
23.36360389693211
 20
9.35
 30
0.0
 11
23.61360389693211
 21
9.600000000000003
 31
0.0
  0
LINE
  5
12E
330
17
100
AcDbEntity
  8
hatch
100
AcDbLine
 10
23.151471862576148
 20
9.350000000000001
 30
0.0
 11
23.401471862576145
 21
9.600000000000001
 31
0.0
  0
LINE
  5
12F
330
17
100
AcDbEntity
  8
hatch
100
AcDbLine
 10
22.93933982822018
 20
9.350000000000001
 30
0.0
 11
23.18933982822018
 21
9.600000000000001
 31
0.0
  0
LINE
  5
130
330
17
100
AcDbEntity
  8
hatch
100
AcDbLine
 10
22.727207793864217
 20
9.350000000000001
 30
0.0
 11
22.977207793864217
 21
9.599999999999998
 31
0.0
  0
LINE
  5
131
330
17
100
AcDbEntity
  8
hatch
100
AcDbLine
 10
22.515075759508246
 20
9.349999999999998
 30
0.0
 11
22.765075759508253
 21
9.600000000000001
 31
0.0
  0
LINE
  5
132
330
17
100
AcDbEntity
  8
hatch
100
AcDbLine
 10
22.30294372515229
 20
9.350000000000001
 30
0.0
 11
22.55294372515229
 21
9.600000000000001
 31
0.0
  0
LINE
  5
133
330
17
100
AcDbEntity
  8
hatch
100
AcDbLine
 10
22.090811690796325
 20
9.350000000000001
 30
0.0
 11
22.340811690796322
 21
9.600000000000001
 31
0.0
  0
LINE
  5
134
330
17
100
AcDbEntity
  8
hatch
100
AcDbLine
 10
21.878679656440358
 20
9.35
 30
0.0
 11
22.12867965644036
 21
9.600000000000001
 31
0.0
  0
LINE
  5
135
330
17
100
AcDbEntity
  8
hatch
100
AcDbLine
 10
21.666547622084394
 20
9.350000000000001
 30
0.0
 11
21.916547622084394
 21
9.6
 31
0.0
  0
LINE
  5
136
330
17
100
AcDbEntity
  8
hatch
100
AcDbLine
 10
21.454415587728427
 20
9.350000000000001
 30
0.0
 11
21.70441558772843
 21
9.600000000000001
 31
0.0
  0
LINE
  5
137
330
17
100
AcDbEntity
  8
hatch
100
AcDbLine
 10
21.242283553372467
 20
9.35
 30
0.0
 11
21.49228355337247
 21
9.600000000000001
 31
0.0
  0
LINE
  5
138
330
17
100
AcDbEntity
  8
hatch
100
AcDbLine
 10
21.030151519016503
 20
9.350000000000001
 30
0.0
 11
21.280151519016503
 21
9.6
 31
0.0
  0
LINE
  5
139
330
17
100
AcDbEntity
  8
hatch
100
AcDbLine
 10
20.81801948466054
 20
9.350000000000001
 30
0.0
 11
21.06801948466054
 21
9.600000000000001
 31
0.0
  0
LINE
  5
13A
330
17
100
AcDbEntity
  8
hatch
100
AcDbLine
 10
20.60588745030457
 20
9.350000000000001
 30
0.0
 11
20.85588745030457
 21
9.600000000000001
 31
0.0
  0
LINE
  5
13B
330
17
100
AcDbEntity
  8
hatch
100
AcDbLine
 10
20.39375541594861
 20
9.350000000000001
 30
0.0
 11
20.64375541594861
 21
9.600000000000001
 31
0.0
  0
LINE
  5
13C
330
17
100
AcDbEntity
  8
hatch
100
AcDbLine
 10
20.181623381592644
 20
9.349999999999998
 30
0.0
 11
20.431623381592647
 21
9.600000000000001
 31
0.0
  0
LINE
  5
13D
330
17
100
AcDbEntity
  8
hatch
100
AcDbLine
 10
19.96949134723668
 20
9.350000000000001
 30
0.0
 11
20.21949134723668
 21
9.600000000000001
 31
0.0
  0
LINE
  5
13E
330
17
100
AcDbEntity
  8
hatch
100
AcDbLine
 10
19.757359312880716
 20
9.35
 30
0.0
 11
20.00735931288072
 21
9.600000000000001
 31
0.0
  0
LINE
  5
13F
330
17
100
AcDbEntity
  8
hatch
100
AcDbLine
 10
19.545227278524752
 20
9.350000000000001
 30
0.0
 11
19.795227278524752
 21
9.600000000000001
 31
0.0
  0
LINE
  5
140
330
17
100
AcDbEntity
  8
hatch
100
AcDbLine
 10
19.33309524416879
 20
9.350000000000001
 30
0.0
 11
19.58309524416879
 21
9.600000000000001
 31
0.0
  0
LINE
  5
141
330
17
100
AcDbEntity
  8
hatch
100
AcDbLine
 10
19.120963209812825
 20
9.35
 30
0.0
 11
19.370963209812825
 21
9.600000000000001
 31
0.0
  0
LINE
  5
142
330
17
100
AcDbEntity
  8
hatch
100
AcDbLine
 10
18.908831175456857
 20
9.349999999999998
 30
0.0
 11
19.15883117545686
 21
9.600000000000001
 31
0.0
  0
LINE
  5
143
330
17
100
AcDbEntity
  8
hatch
100
AcDbLine
 10
18.696699141100893
 20
9.350000000000001
 30
0.0
 11
18.946699141100897
 21
9.600000000000001
 31
0.0
  0
LINE
  5
144
330
17
100
AcDbEntity
  8
hatch
100
AcDbLine
 10
18.48456710674493
 20
9.350000000000001
 30
0.0
 11
18.73456710674493
 21
9.600000000000001
 31
0.0
  0
LINE
  5
145
330
17
100
AcDbEntity
  8
hatch
100
AcDbLine
 10
18.272435072388966
 20
9.35
 30
0.0
 11
18.522435072388966
 21
9.600000000000001
 31
0.0
  0
LINE
  5
146
330
17
100
AcDbEntity
  8
hatch
100
AcDbLine
 10
18.060303038033002
 20
9.35
 30
0.0
 11
18.310303038033002
 21
9.6
 31
0.0
  0
LINE
  5
147
330
17
100
AcDbEntity
  8
hatch
100
AcDbLine
 10
17.848171003677038
 20
9.35
 30
0.0
 11
18.098171003677038
 21
9.600000000000001
 31
0.0
  0
LINE
  5
148
330
17
100
AcDbEntity
  8
hatch
100
AcDbLine
 10
17.636038969321074
 20
9.350000000000001
 30
0.0
 11
17.886038969321074
 21
9.600000000000001
 31
0.0
  0
LINE
  5
149
330
17
100
AcDbEntity
  8
hatch
100
AcDbLine
 10
17.42390693496511
 20
9.35
 30
0.0
 11
17.673906934965114
 21
9.600000000000003
 31
0.0
  0
LINE
  5
14A
330
17
100
AcDbEntity
  8
hatch
100
AcDbLine
 10
17.211774900609146
 20
9.349999999999998
 30
0.0
 11
17.461774900609146
 21
9.600000000000001
 31
0.0
  0
LINE
  5
14B
330
17
100
AcDbEntity
  8
hatch
100
AcDbLine
 10
16.99964286625318
 20
9.349999999999998
 30
0.0
 11
17.249642866253183
 21
9.600000000000001
 31
0.0
  0
LINE
  5
14C
330
17
100
AcDbEntity
  8
hatch
100
AcDbLine
 10
16.78751083189722
 20
9.350000000000001
 30
0.0
 11
17.037510831897215
 21
9.600000000000001
 31
0.0
  0
LINE
  5
14D
330
17
100
AcDbEntity
  8
hatch
100
AcDbLine
 10
16.57537879754125
 20
9.35
 30
0.0
 11
16.825378797541255
 21
9.600000000000003
 31
0.0
  0
LINE
  5
14E
330
17
100
AcDbEntity
  8
hatch
100
AcDbLine
 10
16.363246763185288
 20
9.350000000000001
 30
0.0
 11
16.61324676318529
 21
9.600000000000003
 31
0.0
  0
LINE
  5
14F
330
17
100
AcDbEntity
  8
hatch
100
AcDbLine
 10
16.151114728829324
 20
9.35
 30
0.0
 11
16.401114728829324
 21
9.600000000000001
 31
0.0
  0
LINE
  5
150
330
17
100
AcDbEntity
  8
hatch
100
AcDbLine
 10
15.938982694473356
 20
9.349999999999998
 30
0.0
 11
16.18898269447336
 21
9.600000000000001
 31
0.0
  0
LINE
  5
151
330
17
100
AcDbEntity
  8
hatch
100
AcDbLine
 10
15.726850660117396
 20
9.350000000000001
 30
0.0
 11
15.976850660117396
 21
9.600000000000001
 31
0.0
  0
LINE
  5
152
330
17
100
AcDbEntity
  8
hatch
100
AcDbLine
 10
15.51471862576143
 20
9.350000000000001
 30
0.0
 11
15.764718625761432
 21
9.600000000000001
 31
0.0
  0
LINE
  5
153
330
17
100
AcDbEntity
  8
hatch
100
AcDbLine
 10
15.302586591405467
 20
9.350000000000001
 30
0.0
 11
15.552586591405467
 21
9.600000000000001
 31
0.0
  0
LINE
  5
154
330
17
100
AcDbEntity
  8
hatch
100
AcDbLine
 10
15.090454557049505
 20
9.350000000000003
 30
0.0
 11
15.340454557049505
 21
9.600000000000001
 31
0.0
  0
LINE
  5
155
330
17
100
AcDbEntity
  8
hatch
100
AcDbLine
 10
14.878322522693535
 20
9.349999999999998
 30
0.0
 11
15.128322522693539
 21
9.6
 31
0.0
  0
LINE
  5
156
330
17
100
AcDbEntity
  8
hatch
100
AcDbLine
 10
14.666190488337573
 20
9.35
 30
0.0
 11
14.916190488337575
 21
9.600000000000001
 31
0.0
  0
LINE
  5
157
330
17
100
AcDbEntity
  8
hatch
100
AcDbLine
 10
14.45405845398161
 20
9.35
 30
0.0
 11
14.70405845398161
 21
9.600000000000001
 31
0.0
  0
LINE
  5
158
330
17
100
AcDbEntity
  8
hatch
100
AcDbLine
 10
14.241926419625647
 20
9.350000000000001
 30
0.0
 11
14.49192641962565
 21
9.600000000000003
 31
0.0
  0
LINE
  5
159
330
17
100
AcDbEntity
  8
hatch
100
AcDbLine
 10
14.029794385269682
 20
9.35
 30
0.0
 11
14.279794385269682
 21
9.600000000000001
 31
0.0
  0
LINE
  5
15A
330
17
100
AcDbEntity
  8
hatch
100
AcDbLine
 10
13.817662350913714
 20
9.349999999999998
 30
0.0
 11
14.067662350913718
 21
9.6
 31
0.0
  0
LINE
  5
15B
330
17
100
AcDbEntity
  8
hatch
100
AcDbLine
 10
13.60553031655775
 20
9.349999999999998
 30
0.0
 11
13.855530316557752
 21
9.600000000000001
 31
0.0
  0
LINE
  5
15C
330
17
100
AcDbEntity
  8
hatch
100
AcDbLine
 10
13.393398282201789
 20
9.350000000000001
 30
0.0
 11
13.64339828220179
 21
9.600000000000003
 31
0.0
  0
LINE
  5
15D
330
17
100
AcDbEntity
  8
hatch
100
AcDbLine
 10
13.181266247845823
 20
9.35
 30
0.0
 11
13.431266247845825
 21
9.600000000000001
 31
0.0
  0
LINE
  5
15E
330
17
100
AcDbEntity
  8
hatch
100
AcDbLine
 10
12.969134213489859
 20
9.35
 30
0.0
 11
13.21913421348986
 21
9.600000000000001
 31
0.0
  0
LINE
  5
15F
330
17
100
AcDbEntity
  8
hatch
100
AcDbLine
 10
12.757002179133895
 20
9.35
 30
0.0
 11
13.007002179133899
 21
9.600000000000003
 31
0.0
  0
LINE
  5
160
330
17
100
AcDbEntity
  8
hatch
100
AcDbLine
 10
12.544870144777931
 20
9.35
 30
0.0
 11
12.794870144777933
 21
9.600000000000001
 31
0.0
  0
LINE
  5
161
330
17
100
AcDbEntity
  8
hatch
100
AcDbLine
 10
12.332738110421964
 20
9.349999999999998
 30
0.0
 11
12.582738110421968
 21
9.600000000000001
 31
0.0
  0
LINE
  5
162
330
17
100
AcDbEntity
  8
hatch
100
AcDbLine
 10
12.120606076066002
 20
9.350000000000001
 30
0.0
 11
12.370606076066002
 21
9.600000000000001
 31
0.0
  0
LINE
  5
163
330
17
100
AcDbEntity
  8
hatch
100
AcDbLine
 10
11.90847404171004
 20
9.35
 30
0.0
 11
12.158474041710042
 21
9.600000000000001
 31
0.0
  0
LINE
  5
164
330
17
100
AcDbEntity
  8
hatch
100
AcDbLine
 10
11.696342007354072
 20
9.349999999999998
 30
0.0
 11
11.946342007354074
 21
9.600000000000001
 31
0.0
  0
LINE
  5
165
330
17
100
AcDbEntity
  8
hatch
100
AcDbLine
 10
11.48420997299811
 20
9.350000000000001
 30
0.0
 11
11.73420997299811
 21
9.600000000000001
 31
0.0
  0
LINE
  5
166
330
17
100
AcDbEntity
  8
hatch
100
AcDbLine
 10
11.272077938642147
 20
9.350000000000001
 30
0.0
 11
11.522077938642147
 21
9.600000000000001
 31
0.0
  0
LINE
  5
167
330
17
100
AcDbEntity
  8
hatch
100
AcDbLine
 10
11.059945904286181
 20
9.35
 30
0.0
 11
11.309945904286183
 21
9.600000000000001
 31
0.0
  0
LINE
  5
168
330
17
100
AcDbEntity
  8
hatch
100
AcDbLine
 10
10.847813869930217
 20
9.35
 30
0.0
 11
11.097813869930217
 21
9.600000000000001
 31
0.0
  0
LINE
  5
169
330
17
100
AcDbEntity
  8
hatch
100
AcDbLine
 10
10.635681835574253
 20
9.350000000000001
 30
0.0
 11
10.885681835574255
 21
9.600000000000001
 31
0.0
  0
LINE
  5
16A
330
17
100
AcDbEntity
  8
hatch
100
AcDbLine
 10
10.423549801218288
 20
9.35
 30
0.0
 11
10.673549801218291
 21
9.600000000000001
 31
0.0
  0
LINE
  5
16B
330
17
100
AcDbEntity
  8
hatch
100
AcDbLine
 10
10.211417766862324
 20
9.350000000000001
 30
0.0
 11
10.461417766862324
 21
9.600000000000001
 31
0.0
  0
LINE
  5
16C
330
17
100
AcDbEntity
  8
hatch
100
AcDbLine
 10
9.999285732506358
 20
9.35
 30
0.0
 11
10.24928573250636
 21
9.600000000000001
 31
0.0
  0
LINE
  5
16D
330
17
100
AcDbEntity
  8
hatch
100
AcDbLine
 10
9.787153698150396
 20
9.35
 30
0.0
 11
10.0371536981504
 21
9.600000000000001
 31
0.0
  0
LINE
  5
16E
330
17
100
AcDbEntity
  8
hatch
100
AcDbLine
 10
9.57502166379443
 20
9.35
 30
0.0
 11
9.825021663794432
 21
9.600000000000001
 31
0.0
  0
LINE
  5
16F
330
17
100
AcDbEntity
  8
hatch
100
AcDbLine
 10
9.362889629438467
 20
9.35
 30
0.0
 11
9.612889629438468
 21
9.600000000000001
 31
0.0
  0
LINE
  5
170
330
17
100
AcDbEntity
  8
hatch
100
AcDbLine
 10
9.150757595082503
 20
9.35
 30
0.0
 11
9.400757595082505
 21
9.600000000000001
 31
0.0
  0
LINE
  5
171
330
17
100
AcDbEntity
  8
hatch
100
AcDbLine
 10
8.938625560726537
 20
9.35
 30
0.0
 11
9.188625560726539
 21
9.6
 31
0.0
  0
LINE
  5
172
330
17
100
AcDbEntity
  8
hatch
100
AcDbLine
 10
8.726493526370575
 20
9.35
 30
0.0
 11
8.976493526370577
 21
9.600000000000001
 31
0.0
  0
LINE
  5
173
330
17
100
AcDbEntity
  8
hatch
100
AcDbLine
 10
8.514361492014611
 20
9.35
 30
0.0
 11
8.764361492014611
 21
9.6
 31
0.0
  0
LINE
  5
174
330
17
100
AcDbEntity
  8
hatch
100
AcDbLine
 10
8.302229457658644
 20
9.35
 30
0.0
 11
8.552229457658648
 21
9.600000000000003
 31
0.0
  0
LINE
  5
175
330
17
100
AcDbEntity
  8
hatch
100
AcDbLine
 10
8.09009742330268
 20
9.35
 30
0.0
 11
8.340097423302682
 21
9.600000000000001
 31
0.0
  0
LINE
  5
176
330
17
100
AcDbEntity
  8
hatch
100
AcDbLine
 10
7.877965388946716
 20
9.35
 30
0.0
 11
8.127965388946716
 21
9.6
 31
0.0
  0
LINE
  5
177
330
17
100
AcDbEntity
  8
hatch
100
AcDbLine
 10
7.665833354590753
 20
9.35
 30
0.0
 11
7.915833354590755
 21
9.600000000000003
 31
0.0
  0
LINE
  5
178
330
17
100
AcDbEntity
  8
hatch
100
AcDbLine
 10
7.453701320234789
 20
9.35
 30
0.0
 11
7.70370132023479
 21
9.600000000000001
 31
0.0
  0
LINE
  5
179
330
17
100
AcDbEntity
  8
hatch
100
AcDbLine
 10
7.241569285878825
 20
9.35
 30
0.0
 11
7.491569285878825
 21
9.6
 31
0.0
  0
LINE
  5
17A
330
17
100
AcDbEntity
  8
hatch
100
AcDbLine
 10
7.02943725152286
 20
9.35
 30
0.0
 11
7.279437251522862
 21
9.600000000000001
 31
0.0
  0
LINE
  5
17B
330
17
100
AcDbEntity
  8
hatch
100
AcDbLine
 10
6.817305217166894
 20
9.35
 30
0.0
 11
7.067305217166896
 21
9.600000000000003
 31
0.0
  0
LINE
  5
17C
330
17
100
AcDbEntity
  8
hatch
100
AcDbLine
 10
6.605173182810932
 20
9.35
 30
0.0
 11
6.855173182810933
 21
9.6
 31
0.0
  0
LINE
  5
17D
330
17
100
AcDbEntity
  8
hatch
100
AcDbLine
 10
6.393041148454968
 20
9.35
 30
0.0
 11
6.6430411484549685
 21
9.600000000000001
 31
0.0
  0
LINE
  5
17E
330
17
100
AcDbEntity
  8
hatch
100
AcDbLine
 10
6.180909114099003
 20
9.35
 30
0.0
 11
6.430909114099005
 21
9.600000000000001
 31
0.0
  0
LINE
  5
17F
330
17
100
AcDbEntity
  8
hatch
100
AcDbLine
 10
5.968777079743037
 20
9.35
 30
0.0
 11
6.218777079743038
 21
9.600000000000001
 31
0.0
  0
LINE
  5
180
330
17
100
AcDbEntity
  8
hatch
100
AcDbLine
 10
5.7566450453870734
 20
9.35
 30
0.0
 11
6.006645045387075
 21
9.600000000000001
 31
0.0
  0
LINE
  5
181
330
17
100
AcDbEntity
  8
hatch
100
AcDbLine
 10
5.544513011031111
 20
9.35
 30
0.0
 11
5.794513011031112
 21
9.6
 31
0.0
  0
LINE
  5
182
330
17
100
AcDbEntity
  8
hatch
100
AcDbLine
 10
5.332380976675146
 20
9.35
 30
0.0
 11
5.582380976675147
 21
9.600000000000001
 31
0.0
  0
LINE
  5
183
330
17
100
AcDbEntity
  8
hatch
100
AcDbLine
 10
5.120248942319181
 20
9.350000000000001
 30
0.0
 11
5.370248942319183
 21
9.600000000000001
 31
0.0
  0
LINE
  5
184
330
17
100
AcDbEntity
  8
hatch
100
AcDbLine
 10
4.908116907963216
 20
9.35
 30
0.0
 11
5.158116907963217
 21
9.600000000000001
 31
0.0
  0
LINE
  5
185
330
17
100
AcDbEntity
  8
hatch
100
AcDbLine
 10
4.695984873607252
 20
9.350000000000001
 30
0.0
 11
4.945984873607253
 21
9.600000000000001
 31
0.0
  0
LINE
  5
186
330
17
100
AcDbEntity
  8
hatch
100
AcDbLine
 10
4.4838528392512895
 20
9.35
 30
0.0
 11
4.733852839251291
 21
9.600000000000001
 31
0.0
  0
LINE
  5
187
330
17
100
AcDbEntity
  8
hatch
100
AcDbLine
 10
4.271720804895325
 20
9.35
 30
0.0
 11
4.521720804895326
 21
9.600000000000001
 31
0.0
  0
LINE
  5
188
330
17
100
AcDbEntity
  8
hatch
100
AcDbLine
 10
4.05958877053936
 20
9.35
 30
0.0
 11
4.309588770539362
 21
9.600000000000001
 31
0.0
  0
LINE
  5
189
330
17
100
AcDbEntity
  8
hatch
100
AcDbLine
 10
3.8474567361833953
 20
9.35
 30
0.0
 11
4.097456736183397
 21
9.600000000000001
 31
0.0
  0
LINE
  5
18A
330
17
100
AcDbEntity
  8
hatch
100
AcDbLine
 10
3.6353247018274333
 20
9.35
 30
0.0
 11
3.885324701827434
 21
9.600000000000001
 31
0.0
  0
LINE
  5
18B
330
17
100
AcDbEntity
  8
hatch
100
AcDbLine
 10
3.423192667471468
 20
9.35
 30
0.0
 11
3.6731926674714708
 21
9.600000000000001
 31
0.0
  0
LINE
  5
18C
330
17
100
AcDbEntity
  8
hatch
100
AcDbLine
 10
3.211060633115504
 20
9.35
 30
0.0
 11
3.4610606331155047
 21
9.600000000000001
 31
0.0
  0
LINE
  5
18D
330
17
100
AcDbEntity
  8
hatch
100
AcDbLine
 10
2.9989285987595387
 20
9.35
 30
0.0
 11
3.2489285987595395
 21
9.600000000000001
 31
0.0
  0
LINE
  5
18E
330
17
100
AcDbEntity
  8
hatch
100
AcDbLine
 10
2.7867965644035744
 20
9.35
 30
0.0
 11
3.036796564403576
 21
9.600000000000001
 31
0.0
  0
LINE
  5
18F
330
17
100
AcDbEntity
  8
hatch
100
AcDbLine
 10
2.5746645300476123
 20
9.350000000000001
 30
0.0
 11
2.824664530047613
 21
9.600000000000001
 31
0.0
  0
LINE
  5
190
330
17
100
AcDbEntity
  8
hatch
100
AcDbLine
 10
2.362532495691647
 20
9.35
 30
0.0
 11
2.612532495691648
 21
9.600000000000001
 31
0.0
  0
LINE
  5
191
330
17
100
AcDbEntity
  8
hatch
100
AcDbLine
 10
2.1504004613356824
 20
9.350000000000001
 30
0.0
 11
2.400400461335684
 21
9.600000000000001
 31
0.0
  0
LINE
  5
192
330
17
100
AcDbEntity
  8
hatch
100
AcDbLine
 10
1.9382684269797172
 20
9.35
 30
0.0
 11
2.188268426979718
 21
9.600000000000001
 31
0.0
  0
LINE
  5
193
330
17
100
AcDbEntity
  8
hatch
100
AcDbLine
 10
1.726136392623752
 20
9.35
 30
0.0
 11
1.976136392623753
 21
9.600000000000001
 31
0.0
  0
LINE
  5
194
330
17
100
AcDbEntity
  8
hatch
100
AcDbLine
 10
1.51400435826779
 20
9.35
 30
0.0
 11
1.764004358267791
 21
9.600000000000001
 31
0.0
  0
LINE
  5
195
330
17
100
AcDbEntity
  8
hatch
100
AcDbLine
 10
1.301872323911823
 20
9.35
 30
0.0
 11
1.551872323911824
 21
9.600000000000001
 31
0.0
  0
LINE
  5
196
330
17
100
AcDbEntity
  8
hatch
100
AcDbLine
 10
1.089740289555861
 20
9.35
 30
0.0
 11
1.3397402895558619
 21
9.600000000000001
 31
0.0
  0
LINE
  5
197
330
17
100
AcDbEntity
  8
hatch
100
AcDbLine
 10
0.8776082551998989
 20
9.35
 30
0.0
 11
1.1276082551998998
 21
9.600000000000001
 31
0.0
  0
LINE
  5
198
330
17
100
AcDbEntity
  8
hatch
100
AcDbLine
 10
0.6654762208439315
 20
9.35
 30
0.0
 11
0.9154762208439324
 21
9.600000000000001
 31
0.0
  0
LINE
  5
199
330
17
100
AcDbEntity
  8
hatch
100
AcDbLine
 10
0.4533441864879695
 20
9.35
 30
0.0
 11
0.7033441864879704
 21
9.600000000000001
 31
0.0
  0
LINE
  5
19A
330
17
100
AcDbEntity
  8
hatch
100
AcDbLine
 10
0.2412121521320021
 20
9.35
 30
0.0
 11
0.491212152132003
 21
9.600000000000001
 31
0.0
  0
LINE
  5
19B
330
17
100
AcDbEntity
  8
hatch
100
AcDbLine
 10
0.02908011777603914
 20
9.35
 30
0.0
 11
0.27908011777604
 21
9.600000000000001
 31
0.0
  0
LINE
  5
19C
330
17
100
AcDbEntity
  8
hatch
100
AcDbLine
 10
0.0
 20
9.533051916579922
 30
0.0
 11
0.06694808342007796
 21
9.600000000000001
 31
0.0
  0
LWPOLYLINE
  5
19D
330
17
100
AcDbEntity
  8
muro-corte
100
AcDbPolyline
 90
4
 70
1
 10
0.0
 20
9.35
 10
24.0
 20
9.35
 10
24.0
 20
9.6
 10
0.0
 20
9.6
  0
LWPOLYLINE
  5
19E
330
17
100
AcDbEntity
  8
muro-fill
100
AcDbPolyline
 90
4
 70
1
 10
0.0
 20
0.2500000000000007
 10
0.24999999999999964
 20
0.2500000000000007
 10
0.24999999999999964
 20
9.35
 10
0.0
 20
9.35
  0
LINE
  5
19F
330
17
100
AcDbEntity
  8
hatch
100
AcDbLine
 10
0.037867965644035384
 20
0.2500000000000007
 30
0.0
 11
0.24999999999999964
 21
0.46213203435596495
 31
0.0
  0
LINE
  5
1A0
330
17
100
AcDbEntity
  8
hatch
100
AcDbLine
 10
0.0
 20
0.42426406871192957
 30
0.0
 11
0.24999999999999967
 21
0.6742640687119292
 31
0.0
  0
LINE
  5
1A1
330
17
100
AcDbEntity
  8
hatch
100
AcDbLine
 10
2.7755575615628914e-16
 20
0.636396103067894
 30
0.0
 11
0.24999999999999967
 21
0.8863961030678933
 31
0.0
  0
LINE
  5
1A2
330
17
100
AcDbEntity
  8
hatch
100
AcDbLine
 10
-1.1102230246251565e-16
 20
0.8485281374238579
 30
0.0
 11
0.24999999999999956
 21
1.0985281374238576
 31
0.0
  0
LINE
  5
1A3
330
17
100
AcDbEntity
  8
hatch
100
AcDbLine
 10
1.1102230246251565e-16
 20
1.0606601717798225
 30
0.0
 11
0.24999999999999967
 21
1.3106601717798219
 31
0.0
  0
LINE
  5
1A4
330
17
100
AcDbEntity
  8
hatch
100
AcDbLine
 10
-1.1102230246251565e-16
 20
1.2727922061357861
 30
0.0
 11
0.24999999999999978
 21
1.5227922061357861
 31
0.0
  0
LINE
  5
1A5
330
17
100
AcDbEntity
  8
hatch
100
AcDbLine
 10
1.1102230246251565e-16
 20
1.4849242404917509
 30
0.0
 11
0.24999999999999944
 21
1.73492424049175
 31
0.0
  0
LINE
  5
1A6
330
17
100
AcDbEntity
  8
hatch
100
AcDbLine
 10
-7.771561172376096e-16
 20
1.697056274847714
 30
0.0
 11
0.24999999999999956
 21
1.9470562748477143
 31
0.0
  0
LINE
  5
1A7
330
17
100
AcDbEntity
  8
hatch
100
AcDbLine
 10
1.1102230246251565e-16
 20
1.909188309203679
 30
0.0
 11
0.24999999999999956
 21
2.1591883092036785
 31
0.0
  0
LINE
  5
1A8
330
17
100
AcDbEntity
  8
hatch
100
AcDbLine
 10
2.220446049250313e-16
 20
2.1213203435596437
 30
0.0
 11
0.24999999999999956
 21
2.3713203435596433
 31
0.0
  0
LINE
  5
1A9
330
17
100
AcDbEntity
  8
hatch
100
AcDbLine
 10
6.661338147750939e-16
 20
2.3334523779156084
 30
0.0
 11
0.24999999999999978
 21
2.5834523779156076
 31
0.0
  0
LINE
  5
1AA
330
17
100
AcDbEntity
  8
hatch
100
AcDbLine
 10
2.220446049250313e-16
 20
2.5455844122715723
 30
0.0
 11
0.24999999999999978
 21
2.7955844122715714
 31
0.0
  0
LINE
  5
1AB
330
17
100
AcDbEntity
  8
hatch
100
AcDbLine
 10
-2.220446049250313e-16
 20
2.757716446627536
 30
0.0
 11
0.24999999999999978
 21
3.0077164466275357
 31
0.0
  0
LINE
  5
1AC
330
17
100
AcDbEntity
  8
hatch
100
AcDbLine
 10
-2.220446049250313e-16
 20
2.969848480983501
 30
0.0
 11
0.24999999999999933
 21
3.2198484809835
 31
0.0
  0
LINE
  5
1AD
330
17
100
AcDbEntity
  8
hatch
100
AcDbLine
 10
2.220446049250313e-16
 20
3.1819805153394647
 30
0.0
 11
0.24999999999999956
 21
3.4319805153394642
 31
0.0
  0
LINE
  5
1AE
330
17
100
AcDbEntity
  8
hatch
100
AcDbLine
 10
6.661338147750939e-16
 20
3.3941125496954294
 30
0.0
 11
0.24999999999999956
 21
3.6441125496954285
 31
0.0
  0
LINE
  5
1AF
330
17
100
AcDbEntity
  8
hatch
100
AcDbLine
 10
2.220446049250313e-16
 20
3.6062445840513933
 30
0.0
 11
0.24999999999999956
 21
3.8562445840513924
 31
0.0
  0
LINE
  5
1B0
330
17
100
AcDbEntity
  8
hatch
100
AcDbLine
 10
0.0
 20
3.818376618407357
 30
0.0
 11
0.24999999999999956
 21
4.068376618407356
 31
0.0
  0
LINE
  5
1B1
330
17
100
AcDbEntity
  8
hatch
100
AcDbLine
 10
0.0
 20
4.030508652763322
 30
0.0
 11
0.24999999999999956
 21
4.280508652763322
 31
0.0
  0
LINE
  5
1B2
330
17
100
AcDbEntity
  8
hatch
100
AcDbLine
 10
0.0
 20
4.242640687119286
 30
0.0
 11
0.24999999999999956
 21
4.492640687119286
 31
0.0
  0
LINE
  5
1B3
330
17
100
AcDbEntity
  8
hatch
100
AcDbLine
 10
0.0
 20
4.45477272147525
 30
0.0
 11
0.24999999999999956
 21
4.7047727214752495
 31
0.0
  0
LINE
  5
1B4
330
17
100
AcDbEntity
  8
hatch
100
AcDbLine
 10
0.0
 20
4.666904755831214
 30
0.0
 11
0.24999999999999956
 21
4.916904755831213
 31
0.0
  0
LINE
  5
1B5
330
17
100
AcDbEntity
  8
hatch
100
AcDbLine
 10
0.0
 20
4.879036790187179
 30
0.0
 11
0.24999999999999956
 21
5.129036790187177
 31
0.0
  0
LINE
  5
1B6
330
17
100
AcDbEntity
  8
hatch
100
AcDbLine
 10
0.0
 20
5.091168824543143
 30
0.0
 11
0.24999999999999956
 21
5.341168824543143
 31
0.0
  0
LINE
  5
1B7
330
17
100
AcDbEntity
  8
hatch
100
AcDbLine
 10
0.0
 20
5.3033008588991075
 30
0.0
 11
0.2499999999999991
 21
5.553300858899107
 31
0.0
  0
LINE
  5
1B8
330
17
100
AcDbEntity
  8
hatch
100
AcDbLine
 10
0.0
 20
5.515432893255071
 30
0.0
 11
0.24999999999999956
 21
5.7654328932550705
 31
0.0
  0
LINE
  5
1B9
330
17
100
AcDbEntity
  8
hatch
100
AcDbLine
 10
4.440892098500626e-16
 20
5.727564927611036
 30
0.0
 11
0.24999999999999956
 21
5.977564927611034
 31
0.0
  0
LINE
  5
1BA
330
17
100
AcDbEntity
  8
hatch
100
AcDbLine
 10
4.440892098500626e-16
 20
5.939696961967
 30
0.0
 11
0.24999999999999956
 21
6.189696961967
 31
0.0
  0
LINE
  5
1BB
330
17
100
AcDbEntity
  8
hatch
100
AcDbLine
 10
0.0
 20
6.151828996322964
 30
0.0
 11
0.2499999999999991
 21
6.401828996322963
 31
0.0
  0
LINE
  5
1BC
330
17
100
AcDbEntity
  8
hatch
100
AcDbLine
 10
0.0
 20
6.3639610306789285
 30
0.0
 11
0.24999999999999956
 21
6.613961030678928
 31
0.0
  0
LINE
  5
1BD
330
17
100
AcDbEntity
  8
hatch
100
AcDbLine
 10
-4.440892098500626e-16
 20
6.576093065034891
 30
0.0
 11
0.2499999999999991
 21
6.826093065034891
 31
0.0
  0
LINE
  5
1BE
330
17
100
AcDbEntity
  8
hatch
100
AcDbLine
 10
4.440892098500626e-16
 20
6.788225099390857
 30
0.0
 11
0.2499999999999991
 21
7.038225099390856
 31
0.0
  0
LINE
  5
1BF
330
17
100
AcDbEntity
  8
hatch
100
AcDbLine
 10
-4.440892098500626e-16
 20
7.000357133746821
 30
0.0
 11
0.2499999999999991
 21
7.250357133746821
 31
0.0
  0
LINE
  5
1C0
330
17
100
AcDbEntity
  8
hatch
100
AcDbLine
 10
0.0
 20
7.212489168102785
 30
0.0
 11
0.24999999999999956
 21
7.462489168102785
 31
0.0
  0
LINE
  5
1C1
330
17
100
AcDbEntity
  8
hatch
100
AcDbLine
 10
0.0
 20
7.4246212024587495
 30
0.0
 11
0.24999999999999956
 21
7.674621202458749
 31
0.0
  0
LINE
  5
1C2
330
17
100
AcDbEntity
  8
hatch
100
AcDbLine
 10
0.0
 20
7.636753236814712
 30
0.0
 11
0.24999999999999956
 21
7.886753236814712
 31
0.0
  0
LINE
  5
1C3
330
17
100
AcDbEntity
  8
hatch
100
AcDbLine
 10
0.0
 20
7.848885271170678
 30
0.0
 11
0.2499999999999991
 21
8.098885271170678
 31
0.0
  0
LINE
  5
1C4
330
17
100
AcDbEntity
  8
hatch
100
AcDbLine
 10
0.0
 20
8.061017305526644
 30
0.0
 11
0.25
 21
8.311017305526642
 31
0.0
  0
LINE
  5
1C5
330
17
100
AcDbEntity
  8
hatch
100
AcDbLine
 10
0.0
 20
8.273149339882606
 30
0.0
 11
0.25
 21
8.523149339882606
 31
0.0
  0
LINE
  5
1C6
330
17
100
AcDbEntity
  8
hatch
100
AcDbLine
 10
0.0
 20
8.485281374238571
 30
0.0
 11
0.2499999999999991
 21
8.73528137423857
 31
0.0
  0
LINE
  5
1C7
330
17
100
AcDbEntity
  8
hatch
100
AcDbLine
 10
0.0
 20
8.697413408594535
 30
0.0
 11
0.2499999999999991
 21
8.947413408594533
 31
0.0
  0
LINE
  5
1C8
330
17
100
AcDbEntity
  8
hatch
100
AcDbLine
 10
0.0
 20
8.909545442950499
 30
0.0
 11
0.25
 21
9.159545442950499
 31
0.0
  0
LINE
  5
1C9
330
17
100
AcDbEntity
  8
hatch
100
AcDbLine
 10
0.0
 20
9.121677477306463
 30
0.0
 11
0.22832252269353592
 21
9.35
 31
0.0
  0
LINE
  5
1CA
330
17
100
AcDbEntity
  8
hatch
100
AcDbLine
 10
0.0
 20
9.333809511662427
 30
0.0
 11
0.016190488337572972
 21
9.35
 31
0.0
  0
LWPOLYLINE
  5
1CB
330
17
100
AcDbEntity
  8
muro-corte
100
AcDbPolyline
 90
4
 70
1
 10
0.0
 20
0.2500000000000007
 10
0.24999999999999964
 20
0.2500000000000007
 10
0.24999999999999964
 20
9.35
 10
0.0
 20
9.35
  0
LWPOLYLINE
  5
1CC
330
17
100
AcDbEntity
  8
muro-fill
100
AcDbPolyline
 90
4
 70
1
 10
23.75
 20
0.2500000000000007
 10
24.0
 20
0.2500000000000007
 10
24.0
 20
9.35
 10
23.75
 20
9.35
  0
LINE
  5
1CD
330
17
100
AcDbEntity
  8
hatch
100
AcDbLine
 10
23.78786796564404
 20
0.2500000000000018
 30
0.0
 11
24.0
 21
0.46213203435596384
 31
0.0
  0
LINE
  5
1CE
330
17
100
AcDbEntity
  8
hatch
100
AcDbLine
 10
23.75
 20
0.42426406871192945
 30
0.0
 11
24.0
 21
0.6742640687119312
 31
0.0
  0
LINE
  5
1CF
330
17
100
AcDbEntity
  8
hatch
100
AcDbLine
 10
23.75
 20
0.6363961030678933
 30
0.0
 11
24.0
 21
0.8863961030678951
 31
0.0
  0
LINE
  5
1D0
330
17
100
AcDbEntity
  8
hatch
100
AcDbLine
 10
23.75
 20
0.8485281374238607
 30
0.0
 11
24.0
 21
1.0985281374238625
 31
0.0
  0
LINE
  5
1D1
330
17
100
AcDbEntity
  8
hatch
100
AcDbLine
 10
23.75
 20
1.060660171779821
 30
0.0
 11
24.0
 21
1.3106601717798227
 31
0.0
  0
LINE
  5
1D2
330
17
100
AcDbEntity
  8
hatch
100
AcDbLine
 10
23.749999999999996
 20
1.2727922061357866
 30
0.0
 11
24.0
 21
1.5227922061357884
 31
0.0
  0
LINE
  5
1D3
330
17
100
AcDbEntity
  8
hatch
100
AcDbLine
 10
23.75
 20
1.4849242404917522
 30
0.0
 11
24.0
 21
1.734924240491754
 31
0.0
  0
LINE
  5
1D4
330
17
100
AcDbEntity
  8
hatch
100
AcDbLine
 10
23.75
 20
1.6970562748477125
 30
0.0
 11
24.0
 21
1.9470562748477143
 31
0.0
  0
LINE
  5
1D5
330
17
100
AcDbEntity
  8
hatch
100
AcDbLine
 10
23.75
 20
1.9091883092036799
 30
0.0
 11
24.0
 21
2.1591883092036817
 31
0.0
  0
LINE
  5
1D6
330
17
100
AcDbEntity
  8
hatch
100
AcDbLine
 10
23.75
 20
2.1213203435596437
 30
0.0
 11
24.0
 21
2.3713203435596455
 31
0.0
  0
LINE
  5
1D7
330
17
100
AcDbEntity
  8
hatch
100
AcDbLine
 10
23.749999999999996
 20
2.333452377915606
 30
0.0
 11
24.0
 21
2.583452377915611
 31
0.0
  0
LINE
  5
1D8
330
17
100
AcDbEntity
  8
hatch
100
AcDbLine
 10
23.75
 20
2.5455844122715714
 30
0.0
 11
24.0
 21
2.795584412271573
 31
0.0
  0
LINE
  5
1D9
330
17
100
AcDbEntity
  8
hatch
100
AcDbLine
 10
23.75
 20
2.7577164466275352
 30
0.0
 11
24.0
 21
3.007716446627537
 31
0.0
  0
LINE
  5
1DA
330
17
100
AcDbEntity
  8
hatch
100
AcDbLine
 10
23.75
 20
2.969848480983501
 30
0.0
 11
24.0
 21
3.2198484809835026
 31
0.0
  0
LINE
  5
1DB
330
17
100
AcDbEntity
  8
hatch
100
AcDbLine
 10
23.75
 20
3.1819805153394647
 30
0.0
 11
24.0
 21
3.4319805153394665
 31
0.0
  0
LINE
  5
1DC
330
17
100
AcDbEntity
  8
hatch
100
AcDbLine
 10
23.749999999999996
 20
3.3941125496954285
 30
0.0
 11
24.0
 21
3.6441125496954303
 31
0.0
  0
LINE
  5
1DD
330
17
100
AcDbEntity
  8
hatch
100
AcDbLine
 10
23.75
 20
3.606244584051394
 30
0.0
 11
24.0
 21
3.856244584051396
 31
0.0
  0
LINE
  5
1DE
330
17
100
AcDbEntity
  8
hatch
100
AcDbLine
 10
23.75
 20
3.818376618407356
 30
0.0
 11
24.0
 21
4.06837661840736
 31
0.0
  0
LINE
  5
1DF
330
17
100
AcDbEntity
  8
hatch
100
AcDbLine
 10
23.75
 20
4.030508652763322
 30
0.0
 11
24.0
 21
4.280508652763324
 31
0.0
  0
LINE
  5
1E0
330
17
100
AcDbEntity
  8
hatch
100
AcDbLine
 10
23.75
 20
4.242640687119286
 30
0.0
 11
24.0
 21
4.492640687119287
 31
0.0
  0
LINE
  5
1E1
330
17
100
AcDbEntity
  8
hatch
100
AcDbLine
 10
23.75
 20
4.454772721475251
 30
0.0
 11
24.0
 21
4.704772721475251
 31
0.0
  0
LINE
  5
1E2
330
17
100
AcDbEntity
  8
hatch
100
AcDbLine
 10
23.75
 20
4.666904755831215
 30
0.0
 11
24.0
 21
4.916904755831219
 31
0.0
  0
LINE
  5
1E3
330
17
100
AcDbEntity
  8
hatch
100
AcDbLine
 10
23.75
 20
4.879036790187177
 30
0.0
 11
24.0
 21
5.129036790187179
 31
0.0
  0
LINE
  5
1E4
330
17
100
AcDbEntity
  8
hatch
100
AcDbLine
 10
23.75
 20
5.091168824543143
 30
0.0
 11
24.0
 21
5.341168824543145
 31
0.0
  0
LINE
  5
1E5
330
17
100
AcDbEntity
  8
hatch
100
AcDbLine
 10
23.75
 20
5.303300858899107
 30
0.0
 11
24.0
 21
5.55330085889911
 31
0.0
  0
LINE
  5
1E6
330
17
100
AcDbEntity
  8
hatch
100
AcDbLine
 10
23.749999999999996
 20
5.5154328932550705
 30
0.0
 11
24.0
 21
5.765432893255072
 31
0.0
  0
LINE
  5
1E7
330
17
100
AcDbEntity
  8
hatch
100
AcDbLine
 10
23.75
 20
5.727564927611036
 30
0.0
 11
24.0
 21
5.977564927611038
 31
0.0
  0
LINE
  5
1E8
330
17
100
AcDbEntity
  8
hatch
100
AcDbLine
 10
23.75
 20
5.939696961967
 30
0.0
 11
24.0
 21
6.189696961967002
 31
0.0
  0
LINE
  5
1E9
330
17
100
AcDbEntity
  8
hatch
100
AcDbLine
 10
23.75
 20
6.151828996322964
 30
0.0
 11
24.0
 21
6.401828996322967
 31
0.0
  0
LINE
  5
1EA
330
17
100
AcDbEntity
  8
hatch
100
AcDbLine
 10
23.75
 20
6.363961030678928
 30
0.0
 11
24.0
 21
6.613961030678929
 31
0.0
  0
LINE
  5
1EB
330
17
100
AcDbEntity
  8
hatch
100
AcDbLine
 10
23.75
 20
6.576093065034891
 30
0.0
 11
24.0
 21
6.826093065034893
 31
0.0
  0
LINE
  5
1EC
330
17
100
AcDbEntity
  8
hatch
100
AcDbLine
 10
23.75
 20
6.788225099390859
 30
0.0
 11
24.0
 21
7.038225099390861
 31
0.0
  0
LINE
  5
1ED
330
17
100
AcDbEntity
  8
hatch
100
AcDbLine
 10
23.75
 20
7.000357133746819
 30
0.0
 11
24.0
 21
7.250357133746821
 31
0.0
  0
LINE
  5
1EE
330
17
100
AcDbEntity
  8
hatch
100
AcDbLine
 10
23.75
 20
7.2124891681027865
 30
0.0
 11
24.000000000000004
 21
7.462489168102788
 31
0.0
  0
LINE
  5
1EF
330
17
100
AcDbEntity
  8
hatch
100
AcDbLine
 10
23.75
 20
7.42462120245875
 30
0.0
 11
24.0
 21
7.674621202458752
 31
0.0
  0
LINE
  5
1F0
330
17
100
AcDbEntity
  8
hatch
100
AcDbLine
 10
23.75
 20
7.636753236814712
 30
0.0
 11
24.0
 21
7.886753236814714
 31
0.0
  0
LINE
  5
1F1
330
17
100
AcDbEntity
  8
hatch
100
AcDbLine
 10
23.75
 20
7.848885271170679
 30
0.0
 11
24.0
 21
8.09888527117068
 31
0.0
  0
LINE
  5
1F2
330
17
100
AcDbEntity
  8
hatch
100
AcDbLine
 10
23.75
 20
8.061017305526642
 30
0.0
 11
24.0
 21
8.311017305526642
 31
0.0
  0
LINE
  5
1F3
330
17
100
AcDbEntity
  8
hatch
100
AcDbLine
 10
23.75
 20
8.273149339882607
 30
0.0
 11
24.0
 21
8.523149339882607
 31
0.0
  0
LINE
  5
1F4
330
17
100
AcDbEntity
  8
hatch
100
AcDbLine
 10
23.75
 20
8.485281374238571
 30
0.0
 11
24.0
 21
8.735281374238575
 31
0.0
  0
LINE
  5
1F5
330
17
100
AcDbEntity
  8
hatch
100
AcDbLine
 10
23.75
 20
8.697413408594532
 30
0.0
 11
24.0
 21
8.947413408594535
 31
0.0
  0
LINE
  5
1F6
330
17
100
AcDbEntity
  8
hatch
100
AcDbLine
 10
23.75
 20
8.909545442950499
 30
0.0
 11
24.0
 21
9.159545442950503
 31
0.0
  0
LINE
  5
1F7
330
17
100
AcDbEntity
  8
hatch
100
AcDbLine
 10
23.749999999999996
 20
9.121677477306463
 30
0.0
 11
23.978322522693535
 21
9.349999999999998
 31
0.0
  0
LINE
  5
1F8
330
17
100
AcDbEntity
  8
hatch
100
AcDbLine
 10
23.75
 20
9.33380951166243
 30
0.0
 11
23.76619048833757
 21
9.349999999999998
 31
0.0
  0
LWPOLYLINE
  5
1F9
330
17
100
AcDbEntity
  8
muro-corte
100
AcDbPolyline
 90
4
 70
1
 10
23.75
 20
0.2500000000000007
 10
24.0
 20
0.2500000000000007
 10
24.0
 20
9.35
 10
23.75
 20
9.35
  0
LWPOLYLINE
  5
1FA
330
17
100
AcDbEntity
  8
tabique-fill
100
AcDbPolyline
 90
4
 70
1
 10
3.4499999999999997
 20
0.2500000000000007
 10
3.5999999999999996
 20
0.2500000000000007
 10
3.5999999999999996
 20
3.799999999999999
 10
3.4499999999999997
 20
3.799999999999999
  0
LINE
  5
1FB
330
17
100
AcDbEntity
  8
hatch
100
AcDbLine
 10
3.4499999999999997
 20
0.31213203435596526
 30
0.0
 11
3.5999999999999996
 21
0.46213203435596495
 31
0.0
  0
LINE
  5
1FC
330
17
100
AcDbEntity
  8
hatch
100
AcDbLine
 10
3.4499999999999997
 20
0.5242640687119295
 30
0.0
 11
3.5999999999999996
 21
0.674264068711929
 31
0.0
  0
LINE
  5
1FD
330
17
100
AcDbEntity
  8
hatch
100
AcDbLine
 10
3.4499999999999997
 20
0.7363961030678936
 30
0.0
 11
3.599999999999999
 21
0.8863961030678935
 31
0.0
  0
LINE
  5
1FE
330
17
100
AcDbEntity
  8
hatch
100
AcDbLine
 10
3.45
 20
0.9485281374238581
 30
0.0
 11
3.5999999999999996
 21
1.098528137423858
 31
0.0
  0
LINE
  5
1FF
330
17
100
AcDbEntity
  8
hatch
100
AcDbLine
 10
3.4499999999999997
 20
1.1606601717798222
 30
0.0
 11
3.599999999999999
 21
1.3106601717798216
 31
0.0
  0
LINE
  5
200
330
17
100
AcDbEntity
  8
hatch
100
AcDbLine
 10
3.4499999999999993
 20
1.3727922061357862
 30
0.0
 11
3.5999999999999988
 21
1.5227922061357861
 31
0.0
  0
LINE
  5
201
330
17
100
AcDbEntity
  8
hatch
100
AcDbLine
 10
3.4499999999999997
 20
1.5849242404917507
 30
0.0
 11
3.599999999999999
 21
1.7349242404917502
 31
0.0
  0
LINE
  5
202
330
17
100
AcDbEntity
  8
hatch
100
AcDbLine
 10
3.4499999999999997
 20
1.7970562748477148
 30
0.0
 11
3.5999999999999996
 21
1.9470562748477147
 31
0.0
  0
LINE
  5
203
330
17
100
AcDbEntity
  8
hatch
100
AcDbLine
 10
3.4499999999999993
 20
2.0091883092036786
 30
0.0
 11
3.5999999999999988
 21
2.159188309203678
 31
0.0
  0
LINE
  5
204
330
17
100
AcDbEntity
  8
hatch
100
AcDbLine
 10
3.4499999999999997
 20
2.2213203435596434
 30
0.0
 11
3.5999999999999996
 21
2.371320343559643
 31
0.0
  0
LINE
  5
205
330
17
100
AcDbEntity
  8
hatch
100
AcDbLine
 10
3.4499999999999993
 20
2.433452377915607
 30
0.0
 11
3.5999999999999988
 21
2.5834523779156067
 31
0.0
  0
LINE
  5
206
330
17
100
AcDbEntity
  8
hatch
100
AcDbLine
 10
3.4499999999999997
 20
2.645584412271572
 30
0.0
 11
3.599999999999999
 21
2.7955844122715714
 31
0.0
  0
LINE
  5
207
330
17
100
AcDbEntity
  8
hatch
100
AcDbLine
 10
3.45
 20
2.857716446627536
 30
0.0
 11
3.5999999999999988
 21
3.0077164466275352
 31
0.0
  0
LINE
  5
208
330
17
100
AcDbEntity
  8
hatch
100
AcDbLine
 10
3.4499999999999993
 20
3.0698484809835
 30
0.0
 11
3.599999999999999
 21
3.2198484809835
 31
0.0
  0
LINE
  5
209
330
17
100
AcDbEntity
  8
hatch
100
AcDbLine
 10
3.4499999999999997
 20
3.2819805153394643
 30
0.0
 11
3.5999999999999996
 21
3.4319805153394642
 31
0.0
  0
LINE
  5
20A
330
17
100
AcDbEntity
  8
hatch
100
AcDbLine
 10
3.4499999999999993
 20
3.4941125496954286
 30
0.0
 11
3.599999999999999
 21
3.644112549695428
 31
0.0
  0
LINE
  5
20B
330
17
100
AcDbEntity
  8
hatch
100
AcDbLine
 10
3.4499999999999997
 20
3.706244584051393
 30
0.0
 11
3.543755415948606
 21
3.799999999999999
 31
0.0
  0
LWPOLYLINE
  5
20C
330
17
100
AcDbEntity
  8
muro-corte
100
AcDbPolyline
 90
4
 70
1
 10
3.4499999999999997
 20
0.2500000000000007
 10
3.5999999999999996
 20
0.2500000000000007
 10
3.5999999999999996
 20
3.799999999999999
 10
3.4499999999999997
 20
3.799999999999999
  0
LWPOLYLINE
  5
20D
330
17
100
AcDbEntity
  8
tabique-fill
100
AcDbPolyline
 90
4
 70
1
 10
3.4499999999999997
 20
5.65
 10
3.5999999999999996
 20
5.65
 10
3.5999999999999996
 20
9.35
 10
3.4499999999999997
 20
9.35
  0
LINE
  5
20E
330
17
100
AcDbEntity
  8
hatch
100
AcDbLine
 10
3.4499999999999997
 20
5.712132034355965
 30
0.0
 11
3.6
 21
5.862132034355965
 31
0.0
  0
LINE
  5
20F
330
17
100
AcDbEntity
  8
hatch
100
AcDbLine
 10
3.45
 20
5.9242640687119295
 30
0.0
 11
3.5999999999999988
 21
6.074264068711928
 31
0.0
  0
LINE
  5
210
330
17
100
AcDbEntity
  8
hatch
100
AcDbLine
 10
3.4499999999999993
 20
6.136396103067892
 30
0.0
 11
3.5999999999999996
 21
6.286396103067893
 31
0.0
  0
LINE
  5
211
330
17
100
AcDbEntity
  8
hatch
100
AcDbLine
 10
3.4499999999999993
 20
6.348528137423858
 30
0.0
 11
3.5999999999999996
 21
6.4985281374238575
 31
0.0
  0
LINE
  5
212
330
17
100
AcDbEntity
  8
hatch
100
AcDbLine
 10
3.4499999999999997
 20
6.560660171779822
 30
0.0
 11
3.599999999999999
 21
6.710660171779821
 31
0.0
  0
LINE
  5
213
330
17
100
AcDbEntity
  8
hatch
100
AcDbLine
 10
3.4499999999999993
 20
6.772792206135787
 30
0.0
 11
3.5999999999999996
 21
6.922792206135786
 31
0.0
  0
LINE
  5
214
330
17
100
AcDbEntity
  8
hatch
100
AcDbLine
 10
3.45
 20
6.98492424049175
 30
0.0
 11
3.5999999999999996
 21
7.134924240491751
 31
0.0
  0
LINE
  5
215
330
17
100
AcDbEntity
  8
hatch
100
AcDbLine
 10
3.4499999999999993
 20
7.197056274847713
 30
0.0
 11
3.5999999999999996
 21
7.347056274847714
 31
0.0
  0
LINE
  5
216
330
17
100
AcDbEntity
  8
hatch
100
AcDbLine
 10
3.4499999999999997
 20
7.409188309203679
 30
0.0
 11
3.6
 21
7.559188309203679
 31
0.0
  0
LINE
  5
217
330
17
100
AcDbEntity
  8
hatch
100
AcDbLine
 10
3.4499999999999997
 20
7.621320343559643
 30
0.0
 11
3.599999999999999
 21
7.771320343559642
 31
0.0
  0
LINE
  5
218
330
17
100
AcDbEntity
  8
hatch
100
AcDbLine
 10
3.45
 20
7.833452377915608
 30
0.0
 11
3.5999999999999996
 21
7.983452377915607
 31
0.0
  0
LINE
  5
219
330
17
100
AcDbEntity
  8
hatch
100
AcDbLine
 10
3.45
 20
8.045584412271571
 30
0.0
 11
3.5999999999999996
 21
8.195584412271572
 31
0.0
  0
LINE
  5
21A
330
17
100
AcDbEntity
  8
hatch
100
AcDbLine
 10
3.4499999999999993
 20
8.257716446627535
 30
0.0
 11
3.5999999999999996
 21
8.407716446627536
 31
0.0
  0
LINE
  5
21B
330
17
100
AcDbEntity
  8
hatch
100
AcDbLine
 10
3.4499999999999997
 20
8.4698484809835
 30
0.0
 11
3.600000000000001
 21
8.6198484809835
 31
0.0
  0
LINE
  5
21C
330
17
100
AcDbEntity
  8
hatch
100
AcDbLine
 10
3.4499999999999993
 20
8.681980515339465
 30
0.0
 11
3.5999999999999996
 21
8.831980515339463
 31
0.0
  0
LINE
  5
21D
330
17
100
AcDbEntity
  8
hatch
100
AcDbLine
 10
3.45
 20
8.894112549695429
 30
0.0
 11
3.5999999999999996
 21
9.044112549695429
 31
0.0
  0
LINE
  5
21E
330
17
100
AcDbEntity
  8
hatch
100
AcDbLine
 10
3.45
 20
9.106244584051392
 30
0.0
 11
3.6000000000000005
 21
9.256244584051393
 31
0.0
  0
LINE
  5
21F
330
17
100
AcDbEntity
  8
hatch
100
AcDbLine
 10
3.45
 20
9.318376618407356
 30
0.0
 11
3.4816233815926445
 21
9.350000000000001
 31
0.0
  0
LWPOLYLINE
  5
220
330
17
100
AcDbEntity
  8
muro-corte
100
AcDbPolyline
 90
4
 70
1
 10
3.4499999999999997
 20
5.65
 10
3.5999999999999996
 20
5.65
 10
3.5999999999999996
 20
9.35
 10
3.4499999999999997
 20
9.35
  0
LWPOLYLINE
  5
221
330
17
100
AcDbEntity
  8
tabique-fill
100
AcDbPolyline
 90
4
 70
1
 10
6.800000000000001
 20
0.2500000000000007
 10
6.950000000000001
 20
0.2500000000000007
 10
6.950000000000001
 20
3.799999999999999
 10
6.800000000000001
 20
3.799999999999999
  0
LINE
  5
222
330
17
100
AcDbEntity
  8
hatch
100
AcDbLine
 10
6.800000000000001
 20
0.3121320343559657
 30
0.0
 11
6.950000000000001
 21
0.46213203435596517
 31
0.0
  0
LINE
  5
223
330
17
100
AcDbEntity
  8
hatch
100
AcDbLine
 10
6.800000000000001
 20
0.5242640687119295
 30
0.0
 11
6.950000000000001
 21
0.674264068711929
 31
0.0
  0
LINE
  5
224
330
17
100
AcDbEntity
  8
hatch
100
AcDbLine
 10
6.800000000000001
 20
0.7363961030678943
 30
0.0
 11
6.950000000000001
 21
0.8863961030678937
 31
0.0
  0
LINE
  5
225
330
17
100
AcDbEntity
  8
hatch
100
AcDbLine
 10
6.800000000000001
 20
0.9485281374238577
 30
0.0
 11
6.950000000000001
 21
1.0985281374238576
 31
0.0
  0
LINE
  5
226
330
17
100
AcDbEntity
  8
hatch
100
AcDbLine
 10
6.800000000000001
 20
1.1606601717798224
 30
0.0
 11
6.950000000000001
 21
1.3106601717798219
 31
0.0
  0
LINE
  5
227
330
17
100
AcDbEntity
  8
hatch
100
AcDbLine
 10
6.800000000000001
 20
1.3727922061357862
 30
0.0
 11
6.950000000000001
 21
1.5227922061357857
 31
0.0
  0
LINE
  5
228
330
17
100
AcDbEntity
  8
hatch
100
AcDbLine
 10
6.800000000000001
 20
1.5849242404917505
 30
0.0
 11
6.950000000000001
 21
1.7349242404917509
 31
0.0
  0
LINE
  5
229
330
17
100
AcDbEntity
  8
hatch
100
AcDbLine
 10
6.800000000000002
 20
1.7970562748477157
 30
0.0
 11
6.950000000000001
 21
1.9470562748477152
 31
0.0
  0
LINE
  5
22A
330
17
100
AcDbEntity
  8
hatch
100
AcDbLine
 10
6.800000000000001
 20
2.009188309203678
 30
0.0
 11
6.95
 21
2.1591883092036777
 31
0.0
  0
LINE
  5
22B
330
17
100
AcDbEntity
  8
hatch
100
AcDbLine
 10
6.800000000000001
 20
2.2213203435596434
 30
0.0
 11
6.950000000000001
 21
2.371320343559643
 31
0.0
  0
LINE
  5
22C
330
17
100
AcDbEntity
  8
hatch
100
AcDbLine
 10
6.800000000000001
 20
2.4334523779156076
 30
0.0
 11
6.950000000000001
 21
2.583452377915607
 31
0.0
  0
LINE
  5
22D
330
17
100
AcDbEntity
  8
hatch
100
AcDbLine
 10
6.800000000000001
 20
2.6455844122715724
 30
0.0
 11
6.950000000000001
 21
2.795584412271572
 31
0.0
  0
LINE
  5
22E
330
17
100
AcDbEntity
  8
hatch
100
AcDbLine
 10
6.800000000000002
 20
2.8577164466275367
 30
0.0
 11
6.950000000000001
 21
3.007716446627536
 31
0.0
  0
LINE
  5
22F
330
17
100
AcDbEntity
  8
hatch
100
AcDbLine
 10
6.800000000000001
 20
3.0698484809835005
 30
0.0
 11
6.950000000000001
 21
3.2198484809835
 31
0.0
  0
LINE
  5
230
330
17
100
AcDbEntity
  8
hatch
100
AcDbLine
 10
6.800000000000001
 20
3.2819805153394643
 30
0.0
 11
6.95
 21
3.431980515339464
 31
0.0
  0
LINE
  5
231
330
17
100
AcDbEntity
  8
hatch
100
AcDbLine
 10
6.800000000000001
 20
3.4941125496954286
 30
0.0
 11
6.95
 21
3.644112549695428
 31
0.0
  0
LINE
  5
232
330
17
100
AcDbEntity
  8
hatch
100
AcDbLine
 10
6.800000000000002
 20
3.706244584051394
 30
0.0
 11
6.893755415948607
 21
3.799999999999999
 31
0.0
  0
LWPOLYLINE
  5
233
330
17
100
AcDbEntity
  8
muro-corte
100
AcDbPolyline
 90
4
 70
1
 10
6.800000000000001
 20
0.2500000000000007
 10
6.950000000000001
 20
0.2500000000000007
 10
6.950000000000001
 20
3.799999999999999
 10
6.800000000000001
 20
3.799999999999999
  0
LWPOLYLINE
  5
234
330
17
100
AcDbEntity
  8
tabique-fill
100
AcDbPolyline
 90
4
 70
1
 10
6.800000000000001
 20
5.65
 10
6.950000000000001
 20
5.65
 10
6.950000000000001
 20
9.35
 10
6.800000000000001
 20
9.35
  0
LINE
  5
235
330
17
100
AcDbEntity
  8
hatch
100
AcDbLine
 10
6.800000000000002
 20
5.712132034355966
 30
0.0
 11
6.95
 21
5.862132034355964
 31
0.0
  0
LINE
  5
236
330
17
100
AcDbEntity
  8
hatch
100
AcDbLine
 10
6.800000000000002
 20
5.924264068711929
 30
0.0
 11
6.950000000000001
 21
6.074264068711929
 31
0.0
  0
LINE
  5
237
330
17
100
AcDbEntity
  8
hatch
100
AcDbLine
 10
6.800000000000001
 20
6.136396103067893
 30
0.0
 11
6.949999999999999
 21
6.286396103067892
 31
0.0
  0
LINE
  5
238
330
17
100
AcDbEntity
  8
hatch
100
AcDbLine
 10
6.800000000000002
 20
6.348528137423858
 30
0.0
 11
6.95
 21
6.498528137423857
 31
0.0
  0
LINE
  5
239
330
17
100
AcDbEntity
  8
hatch
100
AcDbLine
 10
6.800000000000002
 20
6.560660171779823
 30
0.0
 11
6.95
 21
6.710660171779821
 31
0.0
  0
LINE
  5
23A
330
17
100
AcDbEntity
  8
hatch
100
AcDbLine
 10
6.8000000000000025
 20
6.7727922061357875
 30
0.0
 11
6.950000000000001
 21
6.922792206135785
 31
0.0
  0
LINE
  5
23B
330
17
100
AcDbEntity
  8
hatch
100
AcDbLine
 10
6.800000000000002
 20
6.98492424049175
 30
0.0
 11
6.950000000000001
 21
7.13492424049175
 31
0.0
  0
LINE
  5
23C
330
17
100
AcDbEntity
  8
hatch
100
AcDbLine
 10
6.800000000000001
 20
7.197056274847715
 30
0.0
 11
6.949999999999999
 21
7.347056274847714
 31
0.0
  0
LINE
  5
23D
330
17
100
AcDbEntity
  8
hatch
100
AcDbLine
 10
6.800000000000002
 20
7.40918830920368
 30
0.0
 11
6.95
 21
7.559188309203678
 31
0.0
  0
LINE
  5
23E
330
17
100
AcDbEntity
  8
hatch
100
AcDbLine
 10
6.800000000000002
 20
7.621320343559644
 30
0.0
 11
6.95
 21
7.771320343559642
 31
0.0
  0
LINE
  5
23F
330
17
100
AcDbEntity
  8
hatch
100
AcDbLine
 10
6.800000000000002
 20
7.833452377915607
 30
0.0
 11
6.950000000000001
 21
7.983452377915606
 31
0.0
  0
LINE
  5
240
330
17
100
AcDbEntity
  8
hatch
100
AcDbLine
 10
6.800000000000002
 20
8.045584412271571
 30
0.0
 11
6.950000000000001
 21
8.195584412271572
 31
0.0
  0
LINE
  5
241
330
17
100
AcDbEntity
  8
hatch
100
AcDbLine
 10
6.800000000000002
 20
8.257716446627535
 30
0.0
 11
6.950000000000001
 21
8.407716446627536
 31
0.0
  0
LINE
  5
242
330
17
100
AcDbEntity
  8
hatch
100
AcDbLine
 10
6.800000000000002
 20
8.4698484809835
 30
0.0
 11
6.950000000000001
 21
8.619848480983501
 31
0.0
  0
LINE
  5
243
330
17
100
AcDbEntity
  8
hatch
100
AcDbLine
 10
6.800000000000001
 20
8.681980515339465
 30
0.0
 11
6.95
 21
8.831980515339463
 31
0.0
  0
LINE
  5
244
330
17
100
AcDbEntity
  8
hatch
100
AcDbLine
 10
6.800000000000001
 20
8.894112549695429
 30
0.0
 11
6.950000000000001
 21
9.044112549695429
 31
0.0
  0
LINE
  5
245
330
17
100
AcDbEntity
  8
hatch
100
AcDbLine
 10
6.800000000000001
 20
9.106244584051392
 30
0.0
 11
6.950000000000001
 21
9.256244584051393
 31
0.0
  0
LINE
  5
246
330
17
100
AcDbEntity
  8
hatch
100
AcDbLine
 10
6.800000000000002
 20
9.318376618407356
 30
0.0
 11
6.831623381592645
 21
9.350000000000001
 31
0.0
  0
LWPOLYLINE
  5
247
330
17
100
AcDbEntity
  8
muro-corte
100
AcDbPolyline
 90
4
 70
1
 10
6.800000000000001
 20
5.65
 10
6.950000000000001
 20
5.65
 10
6.950000000000001
 20
9.35
 10
6.800000000000001
 20
9.35
  0
LWPOLYLINE
  5
248
330
17
100
AcDbEntity
  8
tabique-fill
100
AcDbPolyline
 90
4
 70
1
 10
10.15
 20
0.2500000000000007
 10
10.3
 20
0.2500000000000007
 10
10.3
 20
3.799999999999999
 10
10.15
 20
3.799999999999999
  0
LINE
  5
249
330
17
100
AcDbEntity
  8
hatch
100
AcDbLine
 10
10.15
 20
0.31213203435596526
 30
0.0
 11
10.3
 21
0.4621320343559656
 31
0.0
  0
LINE
  5
24A
330
17
100
AcDbEntity
  8
hatch
100
AcDbLine
 10
10.15
 20
0.5242640687119291
 30
0.0
 11
10.3
 21
0.6742640687119286
 31
0.0
  0
LINE
  5
24B
330
17
100
AcDbEntity
  8
hatch
100
AcDbLine
 10
10.150000000000002
 20
0.7363961030678938
 30
0.0
 11
10.3
 21
0.8863961030678933
 31
0.0
  0
LINE
  5
24C
330
17
100
AcDbEntity
  8
hatch
100
AcDbLine
 10
10.15
 20
0.9485281374238568
 30
0.0
 11
10.3
 21
1.0985281374238571
 31
0.0
  0
LINE
  5
24D
330
17
100
AcDbEntity
  8
hatch
100
AcDbLine
 10
10.15
 20
1.1606601717798224
 30
0.0
 11
10.3
 21
1.3106601717798219
 31
0.0
  0
LINE
  5
24E
330
17
100
AcDbEntity
  8
hatch
100
AcDbLine
 10
10.15
 20
1.3727922061357853
 30
0.0
 11
10.3
 21
1.5227922061357848
 31
0.0
  0
LINE
  5
24F
330
17
100
AcDbEntity
  8
hatch
100
AcDbLine
 10
10.15
 20
1.58492424049175
 30
0.0
 11
10.3
 21
1.7349242404917495
 31
0.0
  0
LINE
  5
250
330
17
100
AcDbEntity
  8
hatch
100
AcDbLine
 10
10.15
 20
1.7970562748477148
 30
0.0
 11
10.3
 21
1.9470562748477143
 31
0.0
  0
LINE
  5
251
330
17
100
AcDbEntity
  8
hatch
100
AcDbLine
 10
10.150000000000002
 20
2.0091883092036786
 30
0.0
 11
10.3
 21
2.159188309203678
 31
0.0
  0
LINE
  5
252
330
17
100
AcDbEntity
  8
hatch
100
AcDbLine
 10
10.15
 20
2.2213203435596434
 30
0.0
 11
10.3
 21
2.371320343559643
 31
0.0
  0
LINE
  5
253
330
17
100
AcDbEntity
  8
hatch
100
AcDbLine
 10
10.15
 20
2.4334523779156063
 30
0.0
 11
10.3
 21
2.583452377915606
 31
0.0
  0
LINE
  5
254
330
17
100
AcDbEntity
  8
hatch
100
AcDbLine
 10
10.15
 20
2.6455844122715715
 30
0.0
 11
10.3
 21
2.795584412271571
 31
0.0
  0
LINE
  5
255
330
17
100
AcDbEntity
  8
hatch
100
AcDbLine
 10
10.15
 20
2.8577164466275358
 30
0.0
 11
10.3
 21
3.0077164466275352
 31
0.0
  0
LINE
  5
256
330
17
100
AcDbEntity
  8
hatch
100
AcDbLine
 10
10.15
 20
3.069848480983501
 30
0.0
 11
10.3
 21
3.2198484809835004
 31
0.0
  0
LINE
  5
257
330
17
100
AcDbEntity
  8
hatch
100
AcDbLine
 10
10.15
 20
3.2819805153394643
 30
0.0
 11
10.3
 21
3.431980515339464
 31
0.0
  0
LINE
  5
258
330
17
100
AcDbEntity
  8
hatch
100
AcDbLine
 10
10.15
 20
3.4941125496954273
 30
0.0
 11
10.3
 21
3.6441125496954276
 31
0.0
  0
LINE
  5
259
330
17
100
AcDbEntity
  8
hatch
100
AcDbLine
 10
10.15
 20
3.7062445840513925
 30
0.0
 11
10.243755415948607
 21
3.7999999999999994
 31
0.0
  0
LWPOLYLINE
  5
25A
330
17
100
AcDbEntity
  8
muro-corte
100
AcDbPolyline
 90
4
 70
1
 10
10.15
 20
0.2500000000000007
 10
10.3
 20
0.2500000000000007
 10
10.3
 20
3.799999999999999
 10
10.15
 20
3.799999999999999
  0
LWPOLYLINE
  5
25B
330
17
100
AcDbEntity
  8
tabique-fill
100
AcDbPolyline
 90
4
 70
1
 10
10.15
 20
5.65
 10
10.3
 20
5.65
 10
10.3
 20
9.35
 10
10.15
 20
9.35
  0
LINE
  5
25C
330
17
100
AcDbEntity
  8
hatch
100
AcDbLine
 10
10.150000000000002
 20
5.712132034355966
 30
0.0
 11
10.3
 21
5.862132034355964
 31
0.0
  0
LINE
  5
25D
330
17
100
AcDbEntity
  8
hatch
100
AcDbLine
 10
10.150000000000002
 20
5.9242640687119295
 30
0.0
 11
10.3
 21
6.074264068711928
 31
0.0
  0
LINE
  5
25E
330
17
100
AcDbEntity
  8
hatch
100
AcDbLine
 10
10.15
 20
6.136396103067893
 30
0.0
 11
10.3
 21
6.286396103067892
 31
0.0
  0
LINE
  5
25F
330
17
100
AcDbEntity
  8
hatch
100
AcDbLine
 10
10.150000000000002
 20
6.348528137423858
 30
0.0
 11
10.3
 21
6.498528137423857
 31
0.0
  0
LINE
  5
260
330
17
100
AcDbEntity
  8
hatch
100
AcDbLine
 10
10.15
 20
6.560660171779822
 30
0.0
 11
10.299999999999999
 21
6.710660171779822
 31
0.0
  0
LINE
  5
261
330
17
100
AcDbEntity
  8
hatch
100
AcDbLine
 10
10.15
 20
6.772792206135786
 30
0.0
 11
10.299999999999999
 21
6.922792206135784
 31
0.0
  0
LINE
  5
262
330
17
100
AcDbEntity
  8
hatch
100
AcDbLine
 10
10.15
 20
6.984924240491752
 30
0.0
 11
10.3
 21
7.134924240491751
 31
0.0
  0
LINE
  5
263
330
17
100
AcDbEntity
  8
hatch
100
AcDbLine
 10
10.15
 20
7.197056274847713
 30
0.0
 11
10.3
 21
7.347056274847714
 31
0.0
  0
LINE
  5
264
330
17
100
AcDbEntity
  8
hatch
100
AcDbLine
 10
10.15
 20
7.409188309203678
 30
0.0
 11
10.3
 21
7.5591883092036785
 31
0.0
  0
LINE
  5
265
330
17
100
AcDbEntity
  8
hatch
100
AcDbLine
 10
10.15
 20
7.621320343559644
 30
0.0
 11
10.3
 21
7.771320343559642
 31
0.0
  0
LINE
  5
266
330
17
100
AcDbEntity
  8
hatch
100
AcDbLine
 10
10.150000000000002
 20
7.833452377915608
 30
0.0
 11
10.3
 21
7.983452377915606
 31
0.0
  0
LINE
  5
267
330
17
100
AcDbEntity
  8
hatch
100
AcDbLine
 10
10.150000000000002
 20
8.045584412271571
 30
0.0
 11
10.3
 21
8.19558441227157
 31
0.0
  0
LINE
  5
268
330
17
100
AcDbEntity
  8
hatch
100
AcDbLine
 10
10.150000000000002
 20
8.257716446627535
 30
0.0
 11
10.3
 21
8.407716446627534
 31
0.0
  0
LINE
  5
269
330
17
100
AcDbEntity
  8
hatch
100
AcDbLine
 10
10.15
 20
8.4698484809835
 30
0.0
 11
10.299999999999999
 21
8.6198484809835
 31
0.0
  0
LINE
  5
26A
330
17
100
AcDbEntity
  8
hatch
100
AcDbLine
 10
10.15
 20
8.681980515339465
 30
0.0
 11
10.299999999999999
 21
8.831980515339463
 31
0.0
  0
LINE
  5
26B
330
17
100
AcDbEntity
  8
hatch
100
AcDbLine
 10
10.15
 20
8.894112549695429
 30
0.0
 11
10.299999999999999
 21
9.044112549695427
 31
0.0
  0
LINE
  5
26C
330
17
100
AcDbEntity
  8
hatch
100
AcDbLine
 10
10.150000000000002
 20
9.106244584051394
 30
0.0
 11
10.299999999999999
 21
9.256244584051393
 31
0.0
  0
LINE
  5
26D
330
17
100
AcDbEntity
  8
hatch
100
AcDbLine
 10
10.15
 20
9.318376618407356
 30
0.0
 11
10.181623381592644
 21
9.35
 31
0.0
  0
LWPOLYLINE
  5
26E
330
17
100
AcDbEntity
  8
muro-corte
100
AcDbPolyline
 90
4
 70
1
 10
10.15
 20
5.65
 10
10.3
 20
5.65
 10
10.3
 20
9.35
 10
10.15
 20
9.35
  0
LWPOLYLINE
  5
26F
330
17
100
AcDbEntity
  8
tabique-fill
100
AcDbPolyline
 90
4
 70
1
 10
13.5
 20
0.2500000000000007
 10
13.649999999999999
 20
0.2500000000000007
 10
13.649999999999999
 20
3.799999999999999
 10
13.5
 20
3.799999999999999
  0
LINE
  5
270
330
17
100
AcDbEntity
  8
hatch
100
AcDbLine
 10
13.5
 20
0.31213203435596437
 30
0.0
 11
13.649999999999999
 21
0.4621320343559647
 31
0.0
  0
LINE
  5
271
330
17
100
AcDbEntity
  8
hatch
100
AcDbLine
 10
13.5
 20
0.5242640687119291
 30
0.0
 11
13.649999999999999
 21
0.6742640687119286
 31
0.0
  0
LINE
  5
272
330
17
100
AcDbEntity
  8
hatch
100
AcDbLine
 10
13.5
 20
0.736396103067892
 30
0.0
 11
13.649999999999999
 21
0.8863961030678915
 31
0.0
  0
LINE
  5
273
330
17
100
AcDbEntity
  8
hatch
100
AcDbLine
 10
13.5
 20
0.9485281374238568
 30
0.0
 11
13.649999999999999
 21
1.0985281374238562
 31
0.0
  0
LINE
  5
274
330
17
100
AcDbEntity
  8
hatch
100
AcDbLine
 10
13.5
 20
1.1606601717798215
 30
0.0
 11
13.649999999999999
 21
1.310660171779821
 31
0.0
  0
LINE
  5
275
330
17
100
AcDbEntity
  8
hatch
100
AcDbLine
 10
13.5
 20
1.3727922061357862
 30
0.0
 11
13.649999999999999
 21
1.5227922061357857
 31
0.0
  0
LINE
  5
276
330
17
100
AcDbEntity
  8
hatch
100
AcDbLine
 10
13.5
 20
1.584924240491751
 30
0.0
 11
13.649999999999999
 21
1.7349242404917504
 31
0.0
  0
LINE
  5
277
330
17
100
AcDbEntity
  8
hatch
100
AcDbLine
 10
13.5
 20
1.797056274847713
 30
0.0
 11
13.649999999999999
 21
1.9470562748477116
 31
0.0
  0
LINE
  5
278
330
17
100
AcDbEntity
  8
hatch
100
AcDbLine
 10
13.5
 20
2.0091883092036777
 30
0.0
 11
13.649999999999999
 21
2.159188309203677
 31
0.0
  0
LINE
  5
279
330
17
100
AcDbEntity
  8
hatch
100
AcDbLine
 10
13.5
 20
2.2213203435596425
 30
0.0
 11
13.649999999999999
 21
2.371320343559642
 31
0.0
  0
LINE
  5
27A
330
17
100
AcDbEntity
  8
hatch
100
AcDbLine
 10
13.5
 20
2.433452377915607
 30
0.0
 11
13.649999999999999
 21
2.583452377915606
 31
0.0
  0
LINE
  5
27B
330
17
100
AcDbEntity
  8
hatch
100
AcDbLine
 10
13.5
 20
2.6455844122715693
 30
0.0
 11
13.649999999999999
 21
2.7955844122715696
 31
0.0
  0
LINE
  5
27C
330
17
100
AcDbEntity
  8
hatch
100
AcDbLine
 10
13.5
 20
2.8577164466275358
 30
0.0
 11
13.649999999999999
 21
3.0077164466275343
 31
0.0
  0
LINE
  5
27D
330
17
100
AcDbEntity
  8
hatch
100
AcDbLine
 10
13.5
 20
3.0698484809834996
 30
0.0
 11
13.649999999999999
 21
3.219848480983498
 31
0.0
  0
LINE
  5
27E
330
17
100
AcDbEntity
  8
hatch
100
AcDbLine
 10
13.5
 20
3.2819805153394634
 30
0.0
 11
13.649999999999999
 21
3.431980515339462
 31
0.0
  0
LINE
  5
27F
330
17
100
AcDbEntity
  8
hatch
100
AcDbLine
 10
13.5
 20
3.494112549695428
 30
0.0
 11
13.649999999999999
 21
3.6441125496954268
 31
0.0
  0
LINE
  5
280
330
17
100
AcDbEntity
  8
hatch
100
AcDbLine
 10
13.5
 20
3.706244584051391
 30
0.0
 11
13.593755415948607
 21
3.8
 31
0.0
  0
LWPOLYLINE
  5
281
330
17
100
AcDbEntity
  8
muro-corte
100
AcDbPolyline
 90
4
 70
1
 10
13.5
 20
0.2500000000000007
 10
13.649999999999999
 20
0.2500000000000007
 10
13.649999999999999
 20
3.799999999999999
 10
13.5
 20
3.799999999999999
  0
LWPOLYLINE
  5
282
330
17
100
AcDbEntity
  8
tabique-fill
100
AcDbPolyline
 90
4
 70
1
 10
13.5
 20
5.65
 10
13.649999999999999
 20
5.65
 10
13.649999999999999
 20
9.35
 10
13.5
 20
9.35
  0
LINE
  5
283
330
17
100
AcDbEntity
  8
hatch
100
AcDbLine
 10
13.5
 20
5.712132034355966
 30
0.0
 11
13.65
 21
5.862132034355966
 31
0.0
  0
LINE
  5
284
330
17
100
AcDbEntity
  8
hatch
100
AcDbLine
 10
13.499999999999998
 20
5.924264068711928
 30
0.0
 11
13.65
 21
6.07426406871193
 31
0.0
  0
LINE
  5
285
330
17
100
AcDbEntity
  8
hatch
100
AcDbLine
 10
13.5
 20
6.136396103067893
 30
0.0
 11
13.649999999999999
 21
6.286396103067894
 31
0.0
  0
LINE
  5
286
330
17
100
AcDbEntity
  8
hatch
100
AcDbLine
 10
13.5
 20
6.348528137423857
 30
0.0
 11
13.649999999999999
 21
6.4985281374238575
 31
0.0
  0
LINE
  5
287
330
17
100
AcDbEntity
  8
hatch
100
AcDbLine
 10
13.499999999999998
 20
6.560660171779821
 30
0.0
 11
13.649999999999999
 21
6.710660171779821
 31
0.0
  0
LINE
  5
288
330
17
100
AcDbEntity
  8
hatch
100
AcDbLine
 10
13.499999999999998
 20
6.772792206135787
 30
0.0
 11
13.65
 21
6.922792206135789
 31
0.0
  0
LINE
  5
289
330
17
100
AcDbEntity
  8
hatch
100
AcDbLine
 10
13.499999999999998
 20
6.9849242404917495
 30
0.0
 11
13.649999999999999
 21
7.13492424049175
 31
0.0
  0
LINE
  5
28A
330
17
100
AcDbEntity
  8
hatch
100
AcDbLine
 10
13.499999999999998
 20
7.197056274847714
 30
0.0
 11
13.649999999999999
 21
7.347056274847716
 31
0.0
  0
LINE
  5
28B
330
17
100
AcDbEntity
  8
hatch
100
AcDbLine
 10
13.499999999999998
 20
7.409188309203678
 30
0.0
 11
13.65
 21
7.55918830920368
 31
0.0
  0
LINE
  5
28C
330
17
100
AcDbEntity
  8
hatch
100
AcDbLine
 10
13.5
 20
7.621320343559644
 30
0.0
 11
13.65
 21
7.771320343559644
 31
0.0
  0
LINE
  5
28D
330
17
100
AcDbEntity
  8
hatch
100
AcDbLine
 10
13.5
 20
7.833452377915608
 30
0.0
 11
13.649999999999999
 21
7.983452377915608
 31
0.0
  0
LINE
  5
28E
330
17
100
AcDbEntity
  8
hatch
100
AcDbLine
 10
13.499999999999996
 20
8.045584412271571
 30
0.0
 11
13.649999999999999
 21
8.195584412271572
 31
0.0
  0
LINE
  5
28F
330
17
100
AcDbEntity
  8
hatch
100
AcDbLine
 10
13.499999999999998
 20
8.257716446627537
 30
0.0
 11
13.649999999999999
 21
8.407716446627536
 31
0.0
  0
LINE
  5
290
330
17
100
AcDbEntity
  8
hatch
100
AcDbLine
 10
13.499999999999998
 20
8.4698484809835
 30
0.0
 11
13.649999999999999
 21
8.6198484809835
 31
0.0
  0
LINE
  5
291
330
17
100
AcDbEntity
  8
hatch
100
AcDbLine
 10
13.499999999999998
 20
8.681980515339465
 30
0.0
 11
13.65
 21
8.831980515339467
 31
0.0
  0
LINE
  5
292
330
17
100
AcDbEntity
  8
hatch
100
AcDbLine
 10
13.499999999999998
 20
8.894112549695429
 30
0.0
 11
13.649999999999999
 21
9.044112549695429
 31
0.0
  0
LINE
  5
293
330
17
100
AcDbEntity
  8
hatch
100
AcDbLine
 10
13.499999999999998
 20
9.106244584051392
 30
0.0
 11
13.65
 21
9.256244584051394
 31
0.0
  0
LINE
  5
294
330
17
100
AcDbEntity
  8
hatch
100
AcDbLine
 10
13.499999999999998
 20
9.318376618407356
 30
0.0
 11
13.531623381592642
 21
9.35
 31
0.0
  0
LWPOLYLINE
  5
295
330
17
100
AcDbEntity
  8
muro-corte
100
AcDbPolyline
 90
4
 70
1
 10
13.5
 20
5.65
 10
13.649999999999999
 20
5.65
 10
13.649999999999999
 20
9.35
 10
13.5
 20
9.35
  0
LWPOLYLINE
  5
296
330
17
100
AcDbEntity
  8
tabique-fill
100
AcDbPolyline
 90
4
 70
1
 10
16.5
 20
0.2500000000000007
 10
16.65
 20
0.2500000000000007
 10
16.65
 20
3.799999999999999
 10
16.5
 20
3.799999999999999
  0
LINE
  5
297
330
17
100
AcDbEntity
  8
hatch
100
AcDbLine
 10
16.5
 20
0.3121320343559635
 30
0.0
 11
16.65
 21
0.46213203435596384
 31
0.0
  0
LINE
  5
298
330
17
100
AcDbEntity
  8
hatch
100
AcDbLine
 10
16.5
 20
0.52426406871193
 30
0.0
 11
16.65
 21
0.6742640687119286
 31
0.0
  0
LINE
  5
299
330
17
100
AcDbEntity
  8
hatch
100
AcDbLine
 10
16.5
 20
0.7363961030678912
 30
0.0
 11
16.65
 21
0.8863961030678915
 31
0.0
  0
LINE
  5
29A
330
17
100
AcDbEntity
  8
hatch
100
AcDbLine
 10
16.5
 20
0.9485281374238559
 30
0.0
 11
16.65
 21
1.0985281374238562
 31
0.0
  0
LINE
  5
29B
330
17
100
AcDbEntity
  8
hatch
100
AcDbLine
 10
16.5
 20
1.1606601717798215
 30
0.0
 11
16.65
 21
1.31066017177982
 31
0.0
  0
LINE
  5
29C
330
17
100
AcDbEntity
  8
hatch
100
AcDbLine
 10
16.5
 20
1.3727922061357862
 30
0.0
 11
16.65
 21
1.5227922061357866
 31
0.0
  0
LINE
  5
29D
330
17
100
AcDbEntity
  8
hatch
100
AcDbLine
 10
16.5
 20
1.58492424049175
 30
0.0
 11
16.65
 21
1.7349242404917504
 31
0.0
  0
LINE
  5
29E
330
17
100
AcDbEntity
  8
hatch
100
AcDbLine
 10
16.5
 20
1.797056274847713
 30
0.0
 11
16.65
 21
1.9470562748477116
 31
0.0
  0
LINE
  5
29F
330
17
100
AcDbEntity
  8
hatch
100
AcDbLine
 10
16.5
 20
2.0091883092036777
 30
0.0
 11
16.65
 21
2.159188309203678
 31
0.0
  0
LINE
  5
2A0
330
17
100
AcDbEntity
  8
hatch
100
AcDbLine
 10
16.5
 20
2.2213203435596416
 30
0.0
 11
16.65
 21
2.37132034355964
 31
0.0
  0
LINE
  5
2A1
330
17
100
AcDbEntity
  8
hatch
100
AcDbLine
 10
16.5
 20
2.433452377915608
 30
0.0
 11
16.65
 21
2.583452377915605
 31
0.0
  0
LINE
  5
2A2
330
17
100
AcDbEntity
  8
hatch
100
AcDbLine
 10
16.5
 20
2.645584412271572
 30
0.0
 11
16.65
 21
2.7955844122715705
 31
0.0
  0
LINE
  5
2A3
330
17
100
AcDbEntity
  8
hatch
100
AcDbLine
 10
16.5
 20
2.857716446627533
 30
0.0
 11
16.65
 21
3.0077164466275317
 31
0.0
  0
LINE
  5
2A4
330
17
100
AcDbEntity
  8
hatch
100
AcDbLine
 10
16.5
 20
3.0698484809834996
 30
0.0
 11
16.65
 21
3.219848480983498
 31
0.0
  0
LINE
  5
2A5
330
17
100
AcDbEntity
  8
hatch
100
AcDbLine
 10
16.5
 20
3.2819805153394634
 30
0.0
 11
16.65
 21
3.431980515339462
 31
0.0
  0
LINE
  5
2A6
330
17
100
AcDbEntity
  8
hatch
100
AcDbLine
 10
16.5
 20
3.494112549695428
 30
0.0
 11
16.65
 21
3.6441125496954268
 31
0.0
  0
LINE
  5
2A7
330
17
100
AcDbEntity
  8
hatch
100
AcDbLine
 10
16.5
 20
3.706244584051393
 30
0.0
 11
16.593755415948607
 21
3.8
 31
0.0
  0
LWPOLYLINE
  5
2A8
330
17
100
AcDbEntity
  8
muro-corte
100
AcDbPolyline
 90
4
 70
1
 10
16.5
 20
0.2500000000000007
 10
16.65
 20
0.2500000000000007
 10
16.65
 20
3.799999999999999
 10
16.5
 20
3.799999999999999
  0
LWPOLYLINE
  5
2A9
330
17
100
AcDbEntity
  8
tabique-fill
100
AcDbPolyline
 90
4
 70
1
 10
16.5
 20
5.65
 10
16.65
 20
5.65
 10
16.65
 20
9.35
 10
16.5
 20
9.35
  0
LINE
  5
2AA
330
17
100
AcDbEntity
  8
hatch
100
AcDbLine
 10
16.499999999999996
 20
5.712132034355966
 30
0.0
 11
16.65
 21
5.862132034355966
 31
0.0
  0
LINE
  5
2AB
330
17
100
AcDbEntity
  8
hatch
100
AcDbLine
 10
16.499999999999996
 20
5.924264068711928
 30
0.0
 11
16.65
 21
6.07426406871193
 31
0.0
  0
LINE
  5
2AC
330
17
100
AcDbEntity
  8
hatch
100
AcDbLine
 10
16.5
 20
6.136396103067894
 30
0.0
 11
16.65
 21
6.2863961030678945
 31
0.0
  0
LINE
  5
2AD
330
17
100
AcDbEntity
  8
hatch
100
AcDbLine
 10
16.5
 20
6.348528137423858
 30
0.0
 11
16.65
 21
6.498528137423857
 31
0.0
  0
LINE
  5
2AE
330
17
100
AcDbEntity
  8
hatch
100
AcDbLine
 10
16.5
 20
6.560660171779824
 30
0.0
 11
16.65
 21
6.710660171779822
 31
0.0
  0
LINE
  5
2AF
330
17
100
AcDbEntity
  8
hatch
100
AcDbLine
 10
16.5
 20
6.772792206135787
 30
0.0
 11
16.65
 21
6.922792206135787
 31
0.0
  0
LINE
  5
2B0
330
17
100
AcDbEntity
  8
hatch
100
AcDbLine
 10
16.5
 20
6.984924240491751
 30
0.0
 11
16.65
 21
7.134924240491752
 31
0.0
  0
LINE
  5
2B1
330
17
100
AcDbEntity
  8
hatch
100
AcDbLine
 10
16.5
 20
7.197056274847716
 30
0.0
 11
16.65
 21
7.347056274847715
 31
0.0
  0
LINE
  5
2B2
330
17
100
AcDbEntity
  8
hatch
100
AcDbLine
 10
16.499999999999996
 20
7.409188309203678
 30
0.0
 11
16.65
 21
7.5591883092036785
 31
0.0
  0
LINE
  5
2B3
330
17
100
AcDbEntity
  8
hatch
100
AcDbLine
 10
16.5
 20
7.621320343559644
 30
0.0
 11
16.65
 21
7.771320343559644
 31
0.0
  0
LINE
  5
2B4
330
17
100
AcDbEntity
  8
hatch
100
AcDbLine
 10
16.5
 20
7.8334523779156084
 30
0.0
 11
16.65
 21
7.983452377915607
 31
0.0
  0
LINE
  5
2B5
330
17
100
AcDbEntity
  8
hatch
100
AcDbLine
 10
16.5
 20
8.045584412271573
 30
0.0
 11
16.65
 21
8.195584412271572
 31
0.0
  0
LINE
  5
2B6
330
17
100
AcDbEntity
  8
hatch
100
AcDbLine
 10
16.5
 20
8.257716446627537
 30
0.0
 11
16.65
 21
8.407716446627536
 31
0.0
  0
LINE
  5
2B7
330
17
100
AcDbEntity
  8
hatch
100
AcDbLine
 10
16.5
 20
8.4698484809835
 30
0.0
 11
16.65
 21
8.6198484809835
 31
0.0
  0
LINE
  5
2B8
330
17
100
AcDbEntity
  8
hatch
100
AcDbLine
 10
16.5
 20
8.681980515339466
 30
0.0
 11
16.65
 21
8.831980515339465
 31
0.0
  0
LINE
  5
2B9
330
17
100
AcDbEntity
  8
hatch
100
AcDbLine
 10
16.5
 20
8.894112549695432
 30
0.0
 11
16.65
 21
9.044112549695429
 31
0.0
  0
LINE
  5
2BA
330
17
100
AcDbEntity
  8
hatch
100
AcDbLine
 10
16.5
 20
9.106244584051394
 30
0.0
 11
16.65
 21
9.256244584051391
 31
0.0
  0
LINE
  5
2BB
330
17
100
AcDbEntity
  8
hatch
100
AcDbLine
 10
16.5
 20
9.318376618407358
 30
0.0
 11
16.53162338159264
 21
9.350000000000001
 31
0.0
  0
LWPOLYLINE
  5
2BC
330
17
100
AcDbEntity
  8
muro-corte
100
AcDbPolyline
 90
4
 70
1
 10
16.5
 20
5.65
 10
16.65
 20
5.65
 10
16.65
 20
9.35
 10
16.5
 20
9.35
  0
LWPOLYLINE
  5
2BD
330
17
100
AcDbEntity
  8
tabique-fill
100
AcDbPolyline
 90
4
 70
1
 10
20.05
 20
0.2500000000000007
 10
20.2
 20
0.2500000000000007
 10
20.2
 20
3.799999999999999
 10
20.05
 20
3.799999999999999
  0
LINE
  5
2BE
330
17
100
AcDbEntity
  8
hatch
100
AcDbLine
 10
20.05
 20
0.31213203435596526
 30
0.0
 11
20.2
 21
0.46213203435596384
 31
0.0
  0
LINE
  5
2BF
330
17
100
AcDbEntity
  8
hatch
100
AcDbLine
 10
20.05
 20
0.5242640687119291
 30
0.0
 11
20.2
 21
0.6742640687119277
 31
0.0
  0
LINE
  5
2C0
330
17
100
AcDbEntity
  8
hatch
100
AcDbLine
 10
20.05
 20
0.7363961030678929
 30
0.0
 11
20.2
 21
0.8863961030678915
 31
0.0
  0
LINE
  5
2C1
330
17
100
AcDbEntity
  8
hatch
100
AcDbLine
 10
20.05
 20
0.9485281374238568
 30
0.0
 11
20.2
 21
1.0985281374238554
 31
0.0
  0
LINE
  5
2C2
330
17
100
AcDbEntity
  8
hatch
100
AcDbLine
 10
20.05
 20
1.1606601717798206
 30
0.0
 11
20.2
 21
1.3106601717798192
 31
0.0
  0
LINE
  5
2C3
330
17
100
AcDbEntity
  8
hatch
100
AcDbLine
 10
20.049999999999997
 20
1.372792206135788
 30
0.0
 11
20.199999999999996
 21
1.5227922061357848
 31
0.0
  0
LINE
  5
2C4
330
17
100
AcDbEntity
  8
hatch
100
AcDbLine
 10
20.05
 20
1.5849242404917518
 30
0.0
 11
20.2
 21
1.7349242404917504
 31
0.0
  0
LINE
  5
2C5
330
17
100
AcDbEntity
  8
hatch
100
AcDbLine
 10
20.05
 20
1.797056274847714
 30
0.0
 11
20.2
 21
1.9470562748477125
 31
0.0
  0
LINE
  5
2C6
330
17
100
AcDbEntity
  8
hatch
100
AcDbLine
 10
20.049999999999997
 20
2.0091883092036777
 30
0.0
 11
20.2
 21
2.159188309203678
 31
0.0
  0
LINE
  5
2C7
330
17
100
AcDbEntity
  8
hatch
100
AcDbLine
 10
20.049999999999997
 20
2.2213203435596416
 30
0.0
 11
20.199999999999996
 21
2.37132034355964
 31
0.0
  0
LINE
  5
2C8
330
17
100
AcDbEntity
  8
hatch
100
AcDbLine
 10
20.049999999999997
 20
2.4334523779156054
 30
0.0
 11
20.2
 21
2.583452377915606
 31
0.0
  0
LINE
  5
2C9
330
17
100
AcDbEntity
  8
hatch
100
AcDbLine
 10
20.05
 20
2.645584412271573
 30
0.0
 11
20.2
 21
2.7955844122715714
 31
0.0
  0
LINE
  5
2CA
330
17
100
AcDbEntity
  8
hatch
100
AcDbLine
 10
20.05
 20
2.857716446627535
 30
0.0
 11
20.199999999999996
 21
3.0077164466275317
 31
0.0
  0
LINE
  5
2CB
330
17
100
AcDbEntity
  8
hatch
100
AcDbLine
 10
20.049999999999997
 20
3.069848480983497
 30
0.0
 11
20.2
 21
3.2198484809834973
 31
0.0
  0
LINE
  5
2CC
330
17
100
AcDbEntity
  8
hatch
100
AcDbLine
 10
20.05
 20
3.2819805153394643
 30
0.0
 11
20.2
 21
3.431980515339463
 31
0.0
  0
LINE
  5
2CD
330
17
100
AcDbEntity
  8
hatch
100
AcDbLine
 10
20.049999999999997
 20
3.494112549695428
 30
0.0
 11
20.2
 21
3.6441125496954285
 31
0.0
  0
LINE
  5
2CE
330
17
100
AcDbEntity
  8
hatch
100
AcDbLine
 10
20.05
 20
3.706244584051394
 30
0.0
 11
20.143755415948604
 21
3.799999999999997
 31
0.0
  0
LWPOLYLINE
  5
2CF
330
17
100
AcDbEntity
  8
muro-corte
100
AcDbPolyline
 90
4
 70
1
 10
20.05
 20
0.2500000000000007
 10
20.2
 20
0.2500000000000007
 10
20.2
 20
3.799999999999999
 10
20.05
 20
3.799999999999999
  0
LWPOLYLINE
  5
2D0
330
17
100
AcDbEntity
  8
tabique-fill
100
AcDbPolyline
 90
4
 70
1
 10
20.05
 20
5.65
 10
20.2
 20
5.65
 10
20.2
 20
9.35
 10
20.05
 20
9.35
  0
LINE
  5
2D1
330
17
100
AcDbEntity
  8
hatch
100
AcDbLine
 10
20.05
 20
5.712132034355967
 30
0.0
 11
20.199999999999996
 21
5.862132034355964
 31
0.0
  0
LINE
  5
2D2
330
17
100
AcDbEntity
  8
hatch
100
AcDbLine
 10
20.049999999999997
 20
5.92426406871193
 30
0.0
 11
20.2
 21
6.074264068711931
 31
0.0
  0
LINE
  5
2D3
330
17
100
AcDbEntity
  8
hatch
100
AcDbLine
 10
20.05
 20
6.136396103067893
 30
0.0
 11
20.2
 21
6.286396103067894
 31
0.0
  0
LINE
  5
2D4
330
17
100
AcDbEntity
  8
hatch
100
AcDbLine
 10
20.05
 20
6.34852813742386
 30
0.0
 11
20.199999999999996
 21
6.498528137423857
 31
0.0
  0
LINE
  5
2D5
330
17
100
AcDbEntity
  8
hatch
100
AcDbLine
 10
20.05
 20
6.560660171779822
 30
0.0
 11
20.2
 21
6.710660171779822
 31
0.0
  0
LINE
  5
2D6
330
17
100
AcDbEntity
  8
hatch
100
AcDbLine
 10
20.05
 20
6.772792206135788
 30
0.0
 11
20.2
 21
6.922792206135787
 31
0.0
  0
LINE
  5
2D7
330
17
100
AcDbEntity
  8
hatch
100
AcDbLine
 10
20.05
 20
6.984924240491752
 30
0.0
 11
20.2
 21
7.134924240491753
 31
0.0
  0
LINE
  5
2D8
330
17
100
AcDbEntity
  8
hatch
100
AcDbLine
 10
20.05
 20
7.197056274847713
 30
0.0
 11
20.2
 21
7.347056274847714
 31
0.0
  0
LINE
  5
2D9
330
17
100
AcDbEntity
  8
hatch
100
AcDbLine
 10
20.05
 20
7.40918830920368
 30
0.0
 11
20.2
 21
7.5591883092036785
 31
0.0
  0
LINE
  5
2DA
330
17
100
AcDbEntity
  8
hatch
100
AcDbLine
 10
20.05
 20
7.621320343559644
 30
0.0
 11
20.2
 21
7.771320343559644
 31
0.0
  0
LINE
  5
2DB
330
17
100
AcDbEntity
  8
hatch
100
AcDbLine
 10
20.05
 20
7.83345237791561
 30
0.0
 11
20.199999999999996
 21
7.983452377915607
 31
0.0
  0
LINE
  5
2DC
330
17
100
AcDbEntity
  8
hatch
100
AcDbLine
 10
20.05
 20
8.045584412271571
 30
0.0
 11
20.2
 21
8.19558441227157
 31
0.0
  0
LINE
  5
2DD
330
17
100
AcDbEntity
  8
hatch
100
AcDbLine
 10
20.049999999999997
 20
8.257716446627535
 30
0.0
 11
20.2
 21
8.407716446627536
 31
0.0
  0
LINE
  5
2DE
330
17
100
AcDbEntity
  8
hatch
100
AcDbLine
 10
20.05
 20
8.4698484809835
 30
0.0
 11
20.199999999999996
 21
8.6198484809835
 31
0.0
  0
LINE
  5
2DF
330
17
100
AcDbEntity
  8
hatch
100
AcDbLine
 10
20.05
 20
8.681980515339466
 30
0.0
 11
20.2
 21
8.831980515339465
 31
0.0
  0
LINE
  5
2E0
330
17
100
AcDbEntity
  8
hatch
100
AcDbLine
 10
20.05
 20
8.89411254969543
 30
0.0
 11
20.2
 21
9.044112549695429
 31
0.0
  0
LINE
  5
2E1
330
17
100
AcDbEntity
  8
hatch
100
AcDbLine
 10
20.05
 20
9.106244584051394
 30
0.0
 11
20.2
 21
9.256244584051391
 31
0.0
  0
LINE
  5
2E2
330
17
100
AcDbEntity
  8
hatch
100
AcDbLine
 10
20.05
 20
9.318376618407358
 30
0.0
 11
20.081623381592642
 21
9.350000000000001
 31
0.0
  0
LWPOLYLINE
  5
2E3
330
17
100
AcDbEntity
  8
muro-corte
100
AcDbPolyline
 90
4
 70
1
 10
20.05
 20
5.65
 10
20.2
 20
5.65
 10
20.2
 20
9.35
 10
20.05
 20
9.35
  0
LWPOLYLINE
  5
2E4
330
17
100
AcDbEntity
  8
tabique-fill
100
AcDbPolyline
 90
4
 70
1
 10
0.24999999999999964
 20
3.799999999999999
 10
16.65
 20
3.799999999999999
 10
16.65
 20
3.950000000000001
 10
0.24999999999999964
 20
3.950000000000001
  0
LINE
  5
2E5
330
17
100
AcDbEntity
  8
hatch
100
AcDbLine
 10
16.43786796564403
 20
3.799999999999997
 30
0.0
 11
16.587867965644037
 21
3.950000000000001
 31
0.0
  0
LINE
  5
2E6
330
17
100
AcDbEntity
  8
hatch
100
AcDbLine
 10
16.225735931288067
 20
3.799999999999998
 30
0.0
 11
16.37573593128807
 21
3.95
 31
0.0
  0
LINE
  5
2E7
330
17
100
AcDbEntity
  8
hatch
100
AcDbLine
 10
16.013603896932107
 20
3.799999999999999
 30
0.0
 11
16.16360389693211
 21
3.950000000000001
 31
0.0
  0
LINE
  5
2E8
330
17
100
AcDbEntity
  8
hatch
100
AcDbLine
 10
15.80147186257614
 20
3.799999999999998
 30
0.0
 11
15.951471862576144
 21
3.950000000000002
 31
0.0
  0
LINE
  5
2E9
330
17
100
AcDbEntity
  8
hatch
100
AcDbLine
 10
15.589339828220176
 20
3.799999999999998
 30
0.0
 11
15.739339828220178
 21
3.95
 31
0.0
  0
LINE
  5
2EA
330
17
100
AcDbEntity
  8
hatch
100
AcDbLine
 10
15.377207793864208
 20
3.799999999999997
 30
0.0
 11
15.527207793864214
 21
3.950000000000001
 31
0.0
  0
LINE
  5
2EB
330
17
100
AcDbEntity
  8
hatch
100
AcDbLine
 10
15.165075759508248
 20
3.799999999999999
 30
0.0
 11
15.31507575950825
 21
3.950000000000001
 31
0.0
  0
LINE
  5
2EC
330
17
100
AcDbEntity
  8
hatch
100
AcDbLine
 10
14.95294372515228
 20
3.799999999999997
 30
0.0
 11
15.102943725152286
 21
3.950000000000001
 31
0.0
  0
LINE
  5
2ED
330
17
100
AcDbEntity
  8
hatch
100
AcDbLine
 10
14.740811690796317
 20
3.799999999999997
 30
0.0
 11
14.890811690796323
 21
3.950000000000001
 31
0.0
  0
LINE
  5
2EE
330
17
100
AcDbEntity
  8
hatch
100
AcDbLine
 10
14.528679656440357
 20
3.799999999999999
 30
0.0
 11
14.678679656440359
 21
3.950000000000001
 31
0.0
  0
LINE
  5
2EF
330
17
100
AcDbEntity
  8
hatch
100
AcDbLine
 10
14.31654762208439
 20
3.799999999999998
 30
0.0
 11
14.466547622084391
 21
3.950000000000002
 31
0.0
  0
LINE
  5
2F0
330
17
100
AcDbEntity
  8
hatch
100
AcDbLine
 10
14.104415587728425
 20
3.799999999999998
 30
0.0
 11
14.254415587728428
 21
3.95
 31
0.0
  0
LINE
  5
2F1
330
17
100
AcDbEntity
  8
hatch
100
AcDbLine
 10
13.89228355337246
 20
3.7999999999999963
 30
0.0
 11
14.042283553372465
 21
3.950000000000002
 31
0.0
  0
LINE
  5
2F2
330
17
100
AcDbEntity
  8
hatch
100
AcDbLine
 10
13.680151519016498
 20
3.799999999999998
 30
0.0
 11
13.8301515190165
 21
3.950000000000002
 31
0.0
  0
LINE
  5
2F3
330
17
100
AcDbEntity
  8
hatch
100
AcDbLine
 10
13.468019484660534
 20
3.799999999999999
 30
0.0
 11
13.618019484660536
 21
3.950000000000001
 31
0.0
  0
LINE
  5
2F4
330
17
100
AcDbEntity
  8
hatch
100
AcDbLine
 10
13.255887450304566
 20
3.799999999999997
 30
0.0
 11
13.405887450304572
 21
3.950000000000001
 31
0.0
  0
LINE
  5
2F5
330
17
100
AcDbEntity
  8
hatch
100
AcDbLine
 10
13.043755415948603
 20
3.799999999999999
 30
0.0
 11
13.193755415948608
 21
3.950000000000001
 31
0.0
  0
LINE
  5
2F6
330
17
100
AcDbEntity
  8
hatch
100
AcDbLine
 10
12.831623381592642
 20
3.799999999999999
 30
0.0
 11
12.981623381592645
 21
3.950000000000001
 31
0.0
  0
LINE
  5
2F7
330
17
100
AcDbEntity
  8
hatch
100
AcDbLine
 10
12.619491347236675
 20
3.799999999999997
 30
0.0
 11
12.76949134723668
 21
3.950000000000001
 31
0.0
  0
LINE
  5
2F8
330
17
100
AcDbEntity
  8
hatch
100
AcDbLine
 10
12.407359312880711
 20
3.8
 30
0.0
 11
12.557359312880713
 21
3.950000000000002
 31
0.0
  0
LINE
  5
2F9
330
17
100
AcDbEntity
  8
hatch
100
AcDbLine
 10
12.195227278524747
 20
3.799999999999997
 30
0.0
 11
12.34522727852475
 21
3.95
 31
0.0
  0
LINE
  5
2FA
330
17
100
AcDbEntity
  8
hatch
100
AcDbLine
 10
11.983095244168783
 20
3.799999999999998
 30
0.0
 11
12.133095244168786
 21
3.95
 31
0.0
  0
LINE
  5
2FB
330
17
100
AcDbEntity
  8
hatch
100
AcDbLine
 10
11.770963209812821
 20
3.799999999999999
 30
0.0
 11
11.920963209812824
 21
3.950000000000001
 31
0.0
  0
LINE
  5
2FC
330
17
100
AcDbEntity
  8
hatch
100
AcDbLine
 10
11.558831175456856
 20
3.7999999999999994
 30
0.0
 11
11.708831175456858
 21
3.9500000000000015
 31
0.0
  0
LINE
  5
2FD
330
17
100
AcDbEntity
  8
hatch
100
AcDbLine
 10
11.346699141100892
 20
3.799999999999999
 30
0.0
 11
11.496699141100894
 21
3.950000000000001
 31
0.0
  0
LINE
  5
2FE
330
17
100
AcDbEntity
  8
hatch
100
AcDbLine
 10
11.134567106744925
 20
3.7999999999999976
 30
0.0
 11
11.284567106744928
 21
3.9500000000000015
 31
0.0
  0
LINE
  5
2FF
330
17
100
AcDbEntity
  8
hatch
100
AcDbLine
 10
10.922435072388962
 20
3.7999999999999985
 30
0.0
 11
11.072435072388966
 21
3.9500000000000024
 31
0.0
  0
LINE
  5
300
330
17
100
AcDbEntity
  8
hatch
100
AcDbLine
 10
10.710303038032997
 20
3.799999999999997
 30
0.0
 11
10.860303038033
 21
3.950000000000002
 31
0.0
  0
LINE
  5
301
330
17
100
AcDbEntity
  8
hatch
100
AcDbLine
 10
10.498171003677035
 20
3.7999999999999994
 30
0.0
 11
10.648171003677037
 21
3.9500000000000015
 31
0.0
  0
LINE
  5
302
330
17
100
AcDbEntity
  8
hatch
100
AcDbLine
 10
10.28603896932107
 20
3.799999999999999
 30
0.0
 11
10.436038969321071
 21
3.950000000000001
 31
0.0
  0
LINE
  5
303
330
17
100
AcDbEntity
  8
hatch
100
AcDbLine
 10
10.073906934965104
 20
3.799999999999997
 30
0.0
 11
10.22390693496511
 21
3.950000000000002
 31
0.0
  0
LINE
  5
304
330
17
100
AcDbEntity
  8
hatch
100
AcDbLine
 10
9.861774900609142
 20
3.7999999999999985
 30
0.0
 11
10.011774900609144
 21
3.9500000000000006
 31
0.0
  0
LINE
  5
305
330
17
100
AcDbEntity
  8
hatch
100
AcDbLine
 10
9.649642866253174
 20
3.799999999999997
 30
0.0
 11
9.79964286625318
 21
3.950000000000002
 31
0.0
  0
LINE
  5
306
330
17
100
AcDbEntity
  8
hatch
100
AcDbLine
 10
9.437510831897212
 20
3.799999999999998
 30
0.0
 11
9.587510831897216
 21
3.950000000000002
 31
0.0
  0
LINE
  5
307
330
17
100
AcDbEntity
  8
hatch
100
AcDbLine
 10
9.225378797541248
 20
3.7999999999999994
 30
0.0
 11
9.37537879754125
 21
3.9500000000000015
 31
0.0
  0
LINE
  5
308
330
17
100
AcDbEntity
  8
hatch
100
AcDbLine
 10
9.013246763185283
 20
3.799999999999997
 30
0.0
 11
9.163246763185288
 21
3.950000000000002
 31
0.0
  0
LINE
  5
309
330
17
100
AcDbEntity
  8
hatch
100
AcDbLine
 10
8.801114728829319
 20
3.7999999999999985
 30
0.0
 11
8.951114728829321
 21
3.9500000000000006
 31
0.0
  0
LINE
  5
30A
330
17
100
AcDbEntity
  8
hatch
100
AcDbLine
 10
8.588982694473353
 20
3.7999999999999976
 30
0.0
 11
8.738982694473359
 21
3.9500000000000024
 31
0.0
  0
LINE
  5
30B
330
17
100
AcDbEntity
  8
hatch
100
AcDbLine
 10
8.376850660117391
 20
3.799999999999998
 30
0.0
 11
8.526850660117395
 21
3.950000000000001
 31
0.0
  0
LINE
  5
30C
330
17
100
AcDbEntity
  8
hatch
100
AcDbLine
 10
8.164718625761427
 20
3.7999999999999994
 30
0.0
 11
8.31471862576143
 21
3.9500000000000015
 31
0.0
  0
LINE
  5
30D
330
17
100
AcDbEntity
  8
hatch
100
AcDbLine
 10
7.952586591405462
 20
3.7999999999999976
 30
0.0
 11
8.102586591405466
 21
3.9500000000000024
 31
0.0
  0
LINE
  5
30E
330
17
100
AcDbEntity
  8
hatch
100
AcDbLine
 10
7.740454557049499
 20
3.799999999999999
 30
0.0
 11
7.890454557049502
 21
3.950000000000002
 31
0.0
  0
LINE
  5
30F
330
17
100
AcDbEntity
  8
hatch
100
AcDbLine
 10
7.528322522693532
 20
3.7999999999999976
 30
0.0
 11
7.678322522693537
 21
3.9500000000000024
 31
0.0
  0
LINE
  5
310
330
17
100
AcDbEntity
  8
hatch
100
AcDbLine
 10
7.31619048833757
 20
3.799999999999999
 30
0.0
 11
7.466190488337574
 21
3.950000000000003
 31
0.0
  0
LINE
  5
311
330
17
100
AcDbEntity
  8
hatch
100
AcDbLine
 10
7.104058453981605
 20
3.799999999999999
 30
0.0
 11
7.254058453981609
 21
3.950000000000003
 31
0.0
  0
LINE
  5
312
330
17
100
AcDbEntity
  8
hatch
100
AcDbLine
 10
6.891926419625641
 20
3.799999999999999
 30
0.0
 11
7.041926419625644
 21
3.950000000000001
 31
0.0
  0
LINE
  5
313
330
17
100
AcDbEntity
  8
hatch
100
AcDbLine
 10
6.679794385269677
 20
3.799999999999998
 30
0.0
 11
6.829794385269681
 21
3.950000000000002
 31
0.0
  0
LINE
  5
314
330
17
100
AcDbEntity
  8
hatch
100
AcDbLine
 10
6.467662350913714
 20
3.799999999999999
 30
0.0
 11
6.617662350913716
 21
3.950000000000001
 31
0.0
  0
LINE
  5
315
330
17
100
AcDbEntity
  8
hatch
100
AcDbLine
 10
6.255530316557748
 20
3.7999999999999985
 30
0.0
 11
6.40553031655775
 21
3.9500000000000015
 31
0.0
  0
LINE
  5
316
330
17
100
AcDbEntity
  8
hatch
100
AcDbLine
 10
6.043398282201784
 20
3.799999999999999
 30
0.0
 11
6.1933982822017875
 21
3.950000000000002
 31
0.0
  0
LINE
  5
317
330
17
100
AcDbEntity
  8
hatch
100
AcDbLine
 10
5.831266247845821
 20
3.799999999999999
 30
0.0
 11
5.981266247845823
 21
3.950000000000001
 31
0.0
  0
LINE
  5
318
330
17
100
AcDbEntity
  8
hatch
100
AcDbLine
 10
5.619134213489856
 20
3.7999999999999994
 30
0.0
 11
5.76913421348986
 21
3.9500000000000024
 31
0.0
  0
LINE
  5
319
330
17
100
AcDbEntity
  8
hatch
100
AcDbLine
 10
5.407002179133893
 20
3.799999999999999
 30
0.0
 11
5.557002179133895
 21
3.950000000000002
 31
0.0
  0
LINE
  5
31A
330
17
100
AcDbEntity
  8
hatch
100
AcDbLine
 10
5.194870144777926
 20
3.799999999999999
 30
0.0
 11
5.344870144777929
 21
3.950000000000001
 31
0.0
  0
LINE
  5
31B
330
17
100
AcDbEntity
  8
hatch
100
AcDbLine
 10
4.982738110421963
 20
3.799999999999998
 30
0.0
 11
5.132738110421966
 21
3.950000000000002
 31
0.0
  0
LINE
  5
31C
330
17
100
AcDbEntity
  8
hatch
100
AcDbLine
 10
4.770606076065997
 20
3.799999999999999
 30
0.0
 11
4.920606076066001
 21
3.950000000000002
 31
0.0
  0
LINE
  5
31D
330
17
100
AcDbEntity
  8
hatch
100
AcDbLine
 10
4.558474041710035
 20
3.799999999999998
 30
0.0
 11
4.708474041710039
 21
3.950000000000002
 31
0.0
  0
LINE
  5
31E
330
17
100
AcDbEntity
  8
hatch
100
AcDbLine
 10
4.346342007354071
 20
3.7999999999999985
 30
0.0
 11
4.496342007354074
 21
3.9500000000000015
 31
0.0
  0
LINE
  5
31F
330
17
100
AcDbEntity
  8
hatch
100
AcDbLine
 10
4.134209972998105
 20
3.7999999999999985
 30
0.0
 11
4.284209972998109
 21
3.950000000000002
 31
0.0
  0
LINE
  5
320
330
17
100
AcDbEntity
  8
hatch
100
AcDbLine
 10
3.9220779386421407
 20
3.7999999999999985
 30
0.0
 11
4.072077938642145
 21
3.9500000000000015
 31
0.0
  0
LINE
  5
321
330
17
100
AcDbEntity
  8
hatch
100
AcDbLine
 10
3.709945904286176
 20
3.7999999999999985
 30
0.0
 11
3.8599459042861795
 21
3.950000000000002
 31
0.0
  0
LINE
  5
322
330
17
100
AcDbEntity
  8
hatch
100
AcDbLine
 10
3.497813869930214
 20
3.7999999999999985
 30
0.0
 11
3.6478138699302174
 21
3.950000000000002
 31
0.0
  0
LINE
  5
323
330
17
100
AcDbEntity
  8
hatch
100
AcDbLine
 10
3.285681835574249
 20
3.7999999999999985
 30
0.0
 11
3.4356818355742527
 21
3.950000000000002
 31
0.0
  0
LINE
  5
324
330
17
100
AcDbEntity
  8
hatch
100
AcDbLine
 10
3.0735498012182845
 20
3.7999999999999985
 30
0.0
 11
3.223549801218288
 21
3.950000000000002
 31
0.0
  0
LINE
  5
325
330
17
100
AcDbEntity
  8
hatch
100
AcDbLine
 10
2.8614177668623197
 20
3.7999999999999985
 30
0.0
 11
3.011417766862323
 21
3.950000000000002
 31
0.0
  0
LINE
  5
326
330
17
100
AcDbEntity
  8
hatch
100
AcDbLine
 10
2.649285732506355
 20
3.799999999999999
 30
0.0
 11
2.7992857325063585
 21
3.950000000000002
 31
0.0
  0
LINE
  5
327
330
17
100
AcDbEntity
  8
hatch
100
AcDbLine
 10
2.437153698150393
 20
3.7999999999999985
 30
0.0
 11
2.587153698150396
 21
3.950000000000002
 31
0.0
  0
LINE
  5
328
330
17
100
AcDbEntity
  8
hatch
100
AcDbLine
 10
2.2250216637944282
 20
3.7999999999999985
 30
0.0
 11
2.3750216637944312
 21
3.950000000000002
 31
0.0
  0
LINE
  5
329
330
17
100
AcDbEntity
  8
hatch
100
AcDbLine
 10
2.0128896294384626
 20
3.7999999999999985
 30
0.0
 11
2.1628896294384665
 21
3.950000000000002
 31
0.0
  0
LINE
  5
32A
330
17
100
AcDbEntity
  8
hatch
100
AcDbLine
 10
1.8007575950824986
 20
3.799999999999999
 30
0.0
 11
1.9507575950825016
 21
3.950000000000002
 31
0.0
  0
LINE
  5
32B
330
17
100
AcDbEntity
  8
hatch
100
AcDbLine
 10
1.5886255607265338
 20
3.799999999999999
 30
0.0
 11
1.7386255607265368
 21
3.950000000000002
 31
0.0
  0
LINE
  5
32C
330
17
100
AcDbEntity
  8
hatch
100
AcDbLine
 10
1.3764935263705718
 20
3.799999999999999
 30
0.0
 11
1.5264935263705748
 21
3.950000000000002
 31
0.0
  0
LINE
  5
32D
330
17
100
AcDbEntity
  8
hatch
100
AcDbLine
 10
1.164361492014607
 20
3.799999999999999
 30
0.0
 11
1.31436149201461
 21
3.950000000000002
 31
0.0
  0
LINE
  5
32E
330
17
100
AcDbEntity
  8
hatch
100
AcDbLine
 10
0.9522294576586423
 20
3.799999999999999
 30
0.0
 11
1.1022294576586453
 21
3.950000000000002
 31
0.0
  0
LINE
  5
32F
330
17
100
AcDbEntity
  8
hatch
100
AcDbLine
 10
0.7400974233026776
 20
3.799999999999999
 30
0.0
 11
0.8900974233026806
 21
3.950000000000002
 31
0.0
  0
LINE
  5
330
330
17
100
AcDbEntity
  8
hatch
100
AcDbLine
 10
0.5279653889467129
 20
3.799999999999999
 30
0.0
 11
0.6779653889467159
 21
3.950000000000002
 31
0.0
  0
LINE
  5
331
330
17
100
AcDbEntity
  8
hatch
100
AcDbLine
 10
0.3158333545907501
 20
3.799999999999999
 30
0.0
 11
0.4658333545907536
 21
3.950000000000002
 31
0.0
  0
LINE
  5
332
330
17
100
AcDbEntity
  8
hatch
100
AcDbLine
 10
0.24999999999999956
 20
3.9462986797652126
 30
0.0
 11
0.25370132023478886
 21
3.950000000000002
 31
0.0
  0
LWPOLYLINE
  5
333
330
17
100
AcDbEntity
  8
muro-corte
100
AcDbPolyline
 90
4
 70
1
 10
0.24999999999999964
 20
3.799999999999999
 10
16.65
 20
3.799999999999999
 10
16.65
 20
3.950000000000001
 10
0.24999999999999964
 20
3.950000000000001
  0
LWPOLYLINE
  5
334
330
17
100
AcDbEntity
  8
tabique-fill
100
AcDbPolyline
 90
4
 70
1
 10
20.2
 20
3.799999999999999
 10
23.75
 20
3.799999999999999
 10
23.75
 20
3.950000000000001
 10
20.2
 20
3.950000000000001
  0
LINE
  5
335
330
17
100
AcDbEntity
  8
hatch
100
AcDbLine
 10
23.537867965644033
 20
3.799999999999999
 30
0.0
 11
23.68786796564403
 21
3.950000000000001
 31
0.0
  0
LINE
  5
336
330
17
100
AcDbEntity
  8
hatch
100
AcDbLine
 10
23.325735931288065
 20
3.799999999999999
 30
0.0
 11
23.47573593128807
 21
3.950000000000001
 31
0.0
  0
LINE
  5
337
330
17
100
AcDbEntity
  8
hatch
100
AcDbLine
 10
23.113603896932105
 20
3.8000000000000007
 30
0.0
 11
23.263603896932107
 21
3.950000000000003
 31
0.0
  0
LINE
  5
338
330
17
100
AcDbEntity
  8
hatch
100
AcDbLine
 10
22.901471862576138
 20
3.799999999999999
 30
0.0
 11
23.051471862576143
 21
3.950000000000001
 31
0.0
  0
LINE
  5
339
330
17
100
AcDbEntity
  8
hatch
100
AcDbLine
 10
22.689339828220177
 20
3.799999999999999
 30
0.0
 11
22.839339828220176
 21
3.950000000000001
 31
0.0
  0
LINE
  5
33A
330
17
100
AcDbEntity
  8
hatch
100
AcDbLine
 10
22.47720779386421
 20
3.799999999999997
 30
0.0
 11
22.627207793864212
 21
3.9499999999999993
 31
0.0
  0
LINE
  5
33B
330
17
100
AcDbEntity
  8
hatch
100
AcDbLine
 10
22.265075759508246
 20
3.8000000000000007
 30
0.0
 11
22.415075759508248
 21
3.950000000000003
 31
0.0
  0
LINE
  5
33C
330
17
100
AcDbEntity
  8
hatch
100
AcDbLine
 10
22.052943725152282
 20
3.799999999999999
 30
0.0
 11
22.202943725152288
 21
3.950000000000001
 31
0.0
  0
LINE
  5
33D
330
17
100
AcDbEntity
  8
hatch
100
AcDbLine
 10
21.84081169079632
 20
3.799999999999999
 30
0.0
 11
21.99081169079632
 21
3.950000000000001
 31
0.0
  0
LINE
  5
33E
330
17
100
AcDbEntity
  8
hatch
100
AcDbLine
 10
21.628679656440355
 20
3.8000000000000007
 30
0.0
 11
21.778679656440357
 21
3.950000000000003
 31
0.0
  0
LINE
  5
33F
330
17
100
AcDbEntity
  8
hatch
100
AcDbLine
 10
21.416547622084387
 20
3.799999999999999
 30
0.0
 11
21.566547622084393
 21
3.950000000000001
 31
0.0
  0
LINE
  5
340
330
17
100
AcDbEntity
  8
hatch
100
AcDbLine
 10
21.204415587728427
 20
3.799999999999999
 30
0.0
 11
21.35441558772843
 21
3.950000000000001
 31
0.0
  0
LINE
  5
341
330
17
100
AcDbEntity
  8
hatch
100
AcDbLine
 10
20.992283553372463
 20
3.799999999999999
 30
0.0
 11
21.142283553372465
 21
3.950000000000003
 31
0.0
  0
LINE
  5
342
330
17
100
AcDbEntity
  8
hatch
100
AcDbLine
 10
20.7801515190165
 20
3.799999999999999
 30
0.0
 11
20.930151519016498
 21
3.950000000000001
 31
0.0
  0
LINE
  5
343
330
17
100
AcDbEntity
  8
hatch
100
AcDbLine
 10
20.56801948466053
 20
3.799999999999999
 30
0.0
 11
20.718019484660537
 21
3.950000000000001
 31
0.0
  0
LINE
  5
344
330
17
100
AcDbEntity
  8
hatch
100
AcDbLine
 10
20.355887450304568
 20
3.799999999999999
 30
0.0
 11
20.50588745030457
 21
3.950000000000001
 31
0.0
  0
LINE
  5
345
330
17
100
AcDbEntity
  8
hatch
100
AcDbLine
 10
20.199999999999996
 20
3.8562445840513906
 30
0.0
 11
20.29375541594861
 21
3.950000000000001
 31
0.0
  0
LWPOLYLINE
  5
346
330
17
100
AcDbEntity
  8
muro-corte
100
AcDbPolyline
 90
4
 70
1
 10
20.2
 20
3.799999999999999
 10
23.75
 20
3.799999999999999
 10
23.75
 20
3.950000000000001
 10
20.2
 20
3.950000000000001
  0
LWPOLYLINE
  5
347
330
17
100
AcDbEntity
  8
tabique-fill
100
AcDbPolyline
 90
4
 70
1
 10
0.24999999999999964
 20
5.65
 10
16.65
 20
5.65
 10
16.65
 20
5.799999999999998
 10
0.24999999999999964
 20
5.799999999999998
  0
LINE
  5
348
330
17
100
AcDbEntity
  8
hatch
100
AcDbLine
 10
16.437867965644035
 20
5.650000000000002
 30
0.0
 11
16.587867965644033
 21
5.799999999999999
 31
0.0
  0
LINE
  5
349
330
17
100
AcDbEntity
  8
hatch
100
AcDbLine
 10
16.22573593128807
 20
5.65
 30
0.0
 11
16.375735931288066
 21
5.799999999999997
 31
0.0
  0
LINE
  5
34A
330
17
100
AcDbEntity
  8
hatch
100
AcDbLine
 10
16.013603896932104
 20
5.650000000000003
 30
0.0
 11
16.163603896932102
 21
5.799999999999998
 31
0.0
  0
LINE
  5
34B
330
17
100
AcDbEntity
  8
hatch
100
AcDbLine
 10
15.801471862576143
 20
5.650000000000003
 30
0.0
 11
15.951471862576138
 21
5.799999999999998
 31
0.0
  0
LINE
  5
34C
330
17
100
AcDbEntity
  8
hatch
100
AcDbLine
 10
15.589339828220178
 20
5.650000000000001
 30
0.0
 11
15.739339828220174
 21
5.799999999999998
 31
0.0
  0
LINE
  5
34D
330
17
100
AcDbEntity
  8
hatch
100
AcDbLine
 10
15.377207793864214
 20
5.650000000000002
 30
0.0
 11
15.52720779386421
 21
5.799999999999999
 31
0.0
  0
LINE
  5
34E
330
17
100
AcDbEntity
  8
hatch
100
AcDbLine
 10
15.165075759508248
 20
5.650000000000001
 30
0.0
 11
15.315075759508247
 21
5.799999999999998
 31
0.0
  0
LINE
  5
34F
330
17
100
AcDbEntity
  8
hatch
100
AcDbLine
 10
14.952943725152284
 20
5.650000000000002
 30
0.0
 11
15.10294372515228
 21
5.799999999999997
 31
0.0
  0
LINE
  5
350
330
17
100
AcDbEntity
  8
hatch
100
AcDbLine
 10
14.74081169079632
 20
5.650000000000002
 30
0.0
 11
14.890811690796319
 21
5.799999999999999
 31
0.0
  0
LINE
  5
351
330
17
100
AcDbEntity
  8
hatch
100
AcDbLine
 10
14.528679656440357
 20
5.65
 30
0.0
 11
14.678679656440355
 21
5.799999999999999
 31
0.0
  0
LINE
  5
352
330
17
100
AcDbEntity
  8
hatch
100
AcDbLine
 10
14.316547622084393
 20
5.650000000000003
 30
0.0
 11
14.466547622084388
 21
5.799999999999998
 31
0.0
  0
LINE
  5
353
330
17
100
AcDbEntity
  8
hatch
100
AcDbLine
 10
14.104415587728429
 20
5.650000000000001
 30
0.0
 11
14.254415587728424
 21
5.799999999999998
 31
0.0
  0
LINE
  5
354
330
17
100
AcDbEntity
  8
hatch
100
AcDbLine
 10
13.892283553372463
 20
5.650000000000001
 30
0.0
 11
14.04228355337246
 21
5.799999999999998
 31
0.0
  0
LINE
  5
355
330
17
100
AcDbEntity
  8
hatch
100
AcDbLine
 10
13.680151519016501
 20
5.650000000000003
 30
0.0
 11
13.830151519016496
 21
5.799999999999998
 31
0.0
  0
LINE
  5
356
330
17
100
AcDbEntity
  8
hatch
100
AcDbLine
 10
13.468019484660536
 20
5.650000000000002
 30
0.0
 11
13.618019484660532
 21
5.799999999999999
 31
0.0
  0
LINE
  5
357
330
17
100
AcDbEntity
  8
hatch
100
AcDbLine
 10
13.255887450304572
 20
5.650000000000002
 30
0.0
 11
13.405887450304567
 21
5.799999999999997
 31
0.0
  0
LINE
  5
358
330
17
100
AcDbEntity
  8
hatch
100
AcDbLine
 10
13.043755415948606
 20
5.65
 30
0.0
 11
13.193755415948603
 21
5.799999999999999
 31
0.0
  0
LINE
  5
359
330
17
100
AcDbEntity
  8
hatch
100
AcDbLine
 10
12.831623381592644
 20
5.650000000000002
 30
0.0
 11
12.981623381592641
 21
5.799999999999999
 31
0.0
  0
LINE
  5
35A
330
17
100
AcDbEntity
  8
hatch
100
AcDbLine
 10
12.619491347236679
 20
5.650000000000002
 30
0.0
 11
12.769491347236674
 21
5.799999999999997
 31
0.0
  0
LINE
  5
35B
330
17
100
AcDbEntity
  8
hatch
100
AcDbLine
 10
12.407359312880713
 20
5.650000000000001
 30
0.0
 11
12.55735931288071
 21
5.8
 31
0.0
  0
LINE
  5
35C
330
17
100
AcDbEntity
  8
hatch
100
AcDbLine
 10
12.19522727852475
 20
5.650000000000004
 30
0.0
 11
12.345227278524746
 21
5.799999999999999
 31
0.0
  0
LINE
  5
35D
330
17
100
AcDbEntity
  8
hatch
100
AcDbLine
 10
11.983095244168785
 20
5.650000000000001
 30
0.0
 11
12.133095244168782
 21
5.799999999999998
 31
0.0
  0
LINE
  5
35E
330
17
100
AcDbEntity
  8
hatch
100
AcDbLine
 10
11.770963209812821
 20
5.650000000000001
 30
0.0
 11
11.920963209812818
 21
5.799999999999998
 31
0.0
  0
LINE
  5
35F
330
17
100
AcDbEntity
  8
hatch
100
AcDbLine
 10
11.558831175456858
 20
5.650000000000002
 30
0.0
 11
11.708831175456853
 21
5.799999999999999
 31
0.0
  0
LINE
  5
360
330
17
100
AcDbEntity
  8
hatch
100
AcDbLine
 10
11.346699141100894
 20
5.650000000000002
 30
0.0
 11
11.496699141100889
 21
5.799999999999997
 31
0.0
  0
LINE
  5
361
330
17
100
AcDbEntity
  8
hatch
100
AcDbLine
 10
11.134567106744928
 20
5.650000000000002
 30
0.0
 11
11.284567106744925
 21
5.799999999999997
 31
0.0
  0
LINE
  5
362
330
17
100
AcDbEntity
  8
hatch
100
AcDbLine
 10
10.922435072388964
 20
5.65
 30
0.0
 11
11.07243507238896
 21
5.799999999999997
 31
0.0
  0
LINE
  5
363
330
17
100
AcDbEntity
  8
hatch
100
AcDbLine
 10
10.710303038032997
 20
5.6499999999999995
 30
0.0
 11
10.860303038032994
 21
5.799999999999998
 31
0.0
  0
LINE
  5
364
330
17
100
AcDbEntity
  8
hatch
100
AcDbLine
 10
10.498171003677037
 20
5.65
 30
0.0
 11
10.648171003677032
 21
5.799999999999997
 31
0.0
  0
LINE
  5
365
330
17
100
AcDbEntity
  8
hatch
100
AcDbLine
 10
10.286038969321071
 20
5.650000000000001
 30
0.0
 11
10.436038969321066
 21
5.799999999999998
 31
0.0
  0
LINE
  5
366
330
17
100
AcDbEntity
  8
hatch
100
AcDbLine
 10
10.073906934965107
 20
5.650000000000001
 30
0.0
 11
10.223906934965104
 21
5.799999999999998
 31
0.0
  0
LINE
  5
367
330
17
100
AcDbEntity
  8
hatch
100
AcDbLine
 10
9.861774900609142
 20
5.65
 30
0.0
 11
10.01177490060914
 21
5.799999999999999
 31
0.0
  0
LINE
  5
368
330
17
100
AcDbEntity
  8
hatch
100
AcDbLine
 10
9.649642866253176
 20
5.6499999999999995
 30
0.0
 11
9.799642866253173
 21
5.799999999999997
 31
0.0
  0
LINE
  5
369
330
17
100
AcDbEntity
  8
hatch
100
AcDbLine
 10
9.437510831897214
 20
5.65
 30
0.0
 11
9.58751083189721
 21
5.799999999999998
 31
0.0
  0
LINE
  5
36A
330
17
100
AcDbEntity
  8
hatch
100
AcDbLine
 10
9.22537879754125
 20
5.650000000000002
 30
0.0
 11
9.375378797541247
 21
5.799999999999997
 31
0.0
  0
LINE
  5
36B
330
17
100
AcDbEntity
  8
hatch
100
AcDbLine
 10
9.013246763185286
 20
5.650000000000001
 30
0.0
 11
9.163246763185281
 21
5.799999999999997
 31
0.0
  0
LINE
  5
36C
330
17
100
AcDbEntity
  8
hatch
100
AcDbLine
 10
8.801114728829322
 20
5.650000000000001
 30
0.0
 11
8.951114728829317
 21
5.799999999999999
 31
0.0
  0
LINE
  5
36D
330
17
100
AcDbEntity
  8
hatch
100
AcDbLine
 10
8.588982694473355
 20
5.6499999999999995
 30
0.0
 11
8.738982694473352
 21
5.799999999999997
 31
0.0
  0
LINE
  5
36E
330
17
100
AcDbEntity
  8
hatch
100
AcDbLine
 10
8.376850660117393
 20
5.65
 30
0.0
 11
8.52685066011739
 21
5.799999999999998
 31
0.0
  0
LINE
  5
36F
330
17
100
AcDbEntity
  8
hatch
100
AcDbLine
 10
8.164718625761429
 20
5.650000000000002
 30
0.0
 11
8.314718625761424
 21
5.799999999999998
 31
0.0
  0
LINE
  5
370
330
17
100
AcDbEntity
  8
hatch
100
AcDbLine
 10
7.9525865914054625
 20
5.65
 30
0.0
 11
8.10258659140546
 21
5.799999999999997
 31
0.0
  0
LINE
  5
371
330
17
100
AcDbEntity
  8
hatch
100
AcDbLine
 10
7.7404545570495
 20
5.650000000000001
 30
0.0
 11
7.890454557049497
 21
5.799999999999999
 31
0.0
  0
LINE
  5
372
330
17
100
AcDbEntity
  8
hatch
100
AcDbLine
 10
7.528322522693533
 20
5.65
 30
0.0
 11
7.678322522693531
 21
5.799999999999997
 31
0.0
  0
LINE
  5
373
330
17
100
AcDbEntity
  8
hatch
100
AcDbLine
 10
7.31619048833757
 20
5.65
 30
0.0
 11
7.466190488337569
 21
5.799999999999998
 31
0.0
  0
LINE
  5
374
330
17
100
AcDbEntity
  8
hatch
100
AcDbLine
 10
7.104058453981607
 20
5.650000000000002
 30
0.0
 11
7.254058453981603
 21
5.799999999999998
 31
0.0
  0
LINE
  5
375
330
17
100
AcDbEntity
  8
hatch
100
AcDbLine
 10
6.891926419625642
 20
5.65
 30
0.0
 11
7.041926419625639
 21
5.799999999999998
 31
0.0
  0
LINE
  5
376
330
17
100
AcDbEntity
  8
hatch
100
AcDbLine
 10
6.679794385269678
 20
5.65
 30
0.0
 11
6.829794385269676
 21
5.799999999999998
 31
0.0
  0
LINE
  5
377
330
17
100
AcDbEntity
  8
hatch
100
AcDbLine
 10
6.467662350913715
 20
5.650000000000001
 30
0.0
 11
6.617662350913712
 21
5.799999999999998
 31
0.0
  0
LINE
  5
378
330
17
100
AcDbEntity
  8
hatch
100
AcDbLine
 10
6.255530316557749
 20
5.650000000000001
 30
0.0
 11
6.405530316557747
 21
5.799999999999998
 31
0.0
  0
LINE
  5
379
330
17
100
AcDbEntity
  8
hatch
100
AcDbLine
 10
6.043398282201786
 20
5.650000000000002
 30
0.0
 11
6.193398282201782
 21
5.799999999999998
 31
0.0
  0
LINE
  5
37A
330
17
100
AcDbEntity
  8
hatch
100
AcDbLine
 10
5.831266247845821
 20
5.65
 30
0.0
 11
5.981266247845817
 21
5.799999999999997
 31
0.0
  0
LINE
  5
37B
330
17
100
AcDbEntity
  8
hatch
100
AcDbLine
 10
5.619134213489857
 20
5.65
 30
0.0
 11
5.7691342134898544
 21
5.799999999999998
 31
0.0
  0
LINE
  5
37C
330
17
100
AcDbEntity
  8
hatch
100
AcDbLine
 10
5.407002179133893
 20
5.65
 30
0.0
 11
5.557002179133891
 21
5.799999999999998
 31
0.0
  0
LINE
  5
37D
330
17
100
AcDbEntity
  8
hatch
100
AcDbLine
 10
5.194870144777928
 20
5.650000000000001
 30
0.0
 11
5.344870144777925
 21
5.799999999999998
 31
0.0
  0
LINE
  5
37E
330
17
100
AcDbEntity
  8
hatch
100
AcDbLine
 10
4.9827381104219635
 20
5.65
 30
0.0
 11
5.132738110421961
 21
5.799999999999998
 31
0.0
  0
LINE
  5
37F
330
17
100
AcDbEntity
  8
hatch
100
AcDbLine
 10
4.770606076065999
 20
5.650000000000001
 30
0.0
 11
4.9206060760659955
 21
5.799999999999998
 31
0.0
  0
LINE
  5
380
330
17
100
AcDbEntity
  8
hatch
100
AcDbLine
 10
4.558474041710037
 20
5.650000000000001
 30
0.0
 11
4.708474041710033
 21
5.799999999999997
 31
0.0
  0
LINE
  5
381
330
17
100
AcDbEntity
  8
hatch
100
AcDbLine
 10
4.346342007354072
 20
5.65
 30
0.0
 11
4.496342007354068
 21
5.799999999999997
 31
0.0
  0
LINE
  5
382
330
17
100
AcDbEntity
  8
hatch
100
AcDbLine
 10
4.134209972998107
 20
5.650000000000001
 30
0.0
 11
4.284209972998104
 21
5.799999999999998
 31
0.0
  0
LINE
  5
383
330
17
100
AcDbEntity
  8
hatch
100
AcDbLine
 10
3.922077938642142
 20
5.65
 30
0.0
 11
4.07207793864214
 21
5.799999999999999
 31
0.0
  0
LINE
  5
384
330
17
100
AcDbEntity
  8
hatch
100
AcDbLine
 10
3.709945904286177
 20
5.65
 30
0.0
 11
3.8599459042861746
 21
5.799999999999998
 31
0.0
  0
LINE
  5
385
330
17
100
AcDbEntity
  8
hatch
100
AcDbLine
 10
3.497813869930215
 20
5.65
 30
0.0
 11
3.6478138699302116
 21
5.799999999999997
 31
0.0
  0
LINE
  5
386
330
17
100
AcDbEntity
  8
hatch
100
AcDbLine
 10
3.2856818355742505
 20
5.650000000000001
 30
0.0
 11
3.4356818355742464
 21
5.799999999999997
 31
0.0
  0
LINE
  5
387
330
17
100
AcDbEntity
  8
hatch
100
AcDbLine
 10
3.0735498012182854
 20
5.65
 30
0.0
 11
3.223549801218283
 21
5.799999999999998
 31
0.0
  0
LINE
  5
388
330
17
100
AcDbEntity
  8
hatch
100
AcDbLine
 10
2.86141776686232
 20
5.65
 30
0.0
 11
3.011417766862318
 21
5.799999999999999
 31
0.0
  0
LINE
  5
389
330
17
100
AcDbEntity
  8
hatch
100
AcDbLine
 10
2.649285732506356
 20
5.65
 30
0.0
 11
2.799285732506352
 21
5.799999999999997
 31
0.0
  0
LINE
  5
38A
330
17
100
AcDbEntity
  8
hatch
100
AcDbLine
 10
2.437153698150394
 20
5.65
 30
0.0
 11
2.5871536981503898
 21
5.799999999999997
 31
0.0
  0
LINE
  5
38B
330
17
100
AcDbEntity
  8
hatch
100
AcDbLine
 10
2.2250216637944287
 20
5.65
 30
0.0
 11
2.3750216637944255
 21
5.799999999999997
 31
0.0
  0
LINE
  5
38C
330
17
100
AcDbEntity
  8
hatch
100
AcDbLine
 10
2.012889629438464
 20
5.65
 30
0.0
 11
2.1628896294384603
 21
5.799999999999997
 31
0.0
  0
LINE
  5
38D
330
17
100
AcDbEntity
  8
hatch
100
AcDbLine
 10
1.8007575950824992
 20
5.65
 30
0.0
 11
1.9507575950824956
 21
5.799999999999997
 31
0.0
  0
LINE
  5
38E
330
17
100
AcDbEntity
  8
hatch
100
AcDbLine
 10
1.5886255607265345
 20
5.65
 30
0.0
 11
1.7386255607265308
 21
5.799999999999997
 31
0.0
  0
LINE
  5
38F
330
17
100
AcDbEntity
  8
hatch
100
AcDbLine
 10
1.3764935263705724
 20
5.65
 30
0.0
 11
1.5264935263705688
 21
5.799999999999997
 31
0.0
  0
LINE
  5
390
330
17
100
AcDbEntity
  8
hatch
100
AcDbLine
 10
1.1643614920146077
 20
5.65
 30
0.0
 11
1.314361492014604
 21
5.799999999999997
 31
0.0
  0
LINE
  5
391
330
17
100
AcDbEntity
  8
hatch
100
AcDbLine
 10
0.952229457658643
 20
5.65
 30
0.0
 11
1.1022294576586393
 21
5.799999999999997
 31
0.0
  0
LINE
  5
392
330
17
100
AcDbEntity
  8
hatch
100
AcDbLine
 10
0.7400974233026778
 20
5.65
 30
0.0
 11
0.8900974233026746
 21
5.799999999999997
 31
0.0
  0
LINE
  5
393
330
17
100
AcDbEntity
  8
hatch
100
AcDbLine
 10
0.5279653889467131
 20
5.65
 30
0.0
 11
0.6779653889467099
 21
5.799999999999997
 31
0.0
  0
LINE
  5
394
330
17
100
AcDbEntity
  8
hatch
100
AcDbLine
 10
0.31583335459075057
 20
5.65
 30
0.0
 11
0.4658333545907474
 21
5.799999999999997
 31
0.0
  0
LINE
  5
395
330
17
100
AcDbEntity
  8
hatch
100
AcDbLine
 10
0.2499999999999991
 20
5.796298679765214
 30
0.0
 11
0.25370132023478265
 21
5.799999999999997
 31
0.0
  0
LWPOLYLINE
  5
396
330
17
100
AcDbEntity
  8
muro-corte
100
AcDbPolyline
 90
4
 70
1
 10
0.24999999999999964
 20
5.65
 10
16.65
 20
5.65
 10
16.65
 20
5.799999999999998
 10
0.24999999999999964
 20
5.799999999999998
  0
LWPOLYLINE
  5
397
330
17
100
AcDbEntity
  8
tabique-fill
100
AcDbPolyline
 90
4
 70
1
 10
20.2
 20
5.65
 10
23.75
 20
5.65
 10
23.75
 20
5.799999999999998
 10
20.2
 20
5.799999999999998
  0
LINE
  5
398
330
17
100
AcDbEntity
  8
hatch
100
AcDbLine
 10
23.537867965644033
 20
5.650000000000004
 30
0.0
 11
23.68786796564403
 21
5.799999999999999
 31
0.0
  0
LINE
  5
399
330
17
100
AcDbEntity
  8
hatch
100
AcDbLine
 10
23.32573593128807
 20
5.650000000000002
 30
0.0
 11
23.475735931288064
 21
5.799999999999999
 31
0.0
  0
LINE
  5
39A
330
17
100
AcDbEntity
  8
hatch
100
AcDbLine
 10
23.11360389693211
 20
5.650000000000002
 30
0.0
 11
23.263603896932104
 21
5.799999999999999
 31
0.0
  0
LINE
  5
39B
330
17
100
AcDbEntity
  8
hatch
100
AcDbLine
 10
22.90147186257614
 20
5.65
 30
0.0
 11
23.051471862576136
 21
5.799999999999999
 31
0.0
  0
LINE
  5
39C
330
17
100
AcDbEntity
  8
hatch
100
AcDbLine
 10
22.689339828220177
 20
5.650000000000002
 30
0.0
 11
22.839339828220176
 21
5.799999999999999
 31
0.0
  0
LINE
  5
39D
330
17
100
AcDbEntity
  8
hatch
100
AcDbLine
 10
22.47720779386421
 20
5.65
 30
0.0
 11
22.62720779386421
 21
5.799999999999997
 31
0.0
  0
LINE
  5
39E
330
17
100
AcDbEntity
  8
hatch
100
AcDbLine
 10
22.26507575950825
 20
5.650000000000002
 30
0.0
 11
22.415075759508248
 21
5.799999999999999
 31
0.0
  0
LINE
  5
39F
330
17
100
AcDbEntity
  8
hatch
100
AcDbLine
 10
22.052943725152286
 20
5.650000000000002
 30
0.0
 11
22.20294372515228
 21
5.799999999999999
 31
0.0
  0
LINE
  5
3A0
330
17
100
AcDbEntity
  8
hatch
100
AcDbLine
 10
21.840811690796322
 20
5.650000000000002
 30
0.0
 11
21.990811690796317
 21
5.799999999999999
 31
0.0
  0
LINE
  5
3A1
330
17
100
AcDbEntity
  8
hatch
100
AcDbLine
 10
21.628679656440355
 20
5.650000000000002
 30
0.0
 11
21.778679656440353
 21
5.799999999999999
 31
0.0
  0
LINE
  5
3A2
330
17
100
AcDbEntity
  8
hatch
100
AcDbLine
 10
21.416547622084387
 20
5.65
 30
0.0
 11
21.566547622084386
 21
5.799999999999997
 31
0.0
  0
LINE
  5
3A3
330
17
100
AcDbEntity
  8
hatch
100
AcDbLine
 10
21.204415587728427
 20
5.650000000000003
 30
0.0
 11
21.354415587728425
 21
5.8
 31
0.0
  0
LINE
  5
3A4
330
17
100
AcDbEntity
  8
hatch
100
AcDbLine
 10
20.992283553372463
 20
5.650000000000002
 30
0.0
 11
21.14228355337246
 21
5.799999999999999
 31
0.0
  0
LINE
  5
3A5
330
17
100
AcDbEntity
  8
hatch
100
AcDbLine
 10
20.7801515190165
 20
5.65
 30
0.0
 11
20.930151519016498
 21
5.799999999999997
 31
0.0
  0
LINE
  5
3A6
330
17
100
AcDbEntity
  8
hatch
100
AcDbLine
 10
20.568019484660535
 20
5.650000000000003
 30
0.0
 11
20.71801948466053
 21
5.8
 31
0.0
  0
LINE
  5
3A7
330
17
100
AcDbEntity
  8
hatch
100
AcDbLine
 10
20.355887450304568
 20
5.650000000000001
 30
0.0
 11
20.505887450304566
 21
5.799999999999998
 31
0.0
  0
LINE
  5
3A8
330
17
100
AcDbEntity
  8
hatch
100
AcDbLine
 10
20.2
 20
5.706244584051397
 30
0.0
 11
20.2937554159486
 21
5.799999999999997
 31
0.0
  0
LWPOLYLINE
  5
3A9
330
17
100
AcDbEntity
  8
muro-corte
100
AcDbPolyline
 90
4
 70
1
 10
20.2
 20
5.65
 10
23.75
 20
5.65
 10
23.75
 20
5.799999999999998
 10
20.2
 20
5.799999999999998
  0
LWPOLYLINE
  5
3AA
330
17
100
AcDbEntity
  8
fondo
100
AcDbPolyline
 90
4
 70
1
 10
1.1000000000000003
 20
9.35
 10
2.6
 20
9.35
 10
2.6
 20
9.6
 10
1.1000000000000003
 20
9.6
  0
LINE
  5
3AB
330
17
100
AcDbEntity
  8
hatch
100
AcDbLine
 10
2.3878679656440354
 20
9.35
 30
0.0
 11
2.6
 21
9.562132034355965
 31
0.0
  0
LINE
  5
3AC
330
17
100
AcDbEntity
  8
hatch
100
AcDbLine
 10
2.1757359312880706
 20
9.349999999999998
 30
0.0
 11
2.4257359312880706
 21
9.599999999999998
 31
0.0
  0
LINE
  5
3AD
330
17
100
AcDbEntity
  8
hatch
100
AcDbLine
 10
1.9636038969321064
 20
9.35
 30
0.0
 11
2.2136038969321072
 21
9.6
 31
0.0
  0
LINE
  5
3AE
330
17
100
AcDbEntity
  8
hatch
100
AcDbLine
 10
1.7514718625761438
 20
9.35
 30
0.0
 11
2.001471862576143
 21
9.599999999999998
 31
0.0
  0
LINE
  5
3AF
330
17
100
AcDbEntity
  8
hatch
100
AcDbLine
 10
1.5393398282201787
 20
9.35
 30
0.0
 11
1.7893398282201787
 21
9.6
 31
0.0
  0
LINE
  5
3B0
330
17
100
AcDbEntity
  8
hatch
100
AcDbLine
 10
1.3272077938642148
 20
9.35
 30
0.0
 11
1.5772077938642148
 21
9.6
 31
0.0
  0
LINE
  5
3B1
330
17
100
AcDbEntity
  8
hatch
100
AcDbLine
 10
1.115075759508251
 20
9.35
 30
0.0
 11
1.36507575950825
 21
9.599999999999998
 31
0.0
  0
LINE
  5
3B2
330
17
100
AcDbEntity
  8
hatch
100
AcDbLine
 10
1.1000000000000005
 20
9.547056274847716
 30
0.0
 11
1.1529437251522854
 21
9.6
 31
0.0
  0
LINE
  5
3B3
330
17
100
AcDbEntity
  8
carpinteria
100
AcDbLine
 10
1.1000000000000003
 20
9.35
 30
0.0
 11
2.6
 21
9.35
 31
0.0
  0
LINE
  5
3B4
330
17
100
AcDbEntity
  8
carpinteria
100
AcDbLine
 10
1.1000000000000003
 20
9.6
 30
0.0
 11
2.6
 21
9.6
 31
0.0
  0
LINE
  5
3B5
330
17
100
AcDbEntity
  8
vidrio
100
AcDbLine
 10
1.1000000000000003
 20
9.475
 30
0.0
 11
2.6
 21
9.475
 31
0.0
  0
LINE
  5
3B6
330
17
100
AcDbEntity
  8
carpinteria
100
AcDbLine
 10
1.1000000000000003
 20
9.35
 30
0.0
 11
1.1000000000000003
 21
9.6
 31
0.0
  0
LINE
  5
3B7
330
17
100
AcDbEntity
  8
carpinteria
100
AcDbLine
 10
2.6
 20
9.35
 30
0.0
 11
2.6
 21
9.6
 31
0.0
  0
LWPOLYLINE
  5
3B8
330
17
100
AcDbEntity
  8
fondo
100
AcDbPolyline
 90
4
 70
1
 10
1.1000000000000003
 20
0.0
 10
2.6
 20
0.0
 10
2.6
 20
0.2500000000000007
 10
1.1000000000000003
 20
0.2500000000000007
  0
LINE
  5
3B9
330
17
100
AcDbEntity
  8
hatch
100
AcDbLine
 10
2.387867965644036
 20
2.220446049250313e-16
 30
0.0
 11
2.5999999999999996
 21
0.21213203435596406
 31
0.0
  0
LINE
  5
3BA
330
17
100
AcDbEntity
  8
hatch
100
AcDbLine
 10
2.1757359312880715
 20
0.0
 30
0.0
 11
2.425735931288072
 21
0.25000000000000044
 31
0.0
  0
LINE
  5
3BB
330
17
100
AcDbEntity
  8
hatch
100
AcDbLine
 10
1.9636038969321072
 20
0.0
 30
0.0
 11
2.213603896932108
 21
0.25000000000000067
 31
0.0
  0
LINE
  5
3BC
330
17
100
AcDbEntity
  8
hatch
100
AcDbLine
 10
1.751471862576143
 20
0.0
 30
0.0
 11
2.0014718625761434
 21
0.25000000000000044
 31
0.0
  0
LINE
  5
3BD
330
17
100
AcDbEntity
  8
hatch
100
AcDbLine
 10
1.5393398282201787
 20
1.1102230246251565e-16
 30
0.0
 11
1.7893398282201796
 21
0.25000000000000067
 31
0.0
  0
LINE
  5
3BE
330
17
100
AcDbEntity
  8
hatch
100
AcDbLine
 10
1.3272077938642146
 20
0.0
 30
0.0
 11
1.5772077938642153
 21
0.25000000000000067
 31
0.0
  0
LINE
  5
3BF
330
17
100
AcDbEntity
  8
hatch
100
AcDbLine
 10
1.11507575950825
 20
0.0
 30
0.0
 11
1.3650757595082508
 21
0.25000000000000067
 31
0.0
  0
LINE
  5
3C0
330
17
100
AcDbEntity
  8
hatch
100
AcDbLine
 10
1.1000000000000003
 20
0.19705627484771432
 30
0.0
 11
1.1529437251522867
 21
0.2500000000000007
 31
0.0
  0
LINE
  5
3C1
330
17
100
AcDbEntity
  8
carpinteria
100
AcDbLine
 10
1.1000000000000003
 20
0.0
 30
0.0
 11
2.6
 21
0.0
 31
0.0
  0
LINE
  5
3C2
330
17
100
AcDbEntity
  8
carpinteria
100
AcDbLine
 10
1.1000000000000003
 20
0.2500000000000007
 30
0.0
 11
2.6
 21
0.2500000000000007
 31
0.0
  0
LINE
  5
3C3
330
17
100
AcDbEntity
  8
vidrio
100
AcDbLine
 10
1.1000000000000003
 20
0.12499999999999928
 30
0.0
 11
2.6
 21
0.12499999999999928
 31
0.0
  0
LINE
  5
3C4
330
17
100
AcDbEntity
  8
carpinteria
100
AcDbLine
 10
1.1000000000000003
 20
0.0
 30
0.0
 11
1.1000000000000003
 21
0.2500000000000007
 31
0.0
  0
LINE
  5
3C5
330
17
100
AcDbEntity
  8
carpinteria
100
AcDbLine
 10
2.6
 20
0.0
 30
0.0
 11
2.6
 21
0.2500000000000007
 31
0.0
  0
LWPOLYLINE
  5
3C6
330
17
100
AcDbEntity
  8
fondo
100
AcDbPolyline
 90
4
 70
1
 10
4.45
 20
9.35
 10
5.95
 20
9.35
 10
5.95
 20
9.6
 10
4.45
 20
9.6
  0
LINE
  5
3C7
330
17
100
AcDbEntity
  8
hatch
100
AcDbLine
 10
5.737867965644036
 20
9.35
 30
0.0
 11
5.950000000000001
 21
9.562132034355963
 31
0.0
  0
LINE
  5
3C8
330
17
100
AcDbEntity
  8
hatch
100
AcDbLine
 10
5.525735931288072
 20
9.35
 30
0.0
 11
5.775735931288072
 21
9.599999999999998
 31
0.0
  0
LINE
  5
3C9
330
17
100
AcDbEntity
  8
hatch
100
AcDbLine
 10
5.313603896932108
 20
9.350000000000001
 30
0.0
 11
5.563603896932107
 21
9.6
 31
0.0
  0
LINE
  5
3CA
330
17
100
AcDbEntity
  8
hatch
100
AcDbLine
 10
5.101471862576143
 20
9.35
 30
0.0
 11
5.351471862576143
 21
9.6
 31
0.0
  0
LINE
  5
3CB
330
17
100
AcDbEntity
  8
hatch
100
AcDbLine
 10
4.889339828220179
 20
9.35
 30
0.0
 11
5.139339828220178
 21
9.6
 31
0.0
  0
LINE
  5
3CC
330
17
100
AcDbEntity
  8
hatch
100
AcDbLine
 10
4.6772077938642145
 20
9.35
 30
0.0
 11
4.9272077938642145
 21
9.6
 31
0.0
  0
LINE
  5
3CD
330
17
100
AcDbEntity
  8
hatch
100
AcDbLine
 10
4.465075759508251
 20
9.35
 30
0.0
 11
4.715075759508249
 21
9.599999999999998
 31
0.0
  0
LINE
  5
3CE
330
17
100
AcDbEntity
  8
hatch
100
AcDbLine
 10
4.45
 20
9.547056274847714
 30
0.0
 11
4.502943725152286
 21
9.6
 31
0.0
  0
LINE
  5
3CF
330
17
100
AcDbEntity
  8
carpinteria
100
AcDbLine
 10
4.45
 20
9.35
 30
0.0
 11
5.95
 21
9.35
 31
0.0
  0
LINE
  5
3D0
330
17
100
AcDbEntity
  8
carpinteria
100
AcDbLine
 10
4.45
 20
9.6
 30
0.0
 11
5.95
 21
9.6
 31
0.0
  0
LINE
  5
3D1
330
17
100
AcDbEntity
  8
vidrio
100
AcDbLine
 10
4.45
 20
9.475
 30
0.0
 11
5.95
 21
9.475
 31
0.0
  0
LINE
  5
3D2
330
17
100
AcDbEntity
  8
carpinteria
100
AcDbLine
 10
4.45
 20
9.35
 30
0.0
 11
4.45
 21
9.6
 31
0.0
  0
LINE
  5
3D3
330
17
100
AcDbEntity
  8
carpinteria
100
AcDbLine
 10
5.95
 20
9.35
 30
0.0
 11
5.95
 21
9.6
 31
0.0
  0
LWPOLYLINE
  5
3D4
330
17
100
AcDbEntity
  8
fondo
100
AcDbPolyline
 90
4
 70
1
 10
4.45
 20
0.0
 10
5.95
 20
0.0
 10
5.95
 20
0.2500000000000007
 10
4.45
 20
0.2500000000000007
  0
LINE
  5
3D5
330
17
100
AcDbEntity
  8
hatch
100
AcDbLine
 10
5.7378679656440355
 20
0.0
 30
0.0
 11
5.95
 21
0.21213203435596473
 31
0.0
  0
LINE
  5
3D6
330
17
100
AcDbEntity
  8
hatch
100
AcDbLine
 10
5.525735931288072
 20
4.440892098500626e-16
 30
0.0
 11
5.7757359312880725
 21
0.2500000000000009
 31
0.0
  0
LINE
  5
3D7
330
17
100
AcDbEntity
  8
hatch
100
AcDbLine
 10
5.313603896932107
 20
0.0
 30
0.0
 11
5.563603896932108
 21
0.2500000000000009
 31
0.0
  0
LINE
  5
3D8
330
17
100
AcDbEntity
  8
hatch
100
AcDbLine
 10
5.101471862576142
 20
-4.440892098500626e-16
 30
0.0
 11
5.351471862576144
 21
0.2500000000000009
 31
0.0
  0
LINE
  5
3D9
330
17
100
AcDbEntity
  8
hatch
100
AcDbLine
 10
4.889339828220178
 20
0.0
 30
0.0
 11
5.13933982822018
 21
0.25000000000000133
 31
0.0
  0
LINE
  5
3DA
330
17
100
AcDbEntity
  8
hatch
100
AcDbLine
 10
4.6772077938642145
 20
0.0
 30
0.0
 11
4.9272077938642145
 21
0.2500000000000009
 31
0.0
  0
LINE
  5
3DB
330
17
100
AcDbEntity
  8
hatch
100
AcDbLine
 10
4.465075759508251
 20
0.0
 30
0.0
 11
4.715075759508251
 21
0.25000000000000044
 31
0.0
  0
LINE
  5
3DC
330
17
100
AcDbEntity
  8
hatch
100
AcDbLine
 10
4.45
 20
0.1970562748477147
 30
0.0
 11
4.502943725152287
 21
0.25000000000000044
 31
0.0
  0
LINE
  5
3DD
330
17
100
AcDbEntity
  8
carpinteria
100
AcDbLine
 10
4.45
 20
0.0
 30
0.0
 11
5.95
 21
0.0
 31
0.0
  0
LINE
  5
3DE
330
17
100
AcDbEntity
  8
carpinteria
100
AcDbLine
 10
4.45
 20
0.2500000000000007
 30
0.0
 11
5.95
 21
0.2500000000000007
 31
0.0
  0
LINE
  5
3DF
330
17
100
AcDbEntity
  8
vidrio
100
AcDbLine
 10
4.45
 20
0.12499999999999928
 30
0.0
 11
5.95
 21
0.12499999999999928
 31
0.0
  0
LINE
  5
3E0
330
17
100
AcDbEntity
  8
carpinteria
100
AcDbLine
 10
4.45
 20
0.0
 30
0.0
 11
4.45
 21
0.2500000000000007
 31
0.0
  0
LINE
  5
3E1
330
17
100
AcDbEntity
  8
carpinteria
100
AcDbLine
 10
5.95
 20
0.0
 30
0.0
 11
5.95
 21
0.2500000000000007
 31
0.0
  0
LWPOLYLINE
  5
3E2
330
17
100
AcDbEntity
  8
fondo
100
AcDbPolyline
 90
4
 70
1
 10
7.8
 20
9.35
 10
9.299999999999999
 20
9.35
 10
9.299999999999999
 20
9.6
 10
7.8
 20
9.6
  0
LINE
  5
3E3
330
17
100
AcDbEntity
  8
hatch
100
AcDbLine
 10
9.087867965644033
 20
9.35
 30
0.0
 11
9.299999999999999
 21
9.562132034355965
 31
0.0
  0
LINE
  5
3E4
330
17
100
AcDbEntity
  8
hatch
100
AcDbLine
 10
8.87573593128807
 20
9.35
 30
0.0
 11
9.12573593128807
 21
9.6
 31
0.0
  0
LINE
  5
3E5
330
17
100
AcDbEntity
  8
hatch
100
AcDbLine
 10
8.663603896932106
 20
9.35
 30
0.0
 11
8.913603896932106
 21
9.6
 31
0.0
  0
LINE
  5
3E6
330
17
100
AcDbEntity
  8
hatch
100
AcDbLine
 10
8.451471862576142
 20
9.35
 30
0.0
 11
8.701471862576142
 21
9.6
 31
0.0
  0
LINE
  5
3E7
330
17
100
AcDbEntity
  8
hatch
100
AcDbLine
 10
8.239339828220178
 20
9.35
 30
0.0
 11
8.489339828220176
 21
9.6
 31
0.0
  0
LINE
  5
3E8
330
17
100
AcDbEntity
  8
hatch
100
AcDbLine
 10
8.027207793864212
 20
9.35
 30
0.0
 11
8.277207793864214
 21
9.6
 31
0.0
  0
LINE
  5
3E9
330
17
100
AcDbEntity
  8
hatch
100
AcDbLine
 10
7.815075759508248
 20
9.349999999999998
 30
0.0
 11
8.06507575950825
 21
9.6
 31
0.0
  0
LINE
  5
3EA
330
17
100
AcDbEntity
  8
hatch
100
AcDbLine
 10
7.800000000000002
 20
9.547056274847716
 30
0.0
 11
7.852943725152284
 21
9.6
 31
0.0
  0
LINE
  5
3EB
330
17
100
AcDbEntity
  8
carpinteria
100
AcDbLine
 10
7.8
 20
9.35
 30
0.0
 11
9.299999999999999
 21
9.35
 31
0.0
  0
LINE
  5
3EC
330
17
100
AcDbEntity
  8
carpinteria
100
AcDbLine
 10
7.8
 20
9.6
 30
0.0
 11
9.299999999999999
 21
9.6
 31
0.0
  0
LINE
  5
3ED
330
17
100
AcDbEntity
  8
vidrio
100
AcDbLine
 10
7.8
 20
9.475
 30
0.0
 11
9.299999999999999
 21
9.475
 31
0.0
  0
LINE
  5
3EE
330
17
100
AcDbEntity
  8
carpinteria
100
AcDbLine
 10
7.8
 20
9.35
 30
0.0
 11
7.8
 21
9.6
 31
0.0
  0
LINE
  5
3EF
330
17
100
AcDbEntity
  8
carpinteria
100
AcDbLine
 10
9.299999999999999
 20
9.35
 30
0.0
 11
9.299999999999999
 21
9.6
 31
0.0
  0
LWPOLYLINE
  5
3F0
330
17
100
AcDbEntity
  8
fondo
100
AcDbPolyline
 90
4
 70
1
 10
7.8
 20
0.0
 10
9.299999999999999
 20
0.0
 10
9.299999999999999
 20
0.2500000000000007
 10
7.8
 20
0.2500000000000007
  0
LINE
  5
3F1
330
17
100
AcDbEntity
  8
hatch
100
AcDbLine
 10
9.087867965644033
 20
0.0
 30
0.0
 11
9.299999999999997
 21
0.21213203435596473
 31
0.0
  0
LINE
  5
3F2
330
17
100
AcDbEntity
  8
hatch
100
AcDbLine
 10
8.87573593128807
 20
0.0
 30
0.0
 11
9.125735931288071
 21
0.2500000000000009
 31
0.0
  0
LINE
  5
3F3
330
17
100
AcDbEntity
  8
hatch
100
AcDbLine
 10
8.663603896932106
 20
0.0
 30
0.0
 11
8.913603896932106
 21
0.2500000000000009
 31
0.0
  0
LINE
  5
3F4
330
17
100
AcDbEntity
  8
hatch
100
AcDbLine
 10
8.451471862576142
 20
0.0
 30
0.0
 11
8.701471862576142
 21
0.2500000000000009
 31
0.0
  0
LINE
  5
3F5
330
17
100
AcDbEntity
  8
hatch
100
AcDbLine
 10
8.239339828220178
 20
0.0
 30
0.0
 11
8.489339828220178
 21
0.25
 31
0.0
  0
LINE
  5
3F6
330
17
100
AcDbEntity
  8
hatch
100
AcDbLine
 10
8.027207793864214
 20
0.0
 30
0.0
 11
8.277207793864214
 21
0.2500000000000009
 31
0.0
  0
LINE
  5
3F7
330
17
100
AcDbEntity
  8
hatch
100
AcDbLine
 10
7.8150757595082485
 20
0.0
 30
0.0
 11
8.06507575950825
 21
0.25000000000000044
 31
0.0
  0
LINE
  5
3F8
330
17
100
AcDbEntity
  8
hatch
100
AcDbLine
 10
7.800000000000001
 20
0.19705627484771604
 30
0.0
 11
7.852943725152285
 21
0.25000000000000133
 31
0.0
  0
LINE
  5
3F9
330
17
100
AcDbEntity
  8
carpinteria
100
AcDbLine
 10
7.8
 20
0.0
 30
0.0
 11
9.299999999999999
 21
0.0
 31
0.0
  0
LINE
  5
3FA
330
17
100
AcDbEntity
  8
carpinteria
100
AcDbLine
 10
7.8
 20
0.2500000000000007
 30
0.0
 11
9.299999999999999
 21
0.2500000000000007
 31
0.0
  0
LINE
  5
3FB
330
17
100
AcDbEntity
  8
vidrio
100
AcDbLine
 10
7.8
 20
0.12499999999999928
 30
0.0
 11
9.299999999999999
 21
0.12499999999999928
 31
0.0
  0
LINE
  5
3FC
330
17
100
AcDbEntity
  8
carpinteria
100
AcDbLine
 10
7.8
 20
0.0
 30
0.0
 11
7.8
 21
0.2500000000000007
 31
0.0
  0
LINE
  5
3FD
330
17
100
AcDbEntity
  8
carpinteria
100
AcDbLine
 10
9.299999999999999
 20
0.0
 30
0.0
 11
9.299999999999999
 21
0.2500000000000007
 31
0.0
  0
LWPOLYLINE
  5
3FE
330
17
100
AcDbEntity
  8
fondo
100
AcDbPolyline
 90
4
 70
1
 10
11.15
 20
9.35
 10
12.65
 20
9.35
 10
12.65
 20
9.6
 10
11.15
 20
9.6
  0
LINE
  5
3FF
330
17
100
AcDbEntity
  8
hatch
100
AcDbLine
 10
12.437867965644037
 20
9.349999999999998
 30
0.0
 11
12.65
 21
9.562132034355963
 31
0.0
  0
LINE
  5
400
330
17
100
AcDbEntity
  8
hatch
100
AcDbLine
 10
12.225735931288071
 20
9.349999999999998
 30
0.0
 11
12.475735931288071
 21
9.599999999999998
 31
0.0
  0
LINE
  5
401
330
17
100
AcDbEntity
  8
hatch
100
AcDbLine
 10
12.013603896932107
 20
9.349999999999998
 30
0.0
 11
12.263603896932107
 21
9.599999999999998
 31
0.0
  0
LINE
  5
402
330
17
100
AcDbEntity
  8
hatch
100
AcDbLine
 10
11.801471862576143
 20
9.35
 30
0.0
 11
12.051471862576143
 21
9.6
 31
0.0
  0
LINE
  5
403
330
17
100
AcDbEntity
  8
hatch
100
AcDbLine
 10
11.58933982822018
 20
9.35
 30
0.0
 11
11.839339828220178
 21
9.599999999999998
 31
0.0
  0
LINE
  5
404
330
17
100
AcDbEntity
  8
hatch
100
AcDbLine
 10
11.377207793864216
 20
9.35
 30
0.0
 11
11.627207793864216
 21
9.6
 31
0.0
  0
LINE
  5
405
330
17
100
AcDbEntity
  8
hatch
100
AcDbLine
 10
11.165075759508252
 20
9.35
 30
0.0
 11
11.415075759508252
 21
9.6
 31
0.0
  0
LINE
  5
406
330
17
100
AcDbEntity
  8
hatch
100
AcDbLine
 10
11.15
 20
9.547056274847712
 30
0.0
 11
11.202943725152286
 21
9.599999999999998
 31
0.0
  0
LINE
  5
407
330
17
100
AcDbEntity
  8
carpinteria
100
AcDbLine
 10
11.15
 20
9.35
 30
0.0
 11
12.65
 21
9.35
 31
0.0
  0
LINE
  5
408
330
17
100
AcDbEntity
  8
carpinteria
100
AcDbLine
 10
11.15
 20
9.6
 30
0.0
 11
12.65
 21
9.6
 31
0.0
  0
LINE
  5
409
330
17
100
AcDbEntity
  8
vidrio
100
AcDbLine
 10
11.15
 20
9.475
 30
0.0
 11
12.65
 21
9.475
 31
0.0
  0
LINE
  5
40A
330
17
100
AcDbEntity
  8
carpinteria
100
AcDbLine
 10
11.15
 20
9.35
 30
0.0
 11
11.15
 21
9.6
 31
0.0
  0
LINE
  5
40B
330
17
100
AcDbEntity
  8
carpinteria
100
AcDbLine
 10
12.65
 20
9.35
 30
0.0
 11
12.65
 21
9.6
 31
0.0
  0
LWPOLYLINE
  5
40C
330
17
100
AcDbEntity
  8
fondo
100
AcDbPolyline
 90
4
 70
1
 10
11.15
 20
0.0
 10
12.65
 20
0.0
 10
12.65
 20
0.2500000000000007
 10
11.15
 20
0.2500000000000007
  0
LINE
  5
40D
330
17
100
AcDbEntity
  8
hatch
100
AcDbLine
 10
12.437867965644035
 20
-8.881784197001252e-16
 30
0.0
 11
12.65
 21
0.21213203435596384
 31
0.0
  0
LINE
  5
40E
330
17
100
AcDbEntity
  8
hatch
100
AcDbLine
 10
12.225735931288071
 20
-8.881784197001252e-16
 30
0.0
 11
12.475735931288071
 21
0.2499999999999991
 31
0.0
  0
LINE
  5
40F
330
17
100
AcDbEntity
  8
hatch
100
AcDbLine
 10
12.013603896932107
 20
-8.881784197001252e-16
 30
0.0
 11
12.263603896932107
 21
0.2499999999999991
 31
0.0
  0
LINE
  5
410
330
17
100
AcDbEntity
  8
hatch
100
AcDbLine
 10
11.801471862576143
 20
-8.881784197001252e-16
 30
0.0
 11
12.051471862576143
 21
0.24999999999999822
 31
0.0
  0
LINE
  5
411
330
17
100
AcDbEntity
  8
hatch
100
AcDbLine
 10
11.58933982822018
 20
-8.881784197001252e-16
 30
0.0
 11
11.83933982822018
 21
0.25
 31
0.0
  0
LINE
  5
412
330
17
100
AcDbEntity
  8
hatch
100
AcDbLine
 10
11.377207793864216
 20
-8.881784197001252e-16
 30
0.0
 11
11.627207793864216
 21
0.2499999999999991
 31
0.0
  0
LINE
  5
413
330
17
100
AcDbEntity
  8
hatch
100
AcDbLine
 10
11.165075759508252
 20
0.0
 30
0.0
 11
11.415075759508252
 21
0.2499999999999991
 31
0.0
  0
LINE
  5
414
330
17
100
AcDbEntity
  8
hatch
100
AcDbLine
 10
11.149999999999999
 20
0.19705627484771338
 30
0.0
 11
11.202943725152288
 21
0.2500000000000009
 31
0.0
  0
LINE
  5
415
330
17
100
AcDbEntity
  8
carpinteria
100
AcDbLine
 10
11.15
 20
0.0
 30
0.0
 11
12.65
 21
0.0
 31
0.0
  0
LINE
  5
416
330
17
100
AcDbEntity
  8
carpinteria
100
AcDbLine
 10
11.15
 20
0.2500000000000007
 30
0.0
 11
12.65
 21
0.2500000000000007
 31
0.0
  0
LINE
  5
417
330
17
100
AcDbEntity
  8
vidrio
100
AcDbLine
 10
11.15
 20
0.12499999999999928
 30
0.0
 11
12.65
 21
0.12499999999999928
 31
0.0
  0
LINE
  5
418
330
17
100
AcDbEntity
  8
carpinteria
100
AcDbLine
 10
11.15
 20
0.0
 30
0.0
 11
11.15
 21
0.2500000000000007
 31
0.0
  0
LINE
  5
419
330
17
100
AcDbEntity
  8
carpinteria
100
AcDbLine
 10
12.65
 20
0.0
 30
0.0
 11
12.65
 21
0.2500000000000007
 31
0.0
  0
LWPOLYLINE
  5
41A
330
17
100
AcDbEntity
  8
fondo
100
AcDbPolyline
 90
4
 70
1
 10
14.399999999999999
 20
9.35
 10
14.9
 20
9.35
 10
14.9
 20
9.6
 10
14.399999999999999
 20
9.6
  0
LINE
  5
41B
330
17
100
AcDbEntity
  8
hatch
100
AcDbLine
 10
14.687867965644037
 20
9.350000000000001
 30
0.0
 11
14.899999999999999
 21
9.562132034355963
 31
0.0
  0
LINE
  5
41C
330
17
100
AcDbEntity
  8
hatch
100
AcDbLine
 10
14.475735931288073
 20
9.350000000000001
 30
0.0
 11
14.725735931288071
 21
9.6
 31
0.0
  0
LINE
  5
41D
330
17
100
AcDbEntity
  8
hatch
100
AcDbLine
 10
14.399999999999999
 20
9.486396103067891
 30
0.0
 11
14.513603896932107
 21
9.6
 31
0.0
  0
LINE
  5
41E
330
17
100
AcDbEntity
  8
carpinteria
100
AcDbLine
 10
14.399999999999999
 20
9.35
 30
0.0
 11
14.9
 21
9.35
 31
0.0
  0
LINE
  5
41F
330
17
100
AcDbEntity
  8
carpinteria
100
AcDbLine
 10
14.399999999999999
 20
9.6
 30
0.0
 11
14.9
 21
9.6
 31
0.0
  0
LINE
  5
420
330
17
100
AcDbEntity
  8
vidrio
100
AcDbLine
 10
14.399999999999999
 20
9.475
 30
0.0
 11
14.9
 21
9.475
 31
0.0
  0
LINE
  5
421
330
17
100
AcDbEntity
  8
carpinteria
100
AcDbLine
 10
14.399999999999999
 20
9.35
 30
0.0
 11
14.399999999999999
 21
9.6
 31
0.0
  0
LINE
  5
422
330
17
100
AcDbEntity
  8
carpinteria
100
AcDbLine
 10
14.9
 20
9.35
 30
0.0
 11
14.9
 21
9.6
 31
0.0
  0
LWPOLYLINE
  5
423
330
17
100
AcDbEntity
  8
fondo
100
AcDbPolyline
 90
4
 70
1
 10
14.399999999999999
 20
0.0
 10
14.9
 20
0.0
 10
14.9
 20
0.2500000000000007
 10
14.399999999999999
 20
0.2500000000000007
  0
LINE
  5
424
330
17
100
AcDbEntity
  8
hatch
100
AcDbLine
 10
14.687867965644035
 20
0.0
 30
0.0
 11
14.899999999999999
 21
0.21213203435596473
 31
0.0
  0
LINE
  5
425
330
17
100
AcDbEntity
  8
hatch
100
AcDbLine
 10
14.475735931288071
 20
0.0
 30
0.0
 11
14.72573593128807
 21
0.25
 31
0.0
  0
LINE
  5
426
330
17
100
AcDbEntity
  8
hatch
100
AcDbLine
 10
14.399999999999999
 20
0.13639610306789063
 30
0.0
 11
14.513603896932107
 21
0.25
 31
0.0
  0
LINE
  5
427
330
17
100
AcDbEntity
  8
carpinteria
100
AcDbLine
 10
14.399999999999999
 20
0.0
 30
0.0
 11
14.9
 21
0.0
 31
0.0
  0
LINE
  5
428
330
17
100
AcDbEntity
  8
carpinteria
100
AcDbLine
 10
14.399999999999999
 20
0.2500000000000007
 30
0.0
 11
14.9
 21
0.2500000000000007
 31
0.0
  0
LINE
  5
429
330
17
100
AcDbEntity
  8
vidrio
100
AcDbLine
 10
14.399999999999999
 20
0.12499999999999928
 30
0.0
 11
14.9
 21
0.12499999999999928
 31
0.0
  0
LINE
  5
42A
330
17
100
AcDbEntity
  8
carpinteria
100
AcDbLine
 10
14.399999999999999
 20
0.0
 30
0.0
 11
14.399999999999999
 21
0.2500000000000007
 31
0.0
  0
LINE
  5
42B
330
17
100
AcDbEntity
  8
carpinteria
100
AcDbLine
 10
14.9
 20
0.0
 30
0.0
 11
14.9
 21
0.2500000000000007
 31
0.0
  0
LWPOLYLINE
  5
42C
330
17
100
AcDbEntity
  8
fondo
100
AcDbPolyline
 90
4
 70
1
 10
17.75
 20
9.35
 10
18.950000000000006
 20
9.35
 10
18.950000000000006
 20
9.6
 10
17.75
 20
9.6
  0
LINE
  5
42D
330
17
100
AcDbEntity
  8
hatch
100
AcDbLine
 10
18.737867965644043
 20
9.350000000000001
 30
0.0
 11
18.950000000000006
 21
9.562132034355963
 31
0.0
  0
LINE
  5
42E
330
17
100
AcDbEntity
  8
hatch
100
AcDbLine
 10
18.52573593128808
 20
9.35
 30
0.0
 11
18.77573593128808
 21
9.6
 31
0.0
  0
LINE
  5
42F
330
17
100
AcDbEntity
  8
hatch
100
AcDbLine
 10
18.313603896932115
 20
9.350000000000001
 30
0.0
 11
18.56360389693211
 21
9.599999999999998
 31
0.0
  0
LINE
  5
430
330
17
100
AcDbEntity
  8
hatch
100
AcDbLine
 10
18.10147186257615
 20
9.35
 30
0.0
 11
18.35147186257615
 21
9.599999999999998
 31
0.0
  0
LINE
  5
431
330
17
100
AcDbEntity
  8
hatch
100
AcDbLine
 10
17.889339828220187
 20
9.350000000000001
 30
0.0
 11
18.139339828220184
 21
9.599999999999998
 31
0.0
  0
LINE
  5
432
330
17
100
AcDbEntity
  8
hatch
100
AcDbLine
 10
17.75
 20
9.422792206135778
 30
0.0
 11
17.92720779386422
 21
9.599999999999998
 31
0.0
  0
LINE
  5
433
330
17
100
AcDbEntity
  8
carpinteria
100
AcDbLine
 10
17.75
 20
9.35
 30
0.0
 11
18.950000000000006
 21
9.35
 31
0.0
  0
LINE
  5
434
330
17
100
AcDbEntity
  8
carpinteria
100
AcDbLine
 10
17.75
 20
9.6
 30
0.0
 11
18.950000000000006
 21
9.6
 31
0.0
  0
LINE
  5
435
330
17
100
AcDbEntity
  8
vidrio
100
AcDbLine
 10
17.75
 20
9.475
 30
0.0
 11
18.950000000000006
 21
9.475
 31
0.0
  0
LINE
  5
436
330
17
100
AcDbEntity
  8
carpinteria
100
AcDbLine
 10
17.75
 20
9.35
 30
0.0
 11
17.75
 21
9.6
 31
0.0
  0
LINE
  5
437
330
17
100
AcDbEntity
  8
carpinteria
100
AcDbLine
 10
18.950000000000006
 20
9.35
 30
0.0
 11
18.950000000000006
 21
9.6
 31
0.0
  0
LWPOLYLINE
  5
438
330
17
100
AcDbEntity
  8
fondo
100
AcDbPolyline
 90
4
 70
1
 10
23.75
 20
1.5499999999999992
 10
24.0
 20
1.5499999999999992
 10
24.0
 20
2.4500000000000015
 10
23.75
 20
2.4500000000000015
  0
LINE
  5
439
330
17
100
AcDbEntity
  8
hatch
100
AcDbLine
 10
23.787867965644033
 20
1.549999999999999
 30
0.0
 11
24.0
 21
1.7621320343559663
 31
0.0
  0
LINE
  5
43A
330
17
100
AcDbEntity
  8
hatch
100
AcDbLine
 10
23.75
 20
1.7242640687119266
 30
0.0
 11
24.0
 21
1.9742640687119284
 31
0.0
  0
LINE
  5
43B
330
17
100
AcDbEntity
  8
hatch
100
AcDbLine
 10
23.75
 20
1.9363961030678905
 30
0.0
 11
24.0
 21
2.1863961030678922
 31
0.0
  0
LINE
  5
43C
330
17
100
AcDbEntity
  8
hatch
100
AcDbLine
 10
23.749999999999996
 20
2.1485281374238525
 30
0.0
 11
24.0
 21
2.3985281374238543
 31
0.0
  0
LINE
  5
43D
330
17
100
AcDbEntity
  8
hatch
100
AcDbLine
 10
23.75
 20
2.360660171779818
 30
0.0
 11
23.839339828220183
 21
2.450000000000003
 31
0.0
  0
LINE
  5
43E
330
17
100
AcDbEntity
  8
carpinteria
100
AcDbLine
 10
23.75
 20
1.5499999999999992
 30
0.0
 11
23.75
 21
2.4500000000000015
 31
0.0
  0
LINE
  5
43F
330
17
100
AcDbEntity
  8
carpinteria
100
AcDbLine
 10
24.0
 20
1.5499999999999992
 30
0.0
 11
24.0
 21
2.4500000000000015
 31
0.0
  0
LINE
  5
440
330
17
100
AcDbEntity
  8
vidrio
100
AcDbLine
 10
23.875000000000004
 20
1.5499999999999992
 30
0.0
 11
23.875000000000004
 21
2.4500000000000015
 31
0.0
  0
LINE
  5
441
330
17
100
AcDbEntity
  8
carpinteria
100
AcDbLine
 10
23.75
 20
1.5499999999999992
 30
0.0
 11
24.0
 21
1.5499999999999992
 31
0.0
  0
LINE
  5
442
330
17
100
AcDbEntity
  8
carpinteria
100
AcDbLine
 10
23.75
 20
2.4500000000000015
 30
0.0
 11
24.0
 21
2.4500000000000015
 31
0.0
  0
LWPOLYLINE
  5
443
330
17
100
AcDbEntity
  8
fondo
100
AcDbPolyline
 90
4
 70
1
 10
23.75
 20
6.800000000000001
 10
24.0
 20
6.800000000000001
 10
24.0
 20
8.3
 10
23.75
 20
8.3
  0
LINE
  5
444
330
17
100
AcDbEntity
  8
hatch
100
AcDbLine
 10
23.787867965644033
 20
6.800000000000001
 30
0.0
 11
24.0
 21
7.012132034355966
 31
0.0
  0
LINE
  5
445
330
17
100
AcDbEntity
  8
hatch
100
AcDbLine
 10
23.75
 20
6.97426406871193
 30
0.0
 11
24.0
 21
7.224264068711932
 31
0.0
  0
LINE
  5
446
330
17
100
AcDbEntity
  8
hatch
100
AcDbLine
 10
23.75
 20
7.186396103067892
 30
0.0
 11
24.0
 21
7.436396103067894
 31
0.0
  0
LINE
  5
447
330
17
100
AcDbEntity
  8
hatch
100
AcDbLine
 10
23.749999999999996
 20
7.398528137423856
 30
0.0
 11
24.0
 21
7.648528137423858
 31
0.0
  0
LINE
  5
448
330
17
100
AcDbEntity
  8
hatch
100
AcDbLine
 10
23.75
 20
7.610660171779822
 30
0.0
 11
24.0
 21
7.8606601717798235
 31
0.0
  0
LINE
  5
449
330
17
100
AcDbEntity
  8
hatch
100
AcDbLine
 10
23.75
 20
7.822792206135785
 30
0.0
 11
24.0
 21
8.072792206135787
 31
0.0
  0
LINE
  5
44A
330
17
100
AcDbEntity
  8
hatch
100
AcDbLine
 10
23.75
 20
8.034924240491751
 30
0.0
 11
24.0
 21
8.284924240491755
 31
0.0
  0
LINE
  5
44B
330
17
100
AcDbEntity
  8
hatch
100
AcDbLine
 10
23.75
 20
8.247056274847713
 30
0.0
 11
23.802943725152282
 21
8.299999999999997
 31
0.0
  0
LINE
  5
44C
330
17
100
AcDbEntity
  8
carpinteria
100
AcDbLine
 10
23.75
 20
6.800000000000001
 30
0.0
 11
23.75
 21
8.3
 31
0.0
  0
LINE
  5
44D
330
17
100
AcDbEntity
  8
carpinteria
100
AcDbLine
 10
24.0
 20
6.800000000000001
 30
0.0
 11
24.0
 21
8.3
 31
0.0
  0
LINE
  5
44E
330
17
100
AcDbEntity
  8
vidrio
100
AcDbLine
 10
23.875000000000004
 20
6.800000000000001
 30
0.0
 11
23.875000000000004
 21
8.3
 31
0.0
  0
LINE
  5
44F
330
17
100
AcDbEntity
  8
carpinteria
100
AcDbLine
 10
23.75
 20
6.800000000000001
 30
0.0
 11
24.0
 21
6.800000000000001
 31
0.0
  0
LINE
  5
450
330
17
100
AcDbEntity
  8
carpinteria
100
AcDbLine
 10
23.75
 20
8.3
 30
0.0
 11
24.0
 21
8.3
 31
0.0
  0
LWPOLYLINE
  5
451
330
17
100
AcDbEntity
  8
fondo
100
AcDbPolyline
 90
4
 70
1
 10
0.0
 20
1.3999999999999992
 10
0.24999999999999964
 20
1.3999999999999992
 10
0.24999999999999964
 20
2.6000000000000014
 10
0.0
 20
2.6000000000000014
  0
LINE
  5
452
330
17
100
AcDbEntity
  8
hatch
100
AcDbLine
 10
0.037867965644035384
 20
1.399999999999999
 30
0.0
 11
0.24999999999999956
 21
1.6121320343559633
 31
0.0
  0
LINE
  5
453
330
17
100
AcDbEntity
  8
hatch
100
AcDbLine
 10
0.0
 20
1.574264068711928
 30
0.0
 11
0.24999999999999956
 21
1.8242640687119276
 31
0.0
  0
LINE
  5
454
330
17
100
AcDbEntity
  8
hatch
100
AcDbLine
 10
0.0
 20
1.7863961030678923
 30
0.0
 11
0.24999999999999967
 21
2.036396103067892
 31
0.0
  0
LINE
  5
455
330
17
100
AcDbEntity
  8
hatch
100
AcDbLine
 10
0.0
 20
1.9985281374238566
 30
0.0
 11
0.24999999999999978
 21
2.248528137423856
 31
0.0
  0
LINE
  5
456
330
17
100
AcDbEntity
  8
hatch
100
AcDbLine
 10
0.0
 20
2.2106601717798204
 30
0.0
 11
0.24999999999999956
 21
2.4606601717798204
 31
0.0
  0
LINE
  5
457
330
17
100
AcDbEntity
  8
hatch
100
AcDbLine
 10
0.0
 20
2.422792206135785
 30
0.0
 11
0.17720779386421648
 21
2.6000000000000014
 31
0.0
  0
LINE
  5
458
330
17
100
AcDbEntity
  8
carpinteria
100
AcDbLine
 10
0.0
 20
1.3999999999999992
 30
0.0
 11
0.0
 21
2.6000000000000014
 31
0.0
  0
LINE
  5
459
330
17
100
AcDbEntity
  8
carpinteria
100
AcDbLine
 10
0.24999999999999964
 20
1.3999999999999992
 30
0.0
 11
0.24999999999999964
 21
2.6000000000000014
 31
0.0
  0
LINE
  5
45A
330
17
100
AcDbEntity
  8
vidrio
100
AcDbLine
 10
0.12500000000000036
 20
1.3999999999999992
 30
0.0
 11
0.12500000000000036
 21
2.6000000000000014
 31
0.0
  0
LINE
  5
45B
330
17
100
AcDbEntity
  8
carpinteria
100
AcDbLine
 10
0.0
 20
1.3999999999999992
 30
0.0
 11
0.24999999999999964
 21
1.3999999999999992
 31
0.0
  0
LINE
  5
45C
330
17
100
AcDbEntity
  8
carpinteria
100
AcDbLine
 10
0.0
 20
2.6000000000000014
 30
0.0
 11
0.24999999999999964
 21
2.6000000000000014
 31
0.0
  0
LWPOLYLINE
  5
45D
330
17
100
AcDbEntity
  8
fondo
100
AcDbPolyline
 90
4
 70
1
 10
0.0
 20
6.950000000000001
 10
0.24999999999999964
 20
6.950000000000001
 10
0.24999999999999964
 20
8.15
 10
0.0
 20
8.15
  0
LINE
  5
45E
330
17
100
AcDbEntity
  8
hatch
100
AcDbLine
 10
0.03786796564403483
 20
6.950000000000001
 30
0.0
 11
0.24999999999999956
 21
7.162132034355965
 31
0.0
  0
LINE
  5
45F
330
17
100
AcDbEntity
  8
hatch
100
AcDbLine
 10
0.0
 20
7.124264068711929
 30
0.0
 11
0.24999999999999956
 21
7.374264068711929
 31
0.0
  0
LINE
  5
460
330
17
100
AcDbEntity
  8
hatch
100
AcDbLine
 10
0.0
 20
7.336396103067894
 30
0.0
 11
0.24999999999999956
 21
7.5863961030678935
 31
0.0
  0
LINE
  5
461
330
17
100
AcDbEntity
  8
hatch
100
AcDbLine
 10
0.0
 20
7.548528137423858
 30
0.0
 11
0.24999999999999956
 21
7.798528137423856
 31
0.0
  0
LINE
  5
462
330
17
100
AcDbEntity
  8
hatch
100
AcDbLine
 10
0.0
 20
7.760660171779822
 30
0.0
 11
0.25
 21
8.010660171779822
 31
0.0
  0
LINE
  5
463
330
17
100
AcDbEntity
  8
hatch
100
AcDbLine
 10
0.0
 20
7.972792206135788
 30
0.0
 11
0.17720779386421404
 21
8.15
 31
0.0
  0
LINE
  5
464
330
17
100
AcDbEntity
  8
carpinteria
100
AcDbLine
 10
0.0
 20
6.950000000000001
 30
0.0
 11
0.0
 21
8.15
 31
0.0
  0
LINE
  5
465
330
17
100
AcDbEntity
  8
carpinteria
100
AcDbLine
 10
0.24999999999999964
 20
6.950000000000001
 30
0.0
 11
0.24999999999999964
 21
8.15
 31
0.0
  0
LINE
  5
466
330
17
100
AcDbEntity
  8
vidrio
100
AcDbLine
 10
0.12500000000000036
 20
6.950000000000001
 30
0.0
 11
0.12500000000000036
 21
8.15
 31
0.0
  0
LINE
  5
467
330
17
100
AcDbEntity
  8
carpinteria
100
AcDbLine
 10
0.0
 20
6.950000000000001
 30
0.0
 11
0.24999999999999964
 21
6.950000000000001
 31
0.0
  0
LINE
  5
468
330
17
100
AcDbEntity
  8
carpinteria
100
AcDbLine
 10
0.0
 20
8.15
 30
0.0
 11
0.24999999999999964
 21
8.15
 31
0.0
  0
LWPOLYLINE
  5
469
330
17
100
AcDbEntity
  8
fondo
100
AcDbPolyline
 90
4
 70
1
 10
17.450000000000006
 20
0.0
 10
19.25
 20
0.0
 10
19.25
 20
0.2500000000000007
 10
17.450000000000006
 20
0.2500000000000007
  0
LINE
  5
46A
330
17
100
AcDbEntity
  8
hatch
100
AcDbLine
 10
19.037867965644033
 20
1.7763568394002505e-15
 30
0.0
 11
19.25
 21
0.21213203435596562
 31
0.0
  0
LINE
  5
46B
330
17
100
AcDbEntity
  8
hatch
100
AcDbLine
 10
18.82573593128807
 20
1.7763568394002505e-15
 30
0.0
 11
19.07573593128807
 21
0.25
 31
0.0
  0
LINE
  5
46C
330
17
100
AcDbEntity
  8
hatch
100
AcDbLine
 10
18.61360389693211
 20
1.7763568394002505e-15
 30
0.0
 11
18.86360389693211
 21
0.2500000000000018
 31
0.0
  0
LINE
  5
46D
330
17
100
AcDbEntity
  8
hatch
100
AcDbLine
 10
18.401471862576145
 20
1.7763568394002505e-15
 30
0.0
 11
18.65147186257614
 21
0.2500000000000018
 31
0.0
  0
LINE
  5
46E
330
17
100
AcDbEntity
  8
hatch
100
AcDbLine
 10
18.189339828220177
 20
0.0
 30
0.0
 11
18.439339828220177
 21
0.25
 31
0.0
  0
LINE
  5
46F
330
17
100
AcDbEntity
  8
hatch
100
AcDbLine
 10
17.97720779386421
 20
0.0
 30
0.0
 11
18.227207793864213
 21
0.25
 31
0.0
  0
LINE
  5
470
330
17
100
AcDbEntity
  8
hatch
100
AcDbLine
 10
17.76507575950825
 20
0.0
 30
0.0
 11
18.01507575950825
 21
0.25
 31
0.0
  0
LINE
  5
471
330
17
100
AcDbEntity
  8
hatch
100
AcDbLine
 10
17.552943725152286
 20
0.0
 30
0.0
 11
17.802943725152282
 21
0.25
 31
0.0
  0
LINE
  5
472
330
17
100
AcDbEntity
  8
hatch
100
AcDbLine
 10
17.450000000000006
 20
0.10918830920368627
 30
0.0
 11
17.590811690796322
 21
0.24999999999999822
 31
0.0
  0
LINE
  5
473
330
17
100
AcDbEntity
  8
carpinteria
100
AcDbLine
 10
17.449999999999996
 20
0.12499999999999928
 30
0.0
 11
18.349999999999998
 21
1.0249999999999992
 31
0.0
  0
LWPOLYLINE
  5
474
330
17
100
AcDbEntity
  8
carpinteria
100
AcDbPolyline
 90
15
 70
0
 10
18.349999999999998
 20
1.0249999999999992
 10
18.44510901739689
 20
0.9185729604109418
 10
18.527703961524317
 20
0.8021662804029588
 10
18.59674615303718
 20
0.6772438415178811
 10
18.651367346317976
 20
0.5453766159063747
 10
18.690880648169255
 20
0.40822291044165265
 10
18.714789155894085
 20
0.2675075125483666
 10
18.722792206135782
 20
0.12500000000000142
 10
18.714789155894085
 20
-0.017507512548365866
 10
18.69088064816926
 20
-0.15822291044165196
 10
18.651367346317976
 20
-0.295376615906374
 10
18.59674615303718
 20
-0.4272438415178783
 10
18.527703961524328
 20
-0.552166280402956
 10
18.44510901739689
 20
-0.6685729604109412
 10
18.349999999999998
 20
-0.7749999999999986
  0
LINE
  5
475
330
17
100
AcDbEntity
  8
carpinteria
100
AcDbLine
 10
17.449999999999996
 20
0.12499999999999928
 30
0.0
 11
17.449999999999996
 21
0.12499999999999928
 31
0.0
  0
LINE
  5
476
330
17
100
AcDbEntity
  8
carpinteria
100
AcDbLine
 10
19.25
 20
0.12499999999999928
 30
0.0
 11
18.35
 21
1.0249999999999992
 31
0.0
  0
LWPOLYLINE
  5
477
330
17
100
AcDbEntity
  8
carpinteria
100
AcDbPolyline
 90
15
 70
0
 10
18.35
 20
1.0249999999999992
 10
18.254890982603104
 20
0.9185729604109418
 10
18.17229603847568
 20
0.8021662804029588
 10
18.10325384696282
 20
0.6772438415178811
 10
18.04863265368202
 20
0.5453766159063747
 10
18.00911935183074
 20
0.40822291044165265
 10
17.98521084410591
 20
0.2675075125483666
 10
17.977207793864217
 20
0.12500000000000142
 10
17.98521084410591
 20
-0.017507512548365866
 10
18.00911935183074
 20
-0.15822291044165196
 10
18.04863265368202
 20
-0.295376615906374
 10
18.10325384696282
 20
-0.4272438415178783
 10
18.172296038475675
 20
-0.552166280402956
 10
18.254890982603104
 20
-0.6685729604109412
 10
18.35
 20
-0.7749999999999986
  0
LINE
  5
478
330
17
100
AcDbEntity
  8
carpinteria
100
AcDbLine
 10
19.25
 20
0.12499999999999928
 30
0.0
 11
19.25
 21
0.12499999999999928
 31
0.0
  0
LWPOLYLINE
  5
479
330
17
100
AcDbEntity
  8
fondo
100
AcDbPolyline
 90
4
 70
1
 10
1.4000000000000004
 20
3.799999999999999
 10
2.3000000000000003
 20
3.799999999999999
 10
2.3000000000000003
 20
3.950000000000001
 10
1.4000000000000004
 20
3.950000000000001
  0
LINE
  5
47A
330
17
100
AcDbEntity
  8
hatch
100
AcDbLine
 10
2.087867965644036
 20
3.799999999999999
 30
0.0
 11
2.237867965644038
 21
3.950000000000001
 31
0.0
  0
LINE
  5
47B
330
17
100
AcDbEntity
  8
hatch
100
AcDbLine
 10
1.8757359312880717
 20
3.799999999999999
 30
0.0
 11
2.0257359312880743
 21
3.9500000000000015
 31
0.0
  0
LINE
  5
47C
330
17
100
AcDbEntity
  8
hatch
100
AcDbLine
 10
1.6636038969321072
 20
3.799999999999999
 30
0.0
 11
1.8136038969321098
 21
3.950000000000001
 31
0.0
  0
LINE
  5
47D
330
17
100
AcDbEntity
  8
hatch
100
AcDbLine
 10
1.4514718625761434
 20
3.799999999999999
 30
0.0
 11
1.6014718625761455
 21
3.950000000000001
 31
0.0
  0
LINE
  5
47E
330
17
100
AcDbEntity
  8
carpinteria
100
AcDbLine
 10
1.4000000000000004
 20
3.8750000000000013
 30
0.0
 11
1.4000000000000004
 21
2.9750000000000014
 31
0.0
  0
LWPOLYLINE
  5
47F
330
17
100
AcDbEntity
  8
carpinteria
100
AcDbPolyline
 90
15
 70
0
 10
1.4000000000000004
 20
2.9750000000000014
 10
1.2992319715070233
 20
2.980659011096082
 10
1.1997311594393174
 20
2.9975648790363576
 10
1.10274884424035
 20
3.025505002722469
 10
1.009504634794198
 20
3.0641280188878226
 10
0.9211711311361973
 20
3.112948220694544
 10
0.8388591783271409
 20
3.1713516657787735
 10
0.7636038969321077
 20
3.2386038969321076
 10
0.6963516657787735
 20
3.3138591783271405
 10
0.6379482206945439
 20
3.3961711311361973
 10
0.5891280188878226
 20
3.484504634794198
 10
0.550505002722469
 20
3.5777488442403484
 10
0.522564879036359
 20
3.6747311594393173
 10
0.5056590110960819
 20
3.7742319715070223
 10
0.5000000000000003
 20
3.8750000000000013
  0
LINE
  5
480
330
17
100
AcDbEntity
  8
carpinteria
100
AcDbLine
 10
1.4000000000000004
 20
3.8750000000000013
 30
0.0
 11
1.4000000000000004
 21
3.8750000000000013
 31
0.0
  0
LWPOLYLINE
  5
481
330
17
100
AcDbEntity
  8
fondo
100
AcDbPolyline
 90
4
 70
1
 10
4.750000000000001
 20
3.799999999999999
 10
5.65
 20
3.799999999999999
 10
5.65
 20
3.950000000000001
 10
4.750000000000001
 20
3.950000000000001
  0
LINE
  5
482
330
17
100
AcDbEntity
  8
hatch
100
AcDbLine
 10
5.437867965644036
 20
3.7999999999999994
 30
0.0
 11
5.587867965644038
 21
3.9500000000000015
 31
0.0
  0
LINE
  5
483
330
17
100
AcDbEntity
  8
hatch
100
AcDbLine
 10
5.225735931288072
 20
3.799999999999999
 30
0.0
 11
5.375735931288074
 21
3.950000000000001
 31
0.0
  0
LINE
  5
484
330
17
100
AcDbEntity
  8
hatch
100
AcDbLine
 10
5.013603896932108
 20
3.799999999999999
 30
0.0
 11
5.16360389693211
 21
3.950000000000001
 31
0.0
  0
LINE
  5
485
330
17
100
AcDbEntity
  8
hatch
100
AcDbLine
 10
4.801471862576144
 20
3.799999999999999
 30
0.0
 11
4.951471862576146
 21
3.950000000000001
 31
0.0
  0
LINE
  5
486
330
17
100
AcDbEntity
  8
carpinteria
100
AcDbLine
 10
4.750000000000001
 20
3.8750000000000013
 30
0.0
 11
4.750000000000001
 21
2.9750000000000014
 31
0.0
  0
LWPOLYLINE
  5
487
330
17
100
AcDbEntity
  8
carpinteria
100
AcDbPolyline
 90
15
 70
0
 10
4.750000000000001
 20
2.9750000000000014
 10
4.649231971507024
 20
2.980659011096082
 10
4.549731159439316
 20
2.9975648790363576
 10
4.45274884424035
 20
3.025505002722469
 10
4.359504634794197
 20
3.0641280188878226
 10
4.271171131136197
 20
3.112948220694544
 10
4.18885917832714
 20
3.1713516657787735
 10
4.113603896932107
 20
3.2386038969321076
 10
4.046351665778773
 20
3.3138591783271405
 10
3.9879482206945442
 20
3.3961711311361973
 10
3.939128018887823
 20
3.484504634794198
 10
3.9005050027224692
 20
3.5777488442403484
 10
3.872564879036359
 20
3.6747311594393173
 10
3.855659011096081
 20
3.7742319715070223
 10
3.8500000000000005
 20
3.8750000000000013
  0
LINE
  5
488
330
17
100
AcDbEntity
  8
carpinteria
100
AcDbLine
 10
4.750000000000001
 20
3.8750000000000013
 30
0.0
 11
4.750000000000001
 21
3.8750000000000013
 31
0.0
  0
LWPOLYLINE
  5
489
330
17
100
AcDbEntity
  8
fondo
100
AcDbPolyline
 90
4
 70
1
 10
8.100000000000001
 20
3.799999999999999
 10
9.0
 20
3.799999999999999
 10
9.0
 20
3.950000000000001
 10
8.100000000000001
 20
3.950000000000001
  0
LINE
  5
48A
330
17
100
AcDbEntity
  8
hatch
100
AcDbLine
 10
8.787867965644036
 20
3.7999999999999985
 30
0.0
 11
8.937867965644038
 21
3.9500000000000006
 31
0.0
  0
LINE
  5
48B
330
17
100
AcDbEntity
  8
hatch
100
AcDbLine
 10
8.575735931288072
 20
3.7999999999999994
 30
0.0
 11
8.725735931288074
 21
3.9500000000000015
 31
0.0
  0
LINE
  5
48C
330
17
100
AcDbEntity
  8
hatch
100
AcDbLine
 10
8.363603896932108
 20
3.7999999999999994
 30
0.0
 11
8.51360389693211
 21
3.9500000000000015
 31
0.0
  0
LINE
  5
48D
330
17
100
AcDbEntity
  8
hatch
100
AcDbLine
 10
8.151471862576143
 20
3.799999999999999
 30
0.0
 11
8.301471862576145
 21
3.950000000000001
 31
0.0
  0
LINE
  5
48E
330
17
100
AcDbEntity
  8
carpinteria
100
AcDbLine
 10
8.100000000000001
 20
3.8750000000000013
 30
0.0
 11
8.100000000000001
 21
2.9750000000000014
 31
0.0
  0
LWPOLYLINE
  5
48F
330
17
100
AcDbEntity
  8
carpinteria
100
AcDbPolyline
 90
15
 70
0
 10
8.100000000000001
 20
2.9750000000000014
 10
7.999231971507025
 20
2.980659011096082
 10
7.899731159439318
 20
2.9975648790363576
 10
7.802748844240349
 20
3.025505002722469
 10
7.7095046347941985
 20
3.0641280188878226
 10
7.621171131136197
 20
3.112948220694544
 10
7.538859178327144
 20
3.1713516657787735
 10
7.46360389693211
 20
3.2386038969321076
 10
7.396351665778774
 20
3.3138591783271405
 10
7.337948220694546
 20
3.3961711311361973
 10
7.289128018887825
 20
3.484504634794198
 10
7.25050500272247
 20
3.5777488442403484
 10
7.22256487903636
 20
3.6747311594393173
 10
7.205659011096082
 20
3.7742319715070223
 10
7.199999999999999
 20
3.8750000000000013
  0
LINE
  5
490
330
17
100
AcDbEntity
  8
carpinteria
100
AcDbLine
 10
8.100000000000001
 20
3.8750000000000013
 30
0.0
 11
8.100000000000001
 21
3.8750000000000013
 31
0.0
  0
LWPOLYLINE
  5
491
330
17
100
AcDbEntity
  8
fondo
100
AcDbPolyline
 90
4
 70
1
 10
11.450000000000001
 20
3.799999999999999
 10
12.349999999999998
 20
3.799999999999999
 10
12.349999999999998
 20
3.950000000000001
 10
11.450000000000001
 20
3.950000000000001
  0
LINE
  5
492
330
17
100
AcDbEntity
  8
hatch
100
AcDbLine
 10
12.13786796564403
 20
3.799999999999999
 30
0.0
 11
12.287867965644033
 21
3.950000000000002
 31
0.0
  0
LINE
  5
493
330
17
100
AcDbEntity
  8
hatch
100
AcDbLine
 10
11.925735931288067
 20
3.8
 30
0.0
 11
12.07573593128807
 21
3.950000000000002
 31
0.0
  0
LINE
  5
494
330
17
100
AcDbEntity
  8
hatch
100
AcDbLine
 10
11.713603896932103
 20
3.8000000000000003
 30
0.0
 11
11.863603896932105
 21
3.9500000000000024
 31
0.0
  0
LINE
  5
495
330
17
100
AcDbEntity
  8
hatch
100
AcDbLine
 10
11.50147186257614
 20
3.8
 30
0.0
 11
11.651471862576143
 21
3.950000000000002
 31
0.0
  0
LINE
  5
496
330
17
100
AcDbEntity
  8
carpinteria
100
AcDbLine
 10
11.450000000000001
 20
3.8750000000000013
 30
0.0
 11
11.450000000000001
 21
2.9750000000000014
 31
0.0
  0
LWPOLYLINE
  5
497
330
17
100
AcDbEntity
  8
carpinteria
100
AcDbPolyline
 90
15
 70
0
 10
11.450000000000001
 20
2.9750000000000014
 10
11.349231971507024
 20
2.980659011096082
 10
11.249731159439317
 20
2.9975648790363576
 10
11.152748844240351
 20
3.025505002722469
 10
11.059504634794198
 20
3.0641280188878226
 10
10.971171131136199
 20
3.112948220694544
 10
10.888859178327143
 20
3.1713516657787735
 10
10.813603896932108
 20
3.2386038969321076
 10
10.746351665778775
 20
3.3138591783271405
 10
10.687948220694546
 20
3.3961711311361973
 10
10.639128018887824
 20
3.484504634794198
 10
10.600505002722471
 20
3.5777488442403484
 10
10.57256487903636
 20
3.6747311594393173
 10
10.555659011096084
 20
3.7742319715070223
 10
10.55
 20
3.8750000000000013
  0
LINE
  5
498
330
17
100
AcDbEntity
  8
carpinteria
100
AcDbLine
 10
11.450000000000001
 20
3.8750000000000013
 30
0.0
 11
11.450000000000001
 21
3.8750000000000013
 31
0.0
  0
LWPOLYLINE
  5
499
330
17
100
AcDbEntity
  8
fondo
100
AcDbPolyline
 90
4
 70
1
 10
1.4000000000000004
 20
5.649999999999999
 10
2.3000000000000003
 20
5.649999999999999
 10
2.3000000000000003
 20
5.799999999999998
 10
1.4000000000000004
 20
5.799999999999998
  0
LINE
  5
49A
330
17
100
AcDbEntity
  8
hatch
100
AcDbLine
 10
2.087867965644037
 20
5.649999999999999
 30
0.0
 11
2.2378679656440363
 21
5.799999999999997
 31
0.0
  0
LINE
  5
49B
330
17
100
AcDbEntity
  8
hatch
100
AcDbLine
 10
1.8757359312880726
 20
5.649999999999999
 30
0.0
 11
2.0257359312880716
 21
5.799999999999998
 31
0.0
  0
LINE
  5
49C
330
17
100
AcDbEntity
  8
hatch
100
AcDbLine
 10
1.6636038969321079
 20
5.649999999999999
 30
0.0
 11
1.8136038969321069
 21
5.799999999999998
 31
0.0
  0
LINE
  5
49D
330
17
100
AcDbEntity
  8
hatch
100
AcDbLine
 10
1.4514718625761436
 20
5.649999999999999
 30
0.0
 11
1.601471862576143
 21
5.799999999999998
 31
0.0
  0
LINE
  5
49E
330
17
100
AcDbEntity
  8
carpinteria
100
AcDbLine
 10
1.4000000000000004
 20
5.724999999999999
 30
0.0
 11
1.4000000000000004
 21
6.625
 31
0.0
  0
LWPOLYLINE
  5
49F
330
17
100
AcDbEntity
  8
carpinteria
100
AcDbPolyline
 90
15
 70
0
 10
1.4000000000000004
 20
6.625
 10
1.5007680284929772
 20
6.619340988903918
 10
1.600268840560683
 20
6.602435120963642
 10
1.6972511557596508
 20
6.574494997277533
 10
1.7904953652058024
 20
6.535871981112177
 10
1.8788288688638033
 20
6.487051779305456
 10
1.9611408216728607
 20
6.428648334221226
 10
2.0363961030678928
 20
6.361396103067892
 10
2.103648334221227
 20
6.286140821672859
 10
2.1620517793054566
 20
6.203828868863802
 10
2.2108719811121778
 20
6.115495365205802
 10
2.2494949972775315
 20
6.0222511557596485
 10
2.277435120963642
 20
5.925268840560682
 10
2.294340988903919
 20
5.825768028492978
 10
2.300000000000001
 20
5.724999999999999
  0
LINE
  5
4A0
330
17
100
AcDbEntity
  8
carpinteria
100
AcDbLine
 10
1.4000000000000004
 20
5.724999999999999
 30
0.0
 11
1.4000000000000004
 21
5.724999999999999
 31
0.0
  0
LWPOLYLINE
  5
4A1
330
17
100
AcDbEntity
  8
fondo
100
AcDbPolyline
 90
4
 70
1
 10
4.750000000000001
 20
5.649999999999999
 10
5.65
 20
5.649999999999999
 10
5.65
 20
5.799999999999998
 10
4.750000000000001
 20
5.799999999999998
  0
LINE
  5
4A2
330
17
100
AcDbEntity
  8
hatch
100
AcDbLine
 10
5.437867965644036
 20
5.649999999999999
 30
0.0
 11
5.587867965644035
 21
5.799999999999998
 31
0.0
  0
LINE
  5
4A3
330
17
100
AcDbEntity
  8
hatch
100
AcDbLine
 10
5.225735931288072
 20
5.649999999999999
 30
0.0
 11
5.375735931288071
 21
5.799999999999998
 31
0.0
  0
LINE
  5
4A4
330
17
100
AcDbEntity
  8
hatch
100
AcDbLine
 10
5.013603896932108
 20
5.649999999999999
 30
0.0
 11
5.163603896932107
 21
5.799999999999998
 31
0.0
  0
LINE
  5
4A5
330
17
100
AcDbEntity
  8
hatch
100
AcDbLine
 10
4.801471862576144
 20
5.649999999999999
 30
0.0
 11
4.951471862576143
 21
5.799999999999997
 31
0.0
  0
LINE
  5
4A6
330
17
100
AcDbEntity
  8
carpinteria
100
AcDbLine
 10
4.750000000000001
 20
5.724999999999999
 30
0.0
 11
4.750000000000001
 21
6.625
 31
0.0
  0
LWPOLYLINE
  5
4A7
330
17
100
AcDbEntity
  8
carpinteria
100
AcDbPolyline
 90
15
 70
0
 10
4.750000000000001
 20
6.625
 10
4.850768028492977
 20
6.619340988903918
 10
4.950268840560683
 20
6.602435120963642
 10
5.047251155759651
 20
6.574494997277533
 10
5.140495365205804
 20
6.535871981112177
 10
5.228828868863805
 20
6.487051779305456
 10
5.311140821672859
 20
6.428648334221226
 10
5.386396103067892
 20
6.361396103067892
 10
5.453648334221226
 20
6.286140821672859
 10
5.512051779305456
 20
6.203828868863802
 10
5.560871981112177
 20
6.115495365205802
 10
5.5994949972775325
 20
6.0222511557596485
 10
5.627435120963642
 20
5.925268840560682
 10
5.64434098890392
 20
5.825768028492978
 10
5.65
 20
5.724999999999999
  0
LINE
  5
4A8
330
17
100
AcDbEntity
  8
carpinteria
100
AcDbLine
 10
4.750000000000001
 20
5.724999999999999
 30
0.0
 11
4.750000000000001
 21
5.724999999999999
 31
0.0
  0
LWPOLYLINE
  5
4A9
330
17
100
AcDbEntity
  8
fondo
100
AcDbPolyline
 90
4
 70
1
 10
8.100000000000001
 20
5.649999999999999
 10
9.0
 20
5.649999999999999
 10
9.0
 20
5.799999999999998
 10
8.100000000000001
 20
5.799999999999998
  0
LINE
  5
4AA
330
17
100
AcDbEntity
  8
hatch
100
AcDbLine
 10
8.787867965644036
 20
5.649999999999998
 30
0.0
 11
8.937867965644035
 21
5.799999999999997
 31
0.0
  0
LINE
  5
4AB
330
17
100
AcDbEntity
  8
hatch
100
AcDbLine
 10
8.575735931288072
 20
5.649999999999999
 30
0.0
 11
8.725735931288071
 21
5.799999999999997
 31
0.0
  0
LINE
  5
4AC
330
17
100
AcDbEntity
  8
hatch
100
AcDbLine
 10
8.363603896932108
 20
5.649999999999999
 30
0.0
 11
8.513603896932107
 21
5.799999999999997
 31
0.0
  0
LINE
  5
4AD
330
17
100
AcDbEntity
  8
hatch
100
AcDbLine
 10
8.151471862576143
 20
5.649999999999999
 30
0.0
 11
8.301471862576141
 21
5.799999999999997
 31
0.0
  0
LINE
  5
4AE
330
17
100
AcDbEntity
  8
carpinteria
100
AcDbLine
 10
8.100000000000001
 20
5.724999999999999
 30
0.0
 11
8.100000000000001
 21
6.625
 31
0.0
  0
LWPOLYLINE
  5
4AF
330
17
100
AcDbEntity
  8
carpinteria
100
AcDbPolyline
 90
15
 70
0
 10
8.100000000000001
 20
6.625
 10
8.200768028492979
 20
6.619340988903918
 10
8.300268840560685
 20
6.602435120963642
 10
8.39725115575965
 20
6.574494997277533
 10
8.490495365205804
 20
6.535871981112177
 10
8.578828868863804
 20
6.487051779305456
 10
8.661140821672863
 20
6.428648334221226
 10
8.736396103067893
 20
6.361396103067892
 10
8.80364833422123
 20
6.286140821672859
 10
8.862051779305457
 20
6.203828868863802
 10
8.910871981112178
 20
6.115495365205802
 10
8.949494997277535
 20
6.0222511557596485
 10
8.977435120963642
 20
5.925268840560682
 10
8.994340988903922
 20
5.825768028492978
 10
9.000000000000002
 20
5.724999999999999
  0
LINE
  5
4B0
330
17
100
AcDbEntity
  8
carpinteria
100
AcDbLine
 10
8.100000000000001
 20
5.724999999999999
 30
0.0
 11
8.100000000000001
 21
5.724999999999999
 31
0.0
  0
LWPOLYLINE
  5
4B1
330
17
100
AcDbEntity
  8
fondo
100
AcDbPolyline
 90
4
 70
1
 10
11.450000000000001
 20
5.649999999999999
 10
12.349999999999998
 20
5.649999999999999
 10
12.349999999999998
 20
5.799999999999998
 10
11.450000000000001
 20
5.799999999999998
  0
LINE
  5
4B2
330
17
100
AcDbEntity
  8
hatch
100
AcDbLine
 10
12.137867965644032
 20
5.649999999999999
 30
0.0
 11
12.287867965644033
 21
5.799999999999999
 31
0.0
  0
LINE
  5
4B3
330
17
100
AcDbEntity
  8
hatch
100
AcDbLine
 10
11.92573593128807
 20
5.65
 30
0.0
 11
12.075735931288069
 21
5.799999999999999
 31
0.0
  0
LINE
  5
4B4
330
17
100
AcDbEntity
  8
hatch
100
AcDbLine
 10
11.713603896932105
 20
5.649999999999999
 30
0.0
 11
11.863603896932103
 21
5.799999999999999
 31
0.0
  0
LINE
  5
4B5
330
17
100
AcDbEntity
  8
hatch
100
AcDbLine
 10
11.50147186257614
 20
5.649999999999999
 30
0.0
 11
11.65147186257614
 21
5.799999999999997
 31
0.0
  0
LINE
  5
4B6
330
17
100
AcDbEntity
  8
carpinteria
100
AcDbLine
 10
11.450000000000001
 20
5.724999999999999
 30
0.0
 11
11.450000000000001
 21
6.625
 31
0.0
  0
LWPOLYLINE
  5
4B7
330
17
100
AcDbEntity
  8
carpinteria
100
AcDbPolyline
 90
15
 70
0
 10
11.450000000000001
 20
6.625
 10
11.550768028492978
 20
6.619340988903918
 10
11.650268840560685
 20
6.602435120963642
 10
11.74725115575965
 20
6.574494997277533
 10
11.840495365205804
 20
6.535871981112177
 10
11.928828868863803
 20
6.487051779305456
 10
12.01114082167286
 20
6.428648334221226
 10
12.086396103067894
 20
6.361396103067892
 10
12.153648334221229
 20
6.286140821672859
 10
12.212051779305456
 20
6.203828868863802
 10
12.260871981112178
 20
6.115495365205802
 10
12.299494997277533
 20
6.0222511557596485
 10
12.327435120963642
 20
5.925268840560682
 10
12.34434098890392
 20
5.825768028492978
 10
12.350000000000001
 20
5.724999999999999
  0
LINE
  5
4B8
330
17
100
AcDbEntity
  8
carpinteria
100
AcDbLine
 10
11.450000000000001
 20
5.724999999999999
 30
0.0
 11
11.450000000000001
 21
5.724999999999999
 31
0.0
  0
LWPOLYLINE
  5
4B9
330
17
100
AcDbEntity
  8
fondo
100
AcDbPolyline
 90
4
 70
1
 10
14.674999999999997
 20
3.799999999999999
 10
15.475000000000001
 20
3.799999999999999
 10
15.475000000000001
 20
3.950000000000001
 10
14.674999999999997
 20
3.950000000000001
  0
LINE
  5
4BA
330
17
100
AcDbEntity
  8
hatch
100
AcDbLine
 10
15.262867965644038
 20
3.799999999999999
 30
0.0
 11
15.41286796564404
 21
3.950000000000001
 31
0.0
  0
LINE
  5
4BB
330
17
100
AcDbEntity
  8
hatch
100
AcDbLine
 10
15.050735931288074
 20
3.799999999999999
 30
0.0
 11
15.200735931288076
 21
3.950000000000001
 31
0.0
  0
LINE
  5
4BC
330
17
100
AcDbEntity
  8
hatch
100
AcDbLine
 10
14.83860389693211
 20
3.799999999999999
 30
0.0
 11
14.988603896932112
 21
3.950000000000001
 31
0.0
  0
LINE
  5
4BD
330
17
100
AcDbEntity
  8
hatch
100
AcDbLine
 10
14.674999999999997
 20
3.84852813742385
 30
0.0
 11
14.776471862576148
 21
3.950000000000003
 31
0.0
  0
LINE
  5
4BE
330
17
100
AcDbEntity
  8
carpinteria
100
AcDbLine
 10
14.674999999999997
 20
3.8750000000000013
 30
0.0
 11
14.674999999999997
 21
3.0749999999999997
 31
0.0
  0
LWPOLYLINE
  5
4BF
330
17
100
AcDbEntity
  8
carpinteria
100
AcDbPolyline
 90
15
 70
0
 10
14.674999999999997
 20
3.0749999999999997
 10
14.764571580882645
 20
3.0800302320854063
 10
14.85301674716505
 20
3.095057670254542
 10
14.939223249564137
 20
3.1198933357533054
 10
15.022106991294045
 20
3.1542249056780647
 10
15.10062566121227
 20
3.1976206406173735
 10
15.173791841486985
 20
3.249534814025577
 10
15.240685424949236
 20
3.3093145750507613
 10
15.300465185974424
 20
3.376208158513013
 10
15.352379359382626
 20
3.4493743387877314
 10
15.395775094321934
 20
3.527893008705954
 10
15.430106664246694
 20
3.610776750435866
 10
15.45494232974546
 20
3.696983252834949
 10
15.469969767914593
 20
3.7854284191173533
 10
15.474999999999998
 20
3.8750000000000013
  0
LINE
  5
4C0
330
17
100
AcDbEntity
  8
carpinteria
100
AcDbLine
 10
14.674999999999997
 20
3.8750000000000013
 30
0.0
 11
14.674999999999997
 21
3.8750000000000013
 31
0.0
  0
LWPOLYLINE
  5
4C1
330
17
100
AcDbEntity
  8
fondo
100
AcDbPolyline
 90
4
 70
1
 10
14.674999999999997
 20
5.649999999999999
 10
15.475000000000001
 20
5.649999999999999
 10
15.475000000000001
 20
5.799999999999998
 10
14.674999999999997
 20
5.799999999999998
  0
LINE
  5
4C2
330
17
100
AcDbEntity
  8
hatch
100
AcDbLine
 10
15.262867965644038
 20
5.6499999999999995
 30
0.0
 11
15.412867965644036
 21
5.799999999999998
 31
0.0
  0
LINE
  5
4C3
330
17
100
AcDbEntity
  8
hatch
100
AcDbLine
 10
15.050735931288074
 20
5.649999999999999
 30
0.0
 11
15.200735931288072
 21
5.799999999999997
 31
0.0
  0
LINE
  5
4C4
330
17
100
AcDbEntity
  8
hatch
100
AcDbLine
 10
14.838603896932108
 20
5.649999999999998
 30
0.0
 11
14.988603896932108
 21
5.799999999999998
 31
0.0
  0
LINE
  5
4C5
330
17
100
AcDbEntity
  8
hatch
100
AcDbLine
 10
14.674999999999995
 20
5.698528137423851
 30
0.0
 11
14.776471862576145
 21
5.799999999999998
 31
0.0
  0
LINE
  5
4C6
330
17
100
AcDbEntity
  8
carpinteria
100
AcDbLine
 10
14.674999999999997
 20
5.724999999999999
 30
0.0
 11
14.674999999999997
 21
6.5249999999999995
 31
0.0
  0
LWPOLYLINE
  5
4C7
330
17
100
AcDbEntity
  8
carpinteria
100
AcDbPolyline
 90
15
 70
0
 10
14.674999999999997
 20
6.5249999999999995
 10
14.585428419117353
 20
6.519969767914596
 10
14.496983252834951
 20
6.504942329745457
 10
14.410776750435865
 20
6.480106664246692
 10
14.327893008705956
 20
6.4457750943219345
 10
14.249374338787732
 20
6.402379359382628
 10
14.176208158513013
 20
6.350465185974422
 10
14.10931457505076
 20
6.290685424949238
 10
14.049534814025577
 20
6.223791841486986
 10
13.99762064061737
 20
6.150625661212268
 10
13.954224905678064
 20
6.072106991294046
 10
13.919893335753303
 20
5.989223249564134
 10
13.895057670254541
 20
5.903016747165051
 10
13.880030232085403
 20
5.814571580882647
 10
13.875
 20
5.724999999999999
  0
LINE
  5
4C8
330
17
100
AcDbEntity
  8
carpinteria
100
AcDbLine
 10
14.674999999999997
 20
5.724999999999999
 30
0.0
 11
14.674999999999997
 21
5.724999999999999
 31
0.0
  0
LWPOLYLINE
  5
4C9
330
17
100
AcDbEntity
  8
fondo
100
AcDbPolyline
 90
4
 70
1
 10
21.525000000000002
 20
3.799999999999999
 10
22.425
 20
3.799999999999999
 10
22.425
 20
3.950000000000001
 10
21.525000000000002
 20
3.950000000000001
  0
LINE
  5
4CA
330
17
100
AcDbEntity
  8
hatch
100
AcDbLine
 10
22.212867965644037
 20
3.799999999999999
 30
0.0
 11
22.36286796564404
 21
3.950000000000001
 31
0.0
  0
LINE
  5
4CB
330
17
100
AcDbEntity
  8
hatch
100
AcDbLine
 10
22.00073593128807
 20
3.799999999999997
 30
0.0
 11
22.150735931288075
 21
3.9499999999999993
 31
0.0
  0
LINE
  5
4CC
330
17
100
AcDbEntity
  8
hatch
100
AcDbLine
 10
21.78860389693211
 20
3.799999999999999
 30
0.0
 11
21.938603896932108
 21
3.950000000000001
 31
0.0
  0
LINE
  5
4CD
330
17
100
AcDbEntity
  8
hatch
100
AcDbLine
 10
21.576471862576142
 20
3.799999999999999
 30
0.0
 11
21.726471862576147
 21
3.950000000000001
 31
0.0
  0
LINE
  5
4CE
330
17
100
AcDbEntity
  8
carpinteria
100
AcDbLine
 10
21.525000000000002
 20
3.8750000000000013
 30
0.0
 11
21.525000000000002
 21
2.9750000000000014
 31
0.0
  0
LWPOLYLINE
  5
4CF
330
17
100
AcDbEntity
  8
carpinteria
100
AcDbPolyline
 90
15
 70
0
 10
21.525000000000002
 20
2.9750000000000014
 10
21.625768028492978
 20
2.980659011096082
 10
21.725268840560684
 20
2.9975648790363576
 10
21.822251155759655
 20
3.025505002722469
 10
21.915495365205803
 20
3.0641280188878226
 10
22.003828868863806
 20
3.112948220694544
 10
22.086140821672863
 20
3.1713516657787735
 10
22.161396103067894
 20
3.2386038969321076
 10
22.22864833422123
 20
3.3138591783271405
 10
22.287051779305457
 20
3.3961711311361973
 10
22.33587198111218
 20
3.484504634794198
 10
22.374494997277534
 20
3.5777488442403507
 10
22.40243512096365
 20
3.6747311594393173
 10
22.419340988903922
 20
3.7742319715070223
 10
22.425
 20
3.8750000000000013
  0
LINE
  5
4D0
330
17
100
AcDbEntity
  8
carpinteria
100
AcDbLine
 10
21.525000000000002
 20
3.8750000000000013
 30
0.0
 11
21.525000000000002
 21
3.8750000000000013
 31
0.0
  0
LWPOLYLINE
  5
4D1
330
17
100
AcDbEntity
  8
fondo
100
AcDbPolyline
 90
4
 70
1
 10
21.525000000000002
 20
5.649999999999999
 10
22.425
 20
5.649999999999999
 10
22.425
 20
5.799999999999998
 10
21.525000000000002
 20
5.799999999999998
  0
LINE
  5
4D2
330
17
100
AcDbEntity
  8
hatch
100
AcDbLine
 10
22.212867965644037
 20
5.649999999999999
 30
0.0
 11
22.362867965644035
 21
5.799999999999997
 31
0.0
  0
LINE
  5
4D3
330
17
100
AcDbEntity
  8
hatch
100
AcDbLine
 10
22.00073593128807
 20
5.649999999999999
 30
0.0
 11
22.150735931288075
 21
5.800000000000001
 31
0.0
  0
LINE
  5
4D4
330
17
100
AcDbEntity
  8
hatch
100
AcDbLine
 10
21.78860389693211
 20
5.649999999999997
 30
0.0
 11
21.938603896932108
 21
5.799999999999999
 31
0.0
  0
LINE
  5
4D5
330
17
100
AcDbEntity
  8
hatch
100
AcDbLine
 10
21.576471862576145
 20
5.6499999999999995
 30
0.0
 11
21.726471862576144
 21
5.799999999999998
 31
0.0
  0
LINE
  5
4D6
330
17
100
AcDbEntity
  8
carpinteria
100
AcDbLine
 10
21.525000000000002
 20
5.724999999999999
 30
0.0
 11
21.525000000000002
 21
6.625
 31
0.0
  0
LWPOLYLINE
  5
4D7
330
17
100
AcDbEntity
  8
carpinteria
100
AcDbPolyline
 90
15
 70
0
 10
21.525000000000002
 20
6.625
 10
21.42423197150703
 20
6.619340988903918
 10
21.32473115943932
 20
6.602435120963642
 10
21.227748844240352
 20
6.574494997277533
 10
21.1345046347942
 20
6.535871981112177
 10
21.046171131136198
 20
6.487051779305456
 10
20.963859178327144
 20
6.428648334221226
 10
20.88860389693211
 20
6.361396103067892
 10
20.821351665778774
 20
6.286140821672859
 10
20.762948220694547
 20
6.203828868863802
 10
20.714128018887823
 20
6.1154953652058035
 10
20.67550500272247
 20
6.0222511557596485
 10
20.64756487903636
 20
5.925268840560682
 10
20.630659011096082
 20
5.825768028492978
 10
20.625
 20
5.724999999999999
  0
LINE
  5
4D8
330
17
100
AcDbEntity
  8
carpinteria
100
AcDbLine
 10
21.525000000000002
 20
5.724999999999999
 30
0.0
 11
21.525000000000002
 21
5.724999999999999
 31
0.0
  0
LWPOLYLINE
  5
4D9
330
17
100
AcDbEntity
  8
mobiliario
100
AcDbPolyline
 90
4
 70
1
 10
0.3
 20
0.34999999999999926
 10
2.2999999999999994
 20
0.34999999999999926
 10
2.2999999999999994
 20
1.3499999999999999
 10
0.3
 20
1.3499999999999999
  0
LWPOLYLINE
  5
4DA
330
17
100
AcDbEntity
  8
mobiliario
100
AcDbPolyline
 90
4
 70
1
 10
0.3
 20
0.4000000000000007
 10
0.75
 20
0.4000000000000007
 10
0.75
 20
0.8999999999999999
 10
0.3
 20
0.8999999999999999
  0
LWPOLYLINE
  5
4DB
330
17
100
AcDbEntity
  8
mobiliario
100
AcDbPolyline
 90
4
 70
1
 10
0.3
 20
1.4500000000000006
 10
2.2999999999999994
 20
1.4500000000000006
 10
2.2999999999999994
 20
2.4500000000000015
 10
0.3
 20
2.4500000000000015
  0
LWPOLYLINE
  5
4DC
330
17
100
AcDbEntity
  8
mobiliario
100
AcDbPolyline
 90
4
 70
1
 10
0.3
 20
1.5
 10
0.75
 20
1.5
 10
0.75
 20
1.9999999999999991
 10
0.3
 20
1.9999999999999991
  0
LWPOLYLINE
  5
4DD
330
17
100
AcDbEntity
  8
mobiliario
100
AcDbPolyline
 90
4
 70
1
 10
2.3699999999999997
 20
1.3300000000000012
 10
2.77
 20
1.3300000000000012
 10
2.77
 20
1.630000000000001
 10
2.3699999999999997
 20
1.630000000000001
  0
LWPOLYLINE
  5
4DE
330
17
100
AcDbEntity
  8
mobiliario
100
AcDbPolyline
 90
4
 70
1
 10
2.2000000000000006
 20
3.049999999999999
 10
3.4000000000000004
 20
3.049999999999999
 10
3.4000000000000004
 20
3.649999999999999
 10
2.2000000000000006
 20
3.649999999999999
  0
LWPOLYLINE
  5
4DF
330
17
100
AcDbEntity
  8
mobiliario
100
AcDbPolyline
 90
4
 70
1
 10
2.2000000000000006
 20
2.2999999999999994
 10
3.4000000000000004
 20
2.2999999999999994
 10
3.4000000000000004
 20
2.899999999999999
 10
2.2000000000000006
 20
2.899999999999999
  0
LWPOLYLINE
  5
4E0
330
17
100
AcDbEntity
  8
mobiliario
100
AcDbPolyline
 90
4
 70
1
 10
2.8000000000000007
 20
1.95
 10
3.4000000000000004
 20
1.95
 10
3.4000000000000004
 20
3.75
 10
2.8000000000000007
 20
3.75
  0
LWPOLYLINE
  5
4E1
330
17
100
AcDbEntity
  8
mobiliario
100
AcDbPolyline
 90
4
 70
1
 10
3.649999999999999
 20
0.34999999999999926
 10
5.65
 20
0.34999999999999926
 10
5.65
 20
1.3499999999999999
 10
3.649999999999999
 20
1.3499999999999999
  0
LWPOLYLINE
  5
4E2
330
17
100
AcDbEntity
  8
mobiliario
100
AcDbPolyline
 90
4
 70
1
 10
3.649999999999999
 20
0.4000000000000007
 10
4.099999999999999
 20
0.4000000000000007
 10
4.099999999999999
 20
0.8999999999999999
 10
3.649999999999999
 20
0.8999999999999999
  0
LWPOLYLINE
  5
4E3
330
17
100
AcDbEntity
  8
mobiliario
100
AcDbPolyline
 90
4
 70
1
 10
3.649999999999999
 20
1.4500000000000006
 10
5.65
 20
1.4500000000000006
 10
5.65
 20
2.4500000000000015
 10
3.649999999999999
 20
2.4500000000000015
  0
LWPOLYLINE
  5
4E4
330
17
100
AcDbEntity
  8
mobiliario
100
AcDbPolyline
 90
4
 70
1
 10
3.649999999999999
 20
1.5
 10
4.099999999999999
 20
1.5
 10
4.099999999999999
 20
1.9999999999999991
 10
3.649999999999999
 20
1.9999999999999991
  0
LWPOLYLINE
  5
4E5
330
17
100
AcDbEntity
  8
mobiliario
100
AcDbPolyline
 90
4
 70
1
 10
5.720000000000001
 20
1.3300000000000012
 10
6.120000000000001
 20
1.3300000000000012
 10
6.120000000000001
 20
1.630000000000001
 10
5.720000000000001
 20
1.630000000000001
  0
LWPOLYLINE
  5
4E6
330
17
100
AcDbEntity
  8
mobiliario
100
AcDbPolyline
 90
4
 70
1
 10
5.55
 20
3.049999999999999
 10
6.75
 20
3.049999999999999
 10
6.75
 20
3.649999999999999
 10
5.55
 20
3.649999999999999
  0
LWPOLYLINE
  5
4E7
330
17
100
AcDbEntity
  8
mobiliario
100
AcDbPolyline
 90
4
 70
1
 10
5.55
 20
2.2999999999999994
 10
6.75
 20
2.2999999999999994
 10
6.75
 20
2.899999999999999
 10
5.55
 20
2.899999999999999
  0
LWPOLYLINE
  5
4E8
330
17
100
AcDbEntity
  8
mobiliario
100
AcDbPolyline
 90
4
 70
1
 10
6.1499999999999995
 20
1.95
 10
6.75
 20
1.95
 10
6.75
 20
3.75
 10
6.1499999999999995
 20
3.75
  0
LWPOLYLINE
  5
4E9
330
17
100
AcDbEntity
  8
mobiliario
100
AcDbPolyline
 90
4
 70
1
 10
7.0
 20
0.34999999999999926
 10
9.0
 20
0.34999999999999926
 10
9.0
 20
1.3499999999999999
 10
7.0
 20
1.3499999999999999
  0
LWPOLYLINE
  5
4EA
330
17
100
AcDbEntity
  8
mobiliario
100
AcDbPolyline
 90
4
 70
1
 10
7.0
 20
0.4000000000000007
 10
7.45
 20
0.4000000000000007
 10
7.45
 20
0.8999999999999999
 10
7.0
 20
0.8999999999999999
  0
LWPOLYLINE
  5
4EB
330
17
100
AcDbEntity
  8
mobiliario
100
AcDbPolyline
 90
4
 70
1
 10
7.0
 20
1.4500000000000006
 10
9.0
 20
1.4500000000000006
 10
9.0
 20
2.4500000000000015
 10
7.0
 20
2.4500000000000015
  0
LWPOLYLINE
  5
4EC
330
17
100
AcDbEntity
  8
mobiliario
100
AcDbPolyline
 90
4
 70
1
 10
7.0
 20
1.5
 10
7.45
 20
1.5
 10
7.45
 20
1.9999999999999991
 10
7.0
 20
1.9999999999999991
  0
LWPOLYLINE
  5
4ED
330
17
100
AcDbEntity
  8
mobiliario
100
AcDbPolyline
 90
4
 70
1
 10
9.07
 20
1.3300000000000012
 10
9.47
 20
1.3300000000000012
 10
9.47
 20
1.630000000000001
 10
9.07
 20
1.630000000000001
  0
LWPOLYLINE
  5
4EE
330
17
100
AcDbEntity
  8
mobiliario
100
AcDbPolyline
 90
4
 70
1
 10
8.9
 20
3.049999999999999
 10
10.1
 20
3.049999999999999
 10
10.1
 20
3.649999999999999
 10
8.9
 20
3.649999999999999
  0
LWPOLYLINE
  5
4EF
330
17
100
AcDbEntity
  8
mobiliario
100
AcDbPolyline
 90
4
 70
1
 10
8.9
 20
2.2999999999999994
 10
10.1
 20
2.2999999999999994
 10
10.1
 20
2.899999999999999
 10
8.9
 20
2.899999999999999
  0
LWPOLYLINE
  5
4F0
330
17
100
AcDbEntity
  8
mobiliario
100
AcDbPolyline
 90
4
 70
1
 10
9.500000000000002
 20
1.95
 10
10.1
 20
1.95
 10
10.1
 20
3.75
 10
9.500000000000002
 20
3.75
  0
LWPOLYLINE
  5
4F1
330
17
100
AcDbEntity
  8
mobiliario
100
AcDbPolyline
 90
4
 70
1
 10
10.350000000000001
 20
0.34999999999999926
 10
12.350000000000001
 20
0.34999999999999926
 10
12.350000000000001
 20
1.3499999999999999
 10
10.350000000000001
 20
1.3499999999999999
  0
LWPOLYLINE
  5
4F2
330
17
100
AcDbEntity
  8
mobiliario
100
AcDbPolyline
 90
4
 70
1
 10
10.350000000000001
 20
0.4000000000000007
 10
10.800000000000002
 20
0.4000000000000007
 10
10.800000000000002
 20
0.8999999999999999
 10
10.350000000000001
 20
0.8999999999999999
  0
LWPOLYLINE
  5
4F3
330
17
100
AcDbEntity
  8
mobiliario
100
AcDbPolyline
 90
4
 70
1
 10
10.350000000000001
 20
1.4500000000000006
 10
12.350000000000001
 20
1.4500000000000006
 10
12.350000000000001
 20
2.4500000000000015
 10
10.350000000000001
 20
2.4500000000000015
  0
LWPOLYLINE
  5
4F4
330
17
100
AcDbEntity
  8
mobiliario
100
AcDbPolyline
 90
4
 70
1
 10
10.350000000000001
 20
1.5
 10
10.800000000000002
 20
1.5
 10
10.800000000000002
 20
1.9999999999999991
 10
10.350000000000001
 20
1.9999999999999991
  0
LWPOLYLINE
  5
4F5
330
17
100
AcDbEntity
  8
mobiliario
100
AcDbPolyline
 90
4
 70
1
 10
12.420000000000002
 20
1.3300000000000012
 10
12.820000000000002
 20
1.3300000000000012
 10
12.820000000000002
 20
1.630000000000001
 10
12.420000000000002
 20
1.630000000000001
  0
LWPOLYLINE
  5
4F6
330
17
100
AcDbEntity
  8
mobiliario
100
AcDbPolyline
 90
4
 70
1
 10
12.25
 20
3.049999999999999
 10
13.45
 20
3.049999999999999
 10
13.45
 20
3.649999999999999
 10
12.25
 20
3.649999999999999
  0
LWPOLYLINE
  5
4F7
330
17
100
AcDbEntity
  8
mobiliario
100
AcDbPolyline
 90
4
 70
1
 10
12.25
 20
2.2999999999999994
 10
13.45
 20
2.2999999999999994
 10
13.45
 20
2.899999999999999
 10
12.25
 20
2.899999999999999
  0
LWPOLYLINE
  5
4F8
330
17
100
AcDbEntity
  8
mobiliario
100
AcDbPolyline
 90
4
 70
1
 10
12.85
 20
1.95
 10
13.45
 20
1.95
 10
13.45
 20
3.75
 10
12.85
 20
3.75
  0
LWPOLYLINE
  5
4F9
330
17
100
AcDbEntity
  8
mobiliario
100
AcDbPolyline
 90
4
 70
1
 10
0.3
 20
8.25
 10
2.2999999999999994
 20
8.25
 10
2.2999999999999994
 20
9.25
 10
0.3
 20
9.25
  0
LWPOLYLINE
  5
4FA
330
17
100
AcDbEntity
  8
mobiliario
100
AcDbPolyline
 90
4
 70
1
 10
0.3
 20
8.7
 10
0.75
 20
8.7
 10
0.75
 20
9.2
 10
0.3
 20
9.2
  0
LWPOLYLINE
  5
4FB
330
17
100
AcDbEntity
  8
mobiliario
100
AcDbPolyline
 90
4
 70
1
 10
0.3
 20
7.149999999999999
 10
2.2999999999999994
 20
7.149999999999999
 10
2.2999999999999994
 20
8.149999999999999
 10
0.3
 20
8.149999999999999
  0
LWPOLYLINE
  5
4FC
330
17
100
AcDbEntity
  8
mobiliario
100
AcDbPolyline
 90
4
 70
1
 10
0.3
 20
7.599999999999998
 10
0.75
 20
7.599999999999998
 10
0.75
 20
8.1
 10
0.3
 20
8.1
  0
LWPOLYLINE
  5
4FD
330
17
100
AcDbEntity
  8
mobiliario
100
AcDbPolyline
 90
4
 70
1
 10
2.3699999999999997
 20
7.969999999999999
 10
2.77
 20
7.969999999999999
 10
2.77
 20
8.269999999999998
 10
2.3699999999999997
 20
8.269999999999998
  0
LWPOLYLINE
  5
4FE
330
17
100
AcDbEntity
  8
mobiliario
100
AcDbPolyline
 90
4
 70
1
 10
2.2000000000000006
 20
5.949999999999998
 10
3.4000000000000004
 20
5.949999999999998
 10
3.4000000000000004
 20
6.549999999999998
 10
2.2000000000000006
 20
6.549999999999998
  0
LWPOLYLINE
  5
4FF
330
17
100
AcDbEntity
  8
mobiliario
100
AcDbPolyline
 90
4
 70
1
 10
2.2000000000000006
 20
6.699999999999998
 10
3.4000000000000004
 20
6.699999999999998
 10
3.4000000000000004
 20
7.299999999999998
 10
2.2000000000000006
 20
7.299999999999998
  0
LWPOLYLINE
  5
500
330
17
100
AcDbEntity
  8
mobiliario
100
AcDbPolyline
 90
4
 70
1
 10
2.8000000000000007
 20
5.85
 10
3.4000000000000004
 20
5.85
 10
3.4000000000000004
 20
7.6499999999999995
 10
2.8000000000000007
 20
7.6499999999999995
  0
LWPOLYLINE
  5
501
330
17
100
AcDbEntity
  8
mobiliario
100
AcDbPolyline
 90
4
 70
1
 10
3.649999999999999
 20
8.25
 10
5.65
 20
8.25
 10
5.65
 20
9.25
 10
3.649999999999999
 20
9.25
  0
LWPOLYLINE
  5
502
330
17
100
AcDbEntity
  8
mobiliario
100
AcDbPolyline
 90
4
 70
1
 10
3.649999999999999
 20
8.7
 10
4.099999999999999
 20
8.7
 10
4.099999999999999
 20
9.2
 10
3.649999999999999
 20
9.2
  0
LWPOLYLINE
  5
503
330
17
100
AcDbEntity
  8
mobiliario
100
AcDbPolyline
 90
4
 70
1
 10
3.649999999999999
 20
7.149999999999999
 10
5.65
 20
7.149999999999999
 10
5.65
 20
8.149999999999999
 10
3.649999999999999
 20
8.149999999999999
  0
LWPOLYLINE
  5
504
330
17
100
AcDbEntity
  8
mobiliario
100
AcDbPolyline
 90
4
 70
1
 10
3.649999999999999
 20
7.599999999999998
 10
4.099999999999999
 20
7.599999999999998
 10
4.099999999999999
 20
8.1
 10
3.649999999999999
 20
8.1
  0
LWPOLYLINE
  5
505
330
17
100
AcDbEntity
  8
mobiliario
100
AcDbPolyline
 90
4
 70
1
 10
5.720000000000001
 20
7.969999999999999
 10
6.120000000000001
 20
7.969999999999999
 10
6.120000000000001
 20
8.269999999999998
 10
5.720000000000001
 20
8.269999999999998
  0
LWPOLYLINE
  5
506
330
17
100
AcDbEntity
  8
mobiliario
100
AcDbPolyline
 90
4
 70
1
 10
5.55
 20
5.949999999999998
 10
6.75
 20
5.949999999999998
 10
6.75
 20
6.549999999999998
 10
5.55
 20
6.549999999999998
  0
LWPOLYLINE
  5
507
330
17
100
AcDbEntity
  8
mobiliario
100
AcDbPolyline
 90
4
 70
1
 10
5.55
 20
6.699999999999998
 10
6.75
 20
6.699999999999998
 10
6.75
 20
7.299999999999998
 10
5.55
 20
7.299999999999998
  0
LWPOLYLINE
  5
508
330
17
100
AcDbEntity
  8
mobiliario
100
AcDbPolyline
 90
4
 70
1
 10
6.1499999999999995
 20
5.85
 10
6.75
 20
5.85
 10
6.75
 20
7.6499999999999995
 10
6.1499999999999995
 20
7.6499999999999995
  0
LWPOLYLINE
  5
509
330
17
100
AcDbEntity
  8
mobiliario
100
AcDbPolyline
 90
4
 70
1
 10
7.0
 20
8.25
 10
9.0
 20
8.25
 10
9.0
 20
9.25
 10
7.0
 20
9.25
  0
LWPOLYLINE
  5
50A
330
17
100
AcDbEntity
  8
mobiliario
100
AcDbPolyline
 90
4
 70
1
 10
7.0
 20
8.7
 10
7.45
 20
8.7
 10
7.45
 20
9.2
 10
7.0
 20
9.2
  0
LWPOLYLINE
  5
50B
330
17
100
AcDbEntity
  8
mobiliario
100
AcDbPolyline
 90
4
 70
1
 10
7.0
 20
7.149999999999999
 10
9.0
 20
7.149999999999999
 10
9.0
 20
8.149999999999999
 10
7.0
 20
8.149999999999999
  0
LWPOLYLINE
  5
50C
330
17
100
AcDbEntity
  8
mobiliario
100
AcDbPolyline
 90
4
 70
1
 10
7.0
 20
7.599999999999998
 10
7.45
 20
7.599999999999998
 10
7.45
 20
8.1
 10
7.0
 20
8.1
  0
LWPOLYLINE
  5
50D
330
17
100
AcDbEntity
  8
mobiliario
100
AcDbPolyline
 90
4
 70
1
 10
9.07
 20
7.969999999999999
 10
9.47
 20
7.969999999999999
 10
9.47
 20
8.269999999999998
 10
9.07
 20
8.269999999999998
  0
LWPOLYLINE
  5
50E
330
17
100
AcDbEntity
  8
mobiliario
100
AcDbPolyline
 90
4
 70
1
 10
8.9
 20
5.949999999999998
 10
10.1
 20
5.949999999999998
 10
10.1
 20
6.549999999999998
 10
8.9
 20
6.549999999999998
  0
LWPOLYLINE
  5
50F
330
17
100
AcDbEntity
  8
mobiliario
100
AcDbPolyline
 90
4
 70
1
 10
8.9
 20
6.699999999999998
 10
10.1
 20
6.699999999999998
 10
10.1
 20
7.299999999999998
 10
8.9
 20
7.299999999999998
  0
LWPOLYLINE
  5
510
330
17
100
AcDbEntity
  8
mobiliario
100
AcDbPolyline
 90
4
 70
1
 10
9.500000000000002
 20
5.85
 10
10.1
 20
5.85
 10
10.1
 20
7.6499999999999995
 10
9.500000000000002
 20
7.6499999999999995
  0
LWPOLYLINE
  5
511
330
17
100
AcDbEntity
  8
mobiliario
100
AcDbPolyline
 90
4
 70
1
 10
10.350000000000001
 20
8.25
 10
12.350000000000001
 20
8.25
 10
12.350000000000001
 20
9.25
 10
10.350000000000001
 20
9.25
  0
LWPOLYLINE
  5
512
330
17
100
AcDbEntity
  8
mobiliario
100
AcDbPolyline
 90
4
 70
1
 10
10.350000000000001
 20
8.7
 10
10.800000000000002
 20
8.7
 10
10.800000000000002
 20
9.2
 10
10.350000000000001
 20
9.2
  0
LWPOLYLINE
  5
513
330
17
100
AcDbEntity
  8
mobiliario
100
AcDbPolyline
 90
4
 70
1
 10
10.350000000000001
 20
7.149999999999999
 10
12.350000000000001
 20
7.149999999999999
 10
12.350000000000001
 20
8.149999999999999
 10
10.350000000000001
 20
8.149999999999999
  0
LWPOLYLINE
  5
514
330
17
100
AcDbEntity
  8
mobiliario
100
AcDbPolyline
 90
4
 70
1
 10
10.350000000000001
 20
7.599999999999998
 10
10.800000000000002
 20
7.599999999999998
 10
10.800000000000002
 20
8.1
 10
10.350000000000001
 20
8.1
  0
LWPOLYLINE
  5
515
330
17
100
AcDbEntity
  8
mobiliario
100
AcDbPolyline
 90
4
 70
1
 10
12.420000000000002
 20
7.969999999999999
 10
12.820000000000002
 20
7.969999999999999
 10
12.820000000000002
 20
8.269999999999998
 10
12.420000000000002
 20
8.269999999999998
  0
LWPOLYLINE
  5
516
330
17
100
AcDbEntity
  8
mobiliario
100
AcDbPolyline
 90
4
 70
1
 10
12.25
 20
5.949999999999998
 10
13.45
 20
5.949999999999998
 10
13.45
 20
6.549999999999998
 10
12.25
 20
6.549999999999998
  0
LWPOLYLINE
  5
517
330
17
100
AcDbEntity
  8
mobiliario
100
AcDbPolyline
 90
4
 70
1
 10
12.25
 20
6.699999999999998
 10
13.45
 20
6.699999999999998
 10
13.45
 20
7.299999999999998
 10
12.25
 20
7.299999999999998
  0
LWPOLYLINE
  5
518
330
17
100
AcDbEntity
  8
mobiliario
100
AcDbPolyline
 90
4
 70
1
 10
12.85
 20
5.85
 10
13.45
 20
5.85
 10
13.45
 20
7.6499999999999995
 10
12.85
 20
7.6499999999999995
  0
LWPOLYLINE
  5
519
330
17
100
AcDbEntity
  8
mobiliario
100
AcDbPolyline
 90
4
 70
1
 10
13.750000000000002
 20
0.44999999999999996
 10
14.350000000000001
 20
0.44999999999999996
 10
14.350000000000001
 20
0.9499999999999993
 10
13.750000000000002
 20
0.9499999999999993
  0
LWPOLYLINE
  5
51A
330
17
100
AcDbEntity
  8
mobiliario
100
AcDbPolyline
 90
4
 70
1
 10
13.750000000000002
 20
1.05
 10
14.350000000000001
 20
1.05
 10
14.350000000000001
 20
1.5499999999999992
 10
13.750000000000002
 20
1.5499999999999992
  0
LWPOLYLINE
  5
51B
330
17
100
AcDbEntity
  8
mobiliario
100
AcDbPolyline
 90
4
 70
1
 10
13.750000000000002
 20
1.65
 10
14.350000000000001
 20
1.65
 10
14.350000000000001
 20
2.149999999999999
 10
13.750000000000002
 20
2.149999999999999
  0
LWPOLYLINE
  5
51C
330
17
100
AcDbEntity
  8
sanitario
100
AcDbPolyline
 90
4
 70
1
 10
16.3
 20
0.5500000000000007
 10
16.349999999999998
 20
0.5500000000000007
 10
16.349999999999998
 20
1.05
 10
16.3
 20
1.05
  0
CIRCLE
  5
51D
330
17
100
AcDbEntity
  8
sanitario
100
AcDbCircle
 10
16.1
 20
0.7999999999999993
 30
0.0
 40
0.19000000000000003
  0
LWPOLYLINE
  5
51E
330
17
100
AcDbEntity
  8
sanitario
100
AcDbPolyline
 90
4
 70
1
 10
15.899999999999999
 20
0.6099999999999994
 10
16.280000000000005
 20
0.6099999999999994
 10
16.280000000000005
 20
0.9899999999999991
 10
15.899999999999999
 20
0.9899999999999991
  0
LWPOLYLINE
  5
51F
330
17
100
AcDbEntity
  8
sanitario
100
AcDbPolyline
 90
4
 70
1
 10
16.3
 20
1.1500000000000006
 10
16.349999999999998
 20
1.1500000000000006
 10
16.349999999999998
 20
1.65
 10
16.3
 20
1.65
  0
CIRCLE
  5
520
330
17
100
AcDbEntity
  8
sanitario
100
AcDbCircle
 10
16.1
 20
1.3999999999999992
 30
0.0
 40
0.19000000000000003
  0
LWPOLYLINE
  5
521
330
17
100
AcDbEntity
  8
sanitario
100
AcDbPolyline
 90
4
 70
1
 10
15.899999999999999
 20
1.2099999999999993
 10
16.280000000000005
 20
1.2099999999999993
 10
16.280000000000005
 20
1.589999999999999
 10
15.899999999999999
 20
1.589999999999999
  0
LWPOLYLINE
  5
522
330
17
100
AcDbEntity
  8
sanitario
100
AcDbPolyline
 90
4
 70
1
 10
16.3
 20
1.7500000000000007
 10
16.349999999999998
 20
1.7500000000000007
 10
16.349999999999998
 20
2.25
 10
16.3
 20
2.25
  0
CIRCLE
  5
523
330
17
100
AcDbEntity
  8
sanitario
100
AcDbCircle
 10
16.1
 20
1.9999999999999991
 30
0.0
 40
0.19000000000000003
  0
LWPOLYLINE
  5
524
330
17
100
AcDbEntity
  8
sanitario
100
AcDbPolyline
 90
4
 70
1
 10
15.899999999999999
 20
1.8099999999999994
 10
16.280000000000005
 20
1.8099999999999994
 10
16.280000000000005
 20
2.189999999999999
 10
15.899999999999999
 20
2.189999999999999
  0
LWPOLYLINE
  5
525
330
17
100
AcDbEntity
  8
mobiliario
100
AcDbPolyline
 90
4
 70
1
 10
15.949999999999996
 20
2.5000000000000004
 10
16.349999999999998
 20
2.5000000000000004
 10
16.349999999999998
 20
2.85
 10
15.949999999999996
 20
2.85
  0
LINE
  5
526
330
17
100
AcDbEntity
  8
sanitario
100
AcDbLine
 10
15.949999999999996
 20
2.5000000000000004
 30
0.0
 11
16.15
 21
3.15
 31
0.0
  0
LWPOLYLINE
  5
527
330
17
100
AcDbEntity
  8
sanitario
100
AcDbPolyline
 90
4
 70
1
 10
13.900000000000002
 20
0.34999999999999926
 10
14.85
 20
0.34999999999999926
 10
14.85
 20
1.3000000000000007
 10
13.900000000000002
 20
1.3000000000000007
  0
LINE
  5
528
330
17
100
AcDbEntity
  8
sanitario
100
AcDbLine
 10
13.900000000000002
 20
0.34999999999999926
 30
0.0
 11
14.85
 21
1.3000000000000007
 31
0.0
  0
CIRCLE
  5
529
330
17
100
AcDbEntity
  8
sanitario
100
AcDbCircle
 10
14.02
 20
0.470000000000001
 30
0.0
 40
0.05000000000000001
  0
CIRCLE
  5
52A
330
17
100
AcDbEntity
  8
sanitario
100
AcDbCircle
 10
14.38
 20
1.2499999999999993
 30
0.0
 40
0.06
  0
LWPOLYLINE
  5
52B
330
17
100
AcDbEntity
  8
sanitario
100
AcDbPolyline
 90
4
 70
1
 10
15.0
 20
0.34999999999999926
 10
15.949999999999996
 20
0.34999999999999926
 10
15.949999999999996
 20
1.3000000000000007
 10
15.0
 20
1.3000000000000007
  0
LINE
  5
52C
330
17
100
AcDbEntity
  8
sanitario
100
AcDbLine
 10
15.0
 20
0.34999999999999926
 30
0.0
 11
15.949999999999996
 21
1.3000000000000007
 31
0.0
  0
CIRCLE
  5
52D
330
17
100
AcDbEntity
  8
sanitario
100
AcDbCircle
 10
15.120000000000001
 20
0.470000000000001
 30
0.0
 40
0.05000000000000001
  0
CIRCLE
  5
52E
330
17
100
AcDbEntity
  8
sanitario
100
AcDbCircle
 10
15.479999999999997
 20
1.2499999999999993
 30
0.0
 40
0.06
  0
LWPOLYLINE
  5
52F
330
17
100
AcDbEntity
  8
hatch
100
AcDbPolyline
 90
3
 70
0
 10
16.15
 20
3.799999999999999
 10
16.5
 20
3.799999999999999
 10
16.5
 20
3.4499999999999997
  0
LWPOLYLINE
  5
530
330
17
100
AcDbEntity
  8
mobiliario
100
AcDbPolyline
 90
4
 70
1
 10
13.750000000000002
 20
8.65
 10
14.350000000000001
 20
8.65
 10
14.350000000000001
 20
9.15
 10
13.750000000000002
 20
9.15
  0
LWPOLYLINE
  5
531
330
17
100
AcDbEntity
  8
mobiliario
100
AcDbPolyline
 90
4
 70
1
 10
13.750000000000002
 20
8.049999999999999
 10
14.350000000000001
 20
8.049999999999999
 10
14.350000000000001
 20
8.549999999999999
 10
13.750000000000002
 20
8.549999999999999
  0
LWPOLYLINE
  5
532
330
17
100
AcDbEntity
  8
mobiliario
100
AcDbPolyline
 90
4
 70
1
 10
13.750000000000002
 20
7.449999999999998
 10
14.350000000000001
 20
7.449999999999998
 10
14.350000000000001
 20
7.949999999999999
 10
13.750000000000002
 20
7.949999999999999
  0
LWPOLYLINE
  5
533
330
17
100
AcDbEntity
  8
sanitario
100
AcDbPolyline
 90
4
 70
1
 10
16.3
 20
8.549999999999999
 10
16.349999999999998
 20
8.549999999999999
 10
16.349999999999998
 20
9.049999999999999
 10
16.3
 20
9.049999999999999
  0
CIRCLE
  5
534
330
17
100
AcDbEntity
  8
sanitario
100
AcDbCircle
 10
16.1
 20
8.799999999999999
 30
0.0
 40
0.19000000000000003
  0
LWPOLYLINE
  5
535
330
17
100
AcDbEntity
  8
sanitario
100
AcDbPolyline
 90
4
 70
1
 10
15.899999999999999
 20
8.610000000000001
 10
16.280000000000005
 20
8.610000000000001
 10
16.280000000000005
 20
8.989999999999998
 10
15.899999999999999
 20
8.989999999999998
  0
LWPOLYLINE
  5
536
330
17
100
AcDbEntity
  8
sanitario
100
AcDbPolyline
 90
4
 70
1
 10
16.3
 20
7.949999999999999
 10
16.349999999999998
 20
7.949999999999999
 10
16.349999999999998
 20
8.45
 10
16.3
 20
8.45
  0
CIRCLE
  5
537
330
17
100
AcDbEntity
  8
sanitario
100
AcDbCircle
 10
16.1
 20
8.199999999999998
 30
0.0
 40
0.19000000000000003
  0
LWPOLYLINE
  5
538
330
17
100
AcDbEntity
  8
sanitario
100
AcDbPolyline
 90
4
 70
1
 10
15.899999999999999
 20
8.01
 10
16.280000000000005
 20
8.01
 10
16.280000000000005
 20
8.39
 10
15.899999999999999
 20
8.39
  0
LWPOLYLINE
  5
539
330
17
100
AcDbEntity
  8
sanitario
100
AcDbPolyline
 90
4
 70
1
 10
16.3
 20
7.35
 10
16.349999999999998
 20
7.35
 10
16.349999999999998
 20
7.850000000000001
 10
16.3
 20
7.850000000000001
  0
CIRCLE
  5
53A
330
17
100
AcDbEntity
  8
sanitario
100
AcDbCircle
 10
16.1
 20
7.599999999999998
 30
0.0
 40
0.19000000000000003
  0
LWPOLYLINE
  5
53B
330
17
100
AcDbEntity
  8
sanitario
100
AcDbPolyline
 90
4
 70
1
 10
15.899999999999999
 20
7.41
 10
16.280000000000005
 20
7.41
 10
16.280000000000005
 20
7.79
 10
15.899999999999999
 20
7.79
  0
LWPOLYLINE
  5
53C
330
17
100
AcDbEntity
  8
mobiliario
100
AcDbPolyline
 90
4
 70
1
 10
15.949999999999996
 20
6.449999999999999
 10
16.349999999999998
 20
6.449999999999999
 10
16.349999999999998
 20
6.799999999999999
 10
15.949999999999996
 20
6.799999999999999
  0
LINE
  5
53D
330
17
100
AcDbEntity
  8
sanitario
100
AcDbLine
 10
15.949999999999996
 20
7.100000000000001
 30
0.0
 11
16.15
 21
6.449999999999999
 31
0.0
  0
LWPOLYLINE
  5
53E
330
17
100
AcDbEntity
  8
sanitario
100
AcDbPolyline
 90
4
 70
1
 10
13.900000000000002
 20
8.299999999999999
 10
14.85
 20
8.299999999999999
 10
14.85
 20
9.249999999999998
 10
13.900000000000002
 20
9.249999999999998
  0
LINE
  5
53F
330
17
100
AcDbEntity
  8
sanitario
100
AcDbLine
 10
13.900000000000002
 20
8.299999999999999
 30
0.0
 11
14.85
 21
9.249999999999998
 31
0.0
  0
CIRCLE
  5
540
330
17
100
AcDbEntity
  8
sanitario
100
AcDbCircle
 10
14.02
 20
8.419999999999998
 30
0.0
 40
0.05000000000000001
  0
CIRCLE
  5
541
330
17
100
AcDbEntity
  8
sanitario
100
AcDbCircle
 10
14.38
 20
9.2
 30
0.0
 40
0.06
  0
LWPOLYLINE
  5
542
330
17
100
AcDbEntity
  8
sanitario
100
AcDbPolyline
 90
4
 70
1
 10
15.0
 20
8.299999999999999
 10
15.949999999999996
 20
8.299999999999999
 10
15.949999999999996
 20
9.249999999999998
 10
15.0
 20
9.249999999999998
  0
LINE
  5
543
330
17
100
AcDbEntity
  8
sanitario
100
AcDbLine
 10
15.0
 20
8.299999999999999
 30
0.0
 11
15.949999999999996
 21
9.249999999999998
 31
0.0
  0
CIRCLE
  5
544
330
17
100
AcDbEntity
  8
sanitario
100
AcDbCircle
 10
15.120000000000001
 20
8.419999999999998
 30
0.0
 40
0.05000000000000001
  0
CIRCLE
  5
545
330
17
100
AcDbEntity
  8
sanitario
100
AcDbCircle
 10
15.479999999999997
 20
9.2
 30
0.0
 40
0.06
  0
LWPOLYLINE
  5
546
330
17
100
AcDbEntity
  8
hatch
100
AcDbPolyline
 90
3
 70
0
 10
16.15
 20
5.799999999999998
 10
16.5
 20
5.799999999999998
 10
16.5
 20
6.1499999999999995
  0
LWPOLYLINE
  5
547
330
17
100
AcDbEntity
  8
marco-fino
100
AcDbPolyline
 90
4
 70
1
 10
16.65
 20
7.889999999999999
 10
20.05
 20
7.889999999999999
 10
20.05
 20
9.35
 10
16.65
 20
9.35
  0
TEXT
  5
548
330
17
100
AcDbEntity
  8
texto-suave
100
AcDbText
 10
18.35
 20
8.569999999999999
 30
0.0
 40
0.1425
  1
DESCANSO +1,63
 72
1
 11
18.35
 21
8.569999999999999
 31
0.0
100
AcDbText
  0
LINE
  5
549
330
17
100
AcDbEntity
  8
marco-fino
100
AcDbLine
 10
16.65
 20
5.65
 30
0.0
 11
18.250000000000004
 21
5.65
 31
0.0
  0
LINE
  5
54A
330
17
100
AcDbEntity
  8
marco-fino
100
AcDbLine
 10
18.45
 20
5.65
 30
0.0
 11
20.05
 21
5.65
 31
0.0
  0
LINE
  5
54B
330
17
100
AcDbEntity
  8
marco-fino
100
AcDbLine
 10
16.65
 20
5.93
 30
0.0
 11
18.250000000000004
 21
5.93
 31
0.0
  0
LINE
  5
54C
330
17
100
AcDbEntity
  8
marco-fino
100
AcDbLine
 10
18.45
 20
5.93
 30
0.0
 11
20.05
 21
5.93
 31
0.0
  0
LINE
  5
54D
330
17
100
AcDbEntity
  8
marco-fino
100
AcDbLine
 10
16.65
 20
6.210000000000001
 30
0.0
 11
18.250000000000004
 21
6.210000000000001
 31
0.0
  0
LINE
  5
54E
330
17
100
AcDbEntity
  8
marco-fino
100
AcDbLine
 10
18.45
 20
6.210000000000001
 30
0.0
 11
20.05
 21
6.210000000000001
 31
0.0
  0
LINE
  5
54F
330
17
100
AcDbEntity
  8
marco-fino
100
AcDbLine
 10
16.65
 20
6.490000000000002
 30
0.0
 11
18.250000000000004
 21
6.490000000000002
 31
0.0
  0
LINE
  5
550
330
17
100
AcDbEntity
  8
marco-fino
100
AcDbLine
 10
18.45
 20
6.490000000000002
 30
0.0
 11
20.05
 21
6.490000000000002
 31
0.0
  0
LINE
  5
551
330
17
100
AcDbEntity
  8
marco-fino
100
AcDbLine
 10
16.65
 20
6.7700000000000005
 30
0.0
 11
18.250000000000004
 21
6.7700000000000005
 31
0.0
  0
LINE
  5
552
330
17
100
AcDbEntity
  8
marco-fino
100
AcDbLine
 10
18.45
 20
6.7700000000000005
 30
0.0
 11
20.05
 21
6.7700000000000005
 31
0.0
  0
LINE
  5
553
330
17
100
AcDbEntity
  8
marco-fino
100
AcDbLine
 10
16.65
 20
7.05
 30
0.0
 11
18.250000000000004
 21
7.05
 31
0.0
  0
LINE
  5
554
330
17
100
AcDbEntity
  8
marco-fino
100
AcDbLine
 10
18.45
 20
7.05
 30
0.0
 11
20.05
 21
7.05
 31
0.0
  0
LINE
  5
555
330
17
100
AcDbEntity
  8
marco-fino
100
AcDbLine
 10
16.65
 20
7.330000000000001
 30
0.0
 11
18.250000000000004
 21
7.330000000000001
 31
0.0
  0
LINE
  5
556
330
17
100
AcDbEntity
  8
marco-fino
100
AcDbLine
 10
18.45
 20
7.330000000000001
 30
0.0
 11
20.05
 21
7.330000000000001
 31
0.0
  0
LINE
  5
557
330
17
100
AcDbEntity
  8
marco-fino
100
AcDbLine
 10
16.65
 20
7.609999999999999
 30
0.0
 11
18.250000000000004
 21
7.609999999999999
 31
0.0
  0
LINE
  5
558
330
17
100
AcDbEntity
  8
marco-fino
100
AcDbLine
 10
18.45
 20
7.609999999999999
 30
0.0
 11
20.05
 21
7.609999999999999
 31
0.0
  0
LINE
  5
559
330
17
100
AcDbEntity
  8
marco-fino
100
AcDbLine
 10
16.65
 20
7.890000000000001
 30
0.0
 11
18.250000000000004
 21
7.890000000000001
 31
0.0
  0
LINE
  5
55A
330
17
100
AcDbEntity
  8
marco-fino
100
AcDbLine
 10
18.45
 20
7.890000000000001
 30
0.0
 11
20.05
 21
7.890000000000001
 31
0.0
  0
LINE
  5
55B
330
17
100
AcDbEntity
  8
marco-fino
100
AcDbLine
 10
16.65
 20
8.170000000000002
 30
0.0
 11
18.250000000000004
 21
8.170000000000002
 31
0.0
  0
LINE
  5
55C
330
17
100
AcDbEntity
  8
marco-fino
100
AcDbLine
 10
18.45
 20
8.170000000000002
 30
0.0
 11
20.05
 21
8.170000000000002
 31
0.0
  0
LINE
  5
55D
330
17
100
AcDbEntity
  8
marco-fino
100
AcDbLine
 10
16.65
 20
5.65
 30
0.0
 11
16.65
 21
7.889999999999999
 31
0.0
  0
LINE
  5
55E
330
17
100
AcDbEntity
  8
marco-fino
100
AcDbLine
 10
18.250000000000004
 20
5.65
 30
0.0
 11
18.250000000000004
 21
7.889999999999999
 31
0.0
  0
LINE
  5
55F
330
17
100
AcDbEntity
  8
marco-fino
100
AcDbLine
 10
18.45
 20
5.65
 30
0.0
 11
18.45
 21
7.889999999999999
 31
0.0
  0
LINE
  5
560
330
17
100
AcDbEntity
  8
marco-fino
100
AcDbLine
 10
20.05
 20
5.65
 30
0.0
 11
20.05
 21
7.889999999999999
 31
0.0
  0
LINE
  5
561
330
17
100
AcDbEntity
  8
marco-fino
100
AcDbLine
 10
18.35
 20
5.65
 30
0.0
 11
18.35
 21
7.889999999999999
 31
0.0
  0
LWPOLYLINE
  5
562
330
17
100
AcDbEntity
  8
marco-medio
100
AcDbPolyline
 90
3
 70
0
 10
16.65
 20
6.7188
 10
18.250000000000004
 20
7.038799999999998
 10
16.65
 20
7.358800000000002
  0
LINE
  5
563
330
17
100
AcDbEntity
  8
carpinteria
100
AcDbLine
 10
17.449999999999996
 20
5.900000000000001
 30
0.0
 11
17.449999999999996
 21
7.589999999999999
 31
0.0
  0
CIRCLE
  5
564
330
17
100
AcDbEntity
  8
carpinteria
100
AcDbCircle
 10
17.449999999999996
 20
5.900000000000001
 30
0.0
 40
0.10000000000000002
  0
LWPOLYLINE
  5
565
330
17
100
AcDbEntity
  8
carpinteria
100
AcDbPolyline
 90
3
 70
1
 10
17.449999999999996
 20
7.589999999999999
 10
17.289999999999996
 20
7.43
 10
17.61
 20
7.43
  0
LWPOLYLINE
  5
566
330
17
100
AcDbEntity
  8
carpinteria
100
AcDbPolyline
 90
3
 70
1
 10
17.449999999999996
 20
7.589999999999999
 10
17.289999999999996
 20
7.43
 10
17.61
 20
7.43
  0
LINE
  5
567
330
17
100
AcDbEntity
  8
hatch
100
AcDbLine
 10
17.397867965644036
 20
7.43
 30
0.0
 11
17.503933982822016
 21
7.536066017177978
 31
0.0
  0
TEXT
  5
568
330
17
100
AcDbEntity
  8
texto
100
AcDbText
 10
17.449999999999996
 20
8.140000000000002
 30
0.0
 40
0.15
  1
SUBE N.P.T. +3,25
 72
1
 11
17.449999999999996
 21
8.140000000000002
 31
0.0
100
AcDbText
  0
LINE
  5
569
330
17
100
AcDbEntity
  8
carpinteria
100
AcDbLine
 10
19.25
 20
7.640000000000001
 30
0.0
 11
19.25
 21
6.0
 31
0.0
  0
CIRCLE
  5
56A
330
17
100
AcDbEntity
  8
carpinteria
100
AcDbCircle
 10
19.25
 20
7.640000000000001
 30
0.0
 40
0.10000000000000002
  0
LWPOLYLINE
  5
56B
330
17
100
AcDbEntity
  8
carpinteria
100
AcDbPolyline
 90
3
 70
1
 10
19.25
 20
6.0
 10
19.089999999999996
 20
6.159999999999999
 10
19.41
 20
6.159999999999999
  0
LWPOLYLINE
  5
56C
330
17
100
AcDbEntity
  8
carpinteria
100
AcDbPolyline
 90
3
 70
1
 10
19.25
 20
6.0
 10
19.089999999999996
 20
6.159999999999999
 10
19.41
 20
6.159999999999999
  0
LINE
  5
56D
330
17
100
AcDbEntity
  8
hatch
100
AcDbLine
 10
19.143933982822016
 20
6.106066017177982
 30
0.0
 11
19.197867965644033
 21
6.159999999999998
 31
0.0
  0
TEXT
  5
56E
330
17
100
AcDbEntity
  8
texto
100
AcDbText
 10
19.25
 20
5.450000000000001
 30
0.0
 40
0.15
  1
BAJA A DESCANSO +1,63
 72
1
 11
19.25
 21
5.450000000000001
 31
0.0
100
AcDbText
  0
TEXT
  5
56F
330
17
100
AcDbEntity
  8
texto
100
AcDbText
 10
1.8500000000000003
 20
2.285
 30
0.0
 40
0.17625
  1
D-101
 72
1
 11
1.8500000000000003
 21
2.285
 31
0.0
100
AcDbText
  0
TEXT
  5
570
330
17
100
AcDbEntity
  8
texto
100
AcDbText
 10
1.8500000000000003
 20
2.0150000000000006
 30
0.0
 40
0.16125
  1
Dormitorio doble
 72
1
 11
1.8500000000000003
 21
2.0150000000000006
 31
0.0
100
AcDbText
  0
TEXT
  5
571
330
17
100
AcDbEntity
  8
texto-suave
100
AcDbText
 10
1.8500000000000003
 20
1.745000000000001
 30
0.0
 40
0.16125
  1
11,36 m²
 72
1
 11
1.8500000000000003
 21
1.745000000000001
 31
0.0
100
AcDbText
  0
TEXT
  5
572
330
17
100
AcDbEntity
  8
texto
100
AcDbText
 10
5.2
 20
2.285
 30
0.0
 40
0.17625
  1
D-102
 72
1
 11
5.2
 21
2.285
 31
0.0
100
AcDbText
  0
TEXT
  5
573
330
17
100
AcDbEntity
  8
texto
100
AcDbText
 10
5.2
 20
2.0150000000000006
 30
0.0
 40
0.16125
  1
Dormitorio doble
 72
1
 11
5.2
 21
2.0150000000000006
 31
0.0
100
AcDbText
  0
TEXT
  5
574
330
17
100
AcDbEntity
  8
texto-suave
100
AcDbText
 10
5.2
 20
1.745000000000001
 30
0.0
 40
0.16125
  1
11,36 m²
 72
1
 11
5.2
 21
1.745000000000001
 31
0.0
100
AcDbText
  0
TEXT
  5
575
330
17
100
AcDbEntity
  8
texto
100
AcDbText
 10
8.549999999999999
 20
2.285
 30
0.0
 40
0.17625
  1
D-103
 72
1
 11
8.549999999999999
 21
2.285
 31
0.0
100
AcDbText
  0
TEXT
  5
576
330
17
100
AcDbEntity
  8
texto
100
AcDbText
 10
8.549999999999999
 20
2.0150000000000006
 30
0.0
 40
0.16125
  1
Dormitorio doble
 72
1
 11
8.549999999999999
 21
2.0150000000000006
 31
0.0
100
AcDbText
  0
TEXT
  5
577
330
17
100
AcDbEntity
  8
texto-suave
100
AcDbText
 10
8.549999999999999
 20
1.745000000000001
 30
0.0
 40
0.16125
  1
11,36 m²
 72
1
 11
8.549999999999999
 21
1.745000000000001
 31
0.0
100
AcDbText
  0
TEXT
  5
578
330
17
100
AcDbEntity
  8
texto
100
AcDbText
 10
11.9
 20
2.285
 30
0.0
 40
0.17625
  1
D-104
 72
1
 11
11.9
 21
2.285
 31
0.0
100
AcDbText
  0
TEXT
  5
579
330
17
100
AcDbEntity
  8
texto
100
AcDbText
 10
11.9
 20
2.0150000000000006
 30
0.0
 40
0.16125
  1
Dormitorio doble
 72
1
 11
11.9
 21
2.0150000000000006
 31
0.0
100
AcDbText
  0
TEXT
  5
57A
330
17
100
AcDbEntity
  8
texto-suave
100
AcDbText
 10
11.9
 20
1.745000000000001
 30
0.0
 40
0.16125
  1
11,36 m²
 72
1
 11
11.9
 21
1.745000000000001
 31
0.0
100
AcDbText
  0
TEXT
  5
57B
330
17
100
AcDbEntity
  8
texto
100
AcDbText
 10
1.8500000000000003
 20
7.834999999999997
 30
0.0
 40
0.17625
  1
D-105
 72
1
 11
1.8500000000000003
 21
7.834999999999997
 31
0.0
100
AcDbText
  0
TEXT
  5
57C
330
17
100
AcDbEntity
  8
texto
100
AcDbText
 10
1.8500000000000003
 20
7.565
 30
0.0
 40
0.16125
  1
Dormitorio doble
 72
1
 11
1.8500000000000003
 21
7.565
 31
0.0
100
AcDbText
  0
TEXT
  5
57D
330
17
100
AcDbEntity
  8
texto-suave
100
AcDbText
 10
1.8500000000000003
 20
7.294999999999998
 30
0.0
 40
0.16125
  1
11,36 m²
 72
1
 11
1.8500000000000003
 21
7.294999999999998
 31
0.0
100
AcDbText
  0
TEXT
  5
57E
330
17
100
AcDbEntity
  8
texto
100
AcDbText
 10
5.2
 20
7.834999999999997
 30
0.0
 40
0.17625
  1
D-106
 72
1
 11
5.2
 21
7.834999999999997
 31
0.0
100
AcDbText
  0
TEXT
  5
57F
330
17
100
AcDbEntity
  8
texto
100
AcDbText
 10
5.2
 20
7.565
 30
0.0
 40
0.16125
  1
Dormitorio doble
 72
1
 11
5.2
 21
7.565
 31
0.0
100
AcDbText
  0
TEXT
  5
580
330
17
100
AcDbEntity
  8
texto-suave
100
AcDbText
 10
5.2
 20
7.294999999999998
 30
0.0
 40
0.16125
  1
11,36 m²
 72
1
 11
5.2
 21
7.294999999999998
 31
0.0
100
AcDbText
  0
TEXT
  5
581
330
17
100
AcDbEntity
  8
texto
100
AcDbText
 10
8.549999999999999
 20
7.834999999999997
 30
0.0
 40
0.17625
  1
D-107
 72
1
 11
8.549999999999999
 21
7.834999999999997
 31
0.0
100
AcDbText
  0
TEXT
  5
582
330
17
100
AcDbEntity
  8
texto
100
AcDbText
 10
8.549999999999999
 20
7.565
 30
0.0
 40
0.16125
  1
Dormitorio doble
 72
1
 11
8.549999999999999
 21
7.565
 31
0.0
100
AcDbText
  0
TEXT
  5
583
330
17
100
AcDbEntity
  8
texto-suave
100
AcDbText
 10
8.549999999999999
 20
7.294999999999998
 30
0.0
 40
0.16125
  1
11,36 m²
 72
1
 11
8.549999999999999
 21
7.294999999999998
 31
0.0
100
AcDbText
  0
TEXT
  5
584
330
17
100
AcDbEntity
  8
texto
100
AcDbText
 10
11.9
 20
7.834999999999997
 30
0.0
 40
0.17625
  1
D-108
 72
1
 11
11.9
 21
7.834999999999997
 31
0.0
100
AcDbText
  0
TEXT
  5
585
330
17
100
AcDbEntity
  8
texto
100
AcDbText
 10
11.9
 20
7.565
 30
0.0
 40
0.16125
  1
Dormitorio doble
 72
1
 11
11.9
 21
7.565
 31
0.0
100
AcDbText
  0
TEXT
  5
586
330
17
100
AcDbEntity
  8
texto-suave
100
AcDbText
 10
11.9
 20
7.294999999999998
 30
0.0
 40
0.16125
  1
11,36 m²
 72
1
 11
11.9
 21
7.294999999999998
 31
0.0
100
AcDbText
  0
TEXT
  5
587
330
17
100
AcDbEntity
  8
texto
100
AcDbText
 10
15.075
 20
2.285
 30
0.0
 40
0.17625
  1
SS-1
 72
1
 11
15.075
 21
2.285
 31
0.0
100
AcDbText
  0
TEXT
  5
588
330
17
100
AcDbEntity
  8
texto
100
AcDbText
 10
15.075
 20
2.0150000000000006
 30
0.0
 40
0.16125
  1
SS.HH. damas
 72
1
 11
15.075
 21
2.0150000000000006
 31
0.0
100
AcDbText
  0
TEXT
  5
589
330
17
100
AcDbEntity
  8
texto-suave
100
AcDbText
 10
15.075
 20
1.745000000000001
 30
0.0
 40
0.16125
  1
10,12 m²
 72
1
 11
15.075
 21
1.745000000000001
 31
0.0
100
AcDbText
  0
TEXT
  5
58A
330
17
100
AcDbEntity
  8
texto
100
AcDbText
 10
15.075
 20
7.834999999999997
 30
0.0
 40
0.17625
  1
SS-3
 72
1
 11
15.075
 21
7.834999999999997
 31
0.0
100
AcDbText
  0
TEXT
  5
58B
330
17
100
AcDbEntity
  8
texto
100
AcDbText
 10
15.075
 20
7.565
 30
0.0
 40
0.16125
  1
SS.HH. varones
 72
1
 11
15.075
 21
7.565
 31
0.0
100
AcDbText
  0
TEXT
  5
58C
330
17
100
AcDbEntity
  8
texto-suave
100
AcDbText
 10
15.075
 20
7.294999999999998
 30
0.0
 40
0.16125
  1
10,12 m²
 72
1
 11
15.075
 21
7.294999999999998
 31
0.0
100
AcDbText
  0
TEXT
  5
58D
330
17
100
AcDbEntity
  8
texto
100
AcDbText
 10
18.35
 20
6.78
 30
0.0
 40
0.1575
  1
E-01
 72
1
 11
18.35
 21
6.78
 31
0.0
100
AcDbText
  0
TEXT
  5
58E
330
17
100
AcDbEntity
  8
texto
100
AcDbText
 10
18.35
 20
6.510000000000001
 30
0.0
 40
0.1425
  1
Escalera
 72
1
 11
18.35
 21
6.510000000000001
 31
0.0
100
AcDbText
  0
TEXT
  5
58F
330
17
100
AcDbEntity
  8
texto
100
AcDbText
 10
18.35
 20
2.489999999999999
 30
0.0
 40
0.17625
  1
V-01
 72
1
 11
18.35
 21
2.489999999999999
 31
0.0
100
AcDbText
  0
TEXT
  5
590
330
17
100
AcDbEntity
  8
texto
100
AcDbText
 10
18.35
 20
2.2199999999999993
 30
0.0
 40
0.16125
  1
Vestíbulo
 72
1
 11
18.35
 21
2.2199999999999993
 31
0.0
100
AcDbText
  0
TEXT
  5
591
330
17
100
AcDbEntity
  8
texto
100
AcDbText
 10
18.35
 20
1.95
 30
0.0
 40
0.16125
  1
Recepción
 72
1
 11
18.35
 21
1.95
 31
0.0
100
AcDbText
  0
TEXT
  5
592
330
17
100
AcDbEntity
  8
texto-suave
100
AcDbText
 10
18.35
 20
1.6800000000000004
 30
0.0
 40
0.16125
  1
12,58 m²
 72
1
 11
18.35
 21
1.6800000000000004
 31
0.0
100
AcDbText
  0
TEXT
  5
593
330
17
100
AcDbEntity
  8
texto
100
AcDbText
 10
21.975000000000005
 20
2.414999999999999
 30
0.0
 40
0.17625
  1
DP-01
 72
1
 11
21.975000000000005
 21
2.414999999999999
 31
0.0
100
AcDbText
  0
TEXT
  5
594
330
17
100
AcDbEntity
  8
texto
100
AcDbText
 10
21.975000000000005
 20
2.1449999999999996
 30
0.0
 40
0.16125
  1
Depósito
 72
1
 11
21.975000000000005
 21
2.1449999999999996
 31
0.0
100
AcDbText
  0
TEXT
  5
595
330
17
100
AcDbEntity
  8
texto
100
AcDbText
 10
21.975000000000005
 20
1.875
 30
0.0
 40
0.16125
  1
Cuarto técnico
 72
1
 11
21.975000000000005
 21
1.875
 31
0.0
100
AcDbText
  0
TEXT
  5
596
330
17
100
AcDbEntity
  8
texto-suave
100
AcDbText
 10
21.975000000000005
 20
1.6050000000000004
 30
0.0
 40
0.16125
  1
12,60 m²
 72
1
 11
21.975000000000005
 21
1.6050000000000004
 31
0.0
100
AcDbText
  0
TEXT
  5
597
330
17
100
AcDbEntity
  8
texto
100
AcDbText
 10
21.975000000000005
 20
7.834999999999997
 30
0.0
 40
0.17625
  1
LV-01
 72
1
 11
21.975000000000005
 21
7.834999999999997
 31
0.0
100
AcDbText
  0
TEXT
  5
598
330
17
100
AcDbEntity
  8
texto
100
AcDbText
 10
21.975000000000005
 20
7.565
 30
0.0
 40
0.16125
  1
Lavandería
 72
1
 11
21.975000000000005
 21
7.565
 31
0.0
100
AcDbText
  0
TEXT
  5
599
330
17
100
AcDbEntity
  8
texto-suave
100
AcDbText
 10
21.975000000000005
 20
7.294999999999998
 30
0.0
 40
0.16125
  1
12,60 m²
 72
1
 11
21.975000000000005
 21
7.294999999999998
 31
0.0
100
AcDbText
  0
TEXT
  5
59A
330
17
100
AcDbEntity
  8
texto
100
AcDbText
 10
8.45
 20
5.189999999999999
 30
0.0
 40
0.1575
  1
P-01
 72
1
 11
8.45
 21
5.189999999999999
 31
0.0
100
AcDbText
  0
TEXT
  5
59B
330
17
100
AcDbEntity
  8
texto
100
AcDbText
 10
8.45
 20
4.920000000000002
 30
0.0
 40
0.1425
  1
Pasillo
 72
1
 11
8.45
 21
4.920000000000002
 31
0.0
100
AcDbText
  0
TEXT
  5
59C
330
17
100
AcDbEntity
  8
texto
100
AcDbText
 10
8.45
 20
4.6499999999999995
 30
0.0
 40
0.1425
  1
Distribuidor
 72
1
 11
8.45
 21
4.6499999999999995
 31
0.0
100
AcDbText
  0
TEXT
  5
59D
330
17
100
AcDbEntity
  8
texto-suave
100
AcDbText
 10
8.45
 20
4.38
 30
0.0
 40
0.1425
  1
27,88 m²
 72
1
 11
8.45
 21
4.38
 31
0.0
100
AcDbText
  0
TEXT
  5
59E
330
17
100
AcDbEntity
  8
texto
100
AcDbText
 10
21.975000000000005
 20
5.060000000000002
 30
0.0
 40
0.1575
  1
DI-01
 72
1
 11
21.975000000000005
 21
5.060000000000002
 31
0.0
100
AcDbText
  0
TEXT
  5
59F
330
17
100
AcDbEntity
  8
texto
100
AcDbText
 10
21.975000000000005
 20
4.79
 30
0.0
 40
0.1425
  1
Distribuidor
 72
1
 11
21.975000000000005
 21
4.79
 31
0.0
100
AcDbText
  0
TEXT
  5
5A0
330
17
100
AcDbEntity
  8
texto-suave
100
AcDbText
 10
21.975000000000005
 20
4.5200000000000005
 30
0.0
 40
0.1425
  1
6,04 m²
 72
1
 11
21.975000000000005
 21
4.5200000000000005
 31
0.0
100
AcDbText
  0
TEXT
  5
5A1
330
17
100
AcDbEntity
  8
texto-suave
100
AcDbText
 10
2.1
 20
0.6
 30
0.0
 40
0.15
  1
N.P.T. ±0,00
100
AcDbText
  0
TEXT
  5
5A2
330
17
100
AcDbEntity
  8
texto-suave
100
AcDbText
 10
21.0
 20
2.899999999999999
 30
0.0
 40
0.15
  1
N.P.T. ±0,00
100
AcDbText
  0
LINE
  5
5A3
330
17
100
AcDbEntity
  8
eje
100
AcDbLine
 10
0.12500000000000036
 20
-0.9500000000000014
 30
0.0
 11
0.12500000000000036
 21
10.549999999999999
 31
0.0
  0
CIRCLE
  5
5A4
330
17
100
AcDbEntity
  8
marco-medio
100
AcDbCircle
 10
3.7833333333333337
 20
-5.166666666666668
 30
0.0
 40
0.2
  0
TEXT
  5
5A5
330
17
100
AcDbEntity
  8
texto
100
AcDbText
 10
3.7833333333333337
 20
-5.190416666666668
 30
0.0
 40
0.13
  1
A
 72
1
 11
3.7833333333333337
 21
-5.190416666666668
 31
0.0
100
AcDbText
  0
CIRCLE
  5
5A6
330
17
100
AcDbEntity
  8
marco-medio
100
AcDbCircle
 10
3.7833333333333337
 20
-13.433333333333335
 30
0.0
 40
0.2
  0
TEXT
  5
5A7
330
17
100
AcDbEntity
  8
texto
100
AcDbText
 10
3.7833333333333337
 20
-13.457083333333337
 30
0.0
 40
0.13
  1
A
 72
1
 11
3.7833333333333337
 21
-13.457083333333337
 31
0.0
100
AcDbText
  0
LINE
  5
5A8
330
17
100
AcDbEntity
  8
eje
100
AcDbLine
 10
3.525
 20
-0.9500000000000014
 30
0.0
 11
3.525
 21
10.549999999999999
 31
0.0
  0
CIRCLE
  5
5A9
330
17
100
AcDbEntity
  8
marco-medio
100
AcDbCircle
 10
6.050000000000001
 20
-5.166666666666668
 30
0.0
 40
0.2
  0
TEXT
  5
5AA
330
17
100
AcDbEntity
  8
texto
100
AcDbText
 10
6.050000000000001
 20
-5.190416666666668
 30
0.0
 40
0.13
  1
B
 72
1
 11
6.050000000000001
 21
-5.190416666666668
 31
0.0
100
AcDbText
  0
CIRCLE
  5
5AB
330
17
100
AcDbEntity
  8
marco-medio
100
AcDbCircle
 10
6.050000000000001
 20
-13.433333333333335
 30
0.0
 40
0.2
  0
TEXT
  5
5AC
330
17
100
AcDbEntity
  8
texto
100
AcDbText
 10
6.050000000000001
 20
-13.457083333333337
 30
0.0
 40
0.13
  1
B
 72
1
 11
6.050000000000001
 21
-13.457083333333337
 31
0.0
100
AcDbText
  0
LINE
  5
5AD
330
17
100
AcDbEntity
  8
eje
100
AcDbLine
 10
6.875000000000001
 20
-0.9500000000000014
 30
0.0
 11
6.875000000000001
 21
10.549999999999999
 31
0.0
  0
CIRCLE
  5
5AE
330
17
100
AcDbEntity
  8
marco-medio
100
AcDbCircle
 10
8.283333333333335
 20
-5.166666666666668
 30
0.0
 40
0.2
  0
TEXT
  5
5AF
330
17
100
AcDbEntity
  8
texto
100
AcDbText
 10
8.283333333333335
 20
-5.190416666666668
 30
0.0
 40
0.13
  1
C
 72
1
 11
8.283333333333335
 21
-5.190416666666668
 31
0.0
100
AcDbText
  0
CIRCLE
  5
5B0
330
17
100
AcDbEntity
  8
marco-medio
100
AcDbCircle
 10
8.283333333333335
 20
-13.433333333333335
 30
0.0
 40
0.2
  0
TEXT
  5
5B1
330
17
100
AcDbEntity
  8
texto
100
AcDbText
 10
8.283333333333335
 20
-13.457083333333337
 30
0.0
 40
0.13
  1
C
 72
1
 11
8.283333333333335
 21
-13.457083333333337
 31
0.0
100
AcDbText
  0
LINE
  5
5B2
330
17
100
AcDbEntity
  8
eje
100
AcDbLine
 10
10.225
 20
-0.9500000000000014
 30
0.0
 11
10.225
 21
10.549999999999999
 31
0.0
  0
CIRCLE
  5
5B3
330
17
100
AcDbEntity
  8
marco-medio
100
AcDbCircle
 10
10.516666666666667
 20
-5.166666666666668
 30
0.0
 40
0.2
  0
TEXT
  5
5B4
330
17
100
AcDbEntity
  8
texto
100
AcDbText
 10
10.516666666666667
 20
-5.190416666666668
 30
0.0
 40
0.13
  1
D
 72
1
 11
10.516666666666667
 21
-5.190416666666668
 31
0.0
100
AcDbText
  0
CIRCLE
  5
5B5
330
17
100
AcDbEntity
  8
marco-medio
100
AcDbCircle
 10
10.516666666666667
 20
-13.433333333333335
 30
0.0
 40
0.2
  0
TEXT
  5
5B6
330
17
100
AcDbEntity
  8
texto
100
AcDbText
 10
10.516666666666667
 20
-13.457083333333337
 30
0.0
 40
0.13
  1
D
 72
1
 11
10.516666666666667
 21
-13.457083333333337
 31
0.0
100
AcDbText
  0
LINE
  5
5B7
330
17
100
AcDbEntity
  8
eje
100
AcDbLine
 10
13.575
 20
-0.9500000000000014
 30
0.0
 11
13.575
 21
10.549999999999999
 31
0.0
  0
CIRCLE
  5
5B8
330
17
100
AcDbEntity
  8
marco-medio
100
AcDbCircle
 10
12.75
 20
-5.166666666666668
 30
0.0
 40
0.2
  0
TEXT
  5
5B9
330
17
100
AcDbEntity
  8
texto
100
AcDbText
 10
12.75
 20
-5.190416666666668
 30
0.0
 40
0.13
  1
E
 72
1
 11
12.75
 21
-5.190416666666668
 31
0.0
100
AcDbText
  0
CIRCLE
  5
5BA
330
17
100
AcDbEntity
  8
marco-medio
100
AcDbCircle
 10
12.75
 20
-13.433333333333335
 30
0.0
 40
0.2
  0
TEXT
  5
5BB
330
17
100
AcDbEntity
  8
texto
100
AcDbText
 10
12.75
 20
-13.457083333333337
 30
0.0
 40
0.13
  1
E
 72
1
 11
12.75
 21
-13.457083333333337
 31
0.0
100
AcDbText
  0
LINE
  5
5BC
330
17
100
AcDbEntity
  8
eje
100
AcDbLine
 10
16.575
 20
-0.9500000000000014
 30
0.0
 11
16.575
 21
10.549999999999999
 31
0.0
  0
CIRCLE
  5
5BD
330
17
100
AcDbEntity
  8
marco-medio
100
AcDbCircle
 10
14.75
 20
-5.166666666666668
 30
0.0
 40
0.2
  0
TEXT
  5
5BE
330
17
100
AcDbEntity
  8
texto
100
AcDbText
 10
14.75
 20
-5.190416666666668
 30
0.0
 40
0.13
  1
F
 72
1
 11
14.75
 21
-5.190416666666668
 31
0.0
100
AcDbText
  0
CIRCLE
  5
5BF
330
17
100
AcDbEntity
  8
marco-medio
100
AcDbCircle
 10
14.75
 20
-13.433333333333335
 30
0.0
 40
0.2
  0
TEXT
  5
5C0
330
17
100
AcDbEntity
  8
texto
100
AcDbText
 10
14.75
 20
-13.457083333333337
 30
0.0
 40
0.13
  1
F
 72
1
 11
14.75
 21
-13.457083333333337
 31
0.0
100
AcDbText
  0
LINE
  5
5C1
330
17
100
AcDbEntity
  8
eje
100
AcDbLine
 10
20.125000000000004
 20
-0.9500000000000014
 30
0.0
 11
20.125000000000004
 21
10.549999999999999
 31
0.0
  0
CIRCLE
  5
5C2
330
17
100
AcDbEntity
  8
marco-medio
100
AcDbCircle
 10
17.11666666666667
 20
-5.166666666666668
 30
0.0
 40
0.2
  0
TEXT
  5
5C3
330
17
100
AcDbEntity
  8
texto
100
AcDbText
 10
17.11666666666667
 20
-5.190416666666668
 30
0.0
 40
0.13
  1
G
 72
1
 11
17.11666666666667
 21
-5.190416666666668
 31
0.0
100
AcDbText
  0
CIRCLE
  5
5C4
330
17
100
AcDbEntity
  8
marco-medio
100
AcDbCircle
 10
17.11666666666667
 20
-13.433333333333335
 30
0.0
 40
0.2
  0
TEXT
  5
5C5
330
17
100
AcDbEntity
  8
texto
100
AcDbText
 10
17.11666666666667
 20
-13.457083333333337
 30
0.0
 40
0.13
  1
G
 72
1
 11
17.11666666666667
 21
-13.457083333333337
 31
0.0
100
AcDbText
  0
LINE
  5
5C6
330
17
100
AcDbEntity
  8
eje
100
AcDbLine
 10
23.875000000000004
 20
-0.9500000000000014
 30
0.0
 11
23.875000000000004
 21
10.549999999999999
 31
0.0
  0
CIRCLE
  5
5C7
330
17
100
AcDbEntity
  8
marco-medio
100
AcDbCircle
 10
19.61666666666667
 20
-5.166666666666668
 30
0.0
 40
0.2
  0
TEXT
  5
5C8
330
17
100
AcDbEntity
  8
texto
100
AcDbText
 10
19.61666666666667
 20
-5.190416666666668
 30
0.0
 40
0.13
  1
H
 72
1
 11
19.61666666666667
 21
-5.190416666666668
 31
0.0
100
AcDbText
  0
CIRCLE
  5
5C9
330
17
100
AcDbEntity
  8
marco-medio
100
AcDbCircle
 10
19.61666666666667
 20
-13.433333333333335
 30
0.0
 40
0.2
  0
TEXT
  5
5CA
330
17
100
AcDbEntity
  8
texto
100
AcDbText
 10
19.61666666666667
 20
-13.457083333333337
 30
0.0
 40
0.13
  1
H
 72
1
 11
19.61666666666667
 21
-13.457083333333337
 31
0.0
100
AcDbText
  0
LINE
  5
5CB
330
17
100
AcDbEntity
  8
eje
100
AcDbLine
 10
-0.9499999999999997
 20
0.12499999999999928
 30
0.0
 11
24.95
 21
0.12499999999999928
 31
0.0
  0
CIRCLE
  5
5CC
330
17
100
AcDbEntity
  8
marco-medio
100
AcDbCircle
 10
2.716666666666667
 20
-12.416666666666668
 30
0.0
 40
0.2
  0
TEXT
  5
5CD
330
17
100
AcDbEntity
  8
texto
100
AcDbText
 10
2.716666666666667
 20
-12.440416666666668
 30
0.0
 40
0.13
  1
1
 72
1
 11
2.716666666666667
 21
-12.440416666666668
 31
0.0
100
AcDbText
  0
CIRCLE
  5
5CE
330
17
100
AcDbEntity
  8
marco-medio
100
AcDbCircle
 10
20.683333333333337
 20
-12.416666666666668
 30
0.0
 40
0.2
  0
TEXT
  5
5CF
330
17
100
AcDbEntity
  8
texto
100
AcDbText
 10
20.683333333333337
 20
-12.440416666666668
 30
0.0
 40
0.13
  1
1
 72
1
 11
20.683333333333337
 21
-12.440416666666668
 31
0.0
100
AcDbText
  0
LINE
  5
5D0
330
17
100
AcDbEntity
  8
eje
100
AcDbLine
 10
-0.9499999999999997
 20
3.8750000000000013
 30
0.0
 11
24.95
 21
3.8750000000000013
 31
0.0
  0
CIRCLE
  5
5D1
330
17
100
AcDbEntity
  8
marco-medio
100
AcDbCircle
 10
2.716666666666667
 20
-9.916666666666666
 30
0.0
 40
0.2
  0
TEXT
  5
5D2
330
17
100
AcDbEntity
  8
texto
100
AcDbText
 10
2.716666666666667
 20
-9.940416666666666
 30
0.0
 40
0.13
  1
2
 72
1
 11
2.716666666666667
 21
-9.940416666666666
 31
0.0
100
AcDbText
  0
CIRCLE
  5
5D3
330
17
100
AcDbEntity
  8
marco-medio
100
AcDbCircle
 10
20.683333333333337
 20
-9.916666666666666
 30
0.0
 40
0.2
  0
TEXT
  5
5D4
330
17
100
AcDbEntity
  8
texto
100
AcDbText
 10
20.683333333333337
 20
-9.940416666666666
 30
0.0
 40
0.13
  1
2
 72
1
 11
20.683333333333337
 21
-9.940416666666666
 31
0.0
100
AcDbText
  0
LINE
  5
5D5
330
17
100
AcDbEntity
  8
eje
100
AcDbLine
 10
-0.9499999999999997
 20
5.724999999999999
 30
0.0
 11
24.95
 21
5.724999999999999
 31
0.0
  0
CIRCLE
  5
5D6
330
17
100
AcDbEntity
  8
marco-medio
100
AcDbCircle
 10
2.716666666666667
 20
-8.683333333333335
 30
0.0
 40
0.2
  0
TEXT
  5
5D7
330
17
100
AcDbEntity
  8
texto
100
AcDbText
 10
2.716666666666667
 20
-8.707083333333335
 30
0.0
 40
0.13
  1
3
 72
1
 11
2.716666666666667
 21
-8.707083333333335
 31
0.0
100
AcDbText
  0
CIRCLE
  5
5D8
330
17
100
AcDbEntity
  8
marco-medio
100
AcDbCircle
 10
20.683333333333337
 20
-8.683333333333335
 30
0.0
 40
0.2
  0
TEXT
  5
5D9
330
17
100
AcDbEntity
  8
texto
100
AcDbText
 10
20.683333333333337
 20
-8.707083333333335
 30
0.0
 40
0.13
  1
3
 72
1
 11
20.683333333333337
 21
-8.707083333333335
 31
0.0
100
AcDbText
  0
LINE
  5
5DA
330
17
100
AcDbEntity
  8
eje
100
AcDbLine
 10
-0.9499999999999997
 20
9.475
 30
0.0
 11
24.95
 21
9.475
 31
0.0
  0
CIRCLE
  5
5DB
330
17
100
AcDbEntity
  8
marco-medio
100
AcDbCircle
 10
2.716666666666667
 20
-6.183333333333334
 30
0.0
 40
0.2
  0
TEXT
  5
5DC
330
17
100
AcDbEntity
  8
texto
100
AcDbText
 10
2.716666666666667
 20
-6.207083333333333
 30
0.0
 40
0.13
  1
4
 72
1
 11
2.716666666666667
 21
-6.207083333333333
 31
0.0
100
AcDbText
  0
CIRCLE
  5
5DD
330
17
100
AcDbEntity
  8
marco-medio
100
AcDbCircle
 10
20.683333333333337
 20
-6.183333333333334
 30
0.0
 40
0.2
  0
TEXT
  5
5DE
330
17
100
AcDbEntity
  8
texto
100
AcDbText
 10
20.683333333333337
 20
-6.207083333333333
 30
0.0
 40
0.13
  1
4
 72
1
 11
20.683333333333337
 21
-6.207083333333333
 31
0.0
100
AcDbText
  0
LINE
  5
5DF
330
17
100
AcDbEntity
  8
cota
100
AcDbLine
 10
3.7
 20
-12.575000000000001
 30
0.0
 11
3.7
 21
-13.725000000000001
 31
0.0
  0
LINE
  5
5E0
330
17
100
AcDbEntity
  8
cota
100
AcDbLine
 10
19.700000000000003
 20
-12.575000000000001
 30
0.0
 11
19.700000000000003
 21
-13.725000000000001
 31
0.0
  0
LINE
  5
5E1
330
17
100
AcDbEntity
  8
cota
100
AcDbLine
 10
3.7
 20
-13.65
 30
0.0
 11
19.700000000000003
 21
-13.65
 31
0.0
  0
LINE
  5
5E2
330
17
100
AcDbEntity
  8
cota
100
AcDbLine
 10
3.625
 20
-13.725000000000001
 30
0.0
 11
3.7750000000000004
 21
-13.575000000000001
 31
0.0
  0
LINE
  5
5E3
330
17
100
AcDbEntity
  8
cota
100
AcDbLine
 10
19.625
 20
-13.725000000000001
 30
0.0
 11
19.775000000000002
 21
-13.575000000000001
 31
0.0
  0
TEXT
  5
5E4
330
17
100
AcDbEntity
  8
cota-texto
100
AcDbText
 10
11.700000000000001
 20
-13.594999999999999
 30
0.0
 40
0.13
  1
24,00
 72
1
 11
11.700000000000001
 21
-13.594999999999999
 31
0.0
100
AcDbText
  0
LINE
  5
5E5
330
17
100
AcDbEntity
  8
cota
100
AcDbLine
 10
3.7
 20
-12.575000000000001
 30
0.0
 11
3.7
 21
-13.225000000000001
 31
0.0
  0
LINE
  5
5E6
330
17
100
AcDbEntity
  8
cota
100
AcDbLine
 10
3.8666666666666667
 20
-12.575000000000001
 30
0.0
 11
3.8666666666666667
 21
-13.225000000000001
 31
0.0
  0
LINE
  5
5E7
330
17
100
AcDbEntity
  8
cota
100
AcDbLine
 10
3.7
 20
-13.15
 30
0.0
 11
3.8666666666666667
 21
-13.15
 31
0.0
  0
LINE
  5
5E8
330
17
100
AcDbEntity
  8
cota
100
AcDbLine
 10
3.625
 20
-13.225000000000001
 30
0.0
 11
3.7750000000000004
 21
-13.075000000000001
 31
0.0
  0
LINE
  5
5E9
330
17
100
AcDbEntity
  8
cota
100
AcDbLine
 10
3.7916666666666665
 20
-13.225000000000001
 30
0.0
 11
3.9416666666666664
 21
-13.075000000000001
 31
0.0
  0
TEXT
  5
5EA
330
17
100
AcDbEntity
  8
cota-texto
100
AcDbText
 10
3.783333333333333
 20
-13.094999999999999
 30
0.0
 40
0.095
  1
0,25
 72
1
 11
3.783333333333333
 21
-13.094999999999999
 31
0.0
100
AcDbText
  0
LINE
  5
5EB
330
17
100
AcDbEntity
  8
cota
100
AcDbLine
 10
3.8666666666666667
 20
-12.575000000000001
 30
0.0
 11
3.8666666666666667
 21
-13.225000000000001
 31
0.0
  0
LINE
  5
5EC
330
17
100
AcDbEntity
  8
cota
100
AcDbLine
 10
6.0
 20
-12.575000000000001
 30
0.0
 11
6.0
 21
-13.225000000000001
 31
0.0
  0
LINE
  5
5ED
330
17
100
AcDbEntity
  8
cota
100
AcDbLine
 10
3.8666666666666667
 20
-13.15
 30
0.0
 11
6.0
 21
-13.15
 31
0.0
  0
LINE
  5
5EE
330
17
100
AcDbEntity
  8
cota
100
AcDbLine
 10
3.7916666666666665
 20
-13.225000000000001
 30
0.0
 11
3.9416666666666664
 21
-13.075000000000001
 31
0.0
  0
LINE
  5
5EF
330
17
100
AcDbEntity
  8
cota
100
AcDbLine
 10
5.925000000000001
 20
-13.225000000000001
 30
0.0
 11
6.075
 21
-13.075000000000001
 31
0.0
  0
TEXT
  5
5F0
330
17
100
AcDbEntity
  8
cota-texto
100
AcDbText
 10
4.933333333333334
 20
-13.094999999999999
 30
0.0
 40
0.095
  1
3,20
 72
1
 11
4.933333333333334
 21
-13.094999999999999
 31
0.0
100
AcDbText
  0
LINE
  5
5F1
330
17
100
AcDbEntity
  8
cota
100
AcDbLine
 10
6.0
 20
-12.575000000000001
 30
0.0
 11
6.0
 21
-13.225000000000001
 31
0.0
  0
LINE
  5
5F2
330
17
100
AcDbEntity
  8
cota
100
AcDbLine
 10
6.1000000000000005
 20
-12.575000000000001
 30
0.0
 11
6.1000000000000005
 21
-13.225000000000001
 31
0.0
  0
LINE
  5
5F3
330
17
100
AcDbEntity
  8
cota
100
AcDbLine
 10
6.0
 20
-13.15
 30
0.0
 11
6.1000000000000005
 21
-13.15
 31
0.0
  0
LINE
  5
5F4
330
17
100
AcDbEntity
  8
cota
100
AcDbLine
 10
5.925000000000001
 20
-13.225000000000001
 30
0.0
 11
6.075
 21
-13.075000000000001
 31
0.0
  0
LINE
  5
5F5
330
17
100
AcDbEntity
  8
cota
100
AcDbLine
 10
6.025
 20
-13.225000000000001
 30
0.0
 11
6.175000000000001
 21
-13.075000000000001
 31
0.0
  0
TEXT
  5
5F6
330
17
100
AcDbEntity
  8
cota-texto
100
AcDbText
 10
6.050000000000001
 20
-13.094999999999999
 30
0.0
 40
0.095
  1
0,15
 72
1
 11
6.050000000000001
 21
-13.094999999999999
 31
0.0
100
AcDbText
  0
LINE
  5
5F7
330
17
100
AcDbEntity
  8
cota
100
AcDbLine
 10
6.1000000000000005
 20
-12.575000000000001
 30
0.0
 11
6.1000000000000005
 21
-13.225000000000001
 31
0.0
  0
LINE
  5
5F8
330
17
100
AcDbEntity
  8
cota
100
AcDbLine
 10
8.233333333333334
 20
-12.575000000000001
 30
0.0
 11
8.233333333333334
 21
-13.225000000000001
 31
0.0
  0
LINE
  5
5F9
330
17
100
AcDbEntity
  8
cota
100
AcDbLine
 10
6.1000000000000005
 20
-13.15
 30
0.0
 11
8.233333333333334
 21
-13.15
 31
0.0
  0
LINE
  5
5FA
330
17
100
AcDbEntity
  8
cota
100
AcDbLine
 10
6.025
 20
-13.225000000000001
 30
0.0
 11
6.175000000000001
 21
-13.075000000000001
 31
0.0
  0
LINE
  5
5FB
330
17
100
AcDbEntity
  8
cota
100
AcDbLine
 10
8.158333333333335
 20
-13.225000000000001
 30
0.0
 11
8.308333333333335
 21
-13.075000000000001
 31
0.0
  0
TEXT
  5
5FC
330
17
100
AcDbEntity
  8
cota-texto
100
AcDbText
 10
7.166666666666668
 20
-13.094999999999999
 30
0.0
 40
0.095
  1
3,20
 72
1
 11
7.166666666666668
 21
-13.094999999999999
 31
0.0
100
AcDbText
  0
LINE
  5
5FD
330
17
100
AcDbEntity
  8
cota
100
AcDbLine
 10
8.233333333333334
 20
-12.575000000000001
 30
0.0
 11
8.233333333333334
 21
-13.225000000000001
 31
0.0
  0
LINE
  5
5FE
330
17
100
AcDbEntity
  8
cota
100
AcDbLine
 10
8.333333333333334
 20
-12.575000000000001
 30
0.0
 11
8.333333333333334
 21
-13.225000000000001
 31
0.0
  0
LINE
  5
5FF
330
17
100
AcDbEntity
  8
cota
100
AcDbLine
 10
8.233333333333334
 20
-13.15
 30
0.0
 11
8.333333333333334
 21
-13.15
 31
0.0
  0
LINE
  5
600
330
17
100
AcDbEntity
  8
cota
100
AcDbLine
 10
8.158333333333335
 20
-13.225000000000001
 30
0.0
 11
8.308333333333335
 21
-13.075000000000001
 31
0.0
  0
LINE
  5
601
330
17
100
AcDbEntity
  8
cota
100
AcDbLine
 10
8.258333333333335
 20
-13.225000000000001
 30
0.0
 11
8.408333333333335
 21
-13.075000000000001
 31
0.0
  0
TEXT
  5
602
330
17
100
AcDbEntity
  8
cota-texto
100
AcDbText
 10
8.283333333333335
 20
-13.094999999999999
 30
0.0
 40
0.095
  1
0,15
 72
1
 11
8.283333333333335
 21
-13.094999999999999
 31
0.0
100
AcDbText
  0
LINE
  5
603
330
17
100
AcDbEntity
  8
cota
100
AcDbLine
 10
8.333333333333334
 20
-12.575000000000001
 30
0.0
 11
8.333333333333334
 21
-13.225000000000001
 31
0.0
  0
LINE
  5
604
330
17
100
AcDbEntity
  8
cota
100
AcDbLine
 10
10.466666666666669
 20
-12.575000000000001
 30
0.0
 11
10.466666666666669
 21
-13.225000000000001
 31
0.0
  0
LINE
  5
605
330
17
100
AcDbEntity
  8
cota
100
AcDbLine
 10
8.333333333333334
 20
-13.15
 30
0.0
 11
10.466666666666669
 21
-13.15
 31
0.0
  0
LINE
  5
606
330
17
100
AcDbEntity
  8
cota
100
AcDbLine
 10
8.258333333333335
 20
-13.225000000000001
 30
0.0
 11
8.408333333333335
 21
-13.075000000000001
 31
0.0
  0
LINE
  5
607
330
17
100
AcDbEntity
  8
cota
100
AcDbLine
 10
10.391666666666667
 20
-13.225000000000001
 30
0.0
 11
10.541666666666668
 21
-13.075000000000001
 31
0.0
  0
TEXT
  5
608
330
17
100
AcDbEntity
  8
cota-texto
100
AcDbText
 10
9.4
 20
-13.094999999999999
 30
0.0
 40
0.095
  1
3,20
 72
1
 11
9.4
 21
-13.094999999999999
 31
0.0
100
AcDbText
  0
LINE
  5
609
330
17
100
AcDbEntity
  8
cota
100
AcDbLine
 10
10.466666666666669
 20
-12.575000000000001
 30
0.0
 11
10.466666666666669
 21
-13.225000000000001
 31
0.0
  0
LINE
  5
60A
330
17
100
AcDbEntity
  8
cota
100
AcDbLine
 10
10.566666666666668
 20
-12.575000000000001
 30
0.0
 11
10.566666666666668
 21
-13.225000000000001
 31
0.0
  0
LINE
  5
60B
330
17
100
AcDbEntity
  8
cota
100
AcDbLine
 10
10.466666666666669
 20
-13.15
 30
0.0
 11
10.566666666666668
 21
-13.15
 31
0.0
  0
LINE
  5
60C
330
17
100
AcDbEntity
  8
cota
100
AcDbLine
 10
10.391666666666667
 20
-13.225000000000001
 30
0.0
 11
10.541666666666668
 21
-13.075000000000001
 31
0.0
  0
LINE
  5
60D
330
17
100
AcDbEntity
  8
cota
100
AcDbLine
 10
10.491666666666667
 20
-13.225000000000001
 30
0.0
 11
10.641666666666667
 21
-13.075000000000001
 31
0.0
  0
TEXT
  5
60E
330
17
100
AcDbEntity
  8
cota-texto
100
AcDbText
 10
10.516666666666667
 20
-13.094999999999999
 30
0.0
 40
0.095
  1
0,15
 72
1
 11
10.516666666666667
 21
-13.094999999999999
 31
0.0
100
AcDbText
  0
LINE
  5
60F
330
17
100
AcDbEntity
  8
cota
100
AcDbLine
 10
10.566666666666668
 20
-12.575000000000001
 30
0.0
 11
10.566666666666668
 21
-13.225000000000001
 31
0.0
  0
LINE
  5
610
330
17
100
AcDbEntity
  8
cota
100
AcDbLine
 10
12.700000000000001
 20
-12.575000000000001
 30
0.0
 11
12.700000000000001
 21
-13.225000000000001
 31
0.0
  0
LINE
  5
611
330
17
100
AcDbEntity
  8
cota
100
AcDbLine
 10
10.566666666666668
 20
-13.15
 30
0.0
 11
12.700000000000001
 21
-13.15
 31
0.0
  0
LINE
  5
612
330
17
100
AcDbEntity
  8
cota
100
AcDbLine
 10
10.491666666666667
 20
-13.225000000000001
 30
0.0
 11
10.641666666666667
 21
-13.075000000000001
 31
0.0
  0
LINE
  5
613
330
17
100
AcDbEntity
  8
cota
100
AcDbLine
 10
12.625
 20
-13.225000000000001
 30
0.0
 11
12.775
 21
-13.075000000000001
 31
0.0
  0
TEXT
  5
614
330
17
100
AcDbEntity
  8
cota-texto
100
AcDbText
 10
11.633333333333335
 20
-13.094999999999999
 30
0.0
 40
0.095
  1
3,20
 72
1
 11
11.633333333333335
 21
-13.094999999999999
 31
0.0
100
AcDbText
  0
LINE
  5
615
330
17
100
AcDbEntity
  8
cota
100
AcDbLine
 10
12.700000000000001
 20
-12.575000000000001
 30
0.0
 11
12.700000000000001
 21
-13.225000000000001
 31
0.0
  0
LINE
  5
616
330
17
100
AcDbEntity
  8
cota
100
AcDbLine
 10
12.8
 20
-12.575000000000001
 30
0.0
 11
12.8
 21
-13.225000000000001
 31
0.0
  0
LINE
  5
617
330
17
100
AcDbEntity
  8
cota
100
AcDbLine
 10
12.700000000000001
 20
-13.15
 30
0.0
 11
12.8
 21
-13.15
 31
0.0
  0
LINE
  5
618
330
17
100
AcDbEntity
  8
cota
100
AcDbLine
 10
12.625
 20
-13.225000000000001
 30
0.0
 11
12.775
 21
-13.075000000000001
 31
0.0
  0
LINE
  5
619
330
17
100
AcDbEntity
  8
cota
100
AcDbLine
 10
12.725000000000001
 20
-13.225000000000001
 30
0.0
 11
12.875
 21
-13.075000000000001
 31
0.0
  0
TEXT
  5
61A
330
17
100
AcDbEntity
  8
cota-texto
100
AcDbText
 10
12.75
 20
-13.094999999999999
 30
0.0
 40
0.095
  1
0,15
 72
1
 11
12.75
 21
-13.094999999999999
 31
0.0
100
AcDbText
  0
LINE
  5
61B
330
17
100
AcDbEntity
  8
cota
100
AcDbLine
 10
12.8
 20
-12.575000000000001
 30
0.0
 11
12.8
 21
-13.225000000000001
 31
0.0
  0
LINE
  5
61C
330
17
100
AcDbEntity
  8
cota
100
AcDbLine
 10
14.700000000000001
 20
-12.575000000000001
 30
0.0
 11
14.700000000000001
 21
-13.225000000000001
 31
0.0
  0
LINE
  5
61D
330
17
100
AcDbEntity
  8
cota
100
AcDbLine
 10
12.8
 20
-13.15
 30
0.0
 11
14.700000000000001
 21
-13.15
 31
0.0
  0
LINE
  5
61E
330
17
100
AcDbEntity
  8
cota
100
AcDbLine
 10
12.725000000000001
 20
-13.225000000000001
 30
0.0
 11
12.875
 21
-13.075000000000001
 31
0.0
  0
LINE
  5
61F
330
17
100
AcDbEntity
  8
cota
100
AcDbLine
 10
14.625
 20
-13.225000000000001
 30
0.0
 11
14.775
 21
-13.075000000000001
 31
0.0
  0
TEXT
  5
620
330
17
100
AcDbEntity
  8
cota-texto
100
AcDbText
 10
13.75
 20
-13.094999999999999
 30
0.0
 40
0.095
  1
2,85
 72
1
 11
13.75
 21
-13.094999999999999
 31
0.0
100
AcDbText
  0
LINE
  5
621
330
17
100
AcDbEntity
  8
cota
100
AcDbLine
 10
14.700000000000001
 20
-12.575000000000001
 30
0.0
 11
14.700000000000001
 21
-13.225000000000001
 31
0.0
  0
LINE
  5
622
330
17
100
AcDbEntity
  8
cota
100
AcDbLine
 10
14.8
 20
-12.575000000000001
 30
0.0
 11
14.8
 21
-13.225000000000001
 31
0.0
  0
LINE
  5
623
330
17
100
AcDbEntity
  8
cota
100
AcDbLine
 10
14.700000000000001
 20
-13.15
 30
0.0
 11
14.8
 21
-13.15
 31
0.0
  0
LINE
  5
624
330
17
100
AcDbEntity
  8
cota
100
AcDbLine
 10
14.625
 20
-13.225000000000001
 30
0.0
 11
14.775
 21
-13.075000000000001
 31
0.0
  0
LINE
  5
625
330
17
100
AcDbEntity
  8
cota
100
AcDbLine
 10
14.725000000000001
 20
-13.225000000000001
 30
0.0
 11
14.875
 21
-13.075000000000001
 31
0.0
  0
TEXT
  5
626
330
17
100
AcDbEntity
  8
cota-texto
100
AcDbText
 10
14.75
 20
-13.094999999999999
 30
0.0
 40
0.095
  1
0,15
 72
1
 11
14.75
 21
-13.094999999999999
 31
0.0
100
AcDbText
  0
LINE
  5
627
330
17
100
AcDbEntity
  8
cota
100
AcDbLine
 10
14.8
 20
-12.575000000000001
 30
0.0
 11
14.8
 21
-13.225000000000001
 31
0.0
  0
LINE
  5
628
330
17
100
AcDbEntity
  8
cota
100
AcDbLine
 10
17.06666666666667
 20
-12.575000000000001
 30
0.0
 11
17.06666666666667
 21
-13.225000000000001
 31
0.0
  0
LINE
  5
629
330
17
100
AcDbEntity
  8
cota
100
AcDbLine
 10
14.8
 20
-13.15
 30
0.0
 11
17.06666666666667
 21
-13.15
 31
0.0
  0
LINE
  5
62A
330
17
100
AcDbEntity
  8
cota
100
AcDbLine
 10
14.725000000000001
 20
-13.225000000000001
 30
0.0
 11
14.875
 21
-13.075000000000001
 31
0.0
  0
LINE
  5
62B
330
17
100
AcDbEntity
  8
cota
100
AcDbLine
 10
16.99166666666667
 20
-13.225000000000001
 30
0.0
 11
17.14166666666667
 21
-13.075000000000001
 31
0.0
  0
TEXT
  5
62C
330
17
100
AcDbEntity
  8
cota-texto
100
AcDbText
 10
15.933333333333335
 20
-13.094999999999999
 30
0.0
 40
0.095
  1
3,40
 72
1
 11
15.933333333333335
 21
-13.094999999999999
 31
0.0
100
AcDbText
  0
LINE
  5
62D
330
17
100
AcDbEntity
  8
cota
100
AcDbLine
 10
17.06666666666667
 20
-12.575000000000001
 30
0.0
 11
17.06666666666667
 21
-13.225000000000001
 31
0.0
  0
LINE
  5
62E
330
17
100
AcDbEntity
  8
cota
100
AcDbLine
 10
17.166666666666668
 20
-12.575000000000001
 30
0.0
 11
17.166666666666668
 21
-13.225000000000001
 31
0.0
  0
LINE
  5
62F
330
17
100
AcDbEntity
  8
cota
100
AcDbLine
 10
17.06666666666667
 20
-13.15
 30
0.0
 11
17.166666666666668
 21
-13.15
 31
0.0
  0
LINE
  5
630
330
17
100
AcDbEntity
  8
cota
100
AcDbLine
 10
16.99166666666667
 20
-13.225000000000001
 30
0.0
 11
17.14166666666667
 21
-13.075000000000001
 31
0.0
  0
LINE
  5
631
330
17
100
AcDbEntity
  8
cota
100
AcDbLine
 10
17.091666666666665
 20
-13.225000000000001
 30
0.0
 11
17.241666666666667
 21
-13.075000000000001
 31
0.0
  0
TEXT
  5
632
330
17
100
AcDbEntity
  8
cota-texto
100
AcDbText
 10
17.11666666666667
 20
-13.094999999999999
 30
0.0
 40
0.095
  1
0,15
 72
1
 11
17.11666666666667
 21
-13.094999999999999
 31
0.0
100
AcDbText
  0
LINE
  5
633
330
17
100
AcDbEntity
  8
cota
100
AcDbLine
 10
17.166666666666668
 20
-12.575000000000001
 30
0.0
 11
17.166666666666668
 21
-13.225000000000001
 31
0.0
  0
LINE
  5
634
330
17
100
AcDbEntity
  8
cota
100
AcDbLine
 10
19.533333333333335
 20
-12.575000000000001
 30
0.0
 11
19.533333333333335
 21
-13.225000000000001
 31
0.0
  0
LINE
  5
635
330
17
100
AcDbEntity
  8
cota
100
AcDbLine
 10
17.166666666666668
 20
-13.15
 30
0.0
 11
19.533333333333335
 21
-13.15
 31
0.0
  0
LINE
  5
636
330
17
100
AcDbEntity
  8
cota
100
AcDbLine
 10
17.091666666666665
 20
-13.225000000000001
 30
0.0
 11
17.241666666666667
 21
-13.075000000000001
 31
0.0
  0
LINE
  5
637
330
17
100
AcDbEntity
  8
cota
100
AcDbLine
 10
19.458333333333336
 20
-13.225000000000001
 30
0.0
 11
19.608333333333334
 21
-13.075000000000001
 31
0.0
  0
TEXT
  5
638
330
17
100
AcDbEntity
  8
cota-texto
100
AcDbText
 10
18.35
 20
-13.094999999999999
 30
0.0
 40
0.095
  1
3,55
 72
1
 11
18.35
 21
-13.094999999999999
 31
0.0
100
AcDbText
  0
LINE
  5
639
330
17
100
AcDbEntity
  8
cota
100
AcDbLine
 10
19.533333333333335
 20
-12.575000000000001
 30
0.0
 11
19.533333333333335
 21
-13.225000000000001
 31
0.0
  0
LINE
  5
63A
330
17
100
AcDbEntity
  8
cota
100
AcDbLine
 10
19.700000000000003
 20
-12.575000000000001
 30
0.0
 11
19.700000000000003
 21
-13.225000000000001
 31
0.0
  0
LINE
  5
63B
330
17
100
AcDbEntity
  8
cota
100
AcDbLine
 10
19.533333333333335
 20
-13.15
 30
0.0
 11
19.700000000000003
 21
-13.15
 31
0.0
  0
LINE
  5
63C
330
17
100
AcDbEntity
  8
cota
100
AcDbLine
 10
19.458333333333336
 20
-13.225000000000001
 30
0.0
 11
19.608333333333334
 21
-13.075000000000001
 31
0.0
  0
LINE
  5
63D
330
17
100
AcDbEntity
  8
cota
100
AcDbLine
 10
19.625
 20
-13.225000000000001
 30
0.0
 11
19.775000000000002
 21
-13.075000000000001
 31
0.0
  0
TEXT
  5
63E
330
17
100
AcDbEntity
  8
cota-texto
100
AcDbText
 10
19.61666666666667
 20
-13.094999999999999
 30
0.0
 40
0.095
  1
0,25
 72
1
 11
19.61666666666667
 21
-13.094999999999999
 31
0.0
100
AcDbText
  0
LINE
  5
63F
330
17
100
AcDbEntity
  8
cota
100
AcDbLine
 10
3.7833333333333337
 20
-12.575000000000001
 30
0.0
 11
3.7833333333333337
 21
-14.225000000000001
 31
0.0
  0
LINE
  5
640
330
17
100
AcDbEntity
  8
cota
100
AcDbLine
 10
6.050000000000001
 20
-12.575000000000001
 30
0.0
 11
6.050000000000001
 21
-14.225000000000001
 31
0.0
  0
LINE
  5
641
330
17
100
AcDbEntity
  8
cota
100
AcDbLine
 10
3.7833333333333337
 20
-14.15
 30
0.0
 11
6.050000000000001
 21
-14.15
 31
0.0
  0
LINE
  5
642
330
17
100
AcDbEntity
  8
cota
100
AcDbLine
 10
3.708333333333334
 20
-14.225000000000001
 30
0.0
 11
3.858333333333334
 21
-14.075000000000001
 31
0.0
  0
LINE
  5
643
330
17
100
AcDbEntity
  8
cota
100
AcDbLine
 10
5.9750000000000005
 20
-14.225000000000001
 30
0.0
 11
6.125
 21
-14.075000000000001
 31
0.0
  0
TEXT
  5
644
330
17
100
AcDbEntity
  8
cota-texto
100
AcDbText
 10
4.916666666666668
 20
-14.094999999999999
 30
0.0
 40
0.105
  1
3,40
 72
1
 11
4.916666666666668
 21
-14.094999999999999
 31
0.0
100
AcDbText
  0
LINE
  5
645
330
17
100
AcDbEntity
  8
cota
100
AcDbLine
 10
6.050000000000001
 20
-12.575000000000001
 30
0.0
 11
6.050000000000001
 21
-14.225000000000001
 31
0.0
  0
LINE
  5
646
330
17
100
AcDbEntity
  8
cota
100
AcDbLine
 10
8.283333333333335
 20
-12.575000000000001
 30
0.0
 11
8.283333333333335
 21
-14.225000000000001
 31
0.0
  0
LINE
  5
647
330
17
100
AcDbEntity
  8
cota
100
AcDbLine
 10
6.050000000000001
 20
-14.15
 30
0.0
 11
8.283333333333335
 21
-14.15
 31
0.0
  0
LINE
  5
648
330
17
100
AcDbEntity
  8
cota
100
AcDbLine
 10
5.9750000000000005
 20
-14.225000000000001
 30
0.0
 11
6.125
 21
-14.075000000000001
 31
0.0
  0
LINE
  5
649
330
17
100
AcDbEntity
  8
cota
100
AcDbLine
 10
8.208333333333334
 20
-14.225000000000001
 30
0.0
 11
8.358333333333334
 21
-14.075000000000001
 31
0.0
  0
TEXT
  5
64A
330
17
100
AcDbEntity
  8
cota-texto
100
AcDbText
 10
7.166666666666668
 20
-14.094999999999999
 30
0.0
 40
0.105
  1
3,35
 72
1
 11
7.166666666666668
 21
-14.094999999999999
 31
0.0
100
AcDbText
  0
LINE
  5
64B
330
17
100
AcDbEntity
  8
cota
100
AcDbLine
 10
8.283333333333335
 20
-12.575000000000001
 30
0.0
 11
8.283333333333335
 21
-14.225000000000001
 31
0.0
  0
LINE
  5
64C
330
17
100
AcDbEntity
  8
cota
100
AcDbLine
 10
10.516666666666667
 20
-12.575000000000001
 30
0.0
 11
10.516666666666667
 21
-14.225000000000001
 31
0.0
  0
LINE
  5
64D
330
17
100
AcDbEntity
  8
cota
100
AcDbLine
 10
8.283333333333335
 20
-14.15
 30
0.0
 11
10.516666666666667
 21
-14.15
 31
0.0
  0
LINE
  5
64E
330
17
100
AcDbEntity
  8
cota
100
AcDbLine
 10
8.208333333333334
 20
-14.225000000000001
 30
0.0
 11
8.358333333333334
 21
-14.075000000000001
 31
0.0
  0
LINE
  5
64F
330
17
100
AcDbEntity
  8
cota
100
AcDbLine
 10
10.441666666666668
 20
-14.225000000000001
 30
0.0
 11
10.591666666666669
 21
-14.075000000000001
 31
0.0
  0
TEXT
  5
650
330
17
100
AcDbEntity
  8
cota-texto
100
AcDbText
 10
9.4
 20
-14.094999999999999
 30
0.0
 40
0.105
  1
3,35
 72
1
 11
9.4
 21
-14.094999999999999
 31
0.0
100
AcDbText
  0
LINE
  5
651
330
17
100
AcDbEntity
  8
cota
100
AcDbLine
 10
10.516666666666667
 20
-12.575000000000001
 30
0.0
 11
10.516666666666667
 21
-14.225000000000001
 31
0.0
  0
LINE
  5
652
330
17
100
AcDbEntity
  8
cota
100
AcDbLine
 10
12.75
 20
-12.575000000000001
 30
0.0
 11
12.75
 21
-14.225000000000001
 31
0.0
  0
LINE
  5
653
330
17
100
AcDbEntity
  8
cota
100
AcDbLine
 10
10.516666666666667
 20
-14.15
 30
0.0
 11
12.75
 21
-14.15
 31
0.0
  0
LINE
  5
654
330
17
100
AcDbEntity
  8
cota
100
AcDbLine
 10
10.441666666666668
 20
-14.225000000000001
 30
0.0
 11
10.591666666666669
 21
-14.075000000000001
 31
0.0
  0
LINE
  5
655
330
17
100
AcDbEntity
  8
cota
100
AcDbLine
 10
12.675
 20
-14.225000000000001
 30
0.0
 11
12.825000000000001
 21
-14.075000000000001
 31
0.0
  0
TEXT
  5
656
330
17
100
AcDbEntity
  8
cota-texto
100
AcDbText
 10
11.633333333333335
 20
-14.094999999999999
 30
0.0
 40
0.105
  1
3,35
 72
1
 11
11.633333333333335
 21
-14.094999999999999
 31
0.0
100
AcDbText
  0
LINE
  5
657
330
17
100
AcDbEntity
  8
cota
100
AcDbLine
 10
12.75
 20
-12.575000000000001
 30
0.0
 11
12.75
 21
-14.225000000000001
 31
0.0
  0
LINE
  5
658
330
17
100
AcDbEntity
  8
cota
100
AcDbLine
 10
14.75
 20
-12.575000000000001
 30
0.0
 11
14.75
 21
-14.225000000000001
 31
0.0
  0
LINE
  5
659
330
17
100
AcDbEntity
  8
cota
100
AcDbLine
 10
12.75
 20
-14.15
 30
0.0
 11
14.75
 21
-14.15
 31
0.0
  0
LINE
  5
65A
330
17
100
AcDbEntity
  8
cota
100
AcDbLine
 10
12.675
 20
-14.225000000000001
 30
0.0
 11
12.825000000000001
 21
-14.075000000000001
 31
0.0
  0
LINE
  5
65B
330
17
100
AcDbEntity
  8
cota
100
AcDbLine
 10
14.675
 20
-14.225000000000001
 30
0.0
 11
14.825000000000001
 21
-14.075000000000001
 31
0.0
  0
TEXT
  5
65C
330
17
100
AcDbEntity
  8
cota-texto
100
AcDbText
 10
13.75
 20
-14.094999999999999
 30
0.0
 40
0.105
  1
3,00
 72
1
 11
13.75
 21
-14.094999999999999
 31
0.0
100
AcDbText
  0
LINE
  5
65D
330
17
100
AcDbEntity
  8
cota
100
AcDbLine
 10
14.75
 20
-12.575000000000001
 30
0.0
 11
14.75
 21
-14.225000000000001
 31
0.0
  0
LINE
  5
65E
330
17
100
AcDbEntity
  8
cota
100
AcDbLine
 10
17.11666666666667
 20
-12.575000000000001
 30
0.0
 11
17.11666666666667
 21
-14.225000000000001
 31
0.0
  0
LINE
  5
65F
330
17
100
AcDbEntity
  8
cota
100
AcDbLine
 10
14.75
 20
-14.15
 30
0.0
 11
17.11666666666667
 21
-14.15
 31
0.0
  0
LINE
  5
660
330
17
100
AcDbEntity
  8
cota
100
AcDbLine
 10
14.675
 20
-14.225000000000001
 30
0.0
 11
14.825000000000001
 21
-14.075000000000001
 31
0.0
  0
LINE
  5
661
330
17
100
AcDbEntity
  8
cota
100
AcDbLine
 10
17.041666666666668
 20
-14.225000000000001
 30
0.0
 11
17.19166666666667
 21
-14.075000000000001
 31
0.0
  0
TEXT
  5
662
330
17
100
AcDbEntity
  8
cota-texto
100
AcDbText
 10
15.933333333333335
 20
-14.094999999999999
 30
0.0
 40
0.105
  1
3,55
 72
1
 11
15.933333333333335
 21
-14.094999999999999
 31
0.0
100
AcDbText
  0
LINE
  5
663
330
17
100
AcDbEntity
  8
cota
100
AcDbLine
 10
17.11666666666667
 20
-12.575000000000001
 30
0.0
 11
17.11666666666667
 21
-14.225000000000001
 31
0.0
  0
LINE
  5
664
330
17
100
AcDbEntity
  8
cota
100
AcDbLine
 10
19.61666666666667
 20
-12.575000000000001
 30
0.0
 11
19.61666666666667
 21
-14.225000000000001
 31
0.0
  0
LINE
  5
665
330
17
100
AcDbEntity
  8
cota
100
AcDbLine
 10
17.11666666666667
 20
-14.15
 30
0.0
 11
19.61666666666667
 21
-14.15
 31
0.0
  0
LINE
  5
666
330
17
100
AcDbEntity
  8
cota
100
AcDbLine
 10
17.041666666666668
 20
-14.225000000000001
 30
0.0
 11
17.19166666666667
 21
-14.075000000000001
 31
0.0
  0
LINE
  5
667
330
17
100
AcDbEntity
  8
cota
100
AcDbLine
 10
19.54166666666667
 20
-14.225000000000001
 30
0.0
 11
19.69166666666667
 21
-14.075000000000001
 31
0.0
  0
TEXT
  5
668
330
17
100
AcDbEntity
  8
cota-texto
100
AcDbText
 10
18.36666666666667
 20
-14.094999999999999
 30
0.0
 40
0.105
  1
3,75
 72
1
 11
18.36666666666667
 21
-14.094999999999999
 31
0.0
100
AcDbText
  0
LINE
  5
669
330
17
100
AcDbEntity
  8
cota
100
AcDbLine
 10
3.625
 20
-12.5
 30
0.0
 11
2.325
 21
-12.5
 31
0.0
  0
LINE
  5
66A
330
17
100
AcDbEntity
  8
cota
100
AcDbLine
 10
3.625
 20
-6.1000000000000005
 30
0.0
 11
2.325
 21
-6.1000000000000005
 31
0.0
  0
LINE
  5
66B
330
17
100
AcDbEntity
  8
cota
100
AcDbLine
 10
2.4000000000000004
 20
-12.5
 30
0.0
 11
2.4000000000000004
 21
-6.1000000000000005
 31
0.0
  0
LINE
  5
66C
330
17
100
AcDbEntity
  8
cota
100
AcDbLine
 10
2.325
 20
-12.425
 30
0.0
 11
2.475
 21
-12.575000000000001
 31
0.0
  0
LINE
  5
66D
330
17
100
AcDbEntity
  8
cota
100
AcDbLine
 10
2.325
 20
-6.025
 30
0.0
 11
2.475
 21
-6.175000000000001
 31
0.0
  0
TEXT
  5
66E
330
17
100
AcDbEntity
  8
cota-texto
100
AcDbText
 10
2.345
 20
-9.3
 30
0.0
 40
0.13
  1
9,60
 50
90.0
 72
1
 11
2.345
 21
-9.3
 31
0.0
100
AcDbText
  0
LINE
  5
66F
330
17
100
AcDbEntity
  8
cota
100
AcDbLine
 10
3.625
 20
-12.5
 30
0.0
 11
2.825
 21
-12.5
 31
0.0
  0
LINE
  5
670
330
17
100
AcDbEntity
  8
cota
100
AcDbLine
 10
3.625
 20
-12.333333333333334
 30
0.0
 11
2.825
 21
-12.333333333333334
 31
0.0
  0
LINE
  5
671
330
17
100
AcDbEntity
  8
cota
100
AcDbLine
 10
2.9000000000000004
 20
-12.5
 30
0.0
 11
2.9000000000000004
 21
-12.333333333333334
 31
0.0
  0
LINE
  5
672
330
17
100
AcDbEntity
  8
cota
100
AcDbLine
 10
2.825
 20
-12.425
 30
0.0
 11
2.975
 21
-12.575000000000001
 31
0.0
  0
LINE
  5
673
330
17
100
AcDbEntity
  8
cota
100
AcDbLine
 10
2.825
 20
-12.258333333333333
 30
0.0
 11
2.975
 21
-12.408333333333333
 31
0.0
  0
TEXT
  5
674
330
17
100
AcDbEntity
  8
cota-texto
100
AcDbText
 10
2.845
 20
-12.416666666666666
 30
0.0
 40
0.095
  1
0,25
 50
90.0
 72
1
 11
2.845
 21
-12.416666666666666
 31
0.0
100
AcDbText
  0
LINE
  5
675
330
17
100
AcDbEntity
  8
cota
100
AcDbLine
 10
3.625
 20
-12.333333333333334
 30
0.0
 11
2.825
 21
-12.333333333333334
 31
0.0
  0
LINE
  5
676
330
17
100
AcDbEntity
  8
cota
100
AcDbLine
 10
3.625
 20
-9.966666666666669
 30
0.0
 11
2.825
 21
-9.966666666666669
 31
0.0
  0
LINE
  5
677
330
17
100
AcDbEntity
  8
cota
100
AcDbLine
 10
2.9000000000000004
 20
-12.333333333333334
 30
0.0
 11
2.9000000000000004
 21
-9.966666666666669
 31
0.0
  0
LINE
  5
678
330
17
100
AcDbEntity
  8
cota
100
AcDbLine
 10
2.825
 20
-12.258333333333333
 30
0.0
 11
2.975
 21
-12.408333333333333
 31
0.0
  0
LINE
  5
679
330
17
100
AcDbEntity
  8
cota
100
AcDbLine
 10
2.825
 20
-9.891666666666667
 30
0.0
 11
2.975
 21
-10.041666666666668
 31
0.0
  0
TEXT
  5
67A
330
17
100
AcDbEntity
  8
cota-texto
100
AcDbText
 10
2.845
 20
-11.15
 30
0.0
 40
0.095
  1
3,55
 50
90.0
 72
1
 11
2.845
 21
-11.15
 31
0.0
100
AcDbText
  0
LINE
  5
67B
330
17
100
AcDbEntity
  8
cota
100
AcDbLine
 10
3.625
 20
-9.966666666666669
 30
0.0
 11
2.825
 21
-9.966666666666669
 31
0.0
  0
LINE
  5
67C
330
17
100
AcDbEntity
  8
cota
100
AcDbLine
 10
3.625
 20
-9.866666666666667
 30
0.0
 11
2.825
 21
-9.866666666666667
 31
0.0
  0
LINE
  5
67D
330
17
100
AcDbEntity
  8
cota
100
AcDbLine
 10
2.9000000000000004
 20
-9.966666666666669
 30
0.0
 11
2.9000000000000004
 21
-9.866666666666667
 31
0.0
  0
LINE
  5
67E
330
17
100
AcDbEntity
  8
cota
100
AcDbLine
 10
2.825
 20
-9.891666666666667
 30
0.0
 11
2.975
 21
-10.041666666666668
 31
0.0
  0
LINE
  5
67F
330
17
100
AcDbEntity
  8
cota
100
AcDbLine
 10
2.825
 20
-9.791666666666666
 30
0.0
 11
2.975
 21
-9.941666666666666
 31
0.0
  0
TEXT
  5
680
330
17
100
AcDbEntity
  8
cota-texto
100
AcDbText
 10
2.845
 20
-9.916666666666666
 30
0.0
 40
0.095
  1
0,15
 50
90.0
 72
1
 11
2.845
 21
-9.916666666666666
 31
0.0
100
AcDbText
  0
LINE
  5
681
330
17
100
AcDbEntity
  8
cota
100
AcDbLine
 10
3.625
 20
-9.866666666666667
 30
0.0
 11
2.825
 21
-9.866666666666667
 31
0.0
  0
LINE
  5
682
330
17
100
AcDbEntity
  8
cota
100
AcDbLine
 10
3.625
 20
-8.733333333333333
 30
0.0
 11
2.825
 21
-8.733333333333333
 31
0.0
  0
LINE
  5
683
330
17
100
AcDbEntity
  8
cota
100
AcDbLine
 10
2.9000000000000004
 20
-9.866666666666667
 30
0.0
 11
2.9000000000000004
 21
-8.733333333333333
 31
0.0
  0
LINE
  5
684
330
17
100
AcDbEntity
  8
cota
100
AcDbLine
 10
2.825
 20
-9.791666666666666
 30
0.0
 11
2.975
 21
-9.941666666666666
 31
0.0
  0
LINE
  5
685
330
17
100
AcDbEntity
  8
cota
100
AcDbLine
 10
2.825
 20
-8.658333333333333
 30
0.0
 11
2.975
 21
-8.808333333333334
 31
0.0
  0
TEXT
  5
686
330
17
100
AcDbEntity
  8
cota-texto
100
AcDbText
 10
2.845
 20
-9.3
 30
0.0
 40
0.095
  1
1,70
 50
90.0
 72
1
 11
2.845
 21
-9.3
 31
0.0
100
AcDbText
  0
LINE
  5
687
330
17
100
AcDbEntity
  8
cota
100
AcDbLine
 10
3.625
 20
-8.733333333333333
 30
0.0
 11
2.825
 21
-8.733333333333333
 31
0.0
  0
LINE
  5
688
330
17
100
AcDbEntity
  8
cota
100
AcDbLine
 10
3.625
 20
-8.633333333333335
 30
0.0
 11
2.825
 21
-8.633333333333335
 31
0.0
  0
LINE
  5
689
330
17
100
AcDbEntity
  8
cota
100
AcDbLine
 10
2.9000000000000004
 20
-8.733333333333333
 30
0.0
 11
2.9000000000000004
 21
-8.633333333333335
 31
0.0
  0
LINE
  5
68A
330
17
100
AcDbEntity
  8
cota
100
AcDbLine
 10
2.825
 20
-8.658333333333333
 30
0.0
 11
2.975
 21
-8.808333333333334
 31
0.0
  0
LINE
  5
68B
330
17
100
AcDbEntity
  8
cota
100
AcDbLine
 10
2.825
 20
-8.558333333333335
 30
0.0
 11
2.975
 21
-8.708333333333334
 31
0.0
  0
TEXT
  5
68C
330
17
100
AcDbEntity
  8
cota-texto
100
AcDbText
 10
2.845
 20
-8.683333333333335
 30
0.0
 40
0.095
  1
0,15
 50
90.0
 72
1
 11
2.845
 21
-8.683333333333335
 31
0.0
100
AcDbText
  0
LINE
  5
68D
330
17
100
AcDbEntity
  8
cota
100
AcDbLine
 10
3.625
 20
-8.633333333333335
 30
0.0
 11
2.825
 21
-8.633333333333335
 31
0.0
  0
LINE
  5
68E
330
17
100
AcDbEntity
  8
cota
100
AcDbLine
 10
3.625
 20
-6.266666666666667
 30
0.0
 11
2.825
 21
-6.266666666666667
 31
0.0
  0
LINE
  5
68F
330
17
100
AcDbEntity
  8
cota
100
AcDbLine
 10
2.9000000000000004
 20
-8.633333333333335
 30
0.0
 11
2.9000000000000004
 21
-6.266666666666667
 31
0.0
  0
LINE
  5
690
330
17
100
AcDbEntity
  8
cota
100
AcDbLine
 10
2.825
 20
-8.558333333333335
 30
0.0
 11
2.975
 21
-8.708333333333334
 31
0.0
  0
LINE
  5
691
330
17
100
AcDbEntity
  8
cota
100
AcDbLine
 10
2.825
 20
-6.191666666666666
 30
0.0
 11
2.975
 21
-6.341666666666667
 31
0.0
  0
TEXT
  5
692
330
17
100
AcDbEntity
  8
cota-texto
100
AcDbText
 10
2.845
 20
-7.45
 30
0.0
 40
0.095
  1
3,55
 50
90.0
 72
1
 11
2.845
 21
-7.45
 31
0.0
100
AcDbText
  0
LINE
  5
693
330
17
100
AcDbEntity
  8
cota
100
AcDbLine
 10
3.625
 20
-6.266666666666667
 30
0.0
 11
2.825
 21
-6.266666666666667
 31
0.0
  0
LINE
  5
694
330
17
100
AcDbEntity
  8
cota
100
AcDbLine
 10
3.625
 20
-6.1000000000000005
 30
0.0
 11
2.825
 21
-6.1000000000000005
 31
0.0
  0
LINE
  5
695
330
17
100
AcDbEntity
  8
cota
100
AcDbLine
 10
2.9000000000000004
 20
-6.266666666666667
 30
0.0
 11
2.9000000000000004
 21
-6.1000000000000005
 31
0.0
  0
LINE
  5
696
330
17
100
AcDbEntity
  8
cota
100
AcDbLine
 10
2.825
 20
-6.191666666666666
 30
0.0
 11
2.975
 21
-6.341666666666667
 31
0.0
  0
LINE
  5
697
330
17
100
AcDbEntity
  8
cota
100
AcDbLine
 10
2.825
 20
-6.025
 30
0.0
 11
2.975
 21
-6.175000000000001
 31
0.0
  0
TEXT
  5
698
330
17
100
AcDbEntity
  8
cota-texto
100
AcDbText
 10
2.845
 20
-6.183333333333334
 30
0.0
 40
0.095
  1
0,25
 50
90.0
 72
1
 11
2.845
 21
-6.183333333333334
 31
0.0
100
AcDbText
  0
LINE
  5
699
330
17
100
AcDbEntity
  8
cota
100
AcDbLine
 10
3.625
 20
-12.416666666666668
 30
0.0
 11
1.8250000000000002
 21
-12.416666666666668
 31
0.0
  0
LINE
  5
69A
330
17
100
AcDbEntity
  8
cota
100
AcDbLine
 10
3.625
 20
-9.916666666666666
 30
0.0
 11
1.8250000000000002
 21
-9.916666666666666
 31
0.0
  0
LINE
  5
69B
330
17
100
AcDbEntity
  8
cota
100
AcDbLine
 10
1.9000000000000001
 20
-12.416666666666668
 30
0.0
 11
1.9000000000000001
 21
-9.916666666666666
 31
0.0
  0
LINE
  5
69C
330
17
100
AcDbEntity
  8
cota
100
AcDbLine
 10
1.8250000000000002
 20
-12.341666666666669
 30
0.0
 11
1.975
 21
-12.491666666666667
 31
0.0
  0
LINE
  5
69D
330
17
100
AcDbEntity
  8
cota
100
AcDbLine
 10
1.8250000000000002
 20
-9.841666666666667
 30
0.0
 11
1.975
 21
-9.991666666666667
 31
0.0
  0
TEXT
  5
69E
330
17
100
AcDbEntity
  8
cota-texto
100
AcDbText
 10
1.845
 20
-11.166666666666666
 30
0.0
 40
0.105
  1
3,75
 50
90.0
 72
1
 11
1.845
 21
-11.166666666666666
 31
0.0
100
AcDbText
  0
LINE
  5
69F
330
17
100
AcDbEntity
  8
cota
100
AcDbLine
 10
3.625
 20
-9.916666666666666
 30
0.0
 11
1.8250000000000002
 21
-9.916666666666666
 31
0.0
  0
LINE
  5
6A0
330
17
100
AcDbEntity
  8
cota
100
AcDbLine
 10
3.625
 20
-8.683333333333335
 30
0.0
 11
1.8250000000000002
 21
-8.683333333333335
 31
0.0
  0
LINE
  5
6A1
330
17
100
AcDbEntity
  8
cota
100
AcDbLine
 10
1.9000000000000001
 20
-9.916666666666666
 30
0.0
 11
1.9000000000000001
 21
-8.683333333333335
 31
0.0
  0
LINE
  5
6A2
330
17
100
AcDbEntity
  8
cota
100
AcDbLine
 10
1.8250000000000002
 20
-9.841666666666667
 30
0.0
 11
1.975
 21
-9.991666666666667
 31
0.0
  0
LINE
  5
6A3
330
17
100
AcDbEntity
  8
cota
100
AcDbLine
 10
1.8250000000000002
 20
-8.608333333333334
 30
0.0
 11
1.975
 21
-8.758333333333335
 31
0.0
  0
TEXT
  5
6A4
330
17
100
AcDbEntity
  8
cota-texto
100
AcDbText
 10
1.845
 20
-9.3
 30
0.0
 40
0.105
  1
1,85
 50
90.0
 72
1
 11
1.845
 21
-9.3
 31
0.0
100
AcDbText
  0
LINE
  5
6A5
330
17
100
AcDbEntity
  8
cota
100
AcDbLine
 10
3.625
 20
-8.683333333333335
 30
0.0
 11
1.8250000000000002
 21
-8.683333333333335
 31
0.0
  0
LINE
  5
6A6
330
17
100
AcDbEntity
  8
cota
100
AcDbLine
 10
3.625
 20
-6.183333333333334
 30
0.0
 11
1.8250000000000002
 21
-6.183333333333334
 31
0.0
  0
LINE
  5
6A7
330
17
100
AcDbEntity
  8
cota
100
AcDbLine
 10
1.9000000000000001
 20
-8.683333333333335
 30
0.0
 11
1.9000000000000001
 21
-6.183333333333334
 31
0.0
  0
LINE
  5
6A8
330
17
100
AcDbEntity
  8
cota
100
AcDbLine
 10
1.8250000000000002
 20
-8.608333333333334
 30
0.0
 11
1.975
 21
-8.758333333333335
 31
0.0
  0
LINE
  5
6A9
330
17
100
AcDbEntity
  8
cota
100
AcDbLine
 10
1.8250000000000002
 20
-6.108333333333334
 30
0.0
 11
1.975
 21
-6.258333333333334
 31
0.0
  0
TEXT
  5
6AA
330
17
100
AcDbEntity
  8
cota-texto
100
AcDbText
 10
1.845
 20
-7.4333333333333345
 30
0.0
 40
0.105
  1
3,75
 50
90.0
 72
1
 11
1.845
 21
-7.4333333333333345
 31
0.0
100
AcDbText
  0
TEXT
  5
6AB
330
17
100
AcDbEntity
  8
texto
100
AcDbText
 10
2.0
 20
-5.4
 30
0.0
 40
0.16
  1
PLANTA BAJA  ·  N.P.T. ±0,00
100
AcDbText
  0
LINE
  5
6AC
330
17
100
AcDbEntity
  8
marco-medio
100
AcDbLine
 10
2.0
 20
-5.53
 30
0.0
 11
10.5
 21
-5.53
 31
0.0
  0
TEXT
  5
6AD
330
17
100
AcDbEntity
  8
texto-suave
100
AcDbText
 10
10.5
 20
-5.4
 30
0.0
 40
0.11000000000000001
  1
E 1:75
 72
2
100
AcDbText
  0
LWPOLYLINE
  5
6AE
330
17
100
AcDbEntity
  8
muro-fill
100
AcDbPolyline
 90
4
 70
1
 10
0.0
 20
0.0
 10
24.0
 20
0.0
 10
24.0
 20
0.2500000000000007
 10
0.0
 20
0.2500000000000007
  0
LINE
  5
6AF
330
17
100
AcDbEntity
  8
hatch
100
AcDbLine
 10
23.78786796564404
 20
1.7763568394002505e-15
 30
0.0
 11
24.0
 21
0.21213203435596384
 31
0.0
  0
LINE
  5
6B0
330
17
100
AcDbEntity
  8
hatch
100
AcDbLine
 10
23.575735931288072
 20
1.7763568394002505e-15
 30
0.0
 11
23.825735931288072
 21
0.25000000000000355
 31
0.0
  0
LINE
  5
6B1
330
17
100
AcDbEntity
  8
hatch
100
AcDbLine
 10
23.36360389693211
 20
0.0
 30
0.0
 11
23.613603896932112
 21
0.2500000000000018
 31
0.0
  0
LINE
  5
6B2
330
17
100
AcDbEntity
  8
hatch
100
AcDbLine
 10
23.15147186257614
 20
0.0
 30
0.0
 11
23.401471862576145
 21
0.2500000000000018
 31
0.0
  0
LINE
  5
6B3
330
17
100
AcDbEntity
  8
hatch
100
AcDbLine
 10
22.939339828220177
 20
1.7763568394002505e-15
 30
0.0
 11
23.18933982822018
 21
0.25000000000000355
 31
0.0
  0
LINE
  5
6B4
330
17
100
AcDbEntity
  8
hatch
100
AcDbLine
 10
22.727207793864217
 20
0.0
 30
0.0
 11
22.977207793864217
 21
0.2500000000000018
 31
0.0
  0
LINE
  5
6B5
330
17
100
AcDbEntity
  8
hatch
100
AcDbLine
 10
22.51507575950825
 20
-1.7763568394002505e-15
 30
0.0
 11
22.76507575950825
 21
0.2500000000000018
 31
0.0
  0
LINE
  5
6B6
330
17
100
AcDbEntity
  8
hatch
100
AcDbLine
 10
22.30294372515229
 20
1.7763568394002505e-15
 30
0.0
 11
22.55294372515229
 21
0.25000000000000355
 31
0.0
  0
LINE
  5
6B7
330
17
100
AcDbEntity
  8
hatch
100
AcDbLine
 10
22.090811690796322
 20
0.0
 30
0.0
 11
22.340811690796322
 21
0.2500000000000018
 31
0.0
  0
LINE
  5
6B8
330
17
100
AcDbEntity
  8
hatch
100
AcDbLine
 10
21.878679656440355
 20
-1.7763568394002505e-15
 30
0.0
 11
22.12867965644036
 21
0.2500000000000018
 31
0.0
  0
LINE
  5
6B9
330
17
100
AcDbEntity
  8
hatch
100
AcDbLine
 10
21.666547622084394
 20
1.7763568394002505e-15
 30
0.0
 11
21.916547622084394
 21
0.25000000000000355
 31
0.0
  0
LINE
  5
6BA
330
17
100
AcDbEntity
  8
hatch
100
AcDbLine
 10
21.454415587728427
 20
1.7763568394002505e-15
 30
0.0
 11
21.70441558772843
 21
0.25000000000000355
 31
0.0
  0
LINE
  5
6BB
330
17
100
AcDbEntity
  8
hatch
100
AcDbLine
 10
21.242283553372467
 20
0.0
 30
0.0
 11
21.492283553372467
 21
0.2500000000000018
 31
0.0
  0
LINE
  5
6BC
330
17
100
AcDbEntity
  8
hatch
100
AcDbLine
 10
21.0301515190165
 20
1.7763568394002505e-15
 30
0.0
 11
21.280151519016503
 21
0.25000000000000355
 31
0.0
  0
LINE
  5
6BD
330
17
100
AcDbEntity
  8
hatch
100
AcDbLine
 10
20.818019484660535
 20
1.7763568394002505e-15
 30
0.0
 11
21.06801948466054
 21
0.25000000000000355
 31
0.0
  0
LINE
  5
6BE
330
17
100
AcDbEntity
  8
hatch
100
AcDbLine
 10
20.60588745030457
 20
0.0
 30
0.0
 11
20.85588745030457
 21
0.2500000000000018
 31
0.0
  0
LINE
  5
6BF
330
17
100
AcDbEntity
  8
hatch
100
AcDbLine
 10
20.393755415948608
 20
0.0
 30
0.0
 11
20.64375541594861
 21
0.2500000000000018
 31
0.0
  0
LINE
  5
6C0
330
17
100
AcDbEntity
  8
hatch
100
AcDbLine
 10
20.181623381592644
 20
0.0
 30
0.0
 11
20.431623381592647
 21
0.25000000000000355
 31
0.0
  0
LINE
  5
6C1
330
17
100
AcDbEntity
  8
hatch
100
AcDbLine
 10
19.96949134723668
 20
0.0
 30
0.0
 11
20.219491347236684
 21
0.2500000000000018
 31
0.0
  0
LINE
  5
6C2
330
17
100
AcDbEntity
  8
hatch
100
AcDbLine
 10
19.757359312880716
 20
1.7763568394002505e-15
 30
0.0
 11
20.007359312880716
 21
0.25000000000000355
 31
0.0
  0
LINE
  5
6C3
330
17
100
AcDbEntity
  8
hatch
100
AcDbLine
 10
19.54522727852475
 20
0.0
 30
0.0
 11
19.795227278524752
 21
0.25000000000000355
 31
0.0
  0
LINE
  5
6C4
330
17
100
AcDbEntity
  8
hatch
100
AcDbLine
 10
19.333095244168785
 20
0.0
 30
0.0
 11
19.58309524416879
 21
0.25000000000000355
 31
0.0
  0
LINE
  5
6C5
330
17
100
AcDbEntity
  8
hatch
100
AcDbLine
 10
19.12096320981282
 20
1.7763568394002505e-15
 30
0.0
 11
19.370963209812825
 21
0.25000000000000355
 31
0.0
  0
LINE
  5
6C6
330
17
100
AcDbEntity
  8
hatch
100
AcDbLine
 10
18.908831175456857
 20
0.0
 30
0.0
 11
19.15883117545686
 21
0.2500000000000018
 31
0.0
  0
LINE
  5
6C7
330
17
100
AcDbEntity
  8
hatch
100
AcDbLine
 10
18.696699141100893
 20
0.0
 30
0.0
 11
18.946699141100893
 21
0.25000000000000355
 31
0.0
  0
LINE
  5
6C8
330
17
100
AcDbEntity
  8
hatch
100
AcDbLine
 10
18.48456710674493
 20
0.0
 30
0.0
 11
18.734567106744933
 21
0.2500000000000018
 31
0.0
  0
LINE
  5
6C9
330
17
100
AcDbEntity
  8
hatch
100
AcDbLine
 10
18.272435072388962
 20
0.0
 30
0.0
 11
18.522435072388966
 21
0.25000000000000355
 31
0.0
  0
LINE
  5
6CA
330
17
100
AcDbEntity
  8
hatch
100
AcDbLine
 10
18.060303038033002
 20
0.0
 30
0.0
 11
18.310303038033005
 21
0.2500000000000018
 31
0.0
  0
LINE
  5
6CB
330
17
100
AcDbEntity
  8
hatch
100
AcDbLine
 10
17.848171003677038
 20
0.0
 30
0.0
 11
18.098171003677038
 21
0.25000000000000355
 31
0.0
  0
LINE
  5
6CC
330
17
100
AcDbEntity
  8
hatch
100
AcDbLine
 10
17.63603896932107
 20
0.0
 30
0.0
 11
17.886038969321074
 21
0.25000000000000355
 31
0.0
  0
LINE
  5
6CD
330
17
100
AcDbEntity
  8
hatch
100
AcDbLine
 10
17.42390693496511
 20
0.0
 30
0.0
 11
17.67390693496511
 21
0.2500000000000018
 31
0.0
  0
LINE
  5
6CE
330
17
100
AcDbEntity
  8
hatch
100
AcDbLine
 10
17.211774900609143
 20
0.0
 30
0.0
 11
17.461774900609143
 21
0.2500000000000018
 31
0.0
  0
LINE
  5
6CF
330
17
100
AcDbEntity
  8
hatch
100
AcDbLine
 10
16.99964286625318
 20
0.0
 30
0.0
 11
17.249642866253183
 21
0.25000000000000355
 31
0.0
  0
LINE
  5
6D0
330
17
100
AcDbEntity
  8
hatch
100
AcDbLine
 10
16.787510831897215
 20
1.7763568394002505e-15
 30
0.0
 11
17.037510831897215
 21
0.2500000000000018
 31
0.0
  0
LINE
  5
6D1
330
17
100
AcDbEntity
  8
hatch
100
AcDbLine
 10
16.575378797541248
 20
0.0
 30
0.0
 11
16.825378797541255
 21
0.2500000000000018
 31
0.0
  0
LINE
  5
6D2
330
17
100
AcDbEntity
  8
hatch
100
AcDbLine
 10
16.363246763185288
 20
1.7763568394002505e-15
 30
0.0
 11
16.61324676318529
 21
0.25000000000000355
 31
0.0
  0
LINE
  5
6D3
330
17
100
AcDbEntity
  8
hatch
100
AcDbLine
 10
16.15111472882932
 20
1.7763568394002505e-15
 30
0.0
 11
16.40111472882932
 21
0.2500000000000018
 31
0.0
  0
LINE
  5
6D4
330
17
100
AcDbEntity
  8
hatch
100
AcDbLine
 10
15.938982694473358
 20
0.0
 30
0.0
 11
16.18898269447336
 21
0.25000000000000266
 31
0.0
  0
LINE
  5
6D5
330
17
100
AcDbEntity
  8
hatch
100
AcDbLine
 10
15.726850660117394
 20
8.881784197001252e-16
 30
0.0
 11
15.976850660117396
 21
0.2500000000000009
 31
0.0
  0
LINE
  5
6D6
330
17
100
AcDbEntity
  8
hatch
100
AcDbLine
 10
15.514718625761429
 20
0.0
 30
0.0
 11
15.764718625761432
 21
0.25000000000000355
 31
0.0
  0
LINE
  5
6D7
330
17
100
AcDbEntity
  8
hatch
100
AcDbLine
 10
15.302586591405467
 20
0.0
 30
0.0
 11
15.552586591405468
 21
0.2500000000000018
 31
0.0
  0
LINE
  5
6D8
330
17
100
AcDbEntity
  8
hatch
100
AcDbLine
 10
15.090454557049501
 20
8.881784197001252e-16
 30
0.0
 11
15.340454557049503
 21
0.25000000000000355
 31
0.0
  0
LINE
  5
6D9
330
17
100
AcDbEntity
  8
hatch
100
AcDbLine
 10
14.878322522693537
 20
0.0
 30
0.0
 11
15.12832252269354
 21
0.25000000000000355
 31
0.0
  0
LINE
  5
6DA
330
17
100
AcDbEntity
  8
hatch
100
AcDbLine
 10
14.666190488337573
 20
0.0
 30
0.0
 11
14.916190488337573
 21
0.25000000000000266
 31
0.0
  0
LINE
  5
6DB
330
17
100
AcDbEntity
  8
hatch
100
AcDbLine
 10
14.45405845398161
 20
8.881784197001252e-16
 30
0.0
 11
14.70405845398161
 21
0.2500000000000018
 31
0.0
  0
LINE
  5
6DC
330
17
100
AcDbEntity
  8
hatch
100
AcDbLine
 10
14.241926419625646
 20
0.0
 30
0.0
 11
14.49192641962565
 21
0.25000000000000266
 31
0.0
  0
LINE
  5
6DD
330
17
100
AcDbEntity
  8
hatch
100
AcDbLine
 10
14.029794385269678
 20
0.0
 30
0.0
 11
14.279794385269678
 21
0.2500000000000018
 31
0.0
  0
LINE
  5
6DE
330
17
100
AcDbEntity
  8
hatch
100
AcDbLine
 10
13.817662350913714
 20
0.0
 30
0.0
 11
14.067662350913718
 21
0.2500000000000018
 31
0.0
  0
LINE
  5
6DF
330
17
100
AcDbEntity
  8
hatch
100
AcDbLine
 10
13.60553031655775
 20
0.0
 30
0.0
 11
13.855530316557754
 21
0.25000000000000266
 31
0.0
  0
LINE
  5
6E0
330
17
100
AcDbEntity
  8
hatch
100
AcDbLine
 10
13.393398282201787
 20
0.0
 30
0.0
 11
13.643398282201787
 21
0.2500000000000018
 31
0.0
  0
LINE
  5
6E1
330
17
100
AcDbEntity
  8
hatch
100
AcDbLine
 10
13.181266247845823
 20
8.881784197001252e-16
 30
0.0
 11
13.431266247845826
 21
0.25000000000000266
 31
0.0
  0
LINE
  5
6E2
330
17
100
AcDbEntity
  8
hatch
100
AcDbLine
 10
12.969134213489856
 20
8.881784197001252e-16
 30
0.0
 11
13.219134213489859
 21
0.25000000000000266
 31
0.0
  0
LINE
  5
6E3
330
17
100
AcDbEntity
  8
hatch
100
AcDbLine
 10
12.757002179133895
 20
8.881784197001252e-16
 30
0.0
 11
13.007002179133897
 21
0.25000000000000355
 31
0.0
  0
LINE
  5
6E4
330
17
100
AcDbEntity
  8
hatch
100
AcDbLine
 10
12.54487014477793
 20
0.0
 30
0.0
 11
12.794870144777931
 21
0.2500000000000018
 31
0.0
  0
LINE
  5
6E5
330
17
100
AcDbEntity
  8
hatch
100
AcDbLine
 10
12.332738110421964
 20
8.881784197001252e-16
 30
0.0
 11
12.582738110421968
 21
0.25000000000000266
 31
0.0
  0
LINE
  5
6E6
330
17
100
AcDbEntity
  8
hatch
100
AcDbLine
 10
12.120606076066
 20
0.0
 30
0.0
 11
12.370606076066002
 21
0.2500000000000018
 31
0.0
  0
LINE
  5
6E7
330
17
100
AcDbEntity
  8
hatch
100
AcDbLine
 10
11.908474041710038
 20
0.0
 30
0.0
 11
12.15847404171004
 21
0.2500000000000018
 31
0.0
  0
LINE
  5
6E8
330
17
100
AcDbEntity
  8
hatch
100
AcDbLine
 10
11.696342007354072
 20
8.881784197001252e-16
 30
0.0
 11
11.946342007354076
 21
0.25000000000000266
 31
0.0
  0
LINE
  5
6E9
330
17
100
AcDbEntity
  8
hatch
100
AcDbLine
 10
11.484209972998109
 20
0.0
 30
0.0
 11
11.73420997299811
 21
0.2500000000000018
 31
0.0
  0
LINE
  5
6EA
330
17
100
AcDbEntity
  8
hatch
100
AcDbLine
 10
11.272077938642145
 20
8.881784197001252e-16
 30
0.0
 11
11.522077938642145
 21
0.25000000000000266
 31
0.0
  0
LINE
  5
6EB
330
17
100
AcDbEntity
  8
hatch
100
AcDbLine
 10
11.05994590428618
 20
0.0
 30
0.0
 11
11.309945904286181
 21
0.2500000000000018
 31
0.0
  0
LINE
  5
6EC
330
17
100
AcDbEntity
  8
hatch
100
AcDbLine
 10
10.847813869930217
 20
8.881784197001252e-16
 30
0.0
 11
11.097813869930217
 21
0.2500000000000018
 31
0.0
  0
LINE
  5
6ED
330
17
100
AcDbEntity
  8
hatch
100
AcDbLine
 10
10.635681835574252
 20
0.0
 30
0.0
 11
10.885681835574253
 21
0.25000000000000266
 31
0.0
  0
LINE
  5
6EE
330
17
100
AcDbEntity
  8
hatch
100
AcDbLine
 10
10.423549801218286
 20
0.0
 30
0.0
 11
10.67354980121829
 21
0.25000000000000266
 31
0.0
  0
LINE
  5
6EF
330
17
100
AcDbEntity
  8
hatch
100
AcDbLine
 10
10.211417766862322
 20
0.0
 30
0.0
 11
10.461417766862322
 21
0.2500000000000009
 31
0.0
  0
LINE
  5
6F0
330
17
100
AcDbEntity
  8
hatch
100
AcDbLine
 10
9.999285732506358
 20
8.881784197001252e-16
 30
0.0
 11
10.249285732506358
 21
0.25000000000000266
 31
0.0
  0
LINE
  5
6F1
330
17
100
AcDbEntity
  8
hatch
100
AcDbLine
 10
9.787153698150394
 20
0.0
 30
0.0
 11
10.037153698150398
 21
0.25000000000000266
 31
0.0
  0
LINE
  5
6F2
330
17
100
AcDbEntity
  8
hatch
100
AcDbLine
 10
9.57502166379443
 20
0.0
 30
0.0
 11
9.82502166379443
 21
0.2500000000000009
 31
0.0
  0
LINE
  5
6F3
330
17
100
AcDbEntity
  8
hatch
100
AcDbLine
 10
9.362889629438467
 20
8.881784197001252e-16
 30
0.0
 11
9.612889629438467
 21
0.25000000000000266
 31
0.0
  0
LINE
  5
6F4
330
17
100
AcDbEntity
  8
hatch
100
AcDbLine
 10
9.1507575950825
 20
0.0
 30
0.0
 11
9.400757595082503
 21
0.25000000000000266
 31
0.0
  0
LINE
  5
6F5
330
17
100
AcDbEntity
  8
hatch
100
AcDbLine
 10
8.938625560726535
 20
0.0
 30
0.0
 11
9.188625560726535
 21
0.2500000000000018
 31
0.0
  0
LINE
  5
6F6
330
17
100
AcDbEntity
  8
hatch
100
AcDbLine
 10
8.726493526370573
 20
0.0
 30
0.0
 11
8.976493526370575
 21
0.25000000000000266
 31
0.0
  0
LINE
  5
6F7
330
17
100
AcDbEntity
  8
hatch
100
AcDbLine
 10
8.51436149201461
 20
8.881784197001252e-16
 30
0.0
 11
8.764361492014611
 21
0.2500000000000018
 31
0.0
  0
LINE
  5
6F8
330
17
100
AcDbEntity
  8
hatch
100
AcDbLine
 10
8.302229457658644
 20
0.0
 30
0.0
 11
8.552229457658648
 21
0.25000000000000266
 31
0.0
  0
LINE
  5
6F9
330
17
100
AcDbEntity
  8
hatch
100
AcDbLine
 10
8.09009742330268
 20
0.0
 30
0.0
 11
8.340097423302682
 21
0.25000000000000266
 31
0.0
  0
LINE
  5
6FA
330
17
100
AcDbEntity
  8
hatch
100
AcDbLine
 10
7.8779653889467145
 20
4.440892098500626e-16
 30
0.0
 11
8.127965388946716
 21
0.2500000000000009
 31
0.0
  0
LINE
  5
6FB
330
17
100
AcDbEntity
  8
hatch
100
AcDbLine
 10
7.665833354590752
 20
0.0
 30
0.0
 11
7.915833354590755
 21
0.25000000000000266
 31
0.0
  0
LINE
  5
6FC
330
17
100
AcDbEntity
  8
hatch
100
AcDbLine
 10
7.453701320234787
 20
0.0
 30
0.0
 11
7.70370132023479
 21
0.25000000000000266
 31
0.0
  0
LINE
  5
6FD
330
17
100
AcDbEntity
  8
hatch
100
AcDbLine
 10
7.241569285878823
 20
0.0
 30
0.0
 11
7.491569285878824
 21
0.25000000000000133
 31
0.0
  0
LINE
  5
6FE
330
17
100
AcDbEntity
  8
hatch
100
AcDbLine
 10
7.029437251522857
 20
4.440892098500626e-16
 30
0.0
 11
7.279437251522861
 21
0.2500000000000031
 31
0.0
  0
LINE
  5
6FF
330
17
100
AcDbEntity
  8
hatch
100
AcDbLine
 10
6.8173052171668935
 20
4.440892098500626e-16
 30
0.0
 11
7.067305217166895
 21
0.2500000000000031
 31
0.0
  0
LINE
  5
700
330
17
100
AcDbEntity
  8
hatch
100
AcDbLine
 10
6.6051731828109315
 20
0.0
 30
0.0
 11
6.855173182810932
 21
0.2500000000000018
 31
0.0
  0
LINE
  5
701
330
17
100
AcDbEntity
  8
hatch
100
AcDbLine
 10
6.393041148454967
 20
8.881784197001252e-16
 30
0.0
 11
6.643041148454969
 21
0.25000000000000266
 31
0.0
  0
LINE
  5
702
330
17
100
AcDbEntity
  8
hatch
100
AcDbLine
 10
6.180909114099001
 20
0.0
 30
0.0
 11
6.430909114099004
 21
0.25000000000000266
 31
0.0
  0
LINE
  5
703
330
17
100
AcDbEntity
  8
hatch
100
AcDbLine
 10
5.968777079743036
 20
0.0
 30
0.0
 11
6.218777079743038
 21
0.25000000000000133
 31
0.0
  0
LINE
  5
704
330
17
100
AcDbEntity
  8
hatch
100
AcDbLine
 10
5.756645045387072
 20
0.0
 30
0.0
 11
6.006645045387074
 21
0.25000000000000266
 31
0.0
  0
LINE
  5
705
330
17
100
AcDbEntity
  8
hatch
100
AcDbLine
 10
5.54451301103111
 20
0.0
 30
0.0
 11
5.7945130110311105
 21
0.25000000000000133
 31
0.0
  0
LINE
  5
706
330
17
100
AcDbEntity
  8
hatch
100
AcDbLine
 10
5.332380976675145
 20
0.0
 30
0.0
 11
5.582380976675147
 21
0.25000000000000133
 31
0.0
  0
LINE
  5
707
330
17
100
AcDbEntity
  8
hatch
100
AcDbLine
 10
5.120248942319179
 20
-4.440892098500626e-16
 30
0.0
 11
5.370248942319183
 21
0.25000000000000266
 31
0.0
  0
LINE
  5
708
330
17
100
AcDbEntity
  8
hatch
100
AcDbLine
 10
4.908116907963215
 20
0.0
 30
0.0
 11
5.158116907963217
 21
0.25000000000000133
 31
0.0
  0
LINE
  5
709
330
17
100
AcDbEntity
  8
hatch
100
AcDbLine
 10
4.695984873607251
 20
0.0
 30
0.0
 11
4.945984873607252
 21
0.25000000000000133
 31
0.0
  0
LINE
  5
70A
330
17
100
AcDbEntity
  8
hatch
100
AcDbLine
 10
4.483852839251289
 20
4.440892098500626e-16
 30
0.0
 11
4.733852839251291
 21
0.2500000000000031
 31
0.0
  0
LINE
  5
70B
330
17
100
AcDbEntity
  8
hatch
100
AcDbLine
 10
4.271720804895323
 20
0.0
 30
0.0
 11
4.521720804895325
 21
0.2500000000000018
 31
0.0
  0
LINE
  5
70C
330
17
100
AcDbEntity
  8
hatch
100
AcDbLine
 10
4.059588770539358
 20
0.0
 30
0.0
 11
4.309588770539362
 21
0.2500000000000031
 31
0.0
  0
LINE
  5
70D
330
17
100
AcDbEntity
  8
hatch
100
AcDbLine
 10
3.847456736183394
 20
4.440892098500626e-16
 30
0.0
 11
4.097456736183397
 21
0.2500000000000031
 31
0.0
  0
LINE
  5
70E
330
17
100
AcDbEntity
  8
hatch
100
AcDbLine
 10
3.6353247018274315
 20
0.0
 30
0.0
 11
3.8853247018274333
 21
0.2500000000000018
 31
0.0
  0
LINE
  5
70F
330
17
100
AcDbEntity
  8
hatch
100
AcDbLine
 10
3.423192667471467
 20
2.220446049250313e-16
 30
0.0
 11
3.67319266747147
 21
0.2500000000000029
 31
0.0
  0
LINE
  5
710
330
17
100
AcDbEntity
  8
hatch
100
AcDbLine
 10
3.211060633115502
 20
0.0
 30
0.0
 11
3.461060633115504
 21
0.25000000000000155
 31
0.0
  0
LINE
  5
711
330
17
100
AcDbEntity
  8
hatch
100
AcDbLine
 10
2.9989285987595373
 20
0.0
 30
0.0
 11
3.248928598759539
 21
0.25000000000000155
 31
0.0
  0
LINE
  5
712
330
17
100
AcDbEntity
  8
hatch
100
AcDbLine
 10
2.7867965644035726
 20
2.220446049250313e-16
 30
0.0
 11
3.0367965644035753
 21
0.2500000000000031
 31
0.0
  0
LINE
  5
713
330
17
100
AcDbEntity
  8
hatch
100
AcDbLine
 10
2.57466453004761
 20
0.0
 30
0.0
 11
2.824664530047612
 21
0.2500000000000018
 31
0.0
  0
LINE
  5
714
330
17
100
AcDbEntity
  8
hatch
100
AcDbLine
 10
2.3625324956916454
 20
0.0
 30
0.0
 11
2.612532495691647
 21
0.2500000000000018
 31
0.0
  0
LINE
  5
715
330
17
100
AcDbEntity
  8
hatch
100
AcDbLine
 10
2.1504004613356806
 20
0.0
 30
0.0
 11
2.4004004613356837
 21
0.2500000000000031
 31
0.0
  0
LINE
  5
716
330
17
100
AcDbEntity
  8
hatch
100
AcDbLine
 10
1.938268426979716
 20
0.0
 30
0.0
 11
2.1882684269797177
 21
0.2500000000000019
 31
0.0
  0
LINE
  5
717
330
17
100
AcDbEntity
  8
hatch
100
AcDbLine
 10
1.726136392623751
 20
0.0
 30
0.0
 11
1.976136392623753
 21
0.2500000000000019
 31
0.0
  0
LINE
  5
718
330
17
100
AcDbEntity
  8
hatch
100
AcDbLine
 10
1.5140043582677887
 20
1.1102230246251565e-16
 30
0.0
 11
1.7640043582677905
 21
0.250000000000002
 31
0.0
  0
LINE
  5
719
330
17
100
AcDbEntity
  8
hatch
100
AcDbLine
 10
1.3018723239118215
 20
0.0
 30
0.0
 11
1.5518723239118235
 21
0.2500000000000019
 31
0.0
  0
LINE
  5
71A
330
17
100
AcDbEntity
  8
hatch
100
AcDbLine
 10
1.0897402895558592
 20
0.0
 30
0.0
 11
1.339740289555861
 21
0.2500000000000019
 31
0.0
  0
LINE
  5
71B
330
17
100
AcDbEntity
  8
hatch
100
AcDbLine
 10
0.8776082551998969
 20
0.0
 30
0.0
 11
1.127608255199899
 21
0.2500000000000019
 31
0.0
  0
LINE
  5
71C
330
17
100
AcDbEntity
  8
hatch
100
AcDbLine
 10
0.6654762208439295
 20
-5.551115123125783e-17
 30
0.0
 11
0.9154762208439317
 21
0.25000000000000194
 31
0.0
  0
LINE
  5
71D
330
17
100
AcDbEntity
  8
hatch
100
AcDbLine
 10
0.45334418648796737
 20
0.0
 30
0.0
 11
0.7033441864879693
 21
0.25000000000000194
 31
0.0
  0
LINE
  5
71E
330
17
100
AcDbEntity
  8
hatch
100
AcDbLine
 10
0.24121215213200006
 20
0.0
 30
0.0
 11
0.4912121521320021
 21
0.25000000000000194
 31
0.0
  0
LINE
  5
71F
330
17
100
AcDbEntity
  8
hatch
100
AcDbLine
 10
0.029080117776037803
 20
0.0
 30
0.0
 11
0.27908011777603986
 21
0.250000000000002
 31
0.0
  0
LINE
  5
720
330
17
100
AcDbEntity
  8
hatch
100
AcDbLine
 10
1.3877787807814457e-17
 20
0.18305191657992442
 30
0.0
 11
0.0669480834200776
 21
0.250000000000002
 31
0.0
  0
LWPOLYLINE
  5
721
330
17
100
AcDbEntity
  8
muro-corte
100
AcDbPolyline
 90
4
 70
1
 10
0.0
 20
0.0
 10
24.0
 20
0.0
 10
24.0
 20
0.2500000000000007
 10
0.0
 20
0.2500000000000007
  0
LWPOLYLINE
  5
722
330
17
100
AcDbEntity
  8
muro-fill
100
AcDbPolyline
 90
4
 70
1
 10
0.0
 20
9.35
 10
24.0
 20
9.35
 10
24.0
 20
9.6
 10
0.0
 20
9.6
  0
LINE
  5
723
330
17
100
AcDbEntity
  8
hatch
100
AcDbLine
 10
23.787867965644036
 20
9.35
 30
0.0
 11
24.0
 21
9.562132034355963
 31
0.0
  0
LINE
  5
724
330
17
100
AcDbEntity
  8
hatch
100
AcDbLine
 10
23.575735931288072
 20
9.349999999999998
 30
0.0
 11
23.825735931288072
 21
9.600000000000001
 31
0.0
  0
LINE
  5
725
330
17
100
AcDbEntity
  8
hatch
100
AcDbLine
 10
23.36360389693211
 20
9.35
 30
0.0
 11
23.61360389693211
 21
9.600000000000003
 31
0.0
  0
LINE
  5
726
330
17
100
AcDbEntity
  8
hatch
100
AcDbLine
 10
23.151471862576148
 20
9.350000000000001
 30
0.0
 11
23.401471862576145
 21
9.600000000000001
 31
0.0
  0
LINE
  5
727
330
17
100
AcDbEntity
  8
hatch
100
AcDbLine
 10
22.93933982822018
 20
9.350000000000001
 30
0.0
 11
23.18933982822018
 21
9.600000000000001
 31
0.0
  0
LINE
  5
728
330
17
100
AcDbEntity
  8
hatch
100
AcDbLine
 10
22.727207793864217
 20
9.350000000000001
 30
0.0
 11
22.977207793864217
 21
9.599999999999998
 31
0.0
  0
LINE
  5
729
330
17
100
AcDbEntity
  8
hatch
100
AcDbLine
 10
22.515075759508246
 20
9.349999999999998
 30
0.0
 11
22.765075759508253
 21
9.600000000000001
 31
0.0
  0
LINE
  5
72A
330
17
100
AcDbEntity
  8
hatch
100
AcDbLine
 10
22.30294372515229
 20
9.350000000000001
 30
0.0
 11
22.55294372515229
 21
9.600000000000001
 31
0.0
  0
LINE
  5
72B
330
17
100
AcDbEntity
  8
hatch
100
AcDbLine
 10
22.090811690796325
 20
9.350000000000001
 30
0.0
 11
22.340811690796322
 21
9.600000000000001
 31
0.0
  0
LINE
  5
72C
330
17
100
AcDbEntity
  8
hatch
100
AcDbLine
 10
21.878679656440358
 20
9.35
 30
0.0
 11
22.12867965644036
 21
9.600000000000001
 31
0.0
  0
LINE
  5
72D
330
17
100
AcDbEntity
  8
hatch
100
AcDbLine
 10
21.666547622084394
 20
9.350000000000001
 30
0.0
 11
21.916547622084394
 21
9.6
 31
0.0
  0
LINE
  5
72E
330
17
100
AcDbEntity
  8
hatch
100
AcDbLine
 10
21.454415587728427
 20
9.350000000000001
 30
0.0
 11
21.70441558772843
 21
9.600000000000001
 31
0.0
  0
LINE
  5
72F
330
17
100
AcDbEntity
  8
hatch
100
AcDbLine
 10
21.242283553372467
 20
9.35
 30
0.0
 11
21.49228355337247
 21
9.600000000000001
 31
0.0
  0
LINE
  5
730
330
17
100
AcDbEntity
  8
hatch
100
AcDbLine
 10
21.030151519016503
 20
9.350000000000001
 30
0.0
 11
21.280151519016503
 21
9.6
 31
0.0
  0
LINE
  5
731
330
17
100
AcDbEntity
  8
hatch
100
AcDbLine
 10
20.81801948466054
 20
9.350000000000001
 30
0.0
 11
21.06801948466054
 21
9.600000000000001
 31
0.0
  0
LINE
  5
732
330
17
100
AcDbEntity
  8
hatch
100
AcDbLine
 10
20.60588745030457
 20
9.350000000000001
 30
0.0
 11
20.85588745030457
 21
9.600000000000001
 31
0.0
  0
LINE
  5
733
330
17
100
AcDbEntity
  8
hatch
100
AcDbLine
 10
20.39375541594861
 20
9.350000000000001
 30
0.0
 11
20.64375541594861
 21
9.600000000000001
 31
0.0
  0
LINE
  5
734
330
17
100
AcDbEntity
  8
hatch
100
AcDbLine
 10
20.181623381592644
 20
9.349999999999998
 30
0.0
 11
20.431623381592647
 21
9.600000000000001
 31
0.0
  0
LINE
  5
735
330
17
100
AcDbEntity
  8
hatch
100
AcDbLine
 10
19.96949134723668
 20
9.350000000000001
 30
0.0
 11
20.21949134723668
 21
9.600000000000001
 31
0.0
  0
LINE
  5
736
330
17
100
AcDbEntity
  8
hatch
100
AcDbLine
 10
19.757359312880716
 20
9.35
 30
0.0
 11
20.00735931288072
 21
9.600000000000001
 31
0.0
  0
LINE
  5
737
330
17
100
AcDbEntity
  8
hatch
100
AcDbLine
 10
19.545227278524752
 20
9.350000000000001
 30
0.0
 11
19.795227278524752
 21
9.600000000000001
 31
0.0
  0
LINE
  5
738
330
17
100
AcDbEntity
  8
hatch
100
AcDbLine
 10
19.33309524416879
 20
9.350000000000001
 30
0.0
 11
19.58309524416879
 21
9.600000000000001
 31
0.0
  0
LINE
  5
739
330
17
100
AcDbEntity
  8
hatch
100
AcDbLine
 10
19.120963209812825
 20
9.35
 30
0.0
 11
19.370963209812825
 21
9.600000000000001
 31
0.0
  0
LINE
  5
73A
330
17
100
AcDbEntity
  8
hatch
100
AcDbLine
 10
18.908831175456857
 20
9.349999999999998
 30
0.0
 11
19.15883117545686
 21
9.600000000000001
 31
0.0
  0
LINE
  5
73B
330
17
100
AcDbEntity
  8
hatch
100
AcDbLine
 10
18.696699141100893
 20
9.350000000000001
 30
0.0
 11
18.946699141100897
 21
9.600000000000001
 31
0.0
  0
LINE
  5
73C
330
17
100
AcDbEntity
  8
hatch
100
AcDbLine
 10
18.48456710674493
 20
9.350000000000001
 30
0.0
 11
18.73456710674493
 21
9.600000000000001
 31
0.0
  0
LINE
  5
73D
330
17
100
AcDbEntity
  8
hatch
100
AcDbLine
 10
18.272435072388966
 20
9.35
 30
0.0
 11
18.522435072388966
 21
9.600000000000001
 31
0.0
  0
LINE
  5
73E
330
17
100
AcDbEntity
  8
hatch
100
AcDbLine
 10
18.060303038033002
 20
9.35
 30
0.0
 11
18.310303038033002
 21
9.6
 31
0.0
  0
LINE
  5
73F
330
17
100
AcDbEntity
  8
hatch
100
AcDbLine
 10
17.848171003677038
 20
9.35
 30
0.0
 11
18.098171003677038
 21
9.600000000000001
 31
0.0
  0
LINE
  5
740
330
17
100
AcDbEntity
  8
hatch
100
AcDbLine
 10
17.636038969321074
 20
9.350000000000001
 30
0.0
 11
17.886038969321074
 21
9.600000000000001
 31
0.0
  0
LINE
  5
741
330
17
100
AcDbEntity
  8
hatch
100
AcDbLine
 10
17.42390693496511
 20
9.35
 30
0.0
 11
17.673906934965114
 21
9.600000000000003
 31
0.0
  0
LINE
  5
742
330
17
100
AcDbEntity
  8
hatch
100
AcDbLine
 10
17.211774900609146
 20
9.349999999999998
 30
0.0
 11
17.461774900609146
 21
9.600000000000001
 31
0.0
  0
LINE
  5
743
330
17
100
AcDbEntity
  8
hatch
100
AcDbLine
 10
16.99964286625318
 20
9.349999999999998
 30
0.0
 11
17.249642866253183
 21
9.600000000000001
 31
0.0
  0
LINE
  5
744
330
17
100
AcDbEntity
  8
hatch
100
AcDbLine
 10
16.78751083189722
 20
9.350000000000001
 30
0.0
 11
17.037510831897215
 21
9.600000000000001
 31
0.0
  0
LINE
  5
745
330
17
100
AcDbEntity
  8
hatch
100
AcDbLine
 10
16.57537879754125
 20
9.35
 30
0.0
 11
16.825378797541255
 21
9.600000000000003
 31
0.0
  0
LINE
  5
746
330
17
100
AcDbEntity
  8
hatch
100
AcDbLine
 10
16.363246763185288
 20
9.350000000000001
 30
0.0
 11
16.61324676318529
 21
9.600000000000003
 31
0.0
  0
LINE
  5
747
330
17
100
AcDbEntity
  8
hatch
100
AcDbLine
 10
16.151114728829324
 20
9.35
 30
0.0
 11
16.401114728829324
 21
9.600000000000001
 31
0.0
  0
LINE
  5
748
330
17
100
AcDbEntity
  8
hatch
100
AcDbLine
 10
15.938982694473356
 20
9.349999999999998
 30
0.0
 11
16.18898269447336
 21
9.600000000000001
 31
0.0
  0
LINE
  5
749
330
17
100
AcDbEntity
  8
hatch
100
AcDbLine
 10
15.726850660117396
 20
9.350000000000001
 30
0.0
 11
15.976850660117396
 21
9.600000000000001
 31
0.0
  0
LINE
  5
74A
330
17
100
AcDbEntity
  8
hatch
100
AcDbLine
 10
15.51471862576143
 20
9.350000000000001
 30
0.0
 11
15.764718625761432
 21
9.600000000000001
 31
0.0
  0
LINE
  5
74B
330
17
100
AcDbEntity
  8
hatch
100
AcDbLine
 10
15.302586591405467
 20
9.350000000000001
 30
0.0
 11
15.552586591405467
 21
9.600000000000001
 31
0.0
  0
LINE
  5
74C
330
17
100
AcDbEntity
  8
hatch
100
AcDbLine
 10
15.090454557049505
 20
9.350000000000003
 30
0.0
 11
15.340454557049505
 21
9.600000000000001
 31
0.0
  0
LINE
  5
74D
330
17
100
AcDbEntity
  8
hatch
100
AcDbLine
 10
14.878322522693535
 20
9.349999999999998
 30
0.0
 11
15.128322522693539
 21
9.6
 31
0.0
  0
LINE
  5
74E
330
17
100
AcDbEntity
  8
hatch
100
AcDbLine
 10
14.666190488337573
 20
9.35
 30
0.0
 11
14.916190488337575
 21
9.600000000000001
 31
0.0
  0
LINE
  5
74F
330
17
100
AcDbEntity
  8
hatch
100
AcDbLine
 10
14.45405845398161
 20
9.35
 30
0.0
 11
14.70405845398161
 21
9.600000000000001
 31
0.0
  0
LINE
  5
750
330
17
100
AcDbEntity
  8
hatch
100
AcDbLine
 10
14.241926419625647
 20
9.350000000000001
 30
0.0
 11
14.49192641962565
 21
9.600000000000003
 31
0.0
  0
LINE
  5
751
330
17
100
AcDbEntity
  8
hatch
100
AcDbLine
 10
14.029794385269682
 20
9.35
 30
0.0
 11
14.279794385269682
 21
9.600000000000001
 31
0.0
  0
LINE
  5
752
330
17
100
AcDbEntity
  8
hatch
100
AcDbLine
 10
13.817662350913714
 20
9.349999999999998
 30
0.0
 11
14.067662350913718
 21
9.6
 31
0.0
  0
LINE
  5
753
330
17
100
AcDbEntity
  8
hatch
100
AcDbLine
 10
13.60553031655775
 20
9.349999999999998
 30
0.0
 11
13.855530316557752
 21
9.600000000000001
 31
0.0
  0
LINE
  5
754
330
17
100
AcDbEntity
  8
hatch
100
AcDbLine
 10
13.393398282201789
 20
9.350000000000001
 30
0.0
 11
13.64339828220179
 21
9.600000000000003
 31
0.0
  0
LINE
  5
755
330
17
100
AcDbEntity
  8
hatch
100
AcDbLine
 10
13.181266247845823
 20
9.35
 30
0.0
 11
13.431266247845825
 21
9.600000000000001
 31
0.0
  0
LINE
  5
756
330
17
100
AcDbEntity
  8
hatch
100
AcDbLine
 10
12.969134213489859
 20
9.35
 30
0.0
 11
13.21913421348986
 21
9.600000000000001
 31
0.0
  0
LINE
  5
757
330
17
100
AcDbEntity
  8
hatch
100
AcDbLine
 10
12.757002179133895
 20
9.35
 30
0.0
 11
13.007002179133899
 21
9.600000000000003
 31
0.0
  0
LINE
  5
758
330
17
100
AcDbEntity
  8
hatch
100
AcDbLine
 10
12.544870144777931
 20
9.35
 30
0.0
 11
12.794870144777933
 21
9.600000000000001
 31
0.0
  0
LINE
  5
759
330
17
100
AcDbEntity
  8
hatch
100
AcDbLine
 10
12.332738110421964
 20
9.349999999999998
 30
0.0
 11
12.582738110421968
 21
9.600000000000001
 31
0.0
  0
LINE
  5
75A
330
17
100
AcDbEntity
  8
hatch
100
AcDbLine
 10
12.120606076066002
 20
9.350000000000001
 30
0.0
 11
12.370606076066002
 21
9.600000000000001
 31
0.0
  0
LINE
  5
75B
330
17
100
AcDbEntity
  8
hatch
100
AcDbLine
 10
11.90847404171004
 20
9.35
 30
0.0
 11
12.158474041710042
 21
9.600000000000001
 31
0.0
  0
LINE
  5
75C
330
17
100
AcDbEntity
  8
hatch
100
AcDbLine
 10
11.696342007354072
 20
9.349999999999998
 30
0.0
 11
11.946342007354074
 21
9.600000000000001
 31
0.0
  0
LINE
  5
75D
330
17
100
AcDbEntity
  8
hatch
100
AcDbLine
 10
11.48420997299811
 20
9.350000000000001
 30
0.0
 11
11.73420997299811
 21
9.600000000000001
 31
0.0
  0
LINE
  5
75E
330
17
100
AcDbEntity
  8
hatch
100
AcDbLine
 10
11.272077938642147
 20
9.350000000000001
 30
0.0
 11
11.522077938642147
 21
9.600000000000001
 31
0.0
  0
LINE
  5
75F
330
17
100
AcDbEntity
  8
hatch
100
AcDbLine
 10
11.059945904286181
 20
9.35
 30
0.0
 11
11.309945904286183
 21
9.600000000000001
 31
0.0
  0
LINE
  5
760
330
17
100
AcDbEntity
  8
hatch
100
AcDbLine
 10
10.847813869930217
 20
9.35
 30
0.0
 11
11.097813869930217
 21
9.600000000000001
 31
0.0
  0
LINE
  5
761
330
17
100
AcDbEntity
  8
hatch
100
AcDbLine
 10
10.635681835574253
 20
9.350000000000001
 30
0.0
 11
10.885681835574255
 21
9.600000000000001
 31
0.0
  0
LINE
  5
762
330
17
100
AcDbEntity
  8
hatch
100
AcDbLine
 10
10.423549801218288
 20
9.35
 30
0.0
 11
10.673549801218291
 21
9.600000000000001
 31
0.0
  0
LINE
  5
763
330
17
100
AcDbEntity
  8
hatch
100
AcDbLine
 10
10.211417766862324
 20
9.350000000000001
 30
0.0
 11
10.461417766862324
 21
9.600000000000001
 31
0.0
  0
LINE
  5
764
330
17
100
AcDbEntity
  8
hatch
100
AcDbLine
 10
9.999285732506358
 20
9.35
 30
0.0
 11
10.24928573250636
 21
9.600000000000001
 31
0.0
  0
LINE
  5
765
330
17
100
AcDbEntity
  8
hatch
100
AcDbLine
 10
9.787153698150396
 20
9.35
 30
0.0
 11
10.0371536981504
 21
9.600000000000001
 31
0.0
  0
LINE
  5
766
330
17
100
AcDbEntity
  8
hatch
100
AcDbLine
 10
9.57502166379443
 20
9.35
 30
0.0
 11
9.825021663794432
 21
9.600000000000001
 31
0.0
  0
LINE
  5
767
330
17
100
AcDbEntity
  8
hatch
100
AcDbLine
 10
9.362889629438467
 20
9.35
 30
0.0
 11
9.612889629438468
 21
9.600000000000001
 31
0.0
  0
LINE
  5
768
330
17
100
AcDbEntity
  8
hatch
100
AcDbLine
 10
9.150757595082503
 20
9.35
 30
0.0
 11
9.400757595082505
 21
9.600000000000001
 31
0.0
  0
LINE
  5
769
330
17
100
AcDbEntity
  8
hatch
100
AcDbLine
 10
8.938625560726537
 20
9.35
 30
0.0
 11
9.188625560726539
 21
9.6
 31
0.0
  0
LINE
  5
76A
330
17
100
AcDbEntity
  8
hatch
100
AcDbLine
 10
8.726493526370575
 20
9.35
 30
0.0
 11
8.976493526370577
 21
9.600000000000001
 31
0.0
  0
LINE
  5
76B
330
17
100
AcDbEntity
  8
hatch
100
AcDbLine
 10
8.514361492014611
 20
9.35
 30
0.0
 11
8.764361492014611
 21
9.6
 31
0.0
  0
LINE
  5
76C
330
17
100
AcDbEntity
  8
hatch
100
AcDbLine
 10
8.302229457658644
 20
9.35
 30
0.0
 11
8.552229457658648
 21
9.600000000000003
 31
0.0
  0
LINE
  5
76D
330
17
100
AcDbEntity
  8
hatch
100
AcDbLine
 10
8.09009742330268
 20
9.35
 30
0.0
 11
8.340097423302682
 21
9.600000000000001
 31
0.0
  0
LINE
  5
76E
330
17
100
AcDbEntity
  8
hatch
100
AcDbLine
 10
7.877965388946716
 20
9.35
 30
0.0
 11
8.127965388946716
 21
9.6
 31
0.0
  0
LINE
  5
76F
330
17
100
AcDbEntity
  8
hatch
100
AcDbLine
 10
7.665833354590753
 20
9.35
 30
0.0
 11
7.915833354590755
 21
9.600000000000003
 31
0.0
  0
LINE
  5
770
330
17
100
AcDbEntity
  8
hatch
100
AcDbLine
 10
7.453701320234789
 20
9.35
 30
0.0
 11
7.70370132023479
 21
9.600000000000001
 31
0.0
  0
LINE
  5
771
330
17
100
AcDbEntity
  8
hatch
100
AcDbLine
 10
7.241569285878825
 20
9.35
 30
0.0
 11
7.491569285878825
 21
9.6
 31
0.0
  0
LINE
  5
772
330
17
100
AcDbEntity
  8
hatch
100
AcDbLine
 10
7.02943725152286
 20
9.35
 30
0.0
 11
7.279437251522862
 21
9.600000000000001
 31
0.0
  0
LINE
  5
773
330
17
100
AcDbEntity
  8
hatch
100
AcDbLine
 10
6.817305217166894
 20
9.35
 30
0.0
 11
7.067305217166896
 21
9.600000000000003
 31
0.0
  0
LINE
  5
774
330
17
100
AcDbEntity
  8
hatch
100
AcDbLine
 10
6.605173182810932
 20
9.35
 30
0.0
 11
6.855173182810933
 21
9.6
 31
0.0
  0
LINE
  5
775
330
17
100
AcDbEntity
  8
hatch
100
AcDbLine
 10
6.393041148454968
 20
9.35
 30
0.0
 11
6.6430411484549685
 21
9.600000000000001
 31
0.0
  0
LINE
  5
776
330
17
100
AcDbEntity
  8
hatch
100
AcDbLine
 10
6.180909114099003
 20
9.35
 30
0.0
 11
6.430909114099005
 21
9.600000000000001
 31
0.0
  0
LINE
  5
777
330
17
100
AcDbEntity
  8
hatch
100
AcDbLine
 10
5.968777079743037
 20
9.35
 30
0.0
 11
6.218777079743038
 21
9.600000000000001
 31
0.0
  0
LINE
  5
778
330
17
100
AcDbEntity
  8
hatch
100
AcDbLine
 10
5.7566450453870734
 20
9.35
 30
0.0
 11
6.006645045387075
 21
9.600000000000001
 31
0.0
  0
LINE
  5
779
330
17
100
AcDbEntity
  8
hatch
100
AcDbLine
 10
5.544513011031111
 20
9.35
 30
0.0
 11
5.794513011031112
 21
9.6
 31
0.0
  0
LINE
  5
77A
330
17
100
AcDbEntity
  8
hatch
100
AcDbLine
 10
5.332380976675146
 20
9.35
 30
0.0
 11
5.582380976675147
 21
9.600000000000001
 31
0.0
  0
LINE
  5
77B
330
17
100
AcDbEntity
  8
hatch
100
AcDbLine
 10
5.120248942319181
 20
9.350000000000001
 30
0.0
 11
5.370248942319183
 21
9.600000000000001
 31
0.0
  0
LINE
  5
77C
330
17
100
AcDbEntity
  8
hatch
100
AcDbLine
 10
4.908116907963216
 20
9.35
 30
0.0
 11
5.158116907963217
 21
9.600000000000001
 31
0.0
  0
LINE
  5
77D
330
17
100
AcDbEntity
  8
hatch
100
AcDbLine
 10
4.695984873607252
 20
9.350000000000001
 30
0.0
 11
4.945984873607253
 21
9.600000000000001
 31
0.0
  0
LINE
  5
77E
330
17
100
AcDbEntity
  8
hatch
100
AcDbLine
 10
4.4838528392512895
 20
9.35
 30
0.0
 11
4.733852839251291
 21
9.600000000000001
 31
0.0
  0
LINE
  5
77F
330
17
100
AcDbEntity
  8
hatch
100
AcDbLine
 10
4.271720804895325
 20
9.35
 30
0.0
 11
4.521720804895326
 21
9.600000000000001
 31
0.0
  0
LINE
  5
780
330
17
100
AcDbEntity
  8
hatch
100
AcDbLine
 10
4.05958877053936
 20
9.35
 30
0.0
 11
4.309588770539362
 21
9.600000000000001
 31
0.0
  0
LINE
  5
781
330
17
100
AcDbEntity
  8
hatch
100
AcDbLine
 10
3.8474567361833953
 20
9.35
 30
0.0
 11
4.097456736183397
 21
9.600000000000001
 31
0.0
  0
LINE
  5
782
330
17
100
AcDbEntity
  8
hatch
100
AcDbLine
 10
3.6353247018274333
 20
9.35
 30
0.0
 11
3.885324701827434
 21
9.600000000000001
 31
0.0
  0
LINE
  5
783
330
17
100
AcDbEntity
  8
hatch
100
AcDbLine
 10
3.423192667471468
 20
9.35
 30
0.0
 11
3.6731926674714708
 21
9.600000000000001
 31
0.0
  0
LINE
  5
784
330
17
100
AcDbEntity
  8
hatch
100
AcDbLine
 10
3.211060633115504
 20
9.35
 30
0.0
 11
3.4610606331155047
 21
9.600000000000001
 31
0.0
  0
LINE
  5
785
330
17
100
AcDbEntity
  8
hatch
100
AcDbLine
 10
2.9989285987595387
 20
9.35
 30
0.0
 11
3.2489285987595395
 21
9.600000000000001
 31
0.0
  0
LINE
  5
786
330
17
100
AcDbEntity
  8
hatch
100
AcDbLine
 10
2.7867965644035744
 20
9.35
 30
0.0
 11
3.036796564403576
 21
9.600000000000001
 31
0.0
  0
LINE
  5
787
330
17
100
AcDbEntity
  8
hatch
100
AcDbLine
 10
2.5746645300476123
 20
9.350000000000001
 30
0.0
 11
2.824664530047613
 21
9.600000000000001
 31
0.0
  0
LINE
  5
788
330
17
100
AcDbEntity
  8
hatch
100
AcDbLine
 10
2.362532495691647
 20
9.35
 30
0.0
 11
2.612532495691648
 21
9.600000000000001
 31
0.0
  0
LINE
  5
789
330
17
100
AcDbEntity
  8
hatch
100
AcDbLine
 10
2.1504004613356824
 20
9.350000000000001
 30
0.0
 11
2.400400461335684
 21
9.600000000000001
 31
0.0
  0
LINE
  5
78A
330
17
100
AcDbEntity
  8
hatch
100
AcDbLine
 10
1.9382684269797172
 20
9.35
 30
0.0
 11
2.188268426979718
 21
9.600000000000001
 31
0.0
  0
LINE
  5
78B
330
17
100
AcDbEntity
  8
hatch
100
AcDbLine
 10
1.726136392623752
 20
9.35
 30
0.0
 11
1.976136392623753
 21
9.600000000000001
 31
0.0
  0
LINE
  5
78C
330
17
100
AcDbEntity
  8
hatch
100
AcDbLine
 10
1.51400435826779
 20
9.35
 30
0.0
 11
1.764004358267791
 21
9.600000000000001
 31
0.0
  0
LINE
  5
78D
330
17
100
AcDbEntity
  8
hatch
100
AcDbLine
 10
1.301872323911823
 20
9.35
 30
0.0
 11
1.551872323911824
 21
9.600000000000001
 31
0.0
  0
LINE
  5
78E
330
17
100
AcDbEntity
  8
hatch
100
AcDbLine
 10
1.089740289555861
 20
9.35
 30
0.0
 11
1.3397402895558619
 21
9.600000000000001
 31
0.0
  0
LINE
  5
78F
330
17
100
AcDbEntity
  8
hatch
100
AcDbLine
 10
0.8776082551998989
 20
9.35
 30
0.0
 11
1.1276082551998998
 21
9.600000000000001
 31
0.0
  0
LINE
  5
790
330
17
100
AcDbEntity
  8
hatch
100
AcDbLine
 10
0.6654762208439315
 20
9.35
 30
0.0
 11
0.9154762208439324
 21
9.600000000000001
 31
0.0
  0
LINE
  5
791
330
17
100
AcDbEntity
  8
hatch
100
AcDbLine
 10
0.4533441864879695
 20
9.35
 30
0.0
 11
0.7033441864879704
 21
9.600000000000001
 31
0.0
  0
LINE
  5
792
330
17
100
AcDbEntity
  8
hatch
100
AcDbLine
 10
0.2412121521320021
 20
9.35
 30
0.0
 11
0.491212152132003
 21
9.600000000000001
 31
0.0
  0
LINE
  5
793
330
17
100
AcDbEntity
  8
hatch
100
AcDbLine
 10
0.02908011777603914
 20
9.35
 30
0.0
 11
0.27908011777604
 21
9.600000000000001
 31
0.0
  0
LINE
  5
794
330
17
100
AcDbEntity
  8
hatch
100
AcDbLine
 10
0.0
 20
9.533051916579922
 30
0.0
 11
0.06694808342007796
 21
9.600000000000001
 31
0.0
  0
LWPOLYLINE
  5
795
330
17
100
AcDbEntity
  8
muro-corte
100
AcDbPolyline
 90
4
 70
1
 10
0.0
 20
9.35
 10
24.0
 20
9.35
 10
24.0
 20
9.6
 10
0.0
 20
9.6
  0
LWPOLYLINE
  5
796
330
17
100
AcDbEntity
  8
muro-fill
100
AcDbPolyline
 90
4
 70
1
 10
0.0
 20
0.2500000000000007
 10
0.24999999999999856
 20
0.2500000000000007
 10
0.24999999999999856
 20
9.35
 10
0.0
 20
9.35
  0
LINE
  5
797
330
17
100
AcDbEntity
  8
hatch
100
AcDbLine
 10
0.03786796564403429
 20
0.2500000000000007
 30
0.0
 11
0.24999999999999856
 21
0.46213203435596495
 31
0.0
  0
LINE
  5
798
330
17
100
AcDbEntity
  8
hatch
100
AcDbLine
 10
5.551115123125783e-17
 20
0.42426406871193073
 30
0.0
 11
0.2499999999999985
 21
0.6742640687119291
 31
0.0
  0
LINE
  5
799
330
17
100
AcDbEntity
  8
hatch
100
AcDbLine
 10
3.885780586188048e-16
 20
0.6363961030678953
 30
0.0
 11
0.24999999999999856
 21
0.8863961030678933
 31
0.0
  0
LINE
  5
79A
330
17
100
AcDbEntity
  8
hatch
100
AcDbLine
 10
0.0
 20
0.8485281374238591
 30
0.0
 11
0.24999999999999856
 21
1.0985281374238576
 31
0.0
  0
LINE
  5
79B
330
17
100
AcDbEntity
  8
hatch
100
AcDbLine
 10
2.220446049250313e-16
 20
1.0606601717798236
 30
0.0
 11
0.24999999999999845
 21
1.3106601717798219
 31
0.0
  0
LINE
  5
79C
330
17
100
AcDbEntity
  8
hatch
100
AcDbLine
 10
0.0
 20
1.2727922061357875
 30
0.0
 11
0.24999999999999856
 21
1.5227922061357861
 31
0.0
  0
LINE
  5
79D
330
17
100
AcDbEntity
  8
hatch
100
AcDbLine
 10
1.1102230246251565e-16
 20
1.4849242404917522
 30
0.0
 11
0.24999999999999856
 21
1.7349242404917504
 31
0.0
  0
LINE
  5
79E
330
17
100
AcDbEntity
  8
hatch
100
AcDbLine
 10
4.440892098500626e-16
 20
1.6970562748477165
 30
0.0
 11
0.24999999999999867
 21
1.9470562748477147
 31
0.0
  0
LINE
  5
79F
330
17
100
AcDbEntity
  8
hatch
100
AcDbLine
 10
2.220446049250313e-16
 20
1.9091883092036803
 30
0.0
 11
0.24999999999999856
 21
2.1591883092036785
 31
0.0
  0
LINE
  5
7A0
330
17
100
AcDbEntity
  8
hatch
100
AcDbLine
 10
2.220446049250313e-16
 20
2.121320343559645
 30
0.0
 11
0.24999999999999867
 21
2.3713203435596433
 31
0.0
  0
LINE
  5
7A1
330
17
100
AcDbEntity
  8
hatch
100
AcDbLine
 10
0.0
 20
2.3334523779156084
 30
0.0
 11
0.24999999999999845
 21
2.583452377915607
 31
0.0
  0
LINE
  5
7A2
330
17
100
AcDbEntity
  8
hatch
100
AcDbLine
 10
4.440892098500626e-16
 20
2.545584412271573
 30
0.0
 11
0.24999999999999867
 21
2.7955844122715714
 31
0.0
  0
LINE
  5
7A3
330
17
100
AcDbEntity
  8
hatch
100
AcDbLine
 10
4.440892098500626e-16
 20
2.757716446627538
 30
0.0
 11
0.24999999999999845
 21
3.0077164466275357
 31
0.0
  0
LINE
  5
7A4
330
17
100
AcDbEntity
  8
hatch
100
AcDbLine
 10
2.220446049250313e-16
 20
2.9698484809835017
 30
0.0
 11
0.24999999999999822
 21
3.2198484809834995
 31
0.0
  0
LINE
  5
7A5
330
17
100
AcDbEntity
  8
hatch
100
AcDbLine
 10
2.220446049250313e-16
 20
3.1819805153394665
 30
0.0
 11
0.24999999999999822
 21
3.4319805153394642
 31
0.0
  0
LINE
  5
7A6
330
17
100
AcDbEntity
  8
hatch
100
AcDbLine
 10
4.440892098500626e-16
 20
3.39411254969543
 30
0.0
 11
0.24999999999999822
 21
3.6441125496954276
 31
0.0
  0
LINE
  5
7A7
330
17
100
AcDbEntity
  8
hatch
100
AcDbLine
 10
4.440892098500626e-16
 20
3.6062445840513946
 30
0.0
 11
0.24999999999999822
 21
3.8562445840513924
 31
0.0
  0
LINE
  5
7A8
330
17
100
AcDbEntity
  8
hatch
100
AcDbLine
 10
2.220446049250313e-16
 20
3.818376618407358
 30
0.0
 11
0.24999999999999822
 21
4.068376618407356
 31
0.0
  0
LINE
  5
7A9
330
17
100
AcDbEntity
  8
hatch
100
AcDbLine
 10
0.0
 20
4.030508652763323
 30
0.0
 11
0.24999999999999822
 21
4.280508652763321
 31
0.0
  0
LINE
  5
7AA
330
17
100
AcDbEntity
  8
hatch
100
AcDbLine
 10
0.0
 20
4.242640687119287
 30
0.0
 11
0.24999999999999822
 21
4.492640687119286
 31
0.0
  0
LINE
  5
7AB
330
17
100
AcDbEntity
  8
hatch
100
AcDbLine
 10
4.440892098500626e-16
 20
4.454772721475251
 30
0.0
 11
0.24999999999999867
 21
4.7047727214752495
 31
0.0
  0
LINE
  5
7AC
330
17
100
AcDbEntity
  8
hatch
100
AcDbLine
 10
4.440892098500626e-16
 20
4.666904755831215
 30
0.0
 11
0.24999999999999867
 21
4.916904755831213
 31
0.0
  0
LINE
  5
7AD
330
17
100
AcDbEntity
  8
hatch
100
AcDbLine
 10
0.0
 20
4.879036790187179
 30
0.0
 11
0.24999999999999822
 21
5.129036790187177
 31
0.0
  0
LINE
  5
7AE
330
17
100
AcDbEntity
  8
hatch
100
AcDbLine
 10
0.0
 20
5.091168824543144
 30
0.0
 11
0.24999999999999822
 21
5.341168824543142
 31
0.0
  0
LINE
  5
7AF
330
17
100
AcDbEntity
  8
hatch
100
AcDbLine
 10
0.0
 20
5.303300858899108
 30
0.0
 11
0.24999999999999822
 21
5.553300858899107
 31
0.0
  0
LINE
  5
7B0
330
17
100
AcDbEntity
  8
hatch
100
AcDbLine
 10
0.0
 20
5.515432893255072
 30
0.0
 11
0.24999999999999867
 21
5.7654328932550705
 31
0.0
  0
LINE
  5
7B1
330
17
100
AcDbEntity
  8
hatch
100
AcDbLine
 10
-4.440892098500626e-16
 20
5.727564927611036
 30
0.0
 11
0.24999999999999778
 21
5.977564927611034
 31
0.0
  0
LINE
  5
7B2
330
17
100
AcDbEntity
  8
hatch
100
AcDbLine
 10
-4.440892098500626e-16
 20
5.939696961967002
 30
0.0
 11
0.24999999999999778
 21
6.189696961967
 31
0.0
  0
LINE
  5
7B3
330
17
100
AcDbEntity
  8
hatch
100
AcDbLine
 10
4.440892098500626e-16
 20
6.1518289963229655
 30
0.0
 11
0.24999999999999822
 21
6.401828996322963
 31
0.0
  0
LINE
  5
7B4
330
17
100
AcDbEntity
  8
hatch
100
AcDbLine
 10
0.0
 20
6.363961030678929
 30
0.0
 11
0.24999999999999822
 21
6.613961030678928
 31
0.0
  0
LINE
  5
7B5
330
17
100
AcDbEntity
  8
hatch
100
AcDbLine
 10
0.0
 20
6.576093065034893
 30
0.0
 11
0.24999999999999822
 21
6.826093065034891
 31
0.0
  0
LINE
  5
7B6
330
17
100
AcDbEntity
  8
hatch
100
AcDbLine
 10
0.0
 20
6.788225099390858
 30
0.0
 11
0.24999999999999822
 21
7.038225099390856
 31
0.0
  0
LINE
  5
7B7
330
17
100
AcDbEntity
  8
hatch
100
AcDbLine
 10
0.0
 20
7.000357133746823
 30
0.0
 11
0.24999999999999822
 21
7.250357133746821
 31
0.0
  0
LINE
  5
7B8
330
17
100
AcDbEntity
  8
hatch
100
AcDbLine
 10
-4.440892098500626e-16
 20
7.2124891681027865
 30
0.0
 11
0.24999999999999822
 21
7.462489168102785
 31
0.0
  0
LINE
  5
7B9
330
17
100
AcDbEntity
  8
hatch
100
AcDbLine
 10
-4.440892098500626e-16
 20
7.42462120245875
 30
0.0
 11
0.24999999999999822
 21
7.674621202458749
 31
0.0
  0
LINE
  5
7BA
330
17
100
AcDbEntity
  8
hatch
100
AcDbLine
 10
0.0
 20
7.636753236814714
 30
0.0
 11
0.24999999999999822
 21
7.886753236814712
 31
0.0
  0
LINE
  5
7BB
330
17
100
AcDbEntity
  8
hatch
100
AcDbLine
 10
0.0
 20
7.84888527117068
 30
0.0
 11
0.24999999999999867
 21
8.098885271170678
 31
0.0
  0
LINE
  5
7BC
330
17
100
AcDbEntity
  8
hatch
100
AcDbLine
 10
0.0
 20
8.061017305526644
 30
0.0
 11
0.24999999999999822
 21
8.311017305526642
 31
0.0
  0
LINE
  5
7BD
330
17
100
AcDbEntity
  8
hatch
100
AcDbLine
 10
0.0
 20
8.273149339882607
 30
0.0
 11
0.24999999999999822
 21
8.523149339882606
 31
0.0
  0
LINE
  5
7BE
330
17
100
AcDbEntity
  8
hatch
100
AcDbLine
 10
0.0
 20
8.485281374238571
 30
0.0
 11
0.2499999999999991
 21
8.735281374238571
 31
0.0
  0
LINE
  5
7BF
330
17
100
AcDbEntity
  8
hatch
100
AcDbLine
 10
0.0
 20
8.697413408594535
 30
0.0
 11
0.24999999999999822
 21
8.947413408594535
 31
0.0
  0
LINE
  5
7C0
330
17
100
AcDbEntity
  8
hatch
100
AcDbLine
 10
0.0
 20
8.9095454429505
 30
0.0
 11
0.24999999999999822
 21
9.159545442950499
 31
0.0
  0
LINE
  5
7C1
330
17
100
AcDbEntity
  8
hatch
100
AcDbLine
 10
0.0
 20
9.121677477306466
 30
0.0
 11
0.22832252269353503
 21
9.35
 31
0.0
  0
LINE
  5
7C2
330
17
100
AcDbEntity
  8
hatch
100
AcDbLine
 10
0.0
 20
9.333809511662428
 30
0.0
 11
0.016190488337571196
 21
9.35
 31
0.0
  0
LWPOLYLINE
  5
7C3
330
17
100
AcDbEntity
  8
muro-corte
100
AcDbPolyline
 90
4
 70
1
 10
0.0
 20
0.2500000000000007
 10
0.24999999999999856
 20
0.2500000000000007
 10
0.24999999999999856
 20
9.35
 10
0.0
 20
9.35
  0
LWPOLYLINE
  5
7C4
330
17
100
AcDbEntity
  8
muro-fill
100
AcDbPolyline
 90
4
 70
1
 10
23.750000000000004
 20
0.2500000000000007
 10
24.0
 20
0.2500000000000007
 10
24.0
 20
9.35
 10
23.750000000000004
 20
9.35
  0
LINE
  5
7C5
330
17
100
AcDbEntity
  8
hatch
100
AcDbLine
 10
23.78786796564404
 20
0.2500000000000018
 30
0.0
 11
24.0
 21
0.46213203435596384
 31
0.0
  0
LINE
  5
7C6
330
17
100
AcDbEntity
  8
hatch
100
AcDbLine
 10
23.750000000000004
 20
0.4242640687119348
 30
0.0
 11
24.0
 21
0.6742640687119312
 31
0.0
  0
LINE
  5
7C7
330
17
100
AcDbEntity
  8
hatch
100
AcDbLine
 10
23.750000000000004
 20
0.6363961030678986
 30
0.0
 11
24.0
 21
0.8863961030678951
 31
0.0
  0
LINE
  5
7C8
330
17
100
AcDbEntity
  8
hatch
100
AcDbLine
 10
23.750000000000004
 20
0.8485281374238642
 30
0.0
 11
24.0
 21
1.0985281374238625
 31
0.0
  0
LINE
  5
7C9
330
17
100
AcDbEntity
  8
hatch
100
AcDbLine
 10
23.750000000000004
 20
1.0606601717798263
 30
0.0
 11
24.0
 21
1.3106601717798227
 31
0.0
  0
LINE
  5
7CA
330
17
100
AcDbEntity
  8
hatch
100
AcDbLine
 10
23.75
 20
1.272792206135792
 30
0.0
 11
24.0
 21
1.5227922061357884
 31
0.0
  0
LINE
  5
7CB
330
17
100
AcDbEntity
  8
hatch
100
AcDbLine
 10
23.750000000000004
 20
1.4849242404917575
 30
0.0
 11
24.0
 21
1.734924240491754
 31
0.0
  0
LINE
  5
7CC
330
17
100
AcDbEntity
  8
hatch
100
AcDbLine
 10
23.750000000000004
 20
1.6970562748477178
 30
0.0
 11
24.0
 21
1.9470562748477143
 31
0.0
  0
LINE
  5
7CD
330
17
100
AcDbEntity
  8
hatch
100
AcDbLine
 10
23.750000000000004
 20
1.9091883092036852
 30
0.0
 11
24.0
 21
2.1591883092036817
 31
0.0
  0
LINE
  5
7CE
330
17
100
AcDbEntity
  8
hatch
100
AcDbLine
 10
23.750000000000004
 20
2.121320343559649
 30
0.0
 11
24.0
 21
2.3713203435596455
 31
0.0
  0
LINE
  5
7CF
330
17
100
AcDbEntity
  8
hatch
100
AcDbLine
 10
23.75
 20
2.333452377915611
 30
0.0
 11
24.0
 21
2.583452377915611
 31
0.0
  0
LINE
  5
7D0
330
17
100
AcDbEntity
  8
hatch
100
AcDbLine
 10
23.750000000000004
 20
2.5455844122715767
 30
0.0
 11
24.0
 21
2.795584412271573
 31
0.0
  0
LINE
  5
7D1
330
17
100
AcDbEntity
  8
hatch
100
AcDbLine
 10
23.750000000000004
 20
2.7577164466275406
 30
0.0
 11
24.0
 21
3.007716446627537
 31
0.0
  0
LINE
  5
7D2
330
17
100
AcDbEntity
  8
hatch
100
AcDbLine
 10
23.750000000000007
 20
2.969848480983506
 30
0.0
 11
24.0
 21
3.2198484809835026
 31
0.0
  0
LINE
  5
7D3
330
17
100
AcDbEntity
  8
hatch
100
AcDbLine
 10
23.750000000000004
 20
3.18198051533947
 30
0.0
 11
24.0
 21
3.4319805153394665
 31
0.0
  0
LINE
  5
7D4
330
17
100
AcDbEntity
  8
hatch
100
AcDbLine
 10
23.75
 20
3.394112549695434
 30
0.0
 11
24.0
 21
3.6441125496954303
 31
0.0
  0
LINE
  5
7D5
330
17
100
AcDbEntity
  8
hatch
100
AcDbLine
 10
23.750000000000004
 20
3.6062445840513995
 30
0.0
 11
24.0
 21
3.856244584051396
 31
0.0
  0
LINE
  5
7D6
330
17
100
AcDbEntity
  8
hatch
100
AcDbLine
 10
23.75
 20
3.8183766184073615
 30
0.0
 11
24.0
 21
4.06837661840736
 31
0.0
  0
LINE
  5
7D7
330
17
100
AcDbEntity
  8
hatch
100
AcDbLine
 10
23.750000000000004
 20
4.030508652763327
 30
0.0
 11
24.0
 21
4.280508652763324
 31
0.0
  0
LINE
  5
7D8
330
17
100
AcDbEntity
  8
hatch
100
AcDbLine
 10
23.750000000000004
 20
4.242640687119291
 30
0.0
 11
24.0
 21
4.492640687119287
 31
0.0
  0
LINE
  5
7D9
330
17
100
AcDbEntity
  8
hatch
100
AcDbLine
 10
23.750000000000007
 20
4.454772721475257
 30
0.0
 11
24.0
 21
4.704772721475251
 31
0.0
  0
LINE
  5
7DA
330
17
100
AcDbEntity
  8
hatch
100
AcDbLine
 10
23.75
 20
4.66690475583122
 30
0.0
 11
24.0
 21
4.916904755831219
 31
0.0
  0
LINE
  5
7DB
330
17
100
AcDbEntity
  8
hatch
100
AcDbLine
 10
23.750000000000004
 20
4.8790367901871825
 30
0.0
 11
24.0
 21
5.129036790187179
 31
0.0
  0
LINE
  5
7DC
330
17
100
AcDbEntity
  8
hatch
100
AcDbLine
 10
23.750000000000007
 20
5.091168824543148
 30
0.0
 11
24.0
 21
5.341168824543145
 31
0.0
  0
LINE
  5
7DD
330
17
100
AcDbEntity
  8
hatch
100
AcDbLine
 10
23.750000000000004
 20
5.303300858899112
 30
0.0
 11
24.0
 21
5.55330085889911
 31
0.0
  0
LINE
  5
7DE
330
17
100
AcDbEntity
  8
hatch
100
AcDbLine
 10
23.75
 20
5.515432893255076
 30
0.0
 11
24.0
 21
5.765432893255072
 31
0.0
  0
LINE
  5
7DF
330
17
100
AcDbEntity
  8
hatch
100
AcDbLine
 10
23.750000000000004
 20
5.727564927611041
 30
0.0
 11
24.0
 21
5.977564927611038
 31
0.0
  0
LINE
  5
7E0
330
17
100
AcDbEntity
  8
hatch
100
AcDbLine
 10
23.750000000000004
 20
5.9396969619670035
 30
0.0
 11
24.0
 21
6.189696961967002
 31
0.0
  0
LINE
  5
7E1
330
17
100
AcDbEntity
  8
hatch
100
AcDbLine
 10
23.750000000000007
 20
6.151828996322969
 30
0.0
 11
24.0
 21
6.401828996322967
 31
0.0
  0
LINE
  5
7E2
330
17
100
AcDbEntity
  8
hatch
100
AcDbLine
 10
23.750000000000004
 20
6.363961030678933
 30
0.0
 11
24.0
 21
6.613961030678929
 31
0.0
  0
LINE
  5
7E3
330
17
100
AcDbEntity
  8
hatch
100
AcDbLine
 10
23.750000000000004
 20
6.576093065034895
 30
0.0
 11
24.0
 21
6.826093065034893
 31
0.0
  0
LINE
  5
7E4
330
17
100
AcDbEntity
  8
hatch
100
AcDbLine
 10
23.750000000000004
 20
6.788225099390862
 30
0.0
 11
24.0
 21
7.038225099390861
 31
0.0
  0
LINE
  5
7E5
330
17
100
AcDbEntity
  8
hatch
100
AcDbLine
 10
23.750000000000004
 20
7.0003571337468244
 30
0.0
 11
24.0
 21
7.250357133746821
 31
0.0
  0
LINE
  5
7E6
330
17
100
AcDbEntity
  8
hatch
100
AcDbLine
 10
23.750000000000007
 20
7.212489168102792
 30
0.0
 11
24.000000000000004
 21
7.462489168102788
 31
0.0
  0
LINE
  5
7E7
330
17
100
AcDbEntity
  8
hatch
100
AcDbLine
 10
23.750000000000004
 20
7.424621202458754
 30
0.0
 11
24.0
 21
7.674621202458752
 31
0.0
  0
LINE
  5
7E8
330
17
100
AcDbEntity
  8
hatch
100
AcDbLine
 10
23.750000000000004
 20
7.636753236814718
 30
0.0
 11
24.0
 21
7.886753236814714
 31
0.0
  0
LINE
  5
7E9
330
17
100
AcDbEntity
  8
hatch
100
AcDbLine
 10
23.750000000000004
 20
7.848885271170684
 30
0.0
 11
24.0
 21
8.09888527117068
 31
0.0
  0
LINE
  5
7EA
330
17
100
AcDbEntity
  8
hatch
100
AcDbLine
 10
23.750000000000004
 20
8.061017305526645
 30
0.0
 11
24.0
 21
8.311017305526642
 31
0.0
  0
LINE
  5
7EB
330
17
100
AcDbEntity
  8
hatch
100
AcDbLine
 10
23.750000000000007
 20
8.273149339882611
 30
0.0
 11
24.0
 21
8.523149339882607
 31
0.0
  0
LINE
  5
7EC
330
17
100
AcDbEntity
  8
hatch
100
AcDbLine
 10
23.750000000000004
 20
8.485281374238575
 30
0.0
 11
24.0
 21
8.735281374238575
 31
0.0
  0
LINE
  5
7ED
330
17
100
AcDbEntity
  8
hatch
100
AcDbLine
 10
23.75
 20
8.697413408594539
 30
0.0
 11
24.0
 21
8.947413408594535
 31
0.0
  0
LINE
  5
7EE
330
17
100
AcDbEntity
  8
hatch
100
AcDbLine
 10
23.75
 20
8.909545442950506
 30
0.0
 11
24.0
 21
9.159545442950503
 31
0.0
  0
LINE
  5
7EF
330
17
100
AcDbEntity
  8
hatch
100
AcDbLine
 10
23.750000000000004
 20
9.121677477306466
 30
0.0
 11
23.978322522693535
 21
9.349999999999998
 31
0.0
  0
LINE
  5
7F0
330
17
100
AcDbEntity
  8
hatch
100
AcDbLine
 10
23.750000000000007
 20
9.333809511662434
 30
0.0
 11
23.76619048833757
 21
9.349999999999998
 31
0.0
  0
LWPOLYLINE
  5
7F1
330
17
100
AcDbEntity
  8
muro-corte
100
AcDbPolyline
 90
4
 70
1
 10
23.750000000000004
 20
0.2500000000000007
 10
24.0
 20
0.2500000000000007
 10
24.0
 20
9.35
 10
23.750000000000004
 20
9.35
  0
LWPOLYLINE
  5
7F2
330
17
100
AcDbEntity
  8
tabique-fill
100
AcDbPolyline
 90
4
 70
1
 10
3.4499999999999997
 20
0.2500000000000007
 10
3.5999999999999996
 20
0.2500000000000007
 10
3.5999999999999996
 20
3.799999999999999
 10
3.4499999999999997
 20
3.799999999999999
  0
LINE
  5
7F3
330
17
100
AcDbEntity
  8
hatch
100
AcDbLine
 10
3.4499999999999997
 20
0.31213203435596526
 30
0.0
 11
3.5999999999999996
 21
0.46213203435596495
 31
0.0
  0
LINE
  5
7F4
330
17
100
AcDbEntity
  8
hatch
100
AcDbLine
 10
3.4499999999999997
 20
0.5242640687119295
 30
0.0
 11
3.5999999999999996
 21
0.674264068711929
 31
0.0
  0
LINE
  5
7F5
330
17
100
AcDbEntity
  8
hatch
100
AcDbLine
 10
3.4499999999999997
 20
0.7363961030678936
 30
0.0
 11
3.599999999999999
 21
0.8863961030678935
 31
0.0
  0
LINE
  5
7F6
330
17
100
AcDbEntity
  8
hatch
100
AcDbLine
 10
3.45
 20
0.9485281374238581
 30
0.0
 11
3.5999999999999996
 21
1.098528137423858
 31
0.0
  0
LINE
  5
7F7
330
17
100
AcDbEntity
  8
hatch
100
AcDbLine
 10
3.4499999999999997
 20
1.1606601717798222
 30
0.0
 11
3.599999999999999
 21
1.3106601717798216
 31
0.0
  0
LINE
  5
7F8
330
17
100
AcDbEntity
  8
hatch
100
AcDbLine
 10
3.4499999999999993
 20
1.3727922061357862
 30
0.0
 11
3.5999999999999988
 21
1.5227922061357861
 31
0.0
  0
LINE
  5
7F9
330
17
100
AcDbEntity
  8
hatch
100
AcDbLine
 10
3.4499999999999997
 20
1.5849242404917507
 30
0.0
 11
3.599999999999999
 21
1.7349242404917502
 31
0.0
  0
LINE
  5
7FA
330
17
100
AcDbEntity
  8
hatch
100
AcDbLine
 10
3.4499999999999997
 20
1.7970562748477148
 30
0.0
 11
3.5999999999999996
 21
1.9470562748477147
 31
0.0
  0
LINE
  5
7FB
330
17
100
AcDbEntity
  8
hatch
100
AcDbLine
 10
3.4499999999999993
 20
2.0091883092036786
 30
0.0
 11
3.5999999999999988
 21
2.159188309203678
 31
0.0
  0
LINE
  5
7FC
330
17
100
AcDbEntity
  8
hatch
100
AcDbLine
 10
3.4499999999999997
 20
2.2213203435596434
 30
0.0
 11
3.5999999999999996
 21
2.371320343559643
 31
0.0
  0
LINE
  5
7FD
330
17
100
AcDbEntity
  8
hatch
100
AcDbLine
 10
3.4499999999999993
 20
2.433452377915607
 30
0.0
 11
3.5999999999999988
 21
2.5834523779156067
 31
0.0
  0
LINE
  5
7FE
330
17
100
AcDbEntity
  8
hatch
100
AcDbLine
 10
3.4499999999999997
 20
2.645584412271572
 30
0.0
 11
3.599999999999999
 21
2.7955844122715714
 31
0.0
  0
LINE
  5
7FF
330
17
100
AcDbEntity
  8
hatch
100
AcDbLine
 10
3.45
 20
2.857716446627536
 30
0.0
 11
3.5999999999999988
 21
3.0077164466275352
 31
0.0
  0
LINE
  5
800
330
17
100
AcDbEntity
  8
hatch
100
AcDbLine
 10
3.4499999999999993
 20
3.0698484809835
 30
0.0
 11
3.599999999999999
 21
3.2198484809835
 31
0.0
  0
LINE
  5
801
330
17
100
AcDbEntity
  8
hatch
100
AcDbLine
 10
3.4499999999999997
 20
3.2819805153394643
 30
0.0
 11
3.5999999999999996
 21
3.4319805153394642
 31
0.0
  0
LINE
  5
802
330
17
100
AcDbEntity
  8
hatch
100
AcDbLine
 10
3.4499999999999993
 20
3.4941125496954286
 30
0.0
 11
3.599999999999999
 21
3.644112549695428
 31
0.0
  0
LINE
  5
803
330
17
100
AcDbEntity
  8
hatch
100
AcDbLine
 10
3.4499999999999997
 20
3.706244584051393
 30
0.0
 11
3.543755415948606
 21
3.799999999999999
 31
0.0
  0
LWPOLYLINE
  5
804
330
17
100
AcDbEntity
  8
muro-corte
100
AcDbPolyline
 90
4
 70
1
 10
3.4499999999999997
 20
0.2500000000000007
 10
3.5999999999999996
 20
0.2500000000000007
 10
3.5999999999999996
 20
3.799999999999999
 10
3.4499999999999997
 20
3.799999999999999
  0
LWPOLYLINE
  5
805
330
17
100
AcDbEntity
  8
tabique-fill
100
AcDbPolyline
 90
4
 70
1
 10
3.4499999999999997
 20
5.65
 10
3.5999999999999996
 20
5.65
 10
3.5999999999999996
 20
9.35
 10
3.4499999999999997
 20
9.35
  0
LINE
  5
806
330
17
100
AcDbEntity
  8
hatch
100
AcDbLine
 10
3.4499999999999997
 20
5.712132034355965
 30
0.0
 11
3.6
 21
5.862132034355965
 31
0.0
  0
LINE
  5
807
330
17
100
AcDbEntity
  8
hatch
100
AcDbLine
 10
3.45
 20
5.9242640687119295
 30
0.0
 11
3.5999999999999988
 21
6.074264068711928
 31
0.0
  0
LINE
  5
808
330
17
100
AcDbEntity
  8
hatch
100
AcDbLine
 10
3.4499999999999993
 20
6.136396103067892
 30
0.0
 11
3.5999999999999996
 21
6.286396103067893
 31
0.0
  0
LINE
  5
809
330
17
100
AcDbEntity
  8
hatch
100
AcDbLine
 10
3.4499999999999993
 20
6.348528137423858
 30
0.0
 11
3.5999999999999996
 21
6.4985281374238575
 31
0.0
  0
LINE
  5
80A
330
17
100
AcDbEntity
  8
hatch
100
AcDbLine
 10
3.4499999999999997
 20
6.560660171779822
 30
0.0
 11
3.599999999999999
 21
6.710660171779821
 31
0.0
  0
LINE
  5
80B
330
17
100
AcDbEntity
  8
hatch
100
AcDbLine
 10
3.4499999999999993
 20
6.772792206135787
 30
0.0
 11
3.5999999999999996
 21
6.922792206135786
 31
0.0
  0
LINE
  5
80C
330
17
100
AcDbEntity
  8
hatch
100
AcDbLine
 10
3.45
 20
6.98492424049175
 30
0.0
 11
3.5999999999999996
 21
7.134924240491751
 31
0.0
  0
LINE
  5
80D
330
17
100
AcDbEntity
  8
hatch
100
AcDbLine
 10
3.4499999999999993
 20
7.197056274847713
 30
0.0
 11
3.5999999999999996
 21
7.347056274847714
 31
0.0
  0
LINE
  5
80E
330
17
100
AcDbEntity
  8
hatch
100
AcDbLine
 10
3.4499999999999997
 20
7.409188309203679
 30
0.0
 11
3.6
 21
7.559188309203679
 31
0.0
  0
LINE
  5
80F
330
17
100
AcDbEntity
  8
hatch
100
AcDbLine
 10
3.4499999999999997
 20
7.621320343559643
 30
0.0
 11
3.599999999999999
 21
7.771320343559642
 31
0.0
  0
LINE
  5
810
330
17
100
AcDbEntity
  8
hatch
100
AcDbLine
 10
3.45
 20
7.833452377915608
 30
0.0
 11
3.5999999999999996
 21
7.983452377915607
 31
0.0
  0
LINE
  5
811
330
17
100
AcDbEntity
  8
hatch
100
AcDbLine
 10
3.45
 20
8.045584412271571
 30
0.0
 11
3.5999999999999996
 21
8.195584412271572
 31
0.0
  0
LINE
  5
812
330
17
100
AcDbEntity
  8
hatch
100
AcDbLine
 10
3.4499999999999993
 20
8.257716446627535
 30
0.0
 11
3.5999999999999996
 21
8.407716446627536
 31
0.0
  0
LINE
  5
813
330
17
100
AcDbEntity
  8
hatch
100
AcDbLine
 10
3.4499999999999997
 20
8.4698484809835
 30
0.0
 11
3.600000000000001
 21
8.6198484809835
 31
0.0
  0
LINE
  5
814
330
17
100
AcDbEntity
  8
hatch
100
AcDbLine
 10
3.4499999999999993
 20
8.681980515339465
 30
0.0
 11
3.5999999999999996
 21
8.831980515339463
 31
0.0
  0
LINE
  5
815
330
17
100
AcDbEntity
  8
hatch
100
AcDbLine
 10
3.45
 20
8.894112549695429
 30
0.0
 11
3.5999999999999996
 21
9.044112549695429
 31
0.0
  0
LINE
  5
816
330
17
100
AcDbEntity
  8
hatch
100
AcDbLine
 10
3.45
 20
9.106244584051392
 30
0.0
 11
3.6000000000000005
 21
9.256244584051393
 31
0.0
  0
LINE
  5
817
330
17
100
AcDbEntity
  8
hatch
100
AcDbLine
 10
3.45
 20
9.318376618407356
 30
0.0
 11
3.4816233815926445
 21
9.350000000000001
 31
0.0
  0
LWPOLYLINE
  5
818
330
17
100
AcDbEntity
  8
muro-corte
100
AcDbPolyline
 90
4
 70
1
 10
3.4499999999999997
 20
5.65
 10
3.5999999999999996
 20
5.65
 10
3.5999999999999996
 20
9.35
 10
3.4499999999999997
 20
9.35
  0
LWPOLYLINE
  5
819
330
17
100
AcDbEntity
  8
tabique-fill
100
AcDbPolyline
 90
4
 70
1
 10
6.799999999999997
 20
0.2500000000000007
 10
6.949999999999997
 20
0.2500000000000007
 10
6.949999999999997
 20
3.799999999999999
 10
6.799999999999997
 20
3.799999999999999
  0
LINE
  5
81A
330
17
100
AcDbEntity
  8
hatch
100
AcDbLine
 10
6.799999999999997
 20
0.31213203435596615
 30
0.0
 11
6.9499999999999975
 21
0.4621320343559656
 31
0.0
  0
LINE
  5
81B
330
17
100
AcDbEntity
  8
hatch
100
AcDbLine
 10
6.799999999999997
 20
0.5242640687119291
 30
0.0
 11
6.9499999999999975
 21
0.674264068711929
 31
0.0
  0
LINE
  5
81C
330
17
100
AcDbEntity
  8
hatch
100
AcDbLine
 10
6.799999999999997
 20
0.7363961030678938
 30
0.0
 11
6.9499999999999975
 21
0.8863961030678937
 31
0.0
  0
LINE
  5
81D
330
17
100
AcDbEntity
  8
hatch
100
AcDbLine
 10
6.799999999999997
 20
0.9485281374238577
 30
0.0
 11
6.949999999999997
 21
1.0985281374238576
 31
0.0
  0
LINE
  5
81E
330
17
100
AcDbEntity
  8
hatch
100
AcDbLine
 10
6.799999999999997
 20
1.1606601717798224
 30
0.0
 11
6.9499999999999975
 21
1.3106601717798219
 31
0.0
  0
LINE
  5
81F
330
17
100
AcDbEntity
  8
hatch
100
AcDbLine
 10
6.799999999999997
 20
1.3727922061357862
 30
0.0
 11
6.9499999999999975
 21
1.5227922061357857
 31
0.0
  0
LINE
  5
820
330
17
100
AcDbEntity
  8
hatch
100
AcDbLine
 10
6.799999999999997
 20
1.5849242404917505
 30
0.0
 11
6.949999999999997
 21
1.7349242404917509
 31
0.0
  0
LINE
  5
821
330
17
100
AcDbEntity
  8
hatch
100
AcDbLine
 10
6.799999999999997
 20
1.7970562748477157
 30
0.0
 11
6.9499999999999975
 21
1.9470562748477152
 31
0.0
  0
LINE
  5
822
330
17
100
AcDbEntity
  8
hatch
100
AcDbLine
 10
6.799999999999997
 20
2.009188309203679
 30
0.0
 11
6.9499999999999975
 21
2.1591883092036785
 31
0.0
  0
LINE
  5
823
330
17
100
AcDbEntity
  8
hatch
100
AcDbLine
 10
6.799999999999997
 20
2.221320343559644
 30
0.0
 11
6.9499999999999975
 21
2.3713203435596433
 31
0.0
  0
LINE
  5
824
330
17
100
AcDbEntity
  8
hatch
100
AcDbLine
 10
6.799999999999997
 20
2.4334523779156076
 30
0.0
 11
6.949999999999997
 21
2.583452377915607
 31
0.0
  0
LINE
  5
825
330
17
100
AcDbEntity
  8
hatch
100
AcDbLine
 10
6.799999999999997
 20
2.6455844122715715
 30
0.0
 11
6.949999999999997
 21
2.795584412271571
 31
0.0
  0
LINE
  5
826
330
17
100
AcDbEntity
  8
hatch
100
AcDbLine
 10
6.799999999999997
 20
2.8577164466275367
 30
0.0
 11
6.9499999999999975
 21
3.007716446627536
 31
0.0
  0
LINE
  5
827
330
17
100
AcDbEntity
  8
hatch
100
AcDbLine
 10
6.799999999999997
 20
3.0698484809835005
 30
0.0
 11
6.949999999999997
 21
3.2198484809835
 31
0.0
  0
LINE
  5
828
330
17
100
AcDbEntity
  8
hatch
100
AcDbLine
 10
6.799999999999997
 20
3.2819805153394648
 30
0.0
 11
6.949999999999997
 21
3.4319805153394642
 31
0.0
  0
LINE
  5
829
330
17
100
AcDbEntity
  8
hatch
100
AcDbLine
 10
6.799999999999997
 20
3.494112549695429
 30
0.0
 11
6.949999999999997
 21
3.6441125496954285
 31
0.0
  0
LINE
  5
82A
330
17
100
AcDbEntity
  8
hatch
100
AcDbLine
 10
6.799999999999997
 20
3.706244584051394
 30
0.0
 11
6.893755415948604
 21
3.8
 31
0.0
  0
LWPOLYLINE
  5
82B
330
17
100
AcDbEntity
  8
muro-corte
100
AcDbPolyline
 90
4
 70
1
 10
6.799999999999997
 20
0.2500000000000007
 10
6.949999999999997
 20
0.2500000000000007
 10
6.949999999999997
 20
3.799999999999999
 10
6.799999999999997
 20
3.799999999999999
  0
LWPOLYLINE
  5
82C
330
17
100
AcDbEntity
  8
tabique-fill
100
AcDbPolyline
 90
4
 70
1
 10
6.799999999999997
 20
5.65
 10
6.949999999999997
 20
5.65
 10
6.949999999999997
 20
9.35
 10
6.799999999999997
 20
9.35
  0
LINE
  5
82D
330
17
100
AcDbEntity
  8
hatch
100
AcDbLine
 10
6.799999999999998
 20
5.712132034355966
 30
0.0
 11
6.9499999999999975
 21
5.862132034355965
 31
0.0
  0
LINE
  5
82E
330
17
100
AcDbEntity
  8
hatch
100
AcDbLine
 10
6.799999999999997
 20
5.924264068711929
 30
0.0
 11
6.9499999999999975
 21
6.074264068711929
 31
0.0
  0
LINE
  5
82F
330
17
100
AcDbEntity
  8
hatch
100
AcDbLine
 10
6.799999999999996
 20
6.136396103067893
 30
0.0
 11
6.949999999999997
 21
6.286396103067893
 31
0.0
  0
LINE
  5
830
330
17
100
AcDbEntity
  8
hatch
100
AcDbLine
 10
6.799999999999997
 20
6.348528137423858
 30
0.0
 11
6.949999999999997
 21
6.4985281374238575
 31
0.0
  0
LINE
  5
831
330
17
100
AcDbEntity
  8
hatch
100
AcDbLine
 10
6.799999999999997
 20
6.560660171779822
 30
0.0
 11
6.9499999999999975
 21
6.710660171779821
 31
0.0
  0
LINE
  5
832
330
17
100
AcDbEntity
  8
hatch
100
AcDbLine
 10
6.799999999999998
 20
6.772792206135787
 30
0.0
 11
6.9499999999999975
 21
6.922792206135786
 31
0.0
  0
LINE
  5
833
330
17
100
AcDbEntity
  8
hatch
100
AcDbLine
 10
6.799999999999996
 20
6.98492424049175
 30
0.0
 11
6.9499999999999975
 21
7.134924240491751
 31
0.0
  0
LINE
  5
834
330
17
100
AcDbEntity
  8
hatch
100
AcDbLine
 10
6.799999999999997
 20
7.197056274847714
 30
0.0
 11
6.9499999999999975
 21
7.3470562748477155
 31
0.0
  0
LINE
  5
835
330
17
100
AcDbEntity
  8
hatch
100
AcDbLine
 10
6.799999999999997
 20
7.409188309203679
 30
0.0
 11
6.949999999999997
 21
7.5591883092036785
 31
0.0
  0
LINE
  5
836
330
17
100
AcDbEntity
  8
hatch
100
AcDbLine
 10
6.799999999999998
 20
7.621320343559643
 30
0.0
 11
6.9499999999999975
 21
7.771320343559643
 31
0.0
  0
LINE
  5
837
330
17
100
AcDbEntity
  8
hatch
100
AcDbLine
 10
6.799999999999997
 20
7.833452377915606
 30
0.0
 11
6.9499999999999975
 21
7.983452377915608
 31
0.0
  0
LINE
  5
838
330
17
100
AcDbEntity
  8
hatch
100
AcDbLine
 10
6.799999999999997
 20
8.045584412271571
 30
0.0
 11
6.9499999999999975
 21
8.195584412271572
 31
0.0
  0
LINE
  5
839
330
17
100
AcDbEntity
  8
hatch
100
AcDbLine
 10
6.799999999999997
 20
8.257716446627535
 30
0.0
 11
6.9499999999999975
 21
8.407716446627536
 31
0.0
  0
LINE
  5
83A
330
17
100
AcDbEntity
  8
hatch
100
AcDbLine
 10
6.799999999999997
 20
8.4698484809835
 30
0.0
 11
6.9499999999999975
 21
8.6198484809835
 31
0.0
  0
LINE
  5
83B
330
17
100
AcDbEntity
  8
hatch
100
AcDbLine
 10
6.799999999999996
 20
8.681980515339463
 30
0.0
 11
6.9499999999999975
 21
8.831980515339465
 31
0.0
  0
LINE
  5
83C
330
17
100
AcDbEntity
  8
hatch
100
AcDbLine
 10
6.799999999999997
 20
8.894112549695429
 30
0.0
 11
6.9499999999999975
 21
9.044112549695429
 31
0.0
  0
LINE
  5
83D
330
17
100
AcDbEntity
  8
hatch
100
AcDbLine
 10
6.799999999999996
 20
9.106244584051392
 30
0.0
 11
6.949999999999998
 21
9.256244584051393
 31
0.0
  0
LINE
  5
83E
330
17
100
AcDbEntity
  8
hatch
100
AcDbLine
 10
6.799999999999996
 20
9.318376618407356
 30
0.0
 11
6.83162338159264
 21
9.350000000000001
 31
0.0
  0
LWPOLYLINE
  5
83F
330
17
100
AcDbEntity
  8
muro-corte
100
AcDbPolyline
 90
4
 70
1
 10
6.799999999999997
 20
5.65
 10
6.949999999999997
 20
5.65
 10
6.949999999999997
 20
9.35
 10
6.799999999999997
 20
9.35
  0
LWPOLYLINE
  5
840
330
17
100
AcDbEntity
  8
tabique-fill
100
AcDbPolyline
 90
4
 70
1
 10
10.150000000000002
 20
0.2500000000000007
 10
10.300000000000002
 20
0.2500000000000007
 10
10.300000000000002
 20
3.799999999999999
 10
10.150000000000002
 20
3.799999999999999
  0
LINE
  5
841
330
17
100
AcDbEntity
  8
hatch
100
AcDbLine
 10
10.150000000000002
 20
0.31213203435596526
 30
0.0
 11
10.300000000000002
 21
0.4621320343559656
 31
0.0
  0
LINE
  5
842
330
17
100
AcDbEntity
  8
hatch
100
AcDbLine
 10
10.150000000000002
 20
0.5242640687119291
 30
0.0
 11
10.300000000000002
 21
0.6742640687119295
 31
0.0
  0
LINE
  5
843
330
17
100
AcDbEntity
  8
hatch
100
AcDbLine
 10
10.150000000000002
 20
0.7363961030678938
 30
0.0
 11
10.3
 21
0.8863961030678942
 31
0.0
  0
LINE
  5
844
330
17
100
AcDbEntity
  8
hatch
100
AcDbLine
 10
10.150000000000002
 20
0.9485281374238568
 30
0.0
 11
10.300000000000002
 21
1.098528137423858
 31
0.0
  0
LINE
  5
845
330
17
100
AcDbEntity
  8
hatch
100
AcDbLine
 10
10.150000000000002
 20
1.1606601717798224
 30
0.0
 11
10.300000000000002
 21
1.3106601717798227
 31
0.0
  0
LINE
  5
846
330
17
100
AcDbEntity
  8
hatch
100
AcDbLine
 10
10.150000000000002
 20
1.3727922061357862
 30
0.0
 11
10.300000000000002
 21
1.5227922061357875
 31
0.0
  0
LINE
  5
847
330
17
100
AcDbEntity
  8
hatch
100
AcDbLine
 10
10.150000000000002
 20
1.58492424049175
 30
0.0
 11
10.3
 21
1.7349242404917495
 31
0.0
  0
LINE
  5
848
330
17
100
AcDbEntity
  8
hatch
100
AcDbLine
 10
10.150000000000002
 20
1.7970562748477148
 30
0.0
 11
10.300000000000002
 21
1.947056274847716
 31
0.0
  0
LINE
  5
849
330
17
100
AcDbEntity
  8
hatch
100
AcDbLine
 10
10.150000000000002
 20
2.0091883092036786
 30
0.0
 11
10.300000000000002
 21
2.159188309203679
 31
0.0
  0
LINE
  5
84A
330
17
100
AcDbEntity
  8
hatch
100
AcDbLine
 10
10.150000000000002
 20
2.221320343559643
 30
0.0
 11
10.300000000000002
 21
2.371320343559644
 31
0.0
  0
LINE
  5
84B
330
17
100
AcDbEntity
  8
hatch
100
AcDbLine
 10
10.150000000000002
 20
2.433452377915608
 30
0.0
 11
10.300000000000002
 21
2.5834523779156084
 31
0.0
  0
LINE
  5
84C
330
17
100
AcDbEntity
  8
hatch
100
AcDbLine
 10
10.150000000000002
 20
2.6455844122715715
 30
0.0
 11
10.300000000000002
 21
2.795584412271571
 31
0.0
  0
LINE
  5
84D
330
17
100
AcDbEntity
  8
hatch
100
AcDbLine
 10
10.150000000000002
 20
2.8577164466275367
 30
0.0
 11
10.300000000000002
 21
3.007716446627537
 31
0.0
  0
LINE
  5
84E
330
17
100
AcDbEntity
  8
hatch
100
AcDbLine
 10
10.150000000000002
 20
3.0698484809834996
 30
0.0
 11
10.300000000000002
 21
3.2198484809835
 31
0.0
  0
LINE
  5
84F
330
17
100
AcDbEntity
  8
hatch
100
AcDbLine
 10
10.150000000000002
 20
3.281980515339464
 30
0.0
 11
10.300000000000002
 21
3.431980515339465
 31
0.0
  0
LINE
  5
850
330
17
100
AcDbEntity
  8
hatch
100
AcDbLine
 10
10.150000000000002
 20
3.494112549695429
 30
0.0
 11
10.300000000000002
 21
3.6441125496954294
 31
0.0
  0
LINE
  5
851
330
17
100
AcDbEntity
  8
hatch
100
AcDbLine
 10
10.150000000000002
 20
3.706244584051393
 30
0.0
 11
10.243755415948607
 21
3.799999999999999
 31
0.0
  0
LWPOLYLINE
  5
852
330
17
100
AcDbEntity
  8
muro-corte
100
AcDbPolyline
 90
4
 70
1
 10
10.150000000000002
 20
0.2500000000000007
 10
10.300000000000002
 20
0.2500000000000007
 10
10.300000000000002
 20
3.799999999999999
 10
10.150000000000002
 20
3.799999999999999
  0
LWPOLYLINE
  5
853
330
17
100
AcDbEntity
  8
tabique-fill
100
AcDbPolyline
 90
4
 70
1
 10
10.150000000000002
 20
5.65
 10
10.300000000000002
 20
5.65
 10
10.300000000000002
 20
9.35
 10
10.150000000000002
 20
9.35
  0
LINE
  5
854
330
17
100
AcDbEntity
  8
hatch
100
AcDbLine
 10
10.150000000000002
 20
5.712132034355966
 30
0.0
 11
10.300000000000002
 21
5.862132034355965
 31
0.0
  0
LINE
  5
855
330
17
100
AcDbEntity
  8
hatch
100
AcDbLine
 10
10.150000000000002
 20
5.924264068711929
 30
0.0
 11
10.300000000000002
 21
6.074264068711929
 31
0.0
  0
LINE
  5
856
330
17
100
AcDbEntity
  8
hatch
100
AcDbLine
 10
10.150000000000002
 20
6.136396103067893
 30
0.0
 11
10.300000000000002
 21
6.286396103067894
 31
0.0
  0
LINE
  5
857
330
17
100
AcDbEntity
  8
hatch
100
AcDbLine
 10
10.150000000000002
 20
6.348528137423859
 30
0.0
 11
10.300000000000002
 21
6.4985281374238575
 31
0.0
  0
LINE
  5
858
330
17
100
AcDbEntity
  8
hatch
100
AcDbLine
 10
10.150000000000004
 20
6.560660171779823
 30
0.0
 11
10.300000000000002
 21
6.710660171779821
 31
0.0
  0
LINE
  5
859
330
17
100
AcDbEntity
  8
hatch
100
AcDbLine
 10
10.150000000000004
 20
6.772792206135787
 30
0.0
 11
10.300000000000002
 21
6.922792206135787
 31
0.0
  0
LINE
  5
85A
330
17
100
AcDbEntity
  8
hatch
100
AcDbLine
 10
10.150000000000002
 20
6.984924240491751
 30
0.0
 11
10.300000000000004
 21
7.134924240491752
 31
0.0
  0
LINE
  5
85B
330
17
100
AcDbEntity
  8
hatch
100
AcDbLine
 10
10.150000000000002
 20
7.197056274847714
 30
0.0
 11
10.3
 21
7.347056274847713
 31
0.0
  0
LINE
  5
85C
330
17
100
AcDbEntity
  8
hatch
100
AcDbLine
 10
10.150000000000002
 20
7.409188309203679
 30
0.0
 11
10.300000000000002
 21
7.559188309203679
 31
0.0
  0
LINE
  5
85D
330
17
100
AcDbEntity
  8
hatch
100
AcDbLine
 10
10.150000000000002
 20
7.621320343559643
 30
0.0
 11
10.300000000000002
 21
7.771320343559643
 31
0.0
  0
LINE
  5
85E
330
17
100
AcDbEntity
  8
hatch
100
AcDbLine
 10
10.150000000000002
 20
7.833452377915608
 30
0.0
 11
10.300000000000002
 21
7.983452377915608
 31
0.0
  0
LINE
  5
85F
330
17
100
AcDbEntity
  8
hatch
100
AcDbLine
 10
10.150000000000002
 20
8.045584412271571
 30
0.0
 11
10.300000000000002
 21
8.195584412271572
 31
0.0
  0
LINE
  5
860
330
17
100
AcDbEntity
  8
hatch
100
AcDbLine
 10
10.150000000000002
 20
8.257716446627535
 30
0.0
 11
10.300000000000004
 21
8.407716446627537
 31
0.0
  0
LINE
  5
861
330
17
100
AcDbEntity
  8
hatch
100
AcDbLine
 10
10.150000000000002
 20
8.4698484809835
 30
0.0
 11
10.300000000000002
 21
8.6198484809835
 31
0.0
  0
LINE
  5
862
330
17
100
AcDbEntity
  8
hatch
100
AcDbLine
 10
10.150000000000002
 20
8.681980515339463
 30
0.0
 11
10.300000000000002
 21
8.831980515339465
 31
0.0
  0
LINE
  5
863
330
17
100
AcDbEntity
  8
hatch
100
AcDbLine
 10
10.150000000000002
 20
8.894112549695427
 30
0.0
 11
10.300000000000004
 21
9.044112549695429
 31
0.0
  0
LINE
  5
864
330
17
100
AcDbEntity
  8
hatch
100
AcDbLine
 10
10.150000000000002
 20
9.106244584051392
 30
0.0
 11
10.300000000000004
 21
9.256244584051393
 31
0.0
  0
LINE
  5
865
330
17
100
AcDbEntity
  8
hatch
100
AcDbLine
 10
10.150000000000002
 20
9.318376618407358
 30
0.0
 11
10.181623381592646
 21
9.350000000000001
 31
0.0
  0
LWPOLYLINE
  5
866
330
17
100
AcDbEntity
  8
muro-corte
100
AcDbPolyline
 90
4
 70
1
 10
10.150000000000002
 20
5.65
 10
10.300000000000002
 20
5.65
 10
10.300000000000002
 20
9.35
 10
10.150000000000002
 20
9.35
  0
LWPOLYLINE
  5
867
330
17
100
AcDbEntity
  8
tabique-fill
100
AcDbPolyline
 90
4
 70
1
 10
13.5
 20
0.2500000000000007
 10
13.649999999999999
 20
0.2500000000000007
 10
13.649999999999999
 20
3.799999999999999
 10
13.5
 20
3.799999999999999
  0
LINE
  5
868
330
17
100
AcDbEntity
  8
hatch
100
AcDbLine
 10
13.5
 20
0.31213203435596437
 30
0.0
 11
13.649999999999999
 21
0.4621320343559647
 31
0.0
  0
LINE
  5
869
330
17
100
AcDbEntity
  8
hatch
100
AcDbLine
 10
13.5
 20
0.5242640687119291
 30
0.0
 11
13.649999999999999
 21
0.6742640687119286
 31
0.0
  0
LINE
  5
86A
330
17
100
AcDbEntity
  8
hatch
100
AcDbLine
 10
13.5
 20
0.736396103067892
 30
0.0
 11
13.649999999999999
 21
0.8863961030678915
 31
0.0
  0
LINE
  5
86B
330
17
100
AcDbEntity
  8
hatch
100
AcDbLine
 10
13.5
 20
0.9485281374238568
 30
0.0
 11
13.649999999999999
 21
1.0985281374238562
 31
0.0
  0
LINE
  5
86C
330
17
100
AcDbEntity
  8
hatch
100
AcDbLine
 10
13.5
 20
1.1606601717798215
 30
0.0
 11
13.649999999999999
 21
1.310660171779821
 31
0.0
  0
LINE
  5
86D
330
17
100
AcDbEntity
  8
hatch
100
AcDbLine
 10
13.5
 20
1.3727922061357862
 30
0.0
 11
13.649999999999999
 21
1.5227922061357857
 31
0.0
  0
LINE
  5
86E
330
17
100
AcDbEntity
  8
hatch
100
AcDbLine
 10
13.5
 20
1.584924240491751
 30
0.0
 11
13.649999999999999
 21
1.7349242404917504
 31
0.0
  0
LINE
  5
86F
330
17
100
AcDbEntity
  8
hatch
100
AcDbLine
 10
13.5
 20
1.797056274847713
 30
0.0
 11
13.649999999999999
 21
1.9470562748477116
 31
0.0
  0
LINE
  5
870
330
17
100
AcDbEntity
  8
hatch
100
AcDbLine
 10
13.5
 20
2.0091883092036777
 30
0.0
 11
13.649999999999999
 21
2.159188309203677
 31
0.0
  0
LINE
  5
871
330
17
100
AcDbEntity
  8
hatch
100
AcDbLine
 10
13.5
 20
2.2213203435596425
 30
0.0
 11
13.649999999999999
 21
2.371320343559642
 31
0.0
  0
LINE
  5
872
330
17
100
AcDbEntity
  8
hatch
100
AcDbLine
 10
13.5
 20
2.433452377915607
 30
0.0
 11
13.649999999999999
 21
2.583452377915606
 31
0.0
  0
LINE
  5
873
330
17
100
AcDbEntity
  8
hatch
100
AcDbLine
 10
13.5
 20
2.6455844122715693
 30
0.0
 11
13.649999999999999
 21
2.7955844122715696
 31
0.0
  0
LINE
  5
874
330
17
100
AcDbEntity
  8
hatch
100
AcDbLine
 10
13.5
 20
2.8577164466275358
 30
0.0
 11
13.649999999999999
 21
3.0077164466275343
 31
0.0
  0
LINE
  5
875
330
17
100
AcDbEntity
  8
hatch
100
AcDbLine
 10
13.5
 20
3.0698484809834996
 30
0.0
 11
13.649999999999999
 21
3.219848480983498
 31
0.0
  0
LINE
  5
876
330
17
100
AcDbEntity
  8
hatch
100
AcDbLine
 10
13.5
 20
3.2819805153394634
 30
0.0
 11
13.649999999999999
 21
3.431980515339462
 31
0.0
  0
LINE
  5
877
330
17
100
AcDbEntity
  8
hatch
100
AcDbLine
 10
13.5
 20
3.494112549695428
 30
0.0
 11
13.649999999999999
 21
3.6441125496954268
 31
0.0
  0
LINE
  5
878
330
17
100
AcDbEntity
  8
hatch
100
AcDbLine
 10
13.5
 20
3.706244584051391
 30
0.0
 11
13.593755415948607
 21
3.8
 31
0.0
  0
LWPOLYLINE
  5
879
330
17
100
AcDbEntity
  8
muro-corte
100
AcDbPolyline
 90
4
 70
1
 10
13.5
 20
0.2500000000000007
 10
13.649999999999999
 20
0.2500000000000007
 10
13.649999999999999
 20
3.799999999999999
 10
13.5
 20
3.799999999999999
  0
LWPOLYLINE
  5
87A
330
17
100
AcDbEntity
  8
tabique-fill
100
AcDbPolyline
 90
4
 70
1
 10
13.5
 20
5.65
 10
13.649999999999999
 20
5.65
 10
13.649999999999999
 20
9.35
 10
13.5
 20
9.35
  0
LINE
  5
87B
330
17
100
AcDbEntity
  8
hatch
100
AcDbLine
 10
13.5
 20
5.712132034355966
 30
0.0
 11
13.65
 21
5.862132034355966
 31
0.0
  0
LINE
  5
87C
330
17
100
AcDbEntity
  8
hatch
100
AcDbLine
 10
13.499999999999998
 20
5.924264068711928
 30
0.0
 11
13.65
 21
6.07426406871193
 31
0.0
  0
LINE
  5
87D
330
17
100
AcDbEntity
  8
hatch
100
AcDbLine
 10
13.5
 20
6.136396103067893
 30
0.0
 11
13.649999999999999
 21
6.286396103067894
 31
0.0
  0
LINE
  5
87E
330
17
100
AcDbEntity
  8
hatch
100
AcDbLine
 10
13.5
 20
6.348528137423857
 30
0.0
 11
13.649999999999999
 21
6.4985281374238575
 31
0.0
  0
LINE
  5
87F
330
17
100
AcDbEntity
  8
hatch
100
AcDbLine
 10
13.499999999999998
 20
6.560660171779821
 30
0.0
 11
13.649999999999999
 21
6.710660171779821
 31
0.0
  0
LINE
  5
880
330
17
100
AcDbEntity
  8
hatch
100
AcDbLine
 10
13.499999999999998
 20
6.772792206135787
 30
0.0
 11
13.65
 21
6.922792206135789
 31
0.0
  0
LINE
  5
881
330
17
100
AcDbEntity
  8
hatch
100
AcDbLine
 10
13.499999999999998
 20
6.9849242404917495
 30
0.0
 11
13.649999999999999
 21
7.13492424049175
 31
0.0
  0
LINE
  5
882
330
17
100
AcDbEntity
  8
hatch
100
AcDbLine
 10
13.499999999999998
 20
7.197056274847714
 30
0.0
 11
13.649999999999999
 21
7.347056274847716
 31
0.0
  0
LINE
  5
883
330
17
100
AcDbEntity
  8
hatch
100
AcDbLine
 10
13.499999999999998
 20
7.409188309203678
 30
0.0
 11
13.65
 21
7.55918830920368
 31
0.0
  0
LINE
  5
884
330
17
100
AcDbEntity
  8
hatch
100
AcDbLine
 10
13.5
 20
7.621320343559644
 30
0.0
 11
13.65
 21
7.771320343559644
 31
0.0
  0
LINE
  5
885
330
17
100
AcDbEntity
  8
hatch
100
AcDbLine
 10
13.5
 20
7.833452377915608
 30
0.0
 11
13.649999999999999
 21
7.983452377915608
 31
0.0
  0
LINE
  5
886
330
17
100
AcDbEntity
  8
hatch
100
AcDbLine
 10
13.499999999999996
 20
8.045584412271571
 30
0.0
 11
13.649999999999999
 21
8.195584412271572
 31
0.0
  0
LINE
  5
887
330
17
100
AcDbEntity
  8
hatch
100
AcDbLine
 10
13.499999999999998
 20
8.257716446627537
 30
0.0
 11
13.649999999999999
 21
8.407716446627536
 31
0.0
  0
LINE
  5
888
330
17
100
AcDbEntity
  8
hatch
100
AcDbLine
 10
13.499999999999998
 20
8.4698484809835
 30
0.0
 11
13.649999999999999
 21
8.6198484809835
 31
0.0
  0
LINE
  5
889
330
17
100
AcDbEntity
  8
hatch
100
AcDbLine
 10
13.499999999999998
 20
8.681980515339465
 30
0.0
 11
13.65
 21
8.831980515339467
 31
0.0
  0
LINE
  5
88A
330
17
100
AcDbEntity
  8
hatch
100
AcDbLine
 10
13.499999999999998
 20
8.894112549695429
 30
0.0
 11
13.649999999999999
 21
9.044112549695429
 31
0.0
  0
LINE
  5
88B
330
17
100
AcDbEntity
  8
hatch
100
AcDbLine
 10
13.499999999999998
 20
9.106244584051392
 30
0.0
 11
13.65
 21
9.256244584051394
 31
0.0
  0
LINE
  5
88C
330
17
100
AcDbEntity
  8
hatch
100
AcDbLine
 10
13.499999999999998
 20
9.318376618407356
 30
0.0
 11
13.531623381592642
 21
9.35
 31
0.0
  0
LWPOLYLINE
  5
88D
330
17
100
AcDbEntity
  8
muro-corte
100
AcDbPolyline
 90
4
 70
1
 10
13.5
 20
5.65
 10
13.649999999999999
 20
5.65
 10
13.649999999999999
 20
9.35
 10
13.5
 20
9.35
  0
LWPOLYLINE
  5
88E
330
17
100
AcDbEntity
  8
tabique-fill
100
AcDbPolyline
 90
4
 70
1
 10
16.5
 20
0.2500000000000007
 10
16.65
 20
0.2500000000000007
 10
16.65
 20
3.799999999999999
 10
16.5
 20
3.799999999999999
  0
LINE
  5
88F
330
17
100
AcDbEntity
  8
hatch
100
AcDbLine
 10
16.5
 20
0.3121320343559635
 30
0.0
 11
16.65
 21
0.46213203435596384
 31
0.0
  0
LINE
  5
890
330
17
100
AcDbEntity
  8
hatch
100
AcDbLine
 10
16.5
 20
0.52426406871193
 30
0.0
 11
16.65
 21
0.6742640687119286
 31
0.0
  0
LINE
  5
891
330
17
100
AcDbEntity
  8
hatch
100
AcDbLine
 10
16.5
 20
0.7363961030678912
 30
0.0
 11
16.65
 21
0.8863961030678915
 31
0.0
  0
LINE
  5
892
330
17
100
AcDbEntity
  8
hatch
100
AcDbLine
 10
16.5
 20
0.9485281374238559
 30
0.0
 11
16.65
 21
1.0985281374238562
 31
0.0
  0
LINE
  5
893
330
17
100
AcDbEntity
  8
hatch
100
AcDbLine
 10
16.5
 20
1.1606601717798215
 30
0.0
 11
16.65
 21
1.31066017177982
 31
0.0
  0
LINE
  5
894
330
17
100
AcDbEntity
  8
hatch
100
AcDbLine
 10
16.5
 20
1.3727922061357862
 30
0.0
 11
16.65
 21
1.5227922061357866
 31
0.0
  0
LINE
  5
895
330
17
100
AcDbEntity
  8
hatch
100
AcDbLine
 10
16.5
 20
1.58492424049175
 30
0.0
 11
16.65
 21
1.7349242404917504
 31
0.0
  0
LINE
  5
896
330
17
100
AcDbEntity
  8
hatch
100
AcDbLine
 10
16.5
 20
1.797056274847713
 30
0.0
 11
16.65
 21
1.9470562748477116
 31
0.0
  0
LINE
  5
897
330
17
100
AcDbEntity
  8
hatch
100
AcDbLine
 10
16.5
 20
2.0091883092036777
 30
0.0
 11
16.65
 21
2.159188309203678
 31
0.0
  0
LINE
  5
898
330
17
100
AcDbEntity
  8
hatch
100
AcDbLine
 10
16.5
 20
2.2213203435596416
 30
0.0
 11
16.65
 21
2.37132034355964
 31
0.0
  0
LINE
  5
899
330
17
100
AcDbEntity
  8
hatch
100
AcDbLine
 10
16.5
 20
2.433452377915608
 30
0.0
 11
16.65
 21
2.583452377915605
 31
0.0
  0
LINE
  5
89A
330
17
100
AcDbEntity
  8
hatch
100
AcDbLine
 10
16.5
 20
2.645584412271572
 30
0.0
 11
16.65
 21
2.7955844122715705
 31
0.0
  0
LINE
  5
89B
330
17
100
AcDbEntity
  8
hatch
100
AcDbLine
 10
16.5
 20
2.857716446627533
 30
0.0
 11
16.65
 21
3.0077164466275317
 31
0.0
  0
LINE
  5
89C
330
17
100
AcDbEntity
  8
hatch
100
AcDbLine
 10
16.5
 20
3.0698484809834996
 30
0.0
 11
16.65
 21
3.219848480983498
 31
0.0
  0
LINE
  5
89D
330
17
100
AcDbEntity
  8
hatch
100
AcDbLine
 10
16.5
 20
3.2819805153394634
 30
0.0
 11
16.65
 21
3.431980515339462
 31
0.0
  0
LINE
  5
89E
330
17
100
AcDbEntity
  8
hatch
100
AcDbLine
 10
16.5
 20
3.494112549695428
 30
0.0
 11
16.65
 21
3.6441125496954268
 31
0.0
  0
LINE
  5
89F
330
17
100
AcDbEntity
  8
hatch
100
AcDbLine
 10
16.5
 20
3.706244584051393
 30
0.0
 11
16.593755415948607
 21
3.8
 31
0.0
  0
LWPOLYLINE
  5
8A0
330
17
100
AcDbEntity
  8
muro-corte
100
AcDbPolyline
 90
4
 70
1
 10
16.5
 20
0.2500000000000007
 10
16.65
 20
0.2500000000000007
 10
16.65
 20
3.799999999999999
 10
16.5
 20
3.799999999999999
  0
LWPOLYLINE
  5
8A1
330
17
100
AcDbEntity
  8
tabique-fill
100
AcDbPolyline
 90
4
 70
1
 10
16.5
 20
5.65
 10
16.65
 20
5.65
 10
16.65
 20
9.35
 10
16.5
 20
9.35
  0
LINE
  5
8A2
330
17
100
AcDbEntity
  8
hatch
100
AcDbLine
 10
16.499999999999996
 20
5.712132034355966
 30
0.0
 11
16.65
 21
5.862132034355966
 31
0.0
  0
LINE
  5
8A3
330
17
100
AcDbEntity
  8
hatch
100
AcDbLine
 10
16.499999999999996
 20
5.924264068711928
 30
0.0
 11
16.65
 21
6.07426406871193
 31
0.0
  0
LINE
  5
8A4
330
17
100
AcDbEntity
  8
hatch
100
AcDbLine
 10
16.5
 20
6.136396103067894
 30
0.0
 11
16.65
 21
6.2863961030678945
 31
0.0
  0
LINE
  5
8A5
330
17
100
AcDbEntity
  8
hatch
100
AcDbLine
 10
16.5
 20
6.348528137423858
 30
0.0
 11
16.65
 21
6.498528137423857
 31
0.0
  0
LINE
  5
8A6
330
17
100
AcDbEntity
  8
hatch
100
AcDbLine
 10
16.5
 20
6.560660171779824
 30
0.0
 11
16.65
 21
6.710660171779822
 31
0.0
  0
LINE
  5
8A7
330
17
100
AcDbEntity
  8
hatch
100
AcDbLine
 10
16.5
 20
6.772792206135787
 30
0.0
 11
16.65
 21
6.922792206135787
 31
0.0
  0
LINE
  5
8A8
330
17
100
AcDbEntity
  8
hatch
100
AcDbLine
 10
16.5
 20
6.984924240491751
 30
0.0
 11
16.65
 21
7.134924240491752
 31
0.0
  0
LINE
  5
8A9
330
17
100
AcDbEntity
  8
hatch
100
AcDbLine
 10
16.5
 20
7.197056274847716
 30
0.0
 11
16.65
 21
7.347056274847715
 31
0.0
  0
LINE
  5
8AA
330
17
100
AcDbEntity
  8
hatch
100
AcDbLine
 10
16.499999999999996
 20
7.409188309203678
 30
0.0
 11
16.65
 21
7.5591883092036785
 31
0.0
  0
LINE
  5
8AB
330
17
100
AcDbEntity
  8
hatch
100
AcDbLine
 10
16.5
 20
7.621320343559644
 30
0.0
 11
16.65
 21
7.771320343559644
 31
0.0
  0
LINE
  5
8AC
330
17
100
AcDbEntity
  8
hatch
100
AcDbLine
 10
16.5
 20
7.8334523779156084
 30
0.0
 11
16.65
 21
7.983452377915607
 31
0.0
  0
LINE
  5
8AD
330
17
100
AcDbEntity
  8
hatch
100
AcDbLine
 10
16.5
 20
8.045584412271573
 30
0.0
 11
16.65
 21
8.195584412271572
 31
0.0
  0
LINE
  5
8AE
330
17
100
AcDbEntity
  8
hatch
100
AcDbLine
 10
16.5
 20
8.257716446627537
 30
0.0
 11
16.65
 21
8.407716446627536
 31
0.0
  0
LINE
  5
8AF
330
17
100
AcDbEntity
  8
hatch
100
AcDbLine
 10
16.5
 20
8.4698484809835
 30
0.0
 11
16.65
 21
8.6198484809835
 31
0.0
  0
LINE
  5
8B0
330
17
100
AcDbEntity
  8
hatch
100
AcDbLine
 10
16.5
 20
8.681980515339466
 30
0.0
 11
16.65
 21
8.831980515339465
 31
0.0
  0
LINE
  5
8B1
330
17
100
AcDbEntity
  8
hatch
100
AcDbLine
 10
16.5
 20
8.894112549695432
 30
0.0
 11
16.65
 21
9.044112549695429
 31
0.0
  0
LINE
  5
8B2
330
17
100
AcDbEntity
  8
hatch
100
AcDbLine
 10
16.5
 20
9.106244584051394
 30
0.0
 11
16.65
 21
9.256244584051391
 31
0.0
  0
LINE
  5
8B3
330
17
100
AcDbEntity
  8
hatch
100
AcDbLine
 10
16.5
 20
9.318376618407358
 30
0.0
 11
16.53162338159264
 21
9.350000000000001
 31
0.0
  0
LWPOLYLINE
  5
8B4
330
17
100
AcDbEntity
  8
muro-corte
100
AcDbPolyline
 90
4
 70
1
 10
16.5
 20
5.65
 10
16.65
 20
5.65
 10
16.65
 20
9.35
 10
16.5
 20
9.35
  0
LWPOLYLINE
  5
8B5
330
17
100
AcDbEntity
  8
tabique-fill
100
AcDbPolyline
 90
4
 70
1
 10
20.05
 20
0.2500000000000007
 10
20.199999999999992
 20
0.2500000000000007
 10
20.199999999999992
 20
3.799999999999999
 10
20.05
 20
3.799999999999999
  0
LINE
  5
8B6
330
17
100
AcDbEntity
  8
hatch
100
AcDbLine
 10
20.05
 20
0.31213203435597237
 30
0.0
 11
20.199999999999992
 21
0.46213203435596384
 31
0.0
  0
LINE
  5
8B7
330
17
100
AcDbEntity
  8
hatch
100
AcDbLine
 10
20.05
 20
0.524264068711938
 30
0.0
 11
20.199999999999992
 21
0.6742640687119295
 31
0.0
  0
LINE
  5
8B8
330
17
100
AcDbEntity
  8
hatch
100
AcDbLine
 10
20.05
 20
0.7363961030679
 30
0.0
 11
20.199999999999992
 21
0.8863961030678915
 31
0.0
  0
LINE
  5
8B9
330
17
100
AcDbEntity
  8
hatch
100
AcDbLine
 10
20.05
 20
0.9485281374238639
 30
0.0
 11
20.199999999999992
 21
1.0985281374238554
 31
0.0
  0
LINE
  5
8BA
330
17
100
AcDbEntity
  8
hatch
100
AcDbLine
 10
20.05
 20
1.1606601717798295
 30
0.0
 11
20.199999999999992
 21
1.310660171779821
 31
0.0
  0
LINE
  5
8BB
330
17
100
AcDbEntity
  8
hatch
100
AcDbLine
 10
20.05
 20
1.3727922061357951
 30
0.0
 11
20.19999999999999
 21
1.5227922061357848
 31
0.0
  0
LINE
  5
8BC
330
17
100
AcDbEntity
  8
hatch
100
AcDbLine
 10
20.049999999999997
 20
1.5849242404917572
 30
0.0
 11
20.199999999999992
 21
1.7349242404917504
 31
0.0
  0
LINE
  5
8BD
330
17
100
AcDbEntity
  8
hatch
100
AcDbLine
 10
20.049999999999997
 20
1.797056274847721
 30
0.0
 11
20.19999999999999
 21
1.9470562748477125
 31
0.0
  0
LINE
  5
8BE
330
17
100
AcDbEntity
  8
hatch
100
AcDbLine
 10
20.05
 20
2.0091883092036866
 30
0.0
 11
20.19999999999999
 21
2.1591883092036763
 31
0.0
  0
LINE
  5
8BF
330
17
100
AcDbEntity
  8
hatch
100
AcDbLine
 10
20.049999999999997
 20
2.2213203435596487
 30
0.0
 11
20.199999999999992
 21
2.371320343559642
 31
0.0
  0
LINE
  5
8C0
330
17
100
AcDbEntity
  8
hatch
100
AcDbLine
 10
20.05
 20
2.4334523779156143
 30
0.0
 11
20.19999999999999
 21
2.583452377915604
 31
0.0
  0
LINE
  5
8C1
330
17
100
AcDbEntity
  8
hatch
100
AcDbLine
 10
20.05
 20
2.645584412271578
 30
0.0
 11
20.199999999999992
 21
2.7955844122715696
 31
0.0
  0
LINE
  5
8C2
330
17
100
AcDbEntity
  8
hatch
100
AcDbLine
 10
20.049999999999997
 20
2.85771644662754
 30
0.0
 11
20.199999999999992
 21
3.0077164466275335
 31
0.0
  0
LINE
  5
8C3
330
17
100
AcDbEntity
  8
hatch
100
AcDbLine
 10
20.05
 20
3.0698484809835076
 30
0.0
 11
20.199999999999996
 21
3.219848480983501
 31
0.0
  0
LINE
  5
8C4
330
17
100
AcDbEntity
  8
hatch
100
AcDbLine
 10
20.049999999999997
 20
3.2819805153394714
 30
0.0
 11
20.19999999999999
 21
3.431980515339463
 31
0.0
  0
LINE
  5
8C5
330
17
100
AcDbEntity
  8
hatch
100
AcDbLine
 10
20.05
 20
3.494112549695437
 30
0.0
 11
20.19999999999999
 21
3.6441125496954268
 31
0.0
  0
LINE
  5
8C6
330
17
100
AcDbEntity
  8
hatch
100
AcDbLine
 10
20.05
 20
3.706244584051399
 30
0.0
 11
20.143755415948604
 21
3.8000000000000007
 31
0.0
  0
LWPOLYLINE
  5
8C7
330
17
100
AcDbEntity
  8
muro-corte
100
AcDbPolyline
 90
4
 70
1
 10
20.05
 20
0.2500000000000007
 10
20.199999999999992
 20
0.2500000000000007
 10
20.199999999999992
 20
3.799999999999999
 10
20.05
 20
3.799999999999999
  0
LWPOLYLINE
  5
8C8
330
17
100
AcDbEntity
  8
tabique-fill
100
AcDbPolyline
 90
4
 70
1
 10
20.05
 20
5.65
 10
20.199999999999992
 20
5.65
 10
20.199999999999992
 20
9.35
 10
20.05
 20
9.35
  0
LINE
  5
8C9
330
17
100
AcDbEntity
  8
hatch
100
AcDbLine
 10
20.050000000000004
 20
5.712132034355977
 30
0.0
 11
20.19999999999999
 21
5.862132034355963
 31
0.0
  0
LINE
  5
8CA
330
17
100
AcDbEntity
  8
hatch
100
AcDbLine
 10
20.05
 20
5.924264068711939
 30
0.0
 11
20.19999999999999
 21
6.074264068711929
 31
0.0
  0
LINE
  5
8CB
330
17
100
AcDbEntity
  8
hatch
100
AcDbLine
 10
20.05
 20
6.136396103067902
 30
0.0
 11
20.199999999999992
 21
6.286396103067892
 31
0.0
  0
LINE
  5
8CC
330
17
100
AcDbEntity
  8
hatch
100
AcDbLine
 10
20.049999999999997
 20
6.348528137423865
 30
0.0
 11
20.19999999999999
 21
6.498528137423855
 31
0.0
  0
LINE
  5
8CD
330
17
100
AcDbEntity
  8
hatch
100
AcDbLine
 10
20.05
 20
6.560660171779831
 30
0.0
 11
20.19999999999999
 21
6.71066017177982
 31
0.0
  0
LINE
  5
8CE
330
17
100
AcDbEntity
  8
hatch
100
AcDbLine
 10
20.05
 20
6.7727922061357955
 30
0.0
 11
20.19999999999999
 21
6.922792206135785
 31
0.0
  0
LINE
  5
8CF
330
17
100
AcDbEntity
  8
hatch
100
AcDbLine
 10
20.05
 20
6.984924240491761
 30
0.0
 11
20.19999999999999
 21
7.134924240491751
 31
0.0
  0
LINE
  5
8D0
330
17
100
AcDbEntity
  8
hatch
100
AcDbLine
 10
20.05
 20
7.197056274847722
 30
0.0
 11
20.19999999999999
 21
7.347056274847712
 31
0.0
  0
LINE
  5
8D1
330
17
100
AcDbEntity
  8
hatch
100
AcDbLine
 10
20.05
 20
7.409188309203687
 30
0.0
 11
20.19999999999999
 21
7.559188309203677
 31
0.0
  0
LINE
  5
8D2
330
17
100
AcDbEntity
  8
hatch
100
AcDbLine
 10
20.05
 20
7.6213203435596535
 30
0.0
 11
20.19999999999999
 21
7.771320343559643
 31
0.0
  0
LINE
  5
8D3
330
17
100
AcDbEntity
  8
hatch
100
AcDbLine
 10
20.05
 20
7.8334523779156155
 30
0.0
 11
20.19999999999999
 21
7.983452377915605
 31
0.0
  0
LINE
  5
8D4
330
17
100
AcDbEntity
  8
hatch
100
AcDbLine
 10
20.05
 20
8.045584412271582
 30
0.0
 11
20.199999999999992
 21
8.195584412271572
 31
0.0
  0
LINE
  5
8D5
330
17
100
AcDbEntity
  8
hatch
100
AcDbLine
 10
20.05
 20
8.257716446627544
 30
0.0
 11
20.19999999999999
 21
8.407716446627536
 31
0.0
  0
LINE
  5
8D6
330
17
100
AcDbEntity
  8
hatch
100
AcDbLine
 10
20.05
 20
8.469848480983508
 30
0.0
 11
20.19999999999999
 21
8.619848480983496
 31
0.0
  0
LINE
  5
8D7
330
17
100
AcDbEntity
  8
hatch
100
AcDbLine
 10
20.05
 20
8.681980515339474
 30
0.0
 11
20.199999999999992
 21
8.831980515339463
 31
0.0
  0
LINE
  5
8D8
330
17
100
AcDbEntity
  8
hatch
100
AcDbLine
 10
20.05
 20
8.894112549695437
 30
0.0
 11
20.19999999999999
 21
9.044112549695427
 31
0.0
  0
LINE
  5
8D9
330
17
100
AcDbEntity
  8
hatch
100
AcDbLine
 10
20.05
 20
9.106244584051403
 30
0.0
 11
20.19999999999999
 21
9.25624458405139
 31
0.0
  0
LINE
  5
8DA
330
17
100
AcDbEntity
  8
hatch
100
AcDbLine
 10
20.05
 20
9.318376618407365
 30
0.0
 11
20.081623381592635
 21
9.35
 31
0.0
  0
LWPOLYLINE
  5
8DB
330
17
100
AcDbEntity
  8
muro-corte
100
AcDbPolyline
 90
4
 70
1
 10
20.05
 20
5.65
 10
20.199999999999992
 20
5.65
 10
20.199999999999992
 20
9.35
 10
20.05
 20
9.35
  0
LWPOLYLINE
  5
8DC
330
17
100
AcDbEntity
  8
tabique-fill
100
AcDbPolyline
 90
4
 70
1
 10
0.24999999999999856
 20
3.799999999999999
 10
16.65
 20
3.799999999999999
 10
16.65
 20
3.950000000000001
 10
0.24999999999999856
 20
3.950000000000001
  0
LINE
  5
8DD
330
17
100
AcDbEntity
  8
hatch
100
AcDbLine
 10
16.437867965644035
 20
3.799999999999999
 30
0.0
 11
16.587867965644037
 21
3.950000000000001
 31
0.0
  0
LINE
  5
8DE
330
17
100
AcDbEntity
  8
hatch
100
AcDbLine
 10
16.225735931288067
 20
3.799999999999998
 30
0.0
 11
16.37573593128807
 21
3.95
 31
0.0
  0
LINE
  5
8DF
330
17
100
AcDbEntity
  8
hatch
100
AcDbLine
 10
16.013603896932107
 20
3.799999999999999
 30
0.0
 11
16.16360389693211
 21
3.950000000000001
 31
0.0
  0
LINE
  5
8E0
330
17
100
AcDbEntity
  8
hatch
100
AcDbLine
 10
15.80147186257614
 20
3.8
 30
0.0
 11
15.951471862576144
 21
3.950000000000002
 31
0.0
  0
LINE
  5
8E1
330
17
100
AcDbEntity
  8
hatch
100
AcDbLine
 10
15.589339828220176
 20
3.799999999999998
 30
0.0
 11
15.739339828220178
 21
3.95
 31
0.0
  0
LINE
  5
8E2
330
17
100
AcDbEntity
  8
hatch
100
AcDbLine
 10
15.377207793864212
 20
3.799999999999999
 30
0.0
 11
15.527207793864214
 21
3.950000000000001
 31
0.0
  0
LINE
  5
8E3
330
17
100
AcDbEntity
  8
hatch
100
AcDbLine
 10
15.165075759508248
 20
3.799999999999999
 30
0.0
 11
15.31507575950825
 21
3.950000000000001
 31
0.0
  0
LINE
  5
8E4
330
17
100
AcDbEntity
  8
hatch
100
AcDbLine
 10
14.952943725152284
 20
3.799999999999999
 30
0.0
 11
15.102943725152283
 21
3.950000000000001
 31
0.0
  0
LINE
  5
8E5
330
17
100
AcDbEntity
  8
hatch
100
AcDbLine
 10
14.74081169079632
 20
3.799999999999999
 30
0.0
 11
14.890811690796323
 21
3.950000000000001
 31
0.0
  0
LINE
  5
8E6
330
17
100
AcDbEntity
  8
hatch
100
AcDbLine
 10
14.528679656440357
 20
3.799999999999999
 30
0.0
 11
14.678679656440359
 21
3.950000000000001
 31
0.0
  0
LINE
  5
8E7
330
17
100
AcDbEntity
  8
hatch
100
AcDbLine
 10
14.31654762208439
 20
3.8
 30
0.0
 11
14.466547622084391
 21
3.950000000000002
 31
0.0
  0
LINE
  5
8E8
330
17
100
AcDbEntity
  8
hatch
100
AcDbLine
 10
14.104415587728425
 20
3.799999999999998
 30
0.0
 11
14.254415587728428
 21
3.95
 31
0.0
  0
LINE
  5
8E9
330
17
100
AcDbEntity
  8
hatch
100
AcDbLine
 10
13.892283553372463
 20
3.8
 30
0.0
 11
14.042283553372464
 21
3.95
 31
0.0
  0
LINE
  5
8EA
330
17
100
AcDbEntity
  8
hatch
100
AcDbLine
 10
13.680151519016498
 20
3.8
 30
0.0
 11
13.8301515190165
 21
3.950000000000002
 31
0.0
  0
LINE
  5
8EB
330
17
100
AcDbEntity
  8
hatch
100
AcDbLine
 10
13.468019484660534
 20
3.799999999999999
 30
0.0
 11
13.618019484660536
 21
3.950000000000001
 31
0.0
  0
LINE
  5
8EC
330
17
100
AcDbEntity
  8
hatch
100
AcDbLine
 10
13.25588745030457
 20
3.799999999999999
 30
0.0
 11
13.405887450304572
 21
3.950000000000001
 31
0.0
  0
LINE
  5
8ED
330
17
100
AcDbEntity
  8
hatch
100
AcDbLine
 10
13.043755415948603
 20
3.799999999999999
 30
0.0
 11
13.193755415948608
 21
3.950000000000001
 31
0.0
  0
LINE
  5
8EE
330
17
100
AcDbEntity
  8
hatch
100
AcDbLine
 10
12.831623381592642
 20
3.799999999999999
 30
0.0
 11
12.981623381592645
 21
3.950000000000001
 31
0.0
  0
LINE
  5
8EF
330
17
100
AcDbEntity
  8
hatch
100
AcDbLine
 10
12.619491347236679
 20
3.799999999999999
 30
0.0
 11
12.76949134723668
 21
3.950000000000001
 31
0.0
  0
LINE
  5
8F0
330
17
100
AcDbEntity
  8
hatch
100
AcDbLine
 10
12.407359312880711
 20
3.8
 30
0.0
 11
12.557359312880713
 21
3.950000000000002
 31
0.0
  0
LINE
  5
8F1
330
17
100
AcDbEntity
  8
hatch
100
AcDbLine
 10
12.195227278524747
 20
3.799999999999999
 30
0.0
 11
12.34522727852475
 21
3.95
 31
0.0
  0
LINE
  5
8F2
330
17
100
AcDbEntity
  8
hatch
100
AcDbLine
 10
11.983095244168783
 20
3.799999999999998
 30
0.0
 11
12.133095244168786
 21
3.95
 31
0.0
  0
LINE
  5
8F3
330
17
100
AcDbEntity
  8
hatch
100
AcDbLine
 10
11.77096320981282
 20
3.799999999999998
 30
0.0
 11
11.920963209812824
 21
3.950000000000001
 31
0.0
  0
LINE
  5
8F4
330
17
100
AcDbEntity
  8
hatch
100
AcDbLine
 10
11.558831175456856
 20
3.7999999999999994
 30
0.0
 11
11.708831175456858
 21
3.9500000000000015
 31
0.0
  0
LINE
  5
8F5
330
17
100
AcDbEntity
  8
hatch
100
AcDbLine
 10
11.346699141100892
 20
3.799999999999999
 30
0.0
 11
11.496699141100894
 21
3.950000000000001
 31
0.0
  0
LINE
  5
8F6
330
17
100
AcDbEntity
  8
hatch
100
AcDbLine
 10
11.134567106744926
 20
3.7999999999999994
 30
0.0
 11
11.284567106744928
 21
3.9500000000000015
 31
0.0
  0
LINE
  5
8F7
330
17
100
AcDbEntity
  8
hatch
100
AcDbLine
 10
10.922435072388962
 20
3.7999999999999985
 30
0.0
 11
11.072435072388965
 21
3.9500000000000006
 31
0.0
  0
LINE
  5
8F8
330
17
100
AcDbEntity
  8
hatch
100
AcDbLine
 10
10.710303038032999
 20
3.8
 30
0.0
 11
10.860303038032999
 21
3.950000000000001
 31
0.0
  0
LINE
  5
8F9
330
17
100
AcDbEntity
  8
hatch
100
AcDbLine
 10
10.498171003677035
 20
3.7999999999999994
 30
0.0
 11
10.648171003677035
 21
3.9499999999999997
 31
0.0
  0
LINE
  5
8FA
330
17
100
AcDbEntity
  8
hatch
100
AcDbLine
 10
10.28603896932107
 20
3.799999999999999
 30
0.0
 11
10.436038969321071
 21
3.950000000000001
 31
0.0
  0
LINE
  5
8FB
330
17
100
AcDbEntity
  8
hatch
100
AcDbLine
 10
10.073906934965107
 20
3.8
 30
0.0
 11
10.223906934965107
 21
3.950000000000001
 31
0.0
  0
LINE
  5
8FC
330
17
100
AcDbEntity
  8
hatch
100
AcDbLine
 10
9.861774900609142
 20
3.7999999999999985
 30
0.0
 11
10.011774900609144
 21
3.9500000000000006
 31
0.0
  0
LINE
  5
8FD
330
17
100
AcDbEntity
  8
hatch
100
AcDbLine
 10
9.649642866253178
 20
3.8
 30
0.0
 11
9.799642866253178
 21
3.950000000000001
 31
0.0
  0
LINE
  5
8FE
330
17
100
AcDbEntity
  8
hatch
100
AcDbLine
 10
9.437510831897212
 20
3.799999999999998
 30
0.0
 11
9.587510831897214
 21
3.95
 31
0.0
  0
LINE
  5
8FF
330
17
100
AcDbEntity
  8
hatch
100
AcDbLine
 10
9.225378797541248
 20
3.7999999999999994
 30
0.0
 11
9.37537879754125
 21
3.9500000000000015
 31
0.0
  0
LINE
  5
900
330
17
100
AcDbEntity
  8
hatch
100
AcDbLine
 10
9.013246763185286
 20
3.8
 30
0.0
 11
9.163246763185287
 21
3.950000000000001
 31
0.0
  0
LINE
  5
901
330
17
100
AcDbEntity
  8
hatch
100
AcDbLine
 10
8.801114728829319
 20
3.7999999999999985
 30
0.0
 11
8.951114728829321
 21
3.9500000000000006
 31
0.0
  0
LINE
  5
902
330
17
100
AcDbEntity
  8
hatch
100
AcDbLine
 10
8.588982694473357
 20
3.8000000000000003
 30
0.0
 11
8.738982694473357
 21
3.9500000000000015
 31
0.0
  0
LINE
  5
903
330
17
100
AcDbEntity
  8
hatch
100
AcDbLine
 10
8.376850660117391
 20
3.799999999999998
 30
0.0
 11
8.526850660117393
 21
3.95
 31
0.0
  0
LINE
  5
904
330
17
100
AcDbEntity
  8
hatch
100
AcDbLine
 10
8.164718625761427
 20
3.7999999999999994
 30
0.0
 11
8.31471862576143
 21
3.9500000000000015
 31
0.0
  0
LINE
  5
905
330
17
100
AcDbEntity
  8
hatch
100
AcDbLine
 10
7.952586591405464
 20
3.8000000000000003
 30
0.0
 11
8.102586591405466
 21
3.9500000000000024
 31
0.0
  0
LINE
  5
906
330
17
100
AcDbEntity
  8
hatch
100
AcDbLine
 10
7.740454557049499
 20
3.799999999999999
 30
0.0
 11
7.890454557049501
 21
3.950000000000001
 31
0.0
  0
LINE
  5
907
330
17
100
AcDbEntity
  8
hatch
100
AcDbLine
 10
7.528322522693535
 20
3.8000000000000003
 30
0.0
 11
7.678322522693535
 21
3.9500000000000006
 31
0.0
  0
LINE
  5
908
330
17
100
AcDbEntity
  8
hatch
100
AcDbLine
 10
7.31619048833757
 20
3.799999999999999
 30
0.0
 11
7.466190488337572
 21
3.950000000000001
 31
0.0
  0
LINE
  5
909
330
17
100
AcDbEntity
  8
hatch
100
AcDbLine
 10
7.104058453981605
 20
3.799999999999999
 30
0.0
 11
7.2540584539816075
 21
3.950000000000001
 31
0.0
  0
LINE
  5
90A
330
17
100
AcDbEntity
  8
hatch
100
AcDbLine
 10
6.8919264196256425
 20
3.8
 30
0.0
 11
7.041926419625644
 21
3.950000000000001
 31
0.0
  0
LINE
  5
90B
330
17
100
AcDbEntity
  8
hatch
100
AcDbLine
 10
6.679794385269677
 20
3.799999999999999
 30
0.0
 11
6.829794385269679
 21
3.950000000000001
 31
0.0
  0
LINE
  5
90C
330
17
100
AcDbEntity
  8
hatch
100
AcDbLine
 10
6.467662350913713
 20
3.799999999999998
 30
0.0
 11
6.617662350913715
 21
3.95
 31
0.0
  0
LINE
  5
90D
330
17
100
AcDbEntity
  8
hatch
100
AcDbLine
 10
6.255530316557748
 20
3.7999999999999985
 30
0.0
 11
6.40553031655775
 21
3.9500000000000006
 31
0.0
  0
LINE
  5
90E
330
17
100
AcDbEntity
  8
hatch
100
AcDbLine
 10
6.043398282201784
 20
3.799999999999999
 30
0.0
 11
6.193398282201787
 21
3.950000000000001
 31
0.0
  0
LINE
  5
90F
330
17
100
AcDbEntity
  8
hatch
100
AcDbLine
 10
5.831266247845821
 20
3.799999999999999
 30
0.0
 11
5.981266247845822
 21
3.95
 31
0.0
  0
LINE
  5
910
330
17
100
AcDbEntity
  8
hatch
100
AcDbLine
 10
5.619134213489856
 20
3.7999999999999994
 30
0.0
 11
5.769134213489858
 21
3.9500000000000015
 31
0.0
  0
LINE
  5
911
330
17
100
AcDbEntity
  8
hatch
100
AcDbLine
 10
5.407002179133893
 20
3.799999999999999
 30
0.0
 11
5.557002179133894
 21
3.95
 31
0.0
  0
LINE
  5
912
330
17
100
AcDbEntity
  8
hatch
100
AcDbLine
 10
5.194870144777927
 20
3.799999999999999
 30
0.0
 11
5.344870144777929
 21
3.950000000000001
 31
0.0
  0
LINE
  5
913
330
17
100
AcDbEntity
  8
hatch
100
AcDbLine
 10
4.9827381104219635
 20
3.799999999999999
 30
0.0
 11
5.132738110421966
 21
3.950000000000002
 31
0.0
  0
LINE
  5
914
330
17
100
AcDbEntity
  8
hatch
100
AcDbLine
 10
4.770606076065999
 20
3.8
 30
0.0
 11
4.920606076066001
 21
3.950000000000002
 31
0.0
  0
LINE
  5
915
330
17
100
AcDbEntity
  8
hatch
100
AcDbLine
 10
4.558474041710037
 20
3.8
 30
0.0
 11
4.708474041710037
 21
3.950000000000001
 31
0.0
  0
LINE
  5
916
330
17
100
AcDbEntity
  8
hatch
100
AcDbLine
 10
4.346342007354071
 20
3.7999999999999994
 30
0.0
 11
4.496342007354073
 21
3.9500000000000006
 31
0.0
  0
LINE
  5
917
330
17
100
AcDbEntity
  8
hatch
100
AcDbLine
 10
4.134209972998106
 20
3.799999999999999
 30
0.0
 11
4.284209972998108
 21
3.950000000000001
 31
0.0
  0
LINE
  5
918
330
17
100
AcDbEntity
  8
hatch
100
AcDbLine
 10
3.9220779386421416
 20
3.799999999999999
 30
0.0
 11
4.072077938642144
 21
3.9500000000000006
 31
0.0
  0
LINE
  5
919
330
17
100
AcDbEntity
  8
hatch
100
AcDbLine
 10
3.709945904286177
 20
3.799999999999999
 30
0.0
 11
3.8599459042861795
 21
3.950000000000002
 31
0.0
  0
LINE
  5
91A
330
17
100
AcDbEntity
  8
hatch
100
AcDbLine
 10
3.4978138699302144
 20
3.799999999999999
 30
0.0
 11
3.647813869930216
 21
3.9500000000000006
 31
0.0
  0
LINE
  5
91B
330
17
100
AcDbEntity
  8
hatch
100
AcDbLine
 10
3.2856818355742496
 20
3.799999999999999
 30
0.0
 11
3.4356818355742513
 21
3.9500000000000006
 31
0.0
  0
LINE
  5
91C
330
17
100
AcDbEntity
  8
hatch
100
AcDbLine
 10
3.073549801218285
 20
3.799999999999999
 30
0.0
 11
3.2235498012182866
 21
3.9500000000000006
 31
0.0
  0
LINE
  5
91D
330
17
100
AcDbEntity
  8
hatch
100
AcDbLine
 10
2.86141776686232
 20
3.799999999999999
 30
0.0
 11
3.011417766862322
 21
3.9500000000000006
 31
0.0
  0
LINE
  5
91E
330
17
100
AcDbEntity
  8
hatch
100
AcDbLine
 10
2.6492857325063555
 20
3.799999999999999
 30
0.0
 11
2.799285732506357
 21
3.950000000000001
 31
0.0
  0
LINE
  5
91F
330
17
100
AcDbEntity
  8
hatch
100
AcDbLine
 10
2.437153698150393
 20
3.7999999999999994
 30
0.0
 11
2.587153698150395
 21
3.950000000000001
 31
0.0
  0
LINE
  5
920
330
17
100
AcDbEntity
  8
hatch
100
AcDbLine
 10
2.2250216637944282
 20
3.7999999999999994
 30
0.0
 11
2.3750216637944304
 21
3.950000000000001
 31
0.0
  0
LINE
  5
921
330
17
100
AcDbEntity
  8
hatch
100
AcDbLine
 10
2.0128896294384635
 20
3.7999999999999994
 30
0.0
 11
2.1628896294384656
 21
3.950000000000001
 31
0.0
  0
LINE
  5
922
330
17
100
AcDbEntity
  8
hatch
100
AcDbLine
 10
1.8007575950824986
 20
3.799999999999999
 30
0.0
 11
1.9507575950825007
 21
3.950000000000001
 31
0.0
  0
LINE
  5
923
330
17
100
AcDbEntity
  8
hatch
100
AcDbLine
 10
1.5886255607265338
 20
3.799999999999999
 30
0.0
 11
1.738625560726536
 21
3.950000000000001
 31
0.0
  0
LINE
  5
924
330
17
100
AcDbEntity
  8
hatch
100
AcDbLine
 10
1.3764935263705718
 20
3.799999999999999
 30
0.0
 11
1.5264935263705735
 21
3.9500000000000006
 31
0.0
  0
LINE
  5
925
330
17
100
AcDbEntity
  8
hatch
100
AcDbLine
 10
1.164361492014607
 20
3.799999999999999
 30
0.0
 11
1.3143614920146087
 21
3.9500000000000006
 31
0.0
  0
LINE
  5
926
330
17
100
AcDbEntity
  8
hatch
100
AcDbLine
 10
0.9522294576586423
 20
3.799999999999999
 30
0.0
 11
1.102229457658644
 21
3.9500000000000006
 31
0.0
  0
LINE
  5
927
330
17
100
AcDbEntity
  8
hatch
100
AcDbLine
 10
0.7400974233026776
 20
3.799999999999999
 30
0.0
 11
0.8900974233026793
 21
3.950000000000001
 31
0.0
  0
LINE
  5
928
330
17
100
AcDbEntity
  8
hatch
100
AcDbLine
 10
0.5279653889467129
 20
3.799999999999999
 30
0.0
 11
0.6779653889467145
 21
3.950000000000001
 31
0.0
  0
LINE
  5
929
330
17
100
AcDbEntity
  8
hatch
100
AcDbLine
 10
0.3158333545907501
 20
3.799999999999999
 30
0.0
 11
0.46583335459075226
 21
3.950000000000001
 31
0.0
  0
LINE
  5
92A
330
17
100
AcDbEntity
  8
hatch
100
AcDbLine
 10
0.24999999999999822
 20
3.9462986797652118
 30
0.0
 11
0.25370132023478753
 21
3.950000000000001
 31
0.0
  0
LWPOLYLINE
  5
92B
330
17
100
AcDbEntity
  8
muro-corte
100
AcDbPolyline
 90
4
 70
1
 10
0.24999999999999856
 20
3.799999999999999
 10
16.65
 20
3.799999999999999
 10
16.65
 20
3.950000000000001
 10
0.24999999999999856
 20
3.950000000000001
  0
LWPOLYLINE
  5
92C
330
17
100
AcDbEntity
  8
tabique-fill
100
AcDbPolyline
 90
4
 70
1
 10
20.199999999999992
 20
3.799999999999999
 10
23.750000000000004
 20
3.799999999999999
 10
23.750000000000004
 20
3.950000000000001
 10
20.199999999999992
 20
3.950000000000001
  0
LINE
  5
92D
330
17
100
AcDbEntity
  8
hatch
100
AcDbLine
 10
23.53786796564404
 20
3.8000000000000007
 30
0.0
 11
23.687867965644042
 21
3.950000000000003
 31
0.0
  0
LINE
  5
92E
330
17
100
AcDbEntity
  8
hatch
100
AcDbLine
 10
23.325735931288072
 20
3.8000000000000007
 30
0.0
 11
23.475735931288074
 21
3.950000000000003
 31
0.0
  0
LINE
  5
92F
330
17
100
AcDbEntity
  8
hatch
100
AcDbLine
 10
23.113603896932112
 20
3.799999999999999
 30
0.0
 11
23.26360389693211
 21
3.950000000000001
 31
0.0
  0
LINE
  5
930
330
17
100
AcDbEntity
  8
hatch
100
AcDbLine
 10
22.901471862576145
 20
3.799999999999999
 30
0.0
 11
23.051471862576147
 21
3.950000000000001
 31
0.0
  0
LINE
  5
931
330
17
100
AcDbEntity
  8
hatch
100
AcDbLine
 10
22.68933982822018
 20
3.8000000000000007
 30
0.0
 11
22.839339828220183
 21
3.950000000000003
 31
0.0
  0
LINE
  5
932
330
17
100
AcDbEntity
  8
hatch
100
AcDbLine
 10
22.477207793864217
 20
3.8000000000000007
 30
0.0
 11
22.62720779386422
 21
3.950000000000003
 31
0.0
  0
LINE
  5
933
330
17
100
AcDbEntity
  8
hatch
100
AcDbLine
 10
22.26507575950825
 20
3.799999999999999
 30
0.0
 11
22.415075759508255
 21
3.950000000000001
 31
0.0
  0
LINE
  5
934
330
17
100
AcDbEntity
  8
hatch
100
AcDbLine
 10
22.05294372515229
 20
3.799999999999999
 30
0.0
 11
22.20294372515229
 21
3.950000000000003
 31
0.0
  0
LINE
  5
935
330
17
100
AcDbEntity
  8
hatch
100
AcDbLine
 10
21.840811690796322
 20
3.799999999999997
 30
0.0
 11
21.990811690796328
 21
3.950000000000001
 31
0.0
  0
LINE
  5
936
330
17
100
AcDbEntity
  8
hatch
100
AcDbLine
 10
21.62867965644036
 20
3.799999999999999
 30
0.0
 11
21.77867965644036
 21
3.950000000000001
 31
0.0
  0
LINE
  5
937
330
17
100
AcDbEntity
  8
hatch
100
AcDbLine
 10
21.416547622084398
 20
3.8000000000000007
 30
0.0
 11
21.5665476220844
 21
3.950000000000003
 31
0.0
  0
LINE
  5
938
330
17
100
AcDbEntity
  8
hatch
100
AcDbLine
 10
21.204415587728434
 20
3.799999999999997
 30
0.0
 11
21.354415587728436
 21
3.950000000000003
 31
0.0
  0
LINE
  5
939
330
17
100
AcDbEntity
  8
hatch
100
AcDbLine
 10
20.992283553372467
 20
3.799999999999999
 30
0.0
 11
21.142283553372472
 21
3.950000000000001
 31
0.0
  0
LINE
  5
93A
330
17
100
AcDbEntity
  8
hatch
100
AcDbLine
 10
20.780151519016506
 20
3.8000000000000007
 30
0.0
 11
20.930151519016505
 21
3.950000000000001
 31
0.0
  0
LINE
  5
93B
330
17
100
AcDbEntity
  8
hatch
100
AcDbLine
 10
20.56801948466054
 20
3.799999999999999
 30
0.0
 11
20.71801948466054
 21
3.950000000000001
 31
0.0
  0
LINE
  5
93C
330
17
100
AcDbEntity
  8
hatch
100
AcDbLine
 10
20.355887450304575
 20
3.8000000000000007
 30
0.0
 11
20.505887450304577
 21
3.950000000000003
 31
0.0
  0
LINE
  5
93D
330
17
100
AcDbEntity
  8
hatch
100
AcDbLine
 10
20.19999999999999
 20
3.856244584051378
 30
0.0
 11
20.293755415948613
 21
3.950000000000003
 31
0.0
  0
LWPOLYLINE
  5
93E
330
17
100
AcDbEntity
  8
muro-corte
100
AcDbPolyline
 90
4
 70
1
 10
20.199999999999992
 20
3.799999999999999
 10
23.750000000000004
 20
3.799999999999999
 10
23.750000000000004
 20
3.950000000000001
 10
20.199999999999992
 20
3.950000000000001
  0
LWPOLYLINE
  5
93F
330
17
100
AcDbEntity
  8
tabique-fill
100
AcDbPolyline
 90
4
 70
1
 10
0.24999999999999856
 20
5.65
 10
16.65
 20
5.65
 10
16.65
 20
5.799999999999998
 10
0.24999999999999856
 20
5.799999999999998
  0
LINE
  5
940
330
17
100
AcDbEntity
  8
hatch
100
AcDbLine
 10
16.437867965644035
 20
5.65
 30
0.0
 11
16.587867965644033
 21
5.799999999999999
 31
0.0
  0
LINE
  5
941
330
17
100
AcDbEntity
  8
hatch
100
AcDbLine
 10
16.22573593128807
 20
5.650000000000002
 30
0.0
 11
16.375735931288066
 21
5.799999999999997
 31
0.0
  0
LINE
  5
942
330
17
100
AcDbEntity
  8
hatch
100
AcDbLine
 10
16.013603896932104
 20
5.650000000000003
 30
0.0
 11
16.163603896932102
 21
5.799999999999998
 31
0.0
  0
LINE
  5
943
330
17
100
AcDbEntity
  8
hatch
100
AcDbLine
 10
15.801471862576143
 20
5.650000000000001
 30
0.0
 11
15.951471862576138
 21
5.799999999999998
 31
0.0
  0
LINE
  5
944
330
17
100
AcDbEntity
  8
hatch
100
AcDbLine
 10
15.589339828220178
 20
5.650000000000001
 30
0.0
 11
15.739339828220174
 21
5.799999999999998
 31
0.0
  0
LINE
  5
945
330
17
100
AcDbEntity
  8
hatch
100
AcDbLine
 10
15.377207793864214
 20
5.650000000000002
 30
0.0
 11
15.52720779386421
 21
5.799999999999999
 31
0.0
  0
LINE
  5
946
330
17
100
AcDbEntity
  8
hatch
100
AcDbLine
 10
15.16507575950825
 20
5.650000000000001
 30
0.0
 11
15.315075759508247
 21
5.799999999999998
 31
0.0
  0
LINE
  5
947
330
17
100
AcDbEntity
  8
hatch
100
AcDbLine
 10
14.952943725152284
 20
5.650000000000002
 30
0.0
 11
15.10294372515228
 21
5.799999999999997
 31
0.0
  0
LINE
  5
948
330
17
100
AcDbEntity
  8
hatch
100
AcDbLine
 10
14.74081169079632
 20
5.650000000000002
 30
0.0
 11
14.890811690796319
 21
5.799999999999999
 31
0.0
  0
LINE
  5
949
330
17
100
AcDbEntity
  8
hatch
100
AcDbLine
 10
14.528679656440357
 20
5.65
 30
0.0
 11
14.678679656440355
 21
5.799999999999999
 31
0.0
  0
LINE
  5
94A
330
17
100
AcDbEntity
  8
hatch
100
AcDbLine
 10
14.316547622084391
 20
5.650000000000001
 30
0.0
 11
14.466547622084388
 21
5.799999999999998
 31
0.0
  0
LINE
  5
94B
330
17
100
AcDbEntity
  8
hatch
100
AcDbLine
 10
14.104415587728429
 20
5.650000000000001
 30
0.0
 11
14.254415587728424
 21
5.799999999999998
 31
0.0
  0
LINE
  5
94C
330
17
100
AcDbEntity
  8
hatch
100
AcDbLine
 10
13.892283553372463
 20
5.650000000000001
 30
0.0
 11
14.04228355337246
 21
5.799999999999998
 31
0.0
  0
LINE
  5
94D
330
17
100
AcDbEntity
  8
hatch
100
AcDbLine
 10
13.6801515190165
 20
5.650000000000001
 30
0.0
 11
13.830151519016496
 21
5.799999999999998
 31
0.0
  0
LINE
  5
94E
330
17
100
AcDbEntity
  8
hatch
100
AcDbLine
 10
13.468019484660536
 20
5.650000000000002
 30
0.0
 11
13.618019484660532
 21
5.799999999999999
 31
0.0
  0
LINE
  5
94F
330
17
100
AcDbEntity
  8
hatch
100
AcDbLine
 10
13.25588745030457
 20
5.650000000000002
 30
0.0
 11
13.405887450304567
 21
5.799999999999997
 31
0.0
  0
LINE
  5
950
330
17
100
AcDbEntity
  8
hatch
100
AcDbLine
 10
13.043755415948606
 20
5.65
 30
0.0
 11
13.193755415948603
 21
5.799999999999999
 31
0.0
  0
LINE
  5
951
330
17
100
AcDbEntity
  8
hatch
100
AcDbLine
 10
12.831623381592644
 20
5.650000000000002
 30
0.0
 11
12.981623381592641
 21
5.799999999999999
 31
0.0
  0
LINE
  5
952
330
17
100
AcDbEntity
  8
hatch
100
AcDbLine
 10
12.619491347236679
 20
5.650000000000002
 30
0.0
 11
12.769491347236674
 21
5.799999999999997
 31
0.0
  0
LINE
  5
953
330
17
100
AcDbEntity
  8
hatch
100
AcDbLine
 10
12.407359312880713
 20
5.650000000000001
 30
0.0
 11
12.55735931288071
 21
5.8
 31
0.0
  0
LINE
  5
954
330
17
100
AcDbEntity
  8
hatch
100
AcDbLine
 10
12.195227278524749
 20
5.650000000000002
 30
0.0
 11
12.345227278524746
 21
5.799999999999999
 31
0.0
  0
LINE
  5
955
330
17
100
AcDbEntity
  8
hatch
100
AcDbLine
 10
11.983095244168785
 20
5.650000000000001
 30
0.0
 11
12.133095244168782
 21
5.799999999999998
 31
0.0
  0
LINE
  5
956
330
17
100
AcDbEntity
  8
hatch
100
AcDbLine
 10
11.77096320981282
 20
5.650000000000001
 30
0.0
 11
11.920963209812818
 21
5.799999999999998
 31
0.0
  0
LINE
  5
957
330
17
100
AcDbEntity
  8
hatch
100
AcDbLine
 10
11.558831175456856
 20
5.65
 30
0.0
 11
11.708831175456853
 21
5.799999999999999
 31
0.0
  0
LINE
  5
958
330
17
100
AcDbEntity
  8
hatch
100
AcDbLine
 10
11.346699141100894
 20
5.650000000000002
 30
0.0
 11
11.496699141100889
 21
5.799999999999997
 31
0.0
  0
LINE
  5
959
330
17
100
AcDbEntity
  8
hatch
100
AcDbLine
 10
11.134567106744928
 20
5.650000000000002
 30
0.0
 11
11.284567106744925
 21
5.799999999999997
 31
0.0
  0
LINE
  5
95A
330
17
100
AcDbEntity
  8
hatch
100
AcDbLine
 10
10.922435072388964
 20
5.65
 30
0.0
 11
11.07243507238896
 21
5.799999999999997
 31
0.0
  0
LINE
  5
95B
330
17
100
AcDbEntity
  8
hatch
100
AcDbLine
 10
10.710303038032999
 20
5.650000000000001
 30
0.0
 11
10.860303038032994
 21
5.799999999999998
 31
0.0
  0
LINE
  5
95C
330
17
100
AcDbEntity
  8
hatch
100
AcDbLine
 10
10.498171003677033
 20
5.65
 30
0.0
 11
10.648171003677032
 21
5.799999999999997
 31
0.0
  0
LINE
  5
95D
330
17
100
AcDbEntity
  8
hatch
100
AcDbLine
 10
10.286038969321071
 20
5.650000000000001
 30
0.0
 11
10.436038969321066
 21
5.799999999999998
 31
0.0
  0
LINE
  5
95E
330
17
100
AcDbEntity
  8
hatch
100
AcDbLine
 10
10.073906934965107
 20
5.650000000000001
 30
0.0
 11
10.223906934965104
 21
5.799999999999998
 31
0.0
  0
LINE
  5
95F
330
17
100
AcDbEntity
  8
hatch
100
AcDbLine
 10
9.861774900609142
 20
5.65
 30
0.0
 11
10.01177490060914
 21
5.799999999999999
 31
0.0
  0
LINE
  5
960
330
17
100
AcDbEntity
  8
hatch
100
AcDbLine
 10
9.649642866253178
 20
5.650000000000001
 30
0.0
 11
9.799642866253173
 21
5.799999999999997
 31
0.0
  0
LINE
  5
961
330
17
100
AcDbEntity
  8
hatch
100
AcDbLine
 10
9.437510831897214
 20
5.65
 30
0.0
 11
9.58751083189721
 21
5.799999999999998
 31
0.0
  0
LINE
  5
962
330
17
100
AcDbEntity
  8
hatch
100
AcDbLine
 10
9.22537879754125
 20
5.650000000000002
 30
0.0
 11
9.375378797541247
 21
5.799999999999997
 31
0.0
  0
LINE
  5
963
330
17
100
AcDbEntity
  8
hatch
100
AcDbLine
 10
9.013246763185286
 20
5.650000000000001
 30
0.0
 11
9.163246763185281
 21
5.799999999999997
 31
0.0
  0
LINE
  5
964
330
17
100
AcDbEntity
  8
hatch
100
AcDbLine
 10
8.801114728829322
 20
5.650000000000001
 30
0.0
 11
8.951114728829317
 21
5.799999999999999
 31
0.0
  0
LINE
  5
965
330
17
100
AcDbEntity
  8
hatch
100
AcDbLine
 10
8.588982694473357
 20
5.650000000000001
 30
0.0
 11
8.738982694473352
 21
5.799999999999997
 31
0.0
  0
LINE
  5
966
330
17
100
AcDbEntity
  8
hatch
100
AcDbLine
 10
8.376850660117393
 20
5.65
 30
0.0
 11
8.52685066011739
 21
5.799999999999998
 31
0.0
  0
LINE
  5
967
330
17
100
AcDbEntity
  8
hatch
100
AcDbLine
 10
8.164718625761427
 20
5.650000000000001
 30
0.0
 11
8.314718625761424
 21
5.799999999999998
 31
0.0
  0
LINE
  5
968
330
17
100
AcDbEntity
  8
hatch
100
AcDbLine
 10
7.952586591405464
 20
5.650000000000002
 30
0.0
 11
8.10258659140546
 21
5.799999999999997
 31
0.0
  0
LINE
  5
969
330
17
100
AcDbEntity
  8
hatch
100
AcDbLine
 10
7.7404545570495
 20
5.650000000000001
 30
0.0
 11
7.890454557049497
 21
5.799999999999999
 31
0.0
  0
LINE
  5
96A
330
17
100
AcDbEntity
  8
hatch
100
AcDbLine
 10
7.528322522693535
 20
5.650000000000002
 30
0.0
 11
7.678322522693531
 21
5.799999999999997
 31
0.0
  0
LINE
  5
96B
330
17
100
AcDbEntity
  8
hatch
100
AcDbLine
 10
7.31619048833757
 20
5.65
 30
0.0
 11
7.466190488337569
 21
5.799999999999998
 31
0.0
  0
LINE
  5
96C
330
17
100
AcDbEntity
  8
hatch
100
AcDbLine
 10
7.104058453981606
 20
5.650000000000001
 30
0.0
 11
7.254058453981603
 21
5.799999999999998
 31
0.0
  0
LINE
  5
96D
330
17
100
AcDbEntity
  8
hatch
100
AcDbLine
 10
6.891926419625643
 20
5.650000000000002
 30
0.0
 11
7.041926419625639
 21
5.799999999999998
 31
0.0
  0
LINE
  5
96E
330
17
100
AcDbEntity
  8
hatch
100
AcDbLine
 10
6.679794385269679
 20
5.650000000000001
 30
0.0
 11
6.829794385269676
 21
5.799999999999998
 31
0.0
  0
LINE
  5
96F
330
17
100
AcDbEntity
  8
hatch
100
AcDbLine
 10
6.467662350913713
 20
5.6499999999999995
 30
0.0
 11
6.617662350913712
 21
5.799999999999998
 31
0.0
  0
LINE
  5
970
330
17
100
AcDbEntity
  8
hatch
100
AcDbLine
 10
6.255530316557749
 20
5.650000000000001
 30
0.0
 11
6.405530316557747
 21
5.799999999999998
 31
0.0
  0
LINE
  5
971
330
17
100
AcDbEntity
  8
hatch
100
AcDbLine
 10
6.043398282201785
 20
5.650000000000001
 30
0.0
 11
6.193398282201782
 21
5.799999999999998
 31
0.0
  0
LINE
  5
972
330
17
100
AcDbEntity
  8
hatch
100
AcDbLine
 10
5.831266247845821
 20
5.65
 30
0.0
 11
5.981266247845817
 21
5.799999999999997
 31
0.0
  0
LINE
  5
973
330
17
100
AcDbEntity
  8
hatch
100
AcDbLine
 10
5.619134213489856
 20
5.6499999999999995
 30
0.0
 11
5.7691342134898544
 21
5.799999999999998
 31
0.0
  0
LINE
  5
974
330
17
100
AcDbEntity
  8
hatch
100
AcDbLine
 10
5.407002179133893
 20
5.65
 30
0.0
 11
5.557002179133891
 21
5.799999999999998
 31
0.0
  0
LINE
  5
975
330
17
100
AcDbEntity
  8
hatch
100
AcDbLine
 10
5.194870144777928
 20
5.650000000000001
 30
0.0
 11
5.344870144777925
 21
5.799999999999998
 31
0.0
  0
LINE
  5
976
330
17
100
AcDbEntity
  8
hatch
100
AcDbLine
 10
4.9827381104219635
 20
5.65
 30
0.0
 11
5.132738110421961
 21
5.799999999999998
 31
0.0
  0
LINE
  5
977
330
17
100
AcDbEntity
  8
hatch
100
AcDbLine
 10
4.770606076065999
 20
5.650000000000001
 30
0.0
 11
4.9206060760659955
 21
5.799999999999998
 31
0.0
  0
LINE
  5
978
330
17
100
AcDbEntity
  8
hatch
100
AcDbLine
 10
4.558474041710037
 20
5.650000000000001
 30
0.0
 11
4.708474041710033
 21
5.799999999999997
 31
0.0
  0
LINE
  5
979
330
17
100
AcDbEntity
  8
hatch
100
AcDbLine
 10
4.346342007354072
 20
5.65
 30
0.0
 11
4.496342007354068
 21
5.799999999999997
 31
0.0
  0
LINE
  5
97A
330
17
100
AcDbEntity
  8
hatch
100
AcDbLine
 10
4.134209972998107
 20
5.650000000000001
 30
0.0
 11
4.284209972998104
 21
5.799999999999998
 31
0.0
  0
LINE
  5
97B
330
17
100
AcDbEntity
  8
hatch
100
AcDbLine
 10
3.922077938642142
 20
5.65
 30
0.0
 11
4.07207793864214
 21
5.799999999999999
 31
0.0
  0
LINE
  5
97C
330
17
100
AcDbEntity
  8
hatch
100
AcDbLine
 10
3.7099459042861778
 20
5.650000000000001
 30
0.0
 11
3.8599459042861746
 21
5.799999999999998
 31
0.0
  0
LINE
  5
97D
330
17
100
AcDbEntity
  8
hatch
100
AcDbLine
 10
3.497813869930215
 20
5.650000000000001
 30
0.0
 11
3.6478138699302116
 21
5.799999999999997
 31
0.0
  0
LINE
  5
97E
330
17
100
AcDbEntity
  8
hatch
100
AcDbLine
 10
3.2856818355742505
 20
5.650000000000001
 30
0.0
 11
3.4356818355742464
 21
5.799999999999997
 31
0.0
  0
LINE
  5
97F
330
17
100
AcDbEntity
  8
hatch
100
AcDbLine
 10
3.0735498012182854
 20
5.65
 30
0.0
 11
3.223549801218283
 21
5.799999999999998
 31
0.0
  0
LINE
  5
980
330
17
100
AcDbEntity
  8
hatch
100
AcDbLine
 10
2.86141776686232
 20
5.65
 30
0.0
 11
3.011417766862318
 21
5.799999999999999
 31
0.0
  0
LINE
  5
981
330
17
100
AcDbEntity
  8
hatch
100
AcDbLine
 10
2.649285732506356
 20
5.65
 30
0.0
 11
2.799285732506352
 21
5.799999999999997
 31
0.0
  0
LINE
  5
982
330
17
100
AcDbEntity
  8
hatch
100
AcDbLine
 10
2.437153698150394
 20
5.65
 30
0.0
 11
2.5871536981503898
 21
5.799999999999997
 31
0.0
  0
LINE
  5
983
330
17
100
AcDbEntity
  8
hatch
100
AcDbLine
 10
2.2250216637944287
 20
5.65
 30
0.0
 11
2.3750216637944255
 21
5.799999999999997
 31
0.0
  0
LINE
  5
984
330
17
100
AcDbEntity
  8
hatch
100
AcDbLine
 10
2.012889629438464
 20
5.65
 30
0.0
 11
2.1628896294384603
 21
5.799999999999997
 31
0.0
  0
LINE
  5
985
330
17
100
AcDbEntity
  8
hatch
100
AcDbLine
 10
1.8007575950824992
 20
5.65
 30
0.0
 11
1.9507575950824956
 21
5.799999999999997
 31
0.0
  0
LINE
  5
986
330
17
100
AcDbEntity
  8
hatch
100
AcDbLine
 10
1.5886255607265345
 20
5.65
 30
0.0
 11
1.7386255607265308
 21
5.799999999999997
 31
0.0
  0
LINE
  5
987
330
17
100
AcDbEntity
  8
hatch
100
AcDbLine
 10
1.3764935263705724
 20
5.65
 30
0.0
 11
1.5264935263705688
 21
5.799999999999997
 31
0.0
  0
LINE
  5
988
330
17
100
AcDbEntity
  8
hatch
100
AcDbLine
 10
1.1643614920146077
 20
5.65
 30
0.0
 11
1.314361492014604
 21
5.799999999999997
 31
0.0
  0
LINE
  5
989
330
17
100
AcDbEntity
  8
hatch
100
AcDbLine
 10
0.952229457658643
 20
5.65
 30
0.0
 11
1.1022294576586393
 21
5.799999999999997
 31
0.0
  0
LINE
  5
98A
330
17
100
AcDbEntity
  8
hatch
100
AcDbLine
 10
0.7400974233026778
 20
5.65
 30
0.0
 11
0.8900974233026746
 21
5.799999999999997
 31
0.0
  0
LINE
  5
98B
330
17
100
AcDbEntity
  8
hatch
100
AcDbLine
 10
0.5279653889467131
 20
5.65
 30
0.0
 11
0.6779653889467099
 21
5.799999999999997
 31
0.0
  0
LINE
  5
98C
330
17
100
AcDbEntity
  8
hatch
100
AcDbLine
 10
0.31583335459075057
 20
5.65
 30
0.0
 11
0.4658333545907474
 21
5.799999999999997
 31
0.0
  0
LINE
  5
98D
330
17
100
AcDbEntity
  8
hatch
100
AcDbLine
 10
0.24999999999999778
 20
5.796298679765213
 30
0.0
 11
0.25370132023478265
 21
5.799999999999997
 31
0.0
  0
LWPOLYLINE
  5
98E
330
17
100
AcDbEntity
  8
muro-corte
100
AcDbPolyline
 90
4
 70
1
 10
0.24999999999999856
 20
5.65
 10
16.65
 20
5.65
 10
16.65
 20
5.799999999999998
 10
0.24999999999999856
 20
5.799999999999998
  0
LWPOLYLINE
  5
98F
330
17
100
AcDbEntity
  8
tabique-fill
100
AcDbPolyline
 90
4
 70
1
 10
20.199999999999992
 20
5.65
 10
23.750000000000004
 20
5.65
 10
23.750000000000004
 20
5.799999999999998
 10
20.199999999999992
 20
5.799999999999998
  0
LINE
  5
990
330
17
100
AcDbEntity
  8
hatch
100
AcDbLine
 10
23.53786796564404
 20
5.65
 30
0.0
 11
23.687867965644035
 21
5.799999999999997
 31
0.0
  0
LINE
  5
991
330
17
100
AcDbEntity
  8
hatch
100
AcDbLine
 10
23.325735931288072
 20
5.650000000000002
 30
0.0
 11
23.47573593128807
 21
5.799999999999999
 31
0.0
  0
LINE
  5
992
330
17
100
AcDbEntity
  8
hatch
100
AcDbLine
 10
23.113603896932112
 20
5.650000000000002
 30
0.0
 11
23.26360389693211
 21
5.799999999999999
 31
0.0
  0
LINE
  5
993
330
17
100
AcDbEntity
  8
hatch
100
AcDbLine
 10
22.901471862576145
 20
5.650000000000002
 30
0.0
 11
23.051471862576143
 21
5.799999999999999
 31
0.0
  0
LINE
  5
994
330
17
100
AcDbEntity
  8
hatch
100
AcDbLine
 10
22.68933982822018
 20
5.650000000000002
 30
0.0
 11
22.83933982822018
 21
5.799999999999999
 31
0.0
  0
LINE
  5
995
330
17
100
AcDbEntity
  8
hatch
100
AcDbLine
 10
22.477207793864217
 20
5.65
 30
0.0
 11
22.627207793864216
 21
5.799999999999997
 31
0.0
  0
LINE
  5
996
330
17
100
AcDbEntity
  8
hatch
100
AcDbLine
 10
22.265075759508253
 20
5.650000000000002
 30
0.0
 11
22.415075759508248
 21
5.799999999999999
 31
0.0
  0
LINE
  5
997
330
17
100
AcDbEntity
  8
hatch
100
AcDbLine
 10
22.05294372515229
 20
5.650000000000002
 30
0.0
 11
22.202943725152288
 21
5.799999999999999
 31
0.0
  0
LINE
  5
998
330
17
100
AcDbEntity
  8
hatch
100
AcDbLine
 10
21.840811690796322
 20
5.65
 30
0.0
 11
21.99081169079632
 21
5.799999999999997
 31
0.0
  0
LINE
  5
999
330
17
100
AcDbEntity
  8
hatch
100
AcDbLine
 10
21.628679656440358
 20
5.6499999999999995
 30
0.0
 11
21.778679656440357
 21
5.799999999999996
 31
0.0
  0
LINE
  5
99A
330
17
100
AcDbEntity
  8
hatch
100
AcDbLine
 10
21.416547622084394
 20
5.650000000000001
 30
0.0
 11
21.566547622084393
 21
5.799999999999998
 31
0.0
  0
LINE
  5
99B
330
17
100
AcDbEntity
  8
hatch
100
AcDbLine
 10
21.20441558772843
 20
5.65
 30
0.0
 11
21.354415587728425
 21
5.799999999999997
 31
0.0
  0
LINE
  5
99C
330
17
100
AcDbEntity
  8
hatch
100
AcDbLine
 10
20.992283553372467
 20
5.6499999999999995
 30
0.0
 11
21.142283553372465
 21
5.799999999999996
 31
0.0
  0
LINE
  5
99D
330
17
100
AcDbEntity
  8
hatch
100
AcDbLine
 10
20.780151519016503
 20
5.650000000000002
 30
0.0
 11
20.9301515190165
 21
5.799999999999999
 31
0.0
  0
LINE
  5
99E
330
17
100
AcDbEntity
  8
hatch
100
AcDbLine
 10
20.56801948466054
 20
5.65
 30
0.0
 11
20.718019484660534
 21
5.799999999999997
 31
0.0
  0
LINE
  5
99F
330
17
100
AcDbEntity
  8
hatch
100
AcDbLine
 10
20.35588745030457
 20
5.650000000000001
 30
0.0
 11
20.50588745030457
 21
5.799999999999998
 31
0.0
  0
LINE
  5
9A0
330
17
100
AcDbEntity
  8
hatch
100
AcDbLine
 10
20.19999999999999
 20
5.706244584051382
 30
0.0
 11
20.293755415948603
 21
5.799999999999996
 31
0.0
  0
LWPOLYLINE
  5
9A1
330
17
100
AcDbEntity
  8
muro-corte
100
AcDbPolyline
 90
4
 70
1
 10
20.199999999999992
 20
5.65
 10
23.750000000000004
 20
5.65
 10
23.750000000000004
 20
5.799999999999998
 10
20.199999999999992
 20
5.799999999999998
  0
LWPOLYLINE
  5
9A2
330
17
100
AcDbEntity
  8
tabique-fill
100
AcDbPolyline
 90
4
 70
1
 10
16.65
 20
3.799999999999999
 10
20.05
 20
3.799999999999999
 10
20.05
 20
3.950000000000001
 10
16.65
 20
3.950000000000001
  0
LINE
  5
9A3
330
17
100
AcDbEntity
  8
hatch
100
AcDbLine
 10
19.837867965644033
 20
3.799999999999997
 30
0.0
 11
19.987867965644035
 21
3.9499999999999993
 31
0.0
  0
LINE
  5
9A4
330
17
100
AcDbEntity
  8
hatch
100
AcDbLine
 10
19.62573593128807
 20
3.8000000000000007
 30
0.0
 11
19.77573593128807
 21
3.950000000000003
 31
0.0
  0
LINE
  5
9A5
330
17
100
AcDbEntity
  8
hatch
100
AcDbLine
 10
19.41360389693211
 20
3.8
 30
0.0
 11
19.563603896932108
 21
3.950000000000002
 31
0.0
  0
LINE
  5
9A6
330
17
100
AcDbEntity
  8
hatch
100
AcDbLine
 10
19.201471862576142
 20
3.799999999999998
 30
0.0
 11
19.351471862576144
 21
3.95
 31
0.0
  0
LINE
  5
9A7
330
17
100
AcDbEntity
  8
hatch
100
AcDbLine
 10
18.989339828220178
 20
3.8000000000000007
 30
0.0
 11
19.13933982822018
 21
3.950000000000003
 31
0.0
  0
LINE
  5
9A8
330
17
100
AcDbEntity
  8
hatch
100
AcDbLine
 10
18.777207793864214
 20
3.799999999999999
 30
0.0
 11
18.927207793864213
 21
3.950000000000001
 31
0.0
  0
LINE
  5
9A9
330
17
100
AcDbEntity
  8
hatch
100
AcDbLine
 10
18.565075759508247
 20
3.8
 30
0.0
 11
18.715075759508252
 21
3.950000000000002
 31
0.0
  0
LINE
  5
9AA
330
17
100
AcDbEntity
  8
hatch
100
AcDbLine
 10
18.352943725152286
 20
3.8000000000000007
 30
0.0
 11
18.50294372515229
 21
3.950000000000003
 31
0.0
  0
LINE
  5
9AB
330
17
100
AcDbEntity
  8
hatch
100
AcDbLine
 10
18.14081169079632
 20
3.799999999999999
 30
0.0
 11
18.290811690796325
 21
3.950000000000001
 31
0.0
  0
LINE
  5
9AC
330
17
100
AcDbEntity
  8
hatch
100
AcDbLine
 10
17.928679656440355
 20
3.799999999999998
 30
0.0
 11
18.078679656440357
 21
3.95
 31
0.0
  0
LINE
  5
9AD
330
17
100
AcDbEntity
  8
hatch
100
AcDbLine
 10
17.71654762208439
 20
3.799999999999998
 30
0.0
 11
17.866547622084394
 21
3.95
 31
0.0
  0
LINE
  5
9AE
330
17
100
AcDbEntity
  8
hatch
100
AcDbLine
 10
17.50441558772843
 20
3.8
 30
0.0
 11
17.65441558772843
 21
3.950000000000002
 31
0.0
  0
LINE
  5
9AF
330
17
100
AcDbEntity
  8
hatch
100
AcDbLine
 10
17.292283553372464
 20
3.799999999999998
 30
0.0
 11
17.442283553372466
 21
3.95
 31
0.0
  0
LINE
  5
9B0
330
17
100
AcDbEntity
  8
hatch
100
AcDbLine
 10
17.0801515190165
 20
3.799999999999999
 30
0.0
 11
17.230151519016502
 21
3.950000000000001
 31
0.0
  0
LINE
  5
9B1
330
17
100
AcDbEntity
  8
hatch
100
AcDbLine
 10
16.868019484660536
 20
3.799999999999999
 30
0.0
 11
17.018019484660538
 21
3.950000000000001
 31
0.0
  0
LINE
  5
9B2
330
17
100
AcDbEntity
  8
hatch
100
AcDbLine
 10
16.65588745030457
 20
3.8
 30
0.0
 11
16.805887450304574
 21
3.950000000000002
 31
0.0
  0
LWPOLYLINE
  5
9B3
330
17
100
AcDbEntity
  8
muro-corte
100
AcDbPolyline
 90
4
 70
1
 10
16.65
 20
3.799999999999999
 10
20.05
 20
3.799999999999999
 10
20.05
 20
3.950000000000001
 10
16.65
 20
3.950000000000001
  0
LWPOLYLINE
  5
9B4
330
17
100
AcDbEntity
  8
tabique-fill
100
AcDbPolyline
 90
4
 70
1
 10
16.65
 20
5.65
 10
20.05
 20
5.65
 10
20.05
 20
5.799999999999998
 10
16.65
 20
5.799999999999998
  0
LINE
  5
9B5
330
17
100
AcDbEntity
  8
hatch
100
AcDbLine
 10
19.837867965644037
 20
5.650000000000003
 30
0.0
 11
19.987867965644032
 21
5.799999999999998
 31
0.0
  0
LINE
  5
9B6
330
17
100
AcDbEntity
  8
hatch
100
AcDbLine
 10
19.62573593128807
 20
5.650000000000002
 30
0.0
 11
19.775735931288068
 21
5.800000000000001
 31
0.0
  0
LINE
  5
9B7
330
17
100
AcDbEntity
  8
hatch
100
AcDbLine
 10
19.41360389693211
 20
5.650000000000003
 30
0.0
 11
19.563603896932108
 21
5.8
 31
0.0
  0
LINE
  5
9B8
330
17
100
AcDbEntity
  8
hatch
100
AcDbLine
 10
19.201471862576142
 20
5.650000000000001
 30
0.0
 11
19.35147186257614
 21
5.799999999999998
 31
0.0
  0
LINE
  5
9B9
330
17
100
AcDbEntity
  8
hatch
100
AcDbLine
 10
18.989339828220178
 20
5.650000000000002
 30
0.0
 11
19.139339828220177
 21
5.799999999999999
 31
0.0
  0
LINE
  5
9BA
330
17
100
AcDbEntity
  8
hatch
100
AcDbLine
 10
18.777207793864214
 20
5.65
 30
0.0
 11
18.927207793864213
 21
5.799999999999999
 31
0.0
  0
LINE
  5
9BB
330
17
100
AcDbEntity
  8
hatch
100
AcDbLine
 10
18.56507575950825
 20
5.650000000000003
 30
0.0
 11
18.715075759508245
 21
5.8
 31
0.0
  0
LINE
  5
9BC
330
17
100
AcDbEntity
  8
hatch
100
AcDbLine
 10
18.352943725152286
 20
5.650000000000002
 30
0.0
 11
18.502943725152285
 21
5.799999999999999
 31
0.0
  0
LINE
  5
9BD
330
17
100
AcDbEntity
  8
hatch
100
AcDbLine
 10
18.14081169079632
 20
5.65
 30
0.0
 11
18.290811690796318
 21
5.799999999999997
 31
0.0
  0
LINE
  5
9BE
330
17
100
AcDbEntity
  8
hatch
100
AcDbLine
 10
17.92867965644036
 20
5.650000000000003
 30
0.0
 11
18.078679656440357
 21
5.8
 31
0.0
  0
LINE
  5
9BF
330
17
100
AcDbEntity
  8
hatch
100
AcDbLine
 10
17.71654762208439
 20
5.650000000000001
 30
0.0
 11
17.86654762208439
 21
5.799999999999998
 31
0.0
  0
LINE
  5
9C0
330
17
100
AcDbEntity
  8
hatch
100
AcDbLine
 10
17.504415587728428
 20
5.650000000000002
 30
0.0
 11
17.654415587728426
 21
5.799999999999999
 31
0.0
  0
LINE
  5
9C1
330
17
100
AcDbEntity
  8
hatch
100
AcDbLine
 10
17.292283553372467
 20
5.650000000000003
 30
0.0
 11
17.442283553372462
 21
5.8
 31
0.0
  0
LINE
  5
9C2
330
17
100
AcDbEntity
  8
hatch
100
AcDbLine
 10
17.0801515190165
 20
5.650000000000002
 30
0.0
 11
17.2301515190165
 21
5.799999999999999
 31
0.0
  0
LINE
  5
9C3
330
17
100
AcDbEntity
  8
hatch
100
AcDbLine
 10
16.868019484660536
 20
5.65
 30
0.0
 11
17.018019484660535
 21
5.799999999999999
 31
0.0
  0
LINE
  5
9C4
330
17
100
AcDbEntity
  8
hatch
100
AcDbLine
 10
16.65588745030457
 20
5.650000000000001
 30
0.0
 11
16.805887450304567
 21
5.799999999999998
 31
0.0
  0
LWPOLYLINE
  5
9C5
330
17
100
AcDbEntity
  8
muro-corte
100
AcDbPolyline
 90
4
 70
1
 10
16.65
 20
5.65
 10
20.05
 20
5.65
 10
20.05
 20
5.799999999999998
 10
16.65
 20
5.799999999999998
  0
LWPOLYLINE
  5
9C6
330
17
100
AcDbEntity
  8
fondo
100
AcDbPolyline
 90
4
 70
1
 10
1.1000000000000014
 20
9.35
 10
2.6000000000000014
 20
9.35
 10
2.6000000000000014
 20
9.6
 10
1.1000000000000014
 20
9.6
  0
LINE
  5
9C7
330
17
100
AcDbEntity
  8
hatch
100
AcDbLine
 10
2.387867965644037
 20
9.35
 30
0.0
 11
2.600000000000002
 21
9.562132034355965
 31
0.0
  0
LINE
  5
9C8
330
17
100
AcDbEntity
  8
hatch
100
AcDbLine
 10
2.1757359312880733
 20
9.35
 30
0.0
 11
2.4257359312880724
 21
9.599999999999998
 31
0.0
  0
LINE
  5
9C9
330
17
100
AcDbEntity
  8
hatch
100
AcDbLine
 10
1.963603896932109
 20
9.35
 30
0.0
 11
2.213603896932108
 21
9.6
 31
0.0
  0
LINE
  5
9CA
330
17
100
AcDbEntity
  8
hatch
100
AcDbLine
 10
1.7514718625761443
 20
9.35
 30
0.0
 11
2.001471862576145
 21
9.6
 31
0.0
  0
LINE
  5
9CB
330
17
100
AcDbEntity
  8
hatch
100
AcDbLine
 10
1.53933982822018
 20
9.35
 30
0.0
 11
1.78933982822018
 21
9.6
 31
0.0
  0
LINE
  5
9CC
330
17
100
AcDbEntity
  8
hatch
100
AcDbLine
 10
1.3272077938642148
 20
9.35
 30
0.0
 11
1.5772077938642148
 21
9.6
 31
0.0
  0
LINE
  5
9CD
330
17
100
AcDbEntity
  8
hatch
100
AcDbLine
 10
1.115075759508251
 20
9.35
 30
0.0
 11
1.365075759508251
 21
9.599999999999998
 31
0.0
  0
LINE
  5
9CE
330
17
100
AcDbEntity
  8
hatch
100
AcDbLine
 10
1.1000000000000023
 20
9.547056274847716
 30
0.0
 11
1.1529437251522863
 21
9.599999999999998
 31
0.0
  0
LINE
  5
9CF
330
17
100
AcDbEntity
  8
carpinteria
100
AcDbLine
 10
1.1000000000000014
 20
9.35
 30
0.0
 11
2.6000000000000014
 21
9.35
 31
0.0
  0
LINE
  5
9D0
330
17
100
AcDbEntity
  8
carpinteria
100
AcDbLine
 10
1.1000000000000014
 20
9.6
 30
0.0
 11
2.6000000000000014
 21
9.6
 31
0.0
  0
LINE
  5
9D1
330
17
100
AcDbEntity
  8
vidrio
100
AcDbLine
 10
1.1000000000000014
 20
9.475
 30
0.0
 11
2.6000000000000014
 21
9.475
 31
0.0
  0
LINE
  5
9D2
330
17
100
AcDbEntity
  8
carpinteria
100
AcDbLine
 10
1.1000000000000014
 20
9.35
 30
0.0
 11
1.1000000000000014
 21
9.6
 31
0.0
  0
LINE
  5
9D3
330
17
100
AcDbEntity
  8
carpinteria
100
AcDbLine
 10
2.6000000000000014
 20
9.35
 30
0.0
 11
2.6000000000000014
 21
9.6
 31
0.0
  0
LWPOLYLINE
  5
9D4
330
17
100
AcDbEntity
  8
fondo
100
AcDbPolyline
 90
4
 70
1
 10
1.1000000000000014
 20
0.0
 10
2.6000000000000014
 20
0.0
 10
2.6000000000000014
 20
0.2500000000000007
 10
1.1000000000000014
 20
0.2500000000000007
  0
LINE
  5
9D5
330
17
100
AcDbEntity
  8
hatch
100
AcDbLine
 10
2.3878679656440376
 20
2.220446049250313e-16
 30
0.0
 11
2.600000000000001
 21
0.21213203435596384
 31
0.0
  0
LINE
  5
9D6
330
17
100
AcDbEntity
  8
hatch
100
AcDbLine
 10
2.175735931288073
 20
0.0
 30
0.0
 11
2.4257359312880733
 21
0.25000000000000044
 31
0.0
  0
LINE
  5
9D7
330
17
100
AcDbEntity
  8
hatch
100
AcDbLine
 10
1.9636038969321086
 20
0.0
 30
0.0
 11
2.2136038969321095
 21
0.25000000000000067
 31
0.0
  0
LINE
  5
9D8
330
17
100
AcDbEntity
  8
hatch
100
AcDbLine
 10
1.7514718625761443
 20
0.0
 30
0.0
 11
2.0014718625761447
 21
0.25000000000000056
 31
0.0
  0
LINE
  5
9D9
330
17
100
AcDbEntity
  8
hatch
100
AcDbLine
 10
1.53933982822018
 20
0.0
 30
0.0
 11
1.7893398282201805
 21
0.25000000000000067
 31
0.0
  0
LINE
  5
9DA
330
17
100
AcDbEntity
  8
hatch
100
AcDbLine
 10
1.3272077938642157
 20
0.0
 30
0.0
 11
1.5772077938642166
 21
0.25000000000000067
 31
0.0
  0
LINE
  5
9DB
330
17
100
AcDbEntity
  8
hatch
100
AcDbLine
 10
1.1150757595082514
 20
0.0
 30
0.0
 11
1.365075759508252
 21
0.25000000000000067
 31
0.0
  0
LINE
  5
9DC
330
17
100
AcDbEntity
  8
hatch
100
AcDbLine
 10
1.1000000000000012
 20
0.19705627484771399
 30
0.0
 11
1.1529437251522878
 21
0.2500000000000006
 31
0.0
  0
LINE
  5
9DD
330
17
100
AcDbEntity
  8
carpinteria
100
AcDbLine
 10
1.1000000000000014
 20
0.0
 30
0.0
 11
2.6000000000000014
 21
0.0
 31
0.0
  0
LINE
  5
9DE
330
17
100
AcDbEntity
  8
carpinteria
100
AcDbLine
 10
1.1000000000000014
 20
0.2500000000000007
 30
0.0
 11
2.6000000000000014
 21
0.2500000000000007
 31
0.0
  0
LINE
  5
9DF
330
17
100
AcDbEntity
  8
vidrio
100
AcDbLine
 10
1.1000000000000014
 20
0.12499999999999928
 30
0.0
 11
2.6000000000000014
 21
0.12499999999999928
 31
0.0
  0
LINE
  5
9E0
330
17
100
AcDbEntity
  8
carpinteria
100
AcDbLine
 10
1.1000000000000014
 20
0.0
 30
0.0
 11
1.1000000000000014
 21
0.2500000000000007
 31
0.0
  0
LINE
  5
9E1
330
17
100
AcDbEntity
  8
carpinteria
100
AcDbLine
 10
2.6000000000000014
 20
0.0
 30
0.0
 11
2.6000000000000014
 21
0.2500000000000007
 31
0.0
  0
LWPOLYLINE
  5
9E2
330
17
100
AcDbEntity
  8
fondo
100
AcDbPolyline
 90
4
 70
1
 10
4.450000000000003
 20
9.35
 10
5.950000000000003
 20
9.35
 10
5.950000000000003
 20
9.6
 10
4.450000000000003
 20
9.6
  0
LINE
  5
9E3
330
17
100
AcDbEntity
  8
hatch
100
AcDbLine
 10
5.737867965644038
 20
9.35
 30
0.0
 11
5.950000000000003
 21
9.562132034355965
 31
0.0
  0
LINE
  5
9E4
330
17
100
AcDbEntity
  8
hatch
100
AcDbLine
 10
5.525735931288075
 20
9.350000000000001
 30
0.0
 11
5.775735931288074
 21
9.6
 31
0.0
  0
LINE
  5
9E5
330
17
100
AcDbEntity
  8
hatch
100
AcDbLine
 10
5.3136038969321095
 20
9.35
 30
0.0
 11
5.563603896932108
 21
9.599999999999998
 31
0.0
  0
LINE
  5
9E6
330
17
100
AcDbEntity
  8
hatch
100
AcDbLine
 10
5.101471862576146
 20
9.350000000000001
 30
0.0
 11
5.351471862576146
 21
9.6
 31
0.0
  0
LINE
  5
9E7
330
17
100
AcDbEntity
  8
hatch
100
AcDbLine
 10
4.889339828220181
 20
9.35
 30
0.0
 11
5.139339828220181
 21
9.6
 31
0.0
  0
LINE
  5
9E8
330
17
100
AcDbEntity
  8
hatch
100
AcDbLine
 10
4.677207793864217
 20
9.35
 30
0.0
 11
4.927207793864216
 21
9.6
 31
0.0
  0
LINE
  5
9E9
330
17
100
AcDbEntity
  8
hatch
100
AcDbLine
 10
4.465075759508254
 20
9.350000000000001
 30
0.0
 11
4.715075759508253
 21
9.6
 31
0.0
  0
LINE
  5
9EA
330
17
100
AcDbEntity
  8
hatch
100
AcDbLine
 10
4.450000000000005
 20
9.547056274847716
 30
0.0
 11
4.502943725152287
 21
9.599999999999998
 31
0.0
  0
LINE
  5
9EB
330
17
100
AcDbEntity
  8
carpinteria
100
AcDbLine
 10
4.450000000000003
 20
9.35
 30
0.0
 11
5.950000000000003
 21
9.35
 31
0.0
  0
LINE
  5
9EC
330
17
100
AcDbEntity
  8
carpinteria
100
AcDbLine
 10
4.450000000000003
 20
9.6
 30
0.0
 11
5.950000000000003
 21
9.6
 31
0.0
  0
LINE
  5
9ED
330
17
100
AcDbEntity
  8
vidrio
100
AcDbLine
 10
4.450000000000003
 20
9.475
 30
0.0
 11
5.950000000000003
 21
9.475
 31
0.0
  0
LINE
  5
9EE
330
17
100
AcDbEntity
  8
carpinteria
100
AcDbLine
 10
4.450000000000003
 20
9.35
 30
0.0
 11
4.450000000000003
 21
9.6
 31
0.0
  0
LINE
  5
9EF
330
17
100
AcDbEntity
  8
carpinteria
100
AcDbLine
 10
5.950000000000003
 20
9.35
 30
0.0
 11
5.950000000000003
 21
9.6
 31
0.0
  0
LWPOLYLINE
  5
9F0
330
17
100
AcDbEntity
  8
fondo
100
AcDbPolyline
 90
4
 70
1
 10
4.450000000000003
 20
0.0
 10
5.950000000000003
 20
0.0
 10
5.950000000000003
 20
0.2500000000000007
 10
4.450000000000003
 20
0.2500000000000007
  0
LINE
  5
9F1
330
17
100
AcDbEntity
  8
hatch
100
AcDbLine
 10
5.737867965644038
 20
0.0
 30
0.0
 11
5.950000000000003
 21
0.21213203435596473
 31
0.0
  0
LINE
  5
9F2
330
17
100
AcDbEntity
  8
hatch
100
AcDbLine
 10
5.525735931288074
 20
0.0
 30
0.0
 11
5.775735931288075
 21
0.2500000000000009
 31
0.0
  0
LINE
  5
9F3
330
17
100
AcDbEntity
  8
hatch
100
AcDbLine
 10
5.3136038969321095
 20
0.0
 30
0.0
 11
5.56360389693211
 21
0.2500000000000009
 31
0.0
  0
LINE
  5
9F4
330
17
100
AcDbEntity
  8
hatch
100
AcDbLine
 10
5.101471862576146
 20
-4.440892098500626e-16
 30
0.0
 11
5.351471862576147
 21
0.2500000000000009
 31
0.0
  0
LINE
  5
9F5
330
17
100
AcDbEntity
  8
hatch
100
AcDbLine
 10
4.889339828220181
 20
0.0
 30
0.0
 11
5.139339828220182
 21
0.2500000000000009
 31
0.0
  0
LINE
  5
9F6
330
17
100
AcDbEntity
  8
hatch
100
AcDbLine
 10
4.677207793864217
 20
0.0
 30
0.0
 11
4.927207793864218
 21
0.25000000000000044
 31
0.0
  0
LINE
  5
9F7
330
17
100
AcDbEntity
  8
hatch
100
AcDbLine
 10
4.465075759508252
 20
0.0
 30
0.0
 11
4.715075759508254
 21
0.2500000000000009
 31
0.0
  0
LINE
  5
9F8
330
17
100
AcDbEntity
  8
hatch
100
AcDbLine
 10
4.450000000000003
 20
0.1970562748477147
 30
0.0
 11
4.502943725152289
 21
0.2500000000000009
 31
0.0
  0
LINE
  5
9F9
330
17
100
AcDbEntity
  8
carpinteria
100
AcDbLine
 10
4.450000000000003
 20
0.0
 30
0.0
 11
5.950000000000003
 21
0.0
 31
0.0
  0
LINE
  5
9FA
330
17
100
AcDbEntity
  8
carpinteria
100
AcDbLine
 10
4.450000000000003
 20
0.2500000000000007
 30
0.0
 11
5.950000000000003
 21
0.2500000000000007
 31
0.0
  0
LINE
  5
9FB
330
17
100
AcDbEntity
  8
vidrio
100
AcDbLine
 10
4.450000000000003
 20
0.12499999999999928
 30
0.0
 11
5.950000000000003
 21
0.12499999999999928
 31
0.0
  0
LINE
  5
9FC
330
17
100
AcDbEntity
  8
carpinteria
100
AcDbLine
 10
4.450000000000003
 20
0.0
 30
0.0
 11
4.450000000000003
 21
0.2500000000000007
 31
0.0
  0
LINE
  5
9FD
330
17
100
AcDbEntity
  8
carpinteria
100
AcDbLine
 10
5.950000000000003
 20
0.0
 30
0.0
 11
5.950000000000003
 21
0.2500000000000007
 31
0.0
  0
LWPOLYLINE
  5
9FE
330
17
100
AcDbEntity
  8
fondo
100
AcDbPolyline
 90
4
 70
1
 10
7.8
 20
9.35
 10
9.299999999999999
 20
9.35
 10
9.299999999999999
 20
9.6
 10
7.8
 20
9.6
  0
LINE
  5
9FF
330
17
100
AcDbEntity
  8
hatch
100
AcDbLine
 10
9.087867965644033
 20
9.35
 30
0.0
 11
9.299999999999999
 21
9.562132034355965
 31
0.0
  0
LINE
  5
A00
330
17
100
AcDbEntity
  8
hatch
100
AcDbLine
 10
8.87573593128807
 20
9.35
 30
0.0
 11
9.12573593128807
 21
9.6
 31
0.0
  0
LINE
  5
A01
330
17
100
AcDbEntity
  8
hatch
100
AcDbLine
 10
8.663603896932106
 20
9.35
 30
0.0
 11
8.913603896932106
 21
9.6
 31
0.0
  0
LINE
  5
A02
330
17
100
AcDbEntity
  8
hatch
100
AcDbLine
 10
8.451471862576142
 20
9.35
 30
0.0
 11
8.701471862576142
 21
9.6
 31
0.0
  0
LINE
  5
A03
330
17
100
AcDbEntity
  8
hatch
100
AcDbLine
 10
8.239339828220178
 20
9.35
 30
0.0
 11
8.489339828220176
 21
9.6
 31
0.0
  0
LINE
  5
A04
330
17
100
AcDbEntity
  8
hatch
100
AcDbLine
 10
8.027207793864212
 20
9.35
 30
0.0
 11
8.277207793864214
 21
9.6
 31
0.0
  0
LINE
  5
A05
330
17
100
AcDbEntity
  8
hatch
100
AcDbLine
 10
7.815075759508248
 20
9.349999999999998
 30
0.0
 11
8.06507575950825
 21
9.6
 31
0.0
  0
LINE
  5
A06
330
17
100
AcDbEntity
  8
hatch
100
AcDbLine
 10
7.800000000000002
 20
9.547056274847716
 30
0.0
 11
7.852943725152284
 21
9.6
 31
0.0
  0
LINE
  5
A07
330
17
100
AcDbEntity
  8
carpinteria
100
AcDbLine
 10
7.8
 20
9.35
 30
0.0
 11
9.299999999999999
 21
9.35
 31
0.0
  0
LINE
  5
A08
330
17
100
AcDbEntity
  8
carpinteria
100
AcDbLine
 10
7.8
 20
9.6
 30
0.0
 11
9.299999999999999
 21
9.6
 31
0.0
  0
LINE
  5
A09
330
17
100
AcDbEntity
  8
vidrio
100
AcDbLine
 10
7.8
 20
9.475
 30
0.0
 11
9.299999999999999
 21
9.475
 31
0.0
  0
LINE
  5
A0A
330
17
100
AcDbEntity
  8
carpinteria
100
AcDbLine
 10
7.8
 20
9.35
 30
0.0
 11
7.8
 21
9.6
 31
0.0
  0
LINE
  5
A0B
330
17
100
AcDbEntity
  8
carpinteria
100
AcDbLine
 10
9.299999999999999
 20
9.35
 30
0.0
 11
9.299999999999999
 21
9.6
 31
0.0
  0
LWPOLYLINE
  5
A0C
330
17
100
AcDbEntity
  8
fondo
100
AcDbPolyline
 90
4
 70
1
 10
7.8
 20
0.0
 10
9.299999999999999
 20
0.0
 10
9.299999999999999
 20
0.2500000000000007
 10
7.8
 20
0.2500000000000007
  0
LINE
  5
A0D
330
17
100
AcDbEntity
  8
hatch
100
AcDbLine
 10
9.087867965644033
 20
0.0
 30
0.0
 11
9.299999999999997
 21
0.21213203435596473
 31
0.0
  0
LINE
  5
A0E
330
17
100
AcDbEntity
  8
hatch
100
AcDbLine
 10
8.87573593128807
 20
0.0
 30
0.0
 11
9.125735931288071
 21
0.2500000000000009
 31
0.0
  0
LINE
  5
A0F
330
17
100
AcDbEntity
  8
hatch
100
AcDbLine
 10
8.663603896932106
 20
0.0
 30
0.0
 11
8.913603896932106
 21
0.2500000000000009
 31
0.0
  0
LINE
  5
A10
330
17
100
AcDbEntity
  8
hatch
100
AcDbLine
 10
8.451471862576142
 20
0.0
 30
0.0
 11
8.701471862576142
 21
0.2500000000000009
 31
0.0
  0
LINE
  5
A11
330
17
100
AcDbEntity
  8
hatch
100
AcDbLine
 10
8.239339828220178
 20
0.0
 30
0.0
 11
8.489339828220178
 21
0.25
 31
0.0
  0
LINE
  5
A12
330
17
100
AcDbEntity
  8
hatch
100
AcDbLine
 10
8.027207793864214
 20
0.0
 30
0.0
 11
8.277207793864214
 21
0.2500000000000009
 31
0.0
  0
LINE
  5
A13
330
17
100
AcDbEntity
  8
hatch
100
AcDbLine
 10
7.8150757595082485
 20
0.0
 30
0.0
 11
8.06507575950825
 21
0.25000000000000044
 31
0.0
  0
LINE
  5
A14
330
17
100
AcDbEntity
  8
hatch
100
AcDbLine
 10
7.800000000000001
 20
0.19705627484771604
 30
0.0
 11
7.852943725152285
 21
0.25000000000000133
 31
0.0
  0
LINE
  5
A15
330
17
100
AcDbEntity
  8
carpinteria
100
AcDbLine
 10
7.8
 20
0.0
 30
0.0
 11
9.299999999999999
 21
0.0
 31
0.0
  0
LINE
  5
A16
330
17
100
AcDbEntity
  8
carpinteria
100
AcDbLine
 10
7.8
 20
0.2500000000000007
 30
0.0
 11
9.299999999999999
 21
0.2500000000000007
 31
0.0
  0
LINE
  5
A17
330
17
100
AcDbEntity
  8
vidrio
100
AcDbLine
 10
7.8
 20
0.12499999999999928
 30
0.0
 11
9.299999999999999
 21
0.12499999999999928
 31
0.0
  0
LINE
  5
A18
330
17
100
AcDbEntity
  8
carpinteria
100
AcDbLine
 10
7.8
 20
0.0
 30
0.0
 11
7.8
 21
0.2500000000000007
 31
0.0
  0
LINE
  5
A19
330
17
100
AcDbEntity
  8
carpinteria
100
AcDbLine
 10
9.299999999999999
 20
0.0
 30
0.0
 11
9.299999999999999
 21
0.2500000000000007
 31
0.0
  0
LWPOLYLINE
  5
A1A
330
17
100
AcDbEntity
  8
fondo
100
AcDbPolyline
 90
4
 70
1
 10
11.150000000000006
 20
9.35
 10
12.650000000000006
 20
9.35
 10
12.650000000000006
 20
9.6
 10
11.150000000000006
 20
9.6
  0
LINE
  5
A1B
330
17
100
AcDbEntity
  8
hatch
100
AcDbLine
 10
12.437867965644042
 20
9.35
 30
0.0
 11
12.650000000000007
 21
9.562132034355965
 31
0.0
  0
LINE
  5
A1C
330
17
100
AcDbEntity
  8
hatch
100
AcDbLine
 10
12.225735931288078
 20
9.35
 30
0.0
 11
12.475735931288078
 21
9.6
 31
0.0
  0
LINE
  5
A1D
330
17
100
AcDbEntity
  8
hatch
100
AcDbLine
 10
12.013603896932114
 20
9.35
 30
0.0
 11
12.263603896932114
 21
9.6
 31
0.0
  0
LINE
  5
A1E
330
17
100
AcDbEntity
  8
hatch
100
AcDbLine
 10
11.801471862576149
 20
9.349999999999998
 30
0.0
 11
12.05147186257615
 21
9.6
 31
0.0
  0
LINE
  5
A1F
330
17
100
AcDbEntity
  8
hatch
100
AcDbLine
 10
11.589339828220186
 20
9.35
 30
0.0
 11
11.839339828220183
 21
9.6
 31
0.0
  0
LINE
  5
A20
330
17
100
AcDbEntity
  8
hatch
100
AcDbLine
 10
11.377207793864219
 20
9.350000000000001
 30
0.0
 11
11.62720779386422
 21
9.600000000000001
 31
0.0
  0
LINE
  5
A21
330
17
100
AcDbEntity
  8
hatch
100
AcDbLine
 10
11.165075759508255
 20
9.35
 30
0.0
 11
11.415075759508257
 21
9.600000000000001
 31
0.0
  0
LINE
  5
A22
330
17
100
AcDbEntity
  8
hatch
100
AcDbLine
 10
11.150000000000006
 20
9.547056274847714
 30
0.0
 11
11.202943725152291
 21
9.6
 31
0.0
  0
LINE
  5
A23
330
17
100
AcDbEntity
  8
carpinteria
100
AcDbLine
 10
11.150000000000006
 20
9.35
 30
0.0
 11
12.650000000000006
 21
9.35
 31
0.0
  0
LINE
  5
A24
330
17
100
AcDbEntity
  8
carpinteria
100
AcDbLine
 10
11.150000000000006
 20
9.6
 30
0.0
 11
12.650000000000006
 21
9.6
 31
0.0
  0
LINE
  5
A25
330
17
100
AcDbEntity
  8
vidrio
100
AcDbLine
 10
11.150000000000006
 20
9.475
 30
0.0
 11
12.650000000000006
 21
9.475
 31
0.0
  0
LINE
  5
A26
330
17
100
AcDbEntity
  8
carpinteria
100
AcDbLine
 10
11.150000000000006
 20
9.35
 30
0.0
 11
11.150000000000006
 21
9.6
 31
0.0
  0
LINE
  5
A27
330
17
100
AcDbEntity
  8
carpinteria
100
AcDbLine
 10
12.650000000000006
 20
9.35
 30
0.0
 11
12.650000000000006
 21
9.6
 31
0.0
  0
LWPOLYLINE
  5
A28
330
17
100
AcDbEntity
  8
fondo
100
AcDbPolyline
 90
4
 70
1
 10
11.150000000000006
 20
0.0
 10
12.650000000000006
 20
0.0
 10
12.650000000000006
 20
0.2500000000000007
 10
11.150000000000006
 20
0.2500000000000007
  0
LINE
  5
A29
330
17
100
AcDbEntity
  8
hatch
100
AcDbLine
 10
12.437867965644042
 20
0.0
 30
0.0
 11
12.650000000000006
 21
0.21213203435596473
 31
0.0
  0
LINE
  5
A2A
330
17
100
AcDbEntity
  8
hatch
100
AcDbLine
 10
12.225735931288078
 20
0.0
 30
0.0
 11
12.475735931288076
 21
0.25
 31
0.0
  0
LINE
  5
A2B
330
17
100
AcDbEntity
  8
hatch
100
AcDbLine
 10
12.013603896932114
 20
0.0
 30
0.0
 11
12.263603896932114
 21
0.25
 31
0.0
  0
LINE
  5
A2C
330
17
100
AcDbEntity
  8
hatch
100
AcDbLine
 10
11.80147186257615
 20
0.0
 30
0.0
 11
12.051471862576149
 21
0.2499999999999991
 31
0.0
  0
LINE
  5
A2D
330
17
100
AcDbEntity
  8
hatch
100
AcDbLine
 10
11.589339828220185
 20
0.0
 30
0.0
 11
11.839339828220186
 21
0.2500000000000009
 31
0.0
  0
LINE
  5
A2E
330
17
100
AcDbEntity
  8
hatch
100
AcDbLine
 10
11.377207793864219
 20
8.881784197001252e-16
 30
0.0
 11
11.62720779386422
 21
0.2500000000000018
 31
0.0
  0
LINE
  5
A2F
330
17
100
AcDbEntity
  8
hatch
100
AcDbLine
 10
11.165075759508257
 20
0.0
 30
0.0
 11
11.415075759508257
 21
0.25
 31
0.0
  0
LINE
  5
A30
330
17
100
AcDbEntity
  8
hatch
100
AcDbLine
 10
11.150000000000006
 20
0.19705627484771426
 30
0.0
 11
11.202943725152291
 21
0.2500000000000009
 31
0.0
  0
LINE
  5
A31
330
17
100
AcDbEntity
  8
carpinteria
100
AcDbLine
 10
11.150000000000006
 20
0.0
 30
0.0
 11
12.650000000000006
 21
0.0
 31
0.0
  0
LINE
  5
A32
330
17
100
AcDbEntity
  8
carpinteria
100
AcDbLine
 10
11.150000000000006
 20
0.2500000000000007
 30
0.0
 11
12.650000000000006
 21
0.2500000000000007
 31
0.0
  0
LINE
  5
A33
330
17
100
AcDbEntity
  8
vidrio
100
AcDbLine
 10
11.150000000000006
 20
0.12499999999999928
 30
0.0
 11
12.650000000000006
 21
0.12499999999999928
 31
0.0
  0
LINE
  5
A34
330
17
100
AcDbEntity
  8
carpinteria
100
AcDbLine
 10
11.150000000000006
 20
0.0
 30
0.0
 11
11.150000000000006
 21
0.2500000000000007
 31
0.0
  0
LINE
  5
A35
330
17
100
AcDbEntity
  8
carpinteria
100
AcDbLine
 10
12.650000000000006
 20
0.0
 30
0.0
 11
12.650000000000006
 21
0.2500000000000007
 31
0.0
  0
LWPOLYLINE
  5
A36
330
17
100
AcDbEntity
  8
fondo
100
AcDbPolyline
 90
4
 70
1
 10
14.399999999999999
 20
9.35
 10
14.900000000000006
 20
9.35
 10
14.900000000000006
 20
9.6
 10
14.399999999999999
 20
9.6
  0
LINE
  5
A37
330
17
100
AcDbEntity
  8
hatch
100
AcDbLine
 10
14.687867965644042
 20
9.35
 30
0.0
 11
14.900000000000006
 21
9.562132034355965
 31
0.0
  0
LINE
  5
A38
330
17
100
AcDbEntity
  8
hatch
100
AcDbLine
 10
14.475735931288078
 20
9.350000000000001
 30
0.0
 11
14.725735931288076
 21
9.600000000000001
 31
0.0
  0
LINE
  5
A39
330
17
100
AcDbEntity
  8
hatch
100
AcDbLine
 10
14.399999999999997
 20
9.486396103067886
 30
0.0
 11
14.51360389693211
 21
9.6
 31
0.0
  0
LINE
  5
A3A
330
17
100
AcDbEntity
  8
carpinteria
100
AcDbLine
 10
14.399999999999999
 20
9.35
 30
0.0
 11
14.900000000000006
 21
9.35
 31
0.0
  0
LINE
  5
A3B
330
17
100
AcDbEntity
  8
carpinteria
100
AcDbLine
 10
14.399999999999999
 20
9.6
 30
0.0
 11
14.900000000000006
 21
9.6
 31
0.0
  0
LINE
  5
A3C
330
17
100
AcDbEntity
  8
vidrio
100
AcDbLine
 10
14.399999999999999
 20
9.475
 30
0.0
 11
14.900000000000006
 21
9.475
 31
0.0
  0
LINE
  5
A3D
330
17
100
AcDbEntity
  8
carpinteria
100
AcDbLine
 10
14.399999999999999
 20
9.35
 30
0.0
 11
14.399999999999999
 21
9.6
 31
0.0
  0
LINE
  5
A3E
330
17
100
AcDbEntity
  8
carpinteria
100
AcDbLine
 10
14.900000000000006
 20
9.35
 30
0.0
 11
14.900000000000006
 21
9.6
 31
0.0
  0
LWPOLYLINE
  5
A3F
330
17
100
AcDbEntity
  8
fondo
100
AcDbPolyline
 90
4
 70
1
 10
14.399999999999999
 20
0.0
 10
14.900000000000006
 20
0.0
 10
14.900000000000006
 20
0.2500000000000007
 10
14.399999999999999
 20
0.2500000000000007
  0
LINE
  5
A40
330
17
100
AcDbEntity
  8
hatch
100
AcDbLine
 10
14.687867965644038
 20
0.0
 30
0.0
 11
14.900000000000004
 21
0.21213203435596473
 31
0.0
  0
LINE
  5
A41
330
17
100
AcDbEntity
  8
hatch
100
AcDbLine
 10
14.475735931288074
 20
0.0
 30
0.0
 11
14.725735931288074
 21
0.25
 31
0.0
  0
LINE
  5
A42
330
17
100
AcDbEntity
  8
hatch
100
AcDbLine
 10
14.399999999999999
 20
0.1363961030678853
 30
0.0
 11
14.513603896932112
 21
0.25
 31
0.0
  0
LINE
  5
A43
330
17
100
AcDbEntity
  8
carpinteria
100
AcDbLine
 10
14.399999999999999
 20
0.0
 30
0.0
 11
14.900000000000006
 21
0.0
 31
0.0
  0
LINE
  5
A44
330
17
100
AcDbEntity
  8
carpinteria
100
AcDbLine
 10
14.399999999999999
 20
0.2500000000000007
 30
0.0
 11
14.900000000000006
 21
0.2500000000000007
 31
0.0
  0
LINE
  5
A45
330
17
100
AcDbEntity
  8
vidrio
100
AcDbLine
 10
14.399999999999999
 20
0.12499999999999928
 30
0.0
 11
14.900000000000006
 21
0.12499999999999928
 31
0.0
  0
LINE
  5
A46
330
17
100
AcDbEntity
  8
carpinteria
100
AcDbLine
 10
14.399999999999999
 20
0.0
 30
0.0
 11
14.399999999999999
 21
0.2500000000000007
 31
0.0
  0
LINE
  5
A47
330
17
100
AcDbEntity
  8
carpinteria
100
AcDbLine
 10
14.900000000000006
 20
0.0
 30
0.0
 11
14.900000000000006
 21
0.2500000000000007
 31
0.0
  0
LWPOLYLINE
  5
A48
330
17
100
AcDbEntity
  8
fondo
100
AcDbPolyline
 90
4
 70
1
 10
17.750000000000004
 20
9.35
 10
18.950000000000006
 20
9.35
 10
18.950000000000006
 20
9.6
 10
17.750000000000004
 20
9.6
  0
LINE
  5
A49
330
17
100
AcDbEntity
  8
hatch
100
AcDbLine
 10
18.737867965644043
 20
9.35
 30
0.0
 11
18.950000000000006
 21
9.562132034355963
 31
0.0
  0
LINE
  5
A4A
330
17
100
AcDbEntity
  8
hatch
100
AcDbLine
 10
18.52573593128808
 20
9.35
 30
0.0
 11
18.77573593128808
 21
9.6
 31
0.0
  0
LINE
  5
A4B
330
17
100
AcDbEntity
  8
hatch
100
AcDbLine
 10
18.313603896932115
 20
9.349999999999998
 30
0.0
 11
18.56360389693211
 21
9.599999999999998
 31
0.0
  0
LINE
  5
A4C
330
17
100
AcDbEntity
  8
hatch
100
AcDbLine
 10
18.10147186257615
 20
9.35
 30
0.0
 11
18.35147186257615
 21
9.599999999999998
 31
0.0
  0
LINE
  5
A4D
330
17
100
AcDbEntity
  8
hatch
100
AcDbLine
 10
17.889339828220184
 20
9.349999999999998
 30
0.0
 11
18.139339828220184
 21
9.599999999999998
 31
0.0
  0
LINE
  5
A4E
330
17
100
AcDbEntity
  8
hatch
100
AcDbLine
 10
17.750000000000004
 20
9.422792206135782
 30
0.0
 11
17.92720779386422
 21
9.599999999999998
 31
0.0
  0
LINE
  5
A4F
330
17
100
AcDbEntity
  8
carpinteria
100
AcDbLine
 10
17.750000000000004
 20
9.35
 30
0.0
 11
18.950000000000006
 21
9.35
 31
0.0
  0
LINE
  5
A50
330
17
100
AcDbEntity
  8
carpinteria
100
AcDbLine
 10
17.750000000000004
 20
9.6
 30
0.0
 11
18.950000000000006
 21
9.6
 31
0.0
  0
LINE
  5
A51
330
17
100
AcDbEntity
  8
vidrio
100
AcDbLine
 10
17.750000000000004
 20
9.475
 30
0.0
 11
18.950000000000006
 21
9.475
 31
0.0
  0
LINE
  5
A52
330
17
100
AcDbEntity
  8
carpinteria
100
AcDbLine
 10
17.750000000000004
 20
9.35
 30
0.0
 11
17.750000000000004
 21
9.6
 31
0.0
  0
LINE
  5
A53
330
17
100
AcDbEntity
  8
carpinteria
100
AcDbLine
 10
18.950000000000006
 20
9.35
 30
0.0
 11
18.950000000000006
 21
9.6
 31
0.0
  0
LWPOLYLINE
  5
A54
330
17
100
AcDbEntity
  8
fondo
100
AcDbPolyline
 90
4
 70
1
 10
23.750000000000004
 20
6.099999999999998
 10
24.0
 20
6.099999999999998
 10
24.0
 20
8.1
 10
23.750000000000004
 20
8.1
  0
LINE
  5
A55
330
17
100
AcDbEntity
  8
hatch
100
AcDbLine
 10
23.787867965644033
 20
6.099999999999998
 30
0.0
 11
24.0
 21
6.312132034355965
 31
0.0
  0
LINE
  5
A56
330
17
100
AcDbEntity
  8
hatch
100
AcDbLine
 10
23.750000000000004
 20
6.274264068711931
 30
0.0
 11
24.0
 21
6.524264068711929
 31
0.0
  0
LINE
  5
A57
330
17
100
AcDbEntity
  8
hatch
100
AcDbLine
 10
23.750000000000004
 20
6.486396103067893
 30
0.0
 11
24.0
 21
6.736396103067889
 31
0.0
  0
LINE
  5
A58
330
17
100
AcDbEntity
  8
hatch
100
AcDbLine
 10
23.750000000000004
 20
6.698528137423857
 30
0.0
 11
24.0
 21
6.948528137423855
 31
0.0
  0
LINE
  5
A59
330
17
100
AcDbEntity
  8
hatch
100
AcDbLine
 10
23.750000000000004
 20
6.910660171779822
 30
0.0
 11
24.0
 21
7.160660171779821
 31
0.0
  0
LINE
  5
A5A
330
17
100
AcDbEntity
  8
hatch
100
AcDbLine
 10
23.750000000000007
 20
7.122792206135788
 30
0.0
 11
24.0
 21
7.372792206135783
 31
0.0
  0
LINE
  5
A5B
330
17
100
AcDbEntity
  8
hatch
100
AcDbLine
 10
23.750000000000004
 20
7.334924240491752
 30
0.0
 11
24.0
 21
7.584924240491748
 31
0.0
  0
LINE
  5
A5C
330
17
100
AcDbEntity
  8
hatch
100
AcDbLine
 10
23.750000000000004
 20
7.547056274847714
 30
0.0
 11
24.0
 21
7.797056274847712
 31
0.0
  0
LINE
  5
A5D
330
17
100
AcDbEntity
  8
hatch
100
AcDbLine
 10
23.75
 20
7.759188309203679
 30
0.0
 11
24.0
 21
8.009188309203676
 31
0.0
  0
LINE
  5
A5E
330
17
100
AcDbEntity
  8
hatch
100
AcDbLine
 10
23.750000000000004
 20
7.971320343559644
 30
0.0
 11
23.87867965644036
 21
8.099999999999998
 31
0.0
  0
LINE
  5
A5F
330
17
100
AcDbEntity
  8
carpinteria
100
AcDbLine
 10
23.750000000000004
 20
6.099999999999998
 30
0.0
 11
23.750000000000004
 21
8.1
 31
0.0
  0
LINE
  5
A60
330
17
100
AcDbEntity
  8
carpinteria
100
AcDbLine
 10
24.0
 20
6.099999999999998
 30
0.0
 11
24.0
 21
8.1
 31
0.0
  0
LINE
  5
A61
330
17
100
AcDbEntity
  8
vidrio
100
AcDbLine
 10
23.875000000000004
 20
6.099999999999998
 30
0.0
 11
23.875000000000004
 21
8.1
 31
0.0
  0
LINE
  5
A62
330
17
100
AcDbEntity
  8
carpinteria
100
AcDbLine
 10
23.750000000000004
 20
6.099999999999998
 30
0.0
 11
24.0
 21
6.099999999999998
 31
0.0
  0
LINE
  5
A63
330
17
100
AcDbEntity
  8
carpinteria
100
AcDbLine
 10
23.750000000000004
 20
8.1
 30
0.0
 11
24.0
 21
8.1
 31
0.0
  0
LWPOLYLINE
  5
A64
330
17
100
AcDbEntity
  8
fondo
100
AcDbPolyline
 90
4
 70
1
 10
23.750000000000004
 20
1.5499999999999992
 10
24.0
 20
1.5499999999999992
 10
24.0
 20
2.4500000000000015
 10
23.750000000000004
 20
2.4500000000000015
  0
LINE
  5
A65
330
17
100
AcDbEntity
  8
hatch
100
AcDbLine
 10
23.787867965644033
 20
1.549999999999999
 30
0.0
 11
24.0
 21
1.7621320343559663
 31
0.0
  0
LINE
  5
A66
330
17
100
AcDbEntity
  8
hatch
100
AcDbLine
 10
23.750000000000004
 20
1.724264068711932
 30
0.0
 11
24.0
 21
1.9742640687119284
 31
0.0
  0
LINE
  5
A67
330
17
100
AcDbEntity
  8
hatch
100
AcDbLine
 10
23.750000000000004
 20
1.9363961030678958
 30
0.0
 11
24.0
 21
2.1863961030678922
 31
0.0
  0
LINE
  5
A68
330
17
100
AcDbEntity
  8
hatch
100
AcDbLine
 10
23.75
 20
2.148528137423858
 30
0.0
 11
24.0
 21
2.3985281374238543
 31
0.0
  0
LINE
  5
A69
330
17
100
AcDbEntity
  8
hatch
100
AcDbLine
 10
23.750000000000004
 20
2.3606601717798235
 30
0.0
 11
23.839339828220183
 21
2.450000000000003
 31
0.0
  0
LINE
  5
A6A
330
17
100
AcDbEntity
  8
carpinteria
100
AcDbLine
 10
23.750000000000004
 20
1.5499999999999992
 30
0.0
 11
23.750000000000004
 21
2.4500000000000015
 31
0.0
  0
LINE
  5
A6B
330
17
100
AcDbEntity
  8
carpinteria
100
AcDbLine
 10
24.0
 20
1.5499999999999992
 30
0.0
 11
24.0
 21
2.4500000000000015
 31
0.0
  0
LINE
  5
A6C
330
17
100
AcDbEntity
  8
vidrio
100
AcDbLine
 10
23.875000000000004
 20
1.5499999999999992
 30
0.0
 11
23.875000000000004
 21
2.4500000000000015
 31
0.0
  0
LINE
  5
A6D
330
17
100
AcDbEntity
  8
carpinteria
100
AcDbLine
 10
23.750000000000004
 20
1.5499999999999992
 30
0.0
 11
24.0
 21
1.5499999999999992
 31
0.0
  0
LINE
  5
A6E
330
17
100
AcDbEntity
  8
carpinteria
100
AcDbLine
 10
23.750000000000004
 20
2.4500000000000015
 30
0.0
 11
24.0
 21
2.4500000000000015
 31
0.0
  0
LWPOLYLINE
  5
A6F
330
17
100
AcDbEntity
  8
fondo
100
AcDbPolyline
 90
4
 70
1
 10
0.0
 20
1.3999999999999992
 10
0.24999999999999856
 20
1.3999999999999992
 10
0.24999999999999856
 20
2.6000000000000014
 10
0.0
 20
2.6000000000000014
  0
LINE
  5
A70
330
17
100
AcDbEntity
  8
hatch
100
AcDbLine
 10
0.037867965644034274
 20
1.399999999999999
 30
0.0
 11
0.24999999999999856
 21
1.6121320343559633
 31
0.0
  0
LINE
  5
A71
330
17
100
AcDbEntity
  8
hatch
100
AcDbLine
 10
1.1102230246251565e-16
 20
1.574264068711929
 30
0.0
 11
0.24999999999999867
 21
1.8242640687119276
 31
0.0
  0
LINE
  5
A72
330
17
100
AcDbEntity
  8
hatch
100
AcDbLine
 10
1.1102230246251565e-16
 20
1.7863961030678932
 30
0.0
 11
0.24999999999999845
 21
2.036396103067892
 31
0.0
  0
LINE
  5
A73
330
17
100
AcDbEntity
  8
hatch
100
AcDbLine
 10
0.0
 20
1.9985281374238575
 30
0.0
 11
0.24999999999999867
 21
2.248528137423856
 31
0.0
  0
LINE
  5
A74
330
17
100
AcDbEntity
  8
hatch
100
AcDbLine
 10
2.220446049250313e-16
 20
2.210660171779822
 30
0.0
 11
0.24999999999999845
 21
2.4606601717798204
 31
0.0
  0
LINE
  5
A75
330
17
100
AcDbEntity
  8
hatch
100
AcDbLine
 10
0.0
 20
2.422792206135786
 30
0.0
 11
0.17720779386421515
 21
2.6000000000000014
 31
0.0
  0
LINE
  5
A76
330
17
100
AcDbEntity
  8
carpinteria
100
AcDbLine
 10
0.0
 20
1.3999999999999992
 30
0.0
 11
0.0
 21
2.6000000000000014
 31
0.0
  0
LINE
  5
A77
330
17
100
AcDbEntity
  8
carpinteria
100
AcDbLine
 10
0.24999999999999856
 20
1.3999999999999992
 30
0.0
 11
0.24999999999999856
 21
2.6000000000000014
 31
0.0
  0
LINE
  5
A78
330
17
100
AcDbEntity
  8
vidrio
100
AcDbLine
 10
0.12500000000000142
 20
1.3999999999999992
 30
0.0
 11
0.12500000000000142
 21
2.6000000000000014
 31
0.0
  0
LINE
  5
A79
330
17
100
AcDbEntity
  8
carpinteria
100
AcDbLine
 10
0.0
 20
1.3999999999999992
 30
0.0
 11
0.24999999999999856
 21
1.3999999999999992
 31
0.0
  0
LINE
  5
A7A
330
17
100
AcDbEntity
  8
carpinteria
100
AcDbLine
 10
0.0
 20
2.6000000000000014
 30
0.0
 11
0.24999999999999856
 21
2.6000000000000014
 31
0.0
  0
LWPOLYLINE
  5
A7B
330
17
100
AcDbEntity
  8
fondo
100
AcDbPolyline
 90
4
 70
1
 10
0.0
 20
6.950000000000001
 10
0.24999999999999856
 20
6.950000000000001
 10
0.24999999999999856
 20
8.15
 10
0.0
 20
8.15
  0
LINE
  5
A7C
330
17
100
AcDbEntity
  8
hatch
100
AcDbLine
 10
0.03786796564403305
 20
6.950000000000001
 30
0.0
 11
0.24999999999999822
 21
7.162132034355965
 31
0.0
  0
LINE
  5
A7D
330
17
100
AcDbEntity
  8
hatch
100
AcDbLine
 10
0.0
 20
7.1242640687119305
 30
0.0
 11
0.24999999999999822
 21
7.374264068711929
 31
0.0
  0
LINE
  5
A7E
330
17
100
AcDbEntity
  8
hatch
100
AcDbLine
 10
0.0
 20
7.336396103067896
 30
0.0
 11
0.24999999999999822
 21
7.586396103067894
 31
0.0
  0
LINE
  5
A7F
330
17
100
AcDbEntity
  8
hatch
100
AcDbLine
 10
0.0
 20
7.548528137423858
 30
0.0
 11
0.24999999999999778
 21
7.798528137423857
 31
0.0
  0
LINE
  5
A80
330
17
100
AcDbEntity
  8
hatch
100
AcDbLine
 10
0.0
 20
7.760660171779824
 30
0.0
 11
0.24999999999999822
 21
8.010660171779822
 31
0.0
  0
LINE
  5
A81
330
17
100
AcDbEntity
  8
hatch
100
AcDbLine
 10
0.0
 20
7.972792206135788
 30
0.0
 11
0.17720779386421404
 21
8.15
 31
0.0
  0
LINE
  5
A82
330
17
100
AcDbEntity
  8
carpinteria
100
AcDbLine
 10
0.0
 20
6.950000000000001
 30
0.0
 11
0.0
 21
8.15
 31
0.0
  0
LINE
  5
A83
330
17
100
AcDbEntity
  8
carpinteria
100
AcDbLine
 10
0.24999999999999856
 20
6.950000000000001
 30
0.0
 11
0.24999999999999856
 21
8.15
 31
0.0
  0
LINE
  5
A84
330
17
100
AcDbEntity
  8
vidrio
100
AcDbLine
 10
0.12500000000000142
 20
6.950000000000001
 30
0.0
 11
0.12500000000000142
 21
8.15
 31
0.0
  0
LINE
  5
A85
330
17
100
AcDbEntity
  8
carpinteria
100
AcDbLine
 10
0.0
 20
6.950000000000001
 30
0.0
 11
0.24999999999999856
 21
6.950000000000001
 31
0.0
  0
LINE
  5
A86
330
17
100
AcDbEntity
  8
carpinteria
100
AcDbLine
 10
0.0
 20
8.15
 30
0.0
 11
0.24999999999999856
 21
8.15
 31
0.0
  0
LWPOLYLINE
  5
A87
330
17
100
AcDbEntity
  8
fondo
100
AcDbPolyline
 90
4
 70
1
 10
1.4000000000000015
 20
3.799999999999999
 10
2.300000000000001
 20
3.799999999999999
 10
2.300000000000001
 20
3.950000000000001
 10
1.4000000000000015
 20
3.950000000000001
  0
LINE
  5
A88
330
17
100
AcDbEntity
  8
hatch
100
AcDbLine
 10
2.087867965644037
 20
3.799999999999999
 30
0.0
 11
2.237867965644039
 21
3.9500000000000015
 31
0.0
  0
LINE
  5
A89
330
17
100
AcDbEntity
  8
hatch
100
AcDbLine
 10
1.8757359312880721
 20
3.799999999999999
 30
0.0
 11
2.025735931288075
 21
3.950000000000002
 31
0.0
  0
LINE
  5
A8A
330
17
100
AcDbEntity
  8
hatch
100
AcDbLine
 10
1.6636038969321085
 20
3.7999999999999994
 30
0.0
 11
1.8136038969321107
 21
3.9500000000000015
 31
0.0
  0
LINE
  5
A8B
330
17
100
AcDbEntity
  8
hatch
100
AcDbLine
 10
1.451471862576144
 20
3.799999999999999
 30
0.0
 11
1.6014718625761466
 21
3.950000000000002
 31
0.0
  0
LINE
  5
A8C
330
17
100
AcDbEntity
  8
carpinteria
100
AcDbLine
 10
1.4000000000000015
 20
3.8750000000000013
 30
0.0
 11
1.4000000000000015
 21
2.9750000000000014
 31
0.0
  0
LWPOLYLINE
  5
A8D
330
17
100
AcDbEntity
  8
carpinteria
100
AcDbPolyline
 90
15
 70
0
 10
1.4000000000000015
 20
2.9750000000000014
 10
1.2992319715070224
 20
2.980659011096082
 10
1.1997311594393152
 20
2.9975648790363576
 10
1.1027488442403508
 20
3.025505002722469
 10
1.0095046347941958
 20
3.0641280188878226
 10
0.9211711311361994
 20
3.112948220694544
 10
0.8388591783271409
 20
3.1713516657787735
 10
0.7636038969321077
 20
3.2386038969321076
 10
0.6963516657787735
 20
3.3138591783271405
 10
0.6379482206945439
 20
3.3961711311361973
 10
0.5891280188878226
 20
3.484504634794198
 10
0.5505050027224712
 20
3.5777488442403484
 10
0.5225648790363578
 20
3.6747311594393173
 10
0.5056590110960798
 20
3.7742319715070223
 10
0.5000000000000014
 20
3.8750000000000013
  0
LINE
  5
A8E
330
17
100
AcDbEntity
  8
carpinteria
100
AcDbLine
 10
1.4000000000000015
 20
3.8750000000000013
 30
0.0
 11
1.4000000000000015
 21
3.8750000000000013
 31
0.0
  0
LWPOLYLINE
  5
A8F
330
17
100
AcDbEntity
  8
fondo
100
AcDbPolyline
 90
4
 70
1
 10
4.750000000000003
 20
3.799999999999999
 10
5.650000000000003
 20
3.799999999999999
 10
5.650000000000003
 20
3.950000000000001
 10
4.750000000000003
 20
3.950000000000001
  0
LINE
  5
A90
330
17
100
AcDbEntity
  8
hatch
100
AcDbLine
 10
5.437867965644039
 20
3.799999999999999
 30
0.0
 11
5.587867965644041
 21
3.950000000000001
 31
0.0
  0
LINE
  5
A91
330
17
100
AcDbEntity
  8
hatch
100
AcDbLine
 10
5.2257359312880745
 20
3.7999999999999985
 30
0.0
 11
5.375735931288077
 21
3.9500000000000015
 31
0.0
  0
LINE
  5
A92
330
17
100
AcDbEntity
  8
hatch
100
AcDbLine
 10
5.01360389693211
 20
3.7999999999999994
 30
0.0
 11
5.163603896932113
 21
3.9500000000000015
 31
0.0
  0
LINE
  5
A93
330
17
100
AcDbEntity
  8
hatch
100
AcDbLine
 10
4.801471862576147
 20
3.8
 30
0.0
 11
4.951471862576148
 21
3.950000000000001
 31
0.0
  0
LINE
  5
A94
330
17
100
AcDbEntity
  8
carpinteria
100
AcDbLine
 10
4.750000000000003
 20
3.8750000000000013
 30
0.0
 11
4.750000000000003
 21
2.9750000000000014
 31
0.0
  0
LWPOLYLINE
  5
A95
330
17
100
AcDbEntity
  8
carpinteria
100
AcDbPolyline
 90
15
 70
0
 10
4.750000000000003
 20
2.9750000000000014
 10
4.649231971507024
 20
2.980659011096082
 10
4.549731159439321
 20
2.9975648790363576
 10
4.452748844240352
 20
3.025505002722469
 10
4.359504634794197
 20
3.0641280188878226
 10
4.271171131136197
 20
3.112948220694544
 10
4.188859178327138
 20
3.1713516657787735
 10
4.113603896932105
 20
3.2386038969321076
 10
4.046351665778775
 20
3.3138591783271405
 10
3.987948220694545
 20
3.3961711311361973
 10
3.9391280188878195
 20
3.484504634794198
 10
3.9005050027224684
 20
3.5777488442403484
 10
3.872564879036355
 20
3.6747311594393173
 10
3.855659011096085
 20
3.7742319715070223
 10
3.8500000000000028
 20
3.8750000000000013
  0
LINE
  5
A96
330
17
100
AcDbEntity
  8
carpinteria
100
AcDbLine
 10
4.750000000000003
 20
3.8750000000000013
 30
0.0
 11
4.750000000000003
 21
3.8750000000000013
 31
0.0
  0
LWPOLYLINE
  5
A97
330
17
100
AcDbEntity
  8
fondo
100
AcDbPolyline
 90
4
 70
1
 10
8.1
 20
3.799999999999999
 10
9.0
 20
3.799999999999999
 10
9.0
 20
3.950000000000001
 10
8.1
 20
3.950000000000001
  0
LINE
  5
A98
330
17
100
AcDbEntity
  8
hatch
100
AcDbLine
 10
8.787867965644036
 20
3.7999999999999985
 30
0.0
 11
8.937867965644038
 21
3.9500000000000006
 31
0.0
  0
LINE
  5
A99
330
17
100
AcDbEntity
  8
hatch
100
AcDbLine
 10
8.575735931288072
 20
3.7999999999999985
 30
0.0
 11
8.725735931288074
 21
3.9500000000000006
 31
0.0
  0
LINE
  5
A9A
330
17
100
AcDbEntity
  8
hatch
100
AcDbLine
 10
8.363603896932108
 20
3.7999999999999994
 30
0.0
 11
8.51360389693211
 21
3.9500000000000015
 31
0.0
  0
LINE
  5
A9B
330
17
100
AcDbEntity
  8
hatch
100
AcDbLine
 10
8.151471862576143
 20
3.799999999999999
 30
0.0
 11
8.301471862576145
 21
3.950000000000001
 31
0.0
  0
LINE
  5
A9C
330
17
100
AcDbEntity
  8
carpinteria
100
AcDbLine
 10
8.1
 20
3.8750000000000013
 30
0.0
 11
8.1
 21
2.9750000000000014
 31
0.0
  0
LWPOLYLINE
  5
A9D
330
17
100
AcDbEntity
  8
carpinteria
100
AcDbPolyline
 90
15
 70
0
 10
8.1
 20
2.9750000000000014
 10
7.999231971507021
 20
2.980659011096082
 10
7.899731159439318
 20
2.9975648790363576
 10
7.802748844240349
 20
3.025505002722469
 10
7.709504634794203
 20
3.0641280188878226
 10
7.621171131136202
 20
3.112948220694544
 10
7.538859178327144
 20
3.1713516657787735
 10
7.46360389693211
 20
3.2386038969321076
 10
7.396351665778772
 20
3.3138591783271405
 10
7.3379482206945505
 20
3.3961711311361973
 10
7.289128018887825
 20
3.484504634794198
 10
7.250505002722473
 20
3.5777488442403484
 10
7.22256487903636
 20
3.6747311594393173
 10
7.205659011096082
 20
3.7742319715070223
 10
7.199999999999999
 20
3.8750000000000013
  0
LINE
  5
A9E
330
17
100
AcDbEntity
  8
carpinteria
100
AcDbLine
 10
8.1
 20
3.8750000000000013
 30
0.0
 11
8.1
 21
3.8750000000000013
 31
0.0
  0
LWPOLYLINE
  5
A9F
330
17
100
AcDbEntity
  8
fondo
100
AcDbPolyline
 90
4
 70
1
 10
11.450000000000005
 20
3.799999999999999
 10
12.349999999999996
 20
3.799999999999999
 10
12.349999999999996
 20
3.950000000000001
 10
11.450000000000005
 20
3.950000000000001
  0
LINE
  5
AA0
330
17
100
AcDbEntity
  8
hatch
100
AcDbLine
 10
12.13786796564403
 20
3.799999999999999
 30
0.0
 11
12.287867965644033
 21
3.950000000000002
 31
0.0
  0
LINE
  5
AA1
330
17
100
AcDbEntity
  8
hatch
100
AcDbLine
 10
11.925735931288067
 20
3.799999999999999
 30
0.0
 11
12.075735931288069
 21
3.95
 31
0.0
  0
LINE
  5
AA2
330
17
100
AcDbEntity
  8
hatch
100
AcDbLine
 10
11.713603896932103
 20
3.8000000000000003
 30
0.0
 11
11.863603896932105
 21
3.9500000000000024
 31
0.0
  0
LINE
  5
AA3
330
17
100
AcDbEntity
  8
hatch
100
AcDbLine
 10
11.501471862576139
 20
3.799999999999999
 30
0.0
 11
11.651471862576141
 21
3.950000000000001
 31
0.0
  0
LINE
  5
AA4
330
17
100
AcDbEntity
  8
carpinteria
100
AcDbLine
 10
11.450000000000005
 20
3.8750000000000013
 30
0.0
 11
11.450000000000005
 21
2.9750000000000014
 31
0.0
  0
LWPOLYLINE
  5
AA5
330
17
100
AcDbEntity
  8
carpinteria
100
AcDbPolyline
 90
15
 70
0
 10
11.450000000000005
 20
2.9750000000000014
 10
11.349231971507026
 20
2.980659011096082
 10
11.249731159439316
 20
2.9975648790363576
 10
11.152748844240346
 20
3.025505002722469
 10
11.0595046347942
 20
3.0641280188878226
 10
10.971171131136199
 20
3.112948220694544
 10
10.88885917832714
 20
3.1713516657787735
 10
10.813603896932108
 20
3.2386038969321076
 10
10.746351665778777
 20
3.3138591783271405
 10
10.687948220694548
 20
3.3961711311361973
 10
10.639128018887822
 20
3.484504634794198
 10
10.600505002722471
 20
3.5777488442403484
 10
10.572564879036358
 20
3.6747311594393173
 10
10.555659011096088
 20
3.7742319715070223
 10
10.550000000000006
 20
3.8750000000000013
  0
LINE
  5
AA6
330
17
100
AcDbEntity
  8
carpinteria
100
AcDbLine
 10
11.450000000000005
 20
3.8750000000000013
 30
0.0
 11
11.450000000000005
 21
3.8750000000000013
 31
0.0
  0
LWPOLYLINE
  5
AA7
330
17
100
AcDbEntity
  8
fondo
100
AcDbPolyline
 90
4
 70
1
 10
1.4000000000000015
 20
5.649999999999999
 10
2.300000000000001
 20
5.649999999999999
 10
2.300000000000001
 20
5.799999999999998
 10
1.4000000000000015
 20
5.799999999999998
  0
LINE
  5
AA8
330
17
100
AcDbEntity
  8
hatch
100
AcDbLine
 10
2.087867965644037
 20
5.649999999999999
 30
0.0
 11
2.2378679656440363
 21
5.799999999999997
 31
0.0
  0
LINE
  5
AA9
330
17
100
AcDbEntity
  8
hatch
100
AcDbLine
 10
1.8757359312880726
 20
5.649999999999999
 30
0.0
 11
2.0257359312880725
 21
5.799999999999998
 31
0.0
  0
LINE
  5
AAA
330
17
100
AcDbEntity
  8
hatch
100
AcDbLine
 10
1.6636038969321079
 20
5.649999999999999
 30
0.0
 11
1.8136038969321069
 21
5.799999999999998
 31
0.0
  0
LINE
  5
AAB
330
17
100
AcDbEntity
  8
hatch
100
AcDbLine
 10
1.451471862576144
 20
5.649999999999999
 30
0.0
 11
1.601471862576143
 21
5.799999999999998
 31
0.0
  0
LINE
  5
AAC
330
17
100
AcDbEntity
  8
carpinteria
100
AcDbLine
 10
1.4000000000000015
 20
5.724999999999999
 30
0.0
 11
1.4000000000000015
 21
6.625
 31
0.0
  0
LWPOLYLINE
  5
AAD
330
17
100
AcDbEntity
  8
carpinteria
100
AcDbPolyline
 90
15
 70
0
 10
1.4000000000000015
 20
6.625
 10
1.500768028492976
 20
6.619340988903918
 10
1.600268840560683
 20
6.602435120963642
 10
1.697251155759652
 20
6.574494997277533
 10
1.7904953652058024
 20
6.535871981112177
 10
1.8788288688638033
 20
6.487051779305456
 10
1.9611408216728619
 20
6.428648334221226
 10
2.036396103067895
 20
6.361396103067892
 10
2.103648334221229
 20
6.286140821672859
 10
2.1620517793054543
 20
6.203828868863802
 10
2.210871981112176
 20
6.115495365205802
 10
2.2494949972775315
 20
6.0222511557596485
 10
2.2774351209636405
 20
5.925268840560682
 10
2.294340988903919
 20
5.825768028492978
 10
2.300000000000001
 20
5.724999999999999
  0
LINE
  5
AAE
330
17
100
AcDbEntity
  8
carpinteria
100
AcDbLine
 10
1.4000000000000015
 20
5.724999999999999
 30
0.0
 11
1.4000000000000015
 21
5.724999999999999
 31
0.0
  0
LWPOLYLINE
  5
AAF
330
17
100
AcDbEntity
  8
fondo
100
AcDbPolyline
 90
4
 70
1
 10
4.750000000000003
 20
5.649999999999999
 10
5.650000000000003
 20
5.649999999999999
 10
5.650000000000003
 20
5.799999999999998
 10
4.750000000000003
 20
5.799999999999998
  0
LINE
  5
AB0
330
17
100
AcDbEntity
  8
hatch
100
AcDbLine
 10
5.437867965644039
 20
5.649999999999999
 30
0.0
 11
5.587867965644038
 21
5.799999999999997
 31
0.0
  0
LINE
  5
AB1
330
17
100
AcDbEntity
  8
hatch
100
AcDbLine
 10
5.225735931288075
 20
5.649999999999999
 30
0.0
 11
5.375735931288074
 21
5.799999999999997
 31
0.0
  0
LINE
  5
AB2
330
17
100
AcDbEntity
  8
hatch
100
AcDbLine
 10
5.013603896932111
 20
5.6499999999999995
 30
0.0
 11
5.163603896932109
 21
5.799999999999998
 31
0.0
  0
LINE
  5
AB3
330
17
100
AcDbEntity
  8
hatch
100
AcDbLine
 10
4.801471862576147
 20
5.6499999999999995
 30
0.0
 11
4.951471862576145
 21
5.799999999999998
 31
0.0
  0
LINE
  5
AB4
330
17
100
AcDbEntity
  8
carpinteria
100
AcDbLine
 10
4.750000000000003
 20
5.724999999999999
 30
0.0
 11
4.750000000000003
 21
6.625
 31
0.0
  0
LWPOLYLINE
  5
AB5
330
17
100
AcDbEntity
  8
carpinteria
100
AcDbPolyline
 90
15
 70
0
 10
4.750000000000003
 20
6.625
 10
4.850768028492973
 20
6.619340988903918
 10
4.9502688405606845
 20
6.602435120963642
 10
5.047251155759653
 20
6.574494997277533
 10
5.140495365205799
 20
6.535871981112177
 10
5.2288288688638005
 20
6.487051779305456
 10
5.311140821672859
 20
6.428648334221226
 10
5.386396103067892
 20
6.361396103067892
 10
5.4536483342212305
 20
6.286140821672859
 10
5.51205177930546
 20
6.203828868863802
 10
5.560871981112177
 20
6.115495365205802
 10
5.599494997277529
 20
6.0222511557596485
 10
5.627435120963642
 20
5.925268840560682
 10
5.64434098890392
 20
5.825768028492978
 10
5.650000000000003
 20
5.724999999999999
  0
LINE
  5
AB6
330
17
100
AcDbEntity
  8
carpinteria
100
AcDbLine
 10
4.750000000000003
 20
5.724999999999999
 30
0.0
 11
4.750000000000003
 21
5.724999999999999
 31
0.0
  0
LWPOLYLINE
  5
AB7
330
17
100
AcDbEntity
  8
fondo
100
AcDbPolyline
 90
4
 70
1
 10
8.1
 20
5.649999999999999
 10
9.0
 20
5.649999999999999
 10
9.0
 20
5.799999999999998
 10
8.1
 20
5.799999999999998
  0
LINE
  5
AB8
330
17
100
AcDbEntity
  8
hatch
100
AcDbLine
 10
8.787867965644036
 20
5.649999999999998
 30
0.0
 11
8.937867965644035
 21
5.799999999999997
 31
0.0
  0
LINE
  5
AB9
330
17
100
AcDbEntity
  8
hatch
100
AcDbLine
 10
8.575735931288072
 20
5.649999999999997
 30
0.0
 11
8.725735931288071
 21
5.799999999999997
 31
0.0
  0
LINE
  5
ABA
330
17
100
AcDbEntity
  8
hatch
100
AcDbLine
 10
8.363603896932108
 20
5.649999999999999
 30
0.0
 11
8.513603896932107
 21
5.799999999999998
 31
0.0
  0
LINE
  5
ABB
330
17
100
AcDbEntity
  8
hatch
100
AcDbLine
 10
8.151471862576143
 20
5.649999999999999
 30
0.0
 11
8.301471862576143
 21
5.799999999999998
 31
0.0
  0
LINE
  5
ABC
330
17
100
AcDbEntity
  8
carpinteria
100
AcDbLine
 10
8.1
 20
5.724999999999999
 30
0.0
 11
8.1
 21
6.625
 31
0.0
  0
LWPOLYLINE
  5
ABD
330
17
100
AcDbEntity
  8
carpinteria
100
AcDbPolyline
 90
15
 70
0
 10
8.1
 20
6.625
 10
8.200768028492979
 20
6.619340988903918
 10
8.300268840560681
 20
6.602435120963642
 10
8.39725115575965
 20
6.574494997277533
 10
8.490495365205804
 20
6.535871981112177
 10
8.578828868863805
 20
6.487051779305456
 10
8.661140821672864
 20
6.428648334221226
 10
8.736396103067898
 20
6.361396103067892
 10
8.803648334221228
 20
6.286140821672859
 10
8.862051779305457
 20
6.203828868863802
 10
8.910871981112182
 20
6.115495365205802
 10
8.949494997277535
 20
6.0222511557596485
 10
8.977435120963639
 20
5.925268840560682
 10
8.994340988903916
 20
5.825768028492978
 10
9.0
 20
5.724999999999999
  0
LINE
  5
ABE
330
17
100
AcDbEntity
  8
carpinteria
100
AcDbLine
 10
8.1
 20
5.724999999999999
 30
0.0
 11
8.1
 21
5.724999999999999
 31
0.0
  0
LWPOLYLINE
  5
ABF
330
17
100
AcDbEntity
  8
fondo
100
AcDbPolyline
 90
4
 70
1
 10
11.450000000000005
 20
5.649999999999999
 10
12.349999999999996
 20
5.649999999999999
 10
12.349999999999996
 20
5.799999999999998
 10
11.450000000000005
 20
5.799999999999998
  0
LINE
  5
AC0
330
17
100
AcDbEntity
  8
hatch
100
AcDbLine
 10
12.137867965644032
 20
5.649999999999999
 30
0.0
 11
12.28786796564403
 21
5.799999999999997
 31
0.0
  0
LINE
  5
AC1
330
17
100
AcDbEntity
  8
hatch
100
AcDbLine
 10
11.925735931288068
 20
5.649999999999999
 30
0.0
 11
12.075735931288067
 21
5.799999999999997
 31
0.0
  0
LINE
  5
AC2
330
17
100
AcDbEntity
  8
hatch
100
AcDbLine
 10
11.713603896932105
 20
5.649999999999999
 30
0.0
 11
11.863603896932103
 21
5.799999999999999
 31
0.0
  0
LINE
  5
AC3
330
17
100
AcDbEntity
  8
hatch
100
AcDbLine
 10
11.50147186257614
 20
5.649999999999999
 30
0.0
 11
11.651471862576141
 21
5.799999999999999
 31
0.0
  0
LINE
  5
AC4
330
17
100
AcDbEntity
  8
carpinteria
100
AcDbLine
 10
11.450000000000005
 20
5.724999999999999
 30
0.0
 11
11.450000000000005
 21
6.625
 31
0.0
  0
LWPOLYLINE
  5
AC5
330
17
100
AcDbEntity
  8
carpinteria
100
AcDbPolyline
 90
15
 70
0
 10
11.450000000000005
 20
6.625
 10
11.550768028492977
 20
6.619340988903918
 10
11.650268840560686
 20
6.602435120963642
 10
11.747251155759647
 20
6.574494997277533
 10
11.840495365205802
 20
6.535871981112177
 10
11.928828868863803
 20
6.487051779305456
 10
12.01114082167286
 20
6.428648334221226
 10
12.086396103067894
 20
6.361396103067892
 10
12.153648334221224
 20
6.286140821672859
 10
12.212051779305455
 20
6.203828868863802
 10
12.26087198111218
 20
6.115495365205802
 10
12.299494997277531
 20
6.0222511557596485
 10
12.327435120963644
 20
5.925268840560682
 10
12.344340988903923
 20
5.825768028492978
 10
12.350000000000005
 20
5.724999999999999
  0
LINE
  5
AC6
330
17
100
AcDbEntity
  8
carpinteria
100
AcDbLine
 10
11.450000000000005
 20
5.724999999999999
 30
0.0
 11
11.450000000000005
 21
5.724999999999999
 31
0.0
  0
LWPOLYLINE
  5
AC7
330
17
100
AcDbEntity
  8
fondo
100
AcDbPolyline
 90
4
 70
1
 10
14.674999999999997
 20
3.799999999999999
 10
15.475000000000001
 20
3.799999999999999
 10
15.475000000000001
 20
3.950000000000001
 10
14.674999999999997
 20
3.950000000000001
  0
LINE
  5
AC8
330
17
100
AcDbEntity
  8
hatch
100
AcDbLine
 10
15.262867965644038
 20
3.799999999999999
 30
0.0
 11
15.41286796564404
 21
3.950000000000001
 31
0.0
  0
LINE
  5
AC9
330
17
100
AcDbEntity
  8
hatch
100
AcDbLine
 10
15.050735931288074
 20
3.799999999999999
 30
0.0
 11
15.200735931288076
 21
3.950000000000001
 31
0.0
  0
LINE
  5
ACA
330
17
100
AcDbEntity
  8
hatch
100
AcDbLine
 10
14.83860389693211
 20
3.799999999999999
 30
0.0
 11
14.988603896932112
 21
3.950000000000001
 31
0.0
  0
LINE
  5
ACB
330
17
100
AcDbEntity
  8
hatch
100
AcDbLine
 10
14.674999999999997
 20
3.84852813742385
 30
0.0
 11
14.776471862576148
 21
3.950000000000003
 31
0.0
  0
LINE
  5
ACC
330
17
100
AcDbEntity
  8
carpinteria
100
AcDbLine
 10
14.674999999999997
 20
3.8750000000000013
 30
0.0
 11
14.674999999999997
 21
3.0749999999999997
 31
0.0
  0
LWPOLYLINE
  5
ACD
330
17
100
AcDbEntity
  8
carpinteria
100
AcDbPolyline
 90
15
 70
0
 10
14.674999999999997
 20
3.0749999999999997
 10
14.764571580882645
 20
3.0800302320854063
 10
14.85301674716505
 20
3.095057670254542
 10
14.939223249564137
 20
3.1198933357533054
 10
15.022106991294045
 20
3.1542249056780647
 10
15.10062566121227
 20
3.1976206406173735
 10
15.173791841486985
 20
3.249534814025577
 10
15.240685424949236
 20
3.3093145750507613
 10
15.300465185974424
 20
3.376208158513013
 10
15.352379359382626
 20
3.4493743387877314
 10
15.395775094321934
 20
3.527893008705954
 10
15.430106664246699
 20
3.610776750435866
 10
15.45494232974546
 20
3.696983252834949
 10
15.469969767914593
 20
3.7854284191173533
 10
15.474999999999994
 20
3.8750000000000013
  0
LINE
  5
ACE
330
17
100
AcDbEntity
  8
carpinteria
100
AcDbLine
 10
14.674999999999997
 20
3.8750000000000013
 30
0.0
 11
14.674999999999997
 21
3.8750000000000013
 31
0.0
  0
LWPOLYLINE
  5
ACF
330
17
100
AcDbEntity
  8
fondo
100
AcDbPolyline
 90
4
 70
1
 10
14.674999999999997
 20
5.649999999999999
 10
15.475000000000001
 20
5.649999999999999
 10
15.475000000000001
 20
5.799999999999998
 10
14.674999999999997
 20
5.799999999999998
  0
LINE
  5
AD0
330
17
100
AcDbEntity
  8
hatch
100
AcDbLine
 10
15.262867965644038
 20
5.6499999999999995
 30
0.0
 11
15.412867965644036
 21
5.799999999999998
 31
0.0
  0
LINE
  5
AD1
330
17
100
AcDbEntity
  8
hatch
100
AcDbLine
 10
15.050735931288074
 20
5.649999999999999
 30
0.0
 11
15.200735931288072
 21
5.799999999999997
 31
0.0
  0
LINE
  5
AD2
330
17
100
AcDbEntity
  8
hatch
100
AcDbLine
 10
14.838603896932108
 20
5.649999999999998
 30
0.0
 11
14.988603896932108
 21
5.799999999999998
 31
0.0
  0
LINE
  5
AD3
330
17
100
AcDbEntity
  8
hatch
100
AcDbLine
 10
14.674999999999995
 20
5.698528137423851
 30
0.0
 11
14.776471862576145
 21
5.799999999999998
 31
0.0
  0
LINE
  5
AD4
330
17
100
AcDbEntity
  8
carpinteria
100
AcDbLine
 10
14.674999999999997
 20
5.724999999999999
 30
0.0
 11
14.674999999999997
 21
6.5249999999999995
 31
0.0
  0
LWPOLYLINE
  5
AD5
330
17
100
AcDbEntity
  8
carpinteria
100
AcDbPolyline
 90
15
 70
0
 10
14.674999999999997
 20
6.5249999999999995
 10
14.585428419117356
 20
6.519969767914596
 10
14.496983252834951
 20
6.504942329745457
 10
14.410776750435865
 20
6.480106664246692
 10
14.327893008705956
 20
6.4457750943219345
 10
14.249374338787732
 20
6.402379359382628
 10
14.176208158513008
 20
6.350465185974422
 10
14.109314575050757
 20
6.290685424949238
 10
14.049534814025577
 20
6.223791841486986
 10
13.997620640617367
 20
6.150625661212268
 10
13.954224905678068
 20
6.072106991294046
 10
13.919893335753303
 20
5.989223249564134
 10
13.895057670254541
 20
5.903016747165051
 10
13.880030232085408
 20
5.814571580882647
 10
13.875
 20
5.724999999999999
  0
LINE
  5
AD6
330
17
100
AcDbEntity
  8
carpinteria
100
AcDbLine
 10
14.674999999999997
 20
5.724999999999999
 30
0.0
 11
14.674999999999997
 21
5.724999999999999
 31
0.0
  0
LWPOLYLINE
  5
AD7
330
17
100
AcDbEntity
  8
fondo
100
AcDbPolyline
 90
4
 70
1
 10
21.525
 20
3.799999999999999
 10
22.425
 20
3.799999999999999
 10
22.425
 20
3.950000000000001
 10
21.525
 20
3.950000000000001
  0
LINE
  5
AD8
330
17
100
AcDbEntity
  8
hatch
100
AcDbLine
 10
22.212867965644033
 20
3.799999999999997
 30
0.0
 11
22.362867965644035
 21
3.9499999999999993
 31
0.0
  0
LINE
  5
AD9
330
17
100
AcDbEntity
  8
hatch
100
AcDbLine
 10
22.00073593128807
 20
3.799999999999997
 30
0.0
 11
22.150735931288075
 21
3.9499999999999993
 31
0.0
  0
LINE
  5
ADA
330
17
100
AcDbEntity
  8
hatch
100
AcDbLine
 10
21.78860389693211
 20
3.799999999999999
 30
0.0
 11
21.938603896932108
 21
3.950000000000001
 31
0.0
  0
LINE
  5
ADB
330
17
100
AcDbEntity
  8
hatch
100
AcDbLine
 10
21.576471862576142
 20
3.799999999999999
 30
0.0
 11
21.726471862576147
 21
3.950000000000001
 31
0.0
  0
LINE
  5
ADC
330
17
100
AcDbEntity
  8
carpinteria
100
AcDbLine
 10
21.525
 20
3.8750000000000013
 30
0.0
 11
21.525
 21
2.9750000000000014
 31
0.0
  0
LWPOLYLINE
  5
ADD
330
17
100
AcDbEntity
  8
carpinteria
100
AcDbPolyline
 90
15
 70
0
 10
21.525
 20
2.9750000000000014
 10
21.625768028492978
 20
2.980659011096082
 10
21.72526884056068
 20
2.9975648790363576
 10
21.82225115575966
 20
3.025505002722469
 10
21.915495365205803
 20
3.0641280188878226
 10
22.003828868863806
 20
3.112948220694544
 10
22.086140821672863
 20
3.1713516657787735
 10
22.161396103067897
 20
3.2386038969321076
 10
22.228648334221237
 20
3.3138591783271405
 10
22.287051779305457
 20
3.3961711311361973
 10
22.33587198111218
 20
3.484504634794198
 10
22.374494997277534
 20
3.5777488442403507
 10
22.40243512096365
 20
3.6747311594393173
 10
22.419340988903915
 20
3.7742319715070223
 10
22.425
 20
3.8750000000000013
  0
LINE
  5
ADE
330
17
100
AcDbEntity
  8
carpinteria
100
AcDbLine
 10
21.525
 20
3.8750000000000013
 30
0.0
 11
21.525
 21
3.8750000000000013
 31
0.0
  0
LWPOLYLINE
  5
ADF
330
17
100
AcDbEntity
  8
fondo
100
AcDbPolyline
 90
4
 70
1
 10
21.375
 20
5.649999999999999
 10
22.575
 20
5.649999999999999
 10
22.575
 20
5.799999999999998
 10
21.375
 20
5.799999999999998
  0
LINE
  5
AE0
330
17
100
AcDbEntity
  8
hatch
100
AcDbLine
 10
22.362867965644035
 20
5.649999999999999
 30
0.0
 11
22.512867965644034
 21
5.799999999999999
 31
0.0
  0
LINE
  5
AE1
330
17
100
AcDbEntity
  8
hatch
100
AcDbLine
 10
22.150735931288068
 20
5.65
 30
0.0
 11
22.300735931288067
 21
5.799999999999999
 31
0.0
  0
LINE
  5
AE2
330
17
100
AcDbEntity
  8
hatch
100
AcDbLine
 10
21.938603896932108
 20
5.649999999999999
 30
0.0
 11
22.088603896932106
 21
5.800000000000001
 31
0.0
  0
LINE
  5
AE3
330
17
100
AcDbEntity
  8
hatch
100
AcDbLine
 10
21.72647186257614
 20
5.649999999999999
 30
0.0
 11
21.876471862576143
 21
5.799999999999999
 31
0.0
  0
LINE
  5
AE4
330
17
100
AcDbEntity
  8
hatch
100
AcDbLine
 10
21.514339828220177
 20
5.649999999999997
 30
0.0
 11
21.664339828220175
 21
5.799999999999997
 31
0.0
  0
LINE
  5
AE5
330
17
100
AcDbEntity
  8
hatch
100
AcDbLine
 10
21.375
 20
5.722792206135787
 30
0.0
 11
21.45220779386421
 21
5.799999999999998
 31
0.0
  0
LINE
  5
AE6
330
17
100
AcDbEntity
  8
carpinteria
100
AcDbLine
 10
21.375
 20
5.724999999999999
 30
0.0
 11
21.375
 21
6.924999999999998
 31
0.0
  0
LWPOLYLINE
  5
AE7
330
17
100
AcDbEntity
  8
carpinteria
100
AcDbPolyline
 90
15
 70
0
 10
21.375
 20
6.924999999999998
 10
21.240642628676028
 20
6.917454651871889
 10
21.107974879252428
 20
6.894913494618187
 10
20.978665125653798
 20
6.857659996370041
 10
20.854339513058935
 20
6.806162641482903
 10
20.736561508181598
 20
6.741069039073941
 10
20.62681223776952
 20
6.663197778961637
 10
20.526471862576145
 20
6.573528137423858
 10
20.436802221038366
 20
6.473187762230481
 10
20.35893096092606
 20
6.363438491818403
 10
20.293837358517095
 20
6.24566048694107
 10
20.24234000362996
 20
6.121334874346199
 10
20.205086505381807
 20
5.992025120747578
 10
20.182545348128105
 20
5.859357371323971
 10
20.175
 20
5.724999999999999
  0
LINE
  5
AE8
330
17
100
AcDbEntity
  8
carpinteria
100
AcDbLine
 10
21.375
 20
5.724999999999999
 30
0.0
 11
21.375
 21
5.724999999999999
 31
0.0
  0
LWPOLYLINE
  5
AE9
330
17
100
AcDbEntity
  8
fondo
100
AcDbPolyline
 90
4
 70
1
 10
17.750000000000004
 20
3.799999999999999
 10
18.950000000000006
 20
3.799999999999999
 10
18.950000000000006
 20
3.950000000000001
 10
17.750000000000004
 20
3.950000000000001
  0
LINE
  5
AEA
330
17
100
AcDbEntity
  8
hatch
100
AcDbLine
 10
18.737867965644043
 20
3.799999999999999
 30
0.0
 11
18.887867965644045
 21
3.950000000000001
 31
0.0
  0
LINE
  5
AEB
330
17
100
AcDbEntity
  8
hatch
100
AcDbLine
 10
18.525735931288075
 20
3.8
 30
0.0
 11
18.67573593128808
 21
3.950000000000002
 31
0.0
  0
LINE
  5
AEC
330
17
100
AcDbEntity
  8
hatch
100
AcDbLine
 10
18.313603896932115
 20
3.8000000000000007
 30
0.0
 11
18.463603896932117
 21
3.950000000000003
 31
0.0
  0
LINE
  5
AED
330
17
100
AcDbEntity
  8
hatch
100
AcDbLine
 10
18.101471862576147
 20
3.799999999999999
 30
0.0
 11
18.251471862576153
 21
3.950000000000001
 31
0.0
  0
LINE
  5
AEE
330
17
100
AcDbEntity
  8
hatch
100
AcDbLine
 10
17.889339828220187
 20
3.8
 30
0.0
 11
18.039339828220186
 21
3.950000000000002
 31
0.0
  0
LINE
  5
AEF
330
17
100
AcDbEntity
  8
hatch
100
AcDbLine
 10
17.750000000000004
 20
3.8727922061357836
 30
0.0
 11
17.827207793864222
 21
3.950000000000002
 31
0.0
  0
LINE
  5
AF0
330
17
100
AcDbEntity
  8
carpinteria
100
AcDbLine
 10
17.750000000000004
 20
3.8750000000000013
 30
0.0
 11
17.750000000000004
 21
2.6749999999999994
 31
0.0
  0
LWPOLYLINE
  5
AF1
330
17
100
AcDbEntity
  8
carpinteria
100
AcDbPolyline
 90
15
 70
0
 10
17.750000000000004
 20
2.6749999999999994
 10
17.88435737132397
 20
2.68254534812811
 10
18.01702512074758
 20
2.705086505381812
 10
18.146334874346206
 20
2.742340003629959
 10
18.270660486941072
 20
2.7938373585170964
 10
18.38843849181841
 20
2.8589309609260587
 10
18.498187762230476
 20
2.936802221038365
 10
18.59852813742386
 20
3.0264718625761415
 10
18.68819777896164
 20
3.126812237769519
 10
18.766069039073937
 20
3.2365615081815964
 10
18.83116264148291
 20
3.3543395130589317
 10
18.882659996370045
 20
3.4786651256537984
 10
18.91991349461819
 20
3.607974879252422
 10
18.94245465187189
 20
3.7406426286760315
 10
18.949999999999996
 20
3.8750000000000013
  0
LINE
  5
AF2
330
17
100
AcDbEntity
  8
carpinteria
100
AcDbLine
 10
17.750000000000004
 20
3.8750000000000013
 30
0.0
 11
17.750000000000004
 21
3.8750000000000013
 31
0.0
  0
LWPOLYLINE
  5
AF3
330
17
100
AcDbEntity
  8
mobiliario
100
AcDbPolyline
 90
4
 70
1
 10
0.3
 20
0.34999999999999926
 10
2.300000000000001
 20
0.34999999999999926
 10
2.300000000000001
 20
1.3499999999999999
 10
0.3
 20
1.3499999999999999
  0
LWPOLYLINE
  5
AF4
330
17
100
AcDbEntity
  8
mobiliario
100
AcDbPolyline
 90
4
 70
1
 10
0.3
 20
0.4000000000000007
 10
0.75
 20
0.4000000000000007
 10
0.75
 20
0.8999999999999999
 10
0.3
 20
0.8999999999999999
  0
LWPOLYLINE
  5
AF5
330
17
100
AcDbEntity
  8
mobiliario
100
AcDbPolyline
 90
4
 70
1
 10
0.3
 20
1.4500000000000006
 10
2.300000000000001
 20
1.4500000000000006
 10
2.300000000000001
 20
2.4500000000000015
 10
0.3
 20
2.4500000000000015
  0
LWPOLYLINE
  5
AF6
330
17
100
AcDbEntity
  8
mobiliario
100
AcDbPolyline
 90
4
 70
1
 10
0.3
 20
1.5
 10
0.75
 20
1.5
 10
0.75
 20
1.9999999999999991
 10
0.3
 20
1.9999999999999991
  0
LWPOLYLINE
  5
AF7
330
17
100
AcDbEntity
  8
mobiliario
100
AcDbPolyline
 90
4
 70
1
 10
2.3700000000000014
 20
1.3300000000000012
 10
2.77
 20
1.3300000000000012
 10
2.77
 20
1.630000000000001
 10
2.3700000000000014
 20
1.630000000000001
  0
LWPOLYLINE
  5
AF8
330
17
100
AcDbEntity
  8
mobiliario
100
AcDbPolyline
 90
4
 70
1
 10
2.1999999999999984
 20
3.049999999999999
 10
3.4000000000000026
 20
3.049999999999999
 10
3.4000000000000026
 20
3.649999999999999
 10
2.1999999999999984
 20
3.649999999999999
  0
LWPOLYLINE
  5
AF9
330
17
100
AcDbEntity
  8
mobiliario
100
AcDbPolyline
 90
4
 70
1
 10
2.1999999999999984
 20
2.2999999999999994
 10
3.4000000000000026
 20
2.2999999999999994
 10
3.4000000000000026
 20
2.899999999999999
 10
2.1999999999999984
 20
2.899999999999999
  0
LWPOLYLINE
  5
AFA
330
17
100
AcDbEntity
  8
mobiliario
100
AcDbPolyline
 90
4
 70
1
 10
2.7999999999999985
 20
1.95
 10
3.4000000000000026
 20
1.95
 10
3.4000000000000026
 20
3.75
 10
2.7999999999999985
 20
3.75
  0
LWPOLYLINE
  5
AFB
330
17
100
AcDbEntity
  8
mobiliario
100
AcDbPolyline
 90
4
 70
1
 10
3.649999999999997
 20
0.34999999999999926
 10
5.650000000000003
 20
0.34999999999999926
 10
5.650000000000003
 20
1.3499999999999999
 10
3.649999999999997
 20
1.3499999999999999
  0
LWPOLYLINE
  5
AFC
330
17
100
AcDbEntity
  8
mobiliario
100
AcDbPolyline
 90
4
 70
1
 10
3.649999999999997
 20
0.4000000000000007
 10
4.099999999999997
 20
0.4000000000000007
 10
4.099999999999997
 20
0.8999999999999999
 10
3.649999999999997
 20
0.8999999999999999
  0
LWPOLYLINE
  5
AFD
330
17
100
AcDbEntity
  8
mobiliario
100
AcDbPolyline
 90
4
 70
1
 10
3.649999999999997
 20
1.4500000000000006
 10
5.650000000000003
 20
1.4500000000000006
 10
5.650000000000003
 20
2.4500000000000015
 10
3.649999999999997
 20
2.4500000000000015
  0
LWPOLYLINE
  5
AFE
330
17
100
AcDbEntity
  8
mobiliario
100
AcDbPolyline
 90
4
 70
1
 10
3.649999999999997
 20
1.5
 10
4.099999999999997
 20
1.5
 10
4.099999999999997
 20
1.9999999999999991
 10
3.649999999999997
 20
1.9999999999999991
  0
LWPOLYLINE
  5
AFF
330
17
100
AcDbEntity
  8
mobiliario
100
AcDbPolyline
 90
4
 70
1
 10
5.719999999999999
 20
1.3300000000000012
 10
6.120000000000001
 20
1.3300000000000012
 10
6.120000000000001
 20
1.630000000000001
 10
5.719999999999999
 20
1.630000000000001
  0
LWPOLYLINE
  5
B00
330
17
100
AcDbEntity
  8
mobiliario
100
AcDbPolyline
 90
4
 70
1
 10
5.55
 20
3.049999999999999
 10
6.75
 20
3.049999999999999
 10
6.75
 20
3.649999999999999
 10
5.55
 20
3.649999999999999
  0
LWPOLYLINE
  5
B01
330
17
100
AcDbEntity
  8
mobiliario
100
AcDbPolyline
 90
4
 70
1
 10
5.55
 20
2.2999999999999994
 10
6.75
 20
2.2999999999999994
 10
6.75
 20
2.899999999999999
 10
5.55
 20
2.899999999999999
  0
LWPOLYLINE
  5
B02
330
17
100
AcDbEntity
  8
mobiliario
100
AcDbPolyline
 90
4
 70
1
 10
6.1499999999999995
 20
1.95
 10
6.75
 20
1.95
 10
6.75
 20
3.75
 10
6.1499999999999995
 20
3.75
  0
LWPOLYLINE
  5
B03
330
17
100
AcDbEntity
  8
mobiliario
100
AcDbPolyline
 90
4
 70
1
 10
7.000000000000003
 20
0.34999999999999926
 10
9.0
 20
0.34999999999999926
 10
9.0
 20
1.3499999999999999
 10
7.000000000000003
 20
1.3499999999999999
  0
LWPOLYLINE
  5
B04
330
17
100
AcDbEntity
  8
mobiliario
100
AcDbPolyline
 90
4
 70
1
 10
7.000000000000003
 20
0.4000000000000007
 10
7.450000000000003
 20
0.4000000000000007
 10
7.450000000000003
 20
0.8999999999999999
 10
7.000000000000003
 20
0.8999999999999999
  0
LWPOLYLINE
  5
B05
330
17
100
AcDbEntity
  8
mobiliario
100
AcDbPolyline
 90
4
 70
1
 10
7.000000000000003
 20
1.4500000000000006
 10
9.0
 20
1.4500000000000006
 10
9.0
 20
2.4500000000000015
 10
7.000000000000003
 20
2.4500000000000015
  0
LWPOLYLINE
  5
B06
330
17
100
AcDbEntity
  8
mobiliario
100
AcDbPolyline
 90
4
 70
1
 10
7.000000000000003
 20
1.5
 10
7.450000000000003
 20
1.5
 10
7.450000000000003
 20
1.9999999999999991
 10
7.000000000000003
 20
1.9999999999999991
  0
LWPOLYLINE
  5
B07
330
17
100
AcDbEntity
  8
mobiliario
100
AcDbPolyline
 90
4
 70
1
 10
9.070000000000004
 20
1.3300000000000012
 10
9.469999999999999
 20
1.3300000000000012
 10
9.469999999999999
 20
1.630000000000001
 10
9.070000000000004
 20
1.630000000000001
  0
LWPOLYLINE
  5
B08
330
17
100
AcDbEntity
  8
mobiliario
100
AcDbPolyline
 90
4
 70
1
 10
8.899999999999997
 20
3.049999999999999
 10
10.099999999999996
 20
3.049999999999999
 10
10.099999999999996
 20
3.649999999999999
 10
8.899999999999997
 20
3.649999999999999
  0
LWPOLYLINE
  5
B09
330
17
100
AcDbEntity
  8
mobiliario
100
AcDbPolyline
 90
4
 70
1
 10
8.899999999999997
 20
2.2999999999999994
 10
10.099999999999996
 20
2.2999999999999994
 10
10.099999999999996
 20
2.899999999999999
 10
8.899999999999997
 20
2.899999999999999
  0
LWPOLYLINE
  5
B0A
330
17
100
AcDbEntity
  8
mobiliario
100
AcDbPolyline
 90
4
 70
1
 10
9.499999999999996
 20
1.95
 10
10.099999999999996
 20
1.95
 10
10.099999999999996
 20
3.75
 10
9.499999999999996
 20
3.75
  0
LWPOLYLINE
  5
B0B
330
17
100
AcDbEntity
  8
mobiliario
100
AcDbPolyline
 90
4
 70
1
 10
10.35
 20
0.34999999999999926
 10
12.350000000000005
 20
0.34999999999999926
 10
12.350000000000005
 20
1.3499999999999999
 10
10.35
 20
1.3499999999999999
  0
LWPOLYLINE
  5
B0C
330
17
100
AcDbEntity
  8
mobiliario
100
AcDbPolyline
 90
4
 70
1
 10
10.35
 20
0.4000000000000007
 10
10.799999999999999
 20
0.4000000000000007
 10
10.799999999999999
 20
0.8999999999999999
 10
10.35
 20
0.8999999999999999
  0
LWPOLYLINE
  5
B0D
330
17
100
AcDbEntity
  8
mobiliario
100
AcDbPolyline
 90
4
 70
1
 10
10.35
 20
1.4500000000000006
 10
12.350000000000005
 20
1.4500000000000006
 10
12.350000000000005
 20
2.4500000000000015
 10
10.35
 20
2.4500000000000015
  0
LWPOLYLINE
  5
B0E
330
17
100
AcDbEntity
  8
mobiliario
100
AcDbPolyline
 90
4
 70
1
 10
10.35
 20
1.5
 10
10.799999999999999
 20
1.5
 10
10.799999999999999
 20
1.9999999999999991
 10
10.35
 20
1.9999999999999991
  0
LWPOLYLINE
  5
B0F
330
17
100
AcDbEntity
  8
mobiliario
100
AcDbPolyline
 90
4
 70
1
 10
12.420000000000002
 20
1.3300000000000012
 10
12.820000000000004
 20
1.3300000000000012
 10
12.820000000000004
 20
1.630000000000001
 10
12.420000000000002
 20
1.630000000000001
  0
LWPOLYLINE
  5
B10
330
17
100
AcDbEntity
  8
mobiliario
100
AcDbPolyline
 90
4
 70
1
 10
12.250000000000002
 20
3.049999999999999
 10
13.450000000000003
 20
3.049999999999999
 10
13.450000000000003
 20
3.649999999999999
 10
12.250000000000002
 20
3.649999999999999
  0
LWPOLYLINE
  5
B11
330
17
100
AcDbEntity
  8
mobiliario
100
AcDbPolyline
 90
4
 70
1
 10
12.250000000000002
 20
2.2999999999999994
 10
13.450000000000003
 20
2.2999999999999994
 10
13.450000000000003
 20
2.899999999999999
 10
12.250000000000002
 20
2.899999999999999
  0
LWPOLYLINE
  5
B12
330
17
100
AcDbEntity
  8
mobiliario
100
AcDbPolyline
 90
4
 70
1
 10
12.850000000000001
 20
1.95
 10
13.450000000000003
 20
1.95
 10
13.450000000000003
 20
3.75
 10
12.850000000000001
 20
3.75
  0
LWPOLYLINE
  5
B13
330
17
100
AcDbEntity
  8
mobiliario
100
AcDbPolyline
 90
4
 70
1
 10
0.3
 20
8.25
 10
2.300000000000001
 20
8.25
 10
2.300000000000001
 20
9.25
 10
0.3
 20
9.25
  0
LWPOLYLINE
  5
B14
330
17
100
AcDbEntity
  8
mobiliario
100
AcDbPolyline
 90
4
 70
1
 10
0.3
 20
8.7
 10
0.75
 20
8.7
 10
0.75
 20
9.2
 10
0.3
 20
9.2
  0
LWPOLYLINE
  5
B15
330
17
100
AcDbEntity
  8
mobiliario
100
AcDbPolyline
 90
4
 70
1
 10
0.3
 20
7.149999999999999
 10
2.300000000000001
 20
7.149999999999999
 10
2.300000000000001
 20
8.149999999999999
 10
0.3
 20
8.149999999999999
  0
LWPOLYLINE
  5
B16
330
17
100
AcDbEntity
  8
mobiliario
100
AcDbPolyline
 90
4
 70
1
 10
0.3
 20
7.599999999999998
 10
0.75
 20
7.599999999999998
 10
0.75
 20
8.1
 10
0.3
 20
8.1
  0
LWPOLYLINE
  5
B17
330
17
100
AcDbEntity
  8
mobiliario
100
AcDbPolyline
 90
4
 70
1
 10
2.3700000000000014
 20
7.969999999999999
 10
2.77
 20
7.969999999999999
 10
2.77
 20
8.269999999999998
 10
2.3700000000000014
 20
8.269999999999998
  0
LWPOLYLINE
  5
B18
330
17
100
AcDbEntity
  8
mobiliario
100
AcDbPolyline
 90
4
 70
1
 10
2.1999999999999984
 20
5.949999999999998
 10
3.4000000000000026
 20
5.949999999999998
 10
3.4000000000000026
 20
6.549999999999998
 10
2.1999999999999984
 20
6.549999999999998
  0
LWPOLYLINE
  5
B19
330
17
100
AcDbEntity
  8
mobiliario
100
AcDbPolyline
 90
4
 70
1
 10
2.1999999999999984
 20
6.699999999999998
 10
3.4000000000000026
 20
6.699999999999998
 10
3.4000000000000026
 20
7.299999999999998
 10
2.1999999999999984
 20
7.299999999999998
  0
LWPOLYLINE
  5
B1A
330
17
100
AcDbEntity
  8
mobiliario
100
AcDbPolyline
 90
4
 70
1
 10
2.7999999999999985
 20
5.85
 10
3.4000000000000026
 20
5.85
 10
3.4000000000000026
 20
7.6499999999999995
 10
2.7999999999999985
 20
7.6499999999999995
  0
LWPOLYLINE
  5
B1B
330
17
100
AcDbEntity
  8
mobiliario
100
AcDbPolyline
 90
4
 70
1
 10
3.649999999999997
 20
8.25
 10
5.650000000000003
 20
8.25
 10
5.650000000000003
 20
9.25
 10
3.649999999999997
 20
9.25
  0
LWPOLYLINE
  5
B1C
330
17
100
AcDbEntity
  8
mobiliario
100
AcDbPolyline
 90
4
 70
1
 10
3.649999999999997
 20
8.7
 10
4.099999999999997
 20
8.7
 10
4.099999999999997
 20
9.2
 10
3.649999999999997
 20
9.2
  0
LWPOLYLINE
  5
B1D
330
17
100
AcDbEntity
  8
mobiliario
100
AcDbPolyline
 90
4
 70
1
 10
3.649999999999997
 20
7.149999999999999
 10
5.650000000000003
 20
7.149999999999999
 10
5.650000000000003
 20
8.149999999999999
 10
3.649999999999997
 20
8.149999999999999
  0
LWPOLYLINE
  5
B1E
330
17
100
AcDbEntity
  8
mobiliario
100
AcDbPolyline
 90
4
 70
1
 10
3.649999999999997
 20
7.599999999999998
 10
4.099999999999997
 20
7.599999999999998
 10
4.099999999999997
 20
8.1
 10
3.649999999999997
 20
8.1
  0
LWPOLYLINE
  5
B1F
330
17
100
AcDbEntity
  8
mobiliario
100
AcDbPolyline
 90
4
 70
1
 10
5.719999999999999
 20
7.969999999999999
 10
6.120000000000001
 20
7.969999999999999
 10
6.120000000000001
 20
8.269999999999998
 10
5.719999999999999
 20
8.269999999999998
  0
LWPOLYLINE
  5
B20
330
17
100
AcDbEntity
  8
mobiliario
100
AcDbPolyline
 90
4
 70
1
 10
5.55
 20
5.949999999999998
 10
6.75
 20
5.949999999999998
 10
6.75
 20
6.549999999999998
 10
5.55
 20
6.549999999999998
  0
LWPOLYLINE
  5
B21
330
17
100
AcDbEntity
  8
mobiliario
100
AcDbPolyline
 90
4
 70
1
 10
5.55
 20
6.699999999999998
 10
6.75
 20
6.699999999999998
 10
6.75
 20
7.299999999999998
 10
5.55
 20
7.299999999999998
  0
LWPOLYLINE
  5
B22
330
17
100
AcDbEntity
  8
mobiliario
100
AcDbPolyline
 90
4
 70
1
 10
6.1499999999999995
 20
5.85
 10
6.75
 20
5.85
 10
6.75
 20
7.6499999999999995
 10
6.1499999999999995
 20
7.6499999999999995
  0
LWPOLYLINE
  5
B23
330
17
100
AcDbEntity
  8
mobiliario
100
AcDbPolyline
 90
4
 70
1
 10
7.000000000000003
 20
8.25
 10
9.0
 20
8.25
 10
9.0
 20
9.25
 10
7.000000000000003
 20
9.25
  0
LWPOLYLINE
  5
B24
330
17
100
AcDbEntity
  8
mobiliario
100
AcDbPolyline
 90
4
 70
1
 10
7.000000000000003
 20
8.7
 10
7.450000000000003
 20
8.7
 10
7.450000000000003
 20
9.2
 10
7.000000000000003
 20
9.2
  0
LWPOLYLINE
  5
B25
330
17
100
AcDbEntity
  8
mobiliario
100
AcDbPolyline
 90
4
 70
1
 10
7.000000000000003
 20
7.149999999999999
 10
9.0
 20
7.149999999999999
 10
9.0
 20
8.149999999999999
 10
7.000000000000003
 20
8.149999999999999
  0
LWPOLYLINE
  5
B26
330
17
100
AcDbEntity
  8
mobiliario
100
AcDbPolyline
 90
4
 70
1
 10
7.000000000000003
 20
7.599999999999998
 10
7.450000000000003
 20
7.599999999999998
 10
7.450000000000003
 20
8.1
 10
7.000000000000003
 20
8.1
  0
LWPOLYLINE
  5
B27
330
17
100
AcDbEntity
  8
mobiliario
100
AcDbPolyline
 90
4
 70
1
 10
9.070000000000004
 20
7.969999999999999
 10
9.469999999999999
 20
7.969999999999999
 10
9.469999999999999
 20
8.269999999999998
 10
9.070000000000004
 20
8.269999999999998
  0
LWPOLYLINE
  5
B28
330
17
100
AcDbEntity
  8
mobiliario
100
AcDbPolyline
 90
4
 70
1
 10
8.899999999999997
 20
5.949999999999998
 10
10.099999999999996
 20
5.949999999999998
 10
10.099999999999996
 20
6.549999999999998
 10
8.899999999999997
 20
6.549999999999998
  0
LWPOLYLINE
  5
B29
330
17
100
AcDbEntity
  8
mobiliario
100
AcDbPolyline
 90
4
 70
1
 10
8.899999999999997
 20
6.699999999999998
 10
10.099999999999996
 20
6.699999999999998
 10
10.099999999999996
 20
7.299999999999998
 10
8.899999999999997
 20
7.299999999999998
  0
LWPOLYLINE
  5
B2A
330
17
100
AcDbEntity
  8
mobiliario
100
AcDbPolyline
 90
4
 70
1
 10
9.499999999999996
 20
5.85
 10
10.099999999999996
 20
5.85
 10
10.099999999999996
 20
7.6499999999999995
 10
9.499999999999996
 20
7.6499999999999995
  0
LWPOLYLINE
  5
B2B
330
17
100
AcDbEntity
  8
mobiliario
100
AcDbPolyline
 90
4
 70
1
 10
10.35
 20
8.25
 10
12.350000000000005
 20
8.25
 10
12.350000000000005
 20
9.25
 10
10.35
 20
9.25
  0
LWPOLYLINE
  5
B2C
330
17
100
AcDbEntity
  8
mobiliario
100
AcDbPolyline
 90
4
 70
1
 10
10.35
 20
8.7
 10
10.799999999999999
 20
8.7
 10
10.799999999999999
 20
9.2
 10
10.35
 20
9.2
  0
LWPOLYLINE
  5
B2D
330
17
100
AcDbEntity
  8
mobiliario
100
AcDbPolyline
 90
4
 70
1
 10
10.35
 20
7.149999999999999
 10
12.350000000000005
 20
7.149999999999999
 10
12.350000000000005
 20
8.149999999999999
 10
10.35
 20
8.149999999999999
  0
LWPOLYLINE
  5
B2E
330
17
100
AcDbEntity
  8
mobiliario
100
AcDbPolyline
 90
4
 70
1
 10
10.35
 20
7.599999999999998
 10
10.799999999999999
 20
7.599999999999998
 10
10.799999999999999
 20
8.1
 10
10.35
 20
8.1
  0
LWPOLYLINE
  5
B2F
330
17
100
AcDbEntity
  8
mobiliario
100
AcDbPolyline
 90
4
 70
1
 10
12.420000000000002
 20
7.969999999999999
 10
12.820000000000004
 20
7.969999999999999
 10
12.820000000000004
 20
8.269999999999998
 10
12.420000000000002
 20
8.269999999999998
  0
LWPOLYLINE
  5
B30
330
17
100
AcDbEntity
  8
mobiliario
100
AcDbPolyline
 90
4
 70
1
 10
12.250000000000002
 20
5.949999999999998
 10
13.450000000000003
 20
5.949999999999998
 10
13.450000000000003
 20
6.549999999999998
 10
12.250000000000002
 20
6.549999999999998
  0
LWPOLYLINE
  5
B31
330
17
100
AcDbEntity
  8
mobiliario
100
AcDbPolyline
 90
4
 70
1
 10
12.250000000000002
 20
6.699999999999998
 10
13.450000000000003
 20
6.699999999999998
 10
13.450000000000003
 20
7.299999999999998
 10
12.250000000000002
 20
7.299999999999998
  0
LWPOLYLINE
  5
B32
330
17
100
AcDbEntity
  8
mobiliario
100
AcDbPolyline
 90
4
 70
1
 10
12.850000000000001
 20
5.85
 10
13.450000000000003
 20
5.85
 10
13.450000000000003
 20
7.6499999999999995
 10
12.850000000000001
 20
7.6499999999999995
  0
LWPOLYLINE
  5
B33
330
17
100
AcDbEntity
  8
mobiliario
100
AcDbPolyline
 90
4
 70
1
 10
13.750000000000002
 20
0.44999999999999996
 10
14.350000000000001
 20
0.44999999999999996
 10
14.350000000000001
 20
0.9499999999999993
 10
13.750000000000002
 20
0.9499999999999993
  0
LWPOLYLINE
  5
B34
330
17
100
AcDbEntity
  8
mobiliario
100
AcDbPolyline
 90
4
 70
1
 10
13.750000000000002
 20
1.05
 10
14.350000000000001
 20
1.05
 10
14.350000000000001
 20
1.5499999999999992
 10
13.750000000000002
 20
1.5499999999999992
  0
LWPOLYLINE
  5
B35
330
17
100
AcDbEntity
  8
mobiliario
100
AcDbPolyline
 90
4
 70
1
 10
13.750000000000002
 20
1.65
 10
14.350000000000001
 20
1.65
 10
14.350000000000001
 20
2.149999999999999
 10
13.750000000000002
 20
2.149999999999999
  0
LWPOLYLINE
  5
B36
330
17
100
AcDbEntity
  8
sanitario
100
AcDbPolyline
 90
4
 70
1
 10
16.3
 20
0.5500000000000007
 10
16.349999999999998
 20
0.5500000000000007
 10
16.349999999999998
 20
1.05
 10
16.3
 20
1.05
  0
CIRCLE
  5
B37
330
17
100
AcDbEntity
  8
sanitario
100
AcDbCircle
 10
16.100000000000005
 20
0.7999999999999993
 30
0.0
 40
0.19000000000000003
  0
LWPOLYLINE
  5
B38
330
17
100
AcDbEntity
  8
sanitario
100
AcDbPolyline
 90
4
 70
1
 10
15.899999999999999
 20
0.6099999999999994
 10
16.280000000000005
 20
0.6099999999999994
 10
16.280000000000005
 20
0.9899999999999991
 10
15.899999999999999
 20
0.9899999999999991
  0
LWPOLYLINE
  5
B39
330
17
100
AcDbEntity
  8
sanitario
100
AcDbPolyline
 90
4
 70
1
 10
16.3
 20
1.1500000000000006
 10
16.349999999999998
 20
1.1500000000000006
 10
16.349999999999998
 20
1.65
 10
16.3
 20
1.65
  0
CIRCLE
  5
B3A
330
17
100
AcDbEntity
  8
sanitario
100
AcDbCircle
 10
16.100000000000005
 20
1.3999999999999992
 30
0.0
 40
0.19000000000000003
  0
LWPOLYLINE
  5
B3B
330
17
100
AcDbEntity
  8
sanitario
100
AcDbPolyline
 90
4
 70
1
 10
15.899999999999999
 20
1.2099999999999993
 10
16.280000000000005
 20
1.2099999999999993
 10
16.280000000000005
 20
1.589999999999999
 10
15.899999999999999
 20
1.589999999999999
  0
LWPOLYLINE
  5
B3C
330
17
100
AcDbEntity
  8
sanitario
100
AcDbPolyline
 90
4
 70
1
 10
16.3
 20
1.7500000000000007
 10
16.349999999999998
 20
1.7500000000000007
 10
16.349999999999998
 20
2.25
 10
16.3
 20
2.25
  0
CIRCLE
  5
B3D
330
17
100
AcDbEntity
  8
sanitario
100
AcDbCircle
 10
16.100000000000005
 20
1.9999999999999991
 30
0.0
 40
0.19000000000000003
  0
LWPOLYLINE
  5
B3E
330
17
100
AcDbEntity
  8
sanitario
100
AcDbPolyline
 90
4
 70
1
 10
15.899999999999999
 20
1.8099999999999994
 10
16.280000000000005
 20
1.8099999999999994
 10
16.280000000000005
 20
2.189999999999999
 10
15.899999999999999
 20
2.189999999999999
  0
LWPOLYLINE
  5
B3F
330
17
100
AcDbEntity
  8
mobiliario
100
AcDbPolyline
 90
4
 70
1
 10
15.949999999999996
 20
2.5000000000000004
 10
16.349999999999998
 20
2.5000000000000004
 10
16.349999999999998
 20
2.85
 10
15.949999999999996
 20
2.85
  0
LINE
  5
B40
330
17
100
AcDbEntity
  8
sanitario
100
AcDbLine
 10
15.949999999999996
 20
2.5000000000000004
 30
0.0
 11
16.149999999999995
 21
3.15
 31
0.0
  0
LWPOLYLINE
  5
B41
330
17
100
AcDbEntity
  8
sanitario
100
AcDbPolyline
 90
4
 70
1
 10
13.900000000000002
 20
0.34999999999999926
 10
14.85
 20
0.34999999999999926
 10
14.85
 20
1.3000000000000007
 10
13.900000000000002
 20
1.3000000000000007
  0
LINE
  5
B42
330
17
100
AcDbEntity
  8
sanitario
100
AcDbLine
 10
13.900000000000002
 20
0.34999999999999926
 30
0.0
 11
14.85
 21
1.3000000000000007
 31
0.0
  0
CIRCLE
  5
B43
330
17
100
AcDbEntity
  8
sanitario
100
AcDbCircle
 10
14.020000000000003
 20
0.470000000000001
 30
0.0
 40
0.05000000000000001
  0
CIRCLE
  5
B44
330
17
100
AcDbEntity
  8
sanitario
100
AcDbCircle
 10
14.38
 20
1.2499999999999993
 30
0.0
 40
0.06
  0
LWPOLYLINE
  5
B45
330
17
100
AcDbEntity
  8
sanitario
100
AcDbPolyline
 90
4
 70
1
 10
15.0
 20
0.34999999999999926
 10
15.949999999999996
 20
0.34999999999999926
 10
15.949999999999996
 20
1.3000000000000007
 10
15.0
 20
1.3000000000000007
  0
LINE
  5
B46
330
17
100
AcDbEntity
  8
sanitario
100
AcDbLine
 10
15.0
 20
0.34999999999999926
 30
0.0
 11
15.949999999999996
 21
1.3000000000000007
 31
0.0
  0
CIRCLE
  5
B47
330
17
100
AcDbEntity
  8
sanitario
100
AcDbCircle
 10
15.120000000000001
 20
0.470000000000001
 30
0.0
 40
0.05000000000000001
  0
CIRCLE
  5
B48
330
17
100
AcDbEntity
  8
sanitario
100
AcDbCircle
 10
15.479999999999997
 20
1.2499999999999993
 30
0.0
 40
0.06
  0
LWPOLYLINE
  5
B49
330
17
100
AcDbEntity
  8
hatch
100
AcDbPolyline
 90
3
 70
0
 10
16.149999999999995
 20
3.799999999999999
 10
16.5
 20
3.799999999999999
 10
16.5
 20
3.4499999999999997
  0
LWPOLYLINE
  5
B4A
330
17
100
AcDbEntity
  8
mobiliario
100
AcDbPolyline
 90
4
 70
1
 10
13.750000000000002
 20
8.65
 10
14.350000000000001
 20
8.65
 10
14.350000000000001
 20
9.15
 10
13.750000000000002
 20
9.15
  0
LWPOLYLINE
  5
B4B
330
17
100
AcDbEntity
  8
mobiliario
100
AcDbPolyline
 90
4
 70
1
 10
13.750000000000002
 20
8.049999999999999
 10
14.350000000000001
 20
8.049999999999999
 10
14.350000000000001
 20
8.549999999999999
 10
13.750000000000002
 20
8.549999999999999
  0
LWPOLYLINE
  5
B4C
330
17
100
AcDbEntity
  8
mobiliario
100
AcDbPolyline
 90
4
 70
1
 10
13.750000000000002
 20
7.449999999999998
 10
14.350000000000001
 20
7.449999999999998
 10
14.350000000000001
 20
7.949999999999999
 10
13.750000000000002
 20
7.949999999999999
  0
LWPOLYLINE
  5
B4D
330
17
100
AcDbEntity
  8
sanitario
100
AcDbPolyline
 90
4
 70
1
 10
16.3
 20
8.549999999999999
 10
16.349999999999998
 20
8.549999999999999
 10
16.349999999999998
 20
9.049999999999999
 10
16.3
 20
9.049999999999999
  0
CIRCLE
  5
B4E
330
17
100
AcDbEntity
  8
sanitario
100
AcDbCircle
 10
16.100000000000005
 20
8.799999999999999
 30
0.0
 40
0.19000000000000003
  0
LWPOLYLINE
  5
B4F
330
17
100
AcDbEntity
  8
sanitario
100
AcDbPolyline
 90
4
 70
1
 10
15.899999999999999
 20
8.610000000000001
 10
16.280000000000005
 20
8.610000000000001
 10
16.280000000000005
 20
8.989999999999998
 10
15.899999999999999
 20
8.989999999999998
  0
LWPOLYLINE
  5
B50
330
17
100
AcDbEntity
  8
sanitario
100
AcDbPolyline
 90
4
 70
1
 10
16.3
 20
7.949999999999999
 10
16.349999999999998
 20
7.949999999999999
 10
16.349999999999998
 20
8.45
 10
16.3
 20
8.45
  0
CIRCLE
  5
B51
330
17
100
AcDbEntity
  8
sanitario
100
AcDbCircle
 10
16.100000000000005
 20
8.199999999999998
 30
0.0
 40
0.19000000000000003
  0
LWPOLYLINE
  5
B52
330
17
100
AcDbEntity
  8
sanitario
100
AcDbPolyline
 90
4
 70
1
 10
15.899999999999999
 20
8.01
 10
16.280000000000005
 20
8.01
 10
16.280000000000005
 20
8.39
 10
15.899999999999999
 20
8.39
  0
LWPOLYLINE
  5
B53
330
17
100
AcDbEntity
  8
sanitario
100
AcDbPolyline
 90
4
 70
1
 10
16.3
 20
7.35
 10
16.349999999999998
 20
7.35
 10
16.349999999999998
 20
7.850000000000001
 10
16.3
 20
7.850000000000001
  0
CIRCLE
  5
B54
330
17
100
AcDbEntity
  8
sanitario
100
AcDbCircle
 10
16.100000000000005
 20
7.599999999999998
 30
0.0
 40
0.19000000000000003
  0
LWPOLYLINE
  5
B55
330
17
100
AcDbEntity
  8
sanitario
100
AcDbPolyline
 90
4
 70
1
 10
15.899999999999999
 20
7.41
 10
16.280000000000005
 20
7.41
 10
16.280000000000005
 20
7.79
 10
15.899999999999999
 20
7.79
  0
LWPOLYLINE
  5
B56
330
17
100
AcDbEntity
  8
mobiliario
100
AcDbPolyline
 90
4
 70
1
 10
15.949999999999996
 20
6.449999999999999
 10
16.349999999999998
 20
6.449999999999999
 10
16.349999999999998
 20
6.799999999999999
 10
15.949999999999996
 20
6.799999999999999
  0
LINE
  5
B57
330
17
100
AcDbEntity
  8
sanitario
100
AcDbLine
 10
15.949999999999996
 20
7.100000000000001
 30
0.0
 11
16.149999999999995
 21
6.449999999999999
 31
0.0
  0
LWPOLYLINE
  5
B58
330
17
100
AcDbEntity
  8
sanitario
100
AcDbPolyline
 90
4
 70
1
 10
13.900000000000002
 20
8.299999999999999
 10
14.85
 20
8.299999999999999
 10
14.85
 20
9.249999999999998
 10
13.900000000000002
 20
9.249999999999998
  0
LINE
  5
B59
330
17
100
AcDbEntity
  8
sanitario
100
AcDbLine
 10
13.900000000000002
 20
8.299999999999999
 30
0.0
 11
14.85
 21
9.249999999999998
 31
0.0
  0
CIRCLE
  5
B5A
330
17
100
AcDbEntity
  8
sanitario
100
AcDbCircle
 10
14.020000000000003
 20
8.419999999999998
 30
0.0
 40
0.05000000000000001
  0
CIRCLE
  5
B5B
330
17
100
AcDbEntity
  8
sanitario
100
AcDbCircle
 10
14.38
 20
9.2
 30
0.0
 40
0.06
  0
LWPOLYLINE
  5
B5C
330
17
100
AcDbEntity
  8
sanitario
100
AcDbPolyline
 90
4
 70
1
 10
15.0
 20
8.299999999999999
 10
15.949999999999996
 20
8.299999999999999
 10
15.949999999999996
 20
9.249999999999998
 10
15.0
 20
9.249999999999998
  0
LINE
  5
B5D
330
17
100
AcDbEntity
  8
sanitario
100
AcDbLine
 10
15.0
 20
8.299999999999999
 30
0.0
 11
15.949999999999996
 21
9.249999999999998
 31
0.0
  0
CIRCLE
  5
B5E
330
17
100
AcDbEntity
  8
sanitario
100
AcDbCircle
 10
15.120000000000001
 20
8.419999999999998
 30
0.0
 40
0.05000000000000001
  0
CIRCLE
  5
B5F
330
17
100
AcDbEntity
  8
sanitario
100
AcDbCircle
 10
15.479999999999997
 20
9.2
 30
0.0
 40
0.06
  0
LWPOLYLINE
  5
B60
330
17
100
AcDbEntity
  8
hatch
100
AcDbPolyline
 90
3
 70
0
 10
16.149999999999995
 20
5.799999999999998
 10
16.5
 20
5.799999999999998
 10
16.5
 20
6.1499999999999995
  0
LWPOLYLINE
  5
B61
330
17
100
AcDbEntity
  8
marco-fino
100
AcDbPolyline
 90
4
 70
1
 10
16.65
 20
7.889999999999999
 10
20.05
 20
7.889999999999999
 10
20.05
 20
9.35
 10
16.65
 20
9.35
  0
TEXT
  5
B62
330
17
100
AcDbEntity
  8
texto-suave
100
AcDbText
 10
18.350000000000005
 20
8.569999999999999
 30
0.0
 40
0.1425
  1
DESCANSO +4,88
 72
1
 11
18.350000000000005
 21
8.569999999999999
 31
0.0
100
AcDbText
  0
LINE
  5
B63
330
17
100
AcDbEntity
  8
marco-fino
100
AcDbLine
 10
16.65
 20
5.65
 30
0.0
 11
18.250000000000004
 21
5.65
 31
0.0
  0
LINE
  5
B64
330
17
100
AcDbEntity
  8
marco-fino
100
AcDbLine
 10
18.45
 20
5.65
 30
0.0
 11
20.05
 21
5.65
 31
0.0
  0
LINE
  5
B65
330
17
100
AcDbEntity
  8
marco-fino
100
AcDbLine
 10
16.65
 20
5.93
 30
0.0
 11
18.250000000000004
 21
5.93
 31
0.0
  0
LINE
  5
B66
330
17
100
AcDbEntity
  8
marco-fino
100
AcDbLine
 10
18.45
 20
5.93
 30
0.0
 11
20.05
 21
5.93
 31
0.0
  0
LINE
  5
B67
330
17
100
AcDbEntity
  8
marco-fino
100
AcDbLine
 10
16.65
 20
6.210000000000001
 30
0.0
 11
18.250000000000004
 21
6.210000000000001
 31
0.0
  0
LINE
  5
B68
330
17
100
AcDbEntity
  8
marco-fino
100
AcDbLine
 10
18.45
 20
6.210000000000001
 30
0.0
 11
20.05
 21
6.210000000000001
 31
0.0
  0
LINE
  5
B69
330
17
100
AcDbEntity
  8
marco-fino
100
AcDbLine
 10
16.65
 20
6.490000000000002
 30
0.0
 11
18.250000000000004
 21
6.490000000000002
 31
0.0
  0
LINE
  5
B6A
330
17
100
AcDbEntity
  8
marco-fino
100
AcDbLine
 10
18.45
 20
6.490000000000002
 30
0.0
 11
20.05
 21
6.490000000000002
 31
0.0
  0
LINE
  5
B6B
330
17
100
AcDbEntity
  8
marco-fino
100
AcDbLine
 10
16.65
 20
6.7700000000000005
 30
0.0
 11
18.250000000000004
 21
6.7700000000000005
 31
0.0
  0
LINE
  5
B6C
330
17
100
AcDbEntity
  8
marco-fino
100
AcDbLine
 10
18.45
 20
6.7700000000000005
 30
0.0
 11
20.05
 21
6.7700000000000005
 31
0.0
  0
LINE
  5
B6D
330
17
100
AcDbEntity
  8
marco-fino
100
AcDbLine
 10
16.65
 20
7.05
 30
0.0
 11
18.250000000000004
 21
7.05
 31
0.0
  0
LINE
  5
B6E
330
17
100
AcDbEntity
  8
marco-fino
100
AcDbLine
 10
18.45
 20
7.05
 30
0.0
 11
20.05
 21
7.05
 31
0.0
  0
LINE
  5
B6F
330
17
100
AcDbEntity
  8
marco-fino
100
AcDbLine
 10
16.65
 20
7.330000000000001
 30
0.0
 11
18.250000000000004
 21
7.330000000000001
 31
0.0
  0
LINE
  5
B70
330
17
100
AcDbEntity
  8
marco-fino
100
AcDbLine
 10
18.45
 20
7.330000000000001
 30
0.0
 11
20.05
 21
7.330000000000001
 31
0.0
  0
LINE
  5
B71
330
17
100
AcDbEntity
  8
marco-fino
100
AcDbLine
 10
16.65
 20
7.609999999999999
 30
0.0
 11
18.250000000000004
 21
7.609999999999999
 31
0.0
  0
LINE
  5
B72
330
17
100
AcDbEntity
  8
marco-fino
100
AcDbLine
 10
18.45
 20
7.609999999999999
 30
0.0
 11
20.05
 21
7.609999999999999
 31
0.0
  0
LINE
  5
B73
330
17
100
AcDbEntity
  8
marco-fino
100
AcDbLine
 10
16.65
 20
7.890000000000001
 30
0.0
 11
18.250000000000004
 21
7.890000000000001
 31
0.0
  0
LINE
  5
B74
330
17
100
AcDbEntity
  8
marco-fino
100
AcDbLine
 10
18.45
 20
7.890000000000001
 30
0.0
 11
20.05
 21
7.890000000000001
 31
0.0
  0
LINE
  5
B75
330
17
100
AcDbEntity
  8
marco-fino
100
AcDbLine
 10
16.65
 20
8.170000000000002
 30
0.0
 11
18.250000000000004
 21
8.170000000000002
 31
0.0
  0
LINE
  5
B76
330
17
100
AcDbEntity
  8
marco-fino
100
AcDbLine
 10
18.45
 20
8.170000000000002
 30
0.0
 11
20.05
 21
8.170000000000002
 31
0.0
  0
LINE
  5
B77
330
17
100
AcDbEntity
  8
marco-fino
100
AcDbLine
 10
16.65
 20
5.65
 30
0.0
 11
16.65
 21
7.889999999999999
 31
0.0
  0
LINE
  5
B78
330
17
100
AcDbEntity
  8
marco-fino
100
AcDbLine
 10
18.250000000000004
 20
5.65
 30
0.0
 11
18.250000000000004
 21
7.889999999999999
 31
0.0
  0
LINE
  5
B79
330
17
100
AcDbEntity
  8
marco-fino
100
AcDbLine
 10
18.45
 20
5.65
 30
0.0
 11
18.45
 21
7.889999999999999
 31
0.0
  0
LINE
  5
B7A
330
17
100
AcDbEntity
  8
marco-fino
100
AcDbLine
 10
20.05
 20
5.65
 30
0.0
 11
20.05
 21
7.889999999999999
 31
0.0
  0
LINE
  5
B7B
330
17
100
AcDbEntity
  8
marco-fino
100
AcDbLine
 10
18.350000000000005
 20
5.65
 30
0.0
 11
18.350000000000005
 21
7.889999999999999
 31
0.0
  0
LWPOLYLINE
  5
B7C
330
17
100
AcDbEntity
  8
marco-medio
100
AcDbPolyline
 90
3
 70
0
 10
16.65
 20
6.7188
 10
18.250000000000004
 20
7.038799999999998
 10
16.65
 20
7.358800000000002
  0
LINE
  5
B7D
330
17
100
AcDbEntity
  8
carpinteria
100
AcDbLine
 10
19.250000000000004
 20
7.640000000000001
 30
0.0
 11
19.250000000000004
 21
6.0
 31
0.0
  0
CIRCLE
  5
B7E
330
17
100
AcDbEntity
  8
carpinteria
100
AcDbCircle
 10
19.250000000000004
 20
7.640000000000001
 30
0.0
 40
0.10000000000000002
  0
LWPOLYLINE
  5
B7F
330
17
100
AcDbEntity
  8
carpinteria
100
AcDbPolyline
 90
3
 70
1
 10
19.250000000000004
 20
6.0
 10
19.089999999999996
 20
6.159999999999999
 10
19.409999999999997
 20
6.159999999999999
  0
LWPOLYLINE
  5
B80
330
17
100
AcDbEntity
  8
carpinteria
100
AcDbPolyline
 90
3
 70
1
 10
19.250000000000004
 20
6.0
 10
19.089999999999996
 20
6.159999999999999
 10
19.409999999999997
 20
6.159999999999999
  0
LINE
  5
B81
330
17
100
AcDbEntity
  8
hatch
100
AcDbLine
 10
19.14393398282202
 20
6.106066017177979
 30
0.0
 11
19.197867965644036
 21
6.159999999999996
 31
0.0
  0
TEXT
  5
B82
330
17
100
AcDbEntity
  8
texto
100
AcDbText
 10
19.250000000000004
 20
5.450000000000001
 30
0.0
 40
0.15
  1
BAJA N.P.T. ±0,00 (18 C/H)
 72
1
 11
19.250000000000004
 21
5.450000000000001
 31
0.0
100
AcDbText
  0
LINE
  5
B83
330
17
100
AcDbEntity
  8
carpinteria
100
AcDbLine
 10
17.449999999999996
 20
5.900000000000001
 30
0.0
 11
17.449999999999996
 21
6.75
 31
0.0
  0
CIRCLE
  5
B84
330
17
100
AcDbEntity
  8
carpinteria
100
AcDbCircle
 10
17.449999999999996
 20
5.900000000000001
 30
0.0
 40
0.10000000000000002
  0
LWPOLYLINE
  5
B85
330
17
100
AcDbEntity
  8
carpinteria
100
AcDbPolyline
 90
3
 70
1
 10
17.449999999999996
 20
6.75
 10
17.289999999999996
 20
6.59
 10
17.609999999999996
 20
6.59
  0
LWPOLYLINE
  5
B86
330
17
100
AcDbEntity
  8
carpinteria
100
AcDbPolyline
 90
3
 70
1
 10
17.449999999999996
 20
6.75
 10
17.289999999999996
 20
6.59
 10
17.609999999999996
 20
6.59
  0
LINE
  5
B87
330
17
100
AcDbEntity
  8
hatch
100
AcDbLine
 10
17.397867965644032
 20
6.589999999999999
 30
0.0
 11
17.503933982822012
 21
6.696066017177979
 31
0.0
  0
TEXT
  5
B88
330
17
100
AcDbEntity
  8
texto
100
AcDbText
 10
17.449999999999996
 20
7.299999999999998
 30
0.0
 40
0.15
  1
SUBEN 9 C/H HASTA +1,63
 72
1
 11
17.449999999999996
 21
7.299999999999998
 31
0.0
100
AcDbText
  0
LWPOLYLINE
  5
B89
330
17
100
AcDbEntity
  8
proyeccion
100
AcDbPolyline
 90
4
 70
1
 10
16.65
 20
5.65
 10
18.250000000000004
 20
5.65
 10
18.250000000000004
 20
7.889999999999999
 10
16.65
 20
7.889999999999999
  0
TEXT
  5
B8A
330
17
100
AcDbEntity
  8
texto
100
AcDbText
 10
1.8500000000000014
 20
2.285
 30
0.0
 40
0.17625
  1
D-201
 72
1
 11
1.8500000000000014
 21
2.285
 31
0.0
100
AcDbText
  0
TEXT
  5
B8B
330
17
100
AcDbEntity
  8
texto
100
AcDbText
 10
1.8500000000000014
 20
2.0150000000000006
 30
0.0
 40
0.16125
  1
Dormitorio doble
 72
1
 11
1.8500000000000014
 21
2.0150000000000006
 31
0.0
100
AcDbText
  0
TEXT
  5
B8C
330
17
100
AcDbEntity
  8
texto-suave
100
AcDbText
 10
1.8500000000000014
 20
1.745000000000001
 30
0.0
 40
0.16125
  1
11,36 m²
 72
1
 11
1.8500000000000014
 21
1.745000000000001
 31
0.0
100
AcDbText
  0
TEXT
  5
B8D
330
17
100
AcDbEntity
  8
texto
100
AcDbText
 10
5.200000000000003
 20
2.285
 30
0.0
 40
0.17625
  1
D-202
 72
1
 11
5.200000000000003
 21
2.285
 31
0.0
100
AcDbText
  0
TEXT
  5
B8E
330
17
100
AcDbEntity
  8
texto
100
AcDbText
 10
5.200000000000003
 20
2.0150000000000006
 30
0.0
 40
0.16125
  1
Dormitorio doble
 72
1
 11
5.200000000000003
 21
2.0150000000000006
 31
0.0
100
AcDbText
  0
TEXT
  5
B8F
330
17
100
AcDbEntity
  8
texto-suave
100
AcDbText
 10
5.200000000000003
 20
1.745000000000001
 30
0.0
 40
0.16125
  1
11,36 m²
 72
1
 11
5.200000000000003
 21
1.745000000000001
 31
0.0
100
AcDbText
  0
TEXT
  5
B90
330
17
100
AcDbEntity
  8
texto
100
AcDbText
 10
8.549999999999999
 20
2.285
 30
0.0
 40
0.17625
  1
D-203
 72
1
 11
8.549999999999999
 21
2.285
 31
0.0
100
AcDbText
  0
TEXT
  5
B91
330
17
100
AcDbEntity
  8
texto
100
AcDbText
 10
8.549999999999999
 20
2.0150000000000006
 30
0.0
 40
0.16125
  1
Dormitorio doble
 72
1
 11
8.549999999999999
 21
2.0150000000000006
 31
0.0
100
AcDbText
  0
TEXT
  5
B92
330
17
100
AcDbEntity
  8
texto-suave
100
AcDbText
 10
8.549999999999999
 20
1.745000000000001
 30
0.0
 40
0.16125
  1
11,36 m²
 72
1
 11
8.549999999999999
 21
1.745000000000001
 31
0.0
100
AcDbText
  0
TEXT
  5
B93
330
17
100
AcDbEntity
  8
texto
100
AcDbText
 10
11.900000000000006
 20
2.285
 30
0.0
 40
0.17625
  1
D-204
 72
1
 11
11.900000000000006
 21
2.285
 31
0.0
100
AcDbText
  0
TEXT
  5
B94
330
17
100
AcDbEntity
  8
texto
100
AcDbText
 10
11.900000000000006
 20
2.0150000000000006
 30
0.0
 40
0.16125
  1
Dormitorio doble
 72
1
 11
11.900000000000006
 21
2.0150000000000006
 31
0.0
100
AcDbText
  0
TEXT
  5
B95
330
17
100
AcDbEntity
  8
texto-suave
100
AcDbText
 10
11.900000000000006
 20
1.745000000000001
 30
0.0
 40
0.16125
  1
11,36 m²
 72
1
 11
11.900000000000006
 21
1.745000000000001
 31
0.0
100
AcDbText
  0
TEXT
  5
B96
330
17
100
AcDbEntity
  8
texto
100
AcDbText
 10
1.8500000000000014
 20
7.834999999999997
 30
0.0
 40
0.17625
  1
D-205
 72
1
 11
1.8500000000000014
 21
7.834999999999997
 31
0.0
100
AcDbText
  0
TEXT
  5
B97
330
17
100
AcDbEntity
  8
texto
100
AcDbText
 10
1.8500000000000014
 20
7.565
 30
0.0
 40
0.16125
  1
Dormitorio doble
 72
1
 11
1.8500000000000014
 21
7.565
 31
0.0
100
AcDbText
  0
TEXT
  5
B98
330
17
100
AcDbEntity
  8
texto-suave
100
AcDbText
 10
1.8500000000000014
 20
7.294999999999998
 30
0.0
 40
0.16125
  1
11,36 m²
 72
1
 11
1.8500000000000014
 21
7.294999999999998
 31
0.0
100
AcDbText
  0
TEXT
  5
B99
330
17
100
AcDbEntity
  8
texto
100
AcDbText
 10
5.200000000000003
 20
7.834999999999997
 30
0.0
 40
0.17625
  1
D-206
 72
1
 11
5.200000000000003
 21
7.834999999999997
 31
0.0
100
AcDbText
  0
TEXT
  5
B9A
330
17
100
AcDbEntity
  8
texto
100
AcDbText
 10
5.200000000000003
 20
7.565
 30
0.0
 40
0.16125
  1
Dormitorio doble
 72
1
 11
5.200000000000003
 21
7.565
 31
0.0
100
AcDbText
  0
TEXT
  5
B9B
330
17
100
AcDbEntity
  8
texto-suave
100
AcDbText
 10
5.200000000000003
 20
7.294999999999998
 30
0.0
 40
0.16125
  1
11,36 m²
 72
1
 11
5.200000000000003
 21
7.294999999999998
 31
0.0
100
AcDbText
  0
TEXT
  5
B9C
330
17
100
AcDbEntity
  8
texto
100
AcDbText
 10
8.549999999999999
 20
7.834999999999997
 30
0.0
 40
0.17625
  1
D-207
 72
1
 11
8.549999999999999
 21
7.834999999999997
 31
0.0
100
AcDbText
  0
TEXT
  5
B9D
330
17
100
AcDbEntity
  8
texto
100
AcDbText
 10
8.549999999999999
 20
7.565
 30
0.0
 40
0.16125
  1
Dormitorio doble
 72
1
 11
8.549999999999999
 21
7.565
 31
0.0
100
AcDbText
  0
TEXT
  5
B9E
330
17
100
AcDbEntity
  8
texto-suave
100
AcDbText
 10
8.549999999999999
 20
7.294999999999998
 30
0.0
 40
0.16125
  1
11,36 m²
 72
1
 11
8.549999999999999
 21
7.294999999999998
 31
0.0
100
AcDbText
  0
TEXT
  5
B9F
330
17
100
AcDbEntity
  8
texto
100
AcDbText
 10
11.900000000000006
 20
7.834999999999997
 30
0.0
 40
0.17625
  1
D-208
 72
1
 11
11.900000000000006
 21
7.834999999999997
 31
0.0
100
AcDbText
  0
TEXT
  5
BA0
330
17
100
AcDbEntity
  8
texto
100
AcDbText
 10
11.900000000000006
 20
7.565
 30
0.0
 40
0.16125
  1
Dormitorio doble
 72
1
 11
11.900000000000006
 21
7.565
 31
0.0
100
AcDbText
  0
TEXT
  5
BA1
330
17
100
AcDbEntity
  8
texto-suave
100
AcDbText
 10
11.900000000000006
 20
7.294999999999998
 30
0.0
 40
0.16125
  1
11,36 m²
 72
1
 11
11.900000000000006
 21
7.294999999999998
 31
0.0
100
AcDbText
  0
TEXT
  5
BA2
330
17
100
AcDbEntity
  8
texto
100
AcDbText
 10
15.075
 20
2.285
 30
0.0
 40
0.17625
  1
SS-2
 72
1
 11
15.075
 21
2.285
 31
0.0
100
AcDbText
  0
TEXT
  5
BA3
330
17
100
AcDbEntity
  8
texto
100
AcDbText
 10
15.075
 20
2.0150000000000006
 30
0.0
 40
0.16125
  1
SS.HH. damas
 72
1
 11
15.075
 21
2.0150000000000006
 31
0.0
100
AcDbText
  0
TEXT
  5
BA4
330
17
100
AcDbEntity
  8
texto-suave
100
AcDbText
 10
15.075
 20
1.745000000000001
 30
0.0
 40
0.16125
  1
10,12 m²
 72
1
 11
15.075
 21
1.745000000000001
 31
0.0
100
AcDbText
  0
TEXT
  5
BA5
330
17
100
AcDbEntity
  8
texto
100
AcDbText
 10
15.075
 20
7.834999999999997
 30
0.0
 40
0.17625
  1
SS-4
 72
1
 11
15.075
 21
7.834999999999997
 31
0.0
100
AcDbText
  0
TEXT
  5
BA6
330
17
100
AcDbEntity
  8
texto
100
AcDbText
 10
15.075
 20
7.565
 30
0.0
 40
0.16125
  1
SS.HH. varones
 72
1
 11
15.075
 21
7.565
 31
0.0
100
AcDbText
  0
TEXT
  5
BA7
330
17
100
AcDbEntity
  8
texto-suave
100
AcDbText
 10
15.075
 20
7.294999999999998
 30
0.0
 40
0.16125
  1
10,12 m²
 72
1
 11
15.075
 21
7.294999999999998
 31
0.0
100
AcDbText
  0
TEXT
  5
BA8
330
17
100
AcDbEntity
  8
texto
100
AcDbText
 10
18.350000000000005
 20
6.78
 30
0.0
 40
0.1575
  1
E-01
 72
1
 11
18.350000000000005
 21
6.78
 31
0.0
100
AcDbText
  0
TEXT
  5
BA9
330
17
100
AcDbEntity
  8
texto
100
AcDbText
 10
18.350000000000005
 20
6.510000000000001
 30
0.0
 40
0.1425
  1
Escalera
 72
1
 11
18.350000000000005
 21
6.510000000000001
 31
0.0
100
AcDbText
  0
TEXT
  5
BAA
330
17
100
AcDbEntity
  8
texto
100
AcDbText
 10
18.350000000000005
 20
2.36
 30
0.0
 40
0.17625
  1
ES-01
 72
1
 11
18.350000000000005
 21
2.36
 31
0.0
100
AcDbText
  0
TEXT
  5
BAB
330
17
100
AcDbEntity
  8
texto
100
AcDbText
 10
18.350000000000005
 20
2.0900000000000003
 30
0.0
 40
0.16125
  1
Sala de estar y estudio
 72
1
 11
18.350000000000005
 21
2.0900000000000003
 31
0.0
100
AcDbText
  0
TEXT
  5
BAC
330
17
100
AcDbEntity
  8
texto-suave
100
AcDbText
 10
18.350000000000005
 20
1.820000000000001
 30
0.0
 40
0.16125
  1
12,58 m²
 72
1
 11
18.350000000000005
 21
1.820000000000001
 31
0.0
100
AcDbText
  0
TEXT
  5
BAD
330
17
100
AcDbEntity
  8
texto
100
AcDbText
 10
21.974999999999998
 20
7.834999999999997
 30
0.0
 40
0.17625
  1
ES-02
 72
1
 11
21.974999999999998
 21
7.834999999999997
 31
0.0
100
AcDbText
  0
TEXT
  5
BAE
330
17
100
AcDbEntity
  8
texto
100
AcDbText
 10
21.974999999999998
 20
7.565
 30
0.0
 40
0.16125
  1
Sala de estudio complementaria
 72
1
 11
21.974999999999998
 21
7.565
 31
0.0
100
AcDbText
  0
TEXT
  5
BAF
330
17
100
AcDbEntity
  8
texto-suave
100
AcDbText
 10
21.974999999999998
 20
7.294999999999998
 30
0.0
 40
0.16125
  1
12,60 m²
 72
1
 11
21.974999999999998
 21
7.294999999999998
 31
0.0
100
AcDbText
  0
TEXT
  5
BB0
330
17
100
AcDbEntity
  8
texto
100
AcDbText
 10
21.974999999999998
 20
2.414999999999999
 30
0.0
 40
0.17625
  1
DP-02
 72
1
 11
21.974999999999998
 21
2.414999999999999
 31
0.0
100
AcDbText
  0
TEXT
  5
BB1
330
17
100
AcDbEntity
  8
texto
100
AcDbText
 10
21.974999999999998
 20
2.1449999999999996
 30
0.0
 40
0.16125
  1
Depósito
 72
1
 11
21.974999999999998
 21
2.1449999999999996
 31
0.0
100
AcDbText
  0
TEXT
  5
BB2
330
17
100
AcDbEntity
  8
texto
100
AcDbText
 10
21.974999999999998
 20
1.875
 30
0.0
 40
0.16125
  1
Ropería
 72
1
 11
21.974999999999998
 21
1.875
 31
0.0
100
AcDbText
  0
TEXT
  5
BB3
330
17
100
AcDbEntity
  8
texto-suave
100
AcDbText
 10
21.974999999999998
 20
1.6050000000000004
 30
0.0
 40
0.16125
  1
12,60 m²
 72
1
 11
21.974999999999998
 21
1.6050000000000004
 31
0.0
100
AcDbText
  0
TEXT
  5
BB4
330
17
100
AcDbEntity
  8
texto
100
AcDbText
 10
8.449999999999998
 20
5.189999999999999
 30
0.0
 40
0.1575
  1
P-02
 72
1
 11
8.449999999999998
 21
5.189999999999999
 31
0.0
100
AcDbText
  0
TEXT
  5
BB5
330
17
100
AcDbEntity
  8
texto
100
AcDbText
 10
8.449999999999998
 20
4.920000000000002
 30
0.0
 40
0.1425
  1
Pasillo
 72
1
 11
8.449999999999998
 21
4.920000000000002
 31
0.0
100
AcDbText
  0
TEXT
  5
BB6
330
17
100
AcDbEntity
  8
texto
100
AcDbText
 10
8.449999999999998
 20
4.6499999999999995
 30
0.0
 40
0.1425
  1
Distribuidor
 72
1
 11
8.449999999999998
 21
4.6499999999999995
 31
0.0
100
AcDbText
  0
TEXT
  5
BB7
330
17
100
AcDbEntity
  8
texto-suave
100
AcDbText
 10
8.449999999999998
 20
4.38
 30
0.0
 40
0.1425
  1
27,88 m²
 72
1
 11
8.449999999999998
 21
4.38
 31
0.0
100
AcDbText
  0
TEXT
  5
BB8
330
17
100
AcDbEntity
  8
texto
100
AcDbText
 10
21.974999999999998
 20
5.060000000000002
 30
0.0
 40
0.1575
  1
DI-02
 72
1
 11
21.974999999999998
 21
5.060000000000002
 31
0.0
100
AcDbText
  0
TEXT
  5
BB9
330
17
100
AcDbEntity
  8
texto
100
AcDbText
 10
21.974999999999998
 20
4.79
 30
0.0
 40
0.1425
  1
Distribuidor
 72
1
 11
21.974999999999998
 21
4.79
 31
0.0
100
AcDbText
  0
TEXT
  5
BBA
330
17
100
AcDbEntity
  8
texto-suave
100
AcDbText
 10
21.974999999999998
 20
4.5200000000000005
 30
0.0
 40
0.1425
  1
6,04 m²
 72
1
 11
21.974999999999998
 21
4.5200000000000005
 31
0.0
100
AcDbText
  0
TEXT
  5
BBB
330
17
100
AcDbEntity
  8
texto-suave
100
AcDbText
 10
2.1
 20
0.6
 30
0.0
 40
0.15
  1
N.P.T. +3,25
100
AcDbText
  0
TEXT
  5
BBC
330
17
100
AcDbEntity
  8
texto-suave
100
AcDbText
 10
21.0
 20
2.899999999999999
 30
0.0
 40
0.15
  1
N.P.T. +3,25
100
AcDbText
  0
LINE
  5
BBD
330
17
100
AcDbEntity
  8
eje
100
AcDbLine
 10
0.12500000000000142
 20
-0.9500000000000014
 30
0.0
 11
0.12500000000000142
 21
10.549999999999999
 31
0.0
  0
CIRCLE
  5
BBE
330
17
100
AcDbEntity
  8
marco-medio
100
AcDbCircle
 10
23.383333333333336
 20
-5.166666666666668
 30
0.0
 40
0.2
  0
TEXT
  5
BBF
330
17
100
AcDbEntity
  8
texto
100
AcDbText
 10
23.383333333333336
 20
-5.190416666666668
 30
0.0
 40
0.13
  1
A
 72
1
 11
23.383333333333336
 21
-5.190416666666668
 31
0.0
100
AcDbText
  0
CIRCLE
  5
BC0
330
17
100
AcDbEntity
  8
marco-medio
100
AcDbCircle
 10
23.383333333333336
 20
-13.433333333333335
 30
0.0
 40
0.2
  0
TEXT
  5
BC1
330
17
100
AcDbEntity
  8
texto
100
AcDbText
 10
23.383333333333336
 20
-13.457083333333337
 30
0.0
 40
0.13
  1
A
 72
1
 11
23.383333333333336
 21
-13.457083333333337
 31
0.0
100
AcDbText
  0
LINE
  5
BC2
330
17
100
AcDbEntity
  8
eje
100
AcDbLine
 10
3.525
 20
-0.9500000000000014
 30
0.0
 11
3.525
 21
10.549999999999999
 31
0.0
  0
CIRCLE
  5
BC3
330
17
100
AcDbEntity
  8
marco-medio
100
AcDbCircle
 10
25.650000000000002
 20
-5.166666666666668
 30
0.0
 40
0.2
  0
TEXT
  5
BC4
330
17
100
AcDbEntity
  8
texto
100
AcDbText
 10
25.650000000000002
 20
-5.190416666666668
 30
0.0
 40
0.13
  1
B
 72
1
 11
25.650000000000002
 21
-5.190416666666668
 31
0.0
100
AcDbText
  0
CIRCLE
  5
BC5
330
17
100
AcDbEntity
  8
marco-medio
100
AcDbCircle
 10
25.650000000000002
 20
-13.433333333333335
 30
0.0
 40
0.2
  0
TEXT
  5
BC6
330
17
100
AcDbEntity
  8
texto
100
AcDbText
 10
25.650000000000002
 20
-13.457083333333337
 30
0.0
 40
0.13
  1
B
 72
1
 11
25.650000000000002
 21
-13.457083333333337
 31
0.0
100
AcDbText
  0
LINE
  5
BC7
330
17
100
AcDbEntity
  8
eje
100
AcDbLine
 10
6.8749999999999964
 20
-0.9500000000000014
 30
0.0
 11
6.8749999999999964
 21
10.549999999999999
 31
0.0
  0
CIRCLE
  5
BC8
330
17
100
AcDbEntity
  8
marco-medio
100
AcDbCircle
 10
27.883333333333333
 20
-5.166666666666668
 30
0.0
 40
0.2
  0
TEXT
  5
BC9
330
17
100
AcDbEntity
  8
texto
100
AcDbText
 10
27.883333333333333
 20
-5.190416666666668
 30
0.0
 40
0.13
  1
C
 72
1
 11
27.883333333333333
 21
-5.190416666666668
 31
0.0
100
AcDbText
  0
CIRCLE
  5
BCA
330
17
100
AcDbEntity
  8
marco-medio
100
AcDbCircle
 10
27.883333333333333
 20
-13.433333333333335
 30
0.0
 40
0.2
  0
TEXT
  5
BCB
330
17
100
AcDbEntity
  8
texto
100
AcDbText
 10
27.883333333333333
 20
-13.457083333333337
 30
0.0
 40
0.13
  1
C
 72
1
 11
27.883333333333333
 21
-13.457083333333337
 31
0.0
100
AcDbText
  0
LINE
  5
BCC
330
17
100
AcDbEntity
  8
eje
100
AcDbLine
 10
10.225000000000003
 20
-0.9500000000000014
 30
0.0
 11
10.225000000000003
 21
10.549999999999999
 31
0.0
  0
CIRCLE
  5
BCD
330
17
100
AcDbEntity
  8
marco-medio
100
AcDbCircle
 10
30.11666666666667
 20
-5.166666666666668
 30
0.0
 40
0.2
  0
TEXT
  5
BCE
330
17
100
AcDbEntity
  8
texto
100
AcDbText
 10
30.11666666666667
 20
-5.190416666666668
 30
0.0
 40
0.13
  1
D
 72
1
 11
30.11666666666667
 21
-5.190416666666668
 31
0.0
100
AcDbText
  0
CIRCLE
  5
BCF
330
17
100
AcDbEntity
  8
marco-medio
100
AcDbCircle
 10
30.11666666666667
 20
-13.433333333333335
 30
0.0
 40
0.2
  0
TEXT
  5
BD0
330
17
100
AcDbEntity
  8
texto
100
AcDbText
 10
30.11666666666667
 20
-13.457083333333337
 30
0.0
 40
0.13
  1
D
 72
1
 11
30.11666666666667
 21
-13.457083333333337
 31
0.0
100
AcDbText
  0
LINE
  5
BD1
330
17
100
AcDbEntity
  8
eje
100
AcDbLine
 10
13.575
 20
-0.9500000000000014
 30
0.0
 11
13.575
 21
10.549999999999999
 31
0.0
  0
CIRCLE
  5
BD2
330
17
100
AcDbEntity
  8
marco-medio
100
AcDbCircle
 10
32.35
 20
-5.166666666666668
 30
0.0
 40
0.2
  0
TEXT
  5
BD3
330
17
100
AcDbEntity
  8
texto
100
AcDbText
 10
32.35
 20
-5.190416666666668
 30
0.0
 40
0.13
  1
E
 72
1
 11
32.35
 21
-5.190416666666668
 31
0.0
100
AcDbText
  0
CIRCLE
  5
BD4
330
17
100
AcDbEntity
  8
marco-medio
100
AcDbCircle
 10
32.35
 20
-13.433333333333335
 30
0.0
 40
0.2
  0
TEXT
  5
BD5
330
17
100
AcDbEntity
  8
texto
100
AcDbText
 10
32.35
 20
-13.457083333333337
 30
0.0
 40
0.13
  1
E
 72
1
 11
32.35
 21
-13.457083333333337
 31
0.0
100
AcDbText
  0
LINE
  5
BD6
330
17
100
AcDbEntity
  8
eje
100
AcDbLine
 10
16.575
 20
-0.9500000000000014
 30
0.0
 11
16.575
 21
10.549999999999999
 31
0.0
  0
CIRCLE
  5
BD7
330
17
100
AcDbEntity
  8
marco-medio
100
AcDbCircle
 10
34.35
 20
-5.166666666666668
 30
0.0
 40
0.2
  0
TEXT
  5
BD8
330
17
100
AcDbEntity
  8
texto
100
AcDbText
 10
34.35
 20
-5.190416666666668
 30
0.0
 40
0.13
  1
F
 72
1
 11
34.35
 21
-5.190416666666668
 31
0.0
100
AcDbText
  0
CIRCLE
  5
BD9
330
17
100
AcDbEntity
  8
marco-medio
100
AcDbCircle
 10
34.35
 20
-13.433333333333335
 30
0.0
 40
0.2
  0
TEXT
  5
BDA
330
17
100
AcDbEntity
  8
texto
100
AcDbText
 10
34.35
 20
-13.457083333333337
 30
0.0
 40
0.13
  1
F
 72
1
 11
34.35
 21
-13.457083333333337
 31
0.0
100
AcDbText
  0
LINE
  5
BDB
330
17
100
AcDbEntity
  8
eje
100
AcDbLine
 10
20.125000000000004
 20
-0.9500000000000014
 30
0.0
 11
20.125000000000004
 21
10.549999999999999
 31
0.0
  0
CIRCLE
  5
BDC
330
17
100
AcDbEntity
  8
marco-medio
100
AcDbCircle
 10
36.71666666666667
 20
-5.166666666666668
 30
0.0
 40
0.2
  0
TEXT
  5
BDD
330
17
100
AcDbEntity
  8
texto
100
AcDbText
 10
36.71666666666667
 20
-5.190416666666668
 30
0.0
 40
0.13
  1
G
 72
1
 11
36.71666666666667
 21
-5.190416666666668
 31
0.0
100
AcDbText
  0
CIRCLE
  5
BDE
330
17
100
AcDbEntity
  8
marco-medio
100
AcDbCircle
 10
36.71666666666667
 20
-13.433333333333335
 30
0.0
 40
0.2
  0
TEXT
  5
BDF
330
17
100
AcDbEntity
  8
texto
100
AcDbText
 10
36.71666666666667
 20
-13.457083333333337
 30
0.0
 40
0.13
  1
G
 72
1
 11
36.71666666666667
 21
-13.457083333333337
 31
0.0
100
AcDbText
  0
LINE
  5
BE0
330
17
100
AcDbEntity
  8
eje
100
AcDbLine
 10
23.875000000000004
 20
-0.9500000000000014
 30
0.0
 11
23.875000000000004
 21
10.549999999999999
 31
0.0
  0
CIRCLE
  5
BE1
330
17
100
AcDbEntity
  8
marco-medio
100
AcDbCircle
 10
39.21666666666667
 20
-5.166666666666668
 30
0.0
 40
0.2
  0
TEXT
  5
BE2
330
17
100
AcDbEntity
  8
texto
100
AcDbText
 10
39.21666666666667
 20
-5.190416666666668
 30
0.0
 40
0.13
  1
H
 72
1
 11
39.21666666666667
 21
-5.190416666666668
 31
0.0
100
AcDbText
  0
CIRCLE
  5
BE3
330
17
100
AcDbEntity
  8
marco-medio
100
AcDbCircle
 10
39.21666666666667
 20
-13.433333333333335
 30
0.0
 40
0.2
  0
TEXT
  5
BE4
330
17
100
AcDbEntity
  8
texto
100
AcDbText
 10
39.21666666666667
 20
-13.457083333333337
 30
0.0
 40
0.13
  1
H
 72
1
 11
39.21666666666667
 21
-13.457083333333337
 31
0.0
100
AcDbText
  0
LINE
  5
BE5
330
17
100
AcDbEntity
  8
eje
100
AcDbLine
 10
-0.9500000000000014
 20
0.12499999999999928
 30
0.0
 11
24.950000000000003
 21
0.12499999999999928
 31
0.0
  0
CIRCLE
  5
BE6
330
17
100
AcDbEntity
  8
marco-medio
100
AcDbCircle
 10
22.316666666666666
 20
-12.416666666666668
 30
0.0
 40
0.2
  0
TEXT
  5
BE7
330
17
100
AcDbEntity
  8
texto
100
AcDbText
 10
22.316666666666666
 20
-12.440416666666668
 30
0.0
 40
0.13
  1
1
 72
1
 11
22.316666666666666
 21
-12.440416666666668
 31
0.0
100
AcDbText
  0
CIRCLE
  5
BE8
330
17
100
AcDbEntity
  8
marco-medio
100
AcDbCircle
 10
40.28333333333334
 20
-12.416666666666668
 30
0.0
 40
0.2
  0
TEXT
  5
BE9
330
17
100
AcDbEntity
  8
texto
100
AcDbText
 10
40.28333333333334
 20
-12.440416666666668
 30
0.0
 40
0.13
  1
1
 72
1
 11
40.28333333333334
 21
-12.440416666666668
 31
0.0
100
AcDbText
  0
LINE
  5
BEA
330
17
100
AcDbEntity
  8
eje
100
AcDbLine
 10
-0.9500000000000014
 20
3.8750000000000013
 30
0.0
 11
24.950000000000003
 21
3.8750000000000013
 31
0.0
  0
CIRCLE
  5
BEB
330
17
100
AcDbEntity
  8
marco-medio
100
AcDbCircle
 10
22.316666666666666
 20
-9.916666666666666
 30
0.0
 40
0.2
  0
TEXT
  5
BEC
330
17
100
AcDbEntity
  8
texto
100
AcDbText
 10
22.316666666666666
 20
-9.940416666666666
 30
0.0
 40
0.13
  1
2
 72
1
 11
22.316666666666666
 21
-9.940416666666666
 31
0.0
100
AcDbText
  0
CIRCLE
  5
BED
330
17
100
AcDbEntity
  8
marco-medio
100
AcDbCircle
 10
40.28333333333334
 20
-9.916666666666666
 30
0.0
 40
0.2
  0
TEXT
  5
BEE
330
17
100
AcDbEntity
  8
texto
100
AcDbText
 10
40.28333333333334
 20
-9.940416666666666
 30
0.0
 40
0.13
  1
2
 72
1
 11
40.28333333333334
 21
-9.940416666666666
 31
0.0
100
AcDbText
  0
LINE
  5
BEF
330
17
100
AcDbEntity
  8
eje
100
AcDbLine
 10
-0.9500000000000014
 20
5.724999999999999
 30
0.0
 11
24.950000000000003
 21
5.724999999999999
 31
0.0
  0
CIRCLE
  5
BF0
330
17
100
AcDbEntity
  8
marco-medio
100
AcDbCircle
 10
22.316666666666666
 20
-8.683333333333335
 30
0.0
 40
0.2
  0
TEXT
  5
BF1
330
17
100
AcDbEntity
  8
texto
100
AcDbText
 10
22.316666666666666
 20
-8.707083333333335
 30
0.0
 40
0.13
  1
3
 72
1
 11
22.316666666666666
 21
-8.707083333333335
 31
0.0
100
AcDbText
  0
CIRCLE
  5
BF2
330
17
100
AcDbEntity
  8
marco-medio
100
AcDbCircle
 10
40.28333333333334
 20
-8.683333333333335
 30
0.0
 40
0.2
  0
TEXT
  5
BF3
330
17
100
AcDbEntity
  8
texto
100
AcDbText
 10
40.28333333333334
 20
-8.707083333333335
 30
0.0
 40
0.13
  1
3
 72
1
 11
40.28333333333334
 21
-8.707083333333335
 31
0.0
100
AcDbText
  0
LINE
  5
BF4
330
17
100
AcDbEntity
  8
eje
100
AcDbLine
 10
-0.9500000000000014
 20
9.475
 30
0.0
 11
24.950000000000003
 21
9.475
 31
0.0
  0
CIRCLE
  5
BF5
330
17
100
AcDbEntity
  8
marco-medio
100
AcDbCircle
 10
22.316666666666666
 20
-6.183333333333334
 30
0.0
 40
0.2
  0
TEXT
  5
BF6
330
17
100
AcDbEntity
  8
texto
100
AcDbText
 10
22.316666666666666
 20
-6.207083333333333
 30
0.0
 40
0.13
  1
4
 72
1
 11
22.316666666666666
 21
-6.207083333333333
 31
0.0
100
AcDbText
  0
CIRCLE
  5
BF7
330
17
100
AcDbEntity
  8
marco-medio
100
AcDbCircle
 10
40.28333333333334
 20
-6.183333333333334
 30
0.0
 40
0.2
  0
TEXT
  5
BF8
330
17
100
AcDbEntity
  8
texto
100
AcDbText
 10
40.28333333333334
 20
-6.207083333333333
 30
0.0
 40
0.13
  1
4
 72
1
 11
40.28333333333334
 21
-6.207083333333333
 31
0.0
100
AcDbText
  0
LINE
  5
BF9
330
17
100
AcDbEntity
  8
cota
100
AcDbLine
 10
23.3
 20
-12.575000000000001
 30
0.0
 11
23.3
 21
-13.725000000000001
 31
0.0
  0
LINE
  5
BFA
330
17
100
AcDbEntity
  8
cota
100
AcDbLine
 10
39.300000000000004
 20
-12.575000000000001
 30
0.0
 11
39.300000000000004
 21
-13.725000000000001
 31
0.0
  0
LINE
  5
BFB
330
17
100
AcDbEntity
  8
cota
100
AcDbLine
 10
23.3
 20
-13.65
 30
0.0
 11
39.300000000000004
 21
-13.65
 31
0.0
  0
LINE
  5
BFC
330
17
100
AcDbEntity
  8
cota
100
AcDbLine
 10
23.225
 20
-13.725000000000001
 30
0.0
 11
23.375
 21
-13.575000000000001
 31
0.0
  0
LINE
  5
BFD
330
17
100
AcDbEntity
  8
cota
100
AcDbLine
 10
39.225
 20
-13.725000000000001
 30
0.0
 11
39.375
 21
-13.575000000000001
 31
0.0
  0
TEXT
  5
BFE
330
17
100
AcDbEntity
  8
cota-texto
100
AcDbText
 10
31.3
 20
-13.594999999999999
 30
0.0
 40
0.13
  1
24,00
 72
1
 11
31.3
 21
-13.594999999999999
 31
0.0
100
AcDbText
  0
LINE
  5
BFF
330
17
100
AcDbEntity
  8
cota
100
AcDbLine
 10
23.3
 20
-12.575000000000001
 30
0.0
 11
23.3
 21
-13.225000000000001
 31
0.0
  0
LINE
  5
C00
330
17
100
AcDbEntity
  8
cota
100
AcDbLine
 10
23.46666666666667
 20
-12.575000000000001
 30
0.0
 11
23.46666666666667
 21
-13.225000000000001
 31
0.0
  0
LINE
  5
C01
330
17
100
AcDbEntity
  8
cota
100
AcDbLine
 10
23.3
 20
-13.15
 30
0.0
 11
23.46666666666667
 21
-13.15
 31
0.0
  0
LINE
  5
C02
330
17
100
AcDbEntity
  8
cota
100
AcDbLine
 10
23.225
 20
-13.225000000000001
 30
0.0
 11
23.375
 21
-13.075000000000001
 31
0.0
  0
LINE
  5
C03
330
17
100
AcDbEntity
  8
cota
100
AcDbLine
 10
23.391666666666666
 20
-13.225000000000001
 30
0.0
 11
23.541666666666668
 21
-13.075000000000001
 31
0.0
  0
TEXT
  5
C04
330
17
100
AcDbEntity
  8
cota-texto
100
AcDbText
 10
23.383333333333333
 20
-13.094999999999999
 30
0.0
 40
0.095
  1
0,25
 72
1
 11
23.383333333333333
 21
-13.094999999999999
 31
0.0
100
AcDbText
  0
LINE
  5
C05
330
17
100
AcDbEntity
  8
cota
100
AcDbLine
 10
23.46666666666667
 20
-12.575000000000001
 30
0.0
 11
23.46666666666667
 21
-13.225000000000001
 31
0.0
  0
LINE
  5
C06
330
17
100
AcDbEntity
  8
cota
100
AcDbLine
 10
25.6
 20
-12.575000000000001
 30
0.0
 11
25.6
 21
-13.225000000000001
 31
0.0
  0
LINE
  5
C07
330
17
100
AcDbEntity
  8
cota
100
AcDbLine
 10
23.46666666666667
 20
-13.15
 30
0.0
 11
25.6
 21
-13.15
 31
0.0
  0
LINE
  5
C08
330
17
100
AcDbEntity
  8
cota
100
AcDbLine
 10
23.391666666666666
 20
-13.225000000000001
 30
0.0
 11
23.541666666666668
 21
-13.075000000000001
 31
0.0
  0
LINE
  5
C09
330
17
100
AcDbEntity
  8
cota
100
AcDbLine
 10
25.525000000000002
 20
-13.225000000000001
 30
0.0
 11
25.675
 21
-13.075000000000001
 31
0.0
  0
TEXT
  5
C0A
330
17
100
AcDbEntity
  8
cota-texto
100
AcDbText
 10
24.53333333333333
 20
-13.094999999999999
 30
0.0
 40
0.095
  1
3,20
 72
1
 11
24.53333333333333
 21
-13.094999999999999
 31
0.0
100
AcDbText
  0
LINE
  5
C0B
330
17
100
AcDbEntity
  8
cota
100
AcDbLine
 10
25.6
 20
-12.575000000000001
 30
0.0
 11
25.6
 21
-13.225000000000001
 31
0.0
  0
LINE
  5
C0C
330
17
100
AcDbEntity
  8
cota
100
AcDbLine
 10
25.700000000000003
 20
-12.575000000000001
 30
0.0
 11
25.700000000000003
 21
-13.225000000000001
 31
0.0
  0
LINE
  5
C0D
330
17
100
AcDbEntity
  8
cota
100
AcDbLine
 10
25.6
 20
-13.15
 30
0.0
 11
25.700000000000003
 21
-13.15
 31
0.0
  0
LINE
  5
C0E
330
17
100
AcDbEntity
  8
cota
100
AcDbLine
 10
25.525000000000002
 20
-13.225000000000001
 30
0.0
 11
25.675
 21
-13.075000000000001
 31
0.0
  0
LINE
  5
C0F
330
17
100
AcDbEntity
  8
cota
100
AcDbLine
 10
25.625
 20
-13.225000000000001
 30
0.0
 11
25.775000000000002
 21
-13.075000000000001
 31
0.0
  0
TEXT
  5
C10
330
17
100
AcDbEntity
  8
cota-texto
100
AcDbText
 10
25.650000000000002
 20
-13.094999999999999
 30
0.0
 40
0.095
  1
0,15
 72
1
 11
25.650000000000002
 21
-13.094999999999999
 31
0.0
100
AcDbText
  0
LINE
  5
C11
330
17
100
AcDbEntity
  8
cota
100
AcDbLine
 10
25.700000000000003
 20
-12.575000000000001
 30
0.0
 11
25.700000000000003
 21
-13.225000000000001
 31
0.0
  0
LINE
  5
C12
330
17
100
AcDbEntity
  8
cota
100
AcDbLine
 10
27.833333333333332
 20
-12.575000000000001
 30
0.0
 11
27.833333333333332
 21
-13.225000000000001
 31
0.0
  0
LINE
  5
C13
330
17
100
AcDbEntity
  8
cota
100
AcDbLine
 10
25.700000000000003
 20
-13.15
 30
0.0
 11
27.833333333333332
 21
-13.15
 31
0.0
  0
LINE
  5
C14
330
17
100
AcDbEntity
  8
cota
100
AcDbLine
 10
25.625
 20
-13.225000000000001
 30
0.0
 11
25.775000000000002
 21
-13.075000000000001
 31
0.0
  0
LINE
  5
C15
330
17
100
AcDbEntity
  8
cota
100
AcDbLine
 10
27.758333333333333
 20
-13.225000000000001
 30
0.0
 11
27.90833333333333
 21
-13.075000000000001
 31
0.0
  0
TEXT
  5
C16
330
17
100
AcDbEntity
  8
cota-texto
100
AcDbText
 10
26.766666666666666
 20
-13.094999999999999
 30
0.0
 40
0.095
  1
3,20
 72
1
 11
26.766666666666666
 21
-13.094999999999999
 31
0.0
100
AcDbText
  0
LINE
  5
C17
330
17
100
AcDbEntity
  8
cota
100
AcDbLine
 10
27.833333333333332
 20
-12.575000000000001
 30
0.0
 11
27.833333333333332
 21
-13.225000000000001
 31
0.0
  0
LINE
  5
C18
330
17
100
AcDbEntity
  8
cota
100
AcDbLine
 10
27.933333333333334
 20
-12.575000000000001
 30
0.0
 11
27.933333333333334
 21
-13.225000000000001
 31
0.0
  0
LINE
  5
C19
330
17
100
AcDbEntity
  8
cota
100
AcDbLine
 10
27.833333333333332
 20
-13.15
 30
0.0
 11
27.933333333333334
 21
-13.15
 31
0.0
  0
LINE
  5
C1A
330
17
100
AcDbEntity
  8
cota
100
AcDbLine
 10
27.758333333333333
 20
-13.225000000000001
 30
0.0
 11
27.90833333333333
 21
-13.075000000000001
 31
0.0
  0
LINE
  5
C1B
330
17
100
AcDbEntity
  8
cota
100
AcDbLine
 10
27.858333333333334
 20
-13.225000000000001
 30
0.0
 11
28.008333333333333
 21
-13.075000000000001
 31
0.0
  0
TEXT
  5
C1C
330
17
100
AcDbEntity
  8
cota-texto
100
AcDbText
 10
27.883333333333333
 20
-13.094999999999999
 30
0.0
 40
0.095
  1
0,15
 72
1
 11
27.883333333333333
 21
-13.094999999999999
 31
0.0
100
AcDbText
  0
LINE
  5
C1D
330
17
100
AcDbEntity
  8
cota
100
AcDbLine
 10
27.933333333333334
 20
-12.575000000000001
 30
0.0
 11
27.933333333333334
 21
-13.225000000000001
 31
0.0
  0
LINE
  5
C1E
330
17
100
AcDbEntity
  8
cota
100
AcDbLine
 10
30.06666666666667
 20
-12.575000000000001
 30
0.0
 11
30.06666666666667
 21
-13.225000000000001
 31
0.0
  0
LINE
  5
C1F
330
17
100
AcDbEntity
  8
cota
100
AcDbLine
 10
27.933333333333334
 20
-13.15
 30
0.0
 11
30.06666666666667
 21
-13.15
 31
0.0
  0
LINE
  5
C20
330
17
100
AcDbEntity
  8
cota
100
AcDbLine
 10
27.858333333333334
 20
-13.225000000000001
 30
0.0
 11
28.008333333333333
 21
-13.075000000000001
 31
0.0
  0
LINE
  5
C21
330
17
100
AcDbEntity
  8
cota
100
AcDbLine
 10
29.99166666666667
 20
-13.225000000000001
 30
0.0
 11
30.14166666666667
 21
-13.075000000000001
 31
0.0
  0
TEXT
  5
C22
330
17
100
AcDbEntity
  8
cota-texto
100
AcDbText
 10
29.0
 20
-13.094999999999999
 30
0.0
 40
0.095
  1
3,20
 72
1
 11
29.0
 21
-13.094999999999999
 31
0.0
100
AcDbText
  0
LINE
  5
C23
330
17
100
AcDbEntity
  8
cota
100
AcDbLine
 10
30.06666666666667
 20
-12.575000000000001
 30
0.0
 11
30.06666666666667
 21
-13.225000000000001
 31
0.0
  0
LINE
  5
C24
330
17
100
AcDbEntity
  8
cota
100
AcDbLine
 10
30.16666666666667
 20
-12.575000000000001
 30
0.0
 11
30.16666666666667
 21
-13.225000000000001
 31
0.0
  0
LINE
  5
C25
330
17
100
AcDbEntity
  8
cota
100
AcDbLine
 10
30.06666666666667
 20
-13.15
 30
0.0
 11
30.16666666666667
 21
-13.15
 31
0.0
  0
LINE
  5
C26
330
17
100
AcDbEntity
  8
cota
100
AcDbLine
 10
29.99166666666667
 20
-13.225000000000001
 30
0.0
 11
30.14166666666667
 21
-13.075000000000001
 31
0.0
  0
LINE
  5
C27
330
17
100
AcDbEntity
  8
cota
100
AcDbLine
 10
30.09166666666667
 20
-13.225000000000001
 30
0.0
 11
30.24166666666667
 21
-13.075000000000001
 31
0.0
  0
TEXT
  5
C28
330
17
100
AcDbEntity
  8
cota-texto
100
AcDbText
 10
30.11666666666667
 20
-13.094999999999999
 30
0.0
 40
0.095
  1
0,15
 72
1
 11
30.11666666666667
 21
-13.094999999999999
 31
0.0
100
AcDbText
  0
LINE
  5
C29
330
17
100
AcDbEntity
  8
cota
100
AcDbLine
 10
30.16666666666667
 20
-12.575000000000001
 30
0.0
 11
30.16666666666667
 21
-13.225000000000001
 31
0.0
  0
LINE
  5
C2A
330
17
100
AcDbEntity
  8
cota
100
AcDbLine
 10
32.300000000000004
 20
-12.575000000000001
 30
0.0
 11
32.300000000000004
 21
-13.225000000000001
 31
0.0
  0
LINE
  5
C2B
330
17
100
AcDbEntity
  8
cota
100
AcDbLine
 10
30.16666666666667
 20
-13.15
 30
0.0
 11
32.300000000000004
 21
-13.15
 31
0.0
  0
LINE
  5
C2C
330
17
100
AcDbEntity
  8
cota
100
AcDbLine
 10
30.09166666666667
 20
-13.225000000000001
 30
0.0
 11
30.24166666666667
 21
-13.075000000000001
 31
0.0
  0
LINE
  5
C2D
330
17
100
AcDbEntity
  8
cota
100
AcDbLine
 10
32.225
 20
-13.225000000000001
 30
0.0
 11
32.375
 21
-13.075000000000001
 31
0.0
  0
TEXT
  5
C2E
330
17
100
AcDbEntity
  8
cota-texto
100
AcDbText
 10
31.233333333333338
 20
-13.094999999999999
 30
0.0
 40
0.095
  1
3,20
 72
1
 11
31.233333333333338
 21
-13.094999999999999
 31
0.0
100
AcDbText
  0
LINE
  5
C2F
330
17
100
AcDbEntity
  8
cota
100
AcDbLine
 10
32.300000000000004
 20
-12.575000000000001
 30
0.0
 11
32.300000000000004
 21
-13.225000000000001
 31
0.0
  0
LINE
  5
C30
330
17
100
AcDbEntity
  8
cota
100
AcDbLine
 10
32.4
 20
-12.575000000000001
 30
0.0
 11
32.4
 21
-13.225000000000001
 31
0.0
  0
LINE
  5
C31
330
17
100
AcDbEntity
  8
cota
100
AcDbLine
 10
32.300000000000004
 20
-13.15
 30
0.0
 11
32.4
 21
-13.15
 31
0.0
  0
LINE
  5
C32
330
17
100
AcDbEntity
  8
cota
100
AcDbLine
 10
32.225
 20
-13.225000000000001
 30
0.0
 11
32.375
 21
-13.075000000000001
 31
0.0
  0
LINE
  5
C33
330
17
100
AcDbEntity
  8
cota
100
AcDbLine
 10
32.325
 20
-13.225000000000001
 30
0.0
 11
32.475
 21
-13.075000000000001
 31
0.0
  0
TEXT
  5
C34
330
17
100
AcDbEntity
  8
cota-texto
100
AcDbText
 10
32.35
 20
-13.094999999999999
 30
0.0
 40
0.095
  1
0,15
 72
1
 11
32.35
 21
-13.094999999999999
 31
0.0
100
AcDbText
  0
LINE
  5
C35
330
17
100
AcDbEntity
  8
cota
100
AcDbLine
 10
32.4
 20
-12.575000000000001
 30
0.0
 11
32.4
 21
-13.225000000000001
 31
0.0
  0
LINE
  5
C36
330
17
100
AcDbEntity
  8
cota
100
AcDbLine
 10
34.300000000000004
 20
-12.575000000000001
 30
0.0
 11
34.300000000000004
 21
-13.225000000000001
 31
0.0
  0
LINE
  5
C37
330
17
100
AcDbEntity
  8
cota
100
AcDbLine
 10
32.4
 20
-13.15
 30
0.0
 11
34.300000000000004
 21
-13.15
 31
0.0
  0
LINE
  5
C38
330
17
100
AcDbEntity
  8
cota
100
AcDbLine
 10
32.325
 20
-13.225000000000001
 30
0.0
 11
32.475
 21
-13.075000000000001
 31
0.0
  0
LINE
  5
C39
330
17
100
AcDbEntity
  8
cota
100
AcDbLine
 10
34.225
 20
-13.225000000000001
 30
0.0
 11
34.375
 21
-13.075000000000001
 31
0.0
  0
TEXT
  5
C3A
330
17
100
AcDbEntity
  8
cota-texto
100
AcDbText
 10
33.35
 20
-13.094999999999999
 30
0.0
 40
0.095
  1
2,85
 72
1
 11
33.35
 21
-13.094999999999999
 31
0.0
100
AcDbText
  0
LINE
  5
C3B
330
17
100
AcDbEntity
  8
cota
100
AcDbLine
 10
34.300000000000004
 20
-12.575000000000001
 30
0.0
 11
34.300000000000004
 21
-13.225000000000001
 31
0.0
  0
LINE
  5
C3C
330
17
100
AcDbEntity
  8
cota
100
AcDbLine
 10
34.4
 20
-12.575000000000001
 30
0.0
 11
34.4
 21
-13.225000000000001
 31
0.0
  0
LINE
  5
C3D
330
17
100
AcDbEntity
  8
cota
100
AcDbLine
 10
34.300000000000004
 20
-13.15
 30
0.0
 11
34.4
 21
-13.15
 31
0.0
  0
LINE
  5
C3E
330
17
100
AcDbEntity
  8
cota
100
AcDbLine
 10
34.225
 20
-13.225000000000001
 30
0.0
 11
34.375
 21
-13.075000000000001
 31
0.0
  0
LINE
  5
C3F
330
17
100
AcDbEntity
  8
cota
100
AcDbLine
 10
34.325
 20
-13.225000000000001
 30
0.0
 11
34.475
 21
-13.075000000000001
 31
0.0
  0
TEXT
  5
C40
330
17
100
AcDbEntity
  8
cota-texto
100
AcDbText
 10
34.35
 20
-13.094999999999999
 30
0.0
 40
0.095
  1
0,15
 72
1
 11
34.35
 21
-13.094999999999999
 31
0.0
100
AcDbText
  0
LINE
  5
C41
330
17
100
AcDbEntity
  8
cota
100
AcDbLine
 10
34.4
 20
-12.575000000000001
 30
0.0
 11
34.4
 21
-13.225000000000001
 31
0.0
  0
LINE
  5
C42
330
17
100
AcDbEntity
  8
cota
100
AcDbLine
 10
36.66666666666667
 20
-12.575000000000001
 30
0.0
 11
36.66666666666667
 21
-13.225000000000001
 31
0.0
  0
LINE
  5
C43
330
17
100
AcDbEntity
  8
cota
100
AcDbLine
 10
34.4
 20
-13.15
 30
0.0
 11
36.66666666666667
 21
-13.15
 31
0.0
  0
LINE
  5
C44
330
17
100
AcDbEntity
  8
cota
100
AcDbLine
 10
34.325
 20
-13.225000000000001
 30
0.0
 11
34.475
 21
-13.075000000000001
 31
0.0
  0
LINE
  5
C45
330
17
100
AcDbEntity
  8
cota
100
AcDbLine
 10
36.59166666666667
 20
-13.225000000000001
 30
0.0
 11
36.74166666666667
 21
-13.075000000000001
 31
0.0
  0
TEXT
  5
C46
330
17
100
AcDbEntity
  8
cota-texto
100
AcDbText
 10
35.53333333333334
 20
-13.094999999999999
 30
0.0
 40
0.095
  1
3,40
 72
1
 11
35.53333333333334
 21
-13.094999999999999
 31
0.0
100
AcDbText
  0
LINE
  5
C47
330
17
100
AcDbEntity
  8
cota
100
AcDbLine
 10
36.66666666666667
 20
-12.575000000000001
 30
0.0
 11
36.66666666666667
 21
-13.225000000000001
 31
0.0
  0
LINE
  5
C48
330
17
100
AcDbEntity
  8
cota
100
AcDbLine
 10
36.766666666666666
 20
-12.575000000000001
 30
0.0
 11
36.766666666666666
 21
-13.225000000000001
 31
0.0
  0
LINE
  5
C49
330
17
100
AcDbEntity
  8
cota
100
AcDbLine
 10
36.66666666666667
 20
-13.15
 30
0.0
 11
36.766666666666666
 21
-13.15
 31
0.0
  0
LINE
  5
C4A
330
17
100
AcDbEntity
  8
cota
100
AcDbLine
 10
36.59166666666667
 20
-13.225000000000001
 30
0.0
 11
36.74166666666667
 21
-13.075000000000001
 31
0.0
  0
LINE
  5
C4B
330
17
100
AcDbEntity
  8
cota
100
AcDbLine
 10
36.69166666666666
 20
-13.225000000000001
 30
0.0
 11
36.84166666666666
 21
-13.075000000000001
 31
0.0
  0
TEXT
  5
C4C
330
17
100
AcDbEntity
  8
cota-texto
100
AcDbText
 10
36.71666666666666
 20
-13.094999999999999
 30
0.0
 40
0.095
  1
0,15
 72
1
 11
36.71666666666666
 21
-13.094999999999999
 31
0.0
100
AcDbText
  0
LINE
  5
C4D
330
17
100
AcDbEntity
  8
cota
100
AcDbLine
 10
36.766666666666666
 20
-12.575000000000001
 30
0.0
 11
36.766666666666666
 21
-13.225000000000001
 31
0.0
  0
LINE
  5
C4E
330
17
100
AcDbEntity
  8
cota
100
AcDbLine
 10
39.13333333333334
 20
-12.575000000000001
 30
0.0
 11
39.13333333333334
 21
-13.225000000000001
 31
0.0
  0
LINE
  5
C4F
330
17
100
AcDbEntity
  8
cota
100
AcDbLine
 10
36.766666666666666
 20
-13.15
 30
0.0
 11
39.13333333333334
 21
-13.15
 31
0.0
  0
LINE
  5
C50
330
17
100
AcDbEntity
  8
cota
100
AcDbLine
 10
36.69166666666666
 20
-13.225000000000001
 30
0.0
 11
36.84166666666666
 21
-13.075000000000001
 31
0.0
  0
LINE
  5
C51
330
17
100
AcDbEntity
  8
cota
100
AcDbLine
 10
39.05833333333334
 20
-13.225000000000001
 30
0.0
 11
39.20833333333334
 21
-13.075000000000001
 31
0.0
  0
TEXT
  5
C52
330
17
100
AcDbEntity
  8
cota-texto
100
AcDbText
 10
37.95
 20
-13.094999999999999
 30
0.0
 40
0.095
  1
3,55
 72
1
 11
37.95
 21
-13.094999999999999
 31
0.0
100
AcDbText
  0
LINE
  5
C53
330
17
100
AcDbEntity
  8
cota
100
AcDbLine
 10
39.13333333333334
 20
-12.575000000000001
 30
0.0
 11
39.13333333333334
 21
-13.225000000000001
 31
0.0
  0
LINE
  5
C54
330
17
100
AcDbEntity
  8
cota
100
AcDbLine
 10
39.300000000000004
 20
-12.575000000000001
 30
0.0
 11
39.300000000000004
 21
-13.225000000000001
 31
0.0
  0
LINE
  5
C55
330
17
100
AcDbEntity
  8
cota
100
AcDbLine
 10
39.13333333333334
 20
-13.15
 30
0.0
 11
39.300000000000004
 21
-13.15
 31
0.0
  0
LINE
  5
C56
330
17
100
AcDbEntity
  8
cota
100
AcDbLine
 10
39.05833333333334
 20
-13.225000000000001
 30
0.0
 11
39.20833333333334
 21
-13.075000000000001
 31
0.0
  0
LINE
  5
C57
330
17
100
AcDbEntity
  8
cota
100
AcDbLine
 10
39.225
 20
-13.225000000000001
 30
0.0
 11
39.375
 21
-13.075000000000001
 31
0.0
  0
TEXT
  5
C58
330
17
100
AcDbEntity
  8
cota-texto
100
AcDbText
 10
39.21666666666667
 20
-13.094999999999999
 30
0.0
 40
0.095
  1
0,25
 72
1
 11
39.21666666666667
 21
-13.094999999999999
 31
0.0
100
AcDbText
  0
LINE
  5
C59
330
17
100
AcDbEntity
  8
cota
100
AcDbLine
 10
23.383333333333336
 20
-12.575000000000001
 30
0.0
 11
23.383333333333336
 21
-14.225000000000001
 31
0.0
  0
LINE
  5
C5A
330
17
100
AcDbEntity
  8
cota
100
AcDbLine
 10
25.650000000000002
 20
-12.575000000000001
 30
0.0
 11
25.650000000000002
 21
-14.225000000000001
 31
0.0
  0
LINE
  5
C5B
330
17
100
AcDbEntity
  8
cota
100
AcDbLine
 10
23.383333333333336
 20
-14.15
 30
0.0
 11
25.650000000000002
 21
-14.15
 31
0.0
  0
LINE
  5
C5C
330
17
100
AcDbEntity
  8
cota
100
AcDbLine
 10
23.308333333333337
 20
-14.225000000000001
 30
0.0
 11
23.458333333333336
 21
-14.075000000000001
 31
0.0
  0
LINE
  5
C5D
330
17
100
AcDbEntity
  8
cota
100
AcDbLine
 10
25.575000000000003
 20
-14.225000000000001
 30
0.0
 11
25.725
 21
-14.075000000000001
 31
0.0
  0
TEXT
  5
C5E
330
17
100
AcDbEntity
  8
cota-texto
100
AcDbText
 10
24.51666666666667
 20
-14.094999999999999
 30
0.0
 40
0.105
  1
3,40
 72
1
 11
24.51666666666667
 21
-14.094999999999999
 31
0.0
100
AcDbText
  0
LINE
  5
C5F
330
17
100
AcDbEntity
  8
cota
100
AcDbLine
 10
25.650000000000002
 20
-12.575000000000001
 30
0.0
 11
25.650000000000002
 21
-14.225000000000001
 31
0.0
  0
LINE
  5
C60
330
17
100
AcDbEntity
  8
cota
100
AcDbLine
 10
27.883333333333333
 20
-12.575000000000001
 30
0.0
 11
27.883333333333333
 21
-14.225000000000001
 31
0.0
  0
LINE
  5
C61
330
17
100
AcDbEntity
  8
cota
100
AcDbLine
 10
25.650000000000002
 20
-14.15
 30
0.0
 11
27.883333333333333
 21
-14.15
 31
0.0
  0
LINE
  5
C62
330
17
100
AcDbEntity
  8
cota
100
AcDbLine
 10
25.575000000000003
 20
-14.225000000000001
 30
0.0
 11
25.725
 21
-14.075000000000001
 31
0.0
  0
LINE
  5
C63
330
17
100
AcDbEntity
  8
cota
100
AcDbLine
 10
27.808333333333334
 20
-14.225000000000001
 30
0.0
 11
27.958333333333332
 21
-14.075000000000001
 31
0.0
  0
TEXT
  5
C64
330
17
100
AcDbEntity
  8
cota-texto
100
AcDbText
 10
26.766666666666666
 20
-14.094999999999999
 30
0.0
 40
0.105
  1
3,35
 72
1
 11
26.766666666666666
 21
-14.094999999999999
 31
0.0
100
AcDbText
  0
LINE
  5
C65
330
17
100
AcDbEntity
  8
cota
100
AcDbLine
 10
27.883333333333333
 20
-12.575000000000001
 30
0.0
 11
27.883333333333333
 21
-14.225000000000001
 31
0.0
  0
LINE
  5
C66
330
17
100
AcDbEntity
  8
cota
100
AcDbLine
 10
30.11666666666667
 20
-12.575000000000001
 30
0.0
 11
30.11666666666667
 21
-14.225000000000001
 31
0.0
  0
LINE
  5
C67
330
17
100
AcDbEntity
  8
cota
100
AcDbLine
 10
27.883333333333333
 20
-14.15
 30
0.0
 11
30.11666666666667
 21
-14.15
 31
0.0
  0
LINE
  5
C68
330
17
100
AcDbEntity
  8
cota
100
AcDbLine
 10
27.808333333333334
 20
-14.225000000000001
 30
0.0
 11
27.958333333333332
 21
-14.075000000000001
 31
0.0
  0
LINE
  5
C69
330
17
100
AcDbEntity
  8
cota
100
AcDbLine
 10
30.04166666666667
 20
-14.225000000000001
 30
0.0
 11
30.19166666666667
 21
-14.075000000000001
 31
0.0
  0
TEXT
  5
C6A
330
17
100
AcDbEntity
  8
cota-texto
100
AcDbText
 10
29.0
 20
-14.094999999999999
 30
0.0
 40
0.105
  1
3,35
 72
1
 11
29.0
 21
-14.094999999999999
 31
0.0
100
AcDbText
  0
LINE
  5
C6B
330
17
100
AcDbEntity
  8
cota
100
AcDbLine
 10
30.11666666666667
 20
-12.575000000000001
 30
0.0
 11
30.11666666666667
 21
-14.225000000000001
 31
0.0
  0
LINE
  5
C6C
330
17
100
AcDbEntity
  8
cota
100
AcDbLine
 10
32.35
 20
-12.575000000000001
 30
0.0
 11
32.35
 21
-14.225000000000001
 31
0.0
  0
LINE
  5
C6D
330
17
100
AcDbEntity
  8
cota
100
AcDbLine
 10
30.11666666666667
 20
-14.15
 30
0.0
 11
32.35
 21
-14.15
 31
0.0
  0
LINE
  5
C6E
330
17
100
AcDbEntity
  8
cota
100
AcDbLine
 10
30.04166666666667
 20
-14.225000000000001
 30
0.0
 11
30.19166666666667
 21
-14.075000000000001
 31
0.0
  0
LINE
  5
C6F
330
17
100
AcDbEntity
  8
cota
100
AcDbLine
 10
32.275
 20
-14.225000000000001
 30
0.0
 11
32.425000000000004
 21
-14.075000000000001
 31
0.0
  0
TEXT
  5
C70
330
17
100
AcDbEntity
  8
cota-texto
100
AcDbText
 10
31.233333333333338
 20
-14.094999999999999
 30
0.0
 40
0.105
  1
3,35
 72
1
 11
31.233333333333338
 21
-14.094999999999999
 31
0.0
100
AcDbText
  0
LINE
  5
C71
330
17
100
AcDbEntity
  8
cota
100
AcDbLine
 10
32.35
 20
-12.575000000000001
 30
0.0
 11
32.35
 21
-14.225000000000001
 31
0.0
  0
LINE
  5
C72
330
17
100
AcDbEntity
  8
cota
100
AcDbLine
 10
34.35
 20
-12.575000000000001
 30
0.0
 11
34.35
 21
-14.225000000000001
 31
0.0
  0
LINE
  5
C73
330
17
100
AcDbEntity
  8
cota
100
AcDbLine
 10
32.35
 20
-14.15
 30
0.0
 11
34.35
 21
-14.15
 31
0.0
  0
LINE
  5
C74
330
17
100
AcDbEntity
  8
cota
100
AcDbLine
 10
32.275
 20
-14.225000000000001
 30
0.0
 11
32.425000000000004
 21
-14.075000000000001
 31
0.0
  0
LINE
  5
C75
330
17
100
AcDbEntity
  8
cota
100
AcDbLine
 10
34.275
 20
-14.225000000000001
 30
0.0
 11
34.425000000000004
 21
-14.075000000000001
 31
0.0
  0
TEXT
  5
C76
330
17
100
AcDbEntity
  8
cota-texto
100
AcDbText
 10
33.35
 20
-14.094999999999999
 30
0.0
 40
0.105
  1
3,00
 72
1
 11
33.35
 21
-14.094999999999999
 31
0.0
100
AcDbText
  0
LINE
  5
C77
330
17
100
AcDbEntity
  8
cota
100
AcDbLine
 10
34.35
 20
-12.575000000000001
 30
0.0
 11
34.35
 21
-14.225000000000001
 31
0.0
  0
LINE
  5
C78
330
17
100
AcDbEntity
  8
cota
100
AcDbLine
 10
36.71666666666667
 20
-12.575000000000001
 30
0.0
 11
36.71666666666667
 21
-14.225000000000001
 31
0.0
  0
LINE
  5
C79
330
17
100
AcDbEntity
  8
cota
100
AcDbLine
 10
34.35
 20
-14.15
 30
0.0
 11
36.71666666666667
 21
-14.15
 31
0.0
  0
LINE
  5
C7A
330
17
100
AcDbEntity
  8
cota
100
AcDbLine
 10
34.275
 20
-14.225000000000001
 30
0.0
 11
34.425000000000004
 21
-14.075000000000001
 31
0.0
  0
LINE
  5
C7B
330
17
100
AcDbEntity
  8
cota
100
AcDbLine
 10
36.64166666666667
 20
-14.225000000000001
 30
0.0
 11
36.79166666666667
 21
-14.075000000000001
 31
0.0
  0
TEXT
  5
C7C
330
17
100
AcDbEntity
  8
cota-texto
100
AcDbText
 10
35.53333333333334
 20
-14.094999999999999
 30
0.0
 40
0.105
  1
3,55
 72
1
 11
35.53333333333334
 21
-14.094999999999999
 31
0.0
100
AcDbText
  0
LINE
  5
C7D
330
17
100
AcDbEntity
  8
cota
100
AcDbLine
 10
36.71666666666667
 20
-12.575000000000001
 30
0.0
 11
36.71666666666667
 21
-14.225000000000001
 31
0.0
  0
LINE
  5
C7E
330
17
100
AcDbEntity
  8
cota
100
AcDbLine
 10
39.21666666666667
 20
-12.575000000000001
 30
0.0
 11
39.21666666666667
 21
-14.225000000000001
 31
0.0
  0
LINE
  5
C7F
330
17
100
AcDbEntity
  8
cota
100
AcDbLine
 10
36.71666666666667
 20
-14.15
 30
0.0
 11
39.21666666666667
 21
-14.15
 31
0.0
  0
LINE
  5
C80
330
17
100
AcDbEntity
  8
cota
100
AcDbLine
 10
36.64166666666667
 20
-14.225000000000001
 30
0.0
 11
36.79166666666667
 21
-14.075000000000001
 31
0.0
  0
LINE
  5
C81
330
17
100
AcDbEntity
  8
cota
100
AcDbLine
 10
39.14166666666667
 20
-14.225000000000001
 30
0.0
 11
39.29166666666667
 21
-14.075000000000001
 31
0.0
  0
TEXT
  5
C82
330
17
100
AcDbEntity
  8
cota-texto
100
AcDbText
 10
37.96666666666667
 20
-14.094999999999999
 30
0.0
 40
0.105
  1
3,75
 72
1
 11
37.96666666666667
 21
-14.094999999999999
 31
0.0
100
AcDbText
  0
LINE
  5
C83
330
17
100
AcDbEntity
  8
cota
100
AcDbLine
 10
23.225
 20
-12.5
 30
0.0
 11
21.925
 21
-12.5
 31
0.0
  0
LINE
  5
C84
330
17
100
AcDbEntity
  8
cota
100
AcDbLine
 10
23.225
 20
-6.1000000000000005
 30
0.0
 11
21.925
 21
-6.1000000000000005
 31
0.0
  0
LINE
  5
C85
330
17
100
AcDbEntity
  8
cota
100
AcDbLine
 10
22.0
 20
-12.5
 30
0.0
 11
22.0
 21
-6.1000000000000005
 31
0.0
  0
LINE
  5
C86
330
17
100
AcDbEntity
  8
cota
100
AcDbLine
 10
21.925
 20
-12.425
 30
0.0
 11
22.075000000000003
 21
-12.575000000000001
 31
0.0
  0
LINE
  5
C87
330
17
100
AcDbEntity
  8
cota
100
AcDbLine
 10
21.925
 20
-6.025
 30
0.0
 11
22.075000000000003
 21
-6.175000000000001
 31
0.0
  0
TEXT
  5
C88
330
17
100
AcDbEntity
  8
cota-texto
100
AcDbText
 10
21.945
 20
-9.3
 30
0.0
 40
0.13
  1
9,60
 50
90.0
 72
1
 11
21.945
 21
-9.3
 31
0.0
100
AcDbText
  0
LINE
  5
C89
330
17
100
AcDbEntity
  8
cota
100
AcDbLine
 10
23.225
 20
-12.5
 30
0.0
 11
22.425
 21
-12.5
 31
0.0
  0
LINE
  5
C8A
330
17
100
AcDbEntity
  8
cota
100
AcDbLine
 10
23.225
 20
-12.333333333333334
 30
0.0
 11
22.425
 21
-12.333333333333334
 31
0.0
  0
LINE
  5
C8B
330
17
100
AcDbEntity
  8
cota
100
AcDbLine
 10
22.5
 20
-12.5
 30
0.0
 11
22.5
 21
-12.333333333333334
 31
0.0
  0
LINE
  5
C8C
330
17
100
AcDbEntity
  8
cota
100
AcDbLine
 10
22.425
 20
-12.425
 30
0.0
 11
22.575000000000003
 21
-12.575000000000001
 31
0.0
  0
LINE
  5
C8D
330
17
100
AcDbEntity
  8
cota
100
AcDbLine
 10
22.425
 20
-12.258333333333333
 30
0.0
 11
22.575000000000003
 21
-12.408333333333333
 31
0.0
  0
TEXT
  5
C8E
330
17
100
AcDbEntity
  8
cota-texto
100
AcDbText
 10
22.445
 20
-12.416666666666666
 30
0.0
 40
0.095
  1
0,25
 50
90.0
 72
1
 11
22.445
 21
-12.416666666666666
 31
0.0
100
AcDbText
  0
LINE
  5
C8F
330
17
100
AcDbEntity
  8
cota
100
AcDbLine
 10
23.225
 20
-12.333333333333334
 30
0.0
 11
22.425
 21
-12.333333333333334
 31
0.0
  0
LINE
  5
C90
330
17
100
AcDbEntity
  8
cota
100
AcDbLine
 10
23.225
 20
-9.966666666666669
 30
0.0
 11
22.425
 21
-9.966666666666669
 31
0.0
  0
LINE
  5
C91
330
17
100
AcDbEntity
  8
cota
100
AcDbLine
 10
22.5
 20
-12.333333333333334
 30
0.0
 11
22.5
 21
-9.966666666666669
 31
0.0
  0
LINE
  5
C92
330
17
100
AcDbEntity
  8
cota
100
AcDbLine
 10
22.425
 20
-12.258333333333333
 30
0.0
 11
22.575000000000003
 21
-12.408333333333333
 31
0.0
  0
LINE
  5
C93
330
17
100
AcDbEntity
  8
cota
100
AcDbLine
 10
22.425
 20
-9.891666666666667
 30
0.0
 11
22.575000000000003
 21
-10.041666666666668
 31
0.0
  0
TEXT
  5
C94
330
17
100
AcDbEntity
  8
cota-texto
100
AcDbText
 10
22.445
 20
-11.15
 30
0.0
 40
0.095
  1
3,55
 50
90.0
 72
1
 11
22.445
 21
-11.15
 31
0.0
100
AcDbText
  0
LINE
  5
C95
330
17
100
AcDbEntity
  8
cota
100
AcDbLine
 10
23.225
 20
-9.966666666666669
 30
0.0
 11
22.425
 21
-9.966666666666669
 31
0.0
  0
LINE
  5
C96
330
17
100
AcDbEntity
  8
cota
100
AcDbLine
 10
23.225
 20
-9.866666666666667
 30
0.0
 11
22.425
 21
-9.866666666666667
 31
0.0
  0
LINE
  5
C97
330
17
100
AcDbEntity
  8
cota
100
AcDbLine
 10
22.5
 20
-9.966666666666669
 30
0.0
 11
22.5
 21
-9.866666666666667
 31
0.0
  0
LINE
  5
C98
330
17
100
AcDbEntity
  8
cota
100
AcDbLine
 10
22.425
 20
-9.891666666666667
 30
0.0
 11
22.575000000000003
 21
-10.041666666666668
 31
0.0
  0
LINE
  5
C99
330
17
100
AcDbEntity
  8
cota
100
AcDbLine
 10
22.425
 20
-9.791666666666666
 30
0.0
 11
22.575000000000003
 21
-9.941666666666666
 31
0.0
  0
TEXT
  5
C9A
330
17
100
AcDbEntity
  8
cota-texto
100
AcDbText
 10
22.445
 20
-9.916666666666666
 30
0.0
 40
0.095
  1
0,15
 50
90.0
 72
1
 11
22.445
 21
-9.916666666666666
 31
0.0
100
AcDbText
  0
LINE
  5
C9B
330
17
100
AcDbEntity
  8
cota
100
AcDbLine
 10
23.225
 20
-9.866666666666667
 30
0.0
 11
22.425
 21
-9.866666666666667
 31
0.0
  0
LINE
  5
C9C
330
17
100
AcDbEntity
  8
cota
100
AcDbLine
 10
23.225
 20
-8.733333333333333
 30
0.0
 11
22.425
 21
-8.733333333333333
 31
0.0
  0
LINE
  5
C9D
330
17
100
AcDbEntity
  8
cota
100
AcDbLine
 10
22.5
 20
-9.866666666666667
 30
0.0
 11
22.5
 21
-8.733333333333333
 31
0.0
  0
LINE
  5
C9E
330
17
100
AcDbEntity
  8
cota
100
AcDbLine
 10
22.425
 20
-9.791666666666666
 30
0.0
 11
22.575000000000003
 21
-9.941666666666666
 31
0.0
  0
LINE
  5
C9F
330
17
100
AcDbEntity
  8
cota
100
AcDbLine
 10
22.425
 20
-8.658333333333333
 30
0.0
 11
22.575000000000003
 21
-8.808333333333334
 31
0.0
  0
TEXT
  5
CA0
330
17
100
AcDbEntity
  8
cota-texto
100
AcDbText
 10
22.445
 20
-9.3
 30
0.0
 40
0.095
  1
1,70
 50
90.0
 72
1
 11
22.445
 21
-9.3
 31
0.0
100
AcDbText
  0
LINE
  5
CA1
330
17
100
AcDbEntity
  8
cota
100
AcDbLine
 10
23.225
 20
-8.733333333333333
 30
0.0
 11
22.425
 21
-8.733333333333333
 31
0.0
  0
LINE
  5
CA2
330
17
100
AcDbEntity
  8
cota
100
AcDbLine
 10
23.225
 20
-8.633333333333335
 30
0.0
 11
22.425
 21
-8.633333333333335
 31
0.0
  0
LINE
  5
CA3
330
17
100
AcDbEntity
  8
cota
100
AcDbLine
 10
22.5
 20
-8.733333333333333
 30
0.0
 11
22.5
 21
-8.633333333333335
 31
0.0
  0
LINE
  5
CA4
330
17
100
AcDbEntity
  8
cota
100
AcDbLine
 10
22.425
 20
-8.658333333333333
 30
0.0
 11
22.575000000000003
 21
-8.808333333333334
 31
0.0
  0
LINE
  5
CA5
330
17
100
AcDbEntity
  8
cota
100
AcDbLine
 10
22.425
 20
-8.558333333333335
 30
0.0
 11
22.575000000000003
 21
-8.708333333333334
 31
0.0
  0
TEXT
  5
CA6
330
17
100
AcDbEntity
  8
cota-texto
100
AcDbText
 10
22.445
 20
-8.683333333333335
 30
0.0
 40
0.095
  1
0,15
 50
90.0
 72
1
 11
22.445
 21
-8.683333333333335
 31
0.0
100
AcDbText
  0
LINE
  5
CA7
330
17
100
AcDbEntity
  8
cota
100
AcDbLine
 10
23.225
 20
-8.633333333333335
 30
0.0
 11
22.425
 21
-8.633333333333335
 31
0.0
  0
LINE
  5
CA8
330
17
100
AcDbEntity
  8
cota
100
AcDbLine
 10
23.225
 20
-6.266666666666667
 30
0.0
 11
22.425
 21
-6.266666666666667
 31
0.0
  0
LINE
  5
CA9
330
17
100
AcDbEntity
  8
cota
100
AcDbLine
 10
22.5
 20
-8.633333333333335
 30
0.0
 11
22.5
 21
-6.266666666666667
 31
0.0
  0
LINE
  5
CAA
330
17
100
AcDbEntity
  8
cota
100
AcDbLine
 10
22.425
 20
-8.558333333333335
 30
0.0
 11
22.575000000000003
 21
-8.708333333333334
 31
0.0
  0
LINE
  5
CAB
330
17
100
AcDbEntity
  8
cota
100
AcDbLine
 10
22.425
 20
-6.191666666666666
 30
0.0
 11
22.575000000000003
 21
-6.341666666666667
 31
0.0
  0
TEXT
  5
CAC
330
17
100
AcDbEntity
  8
cota-texto
100
AcDbText
 10
22.445
 20
-7.45
 30
0.0
 40
0.095
  1
3,55
 50
90.0
 72
1
 11
22.445
 21
-7.45
 31
0.0
100
AcDbText
  0
LINE
  5
CAD
330
17
100
AcDbEntity
  8
cota
100
AcDbLine
 10
23.225
 20
-6.266666666666667
 30
0.0
 11
22.425
 21
-6.266666666666667
 31
0.0
  0
LINE
  5
CAE
330
17
100
AcDbEntity
  8
cota
100
AcDbLine
 10
23.225
 20
-6.1000000000000005
 30
0.0
 11
22.425
 21
-6.1000000000000005
 31
0.0
  0
LINE
  5
CAF
330
17
100
AcDbEntity
  8
cota
100
AcDbLine
 10
22.5
 20
-6.266666666666667
 30
0.0
 11
22.5
 21
-6.1000000000000005
 31
0.0
  0
LINE
  5
CB0
330
17
100
AcDbEntity
  8
cota
100
AcDbLine
 10
22.425
 20
-6.191666666666666
 30
0.0
 11
22.575000000000003
 21
-6.341666666666667
 31
0.0
  0
LINE
  5
CB1
330
17
100
AcDbEntity
  8
cota
100
AcDbLine
 10
22.425
 20
-6.025
 30
0.0
 11
22.575000000000003
 21
-6.175000000000001
 31
0.0
  0
TEXT
  5
CB2
330
17
100
AcDbEntity
  8
cota-texto
100
AcDbText
 10
22.445
 20
-6.183333333333334
 30
0.0
 40
0.095
  1
0,25
 50
90.0
 72
1
 11
22.445
 21
-6.183333333333334
 31
0.0
100
AcDbText
  0
LINE
  5
CB3
330
17
100
AcDbEntity
  8
cota
100
AcDbLine
 10
23.225
 20
-12.416666666666668
 30
0.0
 11
21.425
 21
-12.416666666666668
 31
0.0
  0
LINE
  5
CB4
330
17
100
AcDbEntity
  8
cota
100
AcDbLine
 10
23.225
 20
-9.916666666666666
 30
0.0
 11
21.425
 21
-9.916666666666666
 31
0.0
  0
LINE
  5
CB5
330
17
100
AcDbEntity
  8
cota
100
AcDbLine
 10
21.5
 20
-12.416666666666668
 30
0.0
 11
21.5
 21
-9.916666666666666
 31
0.0
  0
LINE
  5
CB6
330
17
100
AcDbEntity
  8
cota
100
AcDbLine
 10
21.425
 20
-12.341666666666669
 30
0.0
 11
21.575000000000003
 21
-12.491666666666667
 31
0.0
  0
LINE
  5
CB7
330
17
100
AcDbEntity
  8
cota
100
AcDbLine
 10
21.425
 20
-9.841666666666667
 30
0.0
 11
21.575000000000003
 21
-9.991666666666667
 31
0.0
  0
TEXT
  5
CB8
330
17
100
AcDbEntity
  8
cota-texto
100
AcDbText
 10
21.445
 20
-11.166666666666666
 30
0.0
 40
0.105
  1
3,75
 50
90.0
 72
1
 11
21.445
 21
-11.166666666666666
 31
0.0
100
AcDbText
  0
LINE
  5
CB9
330
17
100
AcDbEntity
  8
cota
100
AcDbLine
 10
23.225
 20
-9.916666666666666
 30
0.0
 11
21.425
 21
-9.916666666666666
 31
0.0
  0
LINE
  5
CBA
330
17
100
AcDbEntity
  8
cota
100
AcDbLine
 10
23.225
 20
-8.683333333333335
 30
0.0
 11
21.425
 21
-8.683333333333335
 31
0.0
  0
LINE
  5
CBB
330
17
100
AcDbEntity
  8
cota
100
AcDbLine
 10
21.5
 20
-9.916666666666666
 30
0.0
 11
21.5
 21
-8.683333333333335
 31
0.0
  0
LINE
  5
CBC
330
17
100
AcDbEntity
  8
cota
100
AcDbLine
 10
21.425
 20
-9.841666666666667
 30
0.0
 11
21.575000000000003
 21
-9.991666666666667
 31
0.0
  0
LINE
  5
CBD
330
17
100
AcDbEntity
  8
cota
100
AcDbLine
 10
21.425
 20
-8.608333333333334
 30
0.0
 11
21.575000000000003
 21
-8.758333333333335
 31
0.0
  0
TEXT
  5
CBE
330
17
100
AcDbEntity
  8
cota-texto
100
AcDbText
 10
21.445
 20
-9.3
 30
0.0
 40
0.105
  1
1,85
 50
90.0
 72
1
 11
21.445
 21
-9.3
 31
0.0
100
AcDbText
  0
LINE
  5
CBF
330
17
100
AcDbEntity
  8
cota
100
AcDbLine
 10
23.225
 20
-8.683333333333335
 30
0.0
 11
21.425
 21
-8.683333333333335
 31
0.0
  0
LINE
  5
CC0
330
17
100
AcDbEntity
  8
cota
100
AcDbLine
 10
23.225
 20
-6.183333333333334
 30
0.0
 11
21.425
 21
-6.183333333333334
 31
0.0
  0
LINE
  5
CC1
330
17
100
AcDbEntity
  8
cota
100
AcDbLine
 10
21.5
 20
-8.683333333333335
 30
0.0
 11
21.5
 21
-6.183333333333334
 31
0.0
  0
LINE
  5
CC2
330
17
100
AcDbEntity
  8
cota
100
AcDbLine
 10
21.425
 20
-8.608333333333334
 30
0.0
 11
21.575000000000003
 21
-8.758333333333335
 31
0.0
  0
LINE
  5
CC3
330
17
100
AcDbEntity
  8
cota
100
AcDbLine
 10
21.425
 20
-6.108333333333334
 30
0.0
 11
21.575000000000003
 21
-6.258333333333334
 31
0.0
  0
TEXT
  5
CC4
330
17
100
AcDbEntity
  8
cota-texto
100
AcDbText
 10
21.445
 20
-7.4333333333333345
 30
0.0
 40
0.105
  1
3,75
 50
90.0
 72
1
 11
21.445
 21
-7.4333333333333345
 31
0.0
100
AcDbText
  0
TEXT
  5
CC5
330
17
100
AcDbEntity
  8
texto
100
AcDbText
 10
21.6
 20
-5.4
 30
0.0
 40
0.16
  1
PLANTA ALTA  ·  N.P.T. +3,25
100
AcDbText
  0
LINE
  5
CC6
330
17
100
AcDbEntity
  8
marco-medio
100
AcDbLine
 10
21.6
 20
-5.53
 30
0.0
 11
30.1
 21
-5.53
 31
0.0
  0
TEXT
  5
CC7
330
17
100
AcDbEntity
  8
texto-suave
100
AcDbText
 10
30.1
 20
-5.4
 30
0.0
 40
0.11000000000000001
  1
E 1:75
 72
2
100
AcDbText
  0
LINE
  5
CC8
330
17
100
AcDbEntity
  8
terreno
100
AcDbLine
 10
-1.2
 20
-0.45
 30
0.0
 11
0.0
 21
-0.45
 31
0.0
  0
LINE
  5
CC9
330
17
100
AcDbEntity
  8
terreno
100
AcDbLine
 10
-1.2
 20
-0.45
 30
0.0
 11
-1.3799999999999997
 21
-0.65
 31
0.0
  0
LINE
  5
CCA
330
17
100
AcDbEntity
  8
terreno
100
AcDbLine
 10
-0.7799999999999997
 20
-0.45
 30
0.0
 11
-0.9599999999999994
 21
-0.65
 31
0.0
  0
LINE
  5
CCB
330
17
100
AcDbEntity
  8
terreno
100
AcDbLine
 10
-0.35999999999999943
 20
-0.45
 30
0.0
 11
-0.5400000000000006
 21
-0.65
 31
0.0
  0
LINE
  5
CCC
330
17
100
AcDbEntity
  8
terreno
100
AcDbLine
 10
9.6
 20
-0.45
 30
0.0
 11
10.8
 21
-0.45
 31
0.0
  0
LINE
  5
CCD
330
17
100
AcDbEntity
  8
terreno
100
AcDbLine
 10
9.6
 20
-0.45
 30
0.0
 11
9.419999999999998
 21
-0.65
 31
0.0
  0
LINE
  5
CCE
330
17
100
AcDbEntity
  8
terreno
100
AcDbLine
 10
10.02
 20
-0.45
 30
0.0
 11
9.84
 21
-0.65
 31
0.0
  0
LINE
  5
CCF
330
17
100
AcDbEntity
  8
terreno
100
AcDbLine
 10
10.439999999999998
 20
-0.45
 30
0.0
 11
10.26
 21
-0.65
 31
0.0
  0
LINE
  5
CD0
330
17
100
AcDbEntity
  8
terreno
100
AcDbLine
 10
-0.5656854249492383
 20
-1.65
 30
0.0
 11
0.0
 21
-1.084314575050763
 31
0.0
  0
LINE
  5
CD1
330
17
100
AcDbEntity
  8
terreno
100
AcDbLine
 10
-1.1313708498984767
 20
-1.65
 30
0.0
 11
0.0
 21
-0.5186291501015262
 31
0.0
  0
LINE
  5
CD2
330
17
100
AcDbEntity
  8
terreno
100
AcDbLine
 10
-1.2
 20
-1.1529437251522836
 30
0.0
 11
-0.497056274847715
 21
-0.45
 31
0.0
  0
LINE
  5
CD3
330
17
100
AcDbEntity
  8
terreno
100
AcDbLine
 10
-1.2
 20
-0.5872583002030467
 30
0.0
 11
-1.0627416997969519
 21
-0.45
 31
0.0
  0
LINE
  5
CD4
330
17
100
AcDbEntity
  8
terreno
100
AcDbLine
 10
10.234314575050764
 20
-1.65
 30
0.0
 11
10.8
 21
-1.084314575050763
 31
0.0
  0
LINE
  5
CD5
330
17
100
AcDbEntity
  8
terreno
100
AcDbLine
 10
9.668629150101523
 20
-1.65
 30
0.0
 11
10.8
 21
-0.5186291501015206
 31
0.0
  0
LINE
  5
CD6
330
17
100
AcDbEntity
  8
terreno
100
AcDbLine
 10
9.599999999999998
 20
-1.1529437251522894
 30
0.0
 11
10.302943725152286
 21
-0.45
 31
0.0
  0
LINE
  5
CD7
330
17
100
AcDbEntity
  8
terreno
100
AcDbLine
 10
9.599999999999998
 20
-0.5872583002030524
 30
0.0
 11
9.737258300203049
 21
-0.45
 31
0.0
  0
LINE
  5
CD8
330
17
100
AcDbEntity
  8
hatch
100
AcDbLine
 10
8.784314575050761
 20
-0.45
 30
0.0
 11
8.984314575050764
 21
-0.25
 31
0.0
  0
LINE
  5
CD9
330
17
100
AcDbEntity
  8
hatch
100
AcDbLine
 10
8.218629150101524
 20
-0.45
 30
0.0
 11
8.418629150101527
 21
-0.25
 31
0.0
  0
LINE
  5
CDA
330
17
100
AcDbEntity
  8
hatch
100
AcDbLine
 10
7.652943725152284
 20
-0.45
 30
0.0
 11
7.8529437251522864
 21
-0.25
 31
0.0
  0
LINE
  5
CDB
330
17
100
AcDbEntity
  8
hatch
100
AcDbLine
 10
7.087258300203047
 20
-0.45
 30
0.0
 11
7.287258300203047
 21
-0.25
 31
0.0
  0
LINE
  5
CDC
330
17
100
AcDbEntity
  8
hatch
100
AcDbLine
 10
6.52157287525381
 20
-0.45
 30
0.0
 11
6.72157287525381
 21
-0.25
 31
0.0
  0
LINE
  5
CDD
330
17
100
AcDbEntity
  8
hatch
100
AcDbLine
 10
5.955887450304573
 20
-0.45
 30
0.0
 11
6.155887450304573
 21
-0.25
 31
0.0
  0
LINE
  5
CDE
330
17
100
AcDbEntity
  8
hatch
100
AcDbLine
 10
5.390202025355336
 20
-0.45
 30
0.0
 11
5.590202025355336
 21
-0.25
 31
0.0
  0
LINE
  5
CDF
330
17
100
AcDbEntity
  8
hatch
100
AcDbLine
 10
4.824516600406094
 20
-0.45
 30
0.0
 11
5.024516600406097
 21
-0.25
 31
0.0
  0
LINE
  5
CE0
330
17
100
AcDbEntity
  8
hatch
100
AcDbLine
 10
4.258831175456857
 20
-0.45
 30
0.0
 11
4.458831175456856
 21
-0.25
 31
0.0
  0
LINE
  5
CE1
330
17
100
AcDbEntity
  8
hatch
100
AcDbLine
 10
3.6931457505076195
 20
-0.45
 30
0.0
 11
3.8931457505076197
 21
-0.25
 31
0.0
  0
LINE
  5
CE2
330
17
100
AcDbEntity
  8
hatch
100
AcDbLine
 10
3.12746032555838
 20
-0.45
 30
0.0
 11
3.327460325558383
 21
-0.25
 31
0.0
  0
LINE
  5
CE3
330
17
100
AcDbEntity
  8
hatch
100
AcDbLine
 10
2.561774900609143
 20
-0.45
 30
0.0
 11
2.7617749006091428
 21
-0.25
 31
0.0
  0
LINE
  5
CE4
330
17
100
AcDbEntity
  8
hatch
100
AcDbLine
 10
1.9960894756599061
 20
-0.45
 30
0.0
 11
2.196089475659906
 21
-0.25
 31
0.0
  0
LINE
  5
CE5
330
17
100
AcDbEntity
  8
hatch
100
AcDbLine
 10
1.4304040507106663
 20
-0.45
 30
0.0
 11
1.6304040507106663
 21
-0.25
 31
0.0
  0
LINE
  5
CE6
330
17
100
AcDbEntity
  8
hatch
100
AcDbLine
 10
0.8647186257614294
 20
-0.45
 30
0.0
 11
1.0647186257614294
 21
-0.25
 31
0.0
  0
LINE
  5
CE7
330
17
100
AcDbEntity
  8
hatch
100
AcDbLine
 10
0.2990332008121911
 20
-0.45
 30
0.0
 11
0.49903320081219105
 21
-0.25
 31
0.0
  0
LWPOLYLINE
  5
CE8
330
17
100
AcDbEntity
  8
hormigon
100
AcDbPolyline
 90
4
 70
1
 10
-0.225
 20
-1.05
 10
0.475
 20
-1.05
 10
0.475
 20
-0.8
 10
-0.225
 20
-0.8
  0
LINE
  5
CE9
330
17
100
AcDbEntity
  8
hatch
100
AcDbLine
 10
0.19215728752538103
 20
-1.05
 30
0.0
 11
0.4421572875253811
 21
-0.8
 31
0.0
  0
LINE
  5
CEA
330
17
100
AcDbEntity
  8
hatch
100
AcDbLine
 10
-0.09068542494923809
 20
-1.05
 30
0.0
 11
0.15931457505076196
 21
-0.8
 31
0.0
  0
LINE
  5
CEB
330
17
100
AcDbEntity
  8
hatch
100
AcDbLine
 10
-0.22500000000000003
 20
-0.9014718625761429
 30
0.0
 11
-0.12352813742385715
 21
-0.8
 31
0.0
  0
LWPOLYLINE
  5
CEC
330
17
100
AcDbEntity
  8
muro-corte
100
AcDbPolyline
 90
4
 70
1
 10
-0.225
 20
-1.05
 10
0.475
 20
-1.05
 10
0.475
 20
-0.8
 10
-0.225
 20
-0.8
  0
LINE
  5
CED
330
17
100
AcDbEntity
  8
hatch
100
AcDbLine
 10
0.09068542494923833
 20
-0.8
 30
0.0
 11
0.3406854249492383
 21
-1.05
 31
0.0
  0
LWPOLYLINE
  5
CEE
330
17
100
AcDbEntity
  8
hormigon
100
AcDbPolyline
 90
4
 70
1
 10
0.0
 20
-0.8
 10
0.25
 20
-0.8
 10
0.25
 20
-0.2
 10
0.0
 20
-0.2
  0
LINE
  5
CEF
330
17
100
AcDbEntity
  8
hatch
100
AcDbLine
 10
5.551115123125783e-17
 20
-0.7671572875253811
 30
0.0
 11
0.25
 21
-0.5171572875253811
 31
0.0
  0
LINE
  5
CF0
330
17
100
AcDbEntity
  8
hatch
100
AcDbLine
 10
0.0
 20
-0.48431457505076203
 30
0.0
 11
0.25000000000000006
 21
-0.23431457505076203
 31
0.0
  0
LINE
  5
CF1
330
17
100
AcDbEntity
  8
hatch
100
AcDbLine
 10
0.0
 20
-0.20147186257614297
 30
0.0
 11
0.0014718625761429294
 21
-0.2
 31
0.0
  0
LWPOLYLINE
  5
CF2
330
17
100
AcDbEntity
  8
muro-corte
100
AcDbPolyline
 90
4
 70
1
 10
0.0
 20
-0.8
 10
0.25
 20
-0.8
 10
0.25
 20
-0.2
 10
0.0
 20
-0.2
  0
LWPOLYLINE
  5
CF3
330
17
100
AcDbEntity
  8
hormigon
100
AcDbPolyline
 90
4
 70
1
 10
3.525
 20
-1.05
 10
4.225
 20
-1.05
 10
4.225
 20
-0.8
 10
3.525
 20
-0.8
  0
LINE
  5
CF4
330
17
100
AcDbEntity
  8
hatch
100
AcDbLine
 10
3.9421572875253803
 20
-1.0500000000000003
 30
0.0
 11
4.19215728752538
 21
-0.8000000000000005
 31
0.0
  0
LINE
  5
CF5
330
17
100
AcDbEntity
  8
hatch
100
AcDbLine
 10
3.659314575050762
 20
-1.0499999999999998
 30
0.0
 11
3.909314575050762
 21
-0.8
 31
0.0
  0
LINE
  5
CF6
330
17
100
AcDbEntity
  8
hatch
100
AcDbLine
 10
3.525
 20
-0.9014718625761431
 30
0.0
 11
3.6264718625761425
 21
-0.8000000000000003
 31
0.0
  0
LWPOLYLINE
  5
CF7
330
17
100
AcDbEntity
  8
muro-corte
100
AcDbPolyline
 90
4
 70
1
 10
3.525
 20
-1.05
 10
4.225
 20
-1.05
 10
4.225
 20
-0.8
 10
3.525
 20
-0.8
  0
LINE
  5
CF8
330
17
100
AcDbEntity
  8
hatch
100
AcDbLine
 10
3.840685424949237
 20
-0.8
 30
0.0
 11
4.090685424949237
 21
-1.05
 31
0.0
  0
LWPOLYLINE
  5
CF9
330
17
100
AcDbEntity
  8
hormigon
100
AcDbPolyline
 90
4
 70
1
 10
3.8
 20
-0.8
 10
3.95
 20
-0.8
 10
3.95
 20
-0.2
 10
3.8
 20
-0.2
  0
LINE
  5
CFA
330
17
100
AcDbEntity
  8
hatch
100
AcDbLine
 10
3.8
 20
-0.6671572875253808
 30
0.0
 11
3.95
 21
-0.5171572875253809
 31
0.0
  0
LINE
  5
CFB
330
17
100
AcDbEntity
  8
hatch
100
AcDbLine
 10
3.8
 20
-0.3843145750507626
 30
0.0
 11
3.95
 21
-0.23431457505076225
 31
0.0
  0
LWPOLYLINE
  5
CFC
330
17
100
AcDbEntity
  8
muro-corte
100
AcDbPolyline
 90
4
 70
1
 10
3.8
 20
-0.8
 10
3.95
 20
-0.8
 10
3.95
 20
-0.2
 10
3.8
 20
-0.2
  0
LWPOLYLINE
  5
CFD
330
17
100
AcDbEntity
  8
hormigon
100
AcDbPolyline
 90
4
 70
1
 10
5.375
 20
-1.05
 10
6.075
 20
-1.05
 10
6.075
 20
-0.8
 10
5.375
 20
-0.8
  0
LINE
  5
CFE
330
17
100
AcDbEntity
  8
hatch
100
AcDbLine
 10
5.792157287525381
 20
-1.0500000000000003
 30
0.0
 11
6.042157287525381
 21
-0.7999999999999994
 31
0.0
  0
LINE
  5
CFF
330
17
100
AcDbEntity
  8
hatch
100
AcDbLine
 10
5.509314575050761
 20
-1.0500000000000003
 30
0.0
 11
5.7593145750507615
 21
-0.7999999999999998
 31
0.0
  0
LINE
  5
D00
330
17
100
AcDbEntity
  8
hatch
100
AcDbLine
 10
5.375
 20
-0.9014718625761438
 30
0.0
 11
5.476471862576144
 21
-0.8000000000000003
 31
0.0
  0
LWPOLYLINE
  5
D01
330
17
100
AcDbEntity
  8
muro-corte
100
AcDbPolyline
 90
4
 70
1
 10
5.375
 20
-1.05
 10
6.075
 20
-1.05
 10
6.075
 20
-0.8
 10
5.375
 20
-0.8
  0
LINE
  5
D02
330
17
100
AcDbEntity
  8
hatch
100
AcDbLine
 10
5.690685424949237
 20
-0.8
 30
0.0
 11
5.940685424949237
 21
-1.05
 31
0.0
  0
LWPOLYLINE
  5
D03
330
17
100
AcDbEntity
  8
hormigon
100
AcDbPolyline
 90
4
 70
1
 10
5.65
 20
-0.8
 10
5.8
 20
-0.8
 10
5.8
 20
-0.2
 10
5.65
 20
-0.2
  0
LINE
  5
D04
330
17
100
AcDbEntity
  8
hatch
100
AcDbLine
 10
5.65
 20
-0.6671572875253804
 30
0.0
 11
5.8
 21
-0.5171572875253805
 31
0.0
  0
LINE
  5
D05
330
17
100
AcDbEntity
  8
hatch
100
AcDbLine
 10
5.65
 20
-0.3843145750507615
 30
0.0
 11
5.799999999999999
 21
-0.23431457505076203
 31
0.0
  0
LWPOLYLINE
  5
D06
330
17
100
AcDbEntity
  8
muro-corte
100
AcDbPolyline
 90
4
 70
1
 10
5.65
 20
-0.8
 10
5.8
 20
-0.8
 10
5.8
 20
-0.2
 10
5.65
 20
-0.2
  0
LWPOLYLINE
  5
D07
330
17
100
AcDbEntity
  8
hormigon
100
AcDbPolyline
 90
4
 70
1
 10
9.125
 20
-1.05
 10
9.825
 20
-1.05
 10
9.825
 20
-0.8
 10
9.125
 20
-0.8
  0
LINE
  5
D08
330
17
100
AcDbEntity
  8
hatch
100
AcDbLine
 10
9.542157287525379
 20
-1.0500000000000007
 30
0.0
 11
9.79215728752538
 21
-0.7999999999999998
 31
0.0
  0
LINE
  5
D09
330
17
100
AcDbEntity
  8
hatch
100
AcDbLine
 10
9.25931457505076
 20
-1.0500000000000007
 30
0.0
 11
9.509314575050762
 21
-0.7999999999999998
 31
0.0
  0
LINE
  5
D0A
330
17
100
AcDbEntity
  8
hatch
100
AcDbLine
 10
9.125
 20
-0.9014718625761411
 30
0.0
 11
9.22647186257614
 21
-0.7999999999999998
 31
0.0
  0
LWPOLYLINE
  5
D0B
330
17
100
AcDbEntity
  8
muro-corte
100
AcDbPolyline
 90
4
 70
1
 10
9.125
 20
-1.05
 10
9.825
 20
-1.05
 10
9.825
 20
-0.8
 10
9.125
 20
-0.8
  0
LINE
  5
D0C
330
17
100
AcDbEntity
  8
hatch
100
AcDbLine
 10
9.440685424949237
 20
-0.8
 30
0.0
 11
9.690685424949237
 21
-1.05
 31
0.0
  0
LWPOLYLINE
  5
D0D
330
17
100
AcDbEntity
  8
hormigon
100
AcDbPolyline
 90
4
 70
1
 10
9.35
 20
-0.8
 10
9.6
 20
-0.8
 10
9.6
 20
-0.2
 10
9.35
 20
-0.2
  0
LINE
  5
D0E
330
17
100
AcDbEntity
  8
hatch
100
AcDbLine
 10
9.35
 20
-0.7671572875253805
 30
0.0
 11
9.6
 21
-0.5171572875253805
 31
0.0
  0
LINE
  5
D0F
330
17
100
AcDbEntity
  8
hatch
100
AcDbLine
 10
9.35
 20
-0.48431457505076025
 30
0.0
 11
9.599999999999998
 21
-0.23431457505076114
 31
0.0
  0
LINE
  5
D10
330
17
100
AcDbEntity
  8
hatch
100
AcDbLine
 10
9.35
 20
-0.2014718625761418
 30
0.0
 11
9.35147186257614
 21
-0.20000000000000018
 31
0.0
  0
LWPOLYLINE
  5
D11
330
17
100
AcDbEntity
  8
muro-corte
100
AcDbPolyline
 90
4
 70
1
 10
9.35
 20
-0.8
 10
9.6
 20
-0.8
 10
9.6
 20
-0.2
 10
9.35
 20
-0.2
  0
LWPOLYLINE
  5
D12
330
17
100
AcDbEntity
  8
hormigon
100
AcDbPolyline
 90
4
 70
1
 10
0.25
 20
-0.2
 10
9.35
 20
-0.2
 10
9.35
 20
-0.05
 10
0.25
 20
-0.05
  0
LINE
  5
D13
330
17
100
AcDbEntity
  8
hatch
100
AcDbLine
 10
9.06715728752538
 20
-0.20000000000000018
 30
0.0
 11
9.21715728752538
 21
-0.04999999999999982
 31
0.0
  0
LINE
  5
D14
330
17
100
AcDbEntity
  8
hatch
100
AcDbLine
 10
8.784314575050761
 20
-0.1999999999999993
 30
0.0
 11
8.934314575050761
 21
-0.04999999999999982
 31
0.0
  0
LINE
  5
D15
330
17
100
AcDbEntity
  8
hatch
100
AcDbLine
 10
8.501471862576143
 20
-0.20000000000000018
 30
0.0
 11
8.651471862576143
 21
-0.05000000000000071
 31
0.0
  0
LINE
  5
D16
330
17
100
AcDbEntity
  8
hatch
100
AcDbLine
 10
8.218629150101524
 20
-0.1999999999999993
 30
0.0
 11
8.368629150101523
 21
-0.04999999999999982
 31
0.0
  0
LINE
  5
D17
330
17
100
AcDbEntity
  8
hatch
100
AcDbLine
 10
7.935786437626905
 20
-0.19999999999999973
 30
0.0
 11
8.085786437626904
 21
-0.04999999999999982
 31
0.0
  0
LINE
  5
D18
330
17
100
AcDbEntity
  8
hatch
100
AcDbLine
 10
7.652943725152285
 20
-0.1999999999999993
 30
0.0
 11
7.802943725152286
 21
-0.04999999999999982
 31
0.0
  0
LINE
  5
D19
330
17
100
AcDbEntity
  8
hatch
100
AcDbLine
 10
7.370101012677665
 20
-0.20000000000000018
 30
0.0
 11
7.5201010126776655
 21
-0.04999999999999982
 31
0.0
  0
LINE
  5
D1A
330
17
100
AcDbEntity
  8
hatch
100
AcDbLine
 10
7.087258300203048
 20
-0.20000000000000018
 30
0.0
 11
7.237258300203048
 21
-0.04999999999999982
 31
0.0
  0
LINE
  5
D1B
330
17
100
AcDbEntity
  8
hatch
100
AcDbLine
 10
6.804415587728429
 20
-0.19999999999999973
 30
0.0
 11
6.954415587728429
 21
-0.04999999999999982
 31
0.0
  0
LINE
  5
D1C
330
17
100
AcDbEntity
  8
hatch
100
AcDbLine
 10
6.521572875253809
 20
-0.20000000000000018
 30
0.0
 11
6.671572875253809
 21
-0.04999999999999982
 31
0.0
  0
LINE
  5
D1D
330
17
100
AcDbEntity
  8
hatch
100
AcDbLine
 10
6.2387301627791905
 20
-0.1999999999999993
 30
0.0
 11
6.38873016277919
 21
-0.04999999999999982
 31
0.0
  0
LINE
  5
D1E
330
17
100
AcDbEntity
  8
hatch
100
AcDbLine
 10
5.95588745030457
 20
-0.20000000000000018
 30
0.0
 11
6.10588745030457
 21
-0.050000000000000266
 31
0.0
  0
LINE
  5
D1F
330
17
100
AcDbEntity
  8
hatch
100
AcDbLine
 10
5.673044737829953
 20
-0.20000000000000018
 30
0.0
 11
5.823044737829952
 21
-0.05000000000000071
 31
0.0
  0
LINE
  5
D20
330
17
100
AcDbEntity
  8
hatch
100
AcDbLine
 10
5.390202025355333
 20
-0.1999999999999993
 30
0.0
 11
5.540202025355333
 21
-0.04999999999999982
 31
0.0
  0
LINE
  5
D21
330
17
100
AcDbEntity
  8
hatch
100
AcDbLine
 10
5.107359312880714
 20
-0.20000000000000018
 30
0.0
 11
5.257359312880714
 21
-0.050000000000000266
 31
0.0
  0
LINE
  5
D22
330
17
100
AcDbEntity
  8
hatch
100
AcDbLine
 10
4.824516600406095
 20
-0.20000000000000018
 30
0.0
 11
4.974516600406094
 21
-0.050000000000000266
 31
0.0
  0
LINE
  5
D23
330
17
100
AcDbEntity
  8
hatch
100
AcDbLine
 10
4.541673887931475
 20
-0.20000000000000018
 30
0.0
 11
4.691673887931476
 21
-0.04999999999999982
 31
0.0
  0
LINE
  5
D24
330
17
100
AcDbEntity
  8
hatch
100
AcDbLine
 10
4.258831175456857
 20
-0.20000000000000018
 30
0.0
 11
4.408831175456856
 21
-0.050000000000000266
 31
0.0
  0
LINE
  5
D25
330
17
100
AcDbEntity
  8
hatch
100
AcDbLine
 10
3.9759884629822375
 20
-0.19999999999999996
 30
0.0
 11
4.125988462982237
 21
-0.04999999999999982
 31
0.0
  0
LINE
  5
D26
330
17
100
AcDbEntity
  8
hatch
100
AcDbLine
 10
3.693145750507619
 20
-0.19999999999999996
 30
0.0
 11
3.8431457505076185
 21
-0.050000000000000266
 31
0.0
  0
LINE
  5
D27
330
17
100
AcDbEntity
  8
hatch
100
AcDbLine
 10
3.4103030380329997
 20
-0.19999999999999973
 30
0.0
 11
3.560303038032999
 21
-0.050000000000000044
 31
0.0
  0
LINE
  5
D28
330
17
100
AcDbEntity
  8
hatch
100
AcDbLine
 10
3.12746032555838
 20
-0.20000000000000018
 30
0.0
 11
3.2774603255583807
 21
-0.04999999999999938
 31
0.0
  0
LINE
  5
D29
330
17
100
AcDbEntity
  8
hatch
100
AcDbLine
 10
2.844617613083761
 20
-0.19999999999999973
 30
0.0
 11
2.9946176130837605
 21
-0.050000000000000044
 31
0.0
  0
LINE
  5
D2A
330
17
100
AcDbEntity
  8
hatch
100
AcDbLine
 10
2.5617749006091417
 20
-0.19999999999999996
 30
0.0
 11
2.7117749006091416
 21
-0.050000000000000266
 31
0.0
  0
LINE
  5
D2B
330
17
100
AcDbEntity
  8
hatch
100
AcDbLine
 10
2.2789321881345237
 20
-0.19999999999999996
 30
0.0
 11
2.4289321881345245
 21
-0.0499999999999996
 31
0.0
  0
LINE
  5
D2C
330
17
100
AcDbEntity
  8
hatch
100
AcDbLine
 10
1.9960894756599044
 20
-0.20000000000000018
 30
0.0
 11
2.1460894756599043
 21
-0.050000000000000044
 31
0.0
  0
LINE
  5
D2D
330
17
100
AcDbEntity
  8
hatch
100
AcDbLine
 10
1.713246763185285
 20
-0.20000000000000007
 30
0.0
 11
1.863246763185285
 21
-0.050000000000000044
 31
0.0
  0
LINE
  5
D2E
330
17
100
AcDbEntity
  8
hatch
100
AcDbLine
 10
1.4304040507106661
 20
-0.19999999999999984
 30
0.0
 11
1.5804040507106658
 21
-0.050000000000000044
 31
0.0
  0
LINE
  5
D2F
330
17
100
AcDbEntity
  8
hatch
100
AcDbLine
 10
1.1475613382360466
 20
-0.1999999999999999
 30
0.0
 11
1.2975613382360465
 21
-0.04999999999999993
 31
0.0
  0
LINE
  5
D30
330
17
100
AcDbEntity
  8
hatch
100
AcDbLine
 10
0.8647186257614285
 20
-0.19999999999999996
 30
0.0
 11
1.0147186257614285
 21
-0.04999999999999999
 31
0.0
  0
LINE
  5
D31
330
17
100
AcDbEntity
  8
hatch
100
AcDbLine
 10
0.5818759132868092
 20
-0.20000000000000007
 30
0.0
 11
0.7318759132868093
 21
-0.04999999999999999
 31
0.0
  0
LINE
  5
D32
330
17
100
AcDbEntity
  8
hatch
100
AcDbLine
 10
0.2990332008121899
 20
-0.20000000000000004
 30
0.0
 11
0.44903320081219
 21
-0.04999999999999996
 31
0.0
  0
LWPOLYLINE
  5
D33
330
17
100
AcDbEntity
  8
muro-corte
100
AcDbPolyline
 90
4
 70
1
 10
0.25
 20
-0.2
 10
9.35
 20
-0.2
 10
9.35
 20
-0.05
 10
0.25
 20
-0.05
  0
LINE
  5
D34
330
17
100
AcDbEntity
  8
marco-medio
100
AcDbLine
 10
0.25
 20
0.0
 30
0.0
 11
9.35
 21
0.0
 31
0.0
  0
LWPOLYLINE
  5
D35
330
17
100
AcDbEntity
  8
muro-fill
100
AcDbPolyline
 90
4
 70
1
 10
0.0
 20
0.0
 10
0.25
 20
0.0
 10
0.25
 20
2.9
 10
0.0
 20
2.9
  0
LINE
  5
D36
330
17
100
AcDbEntity
  8
hatch
100
AcDbLine
 10
4.5102810375396984e-17
 20
0.03284271247461909
 30
0.0
 11
0.25000000000000006
 21
0.282842712474619
 31
0.0
  0
LINE
  5
D37
330
17
100
AcDbEntity
  8
hatch
100
AcDbLine
 10
0.0
 20
0.31568542494923807
 30
0.0
 11
0.25
 21
0.565685424949238
 31
0.0
  0
LINE
  5
D38
330
17
100
AcDbEntity
  8
hatch
100
AcDbLine
 10
-5.551115123125783e-17
 20
0.5985281374238571
 30
0.0
 11
0.25
 21
0.8485281374238571
 31
0.0
  0
LINE
  5
D39
330
17
100
AcDbEntity
  8
hatch
100
AcDbLine
 10
1.6653345369377348e-16
 20
0.8813708498984762
 30
0.0
 11
0.2500000000000001
 21
1.131370849898476
 31
0.0
  0
LINE
  5
D3A
330
17
100
AcDbEntity
  8
hatch
100
AcDbLine
 10
0.0
 20
1.164213562373095
 30
0.0
 11
0.2500000000000002
 21
1.4142135623730951
 31
0.0
  0
LINE
  5
D3B
330
17
100
AcDbEntity
  8
hatch
100
AcDbLine
 10
1.1102230246251565e-16
 20
1.4470562748477143
 30
0.0
 11
0.2500000000000002
 21
1.6970562748477143
 31
0.0
  0
LINE
  5
D3C
330
17
100
AcDbEntity
  8
hatch
100
AcDbLine
 10
1.1102230246251565e-16
 20
1.7298989873223336
 30
0.0
 11
0.25000000000000033
 21
1.9798989873223336
 31
0.0
  0
LINE
  5
D3D
330
17
100
AcDbEntity
  8
hatch
100
AcDbLine
 10
0.0
 20
2.012741699796952
 30
0.0
 11
0.2500000000000002
 21
2.262741699796952
 31
0.0
  0
LINE
  5
D3E
330
17
100
AcDbEntity
  8
hatch
100
AcDbLine
 10
2.220446049250313e-16
 20
2.2955844122715714
 30
0.0
 11
0.25000000000000044
 21
2.5455844122715714
 31
0.0
  0
LINE
  5
D3F
330
17
100
AcDbEntity
  8
hatch
100
AcDbLine
 10
2.220446049250313e-16
 20
2.57842712474619
 30
0.0
 11
0.2500000000000002
 21
2.82842712474619
 31
0.0
  0
LINE
  5
D40
330
17
100
AcDbEntity
  8
hatch
100
AcDbLine
 10
2.220446049250313e-16
 20
2.861269837220809
 30
0.0
 11
0.038730162779190724
 21
2.9
 31
0.0
  0
LWPOLYLINE
  5
D41
330
17
100
AcDbEntity
  8
muro-corte
100
AcDbPolyline
 90
4
 70
1
 10
0.0
 20
0.0
 10
0.25
 20
0.0
 10
0.25
 20
2.9
 10
0.0
 20
2.9
  0
LWPOLYLINE
  5
D42
330
17
100
AcDbEntity
  8
muro-fill
100
AcDbPolyline
 90
4
 70
1
 10
9.35
 20
0.0
 10
9.6
 20
0.0
 10
9.6
 20
2.9
 10
9.35
 20
2.9
  0
LINE
  5
D43
330
17
100
AcDbEntity
  8
hatch
100
AcDbLine
 10
9.350000000000001
 20
0.03284271247462023
 30
0.0
 11
9.6
 21
0.28284271247461934
 31
0.0
  0
LINE
  5
D44
330
17
100
AcDbEntity
  8
hatch
100
AcDbLine
 10
9.35
 20
0.3156854249492387
 30
0.0
 11
9.599999999999998
 21
0.5656854249492387
 31
0.0
  0
LINE
  5
D45
330
17
100
AcDbEntity
  8
hatch
100
AcDbLine
 10
9.35
 20
0.5985281374238571
 30
0.0
 11
9.599999999999998
 21
0.8485281374238562
 31
0.0
  0
LINE
  5
D46
330
17
100
AcDbEntity
  8
hatch
100
AcDbLine
 10
9.35
 20
0.8813708498984756
 30
0.0
 11
9.6
 21
1.1313708498984756
 31
0.0
  0
LINE
  5
D47
330
17
100
AcDbEntity
  8
hatch
100
AcDbLine
 10
9.35
 20
1.1642135623730958
 30
0.0
 11
9.6
 21
1.4142135623730958
 31
0.0
  0
LINE
  5
D48
330
17
100
AcDbEntity
  8
hatch
100
AcDbLine
 10
9.35
 20
1.4470562748477147
 30
0.0
 11
9.6
 21
1.6970562748477147
 31
0.0
  0
LINE
  5
D49
330
17
100
AcDbEntity
  8
hatch
100
AcDbLine
 10
9.35
 20
1.7298989873223345
 30
0.0
 11
9.6
 21
1.9798989873223345
 31
0.0
  0
LINE
  5
D4A
330
17
100
AcDbEntity
  8
hatch
100
AcDbLine
 10
9.350000000000001
 20
2.0127416997969525
 30
0.0
 11
9.600000000000001
 21
2.2627416997969516
 31
0.0
  0
LINE
  5
D4B
330
17
100
AcDbEntity
  8
hatch
100
AcDbLine
 10
9.35
 20
2.2955844122715714
 30
0.0
 11
9.6
 21
2.5455844122715705
 31
0.0
  0
LINE
  5
D4C
330
17
100
AcDbEntity
  8
hatch
100
AcDbLine
 10
9.350000000000001
 20
2.578427124746191
 30
0.0
 11
9.6
 21
2.8284271247461903
 31
0.0
  0
LINE
  5
D4D
330
17
100
AcDbEntity
  8
hatch
100
AcDbLine
 10
9.35
 20
2.86126983722081
 30
0.0
 11
9.38873016277919
 21
2.9000000000000004
 31
0.0
  0
LWPOLYLINE
  5
D4E
330
17
100
AcDbEntity
  8
muro-corte
100
AcDbPolyline
 90
4
 70
1
 10
9.35
 20
0.0
 10
9.6
 20
0.0
 10
9.6
 20
2.9
 10
9.35
 20
2.9
  0
LWPOLYLINE
  5
D4F
330
17
100
AcDbEntity
  8
muro-fill
100
AcDbPolyline
 90
4
 70
1
 10
0.0
 20
0.0
 10
0.25
 20
0.0
 10
0.25
 20
0.9
 10
0.0
 20
0.9
  0
LINE
  5
D50
330
17
100
AcDbEntity
  8
hatch
100
AcDbLine
 10
4.5102810375396984e-17
 20
0.03284271247461909
 30
0.0
 11
0.24999999999999997
 21
0.282842712474619
 31
0.0
  0
LINE
  5
D51
330
17
100
AcDbEntity
  8
hatch
100
AcDbLine
 10
0.0
 20
0.31568542494923807
 30
0.0
 11
0.25
 21
0.565685424949238
 31
0.0
  0
LINE
  5
D52
330
17
100
AcDbEntity
  8
hatch
100
AcDbLine
 10
-5.551115123125783e-17
 20
0.5985281374238571
 30
0.0
 11
0.25
 21
0.8485281374238571
 31
0.0
  0
LINE
  5
D53
330
17
100
AcDbEntity
  8
hatch
100
AcDbLine
 10
0.0
 20
0.881370849898476
 30
0.0
 11
0.018629150101523995
 21
0.9
 31
0.0
  0
LWPOLYLINE
  5
D54
330
17
100
AcDbEntity
  8
muro-corte
100
AcDbPolyline
 90
4
 70
1
 10
0.0
 20
0.0
 10
0.25
 20
0.0
 10
0.25
 20
0.9
 10
0.0
 20
0.9
  0
LWPOLYLINE
  5
D55
330
17
100
AcDbEntity
  8
muro-fill
100
AcDbPolyline
 90
4
 70
1
 10
0.0
 20
2.4
 10
0.25
 20
2.4
 10
0.25
 20
2.9
 10
0.0
 20
2.9
  0
LINE
  5
D56
330
17
100
AcDbEntity
  8
hatch
100
AcDbLine
 10
0.0
 20
2.432842712474619
 30
0.0
 11
0.2500000000000002
 21
2.682842712474619
 31
0.0
  0
LINE
  5
D57
330
17
100
AcDbEntity
  8
hatch
100
AcDbLine
 10
2.220446049250313e-16
 20
2.715685424949238
 30
0.0
 11
0.1843145750507622
 21
2.9
 31
0.0
  0
LWPOLYLINE
  5
D58
330
17
100
AcDbEntity
  8
muro-corte
100
AcDbPolyline
 90
4
 70
1
 10
0.0
 20
2.4
 10
0.25
 20
2.4
 10
0.25
 20
2.9
 10
0.0
 20
2.9
  0
LWPOLYLINE
  5
D59
330
17
100
AcDbEntity
  8
carpinteria
100
AcDbPolyline
 90
4
 70
1
 10
0.05
 20
0.9
 10
0.2
 20
0.9
 10
0.2
 20
2.4
 10
0.05
 20
2.4
  0
LINE
  5
D5A
330
17
100
AcDbEntity
  8
vidrio
100
AcDbLine
 10
0.05
 20
1.65
 30
0.0
 11
0.2
 21
1.65
 31
0.0
  0
LINE
  5
D5B
330
17
100
AcDbEntity
  8
carpinteria
100
AcDbLine
 10
0.125
 20
0.9
 30
0.0
 11
0.125
 21
2.4
 31
0.0
  0
LINE
  5
D5C
330
17
100
AcDbEntity
  8
carpinteria
100
AcDbLine
 10
0.05
 20
0.9
 30
0.0
 11
0.2
 21
0.9
 31
0.0
  0
LINE
  5
D5D
330
17
100
AcDbEntity
  8
carpinteria
100
AcDbLine
 10
0.05
 20
2.4
 30
0.0
 11
0.2
 21
2.4
 31
0.0
  0
LWPOLYLINE
  5
D5E
330
17
100
AcDbEntity
  8
muro-fill
100
AcDbPolyline
 90
4
 70
1
 10
9.35
 20
0.0
 10
9.6
 20
0.0
 10
9.6
 20
0.9
 10
9.35
 20
0.9
  0
LINE
  5
D5F
330
17
100
AcDbEntity
  8
hatch
100
AcDbLine
 10
9.350000000000001
 20
0.03284271247462023
 30
0.0
 11
9.6
 21
0.28284271247461934
 31
0.0
  0
LINE
  5
D60
330
17
100
AcDbEntity
  8
hatch
100
AcDbLine
 10
9.35
 20
0.3156854249492387
 30
0.0
 11
9.599999999999998
 21
0.5656854249492378
 31
0.0
  0
LINE
  5
D61
330
17
100
AcDbEntity
  8
hatch
100
AcDbLine
 10
9.349999999999998
 20
0.5985281374238562
 30
0.0
 11
9.599999999999998
 21
0.8485281374238562
 31
0.0
  0
LINE
  5
D62
330
17
100
AcDbEntity
  8
hatch
100
AcDbLine
 10
9.35
 20
0.8813708498984756
 30
0.0
 11
9.368629150101523
 21
0.8999999999999995
 31
0.0
  0
LWPOLYLINE
  5
D63
330
17
100
AcDbEntity
  8
muro-corte
100
AcDbPolyline
 90
4
 70
1
 10
9.35
 20
0.0
 10
9.6
 20
0.0
 10
9.6
 20
0.9
 10
9.35
 20
0.9
  0
LWPOLYLINE
  5
D64
330
17
100
AcDbEntity
  8
muro-fill
100
AcDbPolyline
 90
4
 70
1
 10
9.35
 20
2.4
 10
9.6
 20
2.4
 10
9.6
 20
2.9
 10
9.35
 20
2.9
  0
LINE
  5
D65
330
17
100
AcDbEntity
  8
hatch
100
AcDbLine
 10
9.35
 20
2.43284271247462
 30
0.0
 11
9.6
 21
2.6828427124746193
 31
0.0
  0
LINE
  5
D66
330
17
100
AcDbEntity
  8
hatch
100
AcDbLine
 10
9.350000000000001
 20
2.71568542494924
 30
0.0
 11
9.534314575050761
 21
2.8999999999999995
 31
0.0
  0
LWPOLYLINE
  5
D67
330
17
100
AcDbEntity
  8
muro-corte
100
AcDbPolyline
 90
4
 70
1
 10
9.35
 20
2.4
 10
9.6
 20
2.4
 10
9.6
 20
2.9
 10
9.35
 20
2.9
  0
LWPOLYLINE
  5
D68
330
17
100
AcDbEntity
  8
carpinteria
100
AcDbPolyline
 90
4
 70
1
 10
9.4
 20
0.9
 10
9.55
 20
0.9
 10
9.55
 20
2.4
 10
9.4
 20
2.4
  0
LINE
  5
D69
330
17
100
AcDbEntity
  8
vidrio
100
AcDbLine
 10
9.4
 20
1.65
 30
0.0
 11
9.55
 21
1.65
 31
0.0
  0
LINE
  5
D6A
330
17
100
AcDbEntity
  8
carpinteria
100
AcDbLine
 10
9.475
 20
0.9
 30
0.0
 11
9.475
 21
2.4
 31
0.0
  0
LINE
  5
D6B
330
17
100
AcDbEntity
  8
carpinteria
100
AcDbLine
 10
9.4
 20
0.9
 30
0.0
 11
9.55
 21
0.9
 31
0.0
  0
LINE
  5
D6C
330
17
100
AcDbEntity
  8
carpinteria
100
AcDbLine
 10
9.4
 20
2.4
 30
0.0
 11
9.55
 21
2.4
 31
0.0
  0
LWPOLYLINE
  5
D6D
330
17
100
AcDbEntity
  8
tabique-fill
100
AcDbPolyline
 90
4
 70
1
 10
3.8
 20
0.0
 10
3.95
 20
0.0
 10
3.95
 20
2.9
 10
3.8
 20
2.9
  0
LINE
  5
D6E
330
17
100
AcDbEntity
  8
hatch
100
AcDbLine
 10
3.7999999999999994
 20
0.13284271247461854
 30
0.0
 11
3.9499999999999997
 21
0.28284271247461934
 31
0.0
  0
LINE
  5
D6F
330
17
100
AcDbEntity
  8
hatch
100
AcDbLine
 10
3.8
 20
0.41568542494923766
 30
0.0
 11
3.95
 21
0.565685424949238
 31
0.0
  0
LINE
  5
D70
330
17
100
AcDbEntity
  8
hatch
100
AcDbLine
 10
3.8
 20
0.698528137423857
 30
0.0
 11
3.95
 21
0.8485281374238574
 31
0.0
  0
LINE
  5
D71
330
17
100
AcDbEntity
  8
hatch
100
AcDbLine
 10
3.8
 20
0.9813708498984757
 30
0.0
 11
3.95
 21
1.1313708498984765
 31
0.0
  0
LINE
  5
D72
330
17
100
AcDbEntity
  8
hatch
100
AcDbLine
 10
3.7999999999999994
 20
1.2642135623730943
 30
0.0
 11
3.95
 21
1.4142135623730951
 31
0.0
  0
LINE
  5
D73
330
17
100
AcDbEntity
  8
hatch
100
AcDbLine
 10
3.7999999999999994
 20
1.5470562748477137
 30
0.0
 11
3.95
 21
1.6970562748477145
 31
0.0
  0
LINE
  5
D74
330
17
100
AcDbEntity
  8
hatch
100
AcDbLine
 10
3.8
 20
1.8298989873223328
 30
0.0
 11
3.95
 21
1.9798989873223332
 31
0.0
  0
LINE
  5
D75
330
17
100
AcDbEntity
  8
hatch
100
AcDbLine
 10
3.8
 20
2.1127416997969517
 30
0.0
 11
3.95
 21
2.262741699796952
 31
0.0
  0
LINE
  5
D76
330
17
100
AcDbEntity
  8
hatch
100
AcDbLine
 10
3.7999999999999994
 20
2.39558441227157
 30
0.0
 11
3.9500000000000006
 21
2.5455844122715714
 31
0.0
  0
LINE
  5
D77
330
17
100
AcDbEntity
  8
hatch
100
AcDbLine
 10
3.7999999999999994
 20
2.6784271247461895
 30
0.0
 11
3.9499999999999997
 21
2.82842712474619
 31
0.0
  0
LWPOLYLINE
  5
D78
330
17
100
AcDbEntity
  8
muro-corte
100
AcDbPolyline
 90
4
 70
1
 10
3.8
 20
0.0
 10
3.95
 20
0.0
 10
3.95
 20
2.9
 10
3.8
 20
2.9
  0
LWPOLYLINE
  5
D79
330
17
100
AcDbEntity
  8
tabique-fill
100
AcDbPolyline
 90
4
 70
1
 10
5.65
 20
0.0
 10
5.8
 20
0.0
 10
5.8
 20
2.9
 10
5.65
 20
2.9
  0
LINE
  5
D7A
330
17
100
AcDbEntity
  8
hatch
100
AcDbLine
 10
5.65
 20
0.13284271247461898
 30
0.0
 11
5.8
 21
0.28284271247461845
 31
0.0
  0
LINE
  5
D7B
330
17
100
AcDbEntity
  8
hatch
100
AcDbLine
 10
5.65
 20
0.4156854249492383
 30
0.0
 11
5.8
 21
0.5656854249492378
 31
0.0
  0
LINE
  5
D7C
330
17
100
AcDbEntity
  8
hatch
100
AcDbLine
 10
5.65
 20
0.6985281374238577
 30
0.0
 11
5.800000000000001
 21
0.8485281374238571
 31
0.0
  0
LINE
  5
D7D
330
17
100
AcDbEntity
  8
hatch
100
AcDbLine
 10
5.65
 20
0.9813708498984757
 30
0.0
 11
5.8
 21
1.1313708498984756
 31
0.0
  0
LINE
  5
D7E
330
17
100
AcDbEntity
  8
hatch
100
AcDbLine
 10
5.65
 20
1.2642135623730955
 30
0.0
 11
5.8
 21
1.4142135623730945
 31
0.0
  0
LINE
  5
D7F
330
17
100
AcDbEntity
  8
hatch
100
AcDbLine
 10
5.65
 20
1.5470562748477144
 30
0.0
 11
5.800000000000001
 21
1.6970562748477138
 31
0.0
  0
LINE
  5
D80
330
17
100
AcDbEntity
  8
hatch
100
AcDbLine
 10
5.65
 20
1.829898987322334
 30
0.0
 11
5.8
 21
1.979898987322333
 31
0.0
  0
LINE
  5
D81
330
17
100
AcDbEntity
  8
hatch
100
AcDbLine
 10
5.65
 20
2.1127416997969526
 30
0.0
 11
5.800000000000001
 21
2.262741699796952
 31
0.0
  0
LINE
  5
D82
330
17
100
AcDbEntity
  8
hatch
100
AcDbLine
 10
5.65
 20
2.395584412271571
 30
0.0
 11
5.800000000000001
 21
2.5455844122715705
 31
0.0
  0
LINE
  5
D83
330
17
100
AcDbEntity
  8
hatch
100
AcDbLine
 10
5.65
 20
2.678427124746191
 30
0.0
 11
5.800000000000001
 21
2.8284271247461903
 31
0.0
  0
LWPOLYLINE
  5
D84
330
17
100
AcDbEntity
  8
muro-corte
100
AcDbPolyline
 90
4
 70
1
 10
5.65
 20
0.0
 10
5.8
 20
0.0
 10
5.8
 20
2.9
 10
5.65
 20
2.9
  0
LWPOLYLINE
  5
D85
330
17
100
AcDbEntity
  8
hormigon
100
AcDbPolyline
 90
4
 70
1
 10
0.0
 20
2.9
 10
9.6
 20
2.9
 10
9.6
 20
3.2
 10
0.0
 20
3.2
  0
LINE
  5
D86
330
17
100
AcDbEntity
  8
hatch
100
AcDbLine
 10
9.317157287525381
 20
2.9000000000000004
 30
0.0
 11
9.6
 21
3.182842712474618
 31
0.0
  0
LINE
  5
D87
330
17
100
AcDbEntity
  8
hatch
100
AcDbLine
 10
9.034314575050761
 20
2.9
 30
0.0
 11
9.334314575050762
 21
3.2000000000000006
 31
0.0
  0
LINE
  5
D88
330
17
100
AcDbEntity
  8
hatch
100
AcDbLine
 10
8.751471862576143
 20
2.9
 30
0.0
 11
9.051471862576143
 21
3.2000000000000006
 31
0.0
  0
LINE
  5
D89
330
17
100
AcDbEntity
  8
hatch
100
AcDbLine
 10
8.468629150101524
 20
2.9000000000000004
 30
0.0
 11
8.768629150101525
 21
3.2
 31
0.0
  0
LINE
  5
D8A
330
17
100
AcDbEntity
  8
hatch
100
AcDbLine
 10
8.185786437626906
 20
2.9
 30
0.0
 11
8.485786437626906
 21
3.2000000000000006
 31
0.0
  0
LINE
  5
D8B
330
17
100
AcDbEntity
  8
hatch
100
AcDbLine
 10
7.902943725152286
 20
2.9000000000000004
 30
0.0
 11
8.202943725152286
 21
3.2
 31
0.0
  0
LINE
  5
D8C
330
17
100
AcDbEntity
  8
hatch
100
AcDbLine
 10
7.620101012677667
 20
2.9
 30
0.0
 11
7.920101012677668
 21
3.2000000000000006
 31
0.0
  0
LINE
  5
D8D
330
17
100
AcDbEntity
  8
hatch
100
AcDbLine
 10
7.337258300203048
 20
2.900000000000001
 30
0.0
 11
7.637258300203048
 21
3.2000000000000006
 31
0.0
  0
LINE
  5
D8E
330
17
100
AcDbEntity
  8
hatch
100
AcDbLine
 10
7.05441558772843
 20
2.900000000000001
 30
0.0
 11
7.35441558772843
 21
3.2000000000000006
 31
0.0
  0
LINE
  5
D8F
330
17
100
AcDbEntity
  8
hatch
100
AcDbLine
 10
6.77157287525381
 20
2.9000000000000004
 30
0.0
 11
7.0715728752538105
 21
3.200000000000001
 31
0.0
  0
LINE
  5
D90
330
17
100
AcDbEntity
  8
hatch
100
AcDbLine
 10
6.488730162779191
 20
2.900000000000001
 30
0.0
 11
6.78873016277919
 21
3.1999999999999997
 31
0.0
  0
LINE
  5
D91
330
17
100
AcDbEntity
  8
hatch
100
AcDbLine
 10
6.205887450304572
 20
2.9000000000000004
 30
0.0
 11
6.505887450304573
 21
3.200000000000001
 31
0.0
  0
LINE
  5
D92
330
17
100
AcDbEntity
  8
hatch
100
AcDbLine
 10
5.9230447378299536
 20
2.9000000000000004
 30
0.0
 11
6.223044737829954
 21
3.200000000000001
 31
0.0
  0
LINE
  5
D93
330
17
100
AcDbEntity
  8
hatch
100
AcDbLine
 10
5.640202025355333
 20
2.9
 30
0.0
 11
5.940202025355334
 21
3.2000000000000006
 31
0.0
  0
LINE
  5
D94
330
17
100
AcDbEntity
  8
hatch
100
AcDbLine
 10
5.357359312880715
 20
2.9
 30
0.0
 11
5.657359312880716
 21
3.2000000000000006
 31
0.0
  0
LINE
  5
D95
330
17
100
AcDbEntity
  8
hatch
100
AcDbLine
 10
5.074516600406096
 20
2.900000000000001
 30
0.0
 11
5.374516600406096
 21
3.2
 31
0.0
  0
LINE
  5
D96
330
17
100
AcDbEntity
  8
hatch
100
AcDbLine
 10
4.791673887931476
 20
2.9000000000000004
 30
0.0
 11
5.091673887931477
 21
3.2000000000000006
 31
0.0
  0
LINE
  5
D97
330
17
100
AcDbEntity
  8
hatch
100
AcDbLine
 10
4.508831175456858
 20
2.9000000000000004
 30
0.0
 11
4.808831175456858
 21
3.2000000000000006
 31
0.0
  0
LINE
  5
D98
330
17
100
AcDbEntity
  8
hatch
100
AcDbLine
 10
4.225988462982238
 20
2.9
 30
0.0
 11
4.525988462982239
 21
3.2000000000000006
 31
0.0
  0
LINE
  5
D99
330
17
100
AcDbEntity
  8
hatch
100
AcDbLine
 10
3.94314575050762
 20
2.9000000000000004
 30
0.0
 11
4.24314575050762
 21
3.2
 31
0.0
  0
LINE
  5
D9A
330
17
100
AcDbEntity
  8
hatch
100
AcDbLine
 10
3.6603030380329997
 20
2.8999999999999995
 30
0.0
 11
3.9603030380330004
 21
3.2
 31
0.0
  0
LINE
  5
D9B
330
17
100
AcDbEntity
  8
hatch
100
AcDbLine
 10
3.3774603255583817
 20
2.9000000000000004
 30
0.0
 11
3.6774603255583815
 21
3.2
 31
0.0
  0
LINE
  5
D9C
330
17
100
AcDbEntity
  8
hatch
100
AcDbLine
 10
3.0946176130837615
 20
2.8999999999999995
 30
0.0
 11
3.394617613083762
 21
3.2
 31
0.0
  0
LINE
  5
D9D
330
17
100
AcDbEntity
  8
hatch
100
AcDbLine
 10
2.811774900609143
 20
2.9000000000000004
 30
0.0
 11
3.111774900609143
 21
3.2
 31
0.0
  0
LINE
  5
D9E
330
17
100
AcDbEntity
  8
hatch
100
AcDbLine
 10
2.5289321881345246
 20
2.9000000000000004
 30
0.0
 11
2.828932188134525
 21
3.2000000000000006
 31
0.0
  0
LINE
  5
D9F
330
17
100
AcDbEntity
  8
hatch
100
AcDbLine
 10
2.2460894756599057
 20
2.9000000000000004
 30
0.0
 11
2.5460894756599064
 21
3.200000000000001
 31
0.0
  0
LINE
  5
DA0
330
17
100
AcDbEntity
  8
hatch
100
AcDbLine
 10
1.9632467631852861
 20
2.9000000000000004
 30
0.0
 11
2.2632467631852866
 21
3.2
 31
0.0
  0
LINE
  5
DA1
330
17
100
AcDbEntity
  8
hatch
100
AcDbLine
 10
1.6804040507106666
 20
2.8999999999999995
 30
0.0
 11
1.9804040507106673
 21
3.2
 31
0.0
  0
LINE
  5
DA2
330
17
100
AcDbEntity
  8
hatch
100
AcDbLine
 10
1.3975613382360472
 20
2.8999999999999995
 30
0.0
 11
1.697561338236048
 21
3.2
 31
0.0
  0
LINE
  5
DA3
330
17
100
AcDbEntity
  8
hatch
100
AcDbLine
 10
1.1147186257614294
 20
2.9
 30
0.0
 11
1.4147186257614301
 21
3.2000000000000006
 31
0.0
  0
LINE
  5
DA4
330
17
100
AcDbEntity
  8
hatch
100
AcDbLine
 10
0.8318759132868099
 20
2.9
 30
0.0
 11
1.1318759132868108
 21
3.2000000000000006
 31
0.0
  0
LINE
  5
DA5
330
17
100
AcDbEntity
  8
hatch
100
AcDbLine
 10
0.5490332008121905
 20
2.9
 30
0.0
 11
0.8490332008121915
 21
3.2000000000000006
 31
0.0
  0
LINE
  5
DA6
330
17
100
AcDbEntity
  8
hatch
100
AcDbLine
 10
0.2661904883375714
 20
2.8999999999999995
 30
0.0
 11
0.5661904883375719
 21
3.2
 31
0.0
  0
LINE
  5
DA7
330
17
100
AcDbEntity
  8
hatch
100
AcDbLine
 10
2.220446049250313e-16
 20
2.9166522241370476
 30
0.0
 11
0.283347775862953
 21
3.2
 31
0.0
  0
LINE
  5
DA8
330
17
100
AcDbEntity
  8
hatch
100
AcDbLine
 10
0.0
 20
3.1994949366116656
 30
0.0
 11
0.0005050633883350031
 21
3.2
 31
0.0
  0
LWPOLYLINE
  5
DA9
330
17
100
AcDbEntity
  8
muro-corte
100
AcDbPolyline
 90
4
 70
1
 10
0.0
 20
2.9
 10
9.6
 20
2.9
 10
9.6
 20
3.2
 10
0.0
 20
3.2
  0
CIRCLE
  5
DAA
330
17
100
AcDbEntity
  8
hatch-2
100
AcDbCircle
 10
0.15
 20
3.05
 30
0.0
 40
0.08500000000000002
  0
CIRCLE
  5
DAB
330
17
100
AcDbEntity
  8
hatch-2
100
AcDbCircle
 10
0.45
 20
3.05
 30
0.0
 40
0.08500000000000002
  0
CIRCLE
  5
DAC
330
17
100
AcDbEntity
  8
hatch-2
100
AcDbCircle
 10
0.75
 20
3.05
 30
0.0
 40
0.08500000000000002
  0
CIRCLE
  5
DAD
330
17
100
AcDbEntity
  8
hatch-2
100
AcDbCircle
 10
1.05
 20
3.05
 30
0.0
 40
0.08500000000000002
  0
CIRCLE
  5
DAE
330
17
100
AcDbEntity
  8
hatch-2
100
AcDbCircle
 10
1.35
 20
3.05
 30
0.0
 40
0.08500000000000002
  0
CIRCLE
  5
DAF
330
17
100
AcDbEntity
  8
hatch-2
100
AcDbCircle
 10
1.65
 20
3.05
 30
0.0
 40
0.08500000000000002
  0
CIRCLE
  5
DB0
330
17
100
AcDbEntity
  8
hatch-2
100
AcDbCircle
 10
1.95
 20
3.05
 30
0.0
 40
0.08500000000000002
  0
CIRCLE
  5
DB1
330
17
100
AcDbEntity
  8
hatch-2
100
AcDbCircle
 10
2.25
 20
3.05
 30
0.0
 40
0.08500000000000002
  0
CIRCLE
  5
DB2
330
17
100
AcDbEntity
  8
hatch-2
100
AcDbCircle
 10
2.55
 20
3.05
 30
0.0
 40
0.08500000000000002
  0
CIRCLE
  5
DB3
330
17
100
AcDbEntity
  8
hatch-2
100
AcDbCircle
 10
2.85
 20
3.05
 30
0.0
 40
0.08500000000000002
  0
CIRCLE
  5
DB4
330
17
100
AcDbEntity
  8
hatch-2
100
AcDbCircle
 10
3.15
 20
3.05
 30
0.0
 40
0.08500000000000002
  0
CIRCLE
  5
DB5
330
17
100
AcDbEntity
  8
hatch-2
100
AcDbCircle
 10
3.45
 20
3.05
 30
0.0
 40
0.08500000000000002
  0
CIRCLE
  5
DB6
330
17
100
AcDbEntity
  8
hatch-2
100
AcDbCircle
 10
3.75
 20
3.05
 30
0.0
 40
0.08500000000000002
  0
CIRCLE
  5
DB7
330
17
100
AcDbEntity
  8
hatch-2
100
AcDbCircle
 10
4.05
 20
3.05
 30
0.0
 40
0.08500000000000002
  0
CIRCLE
  5
DB8
330
17
100
AcDbEntity
  8
hatch-2
100
AcDbCircle
 10
4.35
 20
3.05
 30
0.0
 40
0.08500000000000002
  0
CIRCLE
  5
DB9
330
17
100
AcDbEntity
  8
hatch-2
100
AcDbCircle
 10
4.65
 20
3.05
 30
0.0
 40
0.08500000000000002
  0
CIRCLE
  5
DBA
330
17
100
AcDbEntity
  8
hatch-2
100
AcDbCircle
 10
4.95
 20
3.05
 30
0.0
 40
0.08500000000000002
  0
CIRCLE
  5
DBB
330
17
100
AcDbEntity
  8
hatch-2
100
AcDbCircle
 10
5.25
 20
3.05
 30
0.0
 40
0.08500000000000002
  0
CIRCLE
  5
DBC
330
17
100
AcDbEntity
  8
hatch-2
100
AcDbCircle
 10
5.55
 20
3.05
 30
0.0
 40
0.08500000000000002
  0
CIRCLE
  5
DBD
330
17
100
AcDbEntity
  8
hatch-2
100
AcDbCircle
 10
5.85
 20
3.05
 30
0.0
 40
0.08500000000000002
  0
CIRCLE
  5
DBE
330
17
100
AcDbEntity
  8
hatch-2
100
AcDbCircle
 10
6.15
 20
3.05
 30
0.0
 40
0.08500000000000002
  0
CIRCLE
  5
DBF
330
17
100
AcDbEntity
  8
hatch-2
100
AcDbCircle
 10
6.45
 20
3.05
 30
0.0
 40
0.08500000000000002
  0
CIRCLE
  5
DC0
330
17
100
AcDbEntity
  8
hatch-2
100
AcDbCircle
 10
6.75
 20
3.05
 30
0.0
 40
0.08500000000000002
  0
CIRCLE
  5
DC1
330
17
100
AcDbEntity
  8
hatch-2
100
AcDbCircle
 10
7.05
 20
3.05
 30
0.0
 40
0.08500000000000002
  0
CIRCLE
  5
DC2
330
17
100
AcDbEntity
  8
hatch-2
100
AcDbCircle
 10
7.35
 20
3.05
 30
0.0
 40
0.08500000000000002
  0
CIRCLE
  5
DC3
330
17
100
AcDbEntity
  8
hatch-2
100
AcDbCircle
 10
7.65
 20
3.05
 30
0.0
 40
0.08500000000000002
  0
CIRCLE
  5
DC4
330
17
100
AcDbEntity
  8
hatch-2
100
AcDbCircle
 10
7.95
 20
3.05
 30
0.0
 40
0.08500000000000002
  0
CIRCLE
  5
DC5
330
17
100
AcDbEntity
  8
hatch-2
100
AcDbCircle
 10
8.25
 20
3.05
 30
0.0
 40
0.08500000000000002
  0
CIRCLE
  5
DC6
330
17
100
AcDbEntity
  8
hatch-2
100
AcDbCircle
 10
8.55
 20
3.05
 30
0.0
 40
0.08500000000000002
  0
CIRCLE
  5
DC7
330
17
100
AcDbEntity
  8
hatch-2
100
AcDbCircle
 10
8.85
 20
3.05
 30
0.0
 40
0.08500000000000002
  0
CIRCLE
  5
DC8
330
17
100
AcDbEntity
  8
hatch-2
100
AcDbCircle
 10
9.15
 20
3.05
 30
0.0
 40
0.08500000000000002
  0
CIRCLE
  5
DC9
330
17
100
AcDbEntity
  8
hatch-2
100
AcDbCircle
 10
9.45
 20
3.05
 30
0.0
 40
0.08500000000000002
  0
LINE
  5
DCA
330
17
100
AcDbEntity
  8
marco-fino
100
AcDbLine
 10
0.0
 20
3.15
 30
0.0
 11
9.6
 21
3.15
 31
0.0
  0
LWPOLYLINE
  5
DCB
330
17
100
AcDbEntity
  8
muro-fill
100
AcDbPolyline
 90
4
 70
1
 10
0.0
 20
3.25
 10
0.25
 20
3.25
 10
0.25
 20
4.15
 10
0.0
 20
4.15
  0
LINE
  5
DCC
330
17
100
AcDbEntity
  8
hatch
100
AcDbLine
 10
0.0
 20
3.2828427124746193
 30
0.0
 11
0.25
 21
3.5328427124746193
 31
0.0
  0
LINE
  5
DCD
330
17
100
AcDbEntity
  8
hatch
100
AcDbLine
 10
0.0
 20
3.565685424949238
 30
0.0
 11
0.25
 21
3.8156854249492382
 31
0.0
  0
LINE
  5
DCE
330
17
100
AcDbEntity
  8
hatch
100
AcDbLine
 10
0.0
 20
3.848528137423857
 30
0.0
 11
0.25
 21
4.098528137423857
 31
0.0
  0
LINE
  5
DCF
330
17
100
AcDbEntity
  8
hatch
100
AcDbLine
 10
0.0
 20
4.131370849898476
 30
0.0
 11
0.018629150101524772
 21
4.15
 31
0.0
  0
LWPOLYLINE
  5
DD0
330
17
100
AcDbEntity
  8
muro-corte
100
AcDbPolyline
 90
4
 70
1
 10
0.0
 20
3.25
 10
0.25
 20
3.25
 10
0.25
 20
4.15
 10
0.0
 20
4.15
  0
LWPOLYLINE
  5
DD1
330
17
100
AcDbEntity
  8
muro-fill
100
AcDbPolyline
 90
4
 70
1
 10
0.0
 20
5.65
 10
0.25
 20
5.65
 10
0.25
 20
5.85
 10
0.0
 20
5.85
  0
LINE
  5
DD2
330
17
100
AcDbEntity
  8
hatch
100
AcDbLine
 10
-4.440892098500626e-16
 20
5.682842712474619
 30
0.0
 11
0.1671572875253795
 21
5.85
 31
0.0
  0
LWPOLYLINE
  5
DD3
330
17
100
AcDbEntity
  8
muro-corte
100
AcDbPolyline
 90
4
 70
1
 10
0.0
 20
5.65
 10
0.25
 20
5.65
 10
0.25
 20
5.85
 10
0.0
 20
5.85
  0
LWPOLYLINE
  5
DD4
330
17
100
AcDbEntity
  8
carpinteria
100
AcDbPolyline
 90
4
 70
1
 10
0.05
 20
4.15
 10
0.2
 20
4.15
 10
0.2
 20
5.65
 10
0.05
 20
5.65
  0
LINE
  5
DD5
330
17
100
AcDbEntity
  8
vidrio
100
AcDbLine
 10
0.05
 20
4.9
 30
0.0
 11
0.2
 21
4.9
 31
0.0
  0
LINE
  5
DD6
330
17
100
AcDbEntity
  8
carpinteria
100
AcDbLine
 10
0.125
 20
4.15
 30
0.0
 11
0.125
 21
5.65
 31
0.0
  0
LINE
  5
DD7
330
17
100
AcDbEntity
  8
carpinteria
100
AcDbLine
 10
0.05
 20
4.15
 30
0.0
 11
0.2
 21
4.15
 31
0.0
  0
LINE
  5
DD8
330
17
100
AcDbEntity
  8
carpinteria
100
AcDbLine
 10
0.05
 20
5.65
 30
0.0
 11
0.2
 21
5.65
 31
0.0
  0
LWPOLYLINE
  5
DD9
330
17
100
AcDbEntity
  8
muro-fill
100
AcDbPolyline
 90
4
 70
1
 10
9.35
 20
3.25
 10
9.6
 20
3.25
 10
9.6
 20
4.15
 10
9.35
 20
4.15
  0
LINE
  5
DDA
330
17
100
AcDbEntity
  8
hatch
100
AcDbLine
 10
9.35
 20
3.2828427124746207
 30
0.0
 11
9.6
 21
3.5328427124746207
 31
0.0
  0
LINE
  5
DDB
330
17
100
AcDbEntity
  8
hatch
100
AcDbLine
 10
9.35
 20
3.5656854249492396
 30
0.0
 11
9.599999999999998
 21
3.8156854249492387
 31
0.0
  0
LINE
  5
DDC
330
17
100
AcDbEntity
  8
hatch
100
AcDbLine
 10
9.35
 20
3.848528137423859
 30
0.0
 11
9.6
 21
4.098528137423858
 31
0.0
  0
LINE
  5
DDD
330
17
100
AcDbEntity
  8
hatch
100
AcDbLine
 10
9.35
 20
4.131370849898477
 30
0.0
 11
9.368629150101523
 21
4.15
 31
0.0
  0
LWPOLYLINE
  5
DDE
330
17
100
AcDbEntity
  8
muro-corte
100
AcDbPolyline
 90
4
 70
1
 10
9.35
 20
3.25
 10
9.6
 20
3.25
 10
9.6
 20
4.15
 10
9.35
 20
4.15
  0
LWPOLYLINE
  5
DDF
330
17
100
AcDbEntity
  8
muro-fill
100
AcDbPolyline
 90
4
 70
1
 10
9.35
 20
5.65
 10
9.6
 20
5.65
 10
9.6
 20
5.85
 10
9.35
 20
5.85
  0
LINE
  5
DE0
330
17
100
AcDbEntity
  8
hatch
100
AcDbLine
 10
9.35
 20
5.682842712474621
 30
0.0
 11
9.517157287525379
 21
5.849999999999999
 31
0.0
  0
LWPOLYLINE
  5
DE1
330
17
100
AcDbEntity
  8
muro-corte
100
AcDbPolyline
 90
4
 70
1
 10
9.35
 20
5.65
 10
9.6
 20
5.65
 10
9.6
 20
5.85
 10
9.35
 20
5.85
  0
LWPOLYLINE
  5
DE2
330
17
100
AcDbEntity
  8
carpinteria
100
AcDbPolyline
 90
4
 70
1
 10
9.4
 20
4.15
 10
9.55
 20
4.15
 10
9.55
 20
5.65
 10
9.4
 20
5.65
  0
LINE
  5
DE3
330
17
100
AcDbEntity
  8
vidrio
100
AcDbLine
 10
9.4
 20
4.9
 30
0.0
 11
9.55
 21
4.9
 31
0.0
  0
LINE
  5
DE4
330
17
100
AcDbEntity
  8
carpinteria
100
AcDbLine
 10
9.475
 20
4.15
 30
0.0
 11
9.475
 21
5.65
 31
0.0
  0
LINE
  5
DE5
330
17
100
AcDbEntity
  8
carpinteria
100
AcDbLine
 10
9.4
 20
4.15
 30
0.0
 11
9.55
 21
4.15
 31
0.0
  0
LINE
  5
DE6
330
17
100
AcDbEntity
  8
carpinteria
100
AcDbLine
 10
9.4
 20
5.65
 30
0.0
 11
9.55
 21
5.65
 31
0.0
  0
LWPOLYLINE
  5
DE7
330
17
100
AcDbEntity
  8
tabique-fill
100
AcDbPolyline
 90
4
 70
1
 10
3.8
 20
3.25
 10
3.95
 20
3.25
 10
3.95
 20
5.85
 10
3.8
 20
5.85
  0
LINE
  5
DE8
330
17
100
AcDbEntity
  8
hatch
100
AcDbLine
 10
3.7999999999999994
 20
3.382842712474619
 30
0.0
 11
3.95
 21
3.53284271247462
 31
0.0
  0
LINE
  5
DE9
330
17
100
AcDbEntity
  8
hatch
100
AcDbLine
 10
3.8
 20
3.6656854249492374
 30
0.0
 11
3.95
 21
3.815685424949238
 31
0.0
  0
LINE
  5
DEA
330
17
100
AcDbEntity
  8
hatch
100
AcDbLine
 10
3.8
 20
3.9485281374238568
 30
0.0
 11
3.95
 21
4.098528137423857
 31
0.0
  0
LINE
  5
DEB
330
17
100
AcDbEntity
  8
hatch
100
AcDbLine
 10
3.7999999999999994
 20
4.231370849898476
 30
0.0
 11
3.9499999999999997
 21
4.381370849898476
 31
0.0
  0
LINE
  5
DEC
330
17
100
AcDbEntity
  8
hatch
100
AcDbLine
 10
3.7999999999999994
 20
4.514213562373095
 30
0.0
 11
3.9499999999999997
 21
4.664213562373095
 31
0.0
  0
LINE
  5
DED
330
17
100
AcDbEntity
  8
hatch
100
AcDbLine
 10
3.8
 20
4.797056274847714
 30
0.0
 11
3.95
 21
4.947056274847714
 31
0.0
  0
LINE
  5
DEE
330
17
100
AcDbEntity
  8
hatch
100
AcDbLine
 10
3.8
 20
5.079898987322332
 30
0.0
 11
3.95
 21
5.229898987322333
 31
0.0
  0
LINE
  5
DEF
330
17
100
AcDbEntity
  8
hatch
100
AcDbLine
 10
3.7999999999999994
 20
5.362741699796953
 30
0.0
 11
3.9499999999999997
 21
5.512741699796952
 31
0.0
  0
LINE
  5
DF0
330
17
100
AcDbEntity
  8
hatch
100
AcDbLine
 10
3.799999999999999
 20
5.64558441227157
 30
0.0
 11
3.9499999999999993
 21
5.7955844122715705
 31
0.0
  0
LWPOLYLINE
  5
DF1
330
17
100
AcDbEntity
  8
muro-corte
100
AcDbPolyline
 90
4
 70
1
 10
3.8
 20
3.25
 10
3.95
 20
3.25
 10
3.95
 20
5.85
 10
3.8
 20
5.85
  0
LWPOLYLINE
  5
DF2
330
17
100
AcDbEntity
  8
tabique-fill
100
AcDbPolyline
 90
4
 70
1
 10
5.65
 20
3.25
 10
5.8
 20
3.25
 10
5.8
 20
5.85
 10
5.65
 20
5.85
  0
LINE
  5
DF3
330
17
100
AcDbEntity
  8
hatch
100
AcDbLine
 10
5.65
 20
3.382842712474619
 30
0.0
 11
5.8
 21
3.5328427124746185
 31
0.0
  0
LINE
  5
DF4
330
17
100
AcDbEntity
  8
hatch
100
AcDbLine
 10
5.65
 20
3.6656854249492383
 30
0.0
 11
5.800000000000001
 21
3.815685424949238
 31
0.0
  0
LINE
  5
DF5
330
17
100
AcDbEntity
  8
hatch
100
AcDbLine
 10
5.65
 20
3.9485281374238577
 30
0.0
 11
5.8
 21
4.098528137423857
 31
0.0
  0
LINE
  5
DF6
330
17
100
AcDbEntity
  8
hatch
100
AcDbLine
 10
5.65
 20
4.231370849898477
 30
0.0
 11
5.8
 21
4.381370849898476
 31
0.0
  0
LINE
  5
DF7
330
17
100
AcDbEntity
  8
hatch
100
AcDbLine
 10
5.65
 20
4.514213562373095
 30
0.0
 11
5.8
 21
4.664213562373094
 31
0.0
  0
LINE
  5
DF8
330
17
100
AcDbEntity
  8
hatch
100
AcDbLine
 10
5.65
 20
4.797056274847715
 30
0.0
 11
5.8
 21
4.947056274847714
 31
0.0
  0
LINE
  5
DF9
330
17
100
AcDbEntity
  8
hatch
100
AcDbLine
 10
5.65
 20
5.079898987322333
 30
0.0
 11
5.8
 21
5.229898987322333
 31
0.0
  0
LINE
  5
DFA
330
17
100
AcDbEntity
  8
hatch
100
AcDbLine
 10
5.650000000000001
 20
5.362741699796953
 30
0.0
 11
5.800000000000001
 21
5.512741699796952
 31
0.0
  0
LINE
  5
DFB
330
17
100
AcDbEntity
  8
hatch
100
AcDbLine
 10
5.65
 20
5.645584412271572
 30
0.0
 11
5.8
 21
5.795584412271571
 31
0.0
  0
LWPOLYLINE
  5
DFC
330
17
100
AcDbEntity
  8
muro-corte
100
AcDbPolyline
 90
4
 70
1
 10
5.65
 20
3.25
 10
5.8
 20
3.25
 10
5.8
 20
5.85
 10
5.65
 20
5.85
  0
LINE
  5
DFD
330
17
100
AcDbEntity
  8
marco-medio
100
AcDbLine
 10
0.25
 20
3.25
 30
0.0
 11
9.35
 21
3.25
 31
0.0
  0
LWPOLYLINE
  5
DFE
330
17
100
AcDbEntity
  8
hormigon
100
AcDbPolyline
 90
4
 70
1
 10
0.0
 20
5.85
 10
9.6
 20
5.85
 10
9.6
 20
6.15
 10
0.0
 20
6.15
  0
LINE
  5
DFF
330
17
100
AcDbEntity
  8
hatch
100
AcDbLine
 10
9.31715728752538
 20
5.849999999999999
 30
0.0
 11
9.6
 21
6.13284271247462
 31
0.0
  0
LINE
  5
E00
330
17
100
AcDbEntity
  8
hatch
100
AcDbLine
 10
9.03431457505076
 20
5.849999999999998
 30
0.0
 11
9.334314575050763
 21
6.150000000000001
 31
0.0
  0
LINE
  5
E01
330
17
100
AcDbEntity
  8
hatch
100
AcDbLine
 10
8.751471862576143
 20
5.849999999999998
 30
0.0
 11
9.051471862576143
 21
6.15
 31
0.0
  0
LINE
  5
E02
330
17
100
AcDbEntity
  8
hatch
100
AcDbLine
 10
8.468629150101522
 20
5.849999999999998
 30
0.0
 11
8.768629150101525
 21
6.150000000000001
 31
0.0
  0
LINE
  5
E03
330
17
100
AcDbEntity
  8
hatch
100
AcDbLine
 10
8.185786437626904
 20
5.849999999999999
 30
0.0
 11
8.485786437626905
 21
6.15
 31
0.0
  0
LINE
  5
E04
330
17
100
AcDbEntity
  8
hatch
100
AcDbLine
 10
7.9029437251522845
 20
5.85
 30
0.0
 11
8.202943725152286
 21
6.15
 31
0.0
  0
LINE
  5
E05
330
17
100
AcDbEntity
  8
hatch
100
AcDbLine
 10
7.620101012677665
 20
5.849999999999999
 30
0.0
 11
7.9201010126776685
 21
6.150000000000001
 31
0.0
  0
LINE
  5
E06
330
17
100
AcDbEntity
  8
hatch
100
AcDbLine
 10
7.337258300203047
 20
5.849999999999999
 30
0.0
 11
7.637258300203048
 21
6.15
 31
0.0
  0
LINE
  5
E07
330
17
100
AcDbEntity
  8
hatch
100
AcDbLine
 10
7.0544155877284265
 20
5.849999999999998
 30
0.0
 11
7.354415587728431
 21
6.150000000000002
 31
0.0
  0
LINE
  5
E08
330
17
100
AcDbEntity
  8
hatch
100
AcDbLine
 10
6.771572875253808
 20
5.849999999999999
 30
0.0
 11
7.0715728752538105
 21
6.15
 31
0.0
  0
LINE
  5
E09
330
17
100
AcDbEntity
  8
hatch
100
AcDbLine
 10
6.48873016277919
 20
5.849999999999999
 30
0.0
 11
6.788730162779192
 21
6.150000000000001
 31
0.0
  0
LINE
  5
E0A
330
17
100
AcDbEntity
  8
hatch
100
AcDbLine
 10
6.205887450304569
 20
5.849999999999999
 30
0.0
 11
6.505887450304572
 21
6.15
 31
0.0
  0
LINE
  5
E0B
330
17
100
AcDbEntity
  8
hatch
100
AcDbLine
 10
5.923044737829951
 20
5.849999999999999
 30
0.0
 11
6.223044737829953
 21
6.150000000000001
 31
0.0
  0
LINE
  5
E0C
330
17
100
AcDbEntity
  8
hatch
100
AcDbLine
 10
5.6402020253553315
 20
5.849999999999998
 30
0.0
 11
5.940202025355334
 21
6.15
 31
0.0
  0
LINE
  5
E0D
330
17
100
AcDbEntity
  8
hatch
100
AcDbLine
 10
5.357359312880714
 20
5.849999999999999
 30
0.0
 11
5.657359312880716
 21
6.15
 31
0.0
  0
LINE
  5
E0E
330
17
100
AcDbEntity
  8
hatch
100
AcDbLine
 10
5.074516600406094
 20
5.849999999999999
 30
0.0
 11
5.374516600406096
 21
6.150000000000001
 31
0.0
  0
LINE
  5
E0F
330
17
100
AcDbEntity
  8
hatch
100
AcDbLine
 10
4.791673887931475
 20
5.849999999999999
 30
0.0
 11
5.091673887931477
 21
6.15
 31
0.0
  0
LINE
  5
E10
330
17
100
AcDbEntity
  8
hatch
100
AcDbLine
 10
4.508831175456857
 20
5.849999999999999
 30
0.0
 11
4.8088311754568585
 21
6.15
 31
0.0
  0
LINE
  5
E11
330
17
100
AcDbEntity
  8
hatch
100
AcDbLine
 10
4.225988462982237
 20
5.849999999999999
 30
0.0
 11
4.525988462982238
 21
6.15
 31
0.0
  0
LINE
  5
E12
330
17
100
AcDbEntity
  8
hatch
100
AcDbLine
 10
3.943145750507618
 20
5.849999999999999
 30
0.0
 11
4.24314575050762
 21
6.15
 31
0.0
  0
LINE
  5
E13
330
17
100
AcDbEntity
  8
hatch
100
AcDbLine
 10
3.660303038032999
 20
5.85
 30
0.0
 11
3.9603030380330013
 21
6.15
 31
0.0
  0
LINE
  5
E14
330
17
100
AcDbEntity
  8
hatch
100
AcDbLine
 10
3.3774603255583795
 20
5.849999999999999
 30
0.0
 11
3.677460325558381
 21
6.15
 31
0.0
  0
LINE
  5
E15
330
17
100
AcDbEntity
  8
hatch
100
AcDbLine
 10
3.09461761308376
 20
5.85
 30
0.0
 11
3.3946176130837626
 21
6.15
 31
0.0
  0
LINE
  5
E16
330
17
100
AcDbEntity
  8
hatch
100
AcDbLine
 10
2.8117749006091413
 20
5.849999999999999
 30
0.0
 11
3.111774900609143
 21
6.15
 31
0.0
  0
LINE
  5
E17
330
17
100
AcDbEntity
  8
hatch
100
AcDbLine
 10
2.5289321881345233
 20
5.85
 30
0.0
 11
2.8289321881345257
 21
6.15
 31
0.0
  0
LINE
  5
E18
330
17
100
AcDbEntity
  8
hatch
100
AcDbLine
 10
2.246089475659904
 20
5.849999999999999
 30
0.0
 11
2.5460894756599055
 21
6.15
 31
0.0
  0
LINE
  5
E19
330
17
100
AcDbEntity
  8
hatch
100
AcDbLine
 10
1.9632467631852848
 20
5.849999999999999
 30
0.0
 11
2.263246763185286
 21
6.15
 31
0.0
  0
LINE
  5
E1A
330
17
100
AcDbEntity
  8
hatch
100
AcDbLine
 10
1.6804040507106657
 20
5.849999999999999
 30
0.0
 11
1.9804040507106673
 21
6.150000000000001
 31
0.0
  0
LINE
  5
E1B
330
17
100
AcDbEntity
  8
hatch
100
AcDbLine
 10
1.3975613382360463
 20
5.85
 30
0.0
 11
1.6975613382360475
 21
6.15
 31
0.0
  0
LINE
  5
E1C
330
17
100
AcDbEntity
  8
hatch
100
AcDbLine
 10
1.1147186257614279
 20
5.849999999999999
 30
0.0
 11
1.4147186257614295
 21
6.15
 31
0.0
  0
LINE
  5
E1D
330
17
100
AcDbEntity
  8
hatch
100
AcDbLine
 10
0.8318759132868085
 20
5.849999999999999
 30
0.0
 11
1.1318759132868101
 21
6.15
 31
0.0
  0
LINE
  5
E1E
330
17
100
AcDbEntity
  8
hatch
100
AcDbLine
 10
0.5490332008121896
 20
5.849999999999999
 30
0.0
 11
0.8490332008121912
 21
6.15
 31
0.0
  0
LINE
  5
E1F
330
17
100
AcDbEntity
  8
hatch
100
AcDbLine
 10
0.2661904883375703
 20
5.849999999999999
 30
0.0
 11
0.5661904883375719
 21
6.15
 31
0.0
  0
LINE
  5
E20
330
17
100
AcDbEntity
  8
hatch
100
AcDbLine
 10
0.0
 20
5.866652224137048
 30
0.0
 11
0.28334777586295257
 21
6.15
 31
0.0
  0
LINE
  5
E21
330
17
100
AcDbEntity
  8
hatch
100
AcDbLine
 10
4.440892098500626e-16
 20
6.149494936611667
 30
0.0
 11
0.0005050633883341149
 21
6.15
 31
0.0
  0
LWPOLYLINE
  5
E22
330
17
100
AcDbEntity
  8
muro-corte
100
AcDbPolyline
 90
4
 70
1
 10
0.0
 20
5.85
 10
9.6
 20
5.85
 10
9.6
 20
6.15
 10
0.0
 20
6.15
  0
CIRCLE
  5
E23
330
17
100
AcDbEntity
  8
hatch-2
100
AcDbCircle
 10
0.15
 20
6.0
 30
0.0
 40
0.08500000000000002
  0
CIRCLE
  5
E24
330
17
100
AcDbEntity
  8
hatch-2
100
AcDbCircle
 10
0.45
 20
6.0
 30
0.0
 40
0.08500000000000002
  0
CIRCLE
  5
E25
330
17
100
AcDbEntity
  8
hatch-2
100
AcDbCircle
 10
0.75
 20
6.0
 30
0.0
 40
0.08500000000000002
  0
CIRCLE
  5
E26
330
17
100
AcDbEntity
  8
hatch-2
100
AcDbCircle
 10
1.05
 20
6.0
 30
0.0
 40
0.08500000000000002
  0
CIRCLE
  5
E27
330
17
100
AcDbEntity
  8
hatch-2
100
AcDbCircle
 10
1.35
 20
6.0
 30
0.0
 40
0.08500000000000002
  0
CIRCLE
  5
E28
330
17
100
AcDbEntity
  8
hatch-2
100
AcDbCircle
 10
1.65
 20
6.0
 30
0.0
 40
0.08500000000000002
  0
CIRCLE
  5
E29
330
17
100
AcDbEntity
  8
hatch-2
100
AcDbCircle
 10
1.95
 20
6.0
 30
0.0
 40
0.08500000000000002
  0
CIRCLE
  5
E2A
330
17
100
AcDbEntity
  8
hatch-2
100
AcDbCircle
 10
2.25
 20
6.0
 30
0.0
 40
0.08500000000000002
  0
CIRCLE
  5
E2B
330
17
100
AcDbEntity
  8
hatch-2
100
AcDbCircle
 10
2.55
 20
6.0
 30
0.0
 40
0.08500000000000002
  0
CIRCLE
  5
E2C
330
17
100
AcDbEntity
  8
hatch-2
100
AcDbCircle
 10
2.85
 20
6.0
 30
0.0
 40
0.08500000000000002
  0
CIRCLE
  5
E2D
330
17
100
AcDbEntity
  8
hatch-2
100
AcDbCircle
 10
3.15
 20
6.0
 30
0.0
 40
0.08500000000000002
  0
CIRCLE
  5
E2E
330
17
100
AcDbEntity
  8
hatch-2
100
AcDbCircle
 10
3.45
 20
6.0
 30
0.0
 40
0.08500000000000002
  0
CIRCLE
  5
E2F
330
17
100
AcDbEntity
  8
hatch-2
100
AcDbCircle
 10
3.75
 20
6.0
 30
0.0
 40
0.08500000000000002
  0
CIRCLE
  5
E30
330
17
100
AcDbEntity
  8
hatch-2
100
AcDbCircle
 10
4.05
 20
6.0
 30
0.0
 40
0.08500000000000002
  0
CIRCLE
  5
E31
330
17
100
AcDbEntity
  8
hatch-2
100
AcDbCircle
 10
4.35
 20
6.0
 30
0.0
 40
0.08500000000000002
  0
CIRCLE
  5
E32
330
17
100
AcDbEntity
  8
hatch-2
100
AcDbCircle
 10
4.65
 20
6.0
 30
0.0
 40
0.08500000000000002
  0
CIRCLE
  5
E33
330
17
100
AcDbEntity
  8
hatch-2
100
AcDbCircle
 10
4.95
 20
6.0
 30
0.0
 40
0.08500000000000002
  0
CIRCLE
  5
E34
330
17
100
AcDbEntity
  8
hatch-2
100
AcDbCircle
 10
5.25
 20
6.0
 30
0.0
 40
0.08500000000000002
  0
CIRCLE
  5
E35
330
17
100
AcDbEntity
  8
hatch-2
100
AcDbCircle
 10
5.55
 20
6.0
 30
0.0
 40
0.08500000000000002
  0
CIRCLE
  5
E36
330
17
100
AcDbEntity
  8
hatch-2
100
AcDbCircle
 10
5.85
 20
6.0
 30
0.0
 40
0.08500000000000002
  0
CIRCLE
  5
E37
330
17
100
AcDbEntity
  8
hatch-2
100
AcDbCircle
 10
6.15
 20
6.0
 30
0.0
 40
0.08500000000000002
  0
CIRCLE
  5
E38
330
17
100
AcDbEntity
  8
hatch-2
100
AcDbCircle
 10
6.45
 20
6.0
 30
0.0
 40
0.08500000000000002
  0
CIRCLE
  5
E39
330
17
100
AcDbEntity
  8
hatch-2
100
AcDbCircle
 10
6.75
 20
6.0
 30
0.0
 40
0.08500000000000002
  0
CIRCLE
  5
E3A
330
17
100
AcDbEntity
  8
hatch-2
100
AcDbCircle
 10
7.05
 20
6.0
 30
0.0
 40
0.08500000000000002
  0
CIRCLE
  5
E3B
330
17
100
AcDbEntity
  8
hatch-2
100
AcDbCircle
 10
7.35
 20
6.0
 30
0.0
 40
0.08500000000000002
  0
CIRCLE
  5
E3C
330
17
100
AcDbEntity
  8
hatch-2
100
AcDbCircle
 10
7.65
 20
6.0
 30
0.0
 40
0.08500000000000002
  0
CIRCLE
  5
E3D
330
17
100
AcDbEntity
  8
hatch-2
100
AcDbCircle
 10
7.95
 20
6.0
 30
0.0
 40
0.08500000000000002
  0
CIRCLE
  5
E3E
330
17
100
AcDbEntity
  8
hatch-2
100
AcDbCircle
 10
8.25
 20
6.0
 30
0.0
 40
0.08500000000000002
  0
CIRCLE
  5
E3F
330
17
100
AcDbEntity
  8
hatch-2
100
AcDbCircle
 10
8.55
 20
6.0
 30
0.0
 40
0.08500000000000002
  0
CIRCLE
  5
E40
330
17
100
AcDbEntity
  8
hatch-2
100
AcDbCircle
 10
8.85
 20
6.0
 30
0.0
 40
0.08500000000000002
  0
CIRCLE
  5
E41
330
17
100
AcDbEntity
  8
hatch-2
100
AcDbCircle
 10
9.15
 20
6.0
 30
0.0
 40
0.08500000000000002
  0
CIRCLE
  5
E42
330
17
100
AcDbEntity
  8
hatch-2
100
AcDbCircle
 10
9.45
 20
6.0
 30
0.0
 40
0.08500000000000002
  0
LINE
  5
E43
330
17
100
AcDbEntity
  8
marco-fino
100
AcDbLine
 10
0.0
 20
6.1
 30
0.0
 11
9.6
 21
6.1
 31
0.0
  0
LWPOLYLINE
  5
E44
330
17
100
AcDbEntity
  8
hormigon
100
AcDbPolyline
 90
4
 70
1
 10
0.25
 20
6.15
 10
9.35
 20
6.15
 10
9.35
 20
6.2
 10
0.25
 20
6.2
  0
LINE
  5
E45
330
17
100
AcDbEntity
  8
hatch
100
AcDbLine
 10
9.067157287525381
 20
6.15
 30
0.0
 11
9.11715728752538
 21
6.199999999999999
 31
0.0
  0
LINE
  5
E46
330
17
100
AcDbEntity
  8
hatch
100
AcDbLine
 10
8.784314575050761
 20
6.1499999999999995
 30
0.0
 11
8.834314575050762
 21
6.199999999999999
 31
0.0
  0
LINE
  5
E47
330
17
100
AcDbEntity
  8
hatch
100
AcDbLine
 10
8.501471862576143
 20
6.1499999999999995
 30
0.0
 11
8.551471862576143
 21
6.199999999999999
 31
0.0
  0
LINE
  5
E48
330
17
100
AcDbEntity
  8
hatch
100
AcDbLine
 10
8.218629150101522
 20
6.149999999999999
 30
0.0
 11
8.268629150101523
 21
6.199999999999999
 31
0.0
  0
LINE
  5
E49
330
17
100
AcDbEntity
  8
hatch
100
AcDbLine
 10
7.935786437626905
 20
6.1499999999999995
 30
0.0
 11
7.9857864376269045
 21
6.2
 31
0.0
  0
LINE
  5
E4A
330
17
100
AcDbEntity
  8
hatch
100
AcDbLine
 10
7.652943725152286
 20
6.15
 30
0.0
 11
7.702943725152285
 21
6.199999999999998
 31
0.0
  0
LINE
  5
E4B
330
17
100
AcDbEntity
  8
hatch
100
AcDbLine
 10
7.370101012677666
 20
6.15
 30
0.0
 11
7.420101012677666
 21
6.2
 31
0.0
  0
LINE
  5
E4C
330
17
100
AcDbEntity
  8
hatch
100
AcDbLine
 10
7.087258300203048
 20
6.15
 30
0.0
 11
7.137258300203047
 21
6.2
 31
0.0
  0
LINE
  5
E4D
330
17
100
AcDbEntity
  8
hatch
100
AcDbLine
 10
6.804415587728428
 20
6.1499999999999995
 30
0.0
 11
6.854415587728428
 21
6.199999999999999
 31
0.0
  0
LINE
  5
E4E
330
17
100
AcDbEntity
  8
hatch
100
AcDbLine
 10
6.52157287525381
 20
6.1499999999999995
 30
0.0
 11
6.571572875253809
 21
6.199999999999999
 31
0.0
  0
LINE
  5
E4F
330
17
100
AcDbEntity
  8
hatch
100
AcDbLine
 10
6.2387301627791905
 20
6.15
 30
0.0
 11
6.288730162779189
 21
6.199999999999999
 31
0.0
  0
LINE
  5
E50
330
17
100
AcDbEntity
  8
hatch
100
AcDbLine
 10
5.955887450304571
 20
6.1499999999999995
 30
0.0
 11
6.005887450304571
 21
6.199999999999999
 31
0.0
  0
LINE
  5
E51
330
17
100
AcDbEntity
  8
hatch
100
AcDbLine
 10
5.673044737829953
 20
6.15
 30
0.0
 11
5.723044737829952
 21
6.199999999999999
 31
0.0
  0
LINE
  5
E52
330
17
100
AcDbEntity
  8
hatch
100
AcDbLine
 10
5.390202025355332
 20
6.1499999999999995
 30
0.0
 11
5.440202025355332
 21
6.199999999999999
 31
0.0
  0
LINE
  5
E53
330
17
100
AcDbEntity
  8
hatch
100
AcDbLine
 10
5.107359312880714
 20
6.1499999999999995
 30
0.0
 11
5.157359312880715
 21
6.2
 31
0.0
  0
LINE
  5
E54
330
17
100
AcDbEntity
  8
hatch
100
AcDbLine
 10
4.824516600406095
 20
6.149999999999999
 30
0.0
 11
4.8745166004060945
 21
6.199999999999999
 31
0.0
  0
LINE
  5
E55
330
17
100
AcDbEntity
  8
hatch
100
AcDbLine
 10
4.541673887931476
 20
6.15
 30
0.0
 11
4.591673887931476
 21
6.2
 31
0.0
  0
LINE
  5
E56
330
17
100
AcDbEntity
  8
hatch
100
AcDbLine
 10
4.258831175456858
 20
6.15
 30
0.0
 11
4.308831175456856
 21
6.199999999999999
 31
0.0
  0
LINE
  5
E57
330
17
100
AcDbEntity
  8
hatch
100
AcDbLine
 10
3.975988462982238
 20
6.15
 30
0.0
 11
4.025988462982237
 21
6.199999999999999
 31
0.0
  0
LINE
  5
E58
330
17
100
AcDbEntity
  8
hatch
100
AcDbLine
 10
3.6931457505076195
 20
6.15
 30
0.0
 11
3.7431457505076193
 21
6.2
 31
0.0
  0
LINE
  5
E59
330
17
100
AcDbEntity
  8
hatch
100
AcDbLine
 10
3.4103030380329997
 20
6.15
 30
0.0
 11
3.4603030380329995
 21
6.2
 31
0.0
  0
LINE
  5
E5A
330
17
100
AcDbEntity
  8
hatch
100
AcDbLine
 10
3.1274603255583813
 20
6.15
 30
0.0
 11
3.17746032555838
 21
6.199999999999999
 31
0.0
  0
LINE
  5
E5B
330
17
100
AcDbEntity
  8
hatch
100
AcDbLine
 10
2.844617613083761
 20
6.15
 30
0.0
 11
2.894617613083761
 21
6.199999999999999
 31
0.0
  0
LINE
  5
E5C
330
17
100
AcDbEntity
  8
hatch
100
AcDbLine
 10
2.5617749006091426
 20
6.15
 30
0.0
 11
2.6117749006091424
 21
6.199999999999999
 31
0.0
  0
LINE
  5
E5D
330
17
100
AcDbEntity
  8
hatch
100
AcDbLine
 10
2.278932188134524
 20
6.1499999999999995
 30
0.0
 11
2.328932188134524
 21
6.199999999999999
 31
0.0
  0
LINE
  5
E5E
330
17
100
AcDbEntity
  8
hatch
100
AcDbLine
 10
1.9960894756599052
 20
6.15
 30
0.0
 11
2.046089475659904
 21
6.199999999999999
 31
0.0
  0
LINE
  5
E5F
330
17
100
AcDbEntity
  8
hatch
100
AcDbLine
 10
1.713246763185286
 20
6.15
 30
0.0
 11
1.7632467631852848
 21
6.199999999999999
 31
0.0
  0
LINE
  5
E60
330
17
100
AcDbEntity
  8
hatch
100
AcDbLine
 10
1.4304040507106666
 20
6.15
 30
0.0
 11
1.4804040507106655
 21
6.199999999999999
 31
0.0
  0
LINE
  5
E61
330
17
100
AcDbEntity
  8
hatch
100
AcDbLine
 10
1.1475613382360472
 20
6.15
 30
0.0
 11
1.1975613382360462
 21
6.199999999999999
 31
0.0
  0
LINE
  5
E62
330
17
100
AcDbEntity
  8
hatch
100
AcDbLine
 10
0.8647186257614292
 20
6.15
 30
0.0
 11
0.9147186257614286
 21
6.199999999999999
 31
0.0
  0
LINE
  5
E63
330
17
100
AcDbEntity
  8
hatch
100
AcDbLine
 10
0.5818759132868099
 20
6.15
 30
0.0
 11
0.6318759132868093
 21
6.199999999999999
 31
0.0
  0
LINE
  5
E64
330
17
100
AcDbEntity
  8
hatch
100
AcDbLine
 10
0.29903320081219054
 20
6.15
 30
0.0
 11
0.3490332008121899
 21
6.199999999999999
 31
0.0
  0
LWPOLYLINE
  5
E65
330
17
100
AcDbEntity
  8
muro-fill
100
AcDbPolyline
 90
4
 70
1
 10
0.0
 20
6.2
 10
0.25
 20
6.2
 10
0.25
 20
7.15
 10
0.0
 20
7.15
  0
LINE
  5
E66
330
17
100
AcDbEntity
  8
hatch
100
AcDbLine
 10
0.0
 20
6.2328427124746195
 30
0.0
 11
0.24999999999999956
 21
6.482842712474619
 31
0.0
  0
LINE
  5
E67
330
17
100
AcDbEntity
  8
hatch
100
AcDbLine
 10
0.0
 20
6.515685424949238
 30
0.0
 11
0.24999999999999956
 21
6.765685424949238
 31
0.0
  0
LINE
  5
E68
330
17
100
AcDbEntity
  8
hatch
100
AcDbLine
 10
0.0
 20
6.798528137423856
 30
0.0
 11
0.24999999999999956
 21
7.048528137423856
 31
0.0
  0
LINE
  5
E69
330
17
100
AcDbEntity
  8
hatch
100
AcDbLine
 10
0.0
 20
7.081370849898477
 30
0.0
 11
0.0686291501015246
 21
7.15
 31
0.0
  0
LWPOLYLINE
  5
E6A
330
17
100
AcDbEntity
  8
muro-corte
100
AcDbPolyline
 90
4
 70
1
 10
0.0
 20
6.2
 10
0.25
 20
6.2
 10
0.25
 20
7.15
 10
0.0
 20
7.15
  0
LWPOLYLINE
  5
E6B
330
17
100
AcDbEntity
  8
hormigon
100
AcDbPolyline
 90
4
 70
1
 10
-0.029999999999999714
 20
7.15
 10
0.2799999999999997
 20
7.15
 10
0.2799999999999997
 20
7.2
 10
-0.029999999999999714
 20
7.2
  0
LINE
  5
E6C
330
17
100
AcDbEntity
  8
hatch
100
AcDbLine
 10
-0.0028427124746190913
 20
7.15
 30
0.0
 11
0.04715728752538073
 21
7.199999999999999
 31
0.0
  0
LWPOLYLINE
  5
E6D
330
17
100
AcDbEntity
  8
muro-corte
100
AcDbPolyline
 90
4
 70
1
 10
-0.029999999999999714
 20
7.15
 10
0.2799999999999997
 20
7.15
 10
0.2799999999999997
 20
7.2
 10
-0.029999999999999714
 20
7.2
  0
LWPOLYLINE
  5
E6E
330
17
100
AcDbEntity
  8
muro-fill
100
AcDbPolyline
 90
4
 70
1
 10
9.35
 20
6.2
 10
9.6
 20
6.2
 10
9.6
 20
7.15
 10
9.35
 20
7.15
  0
LINE
  5
E6F
330
17
100
AcDbEntity
  8
hatch
100
AcDbLine
 10
9.35
 20
6.2328427124746195
 30
0.0
 11
9.6
 21
6.482842712474618
 31
0.0
  0
LINE
  5
E70
330
17
100
AcDbEntity
  8
hatch
100
AcDbLine
 10
9.35
 20
6.515685424949238
 30
0.0
 11
9.6
 21
6.765685424949238
 31
0.0
  0
LINE
  5
E71
330
17
100
AcDbEntity
  8
hatch
100
AcDbLine
 10
9.349999999999998
 20
6.798528137423857
 30
0.0
 11
9.599999999999998
 21
7.0485281374238555
 31
0.0
  0
LINE
  5
E72
330
17
100
AcDbEntity
  8
hatch
100
AcDbLine
 10
9.35
 20
7.081370849898476
 30
0.0
 11
9.418629150101523
 21
7.1499999999999995
 31
0.0
  0
LWPOLYLINE
  5
E73
330
17
100
AcDbEntity
  8
muro-corte
100
AcDbPolyline
 90
4
 70
1
 10
9.35
 20
6.2
 10
9.6
 20
6.2
 10
9.6
 20
7.15
 10
9.35
 20
7.15
  0
LWPOLYLINE
  5
E74
330
17
100
AcDbEntity
  8
hormigon
100
AcDbPolyline
 90
4
 70
1
 10
9.319999999999999
 20
7.15
 10
9.629999999999999
 20
7.15
 10
9.629999999999999
 20
7.2
 10
9.319999999999999
 20
7.2
  0
LINE
  5
E75
330
17
100
AcDbEntity
  8
hatch
100
AcDbLine
 10
9.347157287525379
 20
7.15
 30
0.0
 11
9.39715728752538
 21
7.199999999999999
 31
0.0
  0
LWPOLYLINE
  5
E76
330
17
100
AcDbEntity
  8
muro-corte
100
AcDbPolyline
 90
4
 70
1
 10
9.319999999999999
 20
7.15
 10
9.629999999999999
 20
7.15
 10
9.629999999999999
 20
7.2
 10
9.319999999999999
 20
7.2
  0
LWPOLYLINE
  5
E77
330
17
100
AcDbEntity
  8
hormigon
100
AcDbPolyline
 90
4
 70
1
 10
0.0
 20
2.9
 10
0.25
 20
2.9
 10
0.25
 20
3.05
 10
0.0
 20
3.05
  0
LINE
  5
E78
330
17
100
AcDbEntity
  8
hatch
100
AcDbLine
 10
2.220446049250313e-16
 20
2.932842712474619
 30
0.0
 11
0.11715728752538102
 21
3.05
 31
0.0
  0
LWPOLYLINE
  5
E79
330
17
100
AcDbEntity
  8
hormigon
100
AcDbPolyline
 90
4
 70
1
 10
9.35
 20
2.9
 10
9.6
 20
2.9
 10
9.6
 20
3.05
 10
9.35
 20
3.05
  0
LINE
  5
E7A
330
17
100
AcDbEntity
  8
hatch
100
AcDbLine
 10
9.35
 20
2.932842712474619
 30
0.0
 11
9.467157287525382
 21
3.05
 31
0.0
  0
LINE
  5
E7B
330
17
100
AcDbEntity
  8
nivel
100
AcDbLine
 10
10.525
 20
-23.5
 30
0.0
 11
11.825000000000001
 21
-23.5
 31
0.0
  0
LWPOLYLINE
  5
E7C
330
17
100
AcDbEntity
  8
nivel
100
AcDbPolyline
 90
3
 70
1
 10
10.525
 20
-23.5
 10
10.66
 20
-23.417500000000004
 10
10.66
 20
-23.5825
  0
LWPOLYLINE
  5
E7D
330
17
100
AcDbEntity
  8
nivel
100
AcDbPolyline
 90
3
 70
1
 10
10.525
 20
-23.5
 10
10.66
 20
-23.417500000000004
 10
10.66
 20
-23.5825
  0
LINE
  5
E7E
330
17
100
AcDbEntity
  8
hatch
100
AcDbLine
 10
10.572221227163045
 20
-23.528857416599642
 30
0.0
 11
10.66
 21
-23.441078643762687
 31
0.0
  0
TEXT
  5
E7F
330
17
100
AcDbEntity
  8
texto
100
AcDbText
 10
10.75
 20
-23.44
 30
0.0
 40
0.105
  1
±0,00
100
AcDbText
  0
LINE
  5
E80
330
17
100
AcDbEntity
  8
nivel
100
AcDbLine
 10
10.525
 20
-21.875
 30
0.0
 11
11.825000000000001
 21
-21.875
 31
0.0
  0
LWPOLYLINE
  5
E81
330
17
100
AcDbEntity
  8
nivel
100
AcDbPolyline
 90
3
 70
1
 10
10.525
 20
-21.875
 10
10.66
 20
-21.792500000000004
 10
10.66
 20
-21.9575
  0
LWPOLYLINE
  5
E82
330
17
100
AcDbEntity
  8
nivel
100
AcDbPolyline
 90
3
 70
1
 10
10.525
 20
-21.875
 10
10.66
 20
-21.792500000000004
 10
10.66
 20
-21.9575
  0
LINE
  5
E83
330
17
100
AcDbEntity
  8
hatch
100
AcDbLine
 10
10.572221227163046
 20
-21.90385741659964
 30
0.0
 11
10.66
 21
-21.816078643762687
 31
0.0
  0
TEXT
  5
E84
330
17
100
AcDbEntity
  8
texto
100
AcDbText
 10
10.75
 20
-21.815
 30
0.0
 40
0.105
  1
+3,25
100
AcDbText
  0
LINE
  5
E85
330
17
100
AcDbEntity
  8
nivel
100
AcDbLine
 10
10.525
 20
-20.400000000000002
 30
0.0
 11
11.825000000000001
 21
-20.400000000000002
 31
0.0
  0
LWPOLYLINE
  5
E86
330
17
100
AcDbEntity
  8
nivel
100
AcDbPolyline
 90
3
 70
1
 10
10.525
 20
-20.400000000000002
 10
10.66
 20
-20.317500000000003
 10
10.66
 20
-20.4825
  0
LWPOLYLINE
  5
E87
330
17
100
AcDbEntity
  8
nivel
100
AcDbPolyline
 90
3
 70
1
 10
10.525
 20
-20.400000000000002
 10
10.66
 20
-20.317500000000003
 10
10.66
 20
-20.4825
  0
LINE
  5
E88
330
17
100
AcDbEntity
  8
hatch
100
AcDbLine
 10
10.572221227163048
 20
-20.42885741659964
 30
0.0
 11
10.66
 21
-20.34107864376269
 31
0.0
  0
TEXT
  5
E89
330
17
100
AcDbEntity
  8
texto
100
AcDbText
 10
10.75
 20
-20.340000000000003
 30
0.0
 40
0.105
  1
+6,20
100
AcDbText
  0
LINE
  5
E8A
330
17
100
AcDbEntity
  8
nivel
100
AcDbLine
 10
10.525
 20
-19.900000000000002
 30
0.0
 11
11.825000000000001
 21
-19.900000000000002
 31
0.0
  0
LWPOLYLINE
  5
E8B
330
17
100
AcDbEntity
  8
nivel
100
AcDbPolyline
 90
3
 70
1
 10
10.525
 20
-19.900000000000002
 10
10.66
 20
-19.817500000000003
 10
10.66
 20
-19.9825
  0
LWPOLYLINE
  5
E8C
330
17
100
AcDbEntity
  8
nivel
100
AcDbPolyline
 90
3
 70
1
 10
10.525
 20
-19.900000000000002
 10
10.66
 20
-19.817500000000003
 10
10.66
 20
-19.9825
  0
LINE
  5
E8D
330
17
100
AcDbEntity
  8
hatch
100
AcDbLine
 10
10.572221227163048
 20
-19.92885741659964
 30
0.0
 11
10.66
 21
-19.84107864376269
 31
0.0
  0
TEXT
  5
E8E
330
17
100
AcDbEntity
  8
texto
100
AcDbText
 10
10.75
 20
-19.840000000000003
 30
0.0
 40
0.105
  1
+7,20
100
AcDbText
  0
LINE
  5
E8F
330
17
100
AcDbEntity
  8
nivel
100
AcDbLine
 10
5.325
 20
-23.725
 30
0.0
 11
3.825
 21
-23.725
 31
0.0
  0
LWPOLYLINE
  5
E90
330
17
100
AcDbEntity
  8
nivel
100
AcDbPolyline
 90
3
 70
1
 10
5.325
 20
-23.725
 10
5.19
 20
-23.642500000000002
 10
5.19
 20
-23.8075
  0
LWPOLYLINE
  5
E91
330
17
100
AcDbEntity
  8
nivel
100
AcDbPolyline
 90
3
 70
1
 10
5.325
 20
-23.725
 10
5.19
 20
-23.642500000000002
 10
5.19
 20
-23.8075
  0
LINE
  5
E92
330
17
100
AcDbEntity
  8
hatch
100
AcDbLine
 10
5.190000000000001
 20
-23.71857864376269
 30
0.0
 11
5.237221227163049
 21
-23.671357416599644
 31
0.0
  0
TEXT
  5
E93
330
17
100
AcDbEntity
  8
texto
100
AcDbText
 10
5.1000000000000005
 20
-23.665000000000003
 30
0.0
 40
0.105
  1
NTN -0,45
 72
2
100
AcDbText
  0
LINE
  5
E94
330
17
100
AcDbEntity
  8
nivel
100
AcDbLine
 10
4.825
 20
-24.025000000000002
 30
0.0
 11
3.325
 21
-24.025000000000002
 31
0.0
  0
LWPOLYLINE
  5
E95
330
17
100
AcDbEntity
  8
nivel
100
AcDbPolyline
 90
3
 70
1
 10
4.825
 20
-24.025000000000002
 10
4.69
 20
-23.942500000000003
 10
4.69
 20
-24.1075
  0
LWPOLYLINE
  5
E96
330
17
100
AcDbEntity
  8
nivel
100
AcDbPolyline
 90
3
 70
1
 10
4.825
 20
-24.025000000000002
 10
4.69
 20
-23.942500000000003
 10
4.69
 20
-24.1075
  0
LINE
  5
E97
330
17
100
AcDbEntity
  8
hatch
100
AcDbLine
 10
4.690000000000001
 20
-24.018578643762694
 30
0.0
 11
4.737221227163049
 21
-23.971357416599645
 31
0.0
  0
TEXT
  5
E98
330
17
100
AcDbEntity
  8
texto
100
AcDbText
 10
4.6000000000000005
 20
-23.965000000000003
 30
0.0
 40
0.105
  1
-1,05
 72
2
100
AcDbText
  0
LINE
  5
E99
330
17
100
AcDbEntity
  8
cota
100
AcDbLine
 10
10.4
 20
-23.5
 30
0.0
 11
10.4
 21
-23.5
 31
0.0
  0
LINE
  5
E9A
330
17
100
AcDbEntity
  8
cota
100
AcDbLine
 10
10.4
 20
-22.05
 30
0.0
 11
10.4
 21
-22.05
 31
0.0
  0
LINE
  5
E9B
330
17
100
AcDbEntity
  8
cota
100
AcDbLine
 10
10.475000000000001
 20
-23.5
 30
0.0
 11
10.475000000000001
 21
-22.05
 31
0.0
  0
LINE
  5
E9C
330
17
100
AcDbEntity
  8
cota
100
AcDbLine
 10
10.4
 20
-23.425
 30
0.0
 11
10.55
 21
-23.575000000000003
 31
0.0
  0
LINE
  5
E9D
330
17
100
AcDbEntity
  8
cota
100
AcDbLine
 10
10.4
 20
-21.975
 30
0.0
 11
10.55
 21
-22.125
 31
0.0
  0
TEXT
  5
E9E
330
17
100
AcDbEntity
  8
cota-texto
100
AcDbText
 10
10.420000000000002
 20
-22.775000000000002
 30
0.0
 40
0.095
  1
2,90
 50
90.0
 72
1
 11
10.420000000000002
 21
-22.775000000000002
 31
0.0
100
AcDbText
  0
LINE
  5
E9F
330
17
100
AcDbEntity
  8
cota
100
AcDbLine
 10
10.4
 20
-21.875
 30
0.0
 11
10.4
 21
-21.875
 31
0.0
  0
LINE
  5
EA0
330
17
100
AcDbEntity
  8
cota
100
AcDbLine
 10
10.4
 20
-20.575000000000003
 30
0.0
 11
10.4
 21
-20.575000000000003
 31
0.0
  0
LINE
  5
EA1
330
17
100
AcDbEntity
  8
cota
100
AcDbLine
 10
10.475000000000001
 20
-21.875
 30
0.0
 11
10.475000000000001
 21
-20.575000000000003
 31
0.0
  0
LINE
  5
EA2
330
17
100
AcDbEntity
  8
cota
100
AcDbLine
 10
10.4
 20
-21.8
 30
0.0
 11
10.55
 21
-21.950000000000003
 31
0.0
  0
LINE
  5
EA3
330
17
100
AcDbEntity
  8
cota
100
AcDbLine
 10
10.4
 20
-20.5
 30
0.0
 11
10.55
 21
-20.650000000000002
 31
0.0
  0
TEXT
  5
EA4
330
17
100
AcDbEntity
  8
cota-texto
100
AcDbText
 10
10.420000000000002
 20
-21.225
 30
0.0
 40
0.095
  1
2,60
 50
90.0
 72
1
 11
10.420000000000002
 21
-21.225
 31
0.0
100
AcDbText
  0
LINE
  5
EA5
330
17
100
AcDbEntity
  8
cota
100
AcDbLine
 10
5.5
 20
-23.575000000000003
 30
0.0
 11
5.5
 21
-23.175
 31
0.0
  0
LINE
  5
EA6
330
17
100
AcDbEntity
  8
cota
100
AcDbLine
 10
5.625
 20
-23.575000000000003
 30
0.0
 11
5.625
 21
-23.175
 31
0.0
  0
LINE
  5
EA7
330
17
100
AcDbEntity
  8
cota
100
AcDbLine
 10
5.5
 20
-23.1
 30
0.0
 11
5.625
 21
-23.1
 31
0.0
  0
LINE
  5
EA8
330
17
100
AcDbEntity
  8
cota
100
AcDbLine
 10
5.425000000000001
 20
-23.175
 30
0.0
 11
5.575
 21
-23.025000000000002
 31
0.0
  0
LINE
  5
EA9
330
17
100
AcDbEntity
  8
cota
100
AcDbLine
 10
5.550000000000001
 20
-23.175
 30
0.0
 11
5.7
 21
-23.025000000000002
 31
0.0
  0
TEXT
  5
EAA
330
17
100
AcDbEntity
  8
cota-texto
100
AcDbText
 10
5.5625
 20
-23.045
 30
0.0
 40
0.09
  1
0,25
 72
1
 11
5.5625
 21
-23.045
 31
0.0
100
AcDbText
  0
LINE
  5
EAB
330
17
100
AcDbEntity
  8
cota
100
AcDbLine
 10
7.4
 20
-23.575000000000003
 30
0.0
 11
7.4
 21
-23.175
 31
0.0
  0
LINE
  5
EAC
330
17
100
AcDbEntity
  8
cota
100
AcDbLine
 10
7.4750000000000005
 20
-23.575000000000003
 30
0.0
 11
7.4750000000000005
 21
-23.175
 31
0.0
  0
LINE
  5
EAD
330
17
100
AcDbEntity
  8
cota
100
AcDbLine
 10
7.4
 20
-23.1
 30
0.0
 11
7.4750000000000005
 21
-23.1
 31
0.0
  0
LINE
  5
EAE
330
17
100
AcDbEntity
  8
cota
100
AcDbLine
 10
7.325
 20
-23.175
 30
0.0
 11
7.4750000000000005
 21
-23.025000000000002
 31
0.0
  0
LINE
  5
EAF
330
17
100
AcDbEntity
  8
cota
100
AcDbLine
 10
7.4
 20
-23.175
 30
0.0
 11
7.550000000000001
 21
-23.025000000000002
 31
0.0
  0
TEXT
  5
EB0
330
17
100
AcDbEntity
  8
cota-texto
100
AcDbText
 10
7.4375
 20
-23.045
 30
0.0
 40
0.09
  1
0,15
 72
1
 11
7.4375
 21
-23.045
 31
0.0
100
AcDbText
  0
LINE
  5
EB1
330
17
100
AcDbEntity
  8
cota
100
AcDbLine
 10
7.4750000000000005
 20
-23.575000000000003
 30
0.0
 11
7.4750000000000005
 21
-23.175
 31
0.0
  0
LINE
  5
EB2
330
17
100
AcDbEntity
  8
cota
100
AcDbLine
 10
8.325000000000001
 20
-23.575000000000003
 30
0.0
 11
8.325000000000001
 21
-23.175
 31
0.0
  0
LINE
  5
EB3
330
17
100
AcDbEntity
  8
cota
100
AcDbLine
 10
7.4750000000000005
 20
-23.1
 30
0.0
 11
8.325000000000001
 21
-23.1
 31
0.0
  0
LINE
  5
EB4
330
17
100
AcDbEntity
  8
cota
100
AcDbLine
 10
7.4
 20
-23.175
 30
0.0
 11
7.550000000000001
 21
-23.025000000000002
 31
0.0
  0
LINE
  5
EB5
330
17
100
AcDbEntity
  8
cota
100
AcDbLine
 10
8.25
 20
-23.175
 30
0.0
 11
8.4
 21
-23.025000000000002
 31
0.0
  0
TEXT
  5
EB6
330
17
100
AcDbEntity
  8
cota-texto
100
AcDbText
 10
7.9
 20
-23.045
 30
0.0
 40
0.09
  1
1,70
 72
1
 11
7.9
 21
-23.045
 31
0.0
100
AcDbText
  0
LINE
  5
EB7
330
17
100
AcDbEntity
  8
cota
100
AcDbLine
 10
8.325000000000001
 20
-23.575000000000003
 30
0.0
 11
8.325000000000001
 21
-23.175
 31
0.0
  0
LINE
  5
EB8
330
17
100
AcDbEntity
  8
cota
100
AcDbLine
 10
8.4
 20
-23.575000000000003
 30
0.0
 11
8.4
 21
-23.175
 31
0.0
  0
LINE
  5
EB9
330
17
100
AcDbEntity
  8
cota
100
AcDbLine
 10
8.325000000000001
 20
-23.1
 30
0.0
 11
8.4
 21
-23.1
 31
0.0
  0
LINE
  5
EBA
330
17
100
AcDbEntity
  8
cota
100
AcDbLine
 10
8.25
 20
-23.175
 30
0.0
 11
8.4
 21
-23.025000000000002
 31
0.0
  0
LINE
  5
EBB
330
17
100
AcDbEntity
  8
cota
100
AcDbLine
 10
8.325000000000001
 20
-23.175
 30
0.0
 11
8.475
 21
-23.025000000000002
 31
0.0
  0
TEXT
  5
EBC
330
17
100
AcDbEntity
  8
cota-texto
100
AcDbText
 10
8.3625
 20
-23.045
 30
0.0
 40
0.09
  1
0,15
 72
1
 11
8.3625
 21
-23.045
 31
0.0
100
AcDbText
  0
LINE
  5
EBD
330
17
100
AcDbEntity
  8
cota
100
AcDbLine
 10
10.175
 20
-23.575000000000003
 30
0.0
 11
10.175
 21
-23.175
 31
0.0
  0
LINE
  5
EBE
330
17
100
AcDbEntity
  8
cota
100
AcDbLine
 10
10.3
 20
-23.575000000000003
 30
0.0
 11
10.3
 21
-23.175
 31
0.0
  0
LINE
  5
EBF
330
17
100
AcDbEntity
  8
cota
100
AcDbLine
 10
10.175
 20
-23.1
 30
0.0
 11
10.3
 21
-23.1
 31
0.0
  0
LINE
  5
EC0
330
17
100
AcDbEntity
  8
cota
100
AcDbLine
 10
10.100000000000001
 20
-23.175
 30
0.0
 11
10.25
 21
-23.025000000000002
 31
0.0
  0
LINE
  5
EC1
330
17
100
AcDbEntity
  8
cota
100
AcDbLine
 10
10.225000000000001
 20
-23.175
 30
0.0
 11
10.375
 21
-23.025000000000002
 31
0.0
  0
TEXT
  5
EC2
330
17
100
AcDbEntity
  8
cota-texto
100
AcDbText
 10
10.2375
 20
-23.045
 30
0.0
 40
0.09
  1
0,25
 72
1
 11
10.2375
 21
-23.045
 31
0.0
100
AcDbText
  0
LINE
  5
EC3
330
17
100
AcDbEntity
  8
cota
100
AcDbLine
 10
5.5
 20
-23.575000000000003
 30
0.0
 11
5.5
 21
-22.625
 31
0.0
  0
LINE
  5
EC4
330
17
100
AcDbEntity
  8
cota
100
AcDbLine
 10
10.3
 20
-23.575000000000003
 30
0.0
 11
10.3
 21
-22.625
 31
0.0
  0
LINE
  5
EC5
330
17
100
AcDbEntity
  8
cota
100
AcDbLine
 10
5.5
 20
-22.55
 30
0.0
 11
10.3
 21
-22.55
 31
0.0
  0
LINE
  5
EC6
330
17
100
AcDbEntity
  8
cota
100
AcDbLine
 10
5.425000000000001
 20
-22.625
 30
0.0
 11
5.575
 21
-22.475
 31
0.0
  0
LINE
  5
EC7
330
17
100
AcDbEntity
  8
cota
100
AcDbLine
 10
10.225000000000001
 20
-22.625
 30
0.0
 11
10.375
 21
-22.475
 31
0.0
  0
TEXT
  5
EC8
330
17
100
AcDbEntity
  8
cota-texto
100
AcDbText
 10
7.9
 20
-22.495
 30
0.0
 40
0.125
  1
9,60
 72
1
 11
7.9
 21
-22.495
 31
0.0
100
AcDbText
  0
TEXT
  5
EC9
330
17
100
AcDbEntity
  8
texto
100
AcDbText
 10
4.9
 20
-18.5
 30
0.0
 40
0.14
  1
CORTE A-A  ·  TRANSVERSAL
100
AcDbText
  0
LINE
  5
ECA
330
17
100
AcDbEntity
  8
marco-medio
100
AcDbLine
 10
4.9
 20
-18.630000000000003
 30
0.0
 11
11.4
 21
-18.630000000000003
 31
0.0
  0
TEXT
  5
ECB
330
17
100
AcDbEntity
  8
texto-suave
100
AcDbText
 10
11.4
 20
-18.5
 30
0.0
 40
0.11000000000000001
  1
E 1:100
 72
2
100
AcDbText
  0
LINE
  5
ECC
330
17
100
AcDbEntity
  8
terreno
100
AcDbLine
 10
-1.2
 20
-0.45
 30
0.0
 11
0.0
 21
-0.45
 31
0.0
  0
LINE
  5
ECD
330
17
100
AcDbEntity
  8
terreno
100
AcDbLine
 10
-1.2
 20
-0.45
 30
0.0
 11
-1.3800000000000012
 21
-0.65
 31
0.0
  0
LINE
  5
ECE
330
17
100
AcDbEntity
  8
terreno
100
AcDbLine
 10
-0.7800000000000011
 20
-0.45
 30
0.0
 11
-0.9600000000000023
 21
-0.65
 31
0.0
  0
LINE
  5
ECF
330
17
100
AcDbEntity
  8
terreno
100
AcDbLine
 10
-0.36000000000000226
 20
-0.45
 30
0.0
 11
-0.5399999999999977
 21
-0.65
 31
0.0
  0
LINE
  5
ED0
330
17
100
AcDbEntity
  8
terreno
100
AcDbLine
 10
24.0
 20
-0.45
 30
0.0
 11
25.2
 21
-0.45
 31
0.0
  0
LINE
  5
ED1
330
17
100
AcDbEntity
  8
terreno
100
AcDbLine
 10
24.0
 20
-0.45
 30
0.0
 11
23.820000000000004
 21
-0.65
 31
0.0
  0
LINE
  5
ED2
330
17
100
AcDbEntity
  8
terreno
100
AcDbLine
 10
24.420000000000005
 20
-0.45
 30
0.0
 11
24.24000000000001
 21
-0.65
 31
0.0
  0
LINE
  5
ED3
330
17
100
AcDbEntity
  8
terreno
100
AcDbLine
 10
24.84000000000001
 20
-0.45
 30
0.0
 11
24.660000000000004
 21
-0.65
 31
0.0
  0
LINE
  5
ED4
330
17
100
AcDbEntity
  8
terreno
100
AcDbLine
 10
-0.5656854249492369
 20
-1.65
 30
0.0
 11
0.0
 21
-1.084314575050763
 31
0.0
  0
LINE
  5
ED5
330
17
100
AcDbEntity
  8
terreno
100
AcDbLine
 10
-1.1313708498984738
 20
-1.65
 30
0.0
 11
0.0
 21
-0.5186291501015262
 31
0.0
  0
LINE
  5
ED6
330
17
100
AcDbEntity
  8
terreno
100
AcDbLine
 10
-1.2
 20
-1.1529437251522836
 30
0.0
 11
-0.4970562748477164
 21
-0.45
 31
0.0
  0
LINE
  5
ED7
330
17
100
AcDbEntity
  8
terreno
100
AcDbLine
 10
-1.2
 20
-0.5872583002030467
 30
0.0
 11
-1.0627416997969532
 21
-0.45
 31
0.0
  0
LINE
  5
ED8
330
17
100
AcDbEntity
  8
terreno
100
AcDbLine
 10
24.63431457505076
 20
-1.65
 30
0.0
 11
25.2
 21
-1.084314575050763
 31
0.0
  0
LINE
  5
ED9
330
17
100
AcDbEntity
  8
terreno
100
AcDbLine
 10
24.068629150101515
 20
-1.65
 30
0.0
 11
25.2
 21
-0.5186291501015206
 31
0.0
  0
LINE
  5
EDA
330
17
100
AcDbEntity
  8
terreno
100
AcDbLine
 10
24.0
 20
-1.1529437251522836
 30
0.0
 11
24.702943725152284
 21
-0.45
 31
0.0
  0
LINE
  5
EDB
330
17
100
AcDbEntity
  8
terreno
100
AcDbLine
 10
24.0
 20
-0.587258300203041
 30
0.0
 11
24.13725830020304
 21
-0.45
 31
0.0
  0
LWPOLYLINE
  5
EDC
330
17
100
AcDbEntity
  8
hormigon
100
AcDbPolyline
 90
4
 70
1
 10
0.0
 20
-0.45
 10
24.0
 20
-0.45
 10
24.0
 20
0.0
 10
0.0
 20
0.0
  0
LINE
  5
EDD
330
17
100
AcDbEntity
  8
hatch
100
AcDbLine
 10
23.71715728752538
 20
-0.45000000000000107
 30
0.0
 11
24.0
 21
-0.1671572875253844
 31
0.0
  0
LINE
  5
EDE
330
17
100
AcDbEntity
  8
hatch
100
AcDbLine
 10
23.434314575050763
 20
-0.45000000000000107
 30
0.0
 11
23.884314575050766
 21
0.0
 31
0.0
  0
LINE
  5
EDF
330
17
100
AcDbEntity
  8
hatch
100
AcDbLine
 10
23.15147186257614
 20
-0.4499999999999993
 30
0.0
 11
23.60147186257614
 21
1.7763568394002505e-15
 31
0.0
  0
LINE
  5
EE0
330
17
100
AcDbEntity
  8
hatch
100
AcDbLine
 10
22.868629150101526
 20
-0.45000000000000107
 30
0.0
 11
23.318629150101525
 21
0.0
 31
0.0
  0
LINE
  5
EE1
330
17
100
AcDbEntity
  8
hatch
100
AcDbLine
 10
22.585786437626908
 20
-0.4499999999999993
 30
0.0
 11
23.035786437626907
 21
0.0
 31
0.0
  0
LINE
  5
EE2
330
17
100
AcDbEntity
  8
hatch
100
AcDbLine
 10
22.30294372515229
 20
-0.4499999999999993
 30
0.0
 11
22.75294372515229
 21
0.0
 31
0.0
  0
LINE
  5
EE3
330
17
100
AcDbEntity
  8
hatch
100
AcDbLine
 10
22.02010101267767
 20
-0.4499999999999975
 30
0.0
 11
22.470101012677667
 21
1.7763568394002505e-15
 31
0.0
  0
LINE
  5
EE4
330
17
100
AcDbEntity
  8
hatch
100
AcDbLine
 10
21.737258300203052
 20
-0.4499999999999975
 30
0.0
 11
22.187258300203048
 21
1.7763568394002505e-15
 31
0.0
  0
LINE
  5
EE5
330
17
100
AcDbEntity
  8
hatch
100
AcDbLine
 10
21.45441558772843
 20
-0.4499999999999993
 30
0.0
 11
21.90441558772843
 21
0.0
 31
0.0
  0
LINE
  5
EE6
330
17
100
AcDbEntity
  8
hatch
100
AcDbLine
 10
21.171572875253812
 20
-0.4499999999999993
 30
0.0
 11
21.62157287525381
 21
0.0
 31
0.0
  0
LINE
  5
EE7
330
17
100
AcDbEntity
  8
hatch
100
AcDbLine
 10
20.888730162779197
 20
-0.4499999999999975
 30
0.0
 11
21.338730162779193
 21
0.0
 31
0.0
  0
LINE
  5
EE8
330
17
100
AcDbEntity
  8
hatch
100
AcDbLine
 10
20.605887450304575
 20
-0.4499999999999975
 30
0.0
 11
21.055887450304574
 21
1.7763568394002505e-15
 31
0.0
  0
LINE
  5
EE9
330
17
100
AcDbEntity
  8
hatch
100
AcDbLine
 10
20.323044737829957
 20
-0.4499999999999993
 30
0.0
 11
20.773044737829956
 21
0.0
 31
0.0
  0
LINE
  5
EEA
330
17
100
AcDbEntity
  8
hatch
100
AcDbLine
 10
20.040202025355335
 20
-0.4499999999999993
 30
0.0
 11
20.490202025355334
 21
0.0
 31
0.0
  0
LINE
  5
EEB
330
17
100
AcDbEntity
  8
hatch
100
AcDbLine
 10
19.757359312880716
 20
-0.4499999999999975
 30
0.0
 11
20.20735931288072
 21
1.7763568394002505e-15
 31
0.0
  0
LINE
  5
EEC
330
17
100
AcDbEntity
  8
hatch
100
AcDbLine
 10
19.474516600406098
 20
-0.4499999999999993
 30
0.0
 11
19.9245166004061
 21
1.7763568394002505e-15
 31
0.0
  0
LINE
  5
EED
330
17
100
AcDbEntity
  8
hatch
100
AcDbLine
 10
19.19167388793148
 20
-0.4499999999999993
 30
0.0
 11
19.64167388793148
 21
0.0
 31
0.0
  0
LINE
  5
EEE
330
17
100
AcDbEntity
  8
hatch
100
AcDbLine
 10
18.90883117545686
 20
-0.4499999999999993
 30
0.0
 11
19.35883117545686
 21
0.0
 31
0.0
  0
LINE
  5
EEF
330
17
100
AcDbEntity
  8
hatch
100
AcDbLine
 10
18.625988462982242
 20
-0.4499999999999975
 30
0.0
 11
19.075988462982238
 21
1.7763568394002505e-15
 31
0.0
  0
LINE
  5
EF0
330
17
100
AcDbEntity
  8
hatch
100
AcDbLine
 10
18.34314575050762
 20
-0.4499999999999993
 30
0.0
 11
18.79314575050762
 21
1.7763568394002505e-15
 31
0.0
  0
LINE
  5
EF1
330
17
100
AcDbEntity
  8
hatch
100
AcDbLine
 10
18.060303038033005
 20
-0.4499999999999975
 30
0.0
 11
18.510303038033005
 21
1.7763568394002505e-15
 31
0.0
  0
LINE
  5
EF2
330
17
100
AcDbEntity
  8
hatch
100
AcDbLine
 10
17.777460325558383
 20
-0.4499999999999993
 30
0.0
 11
18.227460325558383
 21
0.0
 31
0.0
  0
LINE
  5
EF3
330
17
100
AcDbEntity
  8
hatch
100
AcDbLine
 10
17.49461761308376
 20
-0.4499999999999975
 30
0.0
 11
17.944617613083764
 21
1.7763568394002505e-15
 31
0.0
  0
LINE
  5
EF4
330
17
100
AcDbEntity
  8
hatch
100
AcDbLine
 10
17.211774900609143
 20
-0.4499999999999993
 30
0.0
 11
17.661774900609146
 21
1.7763568394002505e-15
 31
0.0
  0
LINE
  5
EF5
330
17
100
AcDbEntity
  8
hatch
100
AcDbLine
 10
16.928932188134528
 20
-0.4499999999999975
 30
0.0
 11
17.378932188134527
 21
1.7763568394002505e-15
 31
0.0
  0
LINE
  5
EF6
330
17
100
AcDbEntity
  8
hatch
100
AcDbLine
 10
16.646089475659906
 20
-0.4499999999999993
 30
0.0
 11
17.09608947565991
 21
0.0
 31
0.0
  0
LINE
  5
EF7
330
17
100
AcDbEntity
  8
hatch
100
AcDbLine
 10
16.363246763185288
 20
-0.4499999999999975
 30
0.0
 11
16.813246763185287
 21
0.0
 31
0.0
  0
LINE
  5
EF8
330
17
100
AcDbEntity
  8
hatch
100
AcDbLine
 10
16.08040405071067
 20
-0.4499999999999984
 30
0.0
 11
16.530404050710665
 21
0.0
 31
0.0
  0
LINE
  5
EF9
330
17
100
AcDbEntity
  8
hatch
100
AcDbLine
 10
15.79756133823605
 20
-0.4500000000000002
 30
0.0
 11
16.247561338236046
 21
0.0
 31
0.0
  0
LINE
  5
EFA
330
17
100
AcDbEntity
  8
hatch
100
AcDbLine
 10
15.514718625761432
 20
-0.4499999999999984
 30
0.0
 11
15.964718625761432
 21
0.0
 31
0.0
  0
LINE
  5
EFB
330
17
100
AcDbEntity
  8
hatch
100
AcDbLine
 10
15.231875913286814
 20
-0.4499999999999993
 30
0.0
 11
15.681875913286813
 21
0.0
 31
0.0
  0
LINE
  5
EFC
330
17
100
AcDbEntity
  8
hatch
100
AcDbLine
 10
14.949033200812192
 20
-0.4499999999999984
 30
0.0
 11
15.399033200812191
 21
0.0
 31
0.0
  0
LINE
  5
EFD
330
17
100
AcDbEntity
  8
hatch
100
AcDbLine
 10
14.666190488337573
 20
-0.4499999999999984
 30
0.0
 11
15.116190488337573
 21
0.0
 31
0.0
  0
LINE
  5
EFE
330
17
100
AcDbEntity
  8
hatch
100
AcDbLine
 10
14.383347775862955
 20
-0.4499999999999984
 30
0.0
 11
14.833347775862954
 21
8.881784197001252e-16
 31
0.0
  0
LINE
  5
EFF
330
17
100
AcDbEntity
  8
hatch
100
AcDbLine
 10
14.100505063388336
 20
-0.4499999999999993
 30
0.0
 11
14.550505063388336
 21
0.0
 31
0.0
  0
LINE
  5
F00
330
17
100
AcDbEntity
  8
hatch
100
AcDbLine
 10
13.817662350913718
 20
-0.4499999999999993
 30
0.0
 11
14.267662350913717
 21
0.0
 31
0.0
  0
LINE
  5
F01
330
17
100
AcDbEntity
  8
hatch
100
AcDbLine
 10
13.534819638439098
 20
-0.4499999999999993
 30
0.0
 11
13.984819638439097
 21
0.0
 31
0.0
  0
LINE
  5
F02
330
17
100
AcDbEntity
  8
hatch
100
AcDbLine
 10
13.251976925964478
 20
-0.4499999999999984
 30
0.0
 11
13.701976925964477
 21
8.881784197001252e-16
 31
0.0
  0
LINE
  5
F03
330
17
100
AcDbEntity
  8
hatch
100
AcDbLine
 10
12.969134213489859
 20
-0.4499999999999993
 30
0.0
 11
13.41913421348986
 21
8.881784197001252e-16
 31
0.0
  0
LINE
  5
F04
330
17
100
AcDbEntity
  8
hatch
100
AcDbLine
 10
12.686291501015242
 20
-0.4499999999999975
 30
0.0
 11
13.136291501015242
 21
1.7763568394002505e-15
 31
0.0
  0
LINE
  5
F05
330
17
100
AcDbEntity
  8
hatch
100
AcDbLine
 10
12.40344878854062
 20
-0.4499999999999993
 30
0.0
 11
12.85344878854062
 21
0.0
 31
0.0
  0
LINE
  5
F06
330
17
100
AcDbEntity
  8
hatch
100
AcDbLine
 10
12.120606076066004
 20
-0.4499999999999984
 30
0.0
 11
12.570606076066003
 21
0.0
 31
0.0
  0
LINE
  5
F07
330
17
100
AcDbEntity
  8
hatch
100
AcDbLine
 10
11.837763363591385
 20
-0.4499999999999984
 30
0.0
 11
12.287763363591385
 21
8.881784197001252e-16
 31
0.0
  0
LINE
  5
F08
330
17
100
AcDbEntity
  8
hatch
100
AcDbLine
 10
11.554920651116763
 20
-0.4499999999999993
 30
0.0
 11
12.004920651116763
 21
8.881784197001252e-16
 31
0.0
  0
LINE
  5
F09
330
17
100
AcDbEntity
  8
hatch
100
AcDbLine
 10
11.272077938642145
 20
-0.4499999999999993
 30
0.0
 11
11.722077938642144
 21
8.881784197001252e-16
 31
0.0
  0
LINE
  5
F0A
330
17
100
AcDbEntity
  8
hatch
100
AcDbLine
 10
10.989235226167523
 20
-0.4500000000000002
 30
0.0
 11
11.439235226167526
 21
8.881784197001252e-16
 31
0.0
  0
LINE
  5
F0B
330
17
100
AcDbEntity
  8
hatch
100
AcDbLine
 10
10.706392513692906
 20
-0.4500000000000002
 30
0.0
 11
11.156392513692905
 21
0.0
 31
0.0
  0
LINE
  5
F0C
330
17
100
AcDbEntity
  8
hatch
100
AcDbLine
 10
10.423549801218286
 20
-0.4500000000000002
 30
0.0
 11
10.873549801218285
 21
8.881784197001252e-16
 31
0.0
  0
LINE
  5
F0D
330
17
100
AcDbEntity
  8
hatch
100
AcDbLine
 10
10.140707088743667
 20
-0.45000000000000107
 30
0.0
 11
10.590707088743667
 21
-8.881784197001252e-16
 31
0.0
  0
LINE
  5
F0E
330
17
100
AcDbEntity
  8
hatch
100
AcDbLine
 10
9.857864376269049
 20
-0.45000000000000107
 30
0.0
 11
10.30786437626905
 21
0.0
 31
0.0
  0
LINE
  5
F0F
330
17
100
AcDbEntity
  8
hatch
100
AcDbLine
 10
9.575021663794429
 20
-0.45000000000000107
 30
0.0
 11
10.02502166379443
 21
-8.881784197001252e-16
 31
0.0
  0
LINE
  5
F10
330
17
100
AcDbEntity
  8
hatch
100
AcDbLine
 10
9.29217895131981
 20
-0.4500000000000002
 30
0.0
 11
9.742178951319811
 21
0.0
 31
0.0
  0
LINE
  5
F11
330
17
100
AcDbEntity
  8
hatch
100
AcDbLine
 10
9.00933623884519
 20
-0.4500000000000002
 30
0.0
 11
9.459336238845191
 21
0.0
 31
0.0
  0
LINE
  5
F12
330
17
100
AcDbEntity
  8
hatch
100
AcDbLine
 10
8.726493526370572
 20
-0.4500000000000002
 30
0.0
 11
9.176493526370573
 21
8.881784197001252e-16
 31
0.0
  0
LINE
  5
F13
330
17
100
AcDbEntity
  8
hatch
100
AcDbLine
 10
8.443650813895955
 20
-0.44999999999999973
 30
0.0
 11
8.893650813895956
 21
8.881784197001252e-16
 31
0.0
  0
LINE
  5
F14
330
17
100
AcDbEntity
  8
hatch
100
AcDbLine
 10
8.160808101421335
 20
-0.44999999999999973
 30
0.0
 11
8.610808101421334
 21
8.881784197001252e-16
 31
0.0
  0
LINE
  5
F15
330
17
100
AcDbEntity
  8
hatch
100
AcDbLine
 10
7.877965388946716
 20
-0.4499999999999993
 30
0.0
 11
8.327965388946717
 21
8.881784197001252e-16
 31
0.0
  0
LINE
  5
F16
330
17
100
AcDbEntity
  8
hatch
100
AcDbLine
 10
7.595122676472095
 20
-0.44999999999999973
 30
0.0
 11
8.045122676472095
 21
8.881784197001252e-16
 31
0.0
  0
LINE
  5
F17
330
17
100
AcDbEntity
  8
hatch
100
AcDbLine
 10
7.312279963997478
 20
-0.44999999999999973
 30
0.0
 11
7.762279963997478
 21
4.440892098500626e-16
 31
0.0
  0
LINE
  5
F18
330
17
100
AcDbEntity
  8
hatch
100
AcDbLine
 10
7.029437251522859
 20
-0.44999999999999973
 30
0.0
 11
7.47943725152286
 21
8.881784197001252e-16
 31
0.0
  0
LINE
  5
F19
330
17
100
AcDbEntity
  8
hatch
100
AcDbLine
 10
6.746594539048239
 20
-0.4500000000000002
 30
0.0
 11
7.19659453904824
 21
4.440892098500626e-16
 31
0.0
  0
LINE
  5
F1A
330
17
100
AcDbEntity
  8
hatch
100
AcDbLine
 10
6.4637518265736205
 20
-0.4500000000000002
 30
0.0
 11
6.91375182657362
 21
-4.440892098500626e-16
 31
0.0
  0
LINE
  5
F1B
330
17
100
AcDbEntity
  8
hatch
100
AcDbLine
 10
6.180909114099
 20
-0.4500000000000002
 30
0.0
 11
6.630909114099001
 21
8.881784197001252e-16
 31
0.0
  0
LINE
  5
F1C
330
17
100
AcDbEntity
  8
hatch
100
AcDbLine
 10
5.898066401624382
 20
-0.44999999999999973
 30
0.0
 11
6.348066401624381
 21
-4.440892098500626e-16
 31
0.0
  0
LINE
  5
F1D
330
17
100
AcDbEntity
  8
hatch
100
AcDbLine
 10
5.615223689149764
 20
-0.44999999999999973
 30
0.0
 11
6.065223689149765
 21
8.881784197001252e-16
 31
0.0
  0
LINE
  5
F1E
330
17
100
AcDbEntity
  8
hatch
100
AcDbLine
 10
5.332380976675143
 20
-0.4500000000000002
 30
0.0
 11
5.782380976675143
 21
-8.881784197001252e-16
 31
0.0
  0
LINE
  5
F1F
330
17
100
AcDbEntity
  8
hatch
100
AcDbLine
 10
5.049538264200526
 20
-0.44999999999999973
 30
0.0
 11
5.499538264200527
 21
8.881784197001252e-16
 31
0.0
  0
LINE
  5
F20
330
17
100
AcDbEntity
  8
hatch
100
AcDbLine
 10
4.766695551725905
 20
-0.44999999999999973
 30
0.0
 11
5.2166955517259055
 21
-4.440892098500626e-16
 31
0.0
  0
LINE
  5
F21
330
17
100
AcDbEntity
  8
hatch
100
AcDbLine
 10
4.483852839251288
 20
-0.44999999999999973
 30
0.0
 11
4.933852839251288
 21
8.881784197001252e-16
 31
0.0
  0
LINE
  5
F22
330
17
100
AcDbEntity
  8
hatch
100
AcDbLine
 10
4.201010126776669
 20
-0.4500000000000002
 30
0.0
 11
4.651010126776669
 21
-4.440892098500626e-16
 31
0.0
  0
LINE
  5
F23
330
17
100
AcDbEntity
  8
hatch
100
AcDbLine
 10
3.918167414302048
 20
-0.44999999999999996
 30
0.0
 11
4.368167414302049
 21
8.881784197001252e-16
 31
0.0
  0
LINE
  5
F24
330
17
100
AcDbEntity
  8
hatch
100
AcDbLine
 10
3.6353247018274306
 20
-0.4500000000000002
 30
0.0
 11
4.08532470182743
 21
-4.440892098500626e-16
 31
0.0
  0
LINE
  5
F25
330
17
100
AcDbEntity
  8
hatch
100
AcDbLine
 10
3.35248198935281
 20
-0.44999999999999996
 30
0.0
 11
3.8024819893528097
 21
-4.440892098500626e-16
 31
0.0
  0
LINE
  5
F26
330
17
100
AcDbEntity
  8
hatch
100
AcDbLine
 10
3.069639276878192
 20
-0.4500000000000002
 30
0.0
 11
3.519639276878192
 21
-2.220446049250313e-16
 31
0.0
  0
LINE
  5
F27
330
17
100
AcDbEntity
  8
hatch
100
AcDbLine
 10
2.786796564403574
 20
-0.4500000000000002
 30
0.0
 11
3.2367965644035737
 21
-2.220446049250313e-16
 31
0.0
  0
LINE
  5
F28
330
17
100
AcDbEntity
  8
hatch
100
AcDbLine
 10
2.5039538519289533
 20
-0.44999999999999996
 30
0.0
 11
2.9539538519289534
 21
-2.220446049250313e-16
 31
0.0
  0
LINE
  5
F29
330
17
100
AcDbEntity
  8
hatch
100
AcDbLine
 10
2.2211111394543357
 20
-0.44999999999999996
 30
0.0
 11
2.671111139454335
 21
-2.220446049250313e-16
 31
0.0
  0
LINE
  5
F2A
330
17
100
AcDbEntity
  8
hatch
100
AcDbLine
 10
1.9382684269797146
 20
-0.44999999999999996
 30
0.0
 11
2.3882684269797148
 21
-2.220446049250313e-16
 31
0.0
  0
LINE
  5
F2B
330
17
100
AcDbEntity
  8
hatch
100
AcDbLine
 10
1.655425714505097
 20
-0.44999999999999996
 30
0.0
 11
2.1054257145050967
 21
0.0
 31
0.0
  0
LINE
  5
F2C
330
17
100
AcDbEntity
  8
hatch
100
AcDbLine
 10
1.3725830020304788
 20
-0.44999999999999996
 30
0.0
 11
1.8225830020304787
 21
-1.1102230246251565e-16
 31
0.0
  0
LINE
  5
F2D
330
17
100
AcDbEntity
  8
hatch
100
AcDbLine
 10
1.0897402895558608
 20
-0.4499999999999999
 30
0.0
 11
1.5397402895558607
 21
-1.1102230246251565e-16
 31
0.0
  0
LINE
  5
F2E
330
17
100
AcDbEntity
  8
hatch
100
AcDbLine
 10
0.8068975770812378
 20
-0.44999999999999996
 30
0.0
 11
1.2568975770812378
 21
-1.1102230246251565e-16
 31
0.0
  0
LINE
  5
F2F
330
17
100
AcDbEntity
  8
hatch
100
AcDbLine
 10
0.5240548646066197
 20
-0.44999999999999996
 30
0.0
 11
0.9740548646066196
 21
-5.551115123125783e-17
 31
0.0
  0
LINE
  5
F30
330
17
100
AcDbEntity
  8
hatch
100
AcDbLine
 10
0.24121215213200164
 20
-0.45
 30
0.0
 11
0.6912121521320016
 21
-5.551115123125783e-17
 31
0.0
  0
LINE
  5
F31
330
17
100
AcDbEntity
  8
hatch
100
AcDbLine
 10
2.7755575615628914e-17
 20
-0.4083694396573836
 30
0.0
 11
0.4083694396573837
 21
-2.7755575615628914e-17
 31
0.0
  0
LINE
  5
F32
330
17
100
AcDbEntity
  8
hatch
100
AcDbLine
 10
0.0
 20
-0.12552672718276564
 30
0.0
 11
0.12552672718276564
 21
-1.3877787807814457e-17
 31
0.0
  0
LWPOLYLINE
  5
F33
330
17
100
AcDbEntity
  8
muro-corte
100
AcDbPolyline
 90
4
 70
1
 10
0.0
 20
-0.45
 10
24.0
 20
-0.45
 10
24.0
 20
0.0
 10
0.0
 20
0.0
  0
LWPOLYLINE
  5
F34
330
17
100
AcDbEntity
  8
sombra
100
AcDbPolyline
 90
4
 70
1
 10
0.0
 20
0.0
 10
24.0
 20
0.0
 10
24.0
 20
6.5
 10
0.0
 20
6.5
  0
LINE
  5
F35
330
17
100
AcDbEntity
  8
hatch
100
AcDbLine
 10
23.71715728752538
 20
0.0
 30
0.0
 11
24.0
 21
0.28284271247461845
 31
0.0
  0
LINE
  5
F36
330
17
100
AcDbEntity
  8
hatch
100
AcDbLine
 10
23.434314575050763
 20
0.0
 30
0.0
 11
24.0
 21
0.5656854249492369
 31
0.0
  0
LINE
  5
F37
330
17
100
AcDbEntity
  8
hatch
100
AcDbLine
 10
23.15147186257614
 20
0.0
 30
0.0
 11
24.0
 21
0.8485281374238589
 31
0.0
  0
LINE
  5
F38
330
17
100
AcDbEntity
  8
hatch
100
AcDbLine
 10
22.868629150101523
 20
0.0
 30
0.0
 11
24.0
 21
1.1313708498984774
 31
0.0
  0
LINE
  5
F39
330
17
100
AcDbEntity
  8
hatch
100
AcDbLine
 10
22.585786437626904
 20
0.0
 30
0.0
 11
24.0
 21
1.4142135623730958
 31
0.0
  0
LINE
  5
F3A
330
17
100
AcDbEntity
  8
hatch
100
AcDbLine
 10
22.30294372515229
 20
1.7763568394002505e-15
 30
0.0
 11
24.0
 21
1.6970562748477143
 31
0.0
  0
LINE
  5
F3B
330
17
100
AcDbEntity
  8
hatch
100
AcDbLine
 10
22.020101012677667
 20
0.0
 30
0.0
 11
24.0
 21
1.9798989873223327
 31
0.0
  0
LINE
  5
F3C
330
17
100
AcDbEntity
  8
hatch
100
AcDbLine
 10
21.73725830020305
 20
0.0
 30
0.0
 11
24.0
 21
2.262741699796953
 31
0.0
  0
LINE
  5
F3D
330
17
100
AcDbEntity
  8
hatch
100
AcDbLine
 10
21.454415587728427
 20
1.7763568394002505e-15
 30
0.0
 11
24.0
 21
2.545584412271573
 31
0.0
  0
LINE
  5
F3E
330
17
100
AcDbEntity
  8
hatch
100
AcDbLine
 10
21.17157287525381
 20
1.7763568394002505e-15
 30
0.0
 11
24.0
 21
2.8284271247461916
 31
0.0
  0
LINE
  5
F3F
330
17
100
AcDbEntity
  8
hatch
100
AcDbLine
 10
20.88873016277919
 20
1.7763568394002505e-15
 30
0.0
 11
24.0
 21
3.11126983722081
 31
0.0
  0
LINE
  5
F40
330
17
100
AcDbEntity
  8
hatch
100
AcDbLine
 10
20.60588745030457
 20
0.0
 30
0.0
 11
24.0
 21
3.3941125496954268
 31
0.0
  0
LINE
  5
F41
330
17
100
AcDbEntity
  8
hatch
100
AcDbLine
 10
20.323044737829953
 20
0.0
 30
0.0
 11
24.0
 21
3.6769552621700488
 31
0.0
  0
LINE
  5
F42
330
17
100
AcDbEntity
  8
hatch
100
AcDbLine
 10
20.04020202535533
 20
0.0
 30
0.0
 11
24.0
 21
3.959797974644669
 31
0.0
  0
LINE
  5
F43
330
17
100
AcDbEntity
  8
hatch
100
AcDbLine
 10
19.757359312880716
 20
1.7763568394002505e-15
 30
0.0
 11
24.0
 21
4.242640687119286
 31
0.0
  0
LINE
  5
F44
330
17
100
AcDbEntity
  8
hatch
100
AcDbLine
 10
19.474516600406098
 20
-1.7763568394002505e-15
 30
0.0
 11
24.0
 21
4.525483399593902
 31
0.0
  0
LINE
  5
F45
330
17
100
AcDbEntity
  8
hatch
100
AcDbLine
 10
19.191673887931476
 20
1.7763568394002505e-15
 30
0.0
 11
24.0
 21
4.808326112068523
 31
0.0
  0
LINE
  5
F46
330
17
100
AcDbEntity
  8
hatch
100
AcDbLine
 10
18.908831175456857
 20
0.0
 30
0.0
 11
24.0
 21
5.091168824543143
 31
0.0
  0
LINE
  5
F47
330
17
100
AcDbEntity
  8
hatch
100
AcDbLine
 10
18.62598846298224
 20
1.7763568394002505e-15
 30
0.0
 11
24.0
 21
5.374011537017763
 31
0.0
  0
LINE
  5
F48
330
17
100
AcDbEntity
  8
hatch
100
AcDbLine
 10
18.343145750507617
 20
0.0
 30
0.0
 11
24.0
 21
5.65685424949238
 31
0.0
  0
LINE
  5
F49
330
17
100
AcDbEntity
  8
hatch
100
AcDbLine
 10
18.060303038033002
 20
0.0
 30
0.0
 11
24.0
 21
5.939696961966998
 31
0.0
  0
LINE
  5
F4A
330
17
100
AcDbEntity
  8
hatch
100
AcDbLine
 10
17.77746032555838
 20
0.0
 30
0.0
 11
24.0
 21
6.222539674441618
 31
0.0
  0
LINE
  5
F4B
330
17
100
AcDbEntity
  8
hatch
100
AcDbLine
 10
17.49461761308376
 20
0.0
 30
0.0
 11
23.99461761308376
 21
6.500000000000002
 31
0.0
  0
LINE
  5
F4C
330
17
100
AcDbEntity
  8
hatch
100
AcDbLine
 10
17.211774900609143
 20
0.0
 30
0.0
 11
23.711774900609146
 21
6.500000000000002
 31
0.0
  0
LINE
  5
F4D
330
17
100
AcDbEntity
  8
hatch
100
AcDbLine
 10
16.928932188134524
 20
0.0
 30
0.0
 11
23.428932188134528
 21
6.500000000000002
 31
0.0
  0
LINE
  5
F4E
330
17
100
AcDbEntity
  8
hatch
100
AcDbLine
 10
16.646089475659906
 20
0.0
 30
0.0
 11
23.14608947565991
 21
6.5000000000000036
 31
0.0
  0
LINE
  5
F4F
330
17
100
AcDbEntity
  8
hatch
100
AcDbLine
 10
16.363246763185288
 20
0.0
 30
0.0
 11
22.863246763185288
 21
6.500000000000002
 31
0.0
  0
LINE
  5
F50
330
17
100
AcDbEntity
  8
hatch
100
AcDbLine
 10
16.080404050710662
 20
0.0
 30
0.0
 11
22.58040405071067
 21
6.500000000000002
 31
0.0
  0
LINE
  5
F51
330
17
100
AcDbEntity
  8
hatch
100
AcDbLine
 10
15.797561338236047
 20
0.0
 30
0.0
 11
22.29756133823605
 21
6.5000000000000036
 31
0.0
  0
LINE
  5
F52
330
17
100
AcDbEntity
  8
hatch
100
AcDbLine
 10
15.514718625761429
 20
0.0
 30
0.0
 11
22.014718625761432
 21
6.5000000000000036
 31
0.0
  0
LINE
  5
F53
330
17
100
AcDbEntity
  8
hatch
100
AcDbLine
 10
15.23187591328681
 20
0.0
 30
0.0
 11
21.731875913286814
 21
6.5000000000000036
 31
0.0
  0
LINE
  5
F54
330
17
100
AcDbEntity
  8
hatch
100
AcDbLine
 10
14.94903320081219
 20
0.0
 30
0.0
 11
21.449033200812195
 21
6.500000000000003
 31
0.0
  0
LINE
  5
F55
330
17
100
AcDbEntity
  8
hatch
100
AcDbLine
 10
14.66619048833757
 20
0.0
 30
0.0
 11
21.166190488337573
 21
6.5000000000000036
 31
0.0
  0
LINE
  5
F56
330
17
100
AcDbEntity
  8
hatch
100
AcDbLine
 10
14.383347775862953
 20
1.7763568394002505e-15
 30
0.0
 11
20.883347775862955
 21
6.5000000000000036
 31
0.0
  0
LINE
  5
F57
330
17
100
AcDbEntity
  8
hatch
100
AcDbLine
 10
14.100505063388333
 20
8.881784197001252e-16
 30
0.0
 11
20.600505063388336
 21
6.5000000000000036
 31
0.0
  0
LINE
  5
F58
330
17
100
AcDbEntity
  8
hatch
100
AcDbLine
 10
13.817662350913714
 20
0.0
 30
0.0
 11
20.317662350913718
 21
6.500000000000003
 31
0.0
  0
LINE
  5
F59
330
17
100
AcDbEntity
  8
hatch
100
AcDbLine
 10
13.534819638439096
 20
8.881784197001252e-16
 30
0.0
 11
20.034819638439096
 21
6.500000000000003
 31
0.0
  0
LINE
  5
F5A
330
17
100
AcDbEntity
  8
hatch
100
AcDbLine
 10
13.251976925964476
 20
1.7763568394002505e-15
 30
0.0
 11
19.751976925964478
 21
6.5000000000000036
 31
0.0
  0
LINE
  5
F5B
330
17
100
AcDbEntity
  8
hatch
100
AcDbLine
 10
12.969134213489856
 20
8.881784197001252e-16
 30
0.0
 11
19.46913421348986
 21
6.5000000000000036
 31
0.0
  0
LINE
  5
F5C
330
17
100
AcDbEntity
  8
hatch
100
AcDbLine
 10
12.68629150101524
 20
8.881784197001252e-16
 30
0.0
 11
19.18629150101524
 21
6.500000000000003
 31
0.0
  0
LINE
  5
F5D
330
17
100
AcDbEntity
  8
hatch
100
AcDbLine
 10
12.403448788540619
 20
0.0
 30
0.0
 11
18.903448788540622
 21
6.500000000000002
 31
0.0
  0
LINE
  5
F5E
330
17
100
AcDbEntity
  8
hatch
100
AcDbLine
 10
12.120606076066
 20
0.0
 30
0.0
 11
18.620606076066004
 21
6.500000000000002
 31
0.0
  0
LINE
  5
F5F
330
17
100
AcDbEntity
  8
hatch
100
AcDbLine
 10
11.837763363591382
 20
0.0
 30
0.0
 11
18.337763363591385
 21
6.500000000000002
 31
0.0
  0
LINE
  5
F60
330
17
100
AcDbEntity
  8
hatch
100
AcDbLine
 10
11.554920651116761
 20
0.0
 30
0.0
 11
18.054920651116767
 21
6.500000000000003
 31
0.0
  0
LINE
  5
F61
330
17
100
AcDbEntity
  8
hatch
100
AcDbLine
 10
11.272077938642145
 20
8.881784197001252e-16
 30
0.0
 11
17.77207793864215
 21
6.500000000000003
 31
0.0
  0
LINE
  5
F62
330
17
100
AcDbEntity
  8
hatch
100
AcDbLine
 10
10.989235226167523
 20
0.0
 30
0.0
 11
17.489235226167526
 21
6.500000000000002
 31
0.0
  0
LINE
  5
F63
330
17
100
AcDbEntity
  8
hatch
100
AcDbLine
 10
10.706392513692904
 20
0.0
 30
0.0
 11
17.206392513692908
 21
6.500000000000002
 31
0.0
  0
LINE
  5
F64
330
17
100
AcDbEntity
  8
hatch
100
AcDbLine
 10
10.423549801218284
 20
0.0
 30
0.0
 11
16.923549801218286
 21
6.500000000000003
 31
0.0
  0
LINE
  5
F65
330
17
100
AcDbEntity
  8
hatch
100
AcDbLine
 10
10.140707088743666
 20
0.0
 30
0.0
 11
16.64070708874367
 21
6.500000000000004
 31
0.0
  0
LINE
  5
F66
330
17
100
AcDbEntity
  8
hatch
100
AcDbLine
 10
9.857864376269049
 20
0.0
 30
0.0
 11
16.357864376269053
 21
6.500000000000004
 31
0.0
  0
LINE
  5
F67
330
17
100
AcDbEntity
  8
hatch
100
AcDbLine
 10
9.575021663794427
 20
8.881784197001252e-16
 30
0.0
 11
16.07502166379443
 21
6.500000000000002
 31
0.0
  0
LINE
  5
F68
330
17
100
AcDbEntity
  8
hatch
100
AcDbLine
 10
9.29217895131981
 20
0.0
 30
0.0
 11
15.792178951319812
 21
6.500000000000003
 31
0.0
  0
LINE
  5
F69
330
17
100
AcDbEntity
  8
hatch
100
AcDbLine
 10
9.00933623884519
 20
8.881784197001252e-16
 30
0.0
 11
15.509336238845194
 21
6.500000000000003
 31
0.0
  0
LINE
  5
F6A
330
17
100
AcDbEntity
  8
hatch
100
AcDbLine
 10
8.726493526370572
 20
0.0
 30
0.0
 11
15.226493526370575
 21
6.500000000000002
 31
0.0
  0
LINE
  5
F6B
330
17
100
AcDbEntity
  8
hatch
100
AcDbLine
 10
8.443650813895953
 20
8.881784197001252e-16
 30
0.0
 11
14.943650813895957
 21
6.500000000000002
 31
0.0
  0
LINE
  5
F6C
330
17
100
AcDbEntity
  8
hatch
100
AcDbLine
 10
8.160808101421333
 20
0.0
 30
0.0
 11
14.660808101421337
 21
6.500000000000003
 31
0.0
  0
LINE
  5
F6D
330
17
100
AcDbEntity
  8
hatch
100
AcDbLine
 10
7.8779653889467145
 20
4.440892098500626e-16
 30
0.0
 11
14.377965388946718
 21
6.500000000000003
 31
0.0
  0
LINE
  5
F6E
330
17
100
AcDbEntity
  8
hatch
100
AcDbLine
 10
7.595122676472094
 20
8.881784197001252e-16
 30
0.0
 11
14.095122676472098
 21
6.500000000000002
 31
0.0
  0
LINE
  5
F6F
330
17
100
AcDbEntity
  8
hatch
100
AcDbLine
 10
7.312279963997476
 20
0.0
 30
0.0
 11
13.81227996399748
 21
6.500000000000002
 31
0.0
  0
LINE
  5
F70
330
17
100
AcDbEntity
  8
hatch
100
AcDbLine
 10
7.029437251522857
 20
4.440892098500626e-16
 30
0.0
 11
13.529437251522861
 21
6.500000000000002
 31
0.0
  0
LINE
  5
F71
330
17
100
AcDbEntity
  8
hatch
100
AcDbLine
 10
6.746594539048237
 20
0.0
 30
0.0
 11
13.24659453904824
 21
6.500000000000003
 31
0.0
  0
LINE
  5
F72
330
17
100
AcDbEntity
  8
hatch
100
AcDbLine
 10
6.463751826573619
 20
0.0
 30
0.0
 11
12.963751826573622
 21
6.500000000000002
 31
0.0
  0
LINE
  5
F73
330
17
100
AcDbEntity
  8
hatch
100
AcDbLine
 10
6.1809091140989985
 20
4.440892098500626e-16
 30
0.0
 11
12.680909114099002
 21
6.500000000000002
 31
0.0
  0
LINE
  5
F74
330
17
100
AcDbEntity
  8
hatch
100
AcDbLine
 10
5.898066401624381
 20
0.0
 30
0.0
 11
12.398066401624384
 21
6.5000000000000036
 31
0.0
  0
LINE
  5
F75
330
17
100
AcDbEntity
  8
hatch
100
AcDbLine
 10
5.615223689149763
 20
4.440892098500626e-16
 30
0.0
 11
12.115223689149767
 21
6.5000000000000036
 31
0.0
  0
LINE
  5
F76
330
17
100
AcDbEntity
  8
hatch
100
AcDbLine
 10
5.332380976675142
 20
0.0
 30
0.0
 11
11.832380976675147
 21
6.500000000000002
 31
0.0
  0
LINE
  5
F77
330
17
100
AcDbEntity
  8
hatch
100
AcDbLine
 10
5.049538264200525
 20
4.440892098500626e-16
 30
0.0
 11
11.549538264200528
 21
6.500000000000002
 31
0.0
  0
LINE
  5
F78
330
17
100
AcDbEntity
  8
hatch
100
AcDbLine
 10
4.7666955517259035
 20
0.0
 30
0.0
 11
11.266695551725906
 21
6.5000000000000036
 31
0.0
  0
LINE
  5
F79
330
17
100
AcDbEntity
  8
hatch
100
AcDbLine
 10
4.483852839251286
 20
0.0
 30
0.0
 11
10.98385283925129
 21
6.5000000000000036
 31
0.0
  0
LINE
  5
F7A
330
17
100
AcDbEntity
  8
hatch
100
AcDbLine
 10
4.2010101267766675
 20
0.0
 30
0.0
 11
10.701010126776671
 21
6.500000000000003
 31
0.0
  0
LINE
  5
F7B
330
17
100
AcDbEntity
  8
hatch
100
AcDbLine
 10
3.9181674143020473
 20
0.0
 30
0.0
 11
10.41816741430205
 21
6.500000000000002
 31
0.0
  0
LINE
  5
F7C
330
17
100
AcDbEntity
  8
hatch
100
AcDbLine
 10
3.635324701827429
 20
0.0
 30
0.0
 11
10.135324701827432
 21
6.5000000000000036
 31
0.0
  0
LINE
  5
F7D
330
17
100
AcDbEntity
  8
hatch
100
AcDbLine
 10
3.3524819893528086
 20
2.220446049250313e-16
 30
0.0
 11
9.85248198935281
 21
6.500000000000001
 31
0.0
  0
LINE
  5
F7E
330
17
100
AcDbEntity
  8
hatch
100
AcDbLine
 10
3.06963927687819
 20
2.220446049250313e-16
 30
0.0
 11
9.569639276878194
 21
6.500000000000003
 31
0.0
  0
LINE
  5
F7F
330
17
100
AcDbEntity
  8
hatch
100
AcDbLine
 10
2.7867965644035726
 20
2.220446049250313e-16
 30
0.0
 11
9.286796564403573
 21
6.500000000000002
 31
0.0
  0
LINE
  5
F80
330
17
100
AcDbEntity
  8
hatch
100
AcDbLine
 10
2.503953851928952
 20
0.0
 30
0.0
 11
9.003953851928955
 21
6.500000000000003
 31
0.0
  0
LINE
  5
F81
330
17
100
AcDbEntity
  8
hatch
100
AcDbLine
 10
2.221111139454334
 20
0.0
 30
0.0
 11
8.721111139454337
 21
6.500000000000002
 31
0.0
  0
LINE
  5
F82
330
17
100
AcDbEntity
  8
hatch
100
AcDbLine
 10
1.9382684269797132
 20
0.0
 30
0.0
 11
8.438268426979718
 21
6.500000000000003
 31
0.0
  0
LINE
  5
F83
330
17
100
AcDbEntity
  8
hatch
100
AcDbLine
 10
1.6554257145050952
 20
0.0
 30
0.0
 11
8.155425714505098
 21
6.500000000000002
 31
0.0
  0
LINE
  5
F84
330
17
100
AcDbEntity
  8
hatch
100
AcDbLine
 10
1.3725830020304772
 20
0.0
 30
0.0
 11
7.872583002030481
 21
6.500000000000003
 31
0.0
  0
LINE
  5
F85
330
17
100
AcDbEntity
  8
hatch
100
AcDbLine
 10
1.0897402895558592
 20
0.0
 30
0.0
 11
7.589740289555862
 21
6.500000000000002
 31
0.0
  0
LINE
  5
F86
330
17
100
AcDbEntity
  8
hatch
100
AcDbLine
 10
0.8068975770812361
 20
0.0
 30
0.0
 11
7.30689757708124
 21
6.5000000000000036
 31
0.0
  0
LINE
  5
F87
330
17
100
AcDbEntity
  8
hatch
100
AcDbLine
 10
0.5240548646066181
 20
0.0
 30
0.0
 11
7.024054864606621
 21
6.500000000000001
 31
0.0
  0
LINE
  5
F88
330
17
100
AcDbEntity
  8
hatch
100
AcDbLine
 10
0.24121215213200006
 20
0.0
 30
0.0
 11
6.741212152132004
 21
6.500000000000003
 31
0.0
  0
LINE
  5
F89
330
17
100
AcDbEntity
  8
hatch
100
AcDbLine
 10
3.469446951953614e-18
 20
0.04163056034261796
 30
0.0
 11
6.4583694396573845
 21
6.500000000000002
 31
0.0
  0
LINE
  5
F8A
330
17
100
AcDbEntity
  8
hatch
100
AcDbLine
 10
2.7755575615628914e-17
 20
0.3244732728172359
 30
0.0
 11
6.175526727182768
 21
6.5000000000000036
 31
0.0
  0
LINE
  5
F8B
330
17
100
AcDbEntity
  8
hatch
100
AcDbLine
 10
5.551115123125783e-17
 20
0.607315985291859
 30
0.0
 11
5.892684014708145
 21
6.500000000000003
 31
0.0
  0
LINE
  5
F8C
330
17
100
AcDbEntity
  8
hatch
100
AcDbLine
 10
5.551115123125783e-17
 20
0.890158697766477
 30
0.0
 11
5.609841302233526
 21
6.500000000000002
 31
0.0
  0
LINE
  5
F8D
330
17
100
AcDbEntity
  8
hatch
100
AcDbLine
 10
1.1102230246251565e-16
 20
1.173001410241095
 30
0.0
 11
5.326998589758909
 21
6.5000000000000036
 31
0.0
  0
LINE
  5
F8E
330
17
100
AcDbEntity
  8
hatch
100
AcDbLine
 10
-2.220446049250313e-16
 20
1.4558441227157126
 30
0.0
 11
5.0441558772842905
 21
6.500000000000002
 31
0.0
  0
LINE
  5
F8F
330
17
100
AcDbEntity
  8
hatch
100
AcDbLine
 10
-2.220446049250313e-16
 20
1.7386868351903306
 30
0.0
 11
4.761313164809673
 21
6.500000000000003
 31
0.0
  0
LINE
  5
F90
330
17
100
AcDbEntity
  8
hatch
100
AcDbLine
 10
-2.220446049250313e-16
 20
2.0215295476649535
 30
0.0
 11
4.478470452335048
 21
6.500000000000002
 31
0.0
  0
LINE
  5
F91
330
17
100
AcDbEntity
  8
hatch
100
AcDbLine
 10
-2.220446049250313e-16
 20
2.304372260139572
 30
0.0
 11
4.1956277398604325
 21
6.5000000000000036
 31
0.0
  0
LINE
  5
F92
330
17
100
AcDbEntity
  8
hatch
100
AcDbLine
 10
-2.220446049250313e-16
 20
2.5872149726141895
 30
0.0
 11
3.912785027385813
 21
6.500000000000002
 31
0.0
  0
LINE
  5
F93
330
17
100
AcDbEntity
  8
hatch
100
AcDbLine
 10
-2.220446049250313e-16
 20
2.870057685088808
 30
0.0
 11
3.6299423149111956
 21
6.500000000000003
 31
0.0
  0
LINE
  5
F94
330
17
100
AcDbEntity
  8
hatch
100
AcDbLine
 10
0.0
 20
3.152900397563431
 30
0.0
 11
3.3470996024365713
 21
6.500000000000002
 31
0.0
  0
LINE
  5
F95
330
17
100
AcDbEntity
  8
hatch
100
AcDbLine
 10
0.0
 20
3.4357431100380484
 30
0.0
 11
3.064256889961955
 21
6.5000000000000036
 31
0.0
  0
LINE
  5
F96
330
17
100
AcDbEntity
  8
hatch
100
AcDbLine
 10
0.0
 20
3.718585822512667
 30
0.0
 11
2.7814141774873358
 21
6.500000000000002
 31
0.0
  0
LINE
  5
F97
330
17
100
AcDbEntity
  8
hatch
100
AcDbLine
 10
0.0
 20
4.001428534987285
 30
0.0
 11
2.4985714650127187
 21
6.5000000000000036
 31
0.0
  0
LINE
  5
F98
330
17
100
AcDbEntity
  8
hatch
100
AcDbLine
 10
-4.440892098500626e-16
 20
4.284271247461902
 30
0.0
 11
2.2157287525380993
 21
6.500000000000002
 31
0.0
  0
LINE
  5
F99
330
17
100
AcDbEntity
  8
hatch
100
AcDbLine
 10
-4.440892098500626e-16
 20
4.567113959936526
 30
0.0
 11
1.9328860400634769
 21
6.500000000000002
 31
0.0
  0
LINE
  5
F9A
330
17
100
AcDbEntity
  8
hatch
100
AcDbLine
 10
0.0
 20
4.849956672411143
 30
0.0
 11
1.6500433275888589
 21
6.500000000000002
 31
0.0
  0
LINE
  5
F9B
330
17
100
AcDbEntity
  8
hatch
100
AcDbLine
 10
-4.440892098500626e-16
 20
5.132799384885761
 30
0.0
 11
1.3672006151142404
 21
6.500000000000002
 31
0.0
  0
LINE
  5
F9C
330
17
100
AcDbEntity
  8
hatch
100
AcDbLine
 10
0.0
 20
5.415642097360379
 30
0.0
 11
1.0843579026396228
 21
6.500000000000002
 31
0.0
  0
LINE
  5
F9D
330
17
100
AcDbEntity
  8
hatch
100
AcDbLine
 10
-4.440892098500626e-16
 20
5.698484809834998
 30
0.0
 11
0.8015151901650044
 21
6.500000000000002
 31
0.0
  0
LINE
  5
F9E
330
17
100
AcDbEntity
  8
hatch
100
AcDbLine
 10
0.0
 20
5.981327522309621
 30
0.0
 11
0.5186724776903815
 21
6.500000000000002
 31
0.0
  0
LINE
  5
F9F
330
17
100
AcDbEntity
  8
hatch
100
AcDbLine
 10
0.0
 20
6.264170234784238
 30
0.0
 11
0.23582976521576393
 21
6.500000000000002
 31
0.0
  0
LWPOLYLINE
  5
FA0
330
17
100
AcDbEntity
  8
muro-visto
100
AcDbPolyline
 90
4
 70
1
 10
0.0
 20
0.0
 10
24.0
 20
0.0
 10
24.0
 20
6.5
 10
0.0
 20
6.5
  0
LWPOLYLINE
  5
FA1
330
17
100
AcDbEntity
  8
fondo
100
AcDbPolyline
 90
4
 70
1
 10
1.1
 20
0.9
 10
2.6
 20
0.9
 10
2.6
 20
2.4
 10
1.1
 20
2.4
  0
LINE
  5
FA2
330
17
100
AcDbEntity
  8
hatch
100
AcDbLine
 10
2.317157287525381
 20
0.9000000000000001
 30
0.0
 11
2.6
 21
1.182842712474619
 31
0.0
  0
LINE
  5
FA3
330
17
100
AcDbEntity
  8
hatch
100
AcDbLine
 10
2.034314575050762
 20
0.9
 30
0.0
 11
2.5999999999999996
 21
1.4656854249492381
 31
0.0
  0
LINE
  5
FA4
330
17
100
AcDbEntity
  8
hatch
100
AcDbLine
 10
1.7514718625761427
 20
0.8999999999999999
 30
0.0
 11
2.5999999999999996
 21
1.7485281374238573
 31
0.0
  0
LINE
  5
FA5
330
17
100
AcDbEntity
  8
hatch
100
AcDbLine
 10
1.4686291501015238
 20
0.8999999999999999
 30
0.0
 11
2.6
 21
2.031370849898476
 31
0.0
  0
LINE
  5
FA6
330
17
100
AcDbEntity
  8
hatch
100
AcDbLine
 10
1.185786437626905
 20
0.8999999999999999
 30
0.0
 11
2.6
 21
2.3142135623730953
 31
0.0
  0
LINE
  5
FA7
330
17
100
AcDbEntity
  8
hatch
100
AcDbLine
 10
1.1
 20
1.0970562748477144
 30
0.0
 11
2.402943725152286
 21
2.3999999999999995
 31
0.0
  0
LINE
  5
FA8
330
17
100
AcDbEntity
  8
hatch
100
AcDbLine
 10
1.1
 20
1.3798989873223333
 30
0.0
 11
2.120101012677667
 21
2.4
 31
0.0
  0
LINE
  5
FA9
330
17
100
AcDbEntity
  8
hatch
100
AcDbLine
 10
1.1
 20
1.6627416997969522
 30
0.0
 11
1.8372583002030478
 21
2.4
 31
0.0
  0
LINE
  5
FAA
330
17
100
AcDbEntity
  8
hatch
100
AcDbLine
 10
1.1
 20
1.9455844122715713
 30
0.0
 11
1.554415587728429
 21
2.4
 31
0.0
  0
LINE
  5
FAB
330
17
100
AcDbEntity
  8
hatch
100
AcDbLine
 10
1.1000000000000003
 20
2.22842712474619
 30
0.0
 11
1.2715728752538098
 21
2.4
 31
0.0
  0
LWPOLYLINE
  5
FAC
330
17
100
AcDbEntity
  8
carpinteria
100
AcDbPolyline
 90
4
 70
1
 10
1.1
 20
0.9
 10
2.6
 20
0.9
 10
2.6
 20
2.4
 10
1.1
 20
2.4
  0
LWPOLYLINE
  5
FAD
330
17
100
AcDbEntity
  8
marco-medio
100
AcDbPolyline
 90
4
 70
1
 10
1.0600000000000023
 20
0.8600000000000023
 10
2.639999999999998
 20
0.8600000000000023
 10
2.639999999999998
 20
2.4399999999999977
 10
1.0600000000000023
 20
2.4399999999999977
  0
LINE
  5
FAE
330
17
100
AcDbEntity
  8
carpinteria
100
AcDbLine
 10
1.85
 20
0.9
 30
0.0
 11
1.85
 21
2.4
 31
0.0
  0
LINE
  5
FAF
330
17
100
AcDbEntity
  8
carpinteria
100
AcDbLine
 10
1.1
 20
2.05
 30
0.0
 11
2.6
 21
2.05
 31
0.0
  0
LINE
  5
FB0
330
17
100
AcDbEntity
  8
vidrio
100
AcDbLine
 10
1.15
 20
0.95
 30
0.0
 11
2.55
 21
2.35
 31
0.0
  0
LINE
  5
FB1
330
17
100
AcDbEntity
  8
marco-medio
100
AcDbLine
 10
1.0399999999999978
 20
0.8699999999999989
 30
0.0
 11
2.6600000000000024
 21
0.8699999999999989
 31
0.0
  0
LWPOLYLINE
  5
FB2
330
17
100
AcDbEntity
  8
fondo
100
AcDbPolyline
 90
4
 70
1
 10
4.45
 20
0.9
 10
5.95
 20
0.9
 10
5.95
 20
2.4
 10
4.45
 20
2.4
  0
LINE
  5
FB3
330
17
100
AcDbEntity
  8
hatch
100
AcDbLine
 10
5.667157287525381
 20
0.8999999999999999
 30
0.0
 11
5.949999999999999
 21
1.1828427124746193
 31
0.0
  0
LINE
  5
FB4
330
17
100
AcDbEntity
  8
hatch
100
AcDbLine
 10
5.384314575050762
 20
0.9000000000000004
 30
0.0
 11
5.95
 21
1.4656854249492381
 31
0.0
  0
LINE
  5
FB5
330
17
100
AcDbEntity
  8
hatch
100
AcDbLine
 10
5.101471862576142
 20
0.8999999999999995
 30
0.0
 11
5.95
 21
1.7485281374238575
 31
0.0
  0
LINE
  5
FB6
330
17
100
AcDbEntity
  8
hatch
100
AcDbLine
 10
4.818629150101524
 20
0.9000000000000004
 30
0.0
 11
5.95
 21
2.031370849898477
 31
0.0
  0
LINE
  5
FB7
330
17
100
AcDbEntity
  8
hatch
100
AcDbLine
 10
4.535786437626905
 20
0.9000000000000001
 30
0.0
 11
5.950000000000001
 21
2.3142135623730953
 31
0.0
  0
LINE
  5
FB8
330
17
100
AcDbEntity
  8
hatch
100
AcDbLine
 10
4.45
 20
1.0970562748477146
 30
0.0
 11
5.752943725152286
 21
2.4
 31
0.0
  0
LINE
  5
FB9
330
17
100
AcDbEntity
  8
hatch
100
AcDbLine
 10
4.45
 20
1.3798989873223333
 30
0.0
 11
5.4701010126776675
 21
2.4000000000000004
 31
0.0
  0
LINE
  5
FBA
330
17
100
AcDbEntity
  8
hatch
100
AcDbLine
 10
4.45
 20
1.6627416997969526
 30
0.0
 11
5.187258300203048
 21
2.4000000000000004
 31
0.0
  0
LINE
  5
FBB
330
17
100
AcDbEntity
  8
hatch
100
AcDbLine
 10
4.45
 20
1.9455844122715713
 30
0.0
 11
4.904415587728429
 21
2.4
 31
0.0
  0
LINE
  5
FBC
330
17
100
AcDbEntity
  8
hatch
100
AcDbLine
 10
4.450000000000001
 20
2.22842712474619
 30
0.0
 11
4.621572875253809
 21
2.3999999999999995
 31
0.0
  0
LWPOLYLINE
  5
FBD
330
17
100
AcDbEntity
  8
carpinteria
100
AcDbPolyline
 90
4
 70
1
 10
4.45
 20
0.9
 10
5.95
 20
0.9
 10
5.95
 20
2.4
 10
4.45
 20
2.4
  0
LWPOLYLINE
  5
FBE
330
17
100
AcDbEntity
  8
marco-medio
100
AcDbPolyline
 90
4
 70
1
 10
4.410000000000002
 20
0.8600000000000023
 10
5.9899999999999975
 20
0.8600000000000023
 10
5.9899999999999975
 20
2.4399999999999977
 10
4.410000000000002
 20
2.4399999999999977
  0
LINE
  5
FBF
330
17
100
AcDbEntity
  8
carpinteria
100
AcDbLine
 10
5.2
 20
0.9
 30
0.0
 11
5.2
 21
2.4
 31
0.0
  0
LINE
  5
FC0
330
17
100
AcDbEntity
  8
carpinteria
100
AcDbLine
 10
4.45
 20
2.05
 30
0.0
 11
5.95
 21
2.05
 31
0.0
  0
LINE
  5
FC1
330
17
100
AcDbEntity
  8
vidrio
100
AcDbLine
 10
4.5
 20
0.95
 30
0.0
 11
5.9
 21
2.35
 31
0.0
  0
LINE
  5
FC2
330
17
100
AcDbEntity
  8
marco-medio
100
AcDbLine
 10
4.389999999999998
 20
0.8699999999999989
 30
0.0
 11
6.0100000000000025
 21
0.8699999999999989
 31
0.0
  0
LWPOLYLINE
  5
FC3
330
17
100
AcDbEntity
  8
fondo
100
AcDbPolyline
 90
4
 70
1
 10
7.8
 20
0.9
 10
9.3
 20
0.9
 10
9.3
 20
2.4
 10
7.8
 20
2.4
  0
LINE
  5
FC4
330
17
100
AcDbEntity
  8
hatch
100
AcDbLine
 10
9.017157287525382
 20
0.8999999999999995
 30
0.0
 11
9.3
 21
1.1828427124746188
 31
0.0
  0
LINE
  5
FC5
330
17
100
AcDbEntity
  8
hatch
100
AcDbLine
 10
8.734314575050764
 20
0.8999999999999995
 30
0.0
 11
9.3
 21
1.4656854249492373
 31
0.0
  0
LINE
  5
FC6
330
17
100
AcDbEntity
  8
hatch
100
AcDbLine
 10
8.451471862576145
 20
0.9000000000000004
 30
0.0
 11
9.3
 21
1.7485281374238557
 31
0.0
  0
LINE
  5
FC7
330
17
100
AcDbEntity
  8
hatch
100
AcDbLine
 10
8.168629150101527
 20
0.8999999999999999
 30
0.0
 11
9.3
 21
2.0313708498984755
 31
0.0
  0
LINE
  5
FC8
330
17
100
AcDbEntity
  8
hatch
100
AcDbLine
 10
7.885786437626907
 20
0.9000000000000004
 30
0.0
 11
9.3
 21
2.3142135623730935
 31
0.0
  0
LINE
  5
FC9
330
17
100
AcDbEntity
  8
hatch
100
AcDbLine
 10
7.8
 20
1.0970562748477124
 30
0.0
 11
9.102943725152286
 21
2.4
 31
0.0
  0
LINE
  5
FCA
330
17
100
AcDbEntity
  8
hatch
100
AcDbLine
 10
7.799999999999999
 20
1.3798989873223313
 30
0.0
 11
8.820101012677668
 21
2.4000000000000004
 31
0.0
  0
LINE
  5
FCB
330
17
100
AcDbEntity
  8
hatch
100
AcDbLine
 10
7.8
 20
1.6627416997969493
 30
0.0
 11
8.53725830020305
 21
2.4
 31
0.0
  0
LINE
  5
FCC
330
17
100
AcDbEntity
  8
hatch
100
AcDbLine
 10
7.800000000000001
 20
1.945584412271569
 30
0.0
 11
8.254415587728431
 21
2.3999999999999995
 31
0.0
  0
LINE
  5
FCD
330
17
100
AcDbEntity
  8
hatch
100
AcDbLine
 10
7.8
 20
2.228427124746188
 30
0.0
 11
7.971572875253812
 21
2.4
 31
0.0
  0
LWPOLYLINE
  5
FCE
330
17
100
AcDbEntity
  8
carpinteria
100
AcDbPolyline
 90
4
 70
1
 10
7.8
 20
0.9
 10
9.3
 20
0.9
 10
9.3
 20
2.4
 10
7.8
 20
2.4
  0
LWPOLYLINE
  5
FCF
330
17
100
AcDbEntity
  8
marco-medio
100
AcDbPolyline
 90
4
 70
1
 10
7.7600000000000025
 20
0.8600000000000023
 10
9.339999999999998
 20
0.8600000000000023
 10
9.339999999999998
 20
2.4399999999999977
 10
7.7600000000000025
 20
2.4399999999999977
  0
LINE
  5
FD0
330
17
100
AcDbEntity
  8
carpinteria
100
AcDbLine
 10
8.55
 20
0.9
 30
0.0
 11
8.55
 21
2.4
 31
0.0
  0
LINE
  5
FD1
330
17
100
AcDbEntity
  8
carpinteria
100
AcDbLine
 10
7.8
 20
2.05
 30
0.0
 11
9.3
 21
2.05
 31
0.0
  0
LINE
  5
FD2
330
17
100
AcDbEntity
  8
vidrio
100
AcDbLine
 10
7.85
 20
0.95
 30
0.0
 11
9.25
 21
2.35
 31
0.0
  0
LINE
  5
FD3
330
17
100
AcDbEntity
  8
marco-medio
100
AcDbLine
 10
7.7399999999999975
 20
0.8699999999999989
 30
0.0
 11
9.360000000000003
 21
0.8699999999999989
 31
0.0
  0
LWPOLYLINE
  5
FD4
330
17
100
AcDbEntity
  8
fondo
100
AcDbPolyline
 90
4
 70
1
 10
11.15
 20
0.9
 10
12.65
 20
0.9
 10
12.65
 20
2.4
 10
11.15
 20
2.4
  0
LINE
  5
FD5
330
17
100
AcDbEntity
  8
hatch
100
AcDbLine
 10
12.367157287525382
 20
0.9000000000000004
 30
0.0
 11
12.649999999999999
 21
1.182842712474618
 31
0.0
  0
LINE
  5
FD6
330
17
100
AcDbEntity
  8
hatch
100
AcDbLine
 10
12.084314575050762
 20
0.9000000000000004
 30
0.0
 11
12.65
 21
1.4656854249492381
 31
0.0
  0
LINE
  5
FD7
330
17
100
AcDbEntity
  8
hatch
100
AcDbLine
 10
11.801471862576143
 20
0.9000000000000004
 30
0.0
 11
12.649999999999999
 21
1.7485281374238566
 31
0.0
  0
LINE
  5
FD8
330
17
100
AcDbEntity
  8
hatch
100
AcDbLine
 10
11.518629150101525
 20
0.8999999999999995
 30
0.0
 11
12.65
 21
2.031370849898476
 31
0.0
  0
LINE
  5
FD9
330
17
100
AcDbEntity
  8
hatch
100
AcDbLine
 10
11.235786437626906
 20
0.8999999999999995
 30
0.0
 11
12.65
 21
2.3142135623730944
 31
0.0
  0
LINE
  5
FDA
330
17
100
AcDbEntity
  8
hatch
100
AcDbLine
 10
11.149999999999999
 20
1.0970562748477137
 30
0.0
 11
12.452943725152286
 21
2.4000000000000004
 31
0.0
  0
LINE
  5
FDB
330
17
100
AcDbEntity
  8
hatch
100
AcDbLine
 10
11.150000000000002
 20
1.379898987322333
 30
0.0
 11
12.170101012677666
 21
2.3999999999999986
 31
0.0
  0
LINE
  5
FDC
330
17
100
AcDbEntity
  8
hatch
100
AcDbLine
 10
11.15
 20
1.6627416997969515
 30
0.0
 11
11.887258300203047
 21
2.3999999999999995
 31
0.0
  0
LINE
  5
FDD
330
17
100
AcDbEntity
  8
hatch
100
AcDbLine
 10
11.15
 20
1.9455844122715709
 30
0.0
 11
11.604415587728429
 21
2.4000000000000004
 31
0.0
  0
LINE
  5
FDE
330
17
100
AcDbEntity
  8
hatch
100
AcDbLine
 10
11.15
 20
2.22842712474619
 30
0.0
 11
11.32157287525381
 21
2.3999999999999995
 31
0.0
  0
LWPOLYLINE
  5
FDF
330
17
100
AcDbEntity
  8
carpinteria
100
AcDbPolyline
 90
4
 70
1
 10
11.15
 20
0.9
 10
12.65
 20
0.9
 10
12.65
 20
2.4
 10
11.15
 20
2.4
  0
LWPOLYLINE
  5
FE0
330
17
100
AcDbEntity
  8
marco-medio
100
AcDbPolyline
 90
4
 70
1
 10
11.110000000000003
 20
0.8600000000000023
 10
12.689999999999998
 20
0.8600000000000023
 10
12.689999999999998
 20
2.4399999999999977
 10
11.110000000000003
 20
2.4399999999999977
  0
LINE
  5
FE1
330
17
100
AcDbEntity
  8
carpinteria
100
AcDbLine
 10
11.9
 20
0.9
 30
0.0
 11
11.9
 21
2.4
 31
0.0
  0
LINE
  5
FE2
330
17
100
AcDbEntity
  8
carpinteria
100
AcDbLine
 10
11.15
 20
2.05
 30
0.0
 11
12.65
 21
2.05
 31
0.0
  0
LINE
  5
FE3
330
17
100
AcDbEntity
  8
vidrio
100
AcDbLine
 10
11.2
 20
0.95
 30
0.0
 11
12.6
 21
2.35
 31
0.0
  0
LINE
  5
FE4
330
17
100
AcDbEntity
  8
marco-medio
100
AcDbLine
 10
11.089999999999998
 20
0.8699999999999989
 30
0.0
 11
12.710000000000003
 21
0.8699999999999989
 31
0.0
  0
LWPOLYLINE
  5
FE5
330
17
100
AcDbEntity
  8
fondo
100
AcDbPolyline
 90
4
 70
1
 10
14.4
 20
1.7
 10
14.9
 20
1.7
 10
14.9
 20
2.5
 10
14.4
 20
2.5
  0
LINE
  5
FE6
330
17
100
AcDbEntity
  8
hatch
100
AcDbLine
 10
14.61715728752538
 20
1.6999999999999984
 30
0.0
 11
14.899999999999999
 21
1.9828427124746169
 31
0.0
  0
LINE
  5
FE7
330
17
100
AcDbEntity
  8
hatch
100
AcDbLine
 10
14.4
 20
1.7656854249492389
 30
0.0
 11
14.899999999999999
 21
2.265685424949239
 31
0.0
  0
LINE
  5
FE8
330
17
100
AcDbEntity
  8
hatch
100
AcDbLine
 10
14.400000000000002
 20
2.0485281374238564
 30
0.0
 11
14.851471862576144
 21
2.5
 31
0.0
  0
LINE
  5
FE9
330
17
100
AcDbEntity
  8
hatch
100
AcDbLine
 10
14.399999999999999
 20
2.3313708498984775
 30
0.0
 11
14.568629150101522
 21
2.499999999999999
 31
0.0
  0
LWPOLYLINE
  5
FEA
330
17
100
AcDbEntity
  8
carpinteria
100
AcDbPolyline
 90
4
 70
1
 10
14.4
 20
1.7
 10
14.9
 20
1.7
 10
14.9
 20
2.5
 10
14.4
 20
2.5
  0
LWPOLYLINE
  5
FEB
330
17
100
AcDbEntity
  8
marco-medio
100
AcDbPolyline
 90
4
 70
1
 10
14.360000000000003
 20
1.6600000000000024
 10
14.939999999999998
 20
1.6600000000000024
 10
14.939999999999998
 20
2.539999999999998
 10
14.360000000000003
 20
2.539999999999998
  0
LINE
  5
FEC
330
17
100
AcDbEntity
  8
carpinteria
100
AcDbLine
 10
14.4
 20
2.15
 30
0.0
 11
14.9
 21
2.15
 31
0.0
  0
LINE
  5
FED
330
17
100
AcDbEntity
  8
vidrio
100
AcDbLine
 10
14.45
 20
1.75
 30
0.0
 11
14.85
 21
2.45
 31
0.0
  0
LINE
  5
FEE
330
17
100
AcDbEntity
  8
marco-medio
100
AcDbLine
 10
14.339999999999998
 20
1.6699999999999988
 30
0.0
 11
14.960000000000003
 21
1.6699999999999988
 31
0.0
  0
LWPOLYLINE
  5
FEF
330
17
100
AcDbEntity
  8
fondo
100
AcDbPolyline
 90
4
 70
1
 10
1.1
 20
4.15
 10
2.6
 20
4.15
 10
2.6
 20
5.65
 10
1.1
 20
5.65
  0
LINE
  5
FF0
330
17
100
AcDbEntity
  8
hatch
100
AcDbLine
 10
2.317157287525381
 20
4.15
 30
0.0
 11
2.6000000000000005
 21
4.43284271247462
 31
0.0
  0
LINE
  5
FF1
330
17
100
AcDbEntity
  8
hatch
100
AcDbLine
 10
2.034314575050762
 20
4.15
 30
0.0
 11
2.6
 21
4.715685424949238
 31
0.0
  0
LINE
  5
FF2
330
17
100
AcDbEntity
  8
hatch
100
AcDbLine
 10
1.7514718625761425
 20
4.15
 30
0.0
 11
2.5999999999999996
 21
4.9985281374238575
 31
0.0
  0
LINE
  5
FF3
330
17
100
AcDbEntity
  8
hatch
100
AcDbLine
 10
1.4686291501015238
 20
4.15
 30
0.0
 11
2.5999999999999996
 21
5.281370849898476
 31
0.0
  0
LINE
  5
FF4
330
17
100
AcDbEntity
  8
hatch
100
AcDbLine
 10
1.1857864376269047
 20
4.15
 30
0.0
 11
2.599999999999999
 21
5.564213562373095
 31
0.0
  0
LINE
  5
FF5
330
17
100
AcDbEntity
  8
hatch
100
AcDbLine
 10
1.1000000000000003
 20
4.347056274847715
 30
0.0
 11
2.4029437251522863
 21
5.65
 31
0.0
  0
LINE
  5
FF6
330
17
100
AcDbEntity
  8
hatch
100
AcDbLine
 10
1.1000000000000003
 20
4.629898987322334
 30
0.0
 11
2.120101012677667
 21
5.65
 31
0.0
  0
LINE
  5
FF7
330
17
100
AcDbEntity
  8
hatch
100
AcDbLine
 10
1.1
 20
4.912741699796952
 30
0.0
 11
1.837258300203048
 21
5.65
 31
0.0
  0
LINE
  5
FF8
330
17
100
AcDbEntity
  8
hatch
100
AcDbLine
 10
1.1
 20
5.195584412271572
 30
0.0
 11
1.5544155877284296
 21
5.65
 31
0.0
  0
LINE
  5
FF9
330
17
100
AcDbEntity
  8
hatch
100
AcDbLine
 10
1.1
 20
5.47842712474619
 30
0.0
 11
1.2715728752538102
 21
5.65
 31
0.0
  0
LWPOLYLINE
  5
FFA
330
17
100
AcDbEntity
  8
carpinteria
100
AcDbPolyline
 90
4
 70
1
 10
1.1
 20
4.15
 10
2.6
 20
4.15
 10
2.6
 20
5.65
 10
1.1
 20
5.65
  0
LWPOLYLINE
  5
FFB
330
17
100
AcDbEntity
  8
marco-medio
100
AcDbPolyline
 90
4
 70
1
 10
1.0600000000000023
 20
4.110000000000002
 10
2.639999999999998
 20
4.110000000000002
 10
2.639999999999998
 20
5.689999999999998
 10
1.0600000000000023
 20
5.689999999999998
  0
LINE
  5
FFC
330
17
100
AcDbEntity
  8
carpinteria
100
AcDbLine
 10
1.85
 20
4.15
 30
0.0
 11
1.85
 21
5.65
 31
0.0
  0
LINE
  5
FFD
330
17
100
AcDbEntity
  8
carpinteria
100
AcDbLine
 10
1.1
 20
5.3
 30
0.0
 11
2.6
 21
5.3
 31
0.0
  0
LINE
  5
FFE
330
17
100
AcDbEntity
  8
vidrio
100
AcDbLine
 10
1.15
 20
4.2
 30
0.0
 11
2.55
 21
5.6
 31
0.0
  0
LINE
  5
FFF
330
17
100
AcDbEntity
  8
marco-medio
100
AcDbLine
 10
1.0399999999999978
 20
4.119999999999999
 30
0.0
 11
2.6600000000000024
 21
4.119999999999999
 31
0.0
  0
LWPOLYLINE
  5
1000
330
17
100
AcDbEntity
  8
fondo
100
AcDbPolyline
 90
4
 70
1
 10
4.45
 20
4.15
 10
5.95
 20
4.15
 10
5.95
 20
5.65
 10
4.45
 20
5.65
  0
LINE
  5
1001
330
17
100
AcDbEntity
  8
hatch
100
AcDbLine
 10
5.667157287525381
 20
4.1499999999999995
 30
0.0
 11
5.95
 21
4.432842712474619
 31
0.0
  0
LINE
  5
1002
330
17
100
AcDbEntity
  8
hatch
100
AcDbLine
 10
5.3843145750507615
 20
4.15
 30
0.0
 11
5.95
 21
4.715685424949239
 31
0.0
  0
LINE
  5
1003
330
17
100
AcDbEntity
  8
hatch
100
AcDbLine
 10
5.101471862576143
 20
4.15
 30
0.0
 11
5.95
 21
4.9985281374238575
 31
0.0
  0
LINE
  5
1004
330
17
100
AcDbEntity
  8
hatch
100
AcDbLine
 10
4.818629150101525
 20
4.15
 30
0.0
 11
5.950000000000001
 21
5.281370849898477
 31
0.0
  0
LINE
  5
1005
330
17
100
AcDbEntity
  8
hatch
100
AcDbLine
 10
4.535786437626904
 20
4.15
 30
0.0
 11
5.950000000000001
 21
5.564213562373097
 31
0.0
  0
LINE
  5
1006
330
17
100
AcDbEntity
  8
hatch
100
AcDbLine
 10
4.45
 20
4.347056274847715
 30
0.0
 11
5.752943725152287
 21
5.650000000000001
 31
0.0
  0
LINE
  5
1007
330
17
100
AcDbEntity
  8
hatch
100
AcDbLine
 10
4.450000000000001
 20
4.629898987322334
 30
0.0
 11
5.4701010126776675
 21
5.65
 31
0.0
  0
LINE
  5
1008
330
17
100
AcDbEntity
  8
hatch
100
AcDbLine
 10
4.449999999999999
 20
4.912741699796953
 30
0.0
 11
5.187258300203048
 21
5.650000000000001
 31
0.0
  0
LINE
  5
1009
330
17
100
AcDbEntity
  8
hatch
100
AcDbLine
 10
4.45
 20
5.195584412271572
 30
0.0
 11
4.904415587728429
 21
5.65
 31
0.0
  0
LINE
  5
100A
330
17
100
AcDbEntity
  8
hatch
100
AcDbLine
 10
4.45
 20
5.47842712474619
 30
0.0
 11
4.62157287525381
 21
5.65
 31
0.0
  0
LWPOLYLINE
  5
100B
330
17
100
AcDbEntity
  8
carpinteria
100
AcDbPolyline
 90
4
 70
1
 10
4.45
 20
4.15
 10
5.95
 20
4.15
 10
5.95
 20
5.65
 10
4.45
 20
5.65
  0
LWPOLYLINE
  5
100C
330
17
100
AcDbEntity
  8
marco-medio
100
AcDbPolyline
 90
4
 70
1
 10
4.410000000000002
 20
4.110000000000002
 10
5.9899999999999975
 20
4.110000000000002
 10
5.9899999999999975
 20
5.689999999999998
 10
4.410000000000002
 20
5.689999999999998
  0
LINE
  5
100D
330
17
100
AcDbEntity
  8
carpinteria
100
AcDbLine
 10
5.2
 20
4.15
 30
0.0
 11
5.2
 21
5.65
 31
0.0
  0
LINE
  5
100E
330
17
100
AcDbEntity
  8
carpinteria
100
AcDbLine
 10
4.45
 20
5.3
 30
0.0
 11
5.95
 21
5.3
 31
0.0
  0
LINE
  5
100F
330
17
100
AcDbEntity
  8
vidrio
100
AcDbLine
 10
4.5
 20
4.2
 30
0.0
 11
5.9
 21
5.6
 31
0.0
  0
LINE
  5
1010
330
17
100
AcDbEntity
  8
marco-medio
100
AcDbLine
 10
4.389999999999998
 20
4.119999999999999
 30
0.0
 11
6.0100000000000025
 21
4.119999999999999
 31
0.0
  0
LWPOLYLINE
  5
1011
330
17
100
AcDbEntity
  8
fondo
100
AcDbPolyline
 90
4
 70
1
 10
7.8
 20
4.15
 10
9.3
 20
4.15
 10
9.3
 20
5.65
 10
7.8
 20
5.65
  0
LINE
  5
1012
330
17
100
AcDbEntity
  8
hatch
100
AcDbLine
 10
9.017157287525382
 20
4.15
 30
0.0
 11
9.3
 21
4.432842712474619
 31
0.0
  0
LINE
  5
1013
330
17
100
AcDbEntity
  8
hatch
100
AcDbLine
 10
8.734314575050764
 20
4.149999999999999
 30
0.0
 11
9.3
 21
4.715685424949237
 31
0.0
  0
LINE
  5
1014
330
17
100
AcDbEntity
  8
hatch
100
AcDbLine
 10
8.451471862576144
 20
4.15
 30
0.0
 11
9.300000000000002
 21
4.9985281374238575
 31
0.0
  0
LINE
  5
1015
330
17
100
AcDbEntity
  8
hatch
100
AcDbLine
 10
8.168629150101525
 20
4.15
 30
0.0
 11
9.3
 21
5.281370849898476
 31
0.0
  0
LINE
  5
1016
330
17
100
AcDbEntity
  8
hatch
100
AcDbLine
 10
7.885786437626906
 20
4.15
 30
0.0
 11
9.300000000000002
 21
5.564213562373096
 31
0.0
  0
LINE
  5
1017
330
17
100
AcDbEntity
  8
hatch
100
AcDbLine
 10
7.800000000000001
 20
4.347056274847714
 30
0.0
 11
9.102943725152288
 21
5.650000000000001
 31
0.0
  0
LINE
  5
1018
330
17
100
AcDbEntity
  8
hatch
100
AcDbLine
 10
7.8
 20
4.629898987322333
 30
0.0
 11
8.820101012677668
 21
5.65
 31
0.0
  0
LINE
  5
1019
330
17
100
AcDbEntity
  8
hatch
100
AcDbLine
 10
7.800000000000001
 20
4.912741699796952
 30
0.0
 11
8.53725830020305
 21
5.650000000000001
 31
0.0
  0
LINE
  5
101A
330
17
100
AcDbEntity
  8
hatch
100
AcDbLine
 10
7.800000000000001
 20
5.195584412271571
 30
0.0
 11
8.25441558772843
 21
5.65
 31
0.0
  0
LINE
  5
101B
330
17
100
AcDbEntity
  8
hatch
100
AcDbLine
 10
7.800000000000001
 20
5.478427124746189
 30
0.0
 11
7.971572875253811
 21
5.65
 31
0.0
  0
LWPOLYLINE
  5
101C
330
17
100
AcDbEntity
  8
carpinteria
100
AcDbPolyline
 90
4
 70
1
 10
7.8
 20
4.15
 10
9.3
 20
4.15
 10
9.3
 20
5.65
 10
7.8
 20
5.65
  0
LWPOLYLINE
  5
101D
330
17
100
AcDbEntity
  8
marco-medio
100
AcDbPolyline
 90
4
 70
1
 10
7.7600000000000025
 20
4.110000000000002
 10
9.339999999999998
 20
4.110000000000002
 10
9.339999999999998
 20
5.689999999999998
 10
7.7600000000000025
 20
5.689999999999998
  0
LINE
  5
101E
330
17
100
AcDbEntity
  8
carpinteria
100
AcDbLine
 10
8.55
 20
4.15
 30
0.0
 11
8.55
 21
5.65
 31
0.0
  0
LINE
  5
101F
330
17
100
AcDbEntity
  8
carpinteria
100
AcDbLine
 10
7.8
 20
5.3
 30
0.0
 11
9.3
 21
5.3
 31
0.0
  0
LINE
  5
1020
330
17
100
AcDbEntity
  8
vidrio
100
AcDbLine
 10
7.85
 20
4.2
 30
0.0
 11
9.25
 21
5.6
 31
0.0
  0
LINE
  5
1021
330
17
100
AcDbEntity
  8
marco-medio
100
AcDbLine
 10
7.7399999999999975
 20
4.119999999999999
 30
0.0
 11
9.360000000000003
 21
4.119999999999999
 31
0.0
  0
LWPOLYLINE
  5
1022
330
17
100
AcDbEntity
  8
fondo
100
AcDbPolyline
 90
4
 70
1
 10
11.15
 20
4.15
 10
12.65
 20
4.15
 10
12.65
 20
5.65
 10
11.15
 20
5.65
  0
LINE
  5
1023
330
17
100
AcDbEntity
  8
hatch
100
AcDbLine
 10
12.36715728752538
 20
4.149999999999999
 30
0.0
 11
12.649999999999999
 21
4.432842712474617
 31
0.0
  0
LINE
  5
1024
330
17
100
AcDbEntity
  8
hatch
100
AcDbLine
 10
12.084314575050762
 20
4.1499999999999995
 30
0.0
 11
12.649999999999999
 21
4.715685424949238
 31
0.0
  0
LINE
  5
1025
330
17
100
AcDbEntity
  8
hatch
100
AcDbLine
 10
11.801471862576143
 20
4.15
 30
0.0
 11
12.649999999999999
 21
4.9985281374238575
 31
0.0
  0
LINE
  5
1026
330
17
100
AcDbEntity
  8
hatch
100
AcDbLine
 10
11.518629150101525
 20
4.1499999999999995
 30
0.0
 11
12.649999999999999
 21
5.281370849898473
 31
0.0
  0
LINE
  5
1027
330
17
100
AcDbEntity
  8
hatch
100
AcDbLine
 10
11.235786437626905
 20
4.149999999999999
 30
0.0
 11
12.65
 21
5.564213562373094
 31
0.0
  0
LINE
  5
1028
330
17
100
AcDbEntity
  8
hatch
100
AcDbLine
 10
11.15
 20
4.347056274847713
 30
0.0
 11
12.452943725152286
 21
5.649999999999999
 31
0.0
  0
LINE
  5
1029
330
17
100
AcDbEntity
  8
hatch
100
AcDbLine
 10
11.15
 20
4.629898987322333
 30
0.0
 11
12.170101012677666
 21
5.649999999999999
 31
0.0
  0
LINE
  5
102A
330
17
100
AcDbEntity
  8
hatch
100
AcDbLine
 10
11.149999999999999
 20
4.912741699796952
 30
0.0
 11
11.887258300203047
 21
5.650000000000001
 31
0.0
  0
LINE
  5
102B
330
17
100
AcDbEntity
  8
hatch
100
AcDbLine
 10
11.150000000000002
 20
5.19558441227157
 30
0.0
 11
11.604415587728429
 21
5.65
 31
0.0
  0
LINE
  5
102C
330
17
100
AcDbEntity
  8
hatch
100
AcDbLine
 10
11.15
 20
5.478427124746189
 30
0.0
 11
11.321572875253812
 21
5.650000000000001
 31
0.0
  0
LWPOLYLINE
  5
102D
330
17
100
AcDbEntity
  8
carpinteria
100
AcDbPolyline
 90
4
 70
1
 10
11.15
 20
4.15
 10
12.65
 20
4.15
 10
12.65
 20
5.65
 10
11.15
 20
5.65
  0
LWPOLYLINE
  5
102E
330
17
100
AcDbEntity
  8
marco-medio
100
AcDbPolyline
 90
4
 70
1
 10
11.110000000000003
 20
4.110000000000002
 10
12.689999999999998
 20
4.110000000000002
 10
12.689999999999998
 20
5.689999999999998
 10
11.110000000000003
 20
5.689999999999998
  0
LINE
  5
102F
330
17
100
AcDbEntity
  8
carpinteria
100
AcDbLine
 10
11.9
 20
4.15
 30
0.0
 11
11.9
 21
5.65
 31
0.0
  0
LINE
  5
1030
330
17
100
AcDbEntity
  8
carpinteria
100
AcDbLine
 10
11.15
 20
5.3
 30
0.0
 11
12.65
 21
5.3
 31
0.0
  0
LINE
  5
1031
330
17
100
AcDbEntity
  8
vidrio
100
AcDbLine
 10
11.2
 20
4.2
 30
0.0
 11
12.6
 21
5.6
 31
0.0
  0
LINE
  5
1032
330
17
100
AcDbEntity
  8
marco-medio
100
AcDbLine
 10
11.089999999999998
 20
4.119999999999999
 30
0.0
 11
12.710000000000003
 21
4.119999999999999
 31
0.0
  0
LWPOLYLINE
  5
1033
330
17
100
AcDbEntity
  8
fondo
100
AcDbPolyline
 90
4
 70
1
 10
14.4
 20
4.95
 10
14.9
 20
4.95
 10
14.9
 20
5.75
 10
14.4
 20
5.75
  0
LINE
  5
1034
330
17
100
AcDbEntity
  8
hatch
100
AcDbLine
 10
14.61715728752538
 20
4.95
 30
0.0
 11
14.9
 21
5.23284271247462
 31
0.0
  0
LINE
  5
1035
330
17
100
AcDbEntity
  8
hatch
100
AcDbLine
 10
14.4
 20
5.015685424949239
 30
0.0
 11
14.9
 21
5.515685424949239
 31
0.0
  0
LINE
  5
1036
330
17
100
AcDbEntity
  8
hatch
100
AcDbLine
 10
14.4
 20
5.298528137423857
 30
0.0
 11
14.851471862576144
 21
5.750000000000001
 31
0.0
  0
LINE
  5
1037
330
17
100
AcDbEntity
  8
hatch
100
AcDbLine
 10
14.400000000000002
 20
5.581370849898478
 30
0.0
 11
14.568629150101524
 21
5.750000000000002
 31
0.0
  0
LWPOLYLINE
  5
1038
330
17
100
AcDbEntity
  8
carpinteria
100
AcDbPolyline
 90
4
 70
1
 10
14.4
 20
4.95
 10
14.9
 20
4.95
 10
14.9
 20
5.75
 10
14.4
 20
5.75
  0
LWPOLYLINE
  5
1039
330
17
100
AcDbEntity
  8
marco-medio
100
AcDbPolyline
 90
4
 70
1
 10
14.360000000000003
 20
4.910000000000002
 10
14.939999999999998
 20
4.910000000000002
 10
14.939999999999998
 20
5.789999999999997
 10
14.360000000000003
 20
5.789999999999997
  0
LINE
  5
103A
330
17
100
AcDbEntity
  8
carpinteria
100
AcDbLine
 10
14.4
 20
5.4
 30
0.0
 11
14.9
 21
5.4
 31
0.0
  0
LINE
  5
103B
330
17
100
AcDbEntity
  8
vidrio
100
AcDbLine
 10
14.45
 20
5.0
 30
0.0
 11
14.85
 21
5.7
 31
0.0
  0
LINE
  5
103C
330
17
100
AcDbEntity
  8
marco-medio
100
AcDbLine
 10
14.339999999999998
 20
4.919999999999999
 30
0.0
 11
14.960000000000003
 21
4.919999999999999
 31
0.0
  0
LWPOLYLINE
  5
103D
330
17
100
AcDbEntity
  8
fondo
100
AcDbPolyline
 90
4
 70
1
 10
17.45
 20
0.0
 10
19.25
 20
0.0
 10
19.25
 20
2.4
 10
17.45
 20
2.4
  0
LINE
  5
103E
330
17
100
AcDbEntity
  8
hatch
100
AcDbLine
 10
18.96715728752538
 20
0.0
 30
0.0
 11
19.25
 21
0.28284271247461845
 31
0.0
  0
LINE
  5
103F
330
17
100
AcDbEntity
  8
hatch
100
AcDbLine
 10
18.684314575050763
 20
1.7763568394002505e-15
 30
0.0
 11
19.25
 21
0.5656854249492405
 31
0.0
  0
LINE
  5
1040
330
17
100
AcDbEntity
  8
hatch
100
AcDbLine
 10
18.401471862576145
 20
1.7763568394002505e-15
 30
0.0
 11
19.25
 21
0.8485281374238571
 31
0.0
  0
LINE
  5
1041
330
17
100
AcDbEntity
  8
hatch
100
AcDbLine
 10
18.11862915010152
 20
0.0
 30
0.0
 11
19.25
 21
1.1313708498984774
 31
0.0
  0
LINE
  5
1042
330
17
100
AcDbEntity
  8
hatch
100
AcDbLine
 10
17.8357864376269
 20
0.0
 30
0.0
 11
19.25
 21
1.4142135623730958
 31
0.0
  0
LINE
  5
1043
330
17
100
AcDbEntity
  8
hatch
100
AcDbLine
 10
17.552943725152282
 20
0.0
 30
0.0
 11
19.25
 21
1.697056274847716
 31
0.0
  0
LINE
  5
1044
330
17
100
AcDbEntity
  8
hatch
100
AcDbLine
 10
17.45
 20
0.17989898732233556
 30
0.0
 11
19.25
 21
1.9798989873223345
 31
0.0
  0
LINE
  5
1045
330
17
100
AcDbEntity
  8
hatch
100
AcDbLine
 10
17.45
 20
0.462741699796954
 30
0.0
 11
19.25
 21
2.262741699796953
 31
0.0
  0
LINE
  5
1046
330
17
100
AcDbEntity
  8
hatch
100
AcDbLine
 10
17.45
 20
0.7455844122715725
 30
0.0
 11
19.104415587728425
 21
2.4000000000000004
 31
0.0
  0
LINE
  5
1047
330
17
100
AcDbEntity
  8
hatch
100
AcDbLine
 10
17.45
 20
1.028427124746191
 30
0.0
 11
18.821572875253807
 21
2.4000000000000004
 31
0.0
  0
LINE
  5
1048
330
17
100
AcDbEntity
  8
hatch
100
AcDbLine
 10
17.45
 20
1.311269837220813
 30
0.0
 11
18.53873016277919
 21
2.400000000000002
 31
0.0
  0
LINE
  5
1049
330
17
100
AcDbEntity
  8
hatch
100
AcDbLine
 10
17.45
 20
1.5941125496954287
 30
0.0
 11
18.25588745030457
 21
2.4000000000000012
 31
0.0
  0
LINE
  5
104A
330
17
100
AcDbEntity
  8
hatch
100
AcDbLine
 10
17.45
 20
1.8769552621700472
 30
0.0
 11
17.97304473782995
 21
2.3999999999999995
 31
0.0
  0
LINE
  5
104B
330
17
100
AcDbEntity
  8
hatch
100
AcDbLine
 10
17.45
 20
2.1597979746446683
 30
0.0
 11
17.690202025355333
 21
2.4000000000000004
 31
0.0
  0
LWPOLYLINE
  5
104C
330
17
100
AcDbEntity
  8
carpinteria
100
AcDbPolyline
 90
4
 70
1
 10
17.45
 20
0.0
 10
19.25
 20
0.0
 10
19.25
 20
2.4
 10
17.45
 20
2.4
  0
LINE
  5
104D
330
17
100
AcDbEntity
  8
carpinteria
100
AcDbLine
 10
18.35
 20
0.0
 30
0.0
 11
18.35
 21
2.4
 31
0.0
  0
LINE
  5
104E
330
17
100
AcDbEntity
  8
marco-medio
100
AcDbLine
 10
17.45
 20
2.4
 30
0.0
 11
19.25
 21
2.4
 31
0.0
  0
LINE
  5
104F
330
17
100
AcDbEntity
  8
marco-medio
100
AcDbLine
 10
17.45
 20
0.019999999999998862
 30
0.0
 11
19.25
 21
0.019999999999998862
 31
0.0
  0
LINE
  5
1050
330
17
100
AcDbEntity
  8
carpinteria
100
AcDbLine
 10
17.5
 20
1.95
 30
0.0
 11
19.2
 21
1.95
 31
0.0
  0
LINE
  5
1051
330
17
100
AcDbEntity
  8
vidrio
100
AcDbLine
 10
19.15
 20
1.980000000000001
 30
0.0
 11
17.550000000000004
 21
2.35
 31
0.0
  0
LINE
  5
1052
330
17
100
AcDbEntity
  8
marco-fino
100
AcDbLine
 10
16.550000000000004
 20
-0.45
 30
0.0
 11
20.15
 21
-0.45
 31
0.0
  0
LINE
  5
1053
330
17
100
AcDbEntity
  8
marco-fino
100
AcDbLine
 10
16.850000000000005
 20
-0.3
 30
0.0
 11
19.85
 21
-0.3
 31
0.0
  0
LINE
  5
1054
330
17
100
AcDbEntity
  8
marco-fino
100
AcDbLine
 10
17.150000000000006
 20
-0.15
 30
0.0
 11
19.55
 21
-0.15
 31
0.0
  0
LINE
  5
1055
330
17
100
AcDbEntity
  8
marco-fino
100
AcDbLine
 10
17.45
 20
0.0
 30
0.0
 11
19.25
 21
0.0
 31
0.0
  0
TEXT
  5
1056
330
17
100
AcDbEntity
  8
texto-suave
100
AcDbText
 10
18.35
 20
-0.75
 30
0.0
 40
0.18
  1
INGRESO PRINCIPAL · 3 PELDAÑOS
 72
1
 11
18.35
 21
-0.75
 31
0.0
100
AcDbText
  0
LINE
  5
1057
330
17
100
AcDbEntity
  8
marco-medio
100
AcDbLine
 10
0.0
 20
0.0
 30
0.0
 11
24.0
 21
0.0
 31
0.0
  0
LINE
  5
1058
330
17
100
AcDbEntity
  8
marco-fino
100
AcDbLine
 10
0.0
 20
3.2
 30
0.0
 11
24.0
 21
3.2
 31
0.0
  0
LINE
  5
1059
330
17
100
AcDbEntity
  8
marco-fino
100
AcDbLine
 10
0.0
 20
6.2
 30
0.0
 11
24.0
 21
6.2
 31
0.0
  0
LWPOLYLINE
  5
105A
330
17
100
AcDbEntity
  8
hormigon
100
AcDbPolyline
 90
4
 70
1
 10
0.0
 20
6.2
 10
24.0
 20
6.2
 10
24.0
 20
6.5
 10
0.0
 20
6.5
  0
LINE
  5
105B
330
17
100
AcDbEntity
  8
hatch
100
AcDbLine
 10
23.71715728752538
 20
6.199999999999999
 30
0.0
 11
24.0
 21
6.482842712474618
 31
0.0
  0
LINE
  5
105C
330
17
100
AcDbEntity
  8
hatch
100
AcDbLine
 10
23.43431457505076
 20
6.1999999999999975
 30
0.0
 11
23.734314575050764
 21
6.5000000000000036
 31
0.0
  0
LINE
  5
105D
330
17
100
AcDbEntity
  8
hatch
100
AcDbLine
 10
23.151471862576145
 20
6.200000000000001
 30
0.0
 11
23.451471862576145
 21
6.5000000000000036
 31
0.0
  0
LINE
  5
105E
330
17
100
AcDbEntity
  8
hatch
100
AcDbLine
 10
22.868629150101523
 20
6.199999999999999
 30
0.0
 11
23.168629150101523
 21
6.5
 31
0.0
  0
LINE
  5
105F
330
17
100
AcDbEntity
  8
hatch
100
AcDbLine
 10
22.585786437626904
 20
6.199999999999999
 30
0.0
 11
22.885786437626905
 21
6.500000000000002
 31
0.0
  0
LINE
  5
1060
330
17
100
AcDbEntity
  8
hatch
100
AcDbLine
 10
22.302943725152282
 20
6.200000000000001
 30
0.0
 11
22.602943725152286
 21
6.5000000000000036
 31
0.0
  0
LINE
  5
1061
330
17
100
AcDbEntity
  8
hatch
100
AcDbLine
 10
22.020101012677667
 20
6.200000000000001
 30
0.0
 11
22.320101012677668
 21
6.5000000000000036
 31
0.0
  0
LINE
  5
1062
330
17
100
AcDbEntity
  8
hatch
100
AcDbLine
 10
21.73725830020305
 20
6.2
 30
0.0
 11
22.03725830020305
 21
6.500000000000003
 31
0.0
  0
LINE
  5
1063
330
17
100
AcDbEntity
  8
hatch
100
AcDbLine
 10
21.454415587728427
 20
6.2
 30
0.0
 11
21.75441558772843
 21
6.500000000000003
 31
0.0
  0
LINE
  5
1064
330
17
100
AcDbEntity
  8
hatch
100
AcDbLine
 10
21.17157287525381
 20
6.199999999999999
 30
0.0
 11
21.471572875253813
 21
6.500000000000002
 31
0.0
  0
LINE
  5
1065
330
17
100
AcDbEntity
  8
hatch
100
AcDbLine
 10
20.88873016277919
 20
6.200000000000001
 30
0.0
 11
21.18873016277919
 21
6.5000000000000036
 31
0.0
  0
LINE
  5
1066
330
17
100
AcDbEntity
  8
hatch
100
AcDbLine
 10
20.60588745030457
 20
6.2
 30
0.0
 11
20.905887450304572
 21
6.500000000000003
 31
0.0
  0
LINE
  5
1067
330
17
100
AcDbEntity
  8
hatch
100
AcDbLine
 10
20.323044737829953
 20
6.200000000000002
 30
0.0
 11
20.623044737829957
 21
6.500000000000003
 31
0.0
  0
LINE
  5
1068
330
17
100
AcDbEntity
  8
hatch
100
AcDbLine
 10
20.04020202535533
 20
6.199999999999999
 30
0.0
 11
20.340202025355335
 21
6.500000000000002
 31
0.0
  0
LINE
  5
1069
330
17
100
AcDbEntity
  8
hatch
100
AcDbLine
 10
19.757359312880716
 20
6.199999999999999
 30
0.0
 11
20.057359312880717
 21
6.500000000000002
 31
0.0
  0
LINE
  5
106A
330
17
100
AcDbEntity
  8
hatch
100
AcDbLine
 10
19.47451660040609
 20
6.199999999999998
 30
0.0
 11
19.774516600406095
 21
6.500000000000003
 31
0.0
  0
LINE
  5
106B
330
17
100
AcDbEntity
  8
hatch
100
AcDbLine
 10
19.19167388793148
 20
6.200000000000002
 30
0.0
 11
19.491673887931476
 21
6.500000000000003
 31
0.0
  0
LINE
  5
106C
330
17
100
AcDbEntity
  8
hatch
100
AcDbLine
 10
18.908831175456854
 20
6.199999999999998
 30
0.0
 11
19.20883117545686
 21
6.500000000000003
 31
0.0
  0
LINE
  5
106D
330
17
100
AcDbEntity
  8
hatch
100
AcDbLine
 10
18.62598846298224
 20
6.200000000000001
 30
0.0
 11
18.92598846298224
 21
6.500000000000002
 31
0.0
  0
LINE
  5
106E
330
17
100
AcDbEntity
  8
hatch
100
AcDbLine
 10
18.34314575050762
 20
6.200000000000001
 30
0.0
 11
18.64314575050762
 21
6.500000000000002
 31
0.0
  0
LINE
  5
106F
330
17
100
AcDbEntity
  8
hatch
100
AcDbLine
 10
18.060303038033
 20
6.200000000000002
 30
0.0
 11
18.360303038033003
 21
6.500000000000003
 31
0.0
  0
LINE
  5
1070
330
17
100
AcDbEntity
  8
hatch
100
AcDbLine
 10
17.77746032555838
 20
6.199999999999998
 30
0.0
 11
18.077460325558384
 21
6.500000000000004
 31
0.0
  0
LINE
  5
1071
330
17
100
AcDbEntity
  8
hatch
100
AcDbLine
 10
17.49461761308376
 20
6.2
 30
0.0
 11
17.794617613083766
 21
6.500000000000004
 31
0.0
  0
LINE
  5
1072
330
17
100
AcDbEntity
  8
hatch
100
AcDbLine
 10
17.211774900609143
 20
6.2
 30
0.0
 11
17.511774900609144
 21
6.500000000000001
 31
0.0
  0
LINE
  5
1073
330
17
100
AcDbEntity
  8
hatch
100
AcDbLine
 10
16.928932188134524
 20
6.2
 30
0.0
 11
17.22893218813453
 21
6.500000000000003
 31
0.0
  0
LINE
  5
1074
330
17
100
AcDbEntity
  8
hatch
100
AcDbLine
 10
16.646089475659906
 20
6.200000000000001
 30
0.0
 11
16.946089475659907
 21
6.5000000000000036
 31
0.0
  0
LINE
  5
1075
330
17
100
AcDbEntity
  8
hatch
100
AcDbLine
 10
16.363246763185284
 20
6.199999999999999
 30
0.0
 11
16.66324676318529
 21
6.5000000000000036
 31
0.0
  0
LINE
  5
1076
330
17
100
AcDbEntity
  8
hatch
100
AcDbLine
 10
16.080404050710666
 20
6.2
 30
0.0
 11
16.38040405071067
 21
6.500000000000004
 31
0.0
  0
LINE
  5
1077
330
17
100
AcDbEntity
  8
hatch
100
AcDbLine
 10
15.797561338236047
 20
6.2
 30
0.0
 11
16.097561338236048
 21
6.500000000000003
 31
0.0
  0
LINE
  5
1078
330
17
100
AcDbEntity
  8
hatch
100
AcDbLine
 10
15.514718625761429
 20
6.2
 30
0.0
 11
15.814718625761431
 21
6.500000000000003
 31
0.0
  0
LINE
  5
1079
330
17
100
AcDbEntity
  8
hatch
100
AcDbLine
 10
15.23187591328681
 20
6.2
 30
0.0
 11
15.531875913286813
 21
6.500000000000003
 31
0.0
  0
LINE
  5
107A
330
17
100
AcDbEntity
  8
hatch
100
AcDbLine
 10
14.949033200812188
 20
6.199999999999999
 30
0.0
 11
15.249033200812192
 21
6.500000000000002
 31
0.0
  0
LINE
  5
107B
330
17
100
AcDbEntity
  8
hatch
100
AcDbLine
 10
14.66619048833757
 20
6.199999999999999
 30
0.0
 11
14.966190488337574
 21
6.500000000000002
 31
0.0
  0
LINE
  5
107C
330
17
100
AcDbEntity
  8
hatch
100
AcDbLine
 10
14.383347775862951
 20
6.2
 30
0.0
 11
14.683347775862956
 21
6.500000000000003
 31
0.0
  0
LINE
  5
107D
330
17
100
AcDbEntity
  8
hatch
100
AcDbLine
 10
14.100505063388333
 20
6.199999999999999
 30
0.0
 11
14.400505063388337
 21
6.500000000000002
 31
0.0
  0
LINE
  5
107E
330
17
100
AcDbEntity
  8
hatch
100
AcDbLine
 10
13.817662350913714
 20
6.200000000000002
 30
0.0
 11
14.117662350913717
 21
6.500000000000003
 31
0.0
  0
LINE
  5
107F
330
17
100
AcDbEntity
  8
hatch
100
AcDbLine
 10
13.534819638439094
 20
6.199999999999999
 30
0.0
 11
13.834819638439098
 21
6.5000000000000036
 31
0.0
  0
LINE
  5
1080
330
17
100
AcDbEntity
  8
hatch
100
AcDbLine
 10
13.251976925964476
 20
6.199999999999999
 30
0.0
 11
13.551976925964478
 21
6.500000000000002
 31
0.0
  0
LINE
  5
1081
330
17
100
AcDbEntity
  8
hatch
100
AcDbLine
 10
12.969134213489856
 20
6.200000000000001
 30
0.0
 11
13.26913421348986
 21
6.500000000000002
 31
0.0
  0
LINE
  5
1082
330
17
100
AcDbEntity
  8
hatch
100
AcDbLine
 10
12.686291501015239
 20
6.200000000000001
 30
0.0
 11
12.986291501015241
 21
6.500000000000002
 31
0.0
  0
LINE
  5
1083
330
17
100
AcDbEntity
  8
hatch
100
AcDbLine
 10
12.403448788540617
 20
6.199999999999999
 30
0.0
 11
12.703448788540621
 21
6.5000000000000036
 31
0.0
  0
LINE
  5
1084
330
17
100
AcDbEntity
  8
hatch
100
AcDbLine
 10
12.120606076065998
 20
6.199999999999998
 30
0.0
 11
12.420606076066003
 21
6.500000000000003
 31
0.0
  0
LINE
  5
1085
330
17
100
AcDbEntity
  8
hatch
100
AcDbLine
 10
11.83776336359138
 20
6.2
 30
0.0
 11
12.137763363591384
 21
6.500000000000003
 31
0.0
  0
LINE
  5
1086
330
17
100
AcDbEntity
  8
hatch
100
AcDbLine
 10
11.554920651116763
 20
6.200000000000001
 30
0.0
 11
11.854920651116764
 21
6.500000000000002
 31
0.0
  0
LINE
  5
1087
330
17
100
AcDbEntity
  8
hatch
100
AcDbLine
 10
11.272077938642145
 20
6.200000000000001
 30
0.0
 11
11.572077938642146
 21
6.5000000000000036
 31
0.0
  0
LINE
  5
1088
330
17
100
AcDbEntity
  8
hatch
100
AcDbLine
 10
10.989235226167521
 20
6.2
 30
0.0
 11
11.289235226167525
 21
6.500000000000003
 31
0.0
  0
LINE
  5
1089
330
17
100
AcDbEntity
  8
hatch
100
AcDbLine
 10
10.706392513692904
 20
6.199999999999999
 30
0.0
 11
11.006392513692909
 21
6.500000000000002
 31
0.0
  0
LINE
  5
108A
330
17
100
AcDbEntity
  8
hatch
100
AcDbLine
 10
10.423549801218284
 20
6.199999999999999
 30
0.0
 11
10.723549801218287
 21
6.5000000000000036
 31
0.0
  0
LINE
  5
108B
330
17
100
AcDbEntity
  8
hatch
100
AcDbLine
 10
10.140707088743666
 20
6.199999999999999
 30
0.0
 11
10.440707088743668
 21
6.500000000000002
 31
0.0
  0
LINE
  5
108C
330
17
100
AcDbEntity
  8
hatch
100
AcDbLine
 10
9.857864376269047
 20
6.199999999999998
 30
0.0
 11
10.157864376269051
 21
6.500000000000003
 31
0.0
  0
LINE
  5
108D
330
17
100
AcDbEntity
  8
hatch
100
AcDbLine
 10
9.575021663794427
 20
6.199999999999999
 30
0.0
 11
9.87502166379443
 21
6.500000000000002
 31
0.0
  0
LINE
  5
108E
330
17
100
AcDbEntity
  8
hatch
100
AcDbLine
 10
9.292178951319809
 20
6.199999999999999
 30
0.0
 11
9.592178951319813
 21
6.500000000000002
 31
0.0
  0
LINE
  5
108F
330
17
100
AcDbEntity
  8
hatch
100
AcDbLine
 10
9.00933623884519
 20
6.200000000000001
 30
0.0
 11
9.30933623884519
 21
6.500000000000002
 31
0.0
  0
LINE
  5
1090
330
17
100
AcDbEntity
  8
hatch
100
AcDbLine
 10
8.726493526370572
 20
6.200000000000001
 30
0.0
 11
9.026493526370574
 21
6.500000000000003
 31
0.0
  0
LINE
  5
1091
330
17
100
AcDbEntity
  8
hatch
100
AcDbLine
 10
8.443650813895953
 20
6.200000000000001
 30
0.0
 11
8.743650813895954
 21
6.500000000000002
 31
0.0
  0
LINE
  5
1092
330
17
100
AcDbEntity
  8
hatch
100
AcDbLine
 10
8.160808101421333
 20
6.199999999999999
 30
0.0
 11
8.460808101421335
 21
6.500000000000003
 31
0.0
  0
LINE
  5
1093
330
17
100
AcDbEntity
  8
hatch
100
AcDbLine
 10
7.8779653889467145
 20
6.199999999999999
 30
0.0
 11
8.177965388946717
 21
6.500000000000002
 31
0.0
  0
LINE
  5
1094
330
17
100
AcDbEntity
  8
hatch
100
AcDbLine
 10
7.595122676472095
 20
6.200000000000001
 30
0.0
 11
7.895122676472097
 21
6.500000000000003
 31
0.0
  0
LINE
  5
1095
330
17
100
AcDbEntity
  8
hatch
100
AcDbLine
 10
7.312279963997476
 20
6.2
 30
0.0
 11
7.612279963997479
 21
6.500000000000003
 31
0.0
  0
LINE
  5
1096
330
17
100
AcDbEntity
  8
hatch
100
AcDbLine
 10
7.029437251522857
 20
6.2
 30
0.0
 11
7.329437251522861
 21
6.5000000000000036
 31
0.0
  0
LINE
  5
1097
330
17
100
AcDbEntity
  8
hatch
100
AcDbLine
 10
6.746594539048237
 20
6.2
 30
0.0
 11
7.0465945390482405
 21
6.500000000000003
 31
0.0
  0
LINE
  5
1098
330
17
100
AcDbEntity
  8
hatch
100
AcDbLine
 10
6.463751826573619
 20
6.2
 30
0.0
 11
6.763751826573622
 21
6.5000000000000036
 31
0.0
  0
LINE
  5
1099
330
17
100
AcDbEntity
  8
hatch
100
AcDbLine
 10
6.1809091140989985
 20
6.2
 30
0.0
 11
6.480909114099002
 21
6.5000000000000036
 31
0.0
  0
LINE
  5
109A
330
17
100
AcDbEntity
  8
hatch
100
AcDbLine
 10
5.898066401624381
 20
6.199999999999999
 30
0.0
 11
6.198066401624383
 21
6.500000000000001
 31
0.0
  0
LINE
  5
109B
330
17
100
AcDbEntity
  8
hatch
100
AcDbLine
 10
5.615223689149762
 20
6.199999999999999
 30
0.0
 11
5.915223689149766
 21
6.500000000000003
 31
0.0
  0
LINE
  5
109C
330
17
100
AcDbEntity
  8
hatch
100
AcDbLine
 10
5.332380976675142
 20
6.199999999999999
 30
0.0
 11
5.632380976675145
 21
6.500000000000002
 31
0.0
  0
LINE
  5
109D
330
17
100
AcDbEntity
  8
hatch
100
AcDbLine
 10
5.049538264200524
 20
6.199999999999999
 30
0.0
 11
5.349538264200527
 21
6.500000000000003
 31
0.0
  0
LINE
  5
109E
330
17
100
AcDbEntity
  8
hatch
100
AcDbLine
 10
4.7666955517259035
 20
6.199999999999999
 30
0.0
 11
5.066695551725906
 21
6.500000000000002
 31
0.0
  0
LINE
  5
109F
330
17
100
AcDbEntity
  8
hatch
100
AcDbLine
 10
4.483852839251286
 20
6.2
 30
0.0
 11
4.7838528392512885
 21
6.500000000000003
 31
0.0
  0
LINE
  5
10A0
330
17
100
AcDbEntity
  8
hatch
100
AcDbLine
 10
4.2010101267766675
 20
6.2
 30
0.0
 11
4.501010126776669
 21
6.500000000000002
 31
0.0
  0
LINE
  5
10A1
330
17
100
AcDbEntity
  8
hatch
100
AcDbLine
 10
3.9181674143020473
 20
6.2
 30
0.0
 11
4.21816741430205
 21
6.500000000000003
 31
0.0
  0
LINE
  5
10A2
330
17
100
AcDbEntity
  8
hatch
100
AcDbLine
 10
3.6353247018274293
 20
6.2
 30
0.0
 11
3.935324701827431
 21
6.500000000000002
 31
0.0
  0
LINE
  5
10A3
330
17
100
AcDbEntity
  8
hatch
100
AcDbLine
 10
3.3524819893528086
 20
6.2
 30
0.0
 11
3.652481989352811
 21
6.5000000000000036
 31
0.0
  0
LINE
  5
10A4
330
17
100
AcDbEntity
  8
hatch
100
AcDbLine
 10
3.0696392768781906
 20
6.2
 30
0.0
 11
3.369639276878192
 21
6.500000000000002
 31
0.0
  0
LINE
  5
10A5
330
17
100
AcDbEntity
  8
hatch
100
AcDbLine
 10
2.7867965644035726
 20
6.199999999999999
 30
0.0
 11
3.086796564403576
 21
6.5000000000000036
 31
0.0
  0
LINE
  5
10A6
330
17
100
AcDbEntity
  8
hatch
100
AcDbLine
 10
2.5039538519289524
 20
6.2
 30
0.0
 11
2.803953851928954
 21
6.500000000000003
 31
0.0
  0
LINE
  5
10A7
330
17
100
AcDbEntity
  8
hatch
100
AcDbLine
 10
2.221111139454334
 20
6.199999999999999
 30
0.0
 11
2.5211111394543364
 21
6.500000000000002
 31
0.0
  0
LINE
  5
10A8
330
17
100
AcDbEntity
  8
hatch
100
AcDbLine
 10
1.9382684269797128
 20
6.199999999999999
 30
0.0
 11
2.2382684269797153
 21
6.500000000000002
 31
0.0
  0
LINE
  5
10A9
330
17
100
AcDbEntity
  8
hatch
100
AcDbLine
 10
1.6554257145050948
 20
6.199999999999999
 30
0.0
 11
1.9554257145050977
 21
6.500000000000002
 31
0.0
  0
LINE
  5
10AA
330
17
100
AcDbEntity
  8
hatch
100
AcDbLine
 10
1.3725830020304772
 20
6.199999999999999
 30
0.0
 11
1.6725830020304797
 21
6.500000000000002
 31
0.0
  0
LINE
  5
10AB
330
17
100
AcDbEntity
  8
hatch
100
AcDbLine
 10
1.0897402895558588
 20
6.199999999999999
 30
0.0
 11
1.3897402895558613
 21
6.500000000000002
 31
0.0
  0
LINE
  5
10AC
330
17
100
AcDbEntity
  8
hatch
100
AcDbLine
 10
0.8068975770812359
 20
6.199999999999999
 30
0.0
 11
1.106897577081237
 21
6.500000000000001
 31
0.0
  0
LINE
  5
10AD
330
17
100
AcDbEntity
  8
hatch
100
AcDbLine
 10
0.5240548646066179
 20
6.199999999999999
 30
0.0
 11
0.8240548646066217
 21
6.5000000000000036
 31
0.0
  0
LINE
  5
10AE
330
17
100
AcDbEntity
  8
hatch
100
AcDbLine
 10
0.24121215213199987
 20
6.199999999999999
 30
0.0
 11
0.541212152132001
 21
6.500000000000001
 31
0.0
  0
LINE
  5
10AF
330
17
100
AcDbEntity
  8
hatch
100
AcDbLine
 10
0.0
 20
6.241630560342617
 30
0.0
 11
0.2583694396573857
 21
6.5000000000000036
 31
0.0
  0
LWPOLYLINE
  5
10B0
330
17
100
AcDbEntity
  8
muro-corte
100
AcDbPolyline
 90
4
 70
1
 10
0.0
 20
6.2
 10
24.0
 20
6.2
 10
24.0
 20
6.5
 10
0.0
 20
6.5
  0
LINE
  5
10B1
330
17
100
AcDbEntity
  8
muro-corte
100
AcDbLine
 10
0.0
 20
7.15
 30
0.0
 11
24.0
 21
7.15
 31
0.0
  0
LWPOLYLINE
  5
10B2
330
17
100
AcDbEntity
  8
hormigon
100
AcDbPolyline
 90
4
 70
1
 10
-0.030000000000001137
 20
7.1
 10
24.029999999999994
 20
7.1
 10
24.029999999999994
 20
7.15
 10
-0.030000000000001137
 20
7.15
  0
LINE
  5
10B3
330
17
100
AcDbEntity
  8
hatch
100
AcDbLine
 10
23.747157287525376
 20
7.099999999999998
 30
0.0
 11
23.797157287525373
 21
7.149999999999997
 31
0.0
  0
LINE
  5
10B4
330
17
100
AcDbEntity
  8
hatch
100
AcDbLine
 10
23.464314575050754
 20
7.099999999999998
 30
0.0
 11
23.514314575050754
 21
7.149999999999997
 31
0.0
  0
LINE
  5
10B5
330
17
100
AcDbEntity
  8
hatch
100
AcDbLine
 10
23.18147186257613
 20
7.099999999999994
 30
0.0
 11
23.231471862576136
 21
7.149999999999997
 31
0.0
  0
LINE
  5
10B6
330
17
100
AcDbEntity
  8
hatch
100
AcDbLine
 10
22.898629150101513
 20
7.099999999999997
 30
0.0
 11
22.948629150101514
 21
7.149999999999996
 31
0.0
  0
LINE
  5
10B7
330
17
100
AcDbEntity
  8
hatch
100
AcDbLine
 10
22.615786437626895
 20
7.099999999999997
 30
0.0
 11
22.6657864376269
 21
7.1499999999999995
 31
0.0
  0
LINE
  5
10B8
330
17
100
AcDbEntity
  8
hatch
100
AcDbLine
 10
22.332943725152276
 20
7.099999999999997
 30
0.0
 11
22.38294372515228
 21
7.149999999999996
 31
0.0
  0
LINE
  5
10B9
330
17
100
AcDbEntity
  8
hatch
100
AcDbLine
 10
22.050101012677658
 20
7.099999999999998
 30
0.0
 11
22.10010101267766
 21
7.149999999999999
 31
0.0
  0
LINE
  5
10BA
330
17
100
AcDbEntity
  8
hatch
100
AcDbLine
 10
21.76725830020304
 20
7.099999999999998
 30
0.0
 11
21.81725830020304
 21
7.149999999999999
 31
0.0
  0
LINE
  5
10BB
330
17
100
AcDbEntity
  8
hatch
100
AcDbLine
 10
21.48441558772842
 20
7.099999999999997
 30
0.0
 11
21.534415587728418
 21
7.149999999999996
 31
0.0
  0
LINE
  5
10BC
330
17
100
AcDbEntity
  8
hatch
100
AcDbLine
 10
21.201572875253802
 20
7.099999999999997
 30
0.0
 11
21.251572875253803
 21
7.1499999999999995
 31
0.0
  0
LINE
  5
10BD
330
17
100
AcDbEntity
  8
hatch
100
AcDbLine
 10
20.918730162779184
 20
7.099999999999997
 30
0.0
 11
20.96873016277918
 21
7.149999999999998
 31
0.0
  0
LINE
  5
10BE
330
17
100
AcDbEntity
  8
hatch
100
AcDbLine
 10
20.635887450304562
 20
7.099999999999998
 30
0.0
 11
20.685887450304563
 21
7.149999999999999
 31
0.0
  0
LINE
  5
10BF
330
17
100
AcDbEntity
  8
hatch
100
AcDbLine
 10
20.353044737829947
 20
7.099999999999998
 30
0.0
 11
20.403044737829944
 21
7.149999999999999
 31
0.0
  0
LINE
  5
10C0
330
17
100
AcDbEntity
  8
hatch
100
AcDbLine
 10
20.07020202535532
 20
7.099999999999997
 30
0.0
 11
20.120202025355326
 21
7.149999999999998
 31
0.0
  0
LINE
  5
10C1
330
17
100
AcDbEntity
  8
hatch
100
AcDbLine
 10
19.787359312880703
 20
7.099999999999996
 30
0.0
 11
19.837359312880707
 21
7.149999999999999
 31
0.0
  0
LINE
  5
10C2
330
17
100
AcDbEntity
  8
hatch
100
AcDbLine
 10
19.504516600406088
 20
7.099999999999996
 30
0.0
 11
19.55451660040609
 21
7.149999999999997
 31
0.0
  0
LINE
  5
10C3
330
17
100
AcDbEntity
  8
hatch
100
AcDbLine
 10
19.22167388793147
 20
7.099999999999999
 30
0.0
 11
19.27167388793147
 21
7.149999999999998
 31
0.0
  0
LINE
  5
10C4
330
17
100
AcDbEntity
  8
hatch
100
AcDbLine
 10
18.93883117545685
 20
7.099999999999999
 30
0.0
 11
18.988831175456852
 21
7.149999999999998
 31
0.0
  0
LINE
  5
10C5
330
17
100
AcDbEntity
  8
hatch
100
AcDbLine
 10
18.65598846298223
 20
7.099999999999996
 30
0.0
 11
18.70598846298223
 21
7.149999999999997
 31
0.0
  0
LINE
  5
10C6
330
17
100
AcDbEntity
  8
hatch
100
AcDbLine
 10
18.37314575050761
 20
7.099999999999998
 30
0.0
 11
18.423145750507615
 21
7.149999999999999
 31
0.0
  0
LINE
  5
10C7
330
17
100
AcDbEntity
  8
hatch
100
AcDbLine
 10
18.090303038032992
 20
7.099999999999999
 30
0.0
 11
18.14030303803299
 21
7.149999999999998
 31
0.0
  0
LINE
  5
10C8
330
17
100
AcDbEntity
  8
hatch
100
AcDbLine
 10
17.807460325558374
 20
7.099999999999999
 30
0.0
 11
17.85746032555837
 21
7.149999999999998
 31
0.0
  0
LINE
  5
10C9
330
17
100
AcDbEntity
  8
hatch
100
AcDbLine
 10
17.524617613083755
 20
7.099999999999995
 30
0.0
 11
17.574617613083756
 21
7.149999999999998
 31
0.0
  0
LINE
  5
10CA
330
17
100
AcDbEntity
  8
hatch
100
AcDbLine
 10
17.241774900609133
 20
7.099999999999998
 30
0.0
 11
17.291774900609134
 21
7.149999999999997
 31
0.0
  0
LINE
  5
10CB
330
17
100
AcDbEntity
  8
hatch
100
AcDbLine
 10
16.958932188134515
 20
7.099999999999998
 30
0.0
 11
17.00893218813452
 21
7.15
 31
0.0
  0
LINE
  5
10CC
330
17
100
AcDbEntity
  8
hatch
100
AcDbLine
 10
16.676089475659897
 20
7.099999999999998
 30
0.0
 11
16.726089475659897
 21
7.149999999999997
 31
0.0
  0
LINE
  5
10CD
330
17
100
AcDbEntity
  8
hatch
100
AcDbLine
 10
16.393246763185278
 20
7.099999999999999
 30
0.0
 11
16.44324676318528
 21
7.1499999999999995
 31
0.0
  0
LINE
  5
10CE
330
17
100
AcDbEntity
  8
hatch
100
AcDbLine
 10
16.110404050710656
 20
7.099999999999997
 30
0.0
 11
16.16040405071066
 21
7.1499999999999995
 31
0.0
  0
LINE
  5
10CF
330
17
100
AcDbEntity
  8
hatch
100
AcDbLine
 10
15.82756133823604
 20
7.099999999999998
 30
0.0
 11
15.877561338236038
 21
7.149999999999997
 31
0.0
  0
LINE
  5
10D0
330
17
100
AcDbEntity
  8
hatch
100
AcDbLine
 10
15.544718625761421
 20
7.099999999999997
 30
0.0
 11
15.594718625761423
 21
7.1499999999999995
 31
0.0
  0
LINE
  5
10D1
330
17
100
AcDbEntity
  8
hatch
100
AcDbLine
 10
15.2618759132868
 20
7.099999999999998
 30
0.0
 11
15.311875913286801
 21
7.149999999999999
 31
0.0
  0
LINE
  5
10D2
330
17
100
AcDbEntity
  8
hatch
100
AcDbLine
 10
14.979033200812182
 20
7.099999999999998
 30
0.0
 11
15.029033200812183
 21
7.149999999999999
 31
0.0
  0
LINE
  5
10D3
330
17
100
AcDbEntity
  8
hatch
100
AcDbLine
 10
14.696190488337562
 20
7.099999999999996
 30
0.0
 11
14.746190488337565
 21
7.149999999999999
 31
0.0
  0
LINE
  5
10D4
330
17
100
AcDbEntity
  8
hatch
100
AcDbLine
 10
14.413347775862944
 20
7.099999999999997
 30
0.0
 11
14.463347775862944
 21
7.149999999999998
 31
0.0
  0
LINE
  5
10D5
330
17
100
AcDbEntity
  8
hatch
100
AcDbLine
 10
14.130505063388325
 20
7.099999999999997
 30
0.0
 11
14.180505063388326
 21
7.149999999999998
 31
0.0
  0
LINE
  5
10D6
330
17
100
AcDbEntity
  8
hatch
100
AcDbLine
 10
13.847662350913707
 20
7.099999999999998
 30
0.0
 11
13.897662350913707
 21
7.149999999999999
 31
0.0
  0
LINE
  5
10D7
330
17
100
AcDbEntity
  8
hatch
100
AcDbLine
 10
13.564819638439086
 20
7.099999999999996
 30
0.0
 11
13.614819638439089
 21
7.149999999999999
 31
0.0
  0
LINE
  5
10D8
330
17
100
AcDbEntity
  8
hatch
100
AcDbLine
 10
13.281976925964468
 20
7.099999999999996
 30
0.0
 11
13.331976925964469
 21
7.149999999999999
 31
0.0
  0
LINE
  5
10D9
330
17
100
AcDbEntity
  8
hatch
100
AcDbLine
 10
12.999134213489848
 20
7.099999999999997
 30
0.0
 11
13.04913421348985
 21
7.1499999999999995
 31
0.0
  0
LINE
  5
10DA
330
17
100
AcDbEntity
  8
hatch
100
AcDbLine
 10
12.716291501015231
 20
7.099999999999998
 30
0.0
 11
12.766291501015232
 21
7.149999999999999
 31
0.0
  0
LINE
  5
10DB
330
17
100
AcDbEntity
  8
hatch
100
AcDbLine
 10
12.43344878854061
 20
7.1
 30
0.0
 11
12.483448788540612
 21
7.149999999999999
 31
0.0
  0
LINE
  5
10DC
330
17
100
AcDbEntity
  8
hatch
100
AcDbLine
 10
12.150606076065994
 20
7.1
 30
0.0
 11
12.200606076065993
 21
7.149999999999999
 31
0.0
  0
LINE
  5
10DD
330
17
100
AcDbEntity
  8
hatch
100
AcDbLine
 10
11.867763363591376
 20
7.1
 30
0.0
 11
11.917763363591375
 21
7.149999999999999
 31
0.0
  0
LINE
  5
10DE
330
17
100
AcDbEntity
  8
hatch
100
AcDbLine
 10
11.584920651116754
 20
7.099999999999998
 30
0.0
 11
11.634920651116754
 21
7.149999999999999
 31
0.0
  0
LINE
  5
10DF
330
17
100
AcDbEntity
  8
hatch
100
AcDbLine
 10
11.302077938642137
 20
7.099999999999998
 30
0.0
 11
11.352077938642138
 21
7.149999999999999
 31
0.0
  0
LINE
  5
10E0
330
17
100
AcDbEntity
  8
hatch
100
AcDbLine
 10
11.019235226167517
 20
7.099999999999999
 30
0.0
 11
11.069235226167516
 21
7.149999999999998
 31
0.0
  0
LINE
  5
10E1
330
17
100
AcDbEntity
  8
hatch
100
AcDbLine
 10
10.736392513692898
 20
7.099999999999999
 30
0.0
 11
10.786392513692897
 21
7.1499999999999995
 31
0.0
  0
LINE
  5
10E2
330
17
100
AcDbEntity
  8
hatch
100
AcDbLine
 10
10.453549801218278
 20
7.099999999999998
 30
0.0
 11
10.503549801218279
 21
7.149999999999999
 31
0.0
  0
LINE
  5
10E3
330
17
100
AcDbEntity
  8
hatch
100
AcDbLine
 10
10.17070708874366
 20
7.099999999999998
 30
0.0
 11
10.22070708874366
 21
7.149999999999999
 31
0.0
  0
LINE
  5
10E4
330
17
100
AcDbEntity
  8
hatch
100
AcDbLine
 10
9.887864376269041
 20
7.099999999999998
 30
0.0
 11
9.937864376269042
 21
7.149999999999999
 31
0.0
  0
LINE
  5
10E5
330
17
100
AcDbEntity
  8
hatch
100
AcDbLine
 10
9.605021663794421
 20
7.099999999999999
 30
0.0
 11
9.65502166379442
 21
7.1499999999999995
 31
0.0
  0
LINE
  5
10E6
330
17
100
AcDbEntity
  8
hatch
100
AcDbLine
 10
9.322178951319803
 20
7.099999999999999
 30
0.0
 11
9.372178951319803
 21
7.1499999999999995
 31
0.0
  0
LINE
  5
10E7
330
17
100
AcDbEntity
  8
hatch
100
AcDbLine
 10
9.039336238845182
 20
7.099999999999998
 30
0.0
 11
9.089336238845185
 21
7.15
 31
0.0
  0
LINE
  5
10E8
330
17
100
AcDbEntity
  8
hatch
100
AcDbLine
 10
8.756493526370564
 20
7.099999999999998
 30
0.0
 11
8.806493526370565
 21
7.1499999999999995
 31
0.0
  0
LINE
  5
10E9
330
17
100
AcDbEntity
  8
hatch
100
AcDbLine
 10
8.473650813895945
 20
7.099999999999998
 30
0.0
 11
8.523650813895946
 21
7.149999999999999
 31
0.0
  0
LINE
  5
10EA
330
17
100
AcDbEntity
  8
hatch
100
AcDbLine
 10
8.190808101421327
 20
7.1
 30
0.0
 11
8.240808101421326
 21
7.1499999999999995
 31
0.0
  0
LINE
  5
10EB
330
17
100
AcDbEntity
  8
hatch
100
AcDbLine
 10
7.9079653889467085
 20
7.099999999999999
 30
0.0
 11
7.957965388946708
 21
7.149999999999999
 31
0.0
  0
LINE
  5
10EC
330
17
100
AcDbEntity
  8
hatch
100
AcDbLine
 10
7.6251226764720865
 20
7.099999999999998
 30
0.0
 11
7.675122676472087
 21
7.1499999999999995
 31
0.0
  0
LINE
  5
10ED
330
17
100
AcDbEntity
  8
hatch
100
AcDbLine
 10
7.342279963997469
 20
7.099999999999998
 30
0.0
 11
7.392279963997471
 21
7.149999999999999
 31
0.0
  0
LINE
  5
10EE
330
17
100
AcDbEntity
  8
hatch
100
AcDbLine
 10
7.0594372515228505
 20
7.099999999999998
 30
0.0
 11
7.109437251522852
 21
7.149999999999999
 31
0.0
  0
LINE
  5
10EF
330
17
100
AcDbEntity
  8
hatch
100
AcDbLine
 10
6.776594539048231
 20
7.099999999999999
 30
0.0
 11
6.826594539048232
 21
7.149999999999999
 31
0.0
  0
LINE
  5
10F0
330
17
100
AcDbEntity
  8
hatch
100
AcDbLine
 10
6.493751826573614
 20
7.1
 30
0.0
 11
6.543751826573613
 21
7.1499999999999995
 31
0.0
  0
LINE
  5
10F1
330
17
100
AcDbEntity
  8
hatch
100
AcDbLine
 10
6.210909114098992
 20
7.099999999999998
 30
0.0
 11
6.260909114098993
 21
7.149999999999999
 31
0.0
  0
LINE
  5
10F2
330
17
100
AcDbEntity
  8
hatch
100
AcDbLine
 10
5.928066401624373
 20
7.099999999999998
 30
0.0
 11
5.978066401624375
 21
7.1499999999999995
 31
0.0
  0
LINE
  5
10F3
330
17
100
AcDbEntity
  8
hatch
100
AcDbLine
 10
5.645223689149756
 20
7.099999999999999
 30
0.0
 11
5.695223689149756
 21
7.1499999999999995
 31
0.0
  0
LINE
  5
10F4
330
17
100
AcDbEntity
  8
hatch
100
AcDbLine
 10
5.362380976675136
 20
7.1
 30
0.0
 11
5.412380976675136
 21
7.1499999999999995
 31
0.0
  0
LINE
  5
10F5
330
17
100
AcDbEntity
  8
hatch
100
AcDbLine
 10
5.079538264200519
 20
7.1
 30
0.0
 11
5.129538264200518
 21
7.149999999999999
 31
0.0
  0
LINE
  5
10F6
330
17
100
AcDbEntity
  8
hatch
100
AcDbLine
 10
4.796695551725897
 20
7.099999999999998
 30
0.0
 11
4.846695551725897
 21
7.1499999999999995
 31
0.0
  0
LINE
  5
10F7
330
17
100
AcDbEntity
  8
hatch
100
AcDbLine
 10
4.513852839251279
 20
7.099999999999998
 30
0.0
 11
4.56385283925128
 21
7.149999999999999
 31
0.0
  0
LINE
  5
10F8
330
17
100
AcDbEntity
  8
hatch
100
AcDbLine
 10
4.231010126776661
 20
7.099999999999998
 30
0.0
 11
4.281010126776662
 21
7.149999999999999
 31
0.0
  0
LINE
  5
10F9
330
17
100
AcDbEntity
  8
hatch
100
AcDbLine
 10
3.9481674143020413
 20
7.1
 30
0.0
 11
3.998167414302041
 21
7.149999999999999
 31
0.0
  0
LINE
  5
10FA
330
17
100
AcDbEntity
  8
hatch
100
AcDbLine
 10
3.665324701827423
 20
7.099999999999999
 30
0.0
 11
3.7153247018274236
 21
7.1499999999999995
 31
0.0
  0
LINE
  5
10FB
330
17
100
AcDbEntity
  8
hatch
100
AcDbLine
 10
3.3824819893528026
 20
7.1
 30
0.0
 11
3.4324819893528025
 21
7.149999999999999
 31
0.0
  0
LINE
  5
10FC
330
17
100
AcDbEntity
  8
hatch
100
AcDbLine
 10
3.099639276878184
 20
7.099999999999999
 30
0.0
 11
3.149639276878185
 21
7.1499999999999995
 31
0.0
  0
LINE
  5
10FD
330
17
100
AcDbEntity
  8
hatch
100
AcDbLine
 10
2.816796564403566
 20
7.099999999999999
 30
0.0
 11
2.866796564403567
 21
7.1499999999999995
 31
0.0
  0
LINE
  5
10FE
330
17
100
AcDbEntity
  8
hatch
100
AcDbLine
 10
2.533953851928946
 20
7.099999999999999
 30
0.0
 11
2.5839538519289467
 21
7.1499999999999995
 31
0.0
  0
LINE
  5
10FF
330
17
100
AcDbEntity
  8
hatch
100
AcDbLine
 10
2.2511111394543275
 20
7.099999999999999
 30
0.0
 11
2.301111139454328
 21
7.1499999999999995
 31
0.0
  0
LINE
  5
1100
330
17
100
AcDbEntity
  8
hatch
100
AcDbLine
 10
1.9682684269797073
 20
7.099999999999999
 30
0.0
 11
2.018268426979708
 21
7.1499999999999995
 31
0.0
  0
LINE
  5
1101
330
17
100
AcDbEntity
  8
hatch
100
AcDbLine
 10
1.6854257145050888
 20
7.099999999999999
 30
0.0
 11
1.7354257145050895
 21
7.1499999999999995
 31
0.0
  0
LINE
  5
1102
330
17
100
AcDbEntity
  8
hatch
100
AcDbLine
 10
1.4025830020304708
 20
7.1
 30
0.0
 11
1.4525830020304715
 21
7.149999999999999
 31
0.0
  0
LINE
  5
1103
330
17
100
AcDbEntity
  8
hatch
100
AcDbLine
 10
1.1197402895558533
 20
7.1
 30
0.0
 11
1.1697402895558522
 21
7.149999999999999
 31
0.0
  0
LINE
  5
1104
330
17
100
AcDbEntity
  8
hatch
100
AcDbLine
 10
0.8368975770812299
 20
7.1
 30
0.0
 11
0.8868975770812288
 21
7.149999999999999
 31
0.0
  0
LINE
  5
1105
330
17
100
AcDbEntity
  8
hatch
100
AcDbLine
 10
0.5540548646066124
 20
7.099999999999999
 30
0.0
 11
0.604054864606614
 21
7.15
 31
0.0
  0
LINE
  5
1106
330
17
100
AcDbEntity
  8
hatch
100
AcDbLine
 10
0.2712121521319939
 20
7.1
 30
0.0
 11
0.3212121521319933
 21
7.149999999999999
 31
0.0
  0
LINE
  5
1107
330
17
100
AcDbEntity
  8
hatch
100
AcDbLine
 10
-0.011630560342623664
 20
7.099999999999999
 30
0.0
 11
0.038369439657377935
 21
7.15
 31
0.0
  0
LWPOLYLINE
  5
1108
330
17
100
AcDbEntity
  8
muro-corte
100
AcDbPolyline
 90
4
 70
1
 10
-0.030000000000001137
 20
7.1
 10
24.029999999999994
 20
7.1
 10
24.029999999999994
 20
7.15
 10
-0.030000000000001137
 20
7.15
  0
LINE
  5
1109
330
17
100
AcDbEntity
  8
carpinteria
100
AcDbLine
 10
0.5399999999999977
 20
-0.45
 30
0.0
 11
0.5399999999999977
 21
6.9
 31
0.0
  0
LINE
  5
110A
330
17
100
AcDbEntity
  8
carpinteria
100
AcDbLine
 10
0.6600000000000023
 20
-0.45
 30
0.0
 11
0.6600000000000023
 21
6.9
 31
0.0
  0
LINE
  5
110B
330
17
100
AcDbEntity
  8
carpinteria
100
AcDbLine
 10
0.5399999999999977
 20
6.9
 30
0.0
 11
0.6600000000000023
 21
6.9
 31
0.0
  0
LINE
  5
110C
330
17
100
AcDbEntity
  8
carpinteria
100
AcDbLine
 10
23.339999999999996
 20
-0.45
 30
0.0
 11
23.339999999999996
 21
6.9
 31
0.0
  0
LINE
  5
110D
330
17
100
AcDbEntity
  8
carpinteria
100
AcDbLine
 10
23.45999999999999
 20
-0.45
 30
0.0
 11
23.45999999999999
 21
6.9
 31
0.0
  0
LINE
  5
110E
330
17
100
AcDbEntity
  8
carpinteria
100
AcDbLine
 10
23.339999999999996
 20
6.9
 30
0.0
 11
23.45999999999999
 21
6.9
 31
0.0
  0
TEXT
  5
110F
330
17
100
AcDbEntity
  8
texto-suave
100
AcDbText
 10
12.0
 20
6.65
 30
0.0
 40
0.18
  1
MURO DE ALBAÑILERÍA TARRAJEADO Y PINTADO
 72
1
 11
12.0
 21
6.65
 31
0.0
100
AcDbText
  0
TEXT
  5
1110
330
17
100
AcDbEntity
  8
texto-suave
100
AcDbText
 10
12.0
 20
-0.3
 30
0.0
 40
0.17
  1
SOBRECIMIENTO DE CONCRETO 1:8 + 25% P.M.
 72
1
 11
12.0
 21
-0.3
 31
0.0
100
AcDbText
  0
LINE
  5
1111
330
17
100
AcDbEntity
  8
nivel
100
AcDbLine
 10
15.850000000000001
 20
-23.5
 30
0.0
 11
14.350000000000001
 21
-23.5
 31
0.0
  0
LWPOLYLINE
  5
1112
330
17
100
AcDbEntity
  8
nivel
100
AcDbPolyline
 90
3
 70
1
 10
15.850000000000001
 20
-23.5
 10
15.715000000000002
 20
-23.417500000000004
 10
15.715000000000002
 20
-23.5825
  0
LWPOLYLINE
  5
1113
330
17
100
AcDbEntity
  8
nivel
100
AcDbPolyline
 90
3
 70
1
 10
15.850000000000001
 20
-23.5
 10
15.715000000000002
 20
-23.417500000000004
 10
15.715000000000002
 20
-23.5825
  0
LINE
  5
1114
330
17
100
AcDbEntity
  8
hatch
100
AcDbLine
 10
15.715
 20
-23.49357864376269
 30
0.0
 11
15.762221227163046
 21
-23.446357416599643
 31
0.0
  0
TEXT
  5
1115
330
17
100
AcDbEntity
  8
texto
100
AcDbText
 10
15.625
 20
-23.44
 30
0.0
 40
0.105
  1
±0,00
 72
2
100
AcDbText
  0
LINE
  5
1116
330
17
100
AcDbEntity
  8
nivel
100
AcDbLine
 10
15.850000000000001
 20
-21.875
 30
0.0
 11
14.350000000000001
 21
-21.875
 31
0.0
  0
LWPOLYLINE
  5
1117
330
17
100
AcDbEntity
  8
nivel
100
AcDbPolyline
 90
3
 70
1
 10
15.850000000000001
 20
-21.875
 10
15.715000000000002
 20
-21.792500000000004
 10
15.715000000000002
 20
-21.9575
  0
LWPOLYLINE
  5
1118
330
17
100
AcDbEntity
  8
nivel
100
AcDbPolyline
 90
3
 70
1
 10
15.850000000000001
 20
-21.875
 10
15.715000000000002
 20
-21.792500000000004
 10
15.715000000000002
 20
-21.9575
  0
LINE
  5
1119
330
17
100
AcDbEntity
  8
hatch
100
AcDbLine
 10
15.715000000000002
 20
-21.86857864376268
 30
0.0
 11
15.762221227163046
 21
-21.82135741659964
 31
0.0
  0
TEXT
  5
111A
330
17
100
AcDbEntity
  8
texto
100
AcDbText
 10
15.625
 20
-21.815
 30
0.0
 40
0.105
  1
+3,25
 72
2
100
AcDbText
  0
LINE
  5
111B
330
17
100
AcDbEntity
  8
nivel
100
AcDbLine
 10
15.850000000000001
 20
-20.400000000000002
 30
0.0
 11
14.350000000000001
 21
-20.400000000000002
 31
0.0
  0
LWPOLYLINE
  5
111C
330
17
100
AcDbEntity
  8
nivel
100
AcDbPolyline
 90
3
 70
1
 10
15.850000000000001
 20
-20.400000000000002
 10
15.715000000000002
 20
-20.317500000000003
 10
15.715000000000002
 20
-20.4825
  0
LWPOLYLINE
  5
111D
330
17
100
AcDbEntity
  8
nivel
100
AcDbPolyline
 90
3
 70
1
 10
15.850000000000001
 20
-20.400000000000002
 10
15.715000000000002
 20
-20.317500000000003
 10
15.715000000000002
 20
-20.4825
  0
LINE
  5
111E
330
17
100
AcDbEntity
  8
hatch
100
AcDbLine
 10
15.714999999999998
 20
-20.393578643762687
 30
0.0
 11
15.762221227163046
 21
-20.34635741659964
 31
0.0
  0
TEXT
  5
111F
330
17
100
AcDbEntity
  8
texto
100
AcDbText
 10
15.625
 20
-20.340000000000003
 30
0.0
 40
0.105
  1
+6,20
 72
2
100
AcDbText
  0
LINE
  5
1120
330
17
100
AcDbEntity
  8
nivel
100
AcDbLine
 10
15.850000000000001
 20
-19.925
 30
0.0
 11
14.350000000000001
 21
-19.925
 31
0.0
  0
LWPOLYLINE
  5
1121
330
17
100
AcDbEntity
  8
nivel
100
AcDbPolyline
 90
3
 70
1
 10
15.850000000000001
 20
-19.925
 10
15.715000000000002
 20
-19.8425
 10
15.715000000000002
 20
-20.0075
  0
LWPOLYLINE
  5
1122
330
17
100
AcDbEntity
  8
nivel
100
AcDbPolyline
 90
3
 70
1
 10
15.850000000000001
 20
-19.925
 10
15.715000000000002
 20
-19.8425
 10
15.715000000000002
 20
-20.0075
  0
LINE
  5
1123
330
17
100
AcDbEntity
  8
hatch
100
AcDbLine
 10
15.715
 20
-19.918578643762693
 30
0.0
 11
15.76222122716305
 21
-19.871357416599643
 31
0.0
  0
TEXT
  5
1124
330
17
100
AcDbEntity
  8
texto
100
AcDbText
 10
15.625
 20
-19.865000000000002
 30
0.0
 40
0.105
  1
+7,15
 72
2
100
AcDbText
  0
LINE
  5
1125
330
17
100
AcDbEntity
  8
nivel
100
AcDbLine
 10
15.850000000000001
 20
-19.730000000000004
 30
0.0
 11
14.350000000000001
 21
-19.730000000000004
 31
0.0
  0
LWPOLYLINE
  5
1126
330
17
100
AcDbEntity
  8
nivel
100
AcDbPolyline
 90
3
 70
1
 10
15.850000000000001
 20
-19.730000000000004
 10
15.715000000000002
 20
-19.647500000000004
 10
15.715000000000002
 20
-19.8125
  0
LWPOLYLINE
  5
1127
330
17
100
AcDbEntity
  8
nivel
100
AcDbPolyline
 90
3
 70
1
 10
15.850000000000001
 20
-19.730000000000004
 10
15.715000000000002
 20
-19.647500000000004
 10
15.715000000000002
 20
-19.8125
  0
LINE
  5
1128
330
17
100
AcDbEntity
  8
hatch
100
AcDbLine
 10
15.715000000000002
 20
-19.723578643762693
 30
0.0
 11
15.762221227163048
 21
-19.676357416599643
 31
0.0
  0
TEXT
  5
1129
330
17
100
AcDbEntity
  8
texto
100
AcDbText
 10
15.625
 20
-19.67
 30
0.0
 40
0.095
  1
ALBARDILLA
 72
2
100
AcDbText
  0
LINE
  5
112A
330
17
100
AcDbEntity
  8
nivel
100
AcDbLine
 10
28.675
 20
-23.725
 30
0.0
 11
29.975
 21
-23.725
 31
0.0
  0
LWPOLYLINE
  5
112B
330
17
100
AcDbEntity
  8
nivel
100
AcDbPolyline
 90
3
 70
1
 10
28.675
 20
-23.725
 10
28.810000000000002
 20
-23.642500000000002
 10
28.810000000000002
 20
-23.8075
  0
LWPOLYLINE
  5
112C
330
17
100
AcDbEntity
  8
nivel
100
AcDbPolyline
 90
3
 70
1
 10
28.675
 20
-23.725
 10
28.810000000000002
 20
-23.642500000000002
 10
28.810000000000002
 20
-23.8075
  0
LINE
  5
112D
330
17
100
AcDbEntity
  8
hatch
100
AcDbLine
 10
28.72222122716305
 20
-23.753857416599644
 30
0.0
 11
28.810000000000002
 21
-23.66607864376269
 31
0.0
  0
TEXT
  5
112E
330
17
100
AcDbEntity
  8
texto
100
AcDbText
 10
28.900000000000002
 20
-23.665000000000003
 30
0.0
 40
0.105
  1
NTN -0,45
100
AcDbText
  0
LINE
  5
112F
330
17
100
AcDbEntity
  8
cota
100
AcDbLine
 10
16.5
 20
-23.575000000000003
 30
0.0
 11
16.5
 21
-22.575000000000003
 31
0.0
  0
LINE
  5
1130
330
17
100
AcDbEntity
  8
cota
100
AcDbLine
 10
28.5
 20
-23.575000000000003
 30
0.0
 11
28.5
 21
-22.575000000000003
 31
0.0
  0
LINE
  5
1131
330
17
100
AcDbEntity
  8
cota
100
AcDbLine
 10
16.5
 20
-22.5
 30
0.0
 11
28.5
 21
-22.5
 31
0.0
  0
LINE
  5
1132
330
17
100
AcDbEntity
  8
cota
100
AcDbLine
 10
16.425
 20
-22.575000000000003
 30
0.0
 11
16.575
 21
-22.425
 31
0.0
  0
LINE
  5
1133
330
17
100
AcDbEntity
  8
cota
100
AcDbLine
 10
28.425
 20
-22.575000000000003
 30
0.0
 11
28.575000000000003
 21
-22.425
 31
0.0
  0
TEXT
  5
1134
330
17
100
AcDbEntity
  8
cota-texto
100
AcDbText
 10
22.5
 20
-22.445
 30
0.0
 40
0.125
  1
24,00
 72
1
 11
22.5
 21
-22.445
 31
0.0
100
AcDbText
  0
LINE
  5
1135
330
17
100
AcDbEntity
  8
cota
100
AcDbLine
 10
16.5
 20
-23.575000000000003
 30
0.0
 11
16.5
 21
-23.025000000000002
 31
0.0
  0
LINE
  5
1136
330
17
100
AcDbEntity
  8
cota
100
AcDbLine
 10
16.275000000000002
 20
-23.575000000000003
 30
0.0
 11
16.275000000000002
 21
-23.025000000000002
 31
0.0
  0
LINE
  5
1137
330
17
100
AcDbEntity
  8
cota
100
AcDbLine
 10
16.5
 20
-22.950000000000003
 30
0.0
 11
16.275000000000002
 21
-22.950000000000003
 31
0.0
  0
LINE
  5
1138
330
17
100
AcDbEntity
  8
cota
100
AcDbLine
 10
16.425
 20
-23.025000000000002
 30
0.0
 11
16.575
 21
-22.875
 31
0.0
  0
LINE
  5
1139
330
17
100
AcDbEntity
  8
cota
100
AcDbLine
 10
16.2
 20
-23.025000000000002
 30
0.0
 11
16.35
 21
-22.875
 31
0.0
  0
TEXT
  5
113A
330
17
100
AcDbEntity
  8
cota-texto
100
AcDbText
 10
16.3875
 20
-22.895
 30
0.0
 40
0.09
  1
0,45
 72
1
 11
16.3875
 21
-22.895
 31
0.0
100
AcDbText
  0
TEXT
  5
113B
330
17
100
AcDbEntity
  8
texto
100
AcDbText
 10
15.9
 20
-18.5
 30
0.0
 40
0.14
  1
FACHADA SUR  ·  PRINCIPAL
100
AcDbText
  0
LINE
  5
113C
330
17
100
AcDbEntity
  8
marco-medio
100
AcDbLine
 10
15.9
 20
-18.630000000000003
 30
0.0
 11
23.400000000000002
 21
-18.630000000000003
 31
0.0
  0
TEXT
  5
113D
330
17
100
AcDbEntity
  8
texto-suave
100
AcDbText
 10
23.400000000000002
 20
-18.5
 30
0.0
 40
0.11000000000000001
  1
E 1:100
 72
2
100
AcDbText
  0
LWPOLYLINE
  5
113E
330
17
100
AcDbEntity
  8
marco-fino
100
AcDbPolyline
 90
4
 70
1
 10
-8.00000000000001
 20
-8.00000000000001
 10
107.99999999999996
 20
-8.00000000000001
 10
107.99999999999996
 20
107.99999999999999
 10
-8.00000000000001
 20
107.99999999999999
  0
LWPOLYLINE
  5
113F
330
17
100
AcDbEntity
  8
edificio
100
AcDbPolyline
 90
4
 70
1
 10
11.999999999999977
 20
78.00000000000001
 10
47.999999999999986
 20
78.00000000000001
 10
47.999999999999986
 20
92.00000000000001
 10
11.999999999999977
 20
92.00000000000001
  0
LINE
  5
1140
330
17
100
AcDbEntity
  8
hatch
100
AcDbLine
 10
46.020101012677664
 20
78.00000000000001
 30
0.0
 11
47.999999999999986
 21
79.97989898732233
 31
0.0
  0
LINE
  5
1141
330
17
100
AcDbEntity
  8
hatch
100
AcDbLine
 10
44.04020202535533
 20
78.0
 30
0.0
 11
47.999999999999986
 21
81.95979797464466
 31
0.0
  0
LINE
  5
1142
330
17
100
AcDbEntity
  8
hatch
100
AcDbLine
 10
42.060303038032984
 20
78.0
 30
0.0
 11
47.999999999999986
 21
83.939696961967
 31
0.0
  0
LINE
  5
1143
330
17
100
AcDbEntity
  8
hatch
100
AcDbLine
 10
40.08040405071065
 20
78.0
 30
0.0
 11
47.99999999999998
 21
85.91959594928935
 31
0.0
  0
LINE
  5
1144
330
17
100
AcDbEntity
  8
hatch
100
AcDbLine
 10
38.100505063388326
 20
78.0
 30
0.0
 11
47.999999999999986
 21
87.89949493661169
 31
0.0
  0
LINE
  5
1145
330
17
100
AcDbEntity
  8
hatch
100
AcDbLine
 10
36.120606076066
 20
78.00000000000001
 30
0.0
 11
47.99999999999997
 21
89.879393923934
 31
0.0
  0
LINE
  5
1146
330
17
100
AcDbEntity
  8
hatch
100
AcDbLine
 10
34.14070708874365
 20
78.0
 30
0.0
 11
47.999999999999986
 21
91.85929291125635
 31
0.0
  0
LINE
  5
1147
330
17
100
AcDbEntity
  8
hatch
100
AcDbLine
 10
32.160808101421324
 20
78.0
 30
0.0
 11
46.160808101421324
 21
92.0
 31
0.0
  0
LINE
  5
1148
330
17
100
AcDbEntity
  8
hatch
100
AcDbLine
 10
30.180909114098984
 20
78.0
 30
0.0
 11
44.18090911409898
 21
92.0
 31
0.0
  0
LINE
  5
1149
330
17
100
AcDbEntity
  8
hatch
100
AcDbLine
 10
28.201010126776655
 20
78.0
 30
0.0
 11
42.201010126776666
 21
92.0
 31
0.0
  0
LINE
  5
114A
330
17
100
AcDbEntity
  8
hatch
100
AcDbLine
 10
26.22111113945433
 20
78.00000000000001
 30
0.0
 11
40.22111113945432
 21
92.0
 31
0.0
  0
LINE
  5
114B
330
17
100
AcDbEntity
  8
hatch
100
AcDbLine
 10
24.241212152131993
 20
78.00000000000001
 30
0.0
 11
38.241212152131986
 21
92.0
 31
0.0
  0
LINE
  5
114C
330
17
100
AcDbEntity
  8
hatch
100
AcDbLine
 10
22.261313164809657
 20
78.0
 30
0.0
 11
36.261313164809664
 21
92.0
 31
0.0
  0
LINE
  5
114D
330
17
100
AcDbEntity
  8
hatch
100
AcDbLine
 10
20.281414177487314
 20
78.0
 30
0.0
 11
34.28141417748732
 21
92.0
 31
0.0
  0
LINE
  5
114E
330
17
100
AcDbEntity
  8
hatch
100
AcDbLine
 10
18.30151519016499
 20
78.00000000000001
 30
0.0
 11
32.30151519016499
 21
92.00000000000001
 31
0.0
  0
LINE
  5
114F
330
17
100
AcDbEntity
  8
hatch
100
AcDbLine
 10
16.321616202842662
 20
78.00000000000001
 30
0.0
 11
30.321616202842655
 21
92.0
 31
0.0
  0
LINE
  5
1150
330
17
100
AcDbEntity
  8
hatch
100
AcDbLine
 10
14.341717215520333
 20
78.00000000000001
 30
0.0
 11
28.341717215520326
 21
92.0
 31
0.0
  0
LINE
  5
1151
330
17
100
AcDbEntity
  8
hatch
100
AcDbLine
 10
12.361818228197997
 20
78.0
 30
0.0
 11
26.361818228197997
 21
92.0
 31
0.0
  0
LINE
  5
1152
330
17
100
AcDbEntity
  8
hatch
100
AcDbLine
 10
11.999999999999986
 20
79.61808075912434
 30
0.0
 11
24.381919240875654
 21
92.0
 31
0.0
  0
LINE
  5
1153
330
17
100
AcDbEntity
  8
hatch
100
AcDbLine
 10
11.999999999999979
 20
81.59797974644667
 30
0.0
 11
22.40202025355333
 21
92.00000000000001
 31
0.0
  0
LINE
  5
1154
330
17
100
AcDbEntity
  8
hatch
100
AcDbLine
 10
11.999999999999979
 20
83.57787873376898
 30
0.0
 11
20.422121266230995
 21
92.0
 31
0.0
  0
LINE
  5
1155
330
17
100
AcDbEntity
  8
hatch
100
AcDbLine
 10
11.999999999999972
 20
85.55777772109133
 30
0.0
 11
18.442222278908652
 21
92.0
 31
0.0
  0
LINE
  5
1156
330
17
100
AcDbEntity
  8
hatch
100
AcDbLine
 10
11.999999999999972
 20
87.53767670841364
 30
0.0
 11
16.46232329158633
 21
92.0
 31
0.0
  0
LINE
  5
1157
330
17
100
AcDbEntity
  8
hatch
100
AcDbLine
 10
11.999999999999979
 20
89.51757569573599
 30
0.0
 11
14.482424304264
 21
92.00000000000001
 31
0.0
  0
LINE
  5
1158
330
17
100
AcDbEntity
  8
hatch
100
AcDbLine
 10
11.999999999999979
 20
91.49747468305833
 30
0.0
 11
12.502525316941657
 21
92.0
 31
0.0
  0
LWPOLYLINE
  5
1159
330
17
100
AcDbEntity
  8
marco-fino
100
AcDbPolyline
 90
4
 70
1
 10
11.999999999999977
 20
78.00000000000001
 10
47.999999999999986
 20
78.00000000000001
 10
47.999999999999986
 20
92.00000000000001
 10
11.999999999999977
 20
92.00000000000001
  0
LWPOLYLINE
  5
115A
330
17
100
AcDbEntity
  8
edificio
100
AcDbPolyline
 90
4
 70
1
 10
11.999999999999977
 20
46.00000000000001
 10
31.999999999999964
 20
46.00000000000001
 10
31.999999999999964
 20
61.999999999999986
 10
11.999999999999977
 20
61.999999999999986
  0
LINE
  5
115B
330
17
100
AcDbEntity
  8
hatch
100
AcDbLine
 10
30.02010101267763
 20
46.00000000000001
 30
0.0
 11
31.99999999999996
 21
47.979898987322336
 31
0.0
  0
LINE
  5
115C
330
17
100
AcDbEntity
  8
hatch
100
AcDbLine
 10
28.0402020253553
 20
46.00000000000001
 30
0.0
 11
31.999999999999964
 21
49.95979797464467
 31
0.0
  0
LINE
  5
115D
330
17
100
AcDbEntity
  8
hatch
100
AcDbLine
 10
26.060303038032963
 20
46.0
 30
0.0
 11
31.999999999999964
 21
51.939696961967
 31
0.0
  0
LINE
  5
115E
330
17
100
AcDbEntity
  8
hatch
100
AcDbLine
 10
24.080404050710634
 20
46.0
 30
0.0
 11
31.999999999999964
 21
53.91959594928933
 31
0.0
  0
LINE
  5
115F
330
17
100
AcDbEntity
  8
hatch
100
AcDbLine
 10
22.1005050633883
 20
46.00000000000001
 30
0.0
 11
31.99999999999996
 21
55.89949493661167
 31
0.0
  0
LINE
  5
1160
330
17
100
AcDbEntity
  8
hatch
100
AcDbLine
 10
20.12060607606596
 20
46.00000000000001
 30
0.0
 11
31.999999999999964
 21
57.879393923934
 31
0.0
  0
LINE
  5
1161
330
17
100
AcDbEntity
  8
hatch
100
AcDbLine
 10
18.140707088743632
 20
46.0
 30
0.0
 11
31.99999999999997
 21
59.85929291125635
 31
0.0
  0
LINE
  5
1162
330
17
100
AcDbEntity
  8
hatch
100
AcDbLine
 10
16.160808101421296
 20
46.00000000000001
 30
0.0
 11
31.99999999999997
 21
61.839191898578676
 31
0.0
  0
LINE
  5
1163
330
17
100
AcDbEntity
  8
hatch
100
AcDbLine
 10
14.180909114098966
 20
46.0
 30
0.0
 11
30.18090911409895
 21
61.999999999999986
 31
0.0
  0
LINE
  5
1164
330
17
100
AcDbEntity
  8
hatch
100
AcDbLine
 10
12.20101012677663
 20
46.00000000000001
 30
0.0
 11
28.201010126776616
 21
61.999999999999986
 31
0.0
  0
LINE
  5
1165
330
17
100
AcDbEntity
  8
hatch
100
AcDbLine
 10
11.999999999999979
 20
47.77888886054568
 30
0.0
 11
26.221111139454287
 21
61.999999999999986
 31
0.0
  0
LINE
  5
1166
330
17
100
AcDbEntity
  8
hatch
100
AcDbLine
 10
11.999999999999975
 20
49.75878784786801
 30
0.0
 11
24.24121215213195
 21
61.999999999999986
 31
0.0
  0
LINE
  5
1167
330
17
100
AcDbEntity
  8
hatch
100
AcDbLine
 10
11.999999999999975
 20
51.73868683519035
 30
0.0
 11
22.261313164809618
 21
61.999999999999986
 31
0.0
  0
LINE
  5
1168
330
17
100
AcDbEntity
  8
hatch
100
AcDbLine
 10
11.999999999999975
 20
53.71858582251268
 30
0.0
 11
20.28141417748729
 21
61.999999999999986
 31
0.0
  0
LINE
  5
1169
330
17
100
AcDbEntity
  8
hatch
100
AcDbLine
 10
11.999999999999972
 20
55.69848480983501
 30
0.0
 11
18.30151519016495
 21
61.999999999999986
 31
0.0
  0
LINE
  5
116A
330
17
100
AcDbEntity
  8
hatch
100
AcDbLine
 10
11.999999999999979
 20
57.67838379715734
 30
0.0
 11
16.32161620284262
 21
61.999999999999986
 31
0.0
  0
LINE
  5
116B
330
17
100
AcDbEntity
  8
hatch
100
AcDbLine
 10
11.999999999999972
 20
59.65828278447968
 30
0.0
 11
14.341717215520276
 21
61.999999999999986
 31
0.0
  0
LINE
  5
116C
330
17
100
AcDbEntity
  8
hatch
100
AcDbLine
 10
11.999999999999979
 20
61.63818177180201
 30
0.0
 11
12.361818228197947
 21
61.999999999999986
 31
0.0
  0
LWPOLYLINE
  5
116D
330
17
100
AcDbEntity
  8
marco-fino
100
AcDbPolyline
 90
4
 70
1
 10
11.999999999999977
 20
46.00000000000001
 10
31.999999999999964
 20
46.00000000000001
 10
31.999999999999964
 20
61.999999999999986
 10
11.999999999999977
 20
61.999999999999986
  0
LWPOLYLINE
  5
116E
330
17
100
AcDbEntity
  8
edificio
100
AcDbPolyline
 90
4
 70
1
 10
52.000000000000036
 20
44.0
 10
75.99999999999999
 20
44.0
 10
75.99999999999999
 20
53.59999999999999
 10
52.000000000000036
 20
53.59999999999999
  0
LINE
  5
116F
330
17
100
AcDbEntity
  8
hatch
100
AcDbLine
 10
74.02010101267766
 20
44.0
 30
0.0
 11
75.99999999999999
 21
45.97989898732233
 31
0.0
  0
LINE
  5
1170
330
17
100
AcDbEntity
  8
hatch
100
AcDbLine
 10
72.04020202535531
 20
44.0
 30
0.0
 11
75.99999999999999
 21
47.95979797464466
 31
0.0
  0
LINE
  5
1171
330
17
100
AcDbEntity
  8
hatch
100
AcDbLine
 10
70.06030303803298
 20
43.99999999999999
 30
0.0
 11
75.99999999999999
 21
49.939696961966995
 31
0.0
  0
LINE
  5
1172
330
17
100
AcDbEntity
  8
hatch
100
AcDbLine
 10
68.08040405071064
 20
43.99999999999999
 30
0.0
 11
75.99999999999999
 21
51.91959594928934
 31
0.0
  0
LINE
  5
1173
330
17
100
AcDbEntity
  8
hatch
100
AcDbLine
 10
66.10050506338831
 20
44.0
 30
0.0
 11
75.7005050633883
 21
53.599999999999994
 31
0.0
  0
LINE
  5
1174
330
17
100
AcDbEntity
  8
hatch
100
AcDbLine
 10
64.120606076066
 20
44.0
 30
0.0
 11
73.72060607606598
 21
53.599999999999994
 31
0.0
  0
LINE
  5
1175
330
17
100
AcDbEntity
  8
hatch
100
AcDbLine
 10
62.14070708874365
 20
44.0
 30
0.0
 11
71.74070708874365
 21
53.59999999999999
 31
0.0
  0
LINE
  5
1176
330
17
100
AcDbEntity
  8
hatch
100
AcDbLine
 10
60.16080810142132
 20
44.0
 30
0.0
 11
69.76080810142132
 21
53.6
 31
0.0
  0
LINE
  5
1177
330
17
100
AcDbEntity
  8
hatch
100
AcDbLine
 10
58.18090911409899
 20
44.0
 30
0.0
 11
67.78090911409898
 21
53.599999999999994
 31
0.0
  0
LINE
  5
1178
330
17
100
AcDbEntity
  8
hatch
100
AcDbLine
 10
56.20101012677665
 20
44.0
 30
0.0
 11
65.80101012677665
 21
53.59999999999999
 31
0.0
  0
LINE
  5
1179
330
17
100
AcDbEntity
  8
hatch
100
AcDbLine
 10
54.22111113945432
 20
44.0
 30
0.0
 11
63.82111113945432
 21
53.599999999999994
 31
0.0
  0
LINE
  5
117A
330
17
100
AcDbEntity
  8
hatch
100
AcDbLine
 10
52.241212152131986
 20
44.0
 30
0.0
 11
61.84121215213199
 21
53.6
 31
0.0
  0
LINE
  5
117B
330
17
100
AcDbEntity
  8
hatch
100
AcDbLine
 10
52.000000000000036
 20
45.73868683519038
 30
0.0
 11
59.86131316480966
 21
53.599999999999994
 31
0.0
  0
LINE
  5
117C
330
17
100
AcDbEntity
  8
hatch
100
AcDbLine
 10
52.00000000000003
 20
47.7185858225127
 30
0.0
 11
57.88141417748732
 21
53.59999999999999
 31
0.0
  0
LINE
  5
117D
330
17
100
AcDbEntity
  8
hatch
100
AcDbLine
 10
52.00000000000003
 20
49.698484809835044
 30
0.0
 11
55.90151519016498
 21
53.599999999999994
 31
0.0
  0
LINE
  5
117E
330
17
100
AcDbEntity
  8
hatch
100
AcDbLine
 10
52.000000000000036
 20
51.67838379715738
 30
0.0
 11
53.92161620284265
 21
53.599999999999994
 31
0.0
  0
LWPOLYLINE
  5
117F
330
17
100
AcDbEntity
  8
marco-fino
100
AcDbPolyline
 90
4
 70
1
 10
52.000000000000036
 20
44.0
 10
75.99999999999999
 20
44.0
 10
75.99999999999999
 20
53.59999999999999
 10
52.000000000000036
 20
53.59999999999999
  0
LWPOLYLINE
  5
1180
330
17
100
AcDbEntity
  8
edificio
100
AcDbPolyline
 90
4
 70
1
 10
11.999999999999977
 20
14.0
 10
33.999999999999986
 20
14.0
 10
33.999999999999986
 20
30.00000000000002
 10
11.999999999999977
 20
30.00000000000002
  0
LINE
  5
1181
330
17
100
AcDbEntity
  8
hatch
100
AcDbLine
 10
32.02010101267766
 20
14.0
 30
0.0
 11
33.999999999999986
 21
15.979898987322333
 31
0.0
  0
LINE
  5
1182
330
17
100
AcDbEntity
  8
hatch
100
AcDbLine
 10
30.04020202535532
 20
14.0
 30
0.0
 11
33.999999999999986
 21
17.959797974644662
 31
0.0
  0
LINE
  5
1183
330
17
100
AcDbEntity
  8
hatch
100
AcDbLine
 10
28.060303038032988
 20
14.0
 30
0.0
 11
33.999999999999986
 21
19.939696961966995
 31
0.0
  0
LINE
  5
1184
330
17
100
AcDbEntity
  8
hatch
100
AcDbLine
 10
26.08040405071065
 20
13.999999999999998
 30
0.0
 11
33.999999999999986
 21
21.91959594928933
 31
0.0
  0
LINE
  5
1185
330
17
100
AcDbEntity
  8
hatch
100
AcDbLine
 10
24.100505063388322
 20
14.0
 30
0.0
 11
33.999999999999986
 21
23.899494936611664
 31
0.0
  0
LINE
  5
1186
330
17
100
AcDbEntity
  8
hatch
100
AcDbLine
 10
22.12060607606599
 20
14.0
 30
0.0
 11
33.999999999999986
 21
25.879393923933993
 31
0.0
  0
LINE
  5
1187
330
17
100
AcDbEntity
  8
hatch
100
AcDbLine
 10
20.140707088743657
 20
14.0
 30
0.0
 11
33.999999999999986
 21
27.859292911256325
 31
0.0
  0
LINE
  5
1188
330
17
100
AcDbEntity
  8
hatch
100
AcDbLine
 10
18.16080810142132
 20
13.999999999999998
 30
0.0
 11
33.999999999999986
 21
29.83919189857866
 31
0.0
  0
LINE
  5
1189
330
17
100
AcDbEntity
  8
hatch
100
AcDbLine
 10
16.180909114098988
 20
14.0
 30
0.0
 11
32.18090911409901
 21
30.00000000000002
 31
0.0
  0
LINE
  5
118A
330
17
100
AcDbEntity
  8
hatch
100
AcDbLine
 10
14.201010126776655
 20
14.0
 30
0.0
 11
30.201010126776673
 21
30.000000000000018
 31
0.0
  0
LINE
  5
118B
330
17
100
AcDbEntity
  8
hatch
100
AcDbLine
 10
12.221111139454324
 20
14.0
 30
0.0
 11
28.221111139454344
 21
30.000000000000018
 31
0.0
  0
LINE
  5
118C
330
17
100
AcDbEntity
  8
hatch
100
AcDbLine
 10
11.999999999999979
 20
15.758787847867985
 30
0.0
 11
26.241212152132015
 21
30.000000000000018
 31
0.0
  0
LINE
  5
118D
330
17
100
AcDbEntity
  8
hatch
100
AcDbLine
 10
11.999999999999975
 20
17.738686835190318
 30
0.0
 11
24.26131316480968
 21
30.000000000000018
 31
0.0
  0
LINE
  5
118E
330
17
100
AcDbEntity
  8
hatch
100
AcDbLine
 10
11.999999999999979
 20
19.718585822512654
 30
0.0
 11
22.28141417748735
 21
30.00000000000002
 31
0.0
  0
LINE
  5
118F
330
17
100
AcDbEntity
  8
hatch
100
AcDbLine
 10
11.99999999999998
 20
21.69848480983499
 30
0.0
 11
20.301515190165006
 21
30.000000000000018
 31
0.0
  0
LINE
  5
1190
330
17
100
AcDbEntity
  8
hatch
100
AcDbLine
 10
11.999999999999979
 20
23.67838379715732
 30
0.0
 11
18.321616202842677
 21
30.000000000000018
 31
0.0
  0
LINE
  5
1191
330
17
100
AcDbEntity
  8
hatch
100
AcDbLine
 10
11.999999999999979
 20
25.65828278447965
 30
0.0
 11
16.341717215520347
 21
30.000000000000018
 31
0.0
  0
LINE
  5
1192
330
17
100
AcDbEntity
  8
hatch
100
AcDbLine
 10
11.999999999999979
 20
27.638181771801985
 30
0.0
 11
14.361818228198015
 21
30.00000000000002
 31
0.0
  0
LINE
  5
1193
330
17
100
AcDbEntity
  8
hatch
100
AcDbLine
 10
11.999999999999979
 20
29.618080759124318
 30
0.0
 11
12.381919240875682
 21
30.00000000000002
 31
0.0
  0
LWPOLYLINE
  5
1194
330
17
100
AcDbEntity
  8
marco-fino
100
AcDbPolyline
 90
4
 70
1
 10
11.999999999999977
 20
14.0
 10
33.999999999999986
 20
14.0
 10
33.999999999999986
 20
30.00000000000002
 10
11.999999999999977
 20
30.00000000000002
  0
LWPOLYLINE
  5
1195
330
17
100
AcDbEntity
  8
edificio
100
AcDbPolyline
 90
4
 70
1
 10
39.99999999999998
 20
14.0
 10
53.99999999999998
 20
14.0
 10
53.99999999999998
 20
23.999999999999993
 10
39.99999999999998
 20
23.999999999999993
  0
LINE
  5
1196
330
17
100
AcDbEntity
  8
hatch
100
AcDbLine
 10
52.02010101267764
 20
14.000000000000007
 30
0.0
 11
53.999999999999986
 21
15.979898987322336
 31
0.0
  0
LINE
  5
1197
330
17
100
AcDbEntity
  8
hatch
100
AcDbLine
 10
50.040202025355306
 20
14.000000000000004
 30
0.0
 11
53.99999999999998
 21
17.95979797464467
 31
0.0
  0
LINE
  5
1198
330
17
100
AcDbEntity
  8
hatch
100
AcDbLine
 10
48.06030303803298
 20
14.0
 30
0.0
 11
53.999999999999986
 21
19.939696961967005
 31
0.0
  0
LINE
  5
1199
330
17
100
AcDbEntity
  8
hatch
100
AcDbLine
 10
46.08040405071064
 20
13.999999999999996
 30
0.0
 11
53.999999999999986
 21
21.919595949289338
 31
0.0
  0
LINE
  5
119A
330
17
100
AcDbEntity
  8
hatch
100
AcDbLine
 10
44.10050506338831
 20
13.999999999999998
 30
0.0
 11
53.999999999999986
 21
23.899494936611667
 31
0.0
  0
LINE
  5
119B
330
17
100
AcDbEntity
  8
hatch
100
AcDbLine
 10
42.120606076065975
 20
13.999999999999996
 30
0.0
 11
52.120606076065975
 21
23.999999999999996
 31
0.0
  0
LINE
  5
119C
330
17
100
AcDbEntity
  8
hatch
100
AcDbLine
 10
40.140707088743646
 20
13.999999999999993
 30
0.0
 11
50.14070708874364
 21
23.999999999999996
 31
0.0
  0
LINE
  5
119D
330
17
100
AcDbEntity
  8
hatch
100
AcDbLine
 10
39.99999999999998
 20
15.839191898578669
 30
0.0
 11
48.16080810142131
 21
23.999999999999993
 31
0.0
  0
LINE
  5
119E
330
17
100
AcDbEntity
  8
hatch
100
AcDbLine
 10
39.99999999999998
 20
17.819090885900998
 30
0.0
 11
46.18090911409897
 21
23.999999999999993
 31
0.0
  0
LINE
  5
119F
330
17
100
AcDbEntity
  8
hatch
100
AcDbLine
 10
39.99999999999997
 20
19.798989873223334
 30
0.0
 11
44.20101012677664
 21
24.0
 31
0.0
  0
LINE
  5
11A0
330
17
100
AcDbEntity
  8
hatch
100
AcDbLine
 10
39.99999999999998
 20
21.778888860545663
 30
0.0
 11
42.2211111394543
 21
23.999999999999993
 31
0.0
  0
LINE
  5
11A1
330
17
100
AcDbEntity
  8
hatch
100
AcDbLine
 10
39.99999999999998
 20
23.758787847867996
 30
0.0
 11
40.24121215213198
 21
23.999999999999993
 31
0.0
  0
LWPOLYLINE
  5
11A2
330
17
100
AcDbEntity
  8
marco-fino
100
AcDbPolyline
 90
4
 70
1
 10
39.99999999999998
 20
14.0
 10
53.99999999999998
 20
14.0
 10
53.99999999999998
 20
23.999999999999993
 10
39.99999999999998
 20
23.999999999999993
  0
LWPOLYLINE
  5
11A3
330
17
100
AcDbEntity
  8
edificio
100
AcDbPolyline
 90
4
 70
1
 10
58.00000000000002
 20
14.0
 10
67.99999999999997
 20
14.0
 10
67.99999999999997
 20
22.00000000000001
 10
58.00000000000002
 20
22.00000000000001
  0
LINE
  5
11A4
330
17
100
AcDbEntity
  8
hatch
100
AcDbLine
 10
66.02010101267764
 20
14.000000000000004
 30
0.0
 11
67.99999999999997
 21
15.979898987322333
 31
0.0
  0
LINE
  5
11A5
330
17
100
AcDbEntity
  8
hatch
100
AcDbLine
 10
64.04020202535531
 20
14.000000000000004
 30
0.0
 11
67.99999999999997
 21
17.959797974644662
 31
0.0
  0
LINE
  5
11A6
330
17
100
AcDbEntity
  8
hatch
100
AcDbLine
 10
62.06030303803298
 20
13.999999999999996
 30
0.0
 11
67.99999999999997
 21
19.93969696196699
 31
0.0
  0
LINE
  5
11A7
330
17
100
AcDbEntity
  8
hatch
100
AcDbLine
 10
60.080404050710634
 20
13.999999999999996
 30
0.0
 11
67.99999999999997
 21
21.919595949289327
 31
0.0
  0
LINE
  5
11A8
330
17
100
AcDbEntity
  8
hatch
100
AcDbLine
 10
58.100505063388304
 20
13.999999999999996
 30
0.0
 11
66.10050506338831
 21
22.00000000000001
 31
0.0
  0
LINE
  5
11A9
330
17
100
AcDbEntity
  8
hatch
100
AcDbLine
 10
58.000000000000014
 20
15.879393923934046
 30
0.0
 11
64.12060607606598
 21
22.000000000000014
 31
0.0
  0
LINE
  5
11AA
330
17
100
AcDbEntity
  8
hatch
100
AcDbLine
 10
58.000000000000014
 20
17.859292911256375
 30
0.0
 11
62.14070708874365
 21
22.000000000000014
 31
0.0
  0
LINE
  5
11AB
330
17
100
AcDbEntity
  8
hatch
100
AcDbLine
 10
58.00000000000002
 20
19.839191898578715
 30
0.0
 11
60.16080810142132
 21
22.00000000000001
 31
0.0
  0
LINE
  5
11AC
330
17
100
AcDbEntity
  8
hatch
100
AcDbLine
 10
58.000000000000014
 20
21.819090885901048
 30
0.0
 11
58.18090911409898
 21
22.000000000000014
 31
0.0
  0
LWPOLYLINE
  5
11AD
330
17
100
AcDbEntity
  8
marco-fino
100
AcDbPolyline
 90
4
 70
1
 10
58.00000000000002
 20
14.0
 10
67.99999999999997
 20
14.0
 10
67.99999999999997
 20
22.00000000000001
 10
58.00000000000002
 20
22.00000000000001
  0
LWPOLYLINE
  5
11AE
330
17
100
AcDbEntity
  8
edificio
100
AcDbPolyline
 90
4
 70
1
 10
44.00000000000002
 20
1.999999999999983
 10
52.000000000000036
 20
1.999999999999983
 10
52.000000000000036
 20
8.00000000000001
 10
44.00000000000002
 20
8.00000000000001
  0
LINE
  5
11AF
330
17
100
AcDbEntity
  8
hatch
100
AcDbLine
 10
50.0201010126777
 20
1.9999999999999858
 30
0.0
 11
52.00000000000003
 21
3.9798989873223185
 31
0.0
  0
LINE
  5
11B0
330
17
100
AcDbEntity
  8
hatch
100
AcDbLine
 10
48.04020202535537
 20
1.9999999999999822
 30
0.0
 11
52.00000000000003
 21
5.959797974644648
 31
0.0
  0
LINE
  5
11B1
330
17
100
AcDbEntity
  8
hatch
100
AcDbLine
 10
46.060303038033034
 20
1.9999999999999858
 30
0.0
 11
52.00000000000003
 21
7.93969696196698
 31
0.0
  0
LINE
  5
11B2
330
17
100
AcDbEntity
  8
hatch
100
AcDbLine
 10
44.0804040507107
 20
1.9999999999999822
 30
0.0
 11
50.080404050710726
 21
8.00000000000001
 31
0.0
  0
LINE
  5
11B3
330
17
100
AcDbEntity
  8
hatch
100
AcDbLine
 10
44.00000000000003
 20
3.8994949366116423
 30
0.0
 11
48.1005050633884
 21
8.00000000000001
 31
0.0
  0
LINE
  5
11B4
330
17
100
AcDbEntity
  8
hatch
100
AcDbLine
 10
44.00000000000002
 20
5.879393923933975
 30
0.0
 11
46.12060607606605
 21
8.00000000000001
 31
0.0
  0
LINE
  5
11B5
330
17
100
AcDbEntity
  8
hatch
100
AcDbLine
 10
44.00000000000003
 20
7.859292911256304
 30
0.0
 11
44.140707088743724
 21
8.00000000000001
 31
0.0
  0
LWPOLYLINE
  5
11B6
330
17
100
AcDbEntity
  8
marco-fino
100
AcDbPolyline
 90
4
 70
1
 10
44.00000000000002
 20
1.999999999999983
 10
52.000000000000036
 20
1.999999999999983
 10
52.000000000000036
 20
8.00000000000001
 10
44.00000000000002
 20
8.00000000000001
  0
LWPOLYLINE
  5
11B7
330
17
100
AcDbEntity
  8
destacado
100
AcDbPolyline
 90
4
 70
1
 10
52.000000000000036
 20
44.0
 10
75.99999999999999
 20
44.0
 10
75.99999999999999
 20
53.59999999999999
 10
52.000000000000036
 20
53.59999999999999
  0
LINE
  5
11B8
330
17
100
AcDbEntity
  8
hatch
100
AcDbLine
 10
74.02010101267766
 20
44.0
 30
0.0
 11
75.99999999999999
 21
45.97989898732233
 31
0.0
  0
LINE
  5
11B9
330
17
100
AcDbEntity
  8
hatch
100
AcDbLine
 10
72.04020202535531
 20
44.0
 30
0.0
 11
75.99999999999999
 21
47.95979797464466
 31
0.0
  0
LINE
  5
11BA
330
17
100
AcDbEntity
  8
hatch
100
AcDbLine
 10
70.06030303803298
 20
43.99999999999999
 30
0.0
 11
75.99999999999999
 21
49.939696961966995
 31
0.0
  0
LINE
  5
11BB
330
17
100
AcDbEntity
  8
hatch
100
AcDbLine
 10
68.08040405071064
 20
43.99999999999999
 30
0.0
 11
75.99999999999999
 21
51.91959594928934
 31
0.0
  0
LINE
  5
11BC
330
17
100
AcDbEntity
  8
hatch
100
AcDbLine
 10
66.10050506338831
 20
44.0
 30
0.0
 11
75.7005050633883
 21
53.599999999999994
 31
0.0
  0
LINE
  5
11BD
330
17
100
AcDbEntity
  8
hatch
100
AcDbLine
 10
64.120606076066
 20
44.0
 30
0.0
 11
73.72060607606598
 21
53.599999999999994
 31
0.0
  0
LINE
  5
11BE
330
17
100
AcDbEntity
  8
hatch
100
AcDbLine
 10
62.14070708874365
 20
44.0
 30
0.0
 11
71.74070708874365
 21
53.59999999999999
 31
0.0
  0
LINE
  5
11BF
330
17
100
AcDbEntity
  8
hatch
100
AcDbLine
 10
60.16080810142132
 20
44.0
 30
0.0
 11
69.76080810142132
 21
53.6
 31
0.0
  0
LINE
  5
11C0
330
17
100
AcDbEntity
  8
hatch
100
AcDbLine
 10
58.18090911409899
 20
44.0
 30
0.0
 11
67.78090911409898
 21
53.599999999999994
 31
0.0
  0
LINE
  5
11C1
330
17
100
AcDbEntity
  8
hatch
100
AcDbLine
 10
56.20101012677665
 20
44.0
 30
0.0
 11
65.80101012677665
 21
53.59999999999999
 31
0.0
  0
LINE
  5
11C2
330
17
100
AcDbEntity
  8
hatch
100
AcDbLine
 10
54.22111113945432
 20
44.0
 30
0.0
 11
63.82111113945432
 21
53.599999999999994
 31
0.0
  0
LINE
  5
11C3
330
17
100
AcDbEntity
  8
hatch
100
AcDbLine
 10
52.241212152131986
 20
44.0
 30
0.0
 11
61.84121215213199
 21
53.6
 31
0.0
  0
LINE
  5
11C4
330
17
100
AcDbEntity
  8
hatch
100
AcDbLine
 10
52.000000000000036
 20
45.73868683519038
 30
0.0
 11
59.86131316480966
 21
53.599999999999994
 31
0.0
  0
LINE
  5
11C5
330
17
100
AcDbEntity
  8
hatch
100
AcDbLine
 10
52.00000000000003
 20
47.7185858225127
 30
0.0
 11
57.88141417748732
 21
53.59999999999999
 31
0.0
  0
LINE
  5
11C6
330
17
100
AcDbEntity
  8
hatch
100
AcDbLine
 10
52.00000000000003
 20
49.698484809835044
 30
0.0
 11
55.90151519016498
 21
53.599999999999994
 31
0.0
  0
LINE
  5
11C7
330
17
100
AcDbEntity
  8
hatch
100
AcDbLine
 10
52.000000000000036
 20
51.67838379715738
 30
0.0
 11
53.92161620284265
 21
53.599999999999994
 31
0.0
  0
LWPOLYLINE
  5
11C8
330
17
100
AcDbEntity
  8
marco-medio
100
AcDbPolyline
 90
4
 70
1
 10
52.000000000000036
 20
44.0
 10
75.99999999999999
 20
44.0
 10
75.99999999999999
 20
53.59999999999999
 10
52.000000000000036
 20
53.59999999999999
  0
LINE
  5
11C9
330
17
100
AcDbEntity
  8
hatch
100
AcDbLine
 10
75.43431457505075
 20
44.0
 30
0.0
 11
75.99999999999999
 21
44.56568542494923
 31
0.0
  0
LINE
  5
11CA
330
17
100
AcDbEntity
  8
hatch
100
AcDbLine
 10
74.86862915010153
 20
44.0
 30
0.0
 11
75.99999999999999
 21
45.13137084989848
 31
0.0
  0
LINE
  5
11CB
330
17
100
AcDbEntity
  8
hatch
100
AcDbLine
 10
74.30294372515229
 20
44.0
 30
0.0
 11
75.99999999999999
 21
45.69705627484772
 31
0.0
  0
LINE
  5
11CC
330
17
100
AcDbEntity
  8
hatch
100
AcDbLine
 10
73.73725830020307
 20
44.0
 30
0.0
 11
75.99999999999999
 21
46.26274169979695
 31
0.0
  0
LINE
  5
11CD
330
17
100
AcDbEntity
  8
hatch
100
AcDbLine
 10
73.17157287525383
 20
44.0
 30
0.0
 11
75.99999999999999
 21
46.82842712474618
 31
0.0
  0
LINE
  5
11CE
330
17
100
AcDbEntity
  8
hatch
100
AcDbLine
 10
72.60588745030452
 20
44.0
 30
0.0
 11
75.99999999999999
 21
47.39411254969541
 31
0.0
  0
LINE
  5
11CF
330
17
100
AcDbEntity
  8
hatch
100
AcDbLine
 10
72.04020202535537
 20
44.0
 30
0.0
 11
75.99999999999999
 21
47.95979797464468
 31
0.0
  0
LINE
  5
11D0
330
17
100
AcDbEntity
  8
hatch
100
AcDbLine
 10
71.47451660040606
 20
44.0
 30
0.0
 11
75.99999999999999
 21
48.52548339959389
 31
0.0
  0
LINE
  5
11D1
330
17
100
AcDbEntity
  8
hatch
100
AcDbLine
 10
70.90883117545691
 20
44.0
 30
0.0
 11
75.99999999999999
 21
49.09116882454314
 31
0.0
  0
LINE
  5
11D2
330
17
100
AcDbEntity
  8
hatch
100
AcDbLine
 10
70.34314575050759
 20
44.0
 30
0.0
 11
75.99999999999999
 21
49.656854249492376
 31
0.0
  0
LINE
  5
11D3
330
17
100
AcDbEntity
  8
hatch
100
AcDbLine
 10
69.77746032555837
 20
44.0
 30
0.0
 11
75.99999999999999
 21
50.22253967444163
 31
0.0
  0
LINE
  5
11D4
330
17
100
AcDbEntity
  8
hatch
100
AcDbLine
 10
69.21177490060913
 20
44.0
 30
0.0
 11
75.99999999999999
 21
50.78822509939086
 31
0.0
  0
LINE
  5
11D5
330
17
100
AcDbEntity
  8
hatch
100
AcDbLine
 10
68.6460894756599
 20
44.0
 30
0.0
 11
75.99999999999999
 21
51.35391052434009
 31
0.0
  0
LINE
  5
11D6
330
17
100
AcDbEntity
  8
hatch
100
AcDbLine
 10
68.08040405071067
 20
44.0
 30
0.0
 11
75.99999999999999
 21
51.91959594928934
 31
0.0
  0
LINE
  5
11D7
330
17
100
AcDbEntity
  8
hatch
100
AcDbLine
 10
67.51471862576143
 20
44.0
 30
0.0
 11
75.99999999999999
 21
52.48528137423857
 31
0.0
  0
LINE
  5
11D8
330
17
100
AcDbEntity
  8
hatch
100
AcDbLine
 10
66.94903320081221
 20
44.0
 30
0.0
 11
75.99999999999999
 21
53.0509667991878
 31
0.0
  0
LINE
  5
11D9
330
17
100
AcDbEntity
  8
hatch
100
AcDbLine
 10
66.38334777586297
 20
44.0
 30
0.0
 11
75.98334777586294
 21
53.59999999999999
 31
0.0
  0
LINE
  5
11DA
330
17
100
AcDbEntity
  8
hatch
100
AcDbLine
 10
65.81766235091375
 20
44.0
 30
0.0
 11
75.41766235091372
 21
53.59999999999999
 31
0.0
  0
LINE
  5
11DB
330
17
100
AcDbEntity
  8
hatch
100
AcDbLine
 10
65.25197692596451
 20
44.00000000000002
 30
0.0
 11
74.85197692596448
 21
53.59999999999999
 31
0.0
  0
LINE
  5
11DC
330
17
100
AcDbEntity
  8
hatch
100
AcDbLine
 10
64.6862915010152
 20
44.0
 30
0.0
 11
74.28629150101524
 21
53.59999999999999
 31
0.0
  0
LINE
  5
11DD
330
17
100
AcDbEntity
  8
hatch
100
AcDbLine
 10
64.12060607606597
 20
44.0
 30
0.0
 11
73.72060607606602
 21
53.59999999999999
 31
0.0
  0
LINE
  5
11DE
330
17
100
AcDbEntity
  8
hatch
100
AcDbLine
 10
63.55492065111674
 20
44.0
 30
0.0
 11
73.15492065111678
 21
53.59999999999999
 31
0.0
  0
LINE
  5
11DF
330
17
100
AcDbEntity
  8
hatch
100
AcDbLine
 10
62.98923522616751
 20
44.0
 30
0.0
 11
72.58923522616756
 21
53.59999999999999
 31
0.0
  0
LINE
  5
11E0
330
17
100
AcDbEntity
  8
hatch
100
AcDbLine
 10
62.42354980121828
 20
44.0
 30
0.0
 11
72.02354980121824
 21
53.59999999999999
 31
0.0
  0
LINE
  5
11E1
330
17
100
AcDbEntity
  8
hatch
100
AcDbLine
 10
61.85786437626905
 20
44.0
 30
0.0
 11
71.45786437626901
 21
53.59999999999999
 31
0.0
  0
LINE
  5
11E2
330
17
100
AcDbEntity
  8
hatch
100
AcDbLine
 10
61.29217895131982
 20
44.0
 30
0.0
 11
70.89217895131978
 21
53.59999999999999
 31
0.0
  0
LINE
  5
11E3
330
17
100
AcDbEntity
  8
hatch
100
AcDbLine
 10
60.72649352637058
 20
44.0
 30
0.0
 11
70.32649352637056
 21
53.59999999999999
 31
0.0
  0
LINE
  5
11E4
330
17
100
AcDbEntity
  8
hatch
100
AcDbLine
 10
60.16080810142135
 20
44.0
 30
0.0
 11
69.76080810142132
 21
53.59999999999999
 31
0.0
  0
LINE
  5
11E5
330
17
100
AcDbEntity
  8
hatch
100
AcDbLine
 10
59.59512267647212
 20
44.0
 30
0.0
 11
69.19512267647208
 21
53.59999999999999
 31
0.0
  0
LINE
  5
11E6
330
17
100
AcDbEntity
  8
hatch
100
AcDbLine
 10
59.02943725152289
 20
44.0
 30
0.0
 11
68.62943725152286
 21
53.59999999999999
 31
0.0
  0
LINE
  5
11E7
330
17
100
AcDbEntity
  8
hatch
100
AcDbLine
 10
58.46375182657358
 20
44.0
 30
0.0
 11
68.06375182657362
 21
53.59999999999999
 31
0.0
  0
LINE
  5
11E8
330
17
100
AcDbEntity
  8
hatch
100
AcDbLine
 10
57.89806640162435
 20
44.0
 30
0.0
 11
67.4980664016244
 21
53.59999999999999
 31
0.0
  0
LINE
  5
11E9
330
17
100
AcDbEntity
  8
hatch
100
AcDbLine
 10
57.33238097667512
 20
44.0
 30
0.0
 11
66.93238097667516
 21
53.59999999999999
 31
0.0
  0
LINE
  5
11EA
330
17
100
AcDbEntity
  8
hatch
100
AcDbLine
 10
56.76669555172589
 20
44.00000000000002
 30
0.0
 11
66.36669555172593
 21
53.59999999999999
 31
0.0
  0
LINE
  5
11EB
330
17
100
AcDbEntity
  8
hatch
100
AcDbLine
 10
56.20101012677666
 20
44.0
 30
0.0
 11
65.80101012677662
 21
53.59999999999999
 31
0.0
  0
LINE
  5
11EC
330
17
100
AcDbEntity
  8
hatch
100
AcDbLine
 10
55.63532470182742
 20
44.0
 30
0.0
 11
65.2353247018274
 21
53.59999999999999
 31
0.0
  0
LINE
  5
11ED
330
17
100
AcDbEntity
  8
hatch
100
AcDbLine
 10
55.06963927687819
 20
44.0
 30
0.0
 11
64.66963927687816
 21
53.59999999999999
 31
0.0
  0
LINE
  5
11EE
330
17
100
AcDbEntity
  8
hatch
100
AcDbLine
 10
54.50395385192896
 20
44.0
 30
0.0
 11
64.10395385192892
 21
53.59999999999999
 31
0.0
  0
LINE
  5
11EF
330
17
100
AcDbEntity
  8
hatch
100
AcDbLine
 10
53.93826842697973
 20
44.0
 30
0.0
 11
63.5382684269797
 21
53.59999999999999
 31
0.0
  0
LINE
  5
11F0
330
17
100
AcDbEntity
  8
hatch
100
AcDbLine
 10
53.3725830020305
 20
44.0
 30
0.0
 11
62.97258300203047
 21
53.59999999999999
 31
0.0
  0
LINE
  5
11F1
330
17
100
AcDbEntity
  8
hatch
100
AcDbLine
 10
52.806897577081266
 20
44.0
 30
0.0
 11
62.40689757708123
 21
53.59999999999999
 31
0.0
  0
LINE
  5
11F2
330
17
100
AcDbEntity
  8
hatch
100
AcDbLine
 10
52.241212152132036
 20
44.0
 30
0.0
 11
61.841212152132
 21
53.59999999999999
 31
0.0
  0
LINE
  5
11F3
330
17
100
AcDbEntity
  8
hatch
100
AcDbLine
 10
52.000000000000036
 20
44.32447327281725
 30
0.0
 11
61.27552672718277
 21
53.59999999999999
 31
0.0
  0
LINE
  5
11F4
330
17
100
AcDbEntity
  8
hatch
100
AcDbLine
 10
52.000000000000036
 20
44.89015869776648
 30
0.0
 11
60.70984130223354
 21
53.59999999999999
 31
0.0
  0
LINE
  5
11F5
330
17
100
AcDbEntity
  8
hatch
100
AcDbLine
 10
52.000000000000036
 20
45.45584412271571
 30
0.0
 11
60.14415587728431
 21
53.59999999999999
 31
0.0
  0
LINE
  5
11F6
330
17
100
AcDbEntity
  8
hatch
100
AcDbLine
 10
52.000000000000036
 20
46.02152954766498
 30
0.0
 11
59.578470452335
 21
53.59999999999999
 31
0.0
  0
LINE
  5
11F7
330
17
100
AcDbEntity
  8
hatch
100
AcDbLine
 10
52.000000000000036
 20
46.58721497261421
 30
0.0
 11
59.012785027385846
 21
53.59999999999999
 31
0.0
  0
LINE
  5
11F8
330
17
100
AcDbEntity
  8
hatch
100
AcDbLine
 10
52.000000000000036
 20
47.15290039756344
 30
0.0
 11
58.44709960243654
 21
53.59999999999999
 31
0.0
  0
LINE
  5
11F9
330
17
100
AcDbEntity
  8
hatch
100
AcDbLine
 10
52.000000000000036
 20
47.71858582251267
 30
0.0
 11
57.88141417748731
 21
53.59999999999999
 31
0.0
  0
LINE
  5
11FA
330
17
100
AcDbEntity
  8
hatch
100
AcDbLine
 10
52.000000000000036
 20
48.28427124746191
 30
0.0
 11
57.31572875253807
 21
53.59999999999999
 31
0.0
  0
LINE
  5
11FB
330
17
100
AcDbEntity
  8
hatch
100
AcDbLine
 10
52.000000000000036
 20
48.84995667241114
 30
0.0
 11
56.75004332758884
 21
53.59999999999999
 31
0.0
  0
LINE
  5
11FC
330
17
100
AcDbEntity
  8
hatch
100
AcDbLine
 10
52.000000000000036
 20
49.41564209736037
 30
0.0
 11
56.18435790263961
 21
53.59999999999999
 31
0.0
  0
LINE
  5
11FD
330
17
100
AcDbEntity
  8
hatch
100
AcDbLine
 10
52.000000000000036
 20
49.98132752230962
 30
0.0
 11
55.61867247769038
 21
53.59999999999999
 31
0.0
  0
LINE
  5
11FE
330
17
100
AcDbEntity
  8
hatch
100
AcDbLine
 10
52.000000000000036
 20
50.54701294725887
 30
0.0
 11
55.05298705274115
 21
53.59999999999999
 31
0.0
  0
LINE
  5
11FF
330
17
100
AcDbEntity
  8
hatch
100
AcDbLine
 10
52.000000000000036
 20
51.1126983722081
 30
0.0
 11
54.487301627791915
 21
53.59999999999999
 31
0.0
  0
LINE
  5
1200
330
17
100
AcDbEntity
  8
hatch
100
AcDbLine
 10
51.99999999999995
 20
51.67838379715733
 30
0.0
 11
53.921616202842685
 21
53.59999999999999
 31
0.0
  0
LINE
  5
1201
330
17
100
AcDbEntity
  8
hatch
100
AcDbLine
 10
52.000000000000036
 20
52.24406922210657
 30
0.0
 11
53.355930777893455
 21
53.59999999999999
 31
0.0
  0
LINE
  5
1202
330
17
100
AcDbEntity
  8
hatch
100
AcDbLine
 10
51.99999999999995
 20
52.80975464705582
 30
0.0
 11
52.790245352944225
 21
53.59999999999999
 31
0.0
  0
LINE
  5
1203
330
17
100
AcDbEntity
  8
hatch
100
AcDbLine
 10
52.000000000000036
 20
53.37544007200507
 30
0.0
 11
52.22455992799491
 21
53.59999999999999
 31
0.0
  0
LINE
  5
1204
330
17
100
AcDbEntity
  8
proyeccion
100
AcDbLine
 10
52.000000000000036
 20
44.0
 30
0.0
 11
0.0
 21
8.00000000000001
 31
0.0
  0
TEXT
  5
1205
330
17
100
AcDbEntity
  8
texto
100
AcDbText
 10
0.0
 20
5.9999999999999885
 30
0.0
 40
2.1
  1
ACCESO
100
AcDbText
  0
CIRCLE
  5
1206
330
17
100
AcDbEntity
  8
arbol
100
AcDbCircle
 10
8.00000000000001
 20
33.999999999999986
 30
0.0
 40
2.2000000000000006
  0
CIRCLE
  5
1207
330
17
100
AcDbEntity
  8
arbol
100
AcDbCircle
 10
8.00000000000001
 20
51.99999999999999
 30
0.0
 40
2.2000000000000006
  0
CIRCLE
  5
1208
330
17
100
AcDbEntity
  8
arbol
100
AcDbCircle
 10
8.00000000000001
 20
70.0
 30
0.0
 40
2.2000000000000006
  0
CIRCLE
  5
1209
330
17
100
AcDbEntity
  8
arbol
100
AcDbCircle
 10
30.00000000000002
 20
65.99999999999999
 30
0.0
 40
2.2000000000000006
  0
CIRCLE
  5
120A
330
17
100
AcDbEntity
  8
arbol
100
AcDbCircle
 10
95.99999999999997
 20
47.999999999999986
 30
0.0
 40
2.2000000000000006
  0
CIRCLE
  5
120B
330
17
100
AcDbEntity
  8
arbol
100
AcDbCircle
 10
25.999999999999975
 20
8.500000000000016
 30
0.0
 40
2.2000000000000006
  0
TEXT
  5
120C
330
17
100
AcDbEntity
  8
texto-suave
100
AcDbText
 10
54.999999999999986
 20
32.99999999999999
 30
0.0
 40
2.38
  1
PATIO
 72
1
 11
54.999999999999986
 21
32.99999999999999
 31
0.0
100
AcDbText
  0
TEXT
  5
120D
330
17
100
AcDbEntity
  8
texto
100
AcDbText
 10
32.800000000000004
 20
-4.800000000000001
 30
0.0
 40
0.14
  1
SITUACIÓN DEL BLOQUE (D)
100
AcDbText
  0
LINE
  5
120E
330
17
100
AcDbEntity
  8
marco-medio
100
AcDbLine
 10
32.800000000000004
 20
-4.93
 30
0.0
 11
38.800000000000004
 21
-4.93
 31
0.0
  0
TEXT
  5
120F
330
17
100
AcDbEntity
  8
texto-suave
100
AcDbText
 10
38.800000000000004
 20
-4.800000000000001
 30
0.0
 40
0.11000000000000001
  1
E 1:700
 72
2
100
AcDbText
  0
TEXT
  5
1210
330
17
100
AcDbEntity
  8
texto-suave
100
AcDbText
 10
32.800000000000004
 20
-15.8
 30
0.0
 40
0.1
  1
Escala 1:700
100
AcDbText
  0
TEXT
  5
1211
330
17
100
AcDbEntity
  8
texto
100
AcDbText
 10
31.0
 20
-16.8
 30
0.0
 40
0.12
  1
DATOS CLAVE
100
AcDbText
  0
LINE
  5
1212
330
17
100
AcDbEntity
  8
marco-medio
100
AcDbLine
 10
31.0
 20
-16.91
 30
0.0
 11
40.0
 21
-16.91
 31
0.0
  0
TEXT
  5
1213
330
17
100
AcDbEntity
  8
texto
100
AcDbText
 10
31.0
 20
-17.1
 30
0.0
 40
0.095
  1
• Bloque de 24,00 × 9,60 m en planta.
100
AcDbText
  0
TEXT
  5
1214
330
17
100
AcDbEntity
  8
texto
100
AcDbText
 10
31.0
 20
-17.27
 30
0.0
 40
0.095
  1
• 2 niveles: ±0,00 y +3,25 · azotea en +6,20.
100
AcDbText
  0
TEXT
  5
1215
330
17
100
AcDbEntity
  8
texto
100
AcDbText
 10
31.0
 20
-17.439999999999998
 30
0.0
 40
0.095
  1
• 16 dormitorios dobles (32 camas).
100
AcDbText
  0
TEXT
  5
1216
330
17
100
AcDbEntity
  8
texto
100
AcDbText
 10
31.0
 20
-17.609999999999996
 30
0.0
 40
0.095
  1
• Pasillo central de 1,70 m.
100
AcDbText
  0
TEXT
  5
1217
330
17
100
AcDbEntity
  8
texto
100
AcDbText
 10
31.0
 20
-17.779999999999998
 30
0.0
 40
0.095
  1
• Escalera: 18 C/H de 0,181 m.
100
AcDbText
  0
LWPOLYLINE
  5
1218
330
17
100
AcDbEntity
  8
marco-medio
100
AcDbPolyline
 90
4
 70
1
 10
31.0
 20
-20.0
 10
31.5
 20
-20.0
 10
31.5
 20
-20.150000000000002
 10
31.0
 20
-20.150000000000002
  0
LINE
  5
1219
330
17
100
AcDbEntity
  8
hatch
100
AcDbLine
 10
31.358578643762687
 20
-20.150000000000006
 30
0.0
 11
31.499999999999996
 21
-20.008578643762693
 31
0.0
  0
LINE
  5
121A
330
17
100
AcDbEntity
  8
hatch
100
AcDbLine
 10
31.217157287525374
 20
-20.150000000000002
 30
0.0
 11
31.36715728752538
 21
-19.999999999999996
 31
0.0
  0
LINE
  5
121B
330
17
100
AcDbEntity
  8
hatch
100
AcDbLine
 10
31.075735931288072
 20
-20.150000000000002
 30
0.0
 11
31.225735931288078
 21
-19.999999999999996
 31
0.0
  0
LINE
  5
121C
330
17
100
AcDbEntity
  8
hatch
100
AcDbLine
 10
31.000000000000004
 20
-20.08431457505076
 30
0.0
 11
31.08431457505077
 21
-20.0
 31
0.0
  0
LWPOLYLINE
  5
121D
330
17
100
AcDbEntity
  8
marco-medio
100
AcDbPolyline
 90
4
 70
1
 10
31.0
 20
-20.0
 10
31.5
 20
-20.0
 10
31.5
 20
-20.150000000000002
 10
31.0
 20
-20.150000000000002
  0
LWPOLYLINE
  5
121E
330
17
100
AcDbEntity
  8
sombra
100
AcDbPolyline
 90
4
 70
1
 10
31.5
 20
-20.0
 10
32.0
 20
-20.0
 10
32.0
 20
-20.150000000000002
 10
31.5
 20
-20.150000000000002
  0
LINE
  5
121F
330
17
100
AcDbEntity
  8
hatch
100
AcDbLine
 10
31.858578643762684
 20
-20.150000000000002
 30
0.0
 11
32.0
 21
-20.008578643762686
 31
0.0
  0
LINE
  5
1220
330
17
100
AcDbEntity
  8
hatch
100
AcDbLine
 10
31.71715728752537
 20
-20.15
 30
0.0
 11
31.867157287525373
 21
-19.999999999999996
 31
0.0
  0
LINE
  5
1221
330
17
100
AcDbEntity
  8
hatch
100
AcDbLine
 10
31.57573593128807
 20
-20.15
 30
0.0
 11
31.72573593128807
 21
-19.999999999999996
 31
0.0
  0
LINE
  5
1222
330
17
100
AcDbEntity
  8
hatch
100
AcDbLine
 10
31.5
 20
-20.08431457505076
 30
0.0
 11
31.58431457505076
 21
-19.999999999999996
 31
0.0
  0
LWPOLYLINE
  5
1223
330
17
100
AcDbEntity
  8
marco-medio
100
AcDbPolyline
 90
4
 70
1
 10
31.5
 20
-20.0
 10
32.0
 20
-20.0
 10
32.0
 20
-20.150000000000002
 10
31.5
 20
-20.150000000000002
  0
LWPOLYLINE
  5
1224
330
17
100
AcDbEntity
  8
marco-medio
100
AcDbPolyline
 90
4
 70
1
 10
32.0
 20
-20.0
 10
32.5
 20
-20.0
 10
32.5
 20
-20.150000000000002
 10
32.0
 20
-20.150000000000002
  0
LINE
  5
1225
330
17
100
AcDbEntity
  8
hatch
100
AcDbLine
 10
32.358578643762684
 20
-20.15
 30
0.0
 11
32.5
 21
-20.008578643762686
 31
0.0
  0
LINE
  5
1226
330
17
100
AcDbEntity
  8
hatch
100
AcDbLine
 10
32.217157287525374
 20
-20.15
 30
0.0
 11
32.36715728752537
 21
-20.0
 31
0.0
  0
LINE
  5
1227
330
17
100
AcDbEntity
  8
hatch
100
AcDbLine
 10
32.07573593128808
 20
-20.15
 30
0.0
 11
32.22573593128808
 21
-20.0
 31
0.0
  0
LINE
  5
1228
330
17
100
AcDbEntity
  8
hatch
100
AcDbLine
 10
32.0
 20
-20.08431457505077
 30
0.0
 11
32.08431457505077
 21
-20.0
 31
0.0
  0
LWPOLYLINE
  5
1229
330
17
100
AcDbEntity
  8
marco-medio
100
AcDbPolyline
 90
4
 70
1
 10
32.0
 20
-20.0
 10
32.5
 20
-20.0
 10
32.5
 20
-20.150000000000002
 10
32.0
 20
-20.150000000000002
  0
LWPOLYLINE
  5
122A
330
17
100
AcDbEntity
  8
sombra
100
AcDbPolyline
 90
4
 70
1
 10
32.5
 20
-20.0
 10
33.0
 20
-20.0
 10
33.0
 20
-20.150000000000002
 10
32.5
 20
-20.150000000000002
  0
LINE
  5
122B
330
17
100
AcDbEntity
  8
hatch
100
AcDbLine
 10
32.85857864376269
 20
-20.150000000000002
 30
0.0
 11
33.0
 21
-20.008578643762696
 31
0.0
  0
LINE
  5
122C
330
17
100
AcDbEntity
  8
hatch
100
AcDbLine
 10
32.717157287525374
 20
-20.150000000000006
 30
0.0
 11
32.86715728752538
 21
-20.000000000000004
 31
0.0
  0
LINE
  5
122D
330
17
100
AcDbEntity
  8
hatch
100
AcDbLine
 10
32.57573593128808
 20
-20.150000000000002
 30
0.0
 11
32.72573593128808
 21
-20.0
 31
0.0
  0
LINE
  5
122E
330
17
100
AcDbEntity
  8
hatch
100
AcDbLine
 10
32.5
 20
-20.08431457505077
 30
0.0
 11
32.58431457505077
 21
-20.0
 31
0.0
  0
LWPOLYLINE
  5
122F
330
17
100
AcDbEntity
  8
marco-medio
100
AcDbPolyline
 90
4
 70
1
 10
32.5
 20
-20.0
 10
33.0
 20
-20.0
 10
33.0
 20
-20.150000000000002
 10
32.5
 20
-20.150000000000002
  0
LWPOLYLINE
  5
1230
330
17
100
AcDbEntity
  8
marco-medio
100
AcDbPolyline
 90
4
 70
1
 10
33.0
 20
-20.0
 10
33.5
 20
-20.0
 10
33.5
 20
-20.150000000000002
 10
33.0
 20
-20.150000000000002
  0
LINE
  5
1231
330
17
100
AcDbEntity
  8
hatch
100
AcDbLine
 10
33.35857864376269
 20
-20.150000000000002
 30
0.0
 11
33.5
 21
-20.008578643762693
 31
0.0
  0
LINE
  5
1232
330
17
100
AcDbEntity
  8
hatch
100
AcDbLine
 10
33.21715728752538
 20
-20.150000000000006
 30
0.0
 11
33.36715728752539
 21
-20.0
 31
0.0
  0
LINE
  5
1233
330
17
100
AcDbEntity
  8
hatch
100
AcDbLine
 10
33.07573593128808
 20
-20.150000000000006
 30
0.0
 11
33.225735931288085
 21
-20.0
 31
0.0
  0
LINE
  5
1234
330
17
100
AcDbEntity
  8
hatch
100
AcDbLine
 10
33.0
 20
-20.084314575050776
 30
0.0
 11
33.084314575050776
 21
-20.0
 31
0.0
  0
LWPOLYLINE
  5
1235
330
17
100
AcDbEntity
  8
marco-medio
100
AcDbPolyline
 90
4
 70
1
 10
33.0
 20
-20.0
 10
33.5
 20
-20.0
 10
33.5
 20
-20.150000000000002
 10
33.0
 20
-20.150000000000002
  0
TEXT
  5
1236
330
17
100
AcDbEntity
  8
texto
100
AcDbText
 10
30.925
 20
-20.12
 30
0.0
 40
0.1
  1
0
 72
2
100
AcDbText
  0
TEXT
  5
1237
330
17
100
AcDbEntity
  8
texto
100
AcDbText
 10
33.575
 20
-20.12
 30
0.0
 40
0.1
  1
5 m
100
AcDbText
  0
CIRCLE
  5
1238
330
17
100
AcDbEntity
  8
marco-medio
100
AcDbCircle
 10
39.5
 20
-23.400000000000002
 30
0.0
 40
0.65
  0
LWPOLYLINE
  5
1239
330
17
100
AcDbEntity
  8
marco-medio
100
AcDbPolyline
 90
3
 70
1
 10
39.5
 20
-22.893
 10
39.331
 20
-23.595
 10
39.5
 20
-23.465000000000003
  0
LINE
  5
123A
330
17
100
AcDbEntity
  8
hatch
100
AcDbLine
 10
39.36347506417282
 20
-23.460103579589877
 30
0.0
 11
39.5
 21
-23.32357864376269
 31
0.0
  0
LINE
  5
123B
330
17
100
AcDbEntity
  8
hatch
100
AcDbLine
 10
39.408315982004154
 20
-23.273841305521227
 30
0.0
 11
39.5
 21
-23.182157287525378
 31
0.0
  0
LINE
  5
123C
330
17
100
AcDbEntity
  8
hatch
100
AcDbLine
 10
39.45315689983549
 20
-23.087579031452588
 30
0.0
 11
39.5
 21
-23.040735931288076
 31
0.0
  0
LINE
  5
123D
330
17
100
AcDbEntity
  8
hatch
100
AcDbLine
 10
39.49799781766683
 20
-22.90131675738393
 30
0.0
 11
39.5
 21
-22.899314575050767
 31
0.0
  0
LWPOLYLINE
  5
123E
330
17
100
AcDbEntity
  8
marco-medio
100
AcDbPolyline
 90
3
 70
1
 10
39.5
 20
-22.893
 10
39.669000000000004
 20
-23.595
 10
39.5
 20
-23.465000000000003
  0
LINE
  5
123F
330
17
100
AcDbEntity
  8
marco-fino
100
AcDbLine
 10
39.5
 20
-22.587500000000002
 30
0.0
 11
39.5
 21
-23.7575
 31
0.0
  0
TEXT
  5
1240
330
17
100
AcDbEntity
  8
texto
100
AcDbText
 10
39.5
 20
-22.392500000000002
 30
0.0
 40
0.17
  1
N
 72
1
 11
39.5
 21
-22.392500000000002
 31
0.0
100
AcDbText
  0
LWPOLYLINE
  5
1241
330
17
100
AcDbEntity
  8
sombra
100
AcDbPolyline
 90
4
 70
1
 10
31.950000000000003
 20
-26.0
 10
41.45
 20
-26.0
 10
41.45
 20
-29.1
 10
31.950000000000003
 20
-29.1
  0
LINE
  5
1242
330
17
100
AcDbEntity
  8
hatch
100
AcDbLine
 10
41.30857864376269
 20
-29.1
 30
0.0
 11
41.45
 21
-28.95857864376269
 31
0.0
  0
LINE
  5
1243
330
17
100
AcDbEntity
  8
hatch
100
AcDbLine
 10
41.16715728752538
 20
-29.099999999999998
 30
0.0
 11
41.449999999999996
 21
-28.817157287525376
 31
0.0
  0
LINE
  5
1244
330
17
100
AcDbEntity
  8
hatch
100
AcDbLine
 10
41.025735931288075
 20
-29.099999999999998
 30
0.0
 11
41.449999999999996
 21
-28.675735931288074
 31
0.0
  0
LINE
  5
1245
330
17
100
AcDbEntity
  8
hatch
100
AcDbLine
 10
40.884314575050766
 20
-29.1
 30
0.0
 11
41.45
 21
-28.534314575050765
 31
0.0
  0
LINE
  5
1246
330
17
100
AcDbEntity
  8
hatch
100
AcDbLine
 10
40.74289321881345
 20
-29.099999999999998
 30
0.0
 11
41.45
 21
-28.39289321881345
 31
0.0
  0
LINE
  5
1247
330
17
100
AcDbEntity
  8
hatch
100
AcDbLine
 10
40.60147186257614
 20
-29.099999999999998
 30
0.0
 11
41.45
 21
-28.251471862576135
 31
0.0
  0
LINE
  5
1248
330
17
100
AcDbEntity
  8
hatch
100
AcDbLine
 10
40.46005050633883
 20
-29.1
 30
0.0
 11
41.45
 21
-28.11005050633883
 31
0.0
  0
LINE
  5
1249
330
17
100
AcDbEntity
  8
hatch
100
AcDbLine
 10
40.31862915010153
 20
-29.1
 30
0.0
 11
41.45
 21
-27.968629150101528
 31
0.0
  0
LINE
  5
124A
330
17
100
AcDbEntity
  8
hatch
100
AcDbLine
 10
40.17720779386421
 20
-29.099999999999998
 30
0.0
 11
41.45
 21
-27.82720779386421
 31
0.0
  0
LINE
  5
124B
330
17
100
AcDbEntity
  8
hatch
100
AcDbLine
 10
40.03578643762691
 20
-29.099999999999994
 30
0.0
 11
41.45000000000001
 21
-27.6857864376269
 31
0.0
  0
LINE
  5
124C
330
17
100
AcDbEntity
  8
hatch
100
AcDbLine
 10
39.894365081389594
 20
-29.1
 30
0.0
 11
41.45
 21
-27.544365081389593
 31
0.0
  0
LINE
  5
124D
330
17
100
AcDbEntity
  8
hatch
100
AcDbLine
 10
39.75294372515228
 20
-29.1
 30
0.0
 11
41.45
 21
-27.402943725152276
 31
0.0
  0
LINE
  5
124E
330
17
100
AcDbEntity
  8
hatch
100
AcDbLine
 10
39.611522368914976
 20
-29.099999999999998
 30
0.0
 11
41.45
 21
-27.261522368914974
 31
0.0
  0
LINE
  5
124F
330
17
100
AcDbEntity
  8
hatch
100
AcDbLine
 10
39.470101012677674
 20
-29.099999999999994
 30
0.0
 11
41.45
 21
-27.12010101267766
 31
0.0
  0
LINE
  5
1250
330
17
100
AcDbEntity
  8
hatch
100
AcDbLine
 10
39.32867965644036
 20
-29.1
 30
0.0
 11
41.45
 21
-26.978679656440356
 31
0.0
  0
LINE
  5
1251
330
17
100
AcDbEntity
  8
hatch
100
AcDbLine
 10
39.18725830020304
 20
-29.099999999999998
 30
0.0
 11
41.45
 21
-26.83725830020304
 31
0.0
  0
LINE
  5
1252
330
17
100
AcDbEntity
  8
hatch
100
AcDbLine
 10
39.04583694396574
 20
-29.099999999999994
 30
0.0
 11
41.45000000000001
 21
-26.695836943965727
 31
0.0
  0
LINE
  5
1253
330
17
100
AcDbEntity
  8
hatch
100
AcDbLine
 10
38.90441558772844
 20
-29.099999999999994
 30
0.0
 11
41.45000000000001
 21
-26.554415587728425
 31
0.0
  0
LINE
  5
1254
330
17
100
AcDbEntity
  8
hatch
100
AcDbLine
 10
38.76299423149112
 20
-29.1
 30
0.0
 11
41.45
 21
-26.41299423149112
 31
0.0
  0
LINE
  5
1255
330
17
100
AcDbEntity
  8
hatch
100
AcDbLine
 10
38.621572875253804
 20
-29.099999999999998
 30
0.0
 11
41.45
 21
-26.271572875253803
 31
0.0
  0
LINE
  5
1256
330
17
100
AcDbEntity
  8
hatch
100
AcDbLine
 10
38.4801515190165
 20
-29.099999999999994
 30
0.0
 11
41.45000000000001
 21
-26.13015151901649
 31
0.0
  0
LINE
  5
1257
330
17
100
AcDbEntity
  8
hatch
100
AcDbLine
 10
38.338730162779186
 20
-29.1
 30
0.0
 11
41.43873016277918
 21
-26.000000000000007
 31
0.0
  0
LINE
  5
1258
330
17
100
AcDbEntity
  8
hatch
100
AcDbLine
 10
38.19730880654188
 20
-29.1
 30
0.0
 11
41.29730880654188
 21
-26.000000000000007
 31
0.0
  0
LINE
  5
1259
330
17
100
AcDbEntity
  8
hatch
100
AcDbLine
 10
38.05588745030457
 20
-29.099999999999998
 30
0.0
 11
41.15588745030457
 21
-26.000000000000004
 31
0.0
  0
LINE
  5
125A
330
17
100
AcDbEntity
  8
hatch
100
AcDbLine
 10
37.914466094067265
 20
-29.099999999999994
 30
0.0
 11
41.01446609406726
 21
-26.0
 31
0.0
  0
LINE
  5
125B
330
17
100
AcDbEntity
  8
hatch
100
AcDbLine
 10
37.77304473782995
 20
-29.1
 30
0.0
 11
40.87304473782994
 21
-26.000000000000007
 31
0.0
  0
LINE
  5
125C
330
17
100
AcDbEntity
  8
hatch
100
AcDbLine
 10
37.63162338159263
 20
-29.099999999999998
 30
0.0
 11
40.731623381592634
 21
-26.000000000000004
 31
0.0
  0
LINE
  5
125D
330
17
100
AcDbEntity
  8
hatch
100
AcDbLine
 10
37.49020202535534
 20
-29.099999999999998
 30
0.0
 11
40.59020202535533
 21
-26.000000000000004
 31
0.0
  0
LINE
  5
125E
330
17
100
AcDbEntity
  8
hatch
100
AcDbLine
 10
37.34878066911803
 20
-29.1
 30
0.0
 11
40.44878066911802
 21
-26.000000000000007
 31
0.0
  0
LINE
  5
125F
330
17
100
AcDbEntity
  8
hatch
100
AcDbLine
 10
37.20735931288071
 20
-29.1
 30
0.0
 11
40.307359312880706
 21
-26.000000000000007
 31
0.0
  0
LINE
  5
1260
330
17
100
AcDbEntity
  8
hatch
100
AcDbLine
 10
37.0659379566434
 20
-29.099999999999998
 30
0.0
 11
40.1659379566434
 21
-26.000000000000004
 31
0.0
  0
LINE
  5
1261
330
17
100
AcDbEntity
  8
hatch
100
AcDbLine
 10
36.92451660040609
 20
-29.1
 30
0.0
 11
40.02451660040609
 21
-26.000000000000007
 31
0.0
  0
LINE
  5
1262
330
17
100
AcDbEntity
  8
hatch
100
AcDbLine
 10
36.78309524416879
 20
-29.1
 30
0.0
 11
39.883095244168786
 21
-26.000000000000007
 31
0.0
  0
LINE
  5
1263
330
17
100
AcDbEntity
  8
hatch
100
AcDbLine
 10
36.641673887931475
 20
-29.1
 30
0.0
 11
39.74167388793147
 21
-26.000000000000007
 31
0.0
  0
LINE
  5
1264
330
17
100
AcDbEntity
  8
hatch
100
AcDbLine
 10
36.50025253169417
 20
-29.099999999999998
 30
0.0
 11
39.60025253169417
 21
-26.000000000000004
 31
0.0
  0
LINE
  5
1265
330
17
100
AcDbEntity
  8
hatch
100
AcDbLine
 10
36.35883117545686
 20
-29.1
 30
0.0
 11
39.45883117545685
 21
-26.000000000000007
 31
0.0
  0
LINE
  5
1266
330
17
100
AcDbEntity
  8
hatch
100
AcDbLine
 10
36.21740981921954
 20
-29.1
 30
0.0
 11
39.317409819219534
 21
-26.000000000000004
 31
0.0
  0
LINE
  5
1267
330
17
100
AcDbEntity
  8
hatch
100
AcDbLine
 10
36.07598846298224
 20
-29.099999999999998
 30
0.0
 11
39.17598846298223
 21
-26.000000000000004
 31
0.0
  0
LINE
  5
1268
330
17
100
AcDbEntity
  8
hatch
100
AcDbLine
 10
35.934567106744936
 20
-29.099999999999998
 30
0.0
 11
39.03456710674493
 21
-26.0
 31
0.0
  0
LINE
  5
1269
330
17
100
AcDbEntity
  8
hatch
100
AcDbLine
 10
35.79314575050762
 20
-29.1
 30
0.0
 11
38.893145750507614
 21
-26.000000000000007
 31
0.0
  0
LINE
  5
126A
330
17
100
AcDbEntity
  8
hatch
100
AcDbLine
 10
35.6517243942703
 20
-29.099999999999998
 30
0.0
 11
38.7517243942703
 21
-26.000000000000004
 31
0.0
  0
LINE
  5
126B
330
17
100
AcDbEntity
  8
hatch
100
AcDbLine
 10
35.510303038033
 20
-29.099999999999998
 30
0.0
 11
38.610303038032995
 21
-26.0
 31
0.0
  0
LINE
  5
126C
330
17
100
AcDbEntity
  8
hatch
100
AcDbLine
 10
35.3688816817957
 20
-29.099999999999998
 30
0.0
 11
38.46888168179569
 21
-26.0
 31
0.0
  0
LINE
  5
126D
330
17
100
AcDbEntity
  8
hatch
100
AcDbLine
 10
35.22746032555838
 20
-29.1
 30
0.0
 11
38.32746032555838
 21
-26.000000000000007
 31
0.0
  0
LINE
  5
126E
330
17
100
AcDbEntity
  8
hatch
100
AcDbLine
 10
35.086038969321066
 20
-29.099999999999998
 30
0.0
 11
38.18603896932107
 21
-26.000000000000004
 31
0.0
  0
LINE
  5
126F
330
17
100
AcDbEntity
  8
hatch
100
AcDbLine
 10
34.944617613083764
 20
-29.099999999999994
 30
0.0
 11
38.04461761308376
 21
-26.0
 31
0.0
  0
LINE
  5
1270
330
17
100
AcDbEntity
  8
hatch
100
AcDbLine
 10
34.80319625684645
 20
-29.099999999999998
 30
0.0
 11
37.90319625684644
 21
-26.000000000000004
 31
0.0
  0
LINE
  5
1271
330
17
100
AcDbEntity
  8
hatch
100
AcDbLine
 10
34.661774900609146
 20
-29.1
 30
0.0
 11
37.76177490060914
 21
-26.000000000000007
 31
0.0
  0
LINE
  5
1272
330
17
100
AcDbEntity
  8
hatch
100
AcDbLine
 10
34.52035354437184
 20
-29.099999999999998
 30
0.0
 11
37.62035354437183
 21
-26.0
 31
0.0
  0
LINE
  5
1273
330
17
100
AcDbEntity
  8
hatch
100
AcDbLine
 10
34.37893218813453
 20
-29.1
 30
0.0
 11
37.47893218813452
 21
-26.000000000000004
 31
0.0
  0
LINE
  5
1274
330
17
100
AcDbEntity
  8
hatch
100
AcDbLine
 10
34.23751083189721
 20
-29.1
 30
0.0
 11
37.337510831897205
 21
-26.000000000000004
 31
0.0
  0
LINE
  5
1275
330
17
100
AcDbEntity
  8
hatch
100
AcDbLine
 10
34.0960894756599
 20
-29.099999999999998
 30
0.0
 11
37.196089475659896
 21
-26.0
 31
0.0
  0
LINE
  5
1276
330
17
100
AcDbEntity
  8
hatch
100
AcDbLine
 10
33.9546681194226
 20
-29.099999999999998
 30
0.0
 11
37.054668119422594
 21
-26.0
 31
0.0
  0
LINE
  5
1277
330
17
100
AcDbEntity
  8
hatch
100
AcDbLine
 10
33.81324676318529
 20
-29.1
 30
0.0
 11
36.913246763185285
 21
-26.000000000000004
 31
0.0
  0
LINE
  5
1278
330
17
100
AcDbEntity
  8
hatch
100
AcDbLine
 10
33.671825406947974
 20
-29.1
 30
0.0
 11
36.771825406947976
 21
-26.000000000000004
 31
0.0
  0
LINE
  5
1279
330
17
100
AcDbEntity
  8
hatch
100
AcDbLine
 10
33.530404050710665
 20
-29.099999999999998
 30
0.0
 11
36.63040405071066
 21
-26.0
 31
0.0
  0
LINE
  5
127A
330
17
100
AcDbEntity
  8
hatch
100
AcDbLine
 10
33.388982694473356
 20
-29.1
 30
0.0
 11
36.48898269447335
 21
-26.000000000000004
 31
0.0
  0
LINE
  5
127B
330
17
100
AcDbEntity
  8
hatch
100
AcDbLine
 10
33.24756133823605
 20
-29.1
 30
0.0
 11
36.34756133823605
 21
-26.000000000000004
 31
0.0
  0
LINE
  5
127C
330
17
100
AcDbEntity
  8
hatch
100
AcDbLine
 10
33.10613998199874
 20
-29.1
 30
0.0
 11
36.20613998199874
 21
-26.000000000000004
 31
0.0
  0
LINE
  5
127D
330
17
100
AcDbEntity
  8
hatch
100
AcDbLine
 10
32.96471862576143
 20
-29.099999999999998
 30
0.0
 11
36.06471862576143
 21
-26.0
 31
0.0
  0
LINE
  5
127E
330
17
100
AcDbEntity
  8
hatch
100
AcDbLine
 10
32.82329726952412
 20
-29.099999999999998
 30
0.0
 11
35.92329726952411
 21
-26.0
 31
0.0
  0
LINE
  5
127F
330
17
100
AcDbEntity
  8
hatch
100
AcDbLine
 10
32.6818759132868
 20
-29.1
 30
0.0
 11
35.781875913286804
 21
-26.000000000000004
 31
0.0
  0
LINE
  5
1280
330
17
100
AcDbEntity
  8
hatch
100
AcDbLine
 10
32.54045455704951
 20
-29.1
 30
0.0
 11
35.6404545570495
 21
-26.000000000000004
 31
0.0
  0
LINE
  5
1281
330
17
100
AcDbEntity
  8
hatch
100
AcDbLine
 10
32.39903320081219
 20
-29.1
 30
0.0
 11
35.49903320081219
 21
-26.000000000000004
 31
0.0
  0
LINE
  5
1282
330
17
100
AcDbEntity
  8
hatch
100
AcDbLine
 10
32.25761184457488
 20
-29.099999999999998
 30
0.0
 11
35.357611844574876
 21
-26.0
 31
0.0
  0
LINE
  5
1283
330
17
100
AcDbEntity
  8
hatch
100
AcDbLine
 10
32.11619048833757
 20
-29.1
 30
0.0
 11
35.21619048833757
 21
-26.000000000000004
 31
0.0
  0
LINE
  5
1284
330
17
100
AcDbEntity
  8
hatch
100
AcDbLine
 10
31.974769132100256
 20
-29.1
 30
0.0
 11
35.07476913210026
 21
-26.000000000000004
 31
0.0
  0
LINE
  5
1285
330
17
100
AcDbEntity
  8
hatch
100
AcDbLine
 10
31.95
 20
-28.983347775862956
 30
0.0
 11
34.933347775862956
 21
-26.000000000000004
 31
0.0
  0
LINE
  5
1286
330
17
100
AcDbEntity
  8
hatch
100
AcDbLine
 10
31.950000000000003
 20
-28.84192641962564
 30
0.0
 11
34.79192641962564
 21
-26.0
 31
0.0
  0
LINE
  5
1287
330
17
100
AcDbEntity
  8
hatch
100
AcDbLine
 10
31.950000000000003
 20
-28.70050506338833
 30
0.0
 11
34.65050506338833
 21
-26.0
 31
0.0
  0
LINE
  5
1288
330
17
100
AcDbEntity
  8
hatch
100
AcDbLine
 10
31.95
 20
-28.55908370715102
 30
0.0
 11
34.50908370715102
 21
-26.000000000000004
 31
0.0
  0
LINE
  5
1289
330
17
100
AcDbEntity
  8
hatch
100
AcDbLine
 10
31.950000000000003
 20
-28.417662350913705
 30
0.0
 11
34.367662350913704
 21
-26.0
 31
0.0
  0
LINE
  5
128A
330
17
100
AcDbEntity
  8
hatch
100
AcDbLine
 10
31.950000000000003
 20
-28.276240994676407
 30
0.0
 11
34.22624099467641
 21
-26.000000000000004
 31
0.0
  0
LINE
  5
128B
330
17
100
AcDbEntity
  8
hatch
100
AcDbLine
 10
31.950000000000003
 20
-28.134819638439094
 30
0.0
 11
34.08481963843909
 21
-26.0
 31
0.0
  0
LINE
  5
128C
330
17
100
AcDbEntity
  8
hatch
100
AcDbLine
 10
31.950000000000003
 20
-27.993398282201785
 30
0.0
 11
33.943398282201784
 21
-26.000000000000004
 31
0.0
  0
LINE
  5
128D
330
17
100
AcDbEntity
  8
hatch
100
AcDbLine
 10
31.950000000000003
 20
-27.851976925964472
 30
0.0
 11
33.801976925964475
 21
-26.000000000000004
 31
0.0
  0
LINE
  5
128E
330
17
100
AcDbEntity
  8
hatch
100
AcDbLine
 10
31.950000000000003
 20
-27.71055556972716
 30
0.0
 11
33.66055556972716
 21
-26.0
 31
0.0
  0
LINE
  5
128F
330
17
100
AcDbEntity
  8
hatch
100
AcDbLine
 10
31.950000000000003
 20
-27.569134213489857
 30
0.0
 11
33.51913421348986
 21
-26.0
 31
0.0
  0
LINE
  5
1290
330
17
100
AcDbEntity
  8
hatch
100
AcDbLine
 10
31.950000000000003
 20
-27.427712857252548
 30
0.0
 11
33.37771285725255
 21
-26.0
 31
0.0
  0
LINE
  5
1291
330
17
100
AcDbEntity
  8
hatch
100
AcDbLine
 10
31.950000000000003
 20
-27.28629150101524
 30
0.0
 11
33.23629150101524
 21
-26.000000000000004
 31
0.0
  0
LINE
  5
1292
330
17
100
AcDbEntity
  8
hatch
100
AcDbLine
 10
31.950000000000003
 20
-27.144870144777922
 30
0.0
 11
33.09487014477793
 21
-26.0
 31
0.0
  0
LINE
  5
1293
330
17
100
AcDbEntity
  8
hatch
100
AcDbLine
 10
31.950000000000003
 20
-27.003448788540613
 30
0.0
 11
32.95344878854061
 21
-26.0
 31
0.0
  0
LINE
  5
1294
330
17
100
AcDbEntity
  8
hatch
100
AcDbLine
 10
31.950000000000003
 20
-26.86202743230331
 30
0.0
 11
32.81202743230331
 21
-26.0
 31
0.0
  0
LINE
  5
1295
330
17
100
AcDbEntity
  8
hatch
100
AcDbLine
 10
31.950000000000003
 20
-26.720606076066
 30
0.0
 11
32.670606076066
 21
-26.0
 31
0.0
  0
LINE
  5
1296
330
17
100
AcDbEntity
  8
hatch
100
AcDbLine
 10
31.950000000000003
 20
-26.579184719828685
 30
0.0
 11
32.52918471982869
 21
-26.0
 31
0.0
  0
LINE
  5
1297
330
17
100
AcDbEntity
  8
hatch
100
AcDbLine
 10
31.950000000000003
 20
-26.437763363591376
 30
0.0
 11
32.387763363591375
 21
-26.0
 31
0.0
  0
LINE
  5
1298
330
17
100
AcDbEntity
  8
hatch
100
AcDbLine
 10
31.950000000000003
 20
-26.296342007354067
 30
0.0
 11
32.246342007354066
 21
-26.0
 31
0.0
  0
LINE
  5
1299
330
17
100
AcDbEntity
  8
hatch
100
AcDbLine
 10
31.950000000000003
 20
-26.154920651116765
 30
0.0
 11
32.104920651116764
 21
-26.0
 31
0.0
  0
LINE
  5
129A
330
17
100
AcDbEntity
  8
hatch
100
AcDbLine
 10
31.950000000000003
 20
-26.013499294879455
 30
0.0
 11
31.96349929487945
 21
-26.000000000000004
 31
0.0
  0
LWPOLYLINE
  5
129B
330
17
100
AcDbEntity
  8
marco
100
AcDbPolyline
 90
4
 70
1
 10
31.950000000000003
 20
-26.0
 10
41.45
 20
-26.0
 10
41.45
 20
-29.1
 10
31.950000000000003
 20
-29.1
  0
LINE
  5
129C
330
17
100
AcDbEntity
  8
marco-medio
100
AcDbLine
 10
31.950000000000003
 20
-26.700000000000003
 30
0.0
 11
41.45
 21
-26.700000000000003
 31
0.0
  0
LINE
  5
129D
330
17
100
AcDbEntity
  8
marco-fino
100
AcDbLine
 10
31.950000000000003
 20
-27.1
 30
0.0
 11
41.45
 21
-27.1
 31
0.0
  0
LINE
  5
129E
330
17
100
AcDbEntity
  8
marco-fino
100
AcDbLine
 10
31.950000000000003
 20
-27.900000000000002
 30
0.0
 11
41.45
 21
-27.900000000000002
 31
0.0
  0
LINE
  5
129F
330
17
100
AcDbEntity
  8
marco-fino
100
AcDbLine
 10
37.35
 20
-27.1
 30
0.0
 11
37.35
 21
-29.1
 31
0.0
  0
LINE
  5
12A0
330
17
100
AcDbEntity
  8
marco-fino
100
AcDbLine
 10
31.950000000000003
 20
-28.6
 30
0.0
 11
37.35
 21
-28.6
 31
0.0
  0
LINE
  5
12A1
330
17
100
AcDbEntity
  8
marco-fino
100
AcDbLine
 10
34.95
 20
-28.6
 30
0.0
 11
34.95
 21
-29.1
 31
0.0
  0
LINE
  5
12A2
330
17
100
AcDbEntity
  8
marco-fino
100
AcDbLine
 10
35.550000000000004
 20
-28.6
 30
0.0
 11
35.550000000000004
 21
-29.1
 31
0.0
  0
TEXT
  5
12A3
330
17
100
AcDbEntity
  8
texto
100
AcDbText
 10
32.1
 20
-26.25
 30
0.0
 40
0.145
  1
JMDSI · INGENIERÍA Y ARQUITECTURA
100
AcDbText
  0
TEXT
  5
12A4
330
17
100
AcDbEntity
  8
texto-suave
100
AcDbText
 10
32.1
 20
-26.55
 30
0.0
 40
0.11000000000000001
  1
Planos de proyecto — Bloque Dormitorios
100
AcDbText
  0
TEXT
  5
12A5
330
17
100
AcDbEntity
  8
texto
100
AcDbText
 10
41.300000000000004
 20
-26.25
 30
0.0
 40
0.16
  1
LÁMINA BLU-01
 72
2
100
AcDbText
  0
TEXT
  5
12A6
330
17
100
AcDbEntity
  8
texto-suave
100
AcDbText
 10
41.300000000000004
 20
-26.55
 30
0.0
 40
0.12
  1
E E 1:75 / 1:100
 72
2
100
AcDbText
  0
TEXT
  5
12A7
330
17
100
AcDbEntity
  8
texto-suave
100
AcDbText
 10
32.1
 20
-27.950000000000003
 30
0.0
 40
0.095
  1
PROYECTO
100
AcDbText
  0
TEXT
  5
12A8
330
17
100
AcDbEntity
  8
texto
100
AcDbText
 10
32.1
 20
-28.150000000000002
 30
0.0
 40
0.125
  1
BLOQUE DORMITORIOS — 2 NIVELES (PLANTA BAJA Y ALTA)
100
AcDbText
  0
TEXT
  5
12A9
330
17
100
AcDbEntity
  8
texto-suave
100
AcDbText
 10
32.1
 20
-28.6
 30
0.0
 40
0.095
  1
CONTENIDO
100
AcDbText
  0
TEXT
  5
12AA
330
17
100
AcDbEntity
  8
texto
100
AcDbText
 10
32.1
 20
-28.8
 30
0.0
 40
0.12
  1
Blueprint — plantas, corte y fachada del Bloque Dormitorios
100
AcDbText
  0
TEXT
  5
12AB
330
17
100
AcDbEntity
  8
texto-suave
100
AcDbText
 10
35.050000000000004
 20
-28.6
 30
0.0
 40
0.095
  1
ESCALA
100
AcDbText
  0
TEXT
  5
12AC
330
17
100
AcDbEntity
  8
texto
100
AcDbText
 10
35.050000000000004
 20
-28.8
 30
0.0
 40
0.12
  1
E 1:75 / 1:100
100
AcDbText
  0
TEXT
  5
12AD
330
17
100
AcDbEntity
  8
texto-suave
100
AcDbText
 10
35.65
 20
-28.6
 30
0.0
 40
0.095
  1
Nº
100
AcDbText
  0
TEXT
  5
12AE
330
17
100
AcDbEntity
  8
texto
100
AcDbText
 10
35.65
 20
-28.8
 30
0.0
 40
0.12
  1
BLU-01
100
AcDbText
  0
TEXT
  5
12AF
330
17
100
AcDbEntity
  8
texto-suave
100
AcDbText
 10
37.45
 20
-27.1
 30
0.0
 40
0.095
  1
FECHA
100
AcDbText
  0
TEXT
  5
12B0
330
17
100
AcDbEntity
  8
texto
100
AcDbText
 10
37.45
 20
-27.3
 30
0.0
 40
0.12
  1
2026-10-04
100
AcDbText
  0
TEXT
  5
12B1
330
17
100
AcDbEntity
  8
texto-suave
100
AcDbText
 10
37.45
 20
-27.950000000000003
 30
0.0
 40
0.095
  1
DIBUJÓ / REVISÓ
100
AcDbText
  0
TEXT
  5
12B2
330
17
100
AcDbEntity
  8
texto
100
AcDbText
 10
37.45
 20
-28.150000000000002
 30
0.0
 40
0.11000000000000001
  1
JMDSI · Área de Proyectos
100
AcDbText
  0
TEXT
  5
12B3
330
17
100
AcDbEntity
  8
texto-suave
100
AcDbText
 10
32.1
 20
-27.150000000000002
 30
0.0
 40
0.095
  1
EMPLAZAMIENTO / PROMOTOR
100
AcDbText
  0
TEXT
  5
12B4
330
17
100
AcDbEntity
  8
texto
100
AcDbText
 10
32.1
 20
-27.35
 30
0.0
 40
0.105
  1
Campus JMDSI — predio 100,00 × 100,00 m
100
AcDbText
  0
TEXT
  5
12B5
330
17
100
AcDbEntity
  8
texto-suave
100
AcDbText
 10
32.1
 20
-26.700000000000003
 30
0.0
 40
0.095
  1
Nº DE HOJA
100
AcDbText
  0
TEXT
  5
12B6
330
17
100
AcDbEntity
  8
texto
100
AcDbText
 10
32.1
 20
-26.900000000000002
 30
0.0
 40
0.12
  1
1 de 1
100
AcDbText
  0
TEXT
  5
12B7
330
17
100
AcDbEntity
  8
texto-suave
100
AcDbText
 10
35.050000000000004
 20
-26.700000000000003
 30
0.0
 40
0.095
  1
MODIFICACIÓN
100
AcDbText
  0
TEXT
  5
12B8
330
17
100
AcDbEntity
  8
texto
100
AcDbText
 10
35.050000000000004
 20
-26.900000000000002
 30
0.0
 40
0.105
  1
Emisión inicial
100
AcDbText
  0
ENDSEC
  0
SECTION
  2
OBJECTS
  0
DICTIONARY
  5
A
330
0
100
AcDbDictionary
281
1
  3
ACAD_COLOR
350
B
  3
ACAD_GROUP
350
C
  3
ACAD_LAYOUT
350
D
  3
ACAD_MATERIAL
350
E
  3
ACAD_MLEADERSTYLE
350
F
  3
ACAD_MLINESTYLE
350
10
  3
ACAD_PLOTSETTINGS
350
11
  3
ACAD_PLOTSTYLENAME
350
12
  3
ACAD_SCALELIST
350
14
  3
ACAD_TABLESTYLE
350
15
  3
ACAD_VISUALSTYLE
350
16
  3
EZDXF_META
350
2D
  0
DICTIONARY
  5
B
330
A
100
AcDbDictionary
281
1
  0
DICTIONARY
  5
C
330
A
100
AcDbDictionary
281
1
  0
DICTIONARY
  5
D
330
A
100
AcDbDictionary
281
1
  3
Model
350
1A
  3
Layout1
350
1E
  0
DICTIONARY
  5
E
330
A
100
AcDbDictionary
281
1
  3
ByBlock
350
1F
  3
ByLayer
350
20
  3
Global
350
21
  0
DICTIONARY
  5
F
330
A
100
AcDbDictionary
281
1
  3
Standard
350
2C
  0
DICTIONARY
  5
10
330
A
100
AcDbDictionary
281
1
  3
Standard
350
22
  0
DICTIONARY
  5
11
330
A
100
AcDbDictionary
281
1
  0
ACDBDICTIONARYWDFLT
  5
12
330
A
100
AcDbDictionary
281
1
  3
Normal
350
13
100
AcDbDictionaryWithDefault
340
13
  0
ACDBPLACEHOLDER
  5
13
330
12
  0
DICTIONARY
  5
14
330
A
100
AcDbDictionary
281
1
  0
DICTIONARY
  5
15
330
A
100
AcDbDictionary
281
1
  0
DICTIONARY
  5
16
330
A
100
AcDbDictionary
281
1
  3
2dWireframe
350
5A
  3
Basic
350
5B
  3
Brighten
350
5C
  3
ColorChange
350
5D
  3
Conceptual
350
5E
  3
Dim
350
5F
  3
EdgeColorOff
350
60
  3
Facepattern
350
61
  3
Flat
350
62
  3
FlatWithEdges
350
63
  3
Gouraud
350
64
  3
GouraudWithEdges
350
65
  3
Hidden
350
66
  3
JitterOff
350
67
  3
Linepattern
350
68
  3
Modeling
350
69
  3
OverhangOff
350
6A
  3
Realistic
350
6B
  3
Shaded
350
6C
  3
Shaded with edges
350
6D
  3
Shades of Gray
350
6E
  3
Sketchy
350
6F
  3
Thicken
350
70
  3
Wireframe
350
71
  3
X-Ray
350
72
  0
LAYOUT
  5
1A
330
D
100
AcDbPlotSettings
  1

  4
A3
  6

 40
7.5
 41
20.0
 42
7.5
 43
20.0
 44
420.0
 45
297.0
 46
0.0
 47
0.0
 48
0.0
 49
0.0
140
0.0
141
0.0
142
1.0
143
1.0
 70
1024
 72
1
 73
0
 74
5
  7

 75
16
 76
0
 77
2
 78
300
147
1.0
148
0.0
149
0.0
100
AcDbLayout
  1
Model
 70
1
 71
0
 10
0.0
 20
0.0
 11
420.0
 21
297.0
 12
0.0
 22
0.0
 32
0.0
 14
1e+20
 24
1e+20
 34
1e+20
 15
-1e+20
 25
-1e+20
 35
-1e+20
146
0.0
 13
0.0
 23
0.0
 33
0.0
 16
1.0
 26
0.0
 36
0.0
 17
0.0
 27
1.0
 37
0.0
 76
1
330
17
  0
LAYOUT
  5
1E
330
D
100
AcDbPlotSettings
  1

  4
A3
  6

 40
7.5
 41
20.0
 42
7.5
 43
20.0
 44
420.0
 45
297.0
 46
0.0
 47
0.0
 48
0.0
 49
0.0
140
0.0
141
0.0
142
1.0
143
1.0
 70
0
 72
1
 73
0
 74
5
  7

 75
16
 76
0
 77
2
 78
300
147
1.0
148
0.0
149
0.0
100
AcDbLayout
  1
Layout1
 70
1
 71
1
 10
0.0
 20
0.0
 11
420.0
 21
297.0
 12
0.0
 22
0.0
 32
0.0
 14
1e+20
 24
1e+20
 34
1e+20
 15
-1e+20
 25
-1e+20
 35
-1e+20
146
0.0
 13
0.0
 23
0.0
 33
0.0
 16
1.0
 26
0.0
 36
0.0
 17
0.0
 27
1.0
 37
0.0
 76
1
330
1B
  0
MATERIAL
  5
1F
102
{ACAD_REACTORS
330
E
102
}
330
E
100
AcDbMaterial
  1
ByBlock
  2

 70
0
 40
1.0
 71
1
 41
1.0
 91
-1023410177
 42
1.0
 72
1
  3

 73
1
 74
1
 75
1
 44
0.5
 73
0
 45
1.0
 46
1.0
 77
1
  4

 78
1
 79
1
170
1
 48
1.0
171
1
  6

172
1
173
1
174
1
140
1.0
141
1.0
175
1
  7

176
1
177
1
178
1
143
1.0
179
1
  8

270
1
271
1
272
1
145
1.0
146
1.0
273
1
  9

274
1
275
1
276
1
 42
1.0
 72
1
  3

 73
1
 74
1
 75
1
 94
63
  0
MATERIAL
  5
20
102
{ACAD_REACTORS
330
E
102
}
330
E
100
AcDbMaterial
  1
ByLayer
  2

 70
0
 40
1.0
 71
1
 41
1.0
 91
-1023410177
 42
1.0
 72
1
  3

 73
1
 74
1
 75
1
 44
0.5
 73
0
 45
1.0
 46
1.0
 77
1
  4

 78
1
 79
1
170
1
 48
1.0
171
1
  6

172
1
173
1
174
1
140
1.0
141
1.0
175
1
  7

176
1
177
1
178
1
143
1.0
179
1
  8

270
1
271
1
272
1
145
1.0
146
1.0
273
1
  9

274
1
275
1
276
1
 42
1.0
 72
1
  3

 73
1
 74
1
 75
1
 94
63
  0
MATERIAL
  5
21
102
{ACAD_REACTORS
330
E
102
}
330
E
100
AcDbMaterial
  1
Global
  2

 70
0
 40
1.0
 71
1
 41
1.0
 91
-1023410177
 42
1.0
 72
1
  3

 73
1
 74
1
 75
1
 44
0.5
 73
0
 45
1.0
 46
1.0
 77
1
  4

 78
1
 79
1
170
1
 48
1.0
171
1
  6

172
1
173
1
174
1
140
1.0
141
1.0
175
1
  7

176
1
177
1
178
1
143
1.0
179
1
  8

270
1
271
1
272
1
145
1.0
146
1.0
273
1
  9

274
1
275
1
276
1
 42
1.0
 72
1
  3

 73
1
 74
1
 75
1
 94
63
  0
MLINESTYLE
  5
22
102
{ACAD_REACTORS
330
10
102
}
330
10
100
AcDbMlineStyle
  2
Standard
 70
0
  3

 62
256
 51
90.0
 52
90.0
 71
2
 49
0.5
 62
256
  6
BYLAYER
 49
-0.5
 62
256
  6
BYLAYER
  0
MLEADERSTYLE
  5
2C
102
{ACAD_REACTORS
330
F
102
}
330
F
100
AcDbMLeaderStyle
179
2
170
2
171
1
172
0
 90
2
 40
0.0
 41
0.0
173
1
 91
-1056964608
 92
-2
290
1
 42
2.0
291
1
 43
8.0
  3
Standard
 44
4.0
300

342
29
174
1
175
1
176
0
178
1
 93
-1056964608
 45
4.0
292
0
297
0
 46
4.0
 94
-1056964608
 47
1.0
 49
1.0
140
1.0
294
1
141
0.0
177
0
142
1.0
295
0
296
0
143
3.75
271
0
272
9
273
9
  0
DICTIONARY
  5
2D
330
A
100
AcDbDictionary
280
1
281
1
  3
CREATED_BY_EZDXF
350
2E
  3
WRITTEN_BY_EZDXF
350
12BB
  0
DICTIONARYVAR
  5
2E
330
2D
100
DictionaryVariables
280
0
  1
1.4.4 @ 2026-10-04T04:21:36.169986+00:00
  0
VISUALSTYLE
  5
5A
102
{ACAD_REACTORS
330
16
102
}
330
16
100
AcDbVisualStyle
  2
2dWireframe
 70
4
 90
0
 40
0.6
 62
7
290
0
291
0
  0
VISUALSTYLE
  5
5B
102
{ACAD_REACTORS
330
16
102
}
330
16
100
AcDbVisualStyle
  2
Basic
 70
7
 90
1
 40
0.6
 62
7
290
0
291
1
  0
VISUALSTYLE
  5
5C
102
{ACAD_REACTORS
330
16
102
}
330
16
100
AcDbVisualStyle
  2
Brighten
 70
12
 90
2
 40
0.6
 62
7
290
0
291
1
  0
VISUALSTYLE
  5
5D
102
{ACAD_REACTORS
330
16
102
}
330
16
100
AcDbVisualStyle
  2
ColorChange
 70
16
 90
2
 40
0.6
 62
8
290
0
291
1
  0
VISUALSTYLE
  5
5E
102
{ACAD_REACTORS
330
16
102
}
330
16
100
AcDbVisualStyle
  2
Conceptual
 70
9
 90
3
 40
0.6
 62
7
290
0
291
0
  0
VISUALSTYLE
  5
5F
102
{ACAD_REACTORS
330
16
102
}
330
16
100
AcDbVisualStyle
  2
Dim
 70
11
 90
2
 40
0.6
 62
7
290
0
291
1
  0
VISUALSTYLE
  5
60
102
{ACAD_REACTORS
330
16
102
}
330
16
100
AcDbVisualStyle
  2
EdgeColorOff
 70
22
 90
2
 40
0.6
 62
7
290
0
291
1
  0
VISUALSTYLE
  5
61
102
{ACAD_REACTORS
330
16
102
}
330
16
100
AcDbVisualStyle
  2
Facepattern
 70
15
 90
2
 40
0.6
 62
7
290
0
291
1
  0
VISUALSTYLE
  5
62
102
{ACAD_REACTORS
330
16
102
}
330
16
100
AcDbVisualStyle
  2
Flat
 70
0
 90
2
 40
0.6
 62
7
290
0
291
1
  0
VISUALSTYLE
  5
63
102
{ACAD_REACTORS
330
16
102
}
330
16
100
AcDbVisualStyle
  2
FlatWithEdges
 70
1
 90
2
 40
0.6
 62
7
290
0
291
1
  0
VISUALSTYLE
  5
64
102
{ACAD_REACTORS
330
16
102
}
330
16
100
AcDbVisualStyle
  2
Gouraud
 70
2
 90
2
 40
0.6
 62
7
290
0
291
1
  0
VISUALSTYLE
  5
65
102
{ACAD_REACTORS
330
16
102
}
330
16
100
AcDbVisualStyle
  2
GouraudWithEdges
 70
3
 90
2
 40
0.6
 62
7
290
0
291
1
  0
VISUALSTYLE
  5
66
102
{ACAD_REACTORS
330
16
102
}
330
16
100
AcDbVisualStyle
  2
Hidden
 70
6
 90
1
 40
0.6
 62
7
290
0
291
0
  0
VISUALSTYLE
  5
67
102
{ACAD_REACTORS
330
16
102
}
330
16
100
AcDbVisualStyle
  2
JitterOff
 70
20
 90
2
 40
0.6
 62
7
290
0
291
1
  0
VISUALSTYLE
  5
68
102
{ACAD_REACTORS
330
16
102
}
330
16
100
AcDbVisualStyle
  2
Linepattern
 70
14
 90
2
 40
0.6
 62
7
290
0
291
1
  0
VISUALSTYLE
  5
69
102
{ACAD_REACTORS
330
16
102
}
330
16
100
AcDbVisualStyle
  2
Modeling
 70
10
 90
2
 40
0.6
 62
7
290
0
291
0
  0
VISUALSTYLE
  5
6A
102
{ACAD_REACTORS
330
16
102
}
330
16
100
AcDbVisualStyle
  2
OverhangOff
 70
21
 90
2
 40
0.6
 62
7
290
0
291
1
  0
VISUALSTYLE
  5
6B
102
{ACAD_REACTORS
330
16
102
}
330
16
100
AcDbVisualStyle
  2
Realistic
 70
8
 90
2
 40
0.6
 62
7
290
0
291
0
  0
VISUALSTYLE
  5
6C
102
{ACAD_REACTORS
330
16
102
}
330
16
100
AcDbVisualStyle
  2
Shaded
 70
27
 90
2
 40
0.6
 62
7
290
0
291
0
  0
VISUALSTYLE
  5
6D
102
{ACAD_REACTORS
330
16
102
}
330
16
100
AcDbVisualStyle
  2
Shaded with edges
 70
26
 90
2
 40
0.6
 62
7
290
0
291
0
  0
VISUALSTYLE
  5
6E
102
{ACAD_REACTORS
330
16
102
}
330
16
100
AcDbVisualStyle
  2
Shades of Gray
 70
23
 90
2
 40
0.6
 62
7
290
0
291
0
  0
VISUALSTYLE
  5
6F
102
{ACAD_REACTORS
330
16
102
}
330
16
100
AcDbVisualStyle
  2
Sketchy
 70
24
 90
1
 40
0.6
 62
7
290
0
291
0
  0
VISUALSTYLE
  5
70
102
{ACAD_REACTORS
330
16
102
}
330
16
100
AcDbVisualStyle
  2
Thicken
 70
13
 90
2
 40
0.6
 62
7
290
0
291
1
  0
VISUALSTYLE
  5
71
102
{ACAD_REACTORS
330
16
102
}
330
16
100
AcDbVisualStyle
  2
Wireframe
 70
5
 90
0
 40
0.6
 62
7
290
0
291
0
  0
VISUALSTYLE
  5
72
102
{ACAD_REACTORS
330
16
102
}
330
16
100
AcDbVisualStyle
  2
X-Ray
 70
25
 90
2
 40
0.5
 62
7
290
0
291
0
  0
DICTIONARYVAR
  5
12BB
330
2D
100
DictionaryVariables
280
0
  1
1.4.4 @ 2026-10-04T04:21:36.274980+00:00
  0
ENDSEC
  0
EOF
