  0
SECTION
  2
HEADER
  9
$ACADVER
  1
AC1024
  9
$ACADMAINTVER
 70
6
  9
$DWGCODEPAGE
  3
ANSI_1252
  9
$LASTSAVEDBY
  1
ezdxf
  9
$INSBASE
 10
0.0
 20
0.0
 30
0.0
  9
$EXTMIN
 10
1e+20
 20
1e+20
 30
1e+20
  9
$EXTMAX
 10
-1e+20
 20
-1e+20
 30
-1e+20
  9
$LIMMIN
 10
0.0
 20
0.0
  9
$LIMMAX
 10
420.0
 20
297.0
  9
$ORTHOMODE
 70
0
  9
$REGENMODE
 70
1
  9
$FILLMODE
 70
1
  9
$QTEXTMODE
 70
0
  9
$MIRRTEXT
 70
1
  9
$LTSCALE
 40
1.0
  9
$ATTMODE
 70
1
  9
$TEXTSIZE
 40
2.5
  9
$TRACEWID
 40
1.0
  9
$TEXTSTYLE
  7
OpenSans
  9
$CLAYER
  8
0
  9
$CELTYPE
  6
ByLayer
  9
$CECOLOR
 62
256
  9
$CELTSCALE
 40
1.0
  9
$DISPSILH
 70
0
  9
$DIMSCALE
 40
1.0
  9
$DIMASZ
 40
0.175
  9
$DIMEXO
 40
0.125
  9
$DIMDLI
 40
3.75
  9
$DIMRND
 40
0.0
  9
$DIMDLE
 40
0.0
  9
$DIMEXE
 40
0.375
  9
$DIMTP
 40
0.0
  9
$DIMTM
 40
0.0
  9
$DIMTXT
 40
0.25
  9
$DIMCEN
 40
2.5
  9
$DIMTSZ
 40
0.0
  9
$DIMTOL
 70
0
  9
$DIMLIM
 70
0
  9
$DIMTIH
 70
0
  9
$DIMTOH
 70
0
  9
$DIMSE1
 70
0
  9
$DIMSE2
 70
0
  9
$DIMTAD
 70
1
  9
$DIMZIN
 70
12
  9
$DIMBLK
  1
ARCHTICK
  9
$DIMASO
 70
1
  9
$DIMSHO
 70
1
  9
$DIMPOST
  1

  9
$DIMAPOST
  1

  9
$DIMALT
 70
0
  9
$DIMALTD
 70
3
  9
$DIMALTF
 40
0.03937007874
  9
$DIMLFAC
 40
100.0
  9
$DIMTOFL
 70
1
  9
$DIMTVP
 40
0.0
  9
$DIMTIX
 70
0
  9
$DIMSOXD
 70
0
  9
$DIMSAH
 70
0
  9
$DIMBLK1
  1

  9
$DIMBLK2
  1

  9
$DIMSTYLE
  2
EZDXF
  9
$DIMCLRD
 70
0
  9
$DIMCLRE
 70
0
  9
$DIMCLRT
 70
0
  9
$DIMTFAC
 40
0.5
  9
$DIMGAP
 40
0.1
  9
$DIMJUST
 70
0
  9
$DIMSD1
 70
0
  9
$DIMSD2
 70
0
  9
$DIMTOLJ
 70
0
  9
$DIMTZIN
 70
8
  9
$DIMALTZ
 70
0
  9
$DIMALTTZ
 70
0
  9
$DIMUPT
 70
1
  9
$DIMDEC
 70
2
  9
$DIMTDEC
 70
2
  9
$DIMALTU
 70
2
  9
$DIMALTTD
 70
3
  9
$DIMTXSTY
  7
OpenSansCondensed-Light
  9
$DIMAUNIT
 70
0
  9
$DIMADEC
 70
2
  9
$DIMALTRND
 40
0.0
  9
$DIMAZIN
 70
3
  9
$DIMDSEP
 70
46
  9
$DIMATFIT
 70
3
  9
$DIMFRAC
 70
0
  9
$DIMLDRBLK
  1

  9
$DIMLUNIT
 70
2
  9
$DIMLWD
 70
-2
  9
$DIMLWE
 70
-2
  9
$DIMTMOVE
 70
2
  9
$DIMFXL
 40
1.0
  9
$DIMFXLON
 70
0
  9
$DIMJOGANG
 40
0.785398163397
  9
$DIMTFILL
 70
0
  9
$DIMTFILLCLR
 70
0
  9
$DIMARCSYM
 70
0
  9
$DIMLTYPE
  6

  9
$DIMLTEX1
  6

  9
$DIMLTEX2
  6

  9
$DIMTXTDIRECTION
 70
0
  9
$LUNITS
 70
2
  9
$LUPREC
 70
4
  9
$SKETCHINC
 40
1.0
  9
$FILLETRAD
 40
10.0
  9
$AUNITS
 70
0
  9
$AUPREC
 70
2
  9
$MENU
  1
.
  9
$ELEVATION
 40
0.0
  9
$PELEVATION
 40
0.0
  9
$THICKNESS
 40
0.0
  9
$LIMCHECK
 70
0
  9
$CHAMFERA
 40
0.0
  9
$CHAMFERB
 40
0.0
  9
$CHAMFERC
 40
0.0
  9
$CHAMFERD
 40
0.0
  9
$SKPOLY
 70
0
  9
$TDCREATE
 40
2461318.1963541666
  9
$TDUCREATE
 40
2458532.153996898
  9
$TDUPDATE
 40
2461318.1963541666
  9
$TDUUPDATE
 40
2458532.1544311
  9
$TDINDWG
 40
0.0
  9
$TDUSRTIMER
 40
0.0
  9
$USRTIMER
 70
1
  9
$ANGBASE
 50
0.0
  9
$ANGDIR
 70
0
  9
$PDMODE
 70
0
  9
$PDSIZE
 40
0.0
  9
$PLINEWID
 40
0.0
  9
$SPLFRAME
 70
0
  9
$SPLINETYPE
 70
6
  9
$SPLINESEGS
 70
8
  9
$HANDSEED
  5
611
  9
$SURFTAB1
 70
6
  9
$SURFTAB2
 70
6
  9
$SURFTYPE
 70
6
  9
$SURFU
 70
6
  9
$SURFV
 70
6
  9
$UCSBASE
  2

  9
$UCSNAME
  2

  9
$UCSORG
 10
0.0
 20
0.0
 30
0.0
  9
$UCSXDIR
 10
1.0
 20
0.0
 30
0.0
  9
$UCSYDIR
 10
0.0
 20
1.0
 30
0.0
  9
$UCSORTHOREF
  2

  9
$UCSORTHOVIEW
 70
0
  9
$UCSORGTOP
 10
0.0
 20
0.0
 30
0.0
  9
$UCSORGBOTTOM
 10
0.0
 20
0.0
 30
0.0
  9
$UCSORGLEFT
 10
0.0
 20
0.0
 30
0.0
  9
$UCSORGRIGHT
 10
0.0
 20
0.0
 30
0.0
  9
$UCSORGFRONT
 10
0.0
 20
0.0
 30
0.0
  9
$UCSORGBACK
 10
0.0
 20
0.0
 30
0.0
  9
$PUCSBASE
  2

  9
$PUCSNAME
  2

  9
$PUCSORG
 10
0.0
 20
0.0
 30
0.0
  9
$PUCSXDIR
 10
1.0
 20
0.0
 30
0.0
  9
$PUCSYDIR
 10
0.0
 20
1.0
 30
0.0
  9
$PUCSORTHOREF
  2

  9
$PUCSORTHOVIEW
 70
0
  9
$PUCSORGTOP
 10
0.0
 20
0.0
 30
0.0
  9
$PUCSORGBOTTOM
 10
0.0
 20
0.0
 30
0.0
  9
$PUCSORGLEFT
 10
0.0
 20
0.0
 30
0.0
  9
$PUCSORGRIGHT
 10
0.0
 20
0.0
 30
0.0
  9
$PUCSORGFRONT
 10
0.0
 20
0.0
 30
0.0
  9
$PUCSORGBACK
 10
0.0
 20
0.0
 30
0.0
  9
$USERI1
 70
0
  9
$USERI2
 70
0
  9
$USERI3
 70
0
  9
$USERI4
 70
0
  9
$USERI5
 70
0
  9
$USERR1
 40
0.0
  9
$USERR2
 40
0.0
  9
$USERR3
 40
0.0
  9
$USERR4
 40
0.0
  9
$USERR5
 40
0.0
  9
$WORLDVIEW
 70
1
  9
$SHADEDGE
 70
3
  9
$SHADEDIF
 70
70
  9
$TILEMODE
 70
1
  9
$MAXACTVP
 70
64
  9
$PINSBASE
 10
0.0
 20
0.0
 30
0.0
  9
$PLIMCHECK
 70
0
  9
$PEXTMIN
 10
1e+20
 20
1e+20
 30
1e+20
  9
$PEXTMAX
 10
-1e+20
 20
-1e+20
 30
-1e+20
  9
$PLIMMIN
 10
0.0
 20
0.0
  9
$PLIMMAX
 10
420.0
 20
297.0
  9
$UNITMODE
 70
0
  9
$VISRETAIN
 70
1
  9
$PLINEGEN
 70
0
  9
$PSLTSCALE
 70
1
  9
$TREEDEPTH
 70
3020
  9
$CMLSTYLE
  2
Standard
  9
$CMLJUST
 70
0
  9
$CMLSCALE
 40
20.0
  9
$PROXYGRAPHICS
 70
1
  9
$MEASUREMENT
 70
1
  9
$CELWEIGHT
370
-1
  9
$ENDCAPS
280
0
  9
$JOINSTYLE
280
0
  9
$LWDISPLAY
290
0
  9
$INSUNITS
 70
6
  9
$HYPERLINKBASE
  1

  9
$STYLESHEET
  1

  9
$XEDIT
290
1
  9
$CEPSNTYPE
380
0
  9
$PSTYLEMODE
290
1
  9
$FINGERPRINTGUID
  2
{456A98C0-ADCB-4BFA-BF0E-CC22CE4772EB}
  9
$VERSIONGUID
  2
{ECF240F0-87D7-45FD-BC8C-6BE372A03493}
  9
$EXTNAMES
290
1
  9
$PSVPSCALE
 40
0.0
  9
$OLESTARTUP
290
0
  9
$SORTENTS
280
127
  9
$INDEXCTL
280
0
  9
$HIDETEXT
280
1
  9
$XCLIPFRAME
280
1
  9
$HALOGAP
280
0
  9
$OBSCOLOR
 70
257
  9
$OBSLTYPE
280
0
  9
$INTERSECTIONDISPLAY
280
0
  9
$INTERSECTIONCOLOR
 70
257
  9
$DIMASSOC
280
2
  9
$PROJECTNAME
  1

  9
$CAMERADISPLAY
290
0
  9
$LENSLENGTH
 40
50.0
  9
$CAMERAHEIGHT
 40
0.0
  9
$STEPSPERSEC
 40
24.0
  9
$STEPSIZE
 40
100.0
  9
$3DDWFPREC
 40
2.0
  9
$PSOLWIDTH
 40
0.005
  9
$PSOLHEIGHT
 40
0.08
  9
$LOFTANG1
 40
1.570796326795
  9
$LOFTANG2
 40
1.570796326795
  9
$LOFTMAG1
 40
0.0
  9
$LOFTMAG2
 40
0.0
  9
$LOFTPARAM
 70
7
  9
$LOFTNORMALS
280
1
  9
$LATITUDE
 40
37.795
  9
$LONGITUDE
 40
-122.394
  9
$NORTHDIRECTION
 40
0.0
  9
$TIMEZONE
 70
-8000
  9
$LIGHTGLYPHDISPLAY
280
1
  9
$TILEMODELIGHTSYNCH
280
1
  9
$CMATERIAL
347
20
  9
$SOLIDHIST
280
0
  9
$SHOWHIST
280
1
  9
$DWFFRAME
280
2
  9
$DGNFRAME
280
2
  9
$REALWORLDSCALE
290
1
  9
$INTERFERECOLOR
 62
256
  9
$CSHADOW
280
0
  9
$SHADOWPLANELOCATION
 40
0.0
  0
ENDSEC
  0
SECTION
  2
CLASSES
  0
CLASS
  1
ACDBDICTIONARYWDFLT
  2
AcDbDictionaryWithDefault
  3
ObjectDBX Classes
 90
0
 91
0
280
0
281
0
  0
CLASS
  1
SUN
  2
AcDbSun
  3
SCENEOE
 90
1153
 91
0
280
0
281
0
  0
CLASS
  1
VISUALSTYLE
  2
AcDbVisualStyle
  3
ObjectDBX Classes
 90
4095
 91
0
280
0
281
0
  0
CLASS
  1
MATERIAL
  2
AcDbMaterial
  3
ObjectDBX Classes
 90
1153
 91
0
280
0
281
0
  0
CLASS
  1
SCALE
  2
AcDbScale
  3
ObjectDBX Classes
 90
1153
 91
0
280
0
281
0
  0
CLASS
  1
TABLESTYLE
  2
AcDbTableStyle
  3
ObjectDBX Classes
 90
4095
 91
0
280
0
281
0
  0
CLASS
  1
MLEADERSTYLE
  2
AcDbMLeaderStyle
  3
ACDB_MLEADERSTYLE_CLASS
 90
4095
 91
0
280
0
281
0
  0
CLASS
  1
DICTIONARYVAR
  2
AcDbDictionaryVar
  3
ObjectDBX Classes
 90
0
 91
0
280
0
281
0
  0
CLASS
  1
CELLSTYLEMAP
  2
AcDbCellStyleMap
  3
ObjectDBX Classes
 90
1152
 91
0
280
0
281
0
  0
CLASS
  1
MENTALRAYRENDERSETTINGS
  2
AcDbMentalRayRenderSettings
  3
SCENEOE
 90
1024
 91
0
280
0
281
0
  0
CLASS
  1
ACDBDETAILVIEWSTYLE
  2
AcDbDetailViewStyle
  3
ObjectDBX Classes
 90
1025
 91
0
280
0
281
0
  0
CLASS
  1
ACDBSECTIONVIEWSTYLE
  2
AcDbSectionViewStyle
  3
ObjectDBX Classes
 90
1025
 91
0
280
0
281
0
  0
CLASS
  1
RASTERVARIABLES
  2
AcDbRasterVariables
  3
ISM
 90
0
 91
0
280
0
281
0
  0
CLASS
  1
LAYOUT
  2
AcDbLayout
  3
ObjectDBX Classes
 90
0
 91
0
280
0
281
0
  0
CLASS
  1
ACDBPLACEHOLDER
  2
AcDbPlaceHolder
  3
ObjectDBX Classes
 90
0
 91
0
280
0
281
0
  0
ENDSEC
  0
SECTION
  2
TABLES
  0
TABLE
  2
VPORT
  5
8
330
0
100
AcDbSymbolTable
 70
1
  0
VPORT
  5
23
330
8
100
AcDbSymbolTableRecord
100
AcDbViewportTableRecord
  2
*Active
 70
0
 10
0.0
 20
0.0
 11
1.0
 21
1.0
 12
0.0
 22
0.0
 13
0.0
 23
0.0
 14
0.5
 24
0.5
 15
0.5
 25
0.5
 16
0.0
 26
0.0
 36
1.0
 17
0.0
 27
0.0
 37
0.0
 40
1000.0
 41
1.34
 42
50.0
 43
0.0
 44
0.0
 50
0.0
 51
0.0
 71
0
 72
1000
 73
1
 74
3
 75
0
 76
0
 77
0
 78
0
281
0
 65
0
146
0.0
  0
ENDTAB
  0
TABLE
  2
LTYPE
  5
2
330
0
100
AcDbSymbolTable
 70
21
  0
LTYPE
  5
24
330
2
100
AcDbSymbolTableRecord
100
AcDbLinetypeTableRecord
  2
ByBlock
 70
0
  3

 72
65
 73
0
 40
0.0
  0
LTYPE
  5
25
330
2
100
AcDbSymbolTableRecord
100
AcDbLinetypeTableRecord
  2
ByLayer
 70
0
  3

 72
65
 73
0
 40
0.0
  0
LTYPE
  5
26
330
2
100
AcDbSymbolTableRecord
100
AcDbLinetypeTableRecord
  2
Continuous
 70
0
  3

 72
65
 73
0
 40
0.0
  0
LTYPE
  5
2F
330
2
100
AcDbSymbolTableRecord
100
AcDbLinetypeTableRecord
  2
CENTER
 70
0
  3
Center ____ _ ____ _ ____ _ ____ _ ____ _ ____
 72
65
 73
4
 40
5.08
 49
3.175
 74
0
 49
-0.635
 74
0
 49
0.635
 74
0
 49
-0.635
 74
0
  0
LTYPE
  5
30
330
2
100
AcDbSymbolTableRecord
100
AcDbLinetypeTableRecord
  2
CENTERX2
 70
0
  3
Center (2x) ________  __  ________  __  ________
 72
65
 73
4
 40
8.89
 49
6.35
 74
0
 49
-0.635
 74
0
 49
1.27
 74
0
 49
-0.635
 74
0
  0
LTYPE
  5
31
330
2
100
AcDbSymbolTableRecord
100
AcDbLinetypeTableRecord
  2
CENTER2
 70
0
  3
Center (.5x) ____ _ ____ _ ____ _ ____ _ ____
 72
65
 73
4
 40
2.54
 49
1.587
 74
0
 49
-0.318
 74
0
 49
0.318
 74
0
 49
-0.318
 74
0
  0
LTYPE
  5
32
330
2
100
AcDbSymbolTableRecord
100
AcDbLinetypeTableRecord
  2
DASHED
 70
0
  3
Dashed __ __ __ __ __ __ __ __ __ __ __ __ __ _
 72
65
 73
2
 40
1.524
 49
1.27
 74
0
 49
-0.254
 74
0
  0
LTYPE
  5
33
330
2
100
AcDbSymbolTableRecord
100
AcDbLinetypeTableRecord
  2
DASHEDX2
 70
0
  3
Dashed (2x) ____  ____  ____  ____  ____  ____
 72
65
 73
2
 40
3.048
 49
2.54
 74
0
 49
-0.508
 74
0
  0
LTYPE
  5
34
330
2
100
AcDbSymbolTableRecord
100
AcDbLinetypeTableRecord
  2
DASHED2
 70
0
  3
Dashed (.5x) _ _ _ _ _ _ _ _ _ _ _ _ _ _
 72
65
 73
2
 40
0.762
 49
0.635
 74
0
 49
-0.127
 74
0
  0
LTYPE
  5
35
330
2
100
AcDbSymbolTableRecord
100
AcDbLinetypeTableRecord
  2
PHANTOM
 70
0
  3
Phantom ______  __  __  ______  __  __  ______
 72
65
 73
6
 40
6.35
 49
3.175
 74
0
 49
-0.635
 74
0
 49
0.635
 74
0
 49
-0.635
 74
0
 49
0.635
 74
0
 49
-0.635
 74
0
  0
LTYPE
  5
36
330
2
100
AcDbSymbolTableRecord
100
AcDbLinetypeTableRecord
  2
PHANTOMX2
 70
0
  3
Phantom (2x)____________    ____    ____    ____________
 72
65
 73
6
 40
10.795
 49
6.35
 74
0
 49
-0.635
 74
0
 49
1.27
 74
0
 49
-0.635
 74
0
 49
1.27
 74
0
 49
-0.635
 74
0
  0
LTYPE
  5
37
330
2
100
AcDbSymbolTableRecord
100
AcDbLinetypeTableRecord
  2
PHANTOM2
 70
0
  3
Phantom (.5x) ___ _ _ ___ _ _ ___ _ _ ___ _ _ ___
 72
65
 73
6
 40
3.175
 49
1.587
 74
0
 49
-0.318
 74
0
 49
0.318
 74
0
 49
-0.318
 74
0
 49
0.318
 74
0
 49
-0.318
 74
0
  0
LTYPE
  5
38
330
2
100
AcDbSymbolTableRecord
100
AcDbLinetypeTableRecord
  2
DASHDOT
 70
0
  3
Dash dot __ . __ . __ . __ . __ . __ . __ . __
 72
65
 73
4
 40
3.556
 49
2.54
 74
0
 49
-0.508
 74
0
 49
0.0
 74
0
 49
-0.508
 74
0
  0
LTYPE
  5
39
330
2
100
AcDbSymbolTableRecord
100
AcDbLinetypeTableRecord
  2
DASHDOTX2
 70
0
  3
Dash dot (2x) ____  .  ____  .  ____  .  ____
 72
65
 73
4
 40
6.096
 49
5.08
 74
0
 49
-0.508
 74
0
 49
0.0
 74
0
 49
-0.508
 74
0
  0
LTYPE
  5
3A
330
2
100
AcDbSymbolTableRecord
100
AcDbLinetypeTableRecord
  2
DASHDOT2
 70
0
  3
Dash dot (.5x) _ . _ . _ . _ . _ . _ . _ . _
 72
65
 73
4
 40
1.778
 49
1.27
 74
0
 49
-0.254
 74
0
 49
0.0
 74
0
 49
-0.254
 74
0
  0
LTYPE
  5
3B
330
2
100
AcDbSymbolTableRecord
100
AcDbLinetypeTableRecord
  2
DOT
 70
0
  3
Dot .  .  .  .  .  .  .  .  .  .  .  .  .  .  .  .
 72
65
 73
2
 40
0.508
 49
0.0
 74
0
 49
-0.508
 74
0
  0
LTYPE
  5
3C
330
2
100
AcDbSymbolTableRecord
100
AcDbLinetypeTableRecord
  2
DOTX2
 70
0
  3
Dot (2x) .    .    .    .    .    .    .    . 
 72
65
 73
2
 40
1.016
 49
0.0
 74
0
 49
-1.016
 74
0
  0
LTYPE
  5
3D
330
2
100
AcDbSymbolTableRecord
100
AcDbLinetypeTableRecord
  2
DOT2
 70
0
  3
Dot (.5) . . . . . . . . . . . . . . . . . . . 
 72
65
 73
2
 40
0.254
 49
0.0
 74
0
 49
-0.254
 74
0
  0
LTYPE
  5
3E
330
2
100
AcDbSymbolTableRecord
100
AcDbLinetypeTableRecord
  2
DIVIDE
 70
0
  3
Divide __ . . __ . . __ . . __ . . __ . . __
 72
65
 73
6
 40
4.064
 49
2.54
 74
0
 49
-0.508
 74
0
 49
0.0
 74
0
 49
-0.508
 74
0
 49
0.0
 74
0
 49
-0.508
 74
0
  0
LTYPE
  5
3F
330
2
100
AcDbSymbolTableRecord
100
AcDbLinetypeTableRecord
  2
DIVIDEX2
 70
0
  3
Divide (2x) ____  . .  ____  . .  ____  . .  ____
 72
65
 73
6
 40
6.604
 49
5.08
 74
0
 49
-0.508
 74
0
 49
0.0
 74
0
 49
-0.508
 74
0
 49
0.0
 74
0
 49
-0.508
 74
0
  0
LTYPE
  5
40
330
2
100
AcDbSymbolTableRecord
100
AcDbLinetypeTableRecord
  2
DIVIDE2
 70
0
  3
Divide(.5x) _ . _ . _ . _ . _ . _ . _ . _
 72
65
 73
6
 40
2.032
 49
1.27
 74
0
 49
-0.254
 74
0
 49
0.0
 74
0
 49
-0.254
 74
0
 49
0.0
 74
0
 49
-0.254
 74
0
  0
ENDTAB
  0
TABLE
  2
LAYER
  5
1
330
0
100
AcDbSymbolTable
 70
35
  0
LAYER
  5
27
330
1
100
AcDbSymbolTableRecord
100
AcDbLayerTableRecord
  2
0
 70
0
 62
7
  6
Continuous
370
-3
390
13
347
21
  0
LAYER
  5
28
330
1
100
AcDbSymbolTableRecord
100
AcDbLayerTableRecord
  2
Defpoints
 70
0
 62
7
  6
Continuous
290
0
370
-3
390
13
347
21
  0
LAYER
  5
8A
330
1
100
AcDbSymbolTableRecord
100
AcDbLayerTableRecord
  2
eje
 70
0
 62
7
  6
CONTINUOUS
370
13
390
13
347
21
  0
LAYER
  5
8B
330
1
100
AcDbSymbolTableRecord
100
AcDbLayerTableRecord
  2
muro-corte
 70
0
 62
7
  6
CONTINUOUS
370
60
390
13
347
21
  0
LAYER
  5
8C
330
1
100
AcDbSymbolTableRecord
100
AcDbLayerTableRecord
  2
muro-fill
 70
0
 62
7
  6
CONTINUOUS
370
25
390
13
347
21
  0
LAYER
  5
8D
330
1
100
AcDbSymbolTableRecord
100
AcDbLayerTableRecord
  2
muro-visto
 70
0
 62
7
  6
CONTINUOUS
370
35
390
13
347
21
  0
LAYER
  5
8E
330
1
100
AcDbSymbolTableRecord
100
AcDbLayerTableRecord
  2
tabique-fill
 70
0
 62
7
  6
CONTINUOUS
370
30
390
13
347
21
  0
LAYER
  5
8F
330
1
100
AcDbSymbolTableRecord
100
AcDbLayerTableRecord
  2
hueco
 70
0
 62
7
  6
CONTINUOUS
370
25
390
13
347
21
  0
LAYER
  5
90
330
1
100
AcDbSymbolTableRecord
100
AcDbLayerTableRecord
  2
carpinteria
 70
0
 62
7
  6
CONTINUOUS
370
25
390
13
347
21
  0
LAYER
  5
91
330
1
100
AcDbSymbolTableRecord
100
AcDbLayerTableRecord
  2
vidrio
 70
0
 62
7
  6
CONTINUOUS
370
18
390
13
347
21
  0
LAYER
  5
92
330
1
100
AcDbSymbolTableRecord
100
AcDbLayerTableRecord
  2
mobiliario
 70
0
 62
7
  6
CONTINUOUS
370
18
390
13
347
21
  0
LAYER
  5
93
330
1
100
AcDbSymbolTableRecord
100
AcDbLayerTableRecord
  2
sanitario
 70
0
 62
7
  6
CONTINUOUS
370
20
390
13
347
21
  0
LAYER
  5
94
330
1
100
AcDbSymbolTableRecord
100
AcDbLayerTableRecord
  2
texto
 70
0
 62
7
  6
CONTINUOUS
370
5
390
13
347
21
  0
LAYER
  5
95
330
1
100
AcDbSymbolTableRecord
100
AcDbLayerTableRecord
  2
texto-suave
 70
0
 62
7
  6
CONTINUOUS
370
5
390
13
347
21
  0
LAYER
  5
96
330
1
100
AcDbSymbolTableRecord
100
AcDbLayerTableRecord
  2
cota
 70
0
 62
7
  6
CONTINUOUS
370
13
390
13
347
21
  0
LAYER
  5
97
330
1
100
AcDbSymbolTableRecord
100
AcDbLayerTableRecord
  2
cota-texto
 70
0
 62
7
  6
CONTINUOUS
370
5
390
13
347
21
  0
LAYER
  5
98
330
1
100
AcDbSymbolTableRecord
100
AcDbLayerTableRecord
  2
nivel
 70
0
 62
7
  6
CONTINUOUS
370
20
390
13
347
21
  0
LAYER
  5
99
330
1
100
AcDbSymbolTableRecord
100
AcDbLayerTableRecord
  2
terreno
 70
0
 62
7
  6
CONTINUOUS
370
35
390
13
347
21
  0
LAYER
  5
9A
330
1
100
AcDbSymbolTableRecord
100
AcDbLayerTableRecord
  2
hormigon
 70
0
 62
7
  6
CONTINUOUS
370
30
390
13
347
21
  0
LAYER
  5
9B
330
1
100
AcDbSymbolTableRecord
100
AcDbLayerTableRecord
  2
hatch
 70
0
 62
7
  6
CONTINUOUS
370
9
390
13
347
21
  0
LAYER
  5
9C
330
1
100
AcDbSymbolTableRecord
100
AcDbLayerTableRecord
  2
hatch-2
 70
0
 62
7
  6
CONTINUOUS
370
9
390
13
347
21
  0
LAYER
  5
9D
330
1
100
AcDbSymbolTableRecord
100
AcDbLayerTableRecord
  2
marco
 70
0
 62
7
  6
CONTINUOUS
370
70
390
13
347
21
  0
LAYER
  5
9E
330
1
100
AcDbSymbolTableRecord
100
AcDbLayerTableRecord
  2
marco-fino
 70
0
 62
7
  6
CONTINUOUS
370
25
390
13
347
21
  0
LAYER
  5
9F
330
1
100
AcDbSymbolTableRecord
100
AcDbLayerTableRecord
  2
marco-medio
 70
0
 62
7
  6
CONTINUOUS
370
40
390
13
347
21
  0
LAYER
  5
A0
330
1
100
AcDbSymbolTableRecord
100
AcDbLayerTableRecord
  2
sombra
 70
0
 62
7
  6
CONTINUOUS
370
5
390
13
347
21
  0
LAYER
  5
A1
330
1
100
AcDbSymbolTableRecord
100
AcDbLayerTableRecord
  2
vegetal
 70
0
 62
7
  6
CONTINUOUS
370
20
390
13
347
21
  0
LAYER
  5
A2
330
1
100
AcDbSymbolTableRecord
100
AcDbLayerTableRecord
  2
arbol
 70
0
 62
7
  6
CONTINUOUS
370
18
390
13
347
21
  0
LAYER
  5
A3
330
1
100
AcDbSymbolTableRecord
100
AcDbLayerTableRecord
  2
agua
 70
0
 62
7
  6
CONTINUOUS
370
20
390
13
347
21
  0
LAYER
  5
A4
330
1
100
AcDbSymbolTableRecord
100
AcDbLayerTableRecord
  2
via
 70
0
 62
7
  6
CONTINUOUS
370
20
390
13
347
21
  0
LAYER
  5
A5
330
1
100
AcDbSymbolTableRecord
100
AcDbLayerTableRecord
  2
edificio
 70
0
 62
7
  6
CONTINUOUS
370
25
390
13
347
21
  0
LAYER
  5
A6
330
1
100
AcDbSymbolTableRecord
100
AcDbLayerTableRecord
  2
destacado
 70
0
 62
7
  6
CONTINUOUS
370
40
390
13
347
21
  0
LAYER
  5
A7
330
1
100
AcDbSymbolTableRecord
100
AcDbLayerTableRecord
  2
azul
 70
0
 62
7
  6
CONTINUOUS
370
25
390
13
347
21
  0
LAYER
  5
A8
330
1
100
AcDbSymbolTableRecord
100
AcDbLayerTableRecord
  2
cubierta
 70
0
 62
7
  6
CONTINUOUS
370
25
390
13
347
21
  0
LAYER
  5
A9
330
1
100
AcDbSymbolTableRecord
100
AcDbLayerTableRecord
  2
proyeccion
 70
0
 62
7
  6
CONTINUOUS
370
15
390
13
347
21
  0
LAYER
  5
AA
330
1
100
AcDbSymbolTableRecord
100
AcDbLayerTableRecord
  2
fondo
 70
0
 62
7
  6
CONTINUOUS
370
5
390
13
347
21
  0
ENDTAB
  0
TABLE
  2
STYLE
  5
5
330
0
100
AcDbSymbolTable
 70
26
  0
STYLE
  5
29
330
5
100
AcDbSymbolTableRecord
100
AcDbTextStyleTableRecord
  2
Standard
 70
0
 40
0.0
 41
1.0
 50
0.0
 71
0
 42
2.5
  3
txt
  4

  0
STYLE
  5
41
330
5
100
AcDbSymbolTableRecord
100
AcDbTextStyleTableRecord
  2
OpenSans-Light
 70
0
 40
0.0
 41
1.0
 50
0.0
 71
0
 42
2.5
  3
OpenSans-Light.ttf
  4

  0
STYLE
  5
42
330
5
100
AcDbSymbolTableRecord
100
AcDbTextStyleTableRecord
  2
OpenSans-Light-Italic
 70
0
 40
0.0
 41
1.0
 50
0.0
 71
0
 42
2.5
  3
OpenSans-LightItalic.ttf
  4

  0
STYLE
  5
43
330
5
100
AcDbSymbolTableRecord
100
AcDbTextStyleTableRecord
  2
OpenSans
 70
0
 40
0.0
 41
1.0
 50
0.0
 71
0
 42
2.5
  3
OpenSans-Regular.ttf
  4

  0
STYLE
  5
44
330
5
100
AcDbSymbolTableRecord
100
AcDbTextStyleTableRecord
  2
OpenSans-Italic
 70
0
 40
0.0
 41
1.0
 50
0.0
 71
0
 42
2.5
  3
OpenSans-Italic.ttf
  4

  0
STYLE
  5
45
330
5
100
AcDbSymbolTableRecord
100
AcDbTextStyleTableRecord
  2
OpenSans-SemiBold
 70
0
 40
0.0
 41
1.0
 50
0.0
 71
0
 42
2.5
  3
OpenSans-SemiBold.ttf
  4

  0
STYLE
  5
46
330
5
100
AcDbSymbolTableRecord
100
AcDbTextStyleTableRecord
  2
OpenSans-SemiBoldItalic
 70
0
 40
0.0
 41
1.0
 50
0.0
 71
0
 42
2.5
  3
OpenSans-SemiBoldItalic.ttf
  4

  0
STYLE
  5
47
330
5
100
AcDbSymbolTableRecord
100
AcDbTextStyleTableRecord
  2
OpenSans-Bold
 70
0
 40
0.0
 41
1.0
 50
0.0
 71
0
 42
2.5
  3
OpenSans-Bold.ttf
  4

  0
STYLE
  5
48
330
5
100
AcDbSymbolTableRecord
100
AcDbTextStyleTableRecord
  2
OpenSans-BoldItalic
 70
0
 40
0.0
 41
1.0
 50
0.0
 71
0
 42
2.5
  3
OpenSans-BoldItalic.ttf
  4

  0
STYLE
  5
49
330
5
100
AcDbSymbolTableRecord
100
AcDbTextStyleTableRecord
  2
OpenSans-ExtraBold
 70
0
 40
0.0
 41
1.0
 50
0.0
 71
0
 42
2.5
  3
OpenSans-ExtraBold.ttf
  4

  0
STYLE
  5
4A
330
5
100
AcDbSymbolTableRecord
100
AcDbTextStyleTableRecord
  2
OpenSans-ExtraBoldItalic
 70
0
 40
0.0
 41
1.0
 50
0.0
 71
0
 42
2.5
  3
OpenSans-ExtraBoldItalic.ttf
  4

  0
STYLE
  5
4B
330
5
100
AcDbSymbolTableRecord
100
AcDbTextStyleTableRecord
  2
OpenSansCondensed-Bold
 70
0
 40
0.0
 41
1.0
 50
0.0
 71
0
 42
2.5
  3
OpenSansCondensed-Bold.ttf
  4

  0
STYLE
  5
4C
330
5
100
AcDbSymbolTableRecord
100
AcDbTextStyleTableRecord
  2
OpenSansCondensed-Light
 70
0
 40
0.0
 41
1.0
 50
0.0
 71
0
 42
2.5
  3
OpenSansCondensed-Light.ttf
  4

  0
STYLE
  5
4D
330
5
100
AcDbSymbolTableRecord
100
AcDbTextStyleTableRecord
  2
OpenSansCondensed-Italic
 70
0
 40
0.0
 41
1.0
 50
0.0
 71
0
 42
2.5
  3
OpenSansCondensed-LightItalic.ttf
  4

  0
STYLE
  5
4E
330
5
100
AcDbSymbolTableRecord
100
AcDbTextStyleTableRecord
  2
LiberationSans
 70
0
 40
0.0
 41
1.0
 50
0.0
 71
0
 42
2.5
  3
LiberationSans-Regular.ttf
  4

  0
STYLE
  5
4F
330
5
100
AcDbSymbolTableRecord
100
AcDbTextStyleTableRecord
  2
LiberationSans-Bold
 70
0
 40
0.0
 41
1.0
 50
0.0
 71
0
 42
2.5
  3
LiberationSans-Bold.ttf
  4

  0
STYLE
  5
50
330
5
100
AcDbSymbolTableRecord
100
AcDbTextStyleTableRecord
  2
LiberationSans-BoldItalic
 70
0
 40
0.0
 41
1.0
 50
0.0
 71
0
 42
2.5
  3
LiberationSans-BoldItalic.ttf
  4

  0
STYLE
  5
51
330
5
100
AcDbSymbolTableRecord
100
AcDbTextStyleTableRecord
  2
LiberationSans-Italic
 70
0
 40
0.0
 41
1.0
 50
0.0
 71
0
 42
2.5
  3
LiberationSans-Italic.ttf
  4

  0
STYLE
  5
52
330
5
100
AcDbSymbolTableRecord
100
AcDbTextStyleTableRecord
  2
LiberationSerif
 70
0
 40
0.0
 41
1.0
 50
0.0
 71
0
 42
2.5
  3
LiberationSerif-Regular.ttf
  4

  0
STYLE
  5
53
330
5
100
AcDbSymbolTableRecord
100
AcDbTextStyleTableRecord
  2
LiberationSerif-Bold
 70
0
 40
0.0
 41
1.0
 50
0.0
 71
0
 42
2.5
  3
LiberationSerif-Bold.ttf
  4

  0
STYLE
  5
54
330
5
100
AcDbSymbolTableRecord
100
AcDbTextStyleTableRecord
  2
LiberationSerif-BoldItalic
 70
0
 40
0.0
 41
1.0
 50
0.0
 71
0
 42
2.5
  3
LiberationSerif-BoldItalic.ttf
  4

  0
STYLE
  5
55
330
5
100
AcDbSymbolTableRecord
100
AcDbTextStyleTableRecord
  2
LiberationSerif-Italic
 70
0
 40
0.0
 41
1.0
 50
0.0
 71
0
 42
2.5
  3
LiberationSerif-Italic.ttf
  4

  0
STYLE
  5
56
330
5
100
AcDbSymbolTableRecord
100
AcDbTextStyleTableRecord
  2
LiberationMono
 70
0
 40
0.0
 41
1.0
 50
0.0
 71
0
 42
2.5
  3
LiberationMono-Regular.ttf
  4

  0
STYLE
  5
57
330
5
100
AcDbSymbolTableRecord
100
AcDbTextStyleTableRecord
  2
LiberationMono-Bold
 70
0
 40
0.0
 41
1.0
 50
0.0
 71
0
 42
2.5
  3
LiberationMono-Bold.ttf
  4

  0
STYLE
  5
58
330
5
100
AcDbSymbolTableRecord
100
AcDbTextStyleTableRecord
  2
LiberationMono-BoldItalic
 70
0
 40
0.0
 41
1.0
 50
0.0
 71
0
 42
2.5
  3
LiberationMono-BoldItalic.ttf
  4

  0
STYLE
  5
59
330
5
100
AcDbSymbolTableRecord
100
AcDbTextStyleTableRecord
  2
LiberationMono-Italic
 70
0
 40
0.0
 41
1.0
 50
0.0
 71
0
 42
2.5
  3
LiberationMono-Italic.ttf
  4

  0
ENDTAB
  0
TABLE
  2
VIEW
  5
7
330
0
100
AcDbSymbolTable
 70
0
  0
ENDTAB
  0
TABLE
  2
UCS
  5
6
330
0
100
AcDbSymbolTable
 70
0
  0
ENDTAB
  0
TABLE
  2
APPID
  5
3
330
0
100
AcDbSymbolTable
 70
3
  0
APPID
  5
2A
330
3
100
AcDbSymbolTableRecord
100
AcDbRegAppTableRecord
  2
ACAD
 70
0
  0
APPID
  5
60E
330
3
100
AcDbSymbolTableRecord
100
AcDbRegAppTableRecord
  2
HATCHBACKGROUNDCOLOR
 70
0
  0
APPID
  5
60F
330
3
100
AcDbSymbolTableRecord
100
AcDbRegAppTableRecord
  2
EZDXF
 70
0
  0
ENDTAB
  0
TABLE
  2
DIMSTYLE
  5
4
330
0
100
AcDbSymbolTable
 70
12
100
AcDbDimStyleTable
  0
DIMSTYLE
105
2B
330
4
100
AcDbSymbolTableRecord
100
AcDbDimStyleTableRecord
  2
Standard
 70
0
 40
1.0
 41
2.5
 42
0.625
 43
3.75
 44
1.25
 45
0.0
 46
0.0
 47
0.0
 48
0.0
 49
2.5
140
2.5
141
2.5
142
0.0
143
0.03937007874
144
1.0
145
0.0
146
1.0
147
0.625
148
0.0
 69
0
 70
0
 71
0
 72
0
 73
0
 74
0
 75
0
 76
0
 77
1
 78
8
 79
3
170
0
171
3
172
1
173
0
174
0
175
0
176
0
177
0
178
0
179
2
271
2
272
2
273
2
274
3
275
0
276
0
277
2
278
44
279
0
280
0
281
0
282
0
283
0
284
8
285
0
286
0
288
0
289
3
290
0
371
-2
372
-2
  0
DIMSTYLE
105
73
330
4
100
AcDbSymbolTableRecord
100
AcDbDimStyleTableRecord
  2
EZDXF
 70
0
 40
1.0
 41
0.175
 42
0.125
 43
3.75
 44
0.375
 45
0.0
 46
0.0
 47
0.0
 48
0.0
 49
2.5
140
0.25
141
2.5
142
0.0
143
0.03937007874
144
100.0
145
0.0
146
0.5
147
0.1
148
0.0
 69
0
 70
0
 71
0
 72
0
 73
0
 74
0
 75
0
 76
0
 77
1
 78
12
 79
3
170
0
171
3
172
1
173
0
174
0
175
0
176
0
177
0
178
0
179
2
271
2
272
2
273
2
274
3
275
0
276
0
277
2
278
46
279
2
280
0
281
0
282
0
283
0
284
8
285
0
286
0
288
1
289
3
290
0
340
4C
342
74
371
-2
372
-2
  0
DIMSTYLE
105
7C
330
4
100
AcDbSymbolTableRecord
100
AcDbDimStyleTableRecord
  2
EZ_M_100_H25_CM
 70
0
 40
1.0
 41
0.25
 42
0.125
 43
3.75
 44
0.375
 45
0.0
 46
0.0
 47
0.0
 48
0.0
 49
2.5
140
0.25
141
2.5
142
0.125
143
0.03937007874
144
100.0
145
0.0
146
0.5
147
0.1
148
0.0
 69
0
 70
0
 71
0
 72
0
 73
0
 74
0
 75
0
 76
0
 77
1
 78
12
 79
3
170
0
171
3
172
1
173
0
174
0
175
0
176
0
177
0
178
0
179
2
271
2
272
2
273
2
274
3
275
0
276
0
277
2
278
46
279
2
280
0
281
0
282
0
283
0
284
8
285
0
286
0
288
1
289
3
290
0
340
4C
371
-2
372
-2
  0
DIMSTYLE
105
7D
330
4
100
AcDbSymbolTableRecord
100
AcDbDimStyleTableRecord
  2
EZ_M_50_H25_CM
 70
0
 40
1.0
 41
0.125
 42
0.0625
 43
3.75
 44
0.1875
 45
0.0
 46
0.0
 47
0.0
 48
0.0
 49
2.5
140
0.125
141
2.5
142
0.0625
143
0.03937007874
144
100.0
145
0.0
146
0.5
147
0.05
148
0.0
 69
0
 70
0
 71
0
 72
0
 73
0
 74
0
 75
0
 76
0
 77
1
 78
12
 79
3
170
0
171
3
172
1
173
0
174
0
175
0
176
0
177
0
178
0
179
2
271
2
272
2
273
2
274
3
275
0
276
0
277
2
278
46
279
2
280
0
281
0
282
0
283
0
284
8
285
0
286
0
288
1
289
3
290
0
340
4C
371
-2
372
-2
  0
DIMSTYLE
105
7E
330
4
100
AcDbSymbolTableRecord
100
AcDbDimStyleTableRecord
  2
EZ_M_25_H25_CM
 70
0
 40
1.0
 41
0.0625
 42
0.03125
 43
3.75
 44
0.09375
 45
0.0
 46
0.0
 47
0.0
 48
0.0
 49
2.5
140
0.0625
141
2.5
142
0.03125
143
0.03937007874
144
100.0
145
0.0
146
0.5
147
0.025
148
0.0
 69
0
 70
0
 71
0
 72
0
 73
0
 74
0
 75
0
 76
0
 77
1
 78
12
 79
3
170
0
171
3
172
1
173
0
174
0
175
0
176
0
177
0
178
0
179
2
271
2
272
2
273
2
274
3
275
0
276
0
277
2
278
46
279
2
280
0
281
0
282
0
283
0
284
8
285
0
286
0
288
1
289
3
290
0
340
4C
371
-2
372
-2
  0
DIMSTYLE
105
7F
330
4
100
AcDbSymbolTableRecord
100
AcDbDimStyleTableRecord
  2
EZ_M_20_H25_CM
 70
0
 40
1.0
 41
0.05
 42
0.025
 43
3.75
 44
0.07500000000000001
 45
0.0
 46
0.0
 47
0.0
 48
0.0
 49
2.5
140
0.05
141
2.5
142
0.025
143
0.03937007874
144
100.0
145
0.0
146
0.5
147
0.020000000000000004
148
0.0
 69
0
 70
0
 71
0
 72
0
 73
0
 74
0
 75
0
 76
0
 77
1
 78
12
 79
3
170
0
171
3
172
1
173
0
174
0
175
0
176
0
177
0
178
0
179
2
271
2
272
2
273
2
274
3
275
0
276
0
277
2
278
46
279
2
280
0
281
0
282
0
283
0
284
8
285
0
286
0
288
1
289
3
290
0
340
4C
371
-2
372
-2
  0
DIMSTYLE
105
80
330
4
100
AcDbSymbolTableRecord
100
AcDbDimStyleTableRecord
  2
EZ_M_10_H25_CM
 70
0
 40
1.0
 41
0.025
 42
0.0125
 43
3.75
 44
0.037500000000000006
 45
0.0
 46
0.0
 47
0.0
 48
0.0
 49
2.5
140
0.025
141
2.5
142
0.0125
143
0.03937007874
144
100.0
145
0.0
146
0.5
147
0.010000000000000002
148
0.0
 69
0
 70
0
 71
0
 72
0
 73
0
 74
0
 75
0
 76
0
 77
1
 78
12
 79
3
170
0
171
3
172
1
173
0
174
0
175
0
176
0
177
0
178
0
179
2
271
2
272
2
273
2
274
3
275
0
276
0
277
2
278
46
279
2
280
0
281
0
282
0
283
0
284
8
285
0
286
0
288
1
289
3
290
0
340
4C
371
-2
372
-2
  0
DIMSTYLE
105
81
330
4
100
AcDbSymbolTableRecord
100
AcDbDimStyleTableRecord
  2
EZ_M_5_H25_CM
 70
0
 40
1.0
 41
0.0125
 42
0.00625
 43
3.75
 44
0.018750000000000003
 45
0.0
 46
0.0
 47
0.0
 48
0.0
 49
2.5
140
0.0125
141
2.5
142
0.00625
143
0.03937007874
144
100.0
145
0.0
146
0.5
147
0.005000000000000001
148
0.0
 69
0
 70
0
 71
0
 72
0
 73
0
 74
0
 75
0
 76
0
 77
1
 78
12
 79
3
170
0
171
3
172
1
173
0
174
0
175
0
176
0
177
0
178
0
179
2
271
2
272
2
273
2
274
3
275
0
276
0
277
2
278
46
279
2
280
0
281
0
282
0
283
0
284
8
285
0
286
0
288
1
289
3
290
0
340
4C
371
-2
372
-2
  0
DIMSTYLE
105
82
330
4
100
AcDbSymbolTableRecord
100
AcDbDimStyleTableRecord
  2
EZ_M_1_H25_CM
 70
0
 40
1.0
 41
0.0025
 42
0.00125
 43
3.75
 44
0.00375
 45
0.0
 46
0.0
 47
0.0
 48
0.0
 49
2.5
140
0.0025
141
2.5
142
0.00125
143
0.03937007874
144
100.0
145
0.0
146
0.5
147
0.001
148
0.0
 69
0
 70
0
 71
0
 72
0
 73
0
 74
0
 75
0
 76
0
 77
1
 78
12
 79
3
170
0
171
3
172
1
173
0
174
0
175
0
176
0
177
0
178
0
179
2
271
2
272
2
273
2
274
3
275
0
276
0
277
2
278
46
279
2
280
0
281
0
282
0
283
0
284
8
285
0
286
0
288
1
289
3
290
0
340
4C
371
-2
372
-2
  0
DIMSTYLE
105
83
330
4
100
AcDbSymbolTableRecord
100
AcDbDimStyleTableRecord
  2
EZ_RADIUS
 70
0
 40
1.0
 41
0.25
 42
0.125
 43
3.75
 44
0.375
 45
0.0
 46
0.0
 47
0.0
 48
0.0
 49
2.5
140
0.25
141
0.0
142
0.0
143
0.03937007874
144
100.0
145
0.0
146
0.5
147
0.1
148
0.0
 69
0
 70
0
 71
0
 72
0
 73
0
 74
0
 75
0
 76
0
 77
1
 78
12
 79
3
170
0
171
3
172
0
173
0
174
0
175
0
176
0
177
0
178
0
179
2
271
2
272
2
273
2
274
3
275
0
276
0
277
2
278
46
279
1
280
0
281
0
282
0
283
0
284
8
285
0
286
0
288
1
289
3
290
0
340
4C
342
84
371
-2
372
-2
  0
DIMSTYLE
105
88
330
4
100
AcDbSymbolTableRecord
100
AcDbDimStyleTableRecord
  2
EZ_RADIUS_INSIDE
 70
0
 40
1.0
 41
0.25
 42
0.125
 43
3.75
 44
0.375
 45
0.0
 46
0.0
 47
0.0
 48
0.0
 49
2.5
140
0.25
141
0.0
142
0.0
143
0.03937007874
144
100.0
145
0.0
146
0.5
147
0.1
148
0.0
 69
0
 70
0
 71
0
 72
0
 73
0
 74
0
 75
0
 76
0
 77
0
 78
12
 79
3
170
0
171
3
172
0
173
0
174
1
175
0
176
0
177
0
178
0
179
2
271
2
272
2
273
2
274
3
275
0
276
0
277
2
278
46
279
0
280
0
281
0
282
0
283
0
284
8
285
0
286
0
288
1
289
0
290
0
340
4C
342
84
371
-2
372
-2
  0
DIMSTYLE
105
89
330
4
100
AcDbSymbolTableRecord
100
AcDbDimStyleTableRecord
  2
EZ_CURVED
 70
0
 40
1.0
 41
0.25
 42
0.125
 43
3.75
 44
0.375
 45
0.0
 46
0.0
 47
0.0
 48
0.0
 49
2.5
140
0.25
141
2.5
142
0.0
143
0.03937007874
144
100.0
145
0.0
146
0.5
147
0.1
148
0.0
 69
0
 70
0
 71
0
 72
0
 73
0
 74
0
 75
0
 76
0
 77
1
 78
12
 79
2
 90
2
170
0
171
3
172
1
173
0
174
0
175
0
176
0
177
0
178
0
179
2
271
2
272
2
273
2
274
3
275
0
276
0
277
2
278
46
279
2
280
0
281
0
282
0
283
0
284
8
285
0
286
0
288
1
289
3
290
0
340
4C
371
-2
372
-2
  0
ENDTAB
  0
TABLE
  2
BLOCK_RECORD
  5
9
330
0
100
AcDbSymbolTable
 70
5
  0
BLOCK_RECORD
  5
17
330
9
100
AcDbSymbolTableRecord
100
AcDbBlockTableRecord
  2
*Model_Space
340
1A
 70
0
280
1
281
0
  0
BLOCK_RECORD
  5
1B
330
9
100
AcDbSymbolTableRecord
100
AcDbBlockTableRecord
  2
*Paper_Space
340
1E
 70
0
280
1
281
0
  0
BLOCK_RECORD
  5
74
330
9
100
AcDbSymbolTableRecord
100
AcDbBlockTableRecord
  2
_ARCHTICK
340
0
 70
0
280
1
281
0
  0
BLOCK_RECORD
  5
78
330
9
100
AcDbSymbolTableRecord
100
AcDbBlockTableRecord
  2
_CLOSEDFILLED
340
0
 70
0
280
1
281
0
  0
BLOCK_RECORD
  5
84
330
9
100
AcDbSymbolTableRecord
100
AcDbBlockTableRecord
  2
_CLOSEDBLANK
340
0
 70
0
280
1
281
0
  0
ENDTAB
  0
ENDSEC
  0
SECTION
  2
BLOCKS
  0
BLOCK
  5
18
330
17
100
AcDbEntity
  8
0
100
AcDbBlockBegin
  2
*Model_Space
 70
0
 10
0.0
 20
0.0
 30
0.0
  3
*Model_Space
  1

  0
ENDBLK
  5
19
330
17
100
AcDbEntity
  8
0
100
AcDbBlockEnd
  0
BLOCK
  5
1C
330
1B
100
AcDbEntity
  8
0
100
AcDbBlockBegin
  2
*Paper_Space
 70
0
 10
0.0
 20
0.0
 30
0.0
  3
*Paper_Space
  1

  0
ENDBLK
  5
1D
330
1B
100
AcDbEntity
  8
0
100
AcDbBlockEnd
  0
BLOCK
  5
75
330
74
100
AcDbEntity
  8
0
100
AcDbBlockBegin
  2
_ARCHTICK
 70
0
 10
0.0
 20
0.0
 30
0.0
  3
_ARCHTICK
  1

  0
LWPOLYLINE
  5
77
330
74
100
AcDbEntity
  8
0
  6
BYBLOCK
 62
0
100
AcDbPolyline
 90
2
 70
0
 43
0.15
 10
-0.5
 20
-0.5
 10
0.5
 20
0.5
  0
ENDBLK
  5
76
330
74
100
AcDbEntity
  8
0
100
AcDbBlockEnd
  0
BLOCK
  5
79
330
78
100
AcDbEntity
  8
0
100
AcDbBlockBegin
  2
_CLOSEDFILLED
 70
0
 10
0.0
 20
0.0
 30
0.0
  3
_CLOSEDFILLED
  1

  0
SOLID
  5
7B
330
78
100
AcDbEntity
  8
0
  6
BYBLOCK
 62
0
100
AcDbTrace
 10
-1.0
 20
0.16439898372402537
 30
0.0
 11
0.0
 21
0.0
 31
0.0
 12
-1.0
 22
-0.16439898372402537
 32
0.0
 13
-1.0
 23
-0.16439898372402537
 33
0.0
  0
ENDBLK
  5
7A
330
78
100
AcDbEntity
  8
0
100
AcDbBlockEnd
  0
BLOCK
  5
85
330
84
100
AcDbEntity
  8
0
100
AcDbBlockBegin
  2
_CLOSEDBLANK
 70
0
 10
0.0
 20
0.0
 30
0.0
  3
_CLOSEDBLANK
  1

  0
LWPOLYLINE
  5
87
330
84
100
AcDbEntity
  8
0
  6
BYBLOCK
 62
0
100
AcDbPolyline
 90
3
 70
1
 10
-1.0
 20
0.16439898372402537
 10
0.0
 20
0.0
 10
-1.0
 20
-0.16439898372402537
  0
ENDBLK
  5
86
330
84
100
AcDbEntity
  8
0
100
AcDbBlockEnd
  0
ENDSEC
  0
SECTION
  2
ENTITIES
  0
LINE
  5
AB
330
17
100
AcDbEntity
  8
marco
100
AcDbLine
 10
1.25
 20
-0.6000000000000001
 30
0.0
 11
41.45
 21
-0.6000000000000001
 31
0.0
  0
LINE
  5
AC
330
17
100
AcDbEntity
  8
marco
100
AcDbLine
 10
41.45
 20
-0.6000000000000001
 30
0.0
 11
41.45
 21
-29.1
 31
0.0
  0
LINE
  5
AD
330
17
100
AcDbEntity
  8
marco
100
AcDbLine
 10
41.45
 20
-29.1
 30
0.0
 11
1.25
 21
-29.1
 31
0.0
  0
LINE
  5
AE
330
17
100
AcDbEntity
  8
marco
100
AcDbLine
 10
1.25
 20
-29.1
 30
0.0
 11
1.25
 21
-0.6000000000000001
 31
0.0
  0
LINE
  5
AF
330
17
100
AcDbEntity
  8
marco-fino
100
AcDbLine
 10
6.25
 20
-0.6000000000000001
 30
0.0
 11
6.25
 21
-0.8
 31
0.0
  0
LINE
  5
B0
330
17
100
AcDbEntity
  8
marco-fino
100
AcDbLine
 10
11.25
 20
-0.6000000000000001
 30
0.0
 11
11.25
 21
-0.8
 31
0.0
  0
LINE
  5
B1
330
17
100
AcDbEntity
  8
marco-fino
100
AcDbLine
 10
16.25
 20
-0.6000000000000001
 30
0.0
 11
16.25
 21
-0.8
 31
0.0
  0
LINE
  5
B2
330
17
100
AcDbEntity
  8
marco-fino
100
AcDbLine
 10
21.25
 20
-0.6000000000000001
 30
0.0
 11
21.25
 21
-0.8
 31
0.0
  0
LINE
  5
B3
330
17
100
AcDbEntity
  8
marco-fino
100
AcDbLine
 10
26.25
 20
-0.6000000000000001
 30
0.0
 11
26.25
 21
-0.8
 31
0.0
  0
LINE
  5
B4
330
17
100
AcDbEntity
  8
marco-fino
100
AcDbLine
 10
31.25
 20
-0.6000000000000001
 30
0.0
 11
31.25
 21
-0.8
 31
0.0
  0
LINE
  5
B5
330
17
100
AcDbEntity
  8
marco-fino
100
AcDbLine
 10
36.25
 20
-0.6000000000000001
 30
0.0
 11
36.25
 21
-0.8
 31
0.0
  0
LWPOLYLINE
  5
B6
330
17
100
AcDbEntity
  8
marco-medio
100
AcDbPolyline
 90
4
 70
1
 10
0.0
 20
0.0
 10
100.0
 20
0.0
 10
100.0
 20
100.0
 10
0.0
 20
100.0
  0
LINE
  5
B7
330
17
100
AcDbEntity
  8
hatch-2
100
AcDbLine
 10
103.43431457505076
 20
-6.0
 30
0.0
 11
104.0
 21
-5.434314575050758
 31
0.0
  0
LINE
  5
B8
330
17
100
AcDbEntity
  8
hatch-2
100
AcDbLine
 10
102.86862915010151
 20
-6.0
 30
0.0
 11
104.0
 21
-4.868629150101538
 31
0.0
  0
LINE
  5
B9
330
17
100
AcDbEntity
  8
hatch-2
100
AcDbLine
 10
102.30294372515229
 20
-6.0
 30
0.0
 11
104.0
 21
-4.302943725152295
 31
0.0
  0
LINE
  5
BA
330
17
100
AcDbEntity
  8
hatch-2
100
AcDbLine
 10
101.73725830020305
 20
-6.0
 30
0.0
 11
104.0
 21
-3.7372583002030524
 31
0.0
  0
LINE
  5
BB
330
17
100
AcDbEntity
  8
hatch-2
100
AcDbLine
 10
101.17157287525382
 20
-6.0
 30
0.0
 11
104.0
 21
-3.1715728752538097
 31
0.0
  0
LINE
  5
BC
330
17
100
AcDbEntity
  8
hatch-2
100
AcDbLine
 10
100.60588745030459
 20
-6.0
 30
0.0
 11
104.0
 21
-2.605887450304567
 31
0.0
  0
LINE
  5
BD
330
17
100
AcDbEntity
  8
hatch-2
100
AcDbLine
 10
100.04020202535534
 20
-6.0
 30
0.0
 11
104.0
 21
-2.0402020253553474
 31
0.0
  0
LINE
  5
BE
330
17
100
AcDbEntity
  8
hatch-2
100
AcDbLine
 10
99.4745166004061
 20
-6.0
 30
0.0
 11
104.0
 21
-1.4745166004061048
 31
0.0
  0
LINE
  5
BF
330
17
100
AcDbEntity
  8
hatch-2
100
AcDbLine
 10
98.90883117545687
 20
-6.0
 30
0.0
 11
104.0
 21
-0.908831175456885
 31
0.0
  0
LINE
  5
C0
330
17
100
AcDbEntity
  8
hatch-2
100
AcDbLine
 10
98.34314575050762
 20
-6.0
 30
0.0
 11
104.0
 21
-0.3431457505076196
 31
0.0
  0
LINE
  5
C1
330
17
100
AcDbEntity
  8
hatch-2
100
AcDbLine
 10
97.77746032555838
 20
-6.0
 30
0.0
 11
103.7774603255584
 21
0.0
 31
0.0
  0
LINE
  5
C2
330
17
100
AcDbEntity
  8
hatch-2
100
AcDbLine
 10
97.21177490060916
 20
-6.0
 30
0.0
 11
103.21177490060916
 21
0.0
 31
0.0
  0
LINE
  5
C3
330
17
100
AcDbEntity
  8
hatch-2
100
AcDbLine
 10
96.64608947565989
 20
-6.0
 30
0.0
 11
102.64608947565992
 21
0.0
 31
0.0
  0
LINE
  5
C4
330
17
100
AcDbEntity
  8
hatch-2
100
AcDbLine
 10
96.0804040507107
 20
-6.0
 30
0.0
 11
102.0804040507107
 21
0.0
 31
0.0
  0
LINE
  5
C5
330
17
100
AcDbEntity
  8
hatch-2
100
AcDbLine
 10
95.51471862576143
 20
-6.0
 30
0.0
 11
101.51471862576145
 21
0.0
 31
0.0
  0
LINE
  5
C6
330
17
100
AcDbEntity
  8
hatch-2
100
AcDbLine
 10
94.94903320081218
 20
-6.0
 30
0.0
 11
100.94903320081221
 21
0.0
 31
0.0
  0
LINE
  5
C7
330
17
100
AcDbEntity
  8
hatch-2
100
AcDbLine
 10
94.38334777586297
 20
-6.0
 30
0.0
 11
100.38334777586297
 21
0.0
 31
0.0
  0
LINE
  5
C8
330
17
100
AcDbEntity
  8
hatch-2
100
AcDbLine
 10
93.81766235091371
 20
-6.0
 30
0.0
 11
99.81766235091372
 21
0.0
 31
0.0
  0
LINE
  5
C9
330
17
100
AcDbEntity
  8
hatch-2
100
AcDbLine
 10
93.2519769259645
 20
-6.0
 30
0.0
 11
99.2519769259645
 21
0.0
 31
0.0
  0
LINE
  5
CA
330
17
100
AcDbEntity
  8
hatch-2
100
AcDbLine
 10
92.68629150101523
 20
-6.0
 30
0.0
 11
98.68629150101526
 21
0.0
 31
0.0
  0
LINE
  5
CB
330
17
100
AcDbEntity
  8
hatch-2
100
AcDbLine
 10
92.120606076066
 20
-6.0
 30
0.0
 11
98.120606076066
 21
0.0
 31
0.0
  0
LINE
  5
CC
330
17
100
AcDbEntity
  8
hatch-2
100
AcDbLine
 10
91.55492065111677
 20
-6.0
 30
0.0
 11
97.5549206511168
 21
0.0
 31
0.0
  0
LINE
  5
CD
330
17
100
AcDbEntity
  8
hatch-2
100
AcDbLine
 10
90.98923522616751
 20
-6.0
 30
0.0
 11
96.98923522616754
 21
0.0
 31
0.0
  0
LINE
  5
CE
330
17
100
AcDbEntity
  8
hatch-2
100
AcDbLine
 10
90.42354980121831
 20
-6.0
 30
0.0
 11
96.42354980121831
 21
0.0
 31
0.0
  0
LINE
  5
CF
330
17
100
AcDbEntity
  8
hatch-2
100
AcDbLine
 10
89.85786437626905
 20
-6.0
 30
0.0
 11
95.85786437626908
 21
0.0
 31
0.0
  0
LINE
  5
D0
330
17
100
AcDbEntity
  8
hatch-2
100
AcDbLine
 10
89.29217895131981
 20
-6.0
 30
0.0
 11
95.29217895131981
 21
0.0
 31
0.0
  0
LINE
  5
D1
330
17
100
AcDbEntity
  8
hatch-2
100
AcDbLine
 10
88.72649352637059
 20
-6.0
 30
0.0
 11
94.72649352637059
 21
0.0
 31
0.0
  0
LINE
  5
D2
330
17
100
AcDbEntity
  8
hatch-2
100
AcDbLine
 10
88.16080810142134
 20
-6.0
 30
0.0
 11
94.16080810142134
 21
0.0
 31
0.0
  0
LINE
  5
D3
330
17
100
AcDbEntity
  8
hatch-2
100
AcDbLine
 10
87.5951226764721
 20
-6.0
 30
0.0
 11
93.5951226764721
 21
0.0
 31
0.0
  0
LINE
  5
D4
330
17
100
AcDbEntity
  8
hatch-2
100
AcDbLine
 10
87.02943725152286
 20
-6.0
 30
0.0
 11
93.02943725152286
 21
0.0
 31
0.0
  0
LINE
  5
D5
330
17
100
AcDbEntity
  8
hatch-2
100
AcDbLine
 10
86.46375182657361
 20
-6.0
 30
0.0
 11
92.46375182657361
 21
0.0
 31
0.0
  0
LINE
  5
D6
330
17
100
AcDbEntity
  8
hatch-2
100
AcDbLine
 10
85.89806640162439
 20
-6.0
 30
0.0
 11
91.89806640162439
 21
0.0
 31
0.0
  0
LINE
  5
D7
330
17
100
AcDbEntity
  8
hatch-2
100
AcDbLine
 10
85.33238097667515
 20
-6.0
 30
0.0
 11
91.33238097667515
 21
0.0
 31
0.0
  0
LINE
  5
D8
330
17
100
AcDbEntity
  8
hatch-2
100
AcDbLine
 10
84.76669555172592
 20
-6.0
 30
0.0
 11
90.76669555172593
 21
0.0
 31
0.0
  0
LINE
  5
D9
330
17
100
AcDbEntity
  8
hatch-2
100
AcDbLine
 10
84.2010101267767
 20
-6.0
 30
0.0
 11
90.2010101267767
 21
0.0
 31
0.0
  0
LINE
  5
DA
330
17
100
AcDbEntity
  8
hatch-2
100
AcDbLine
 10
83.63532470182743
 20
-6.000000000000023
 30
0.0
 11
89.63532470182744
 21
0.0
 31
0.0
  0
LINE
  5
DB
330
17
100
AcDbEntity
  8
hatch-2
100
AcDbLine
 10
83.0696392768782
 20
-6.0
 30
0.0
 11
89.0696392768782
 21
0.0
 31
0.0
  0
LINE
  5
DC
330
17
100
AcDbEntity
  8
hatch-2
100
AcDbLine
 10
82.50395385192897
 20
-6.0
 30
0.0
 11
88.50395385192897
 21
0.0
 31
0.0
  0
LINE
  5
DD
330
17
100
AcDbEntity
  8
hatch-2
100
AcDbLine
 10
81.93826842697972
 20
-6.000000000000023
 30
0.0
 11
87.93826842697972
 21
0.0
 31
0.0
  0
LINE
  5
DE
330
17
100
AcDbEntity
  8
hatch-2
100
AcDbLine
 10
81.3725830020305
 20
-6.0
 30
0.0
 11
87.3725830020305
 21
0.0
 31
0.0
  0
LINE
  5
DF
330
17
100
AcDbEntity
  8
hatch-2
100
AcDbLine
 10
80.80689757708123
 20
-6.0
 30
0.0
 11
86.80689757708123
 21
0.0
 31
0.0
  0
LINE
  5
E0
330
17
100
AcDbEntity
  8
hatch-2
100
AcDbLine
 10
80.24121215213202
 20
-6.0
 30
0.0
 11
86.24121215213202
 21
0.0
 31
0.0
  0
LINE
  5
E1
330
17
100
AcDbEntity
  8
hatch-2
100
AcDbLine
 10
79.67552672718276
 20
-6.0
 30
0.0
 11
85.67552672718277
 21
0.0
 31
0.0
  0
LINE
  5
E2
330
17
100
AcDbEntity
  8
hatch-2
100
AcDbLine
 10
79.10984130223352
 20
-6.0
 30
0.0
 11
85.10984130223353
 21
0.0
 31
0.0
  0
LINE
  5
E3
330
17
100
AcDbEntity
  8
hatch-2
100
AcDbLine
 10
78.54415587728428
 20
-6.0
 30
0.0
 11
84.54415587728431
 21
0.0
 31
0.0
  0
LINE
  5
E4
330
17
100
AcDbEntity
  8
hatch-2
100
AcDbLine
 10
77.97847045233505
 20
-6.0
 30
0.0
 11
83.97847045233507
 21
0.0
 31
0.0
  0
LINE
  5
E5
330
17
100
AcDbEntity
  8
hatch-2
100
AcDbLine
 10
77.41278502738581
 20
-6.0
 30
0.0
 11
83.41278502738582
 21
0.0
 31
0.0
  0
LINE
  5
E6
330
17
100
AcDbEntity
  8
hatch-2
100
AcDbLine
 10
76.84709960243657
 20
-6.000000000000023
 30
0.0
 11
82.84709960243659
 21
0.0
 31
0.0
  0
LINE
  5
E7
330
17
100
AcDbEntity
  8
hatch-2
100
AcDbLine
 10
76.28141417748733
 20
-6.000000000000023
 30
0.0
 11
82.28141417748733
 21
0.0
 31
0.0
  0
LINE
  5
E8
330
17
100
AcDbEntity
  8
hatch-2
100
AcDbLine
 10
75.7157287525381
 20
-6.0
 30
0.0
 11
81.71572875253811
 21
0.0
 31
0.0
  0
LINE
  5
E9
330
17
100
AcDbEntity
  8
hatch-2
100
AcDbLine
 10
75.15004332758886
 20
-6.0
 30
0.0
 11
81.15004332758886
 21
0.0
 31
0.0
  0
LINE
  5
EA
330
17
100
AcDbEntity
  8
hatch-2
100
AcDbLine
 10
74.58435790263962
 20
-6.0
 30
0.0
 11
80.58435790263964
 21
0.0
 31
0.0
  0
LINE
  5
EB
330
17
100
AcDbEntity
  8
hatch-2
100
AcDbLine
 10
74.01867247769039
 20
-6.0
 30
0.0
 11
80.01867247769039
 21
0.0
 31
0.0
  0
LINE
  5
EC
330
17
100
AcDbEntity
  8
hatch-2
100
AcDbLine
 10
73.45298705274115
 20
-6.0
 30
0.0
 11
79.45298705274115
 21
0.0
 31
0.0
  0
LINE
  5
ED
330
17
100
AcDbEntity
  8
hatch-2
100
AcDbLine
 10
72.88730162779191
 20
-6.0
 30
0.0
 11
78.88730162779191
 21
0.0
 31
0.0
  0
LINE
  5
EE
330
17
100
AcDbEntity
  8
hatch-2
100
AcDbLine
 10
72.32161620284268
 20
-6.0
 30
0.0
 11
78.32161620284268
 21
0.0
 31
0.0
  0
LINE
  5
EF
330
17
100
AcDbEntity
  8
hatch-2
100
AcDbLine
 10
71.75593077789344
 20
-6.0
 30
0.0
 11
77.75593077789345
 21
0.0
 31
0.0
  0
LINE
  5
F0
330
17
100
AcDbEntity
  8
hatch-2
100
AcDbLine
 10
71.1902453529442
 20
-6.0
 30
0.0
 11
77.1902453529442
 21
0.0
 31
0.0
  0
LINE
  5
F1
330
17
100
AcDbEntity
  8
hatch-2
100
AcDbLine
 10
70.62455992799495
 20
-6.000000000000023
 30
0.0
 11
76.62455992799497
 21
0.0
 31
0.0
  0
LINE
  5
F2
330
17
100
AcDbEntity
  8
hatch-2
100
AcDbLine
 10
70.05887450304573
 20
-6.0
 30
0.0
 11
76.05887450304573
 21
0.0
 31
0.0
  0
LINE
  5
F3
330
17
100
AcDbEntity
  8
hatch-2
100
AcDbLine
 10
69.49318907809648
 20
-6.0
 30
0.0
 11
75.49318907809649
 21
0.0
 31
0.0
  0
LINE
  5
F4
330
17
100
AcDbEntity
  8
hatch-2
100
AcDbLine
 10
68.92750365314726
 20
-6.0
 30
0.0
 11
74.92750365314726
 21
0.0
 31
0.0
  0
LINE
  5
F5
330
17
100
AcDbEntity
  8
hatch-2
100
AcDbLine
 10
68.361818228198
 20
-6.0
 30
0.0
 11
74.36181822819802
 21
0.0
 31
0.0
  0
LINE
  5
F6
330
17
100
AcDbEntity
  8
hatch-2
100
AcDbLine
 10
67.79613280324877
 20
-6.0
 30
0.0
 11
73.79613280324878
 21
0.0
 31
0.0
  0
LINE
  5
F7
330
17
100
AcDbEntity
  8
hatch-2
100
AcDbLine
 10
67.23044737829953
 20
-6.0
 30
0.0
 11
73.23044737829954
 21
0.0
 31
0.0
  0
LINE
  5
F8
330
17
100
AcDbEntity
  8
hatch-2
100
AcDbLine
 10
66.66476195335028
 20
-6.0
 30
0.0
 11
72.6647619533503
 21
0.0
 31
0.0
  0
LINE
  5
F9
330
17
100
AcDbEntity
  8
hatch-2
100
AcDbLine
 10
66.09907652840107
 20
-6.0
 30
0.0
 11
72.09907652840107
 21
0.0
 31
0.0
  0
LINE
  5
FA
330
17
100
AcDbEntity
  8
hatch-2
100
AcDbLine
 10
65.5333911034518
 20
-6.0
 30
0.0
 11
71.53339110345182
 21
0.0
 31
0.0
  0
LINE
  5
FB
330
17
100
AcDbEntity
  8
hatch-2
100
AcDbLine
 10
64.96770567850257
 20
-6.0
 30
0.0
 11
70.96770567850258
 21
0.0
 31
0.0
  0
LINE
  5
FC
330
17
100
AcDbEntity
  8
hatch-2
100
AcDbLine
 10
64.40202025355335
 20
-6.0
 30
0.0
 11
70.40202025355336
 21
0.0
 31
0.0
  0
LINE
  5
FD
330
17
100
AcDbEntity
  8
hatch-2
100
AcDbLine
 10
63.836334828604095
 20
-6.0
 30
0.0
 11
69.83633482860411
 21
0.0
 31
0.0
  0
LINE
  5
FE
330
17
100
AcDbEntity
  8
hatch-2
100
AcDbLine
 10
63.27064940365487
 20
-6.0
 30
0.0
 11
69.27064940365489
 21
0.0
 31
0.0
  0
LINE
  5
FF
330
17
100
AcDbEntity
  8
hatch-2
100
AcDbLine
 10
62.704963978705635
 20
-6.0
 30
0.0
 11
68.70496397870563
 21
0.0
 31
0.0
  0
LINE
  5
100
330
17
100
AcDbEntity
  8
hatch-2
100
AcDbLine
 10
62.13927855375639
 20
-6.0
 30
0.0
 11
68.13927855375638
 21
0.0
 31
0.0
  0
LINE
  5
101
330
17
100
AcDbEntity
  8
hatch-2
100
AcDbLine
 10
61.57359312880716
 20
-6.0
 30
0.0
 11
67.57359312880716
 21
0.0
 31
0.0
  0
LINE
  5
102
330
17
100
AcDbEntity
  8
hatch-2
100
AcDbLine
 10
61.0079077038579
 20
-6.0
 30
0.0
 11
67.00790770385791
 21
0.0
 31
0.0
  0
LINE
  5
103
330
17
100
AcDbEntity
  8
hatch-2
100
AcDbLine
 10
60.44222227890869
 20
-6.0
 30
0.0
 11
66.44222227890869
 21
0.0
 31
0.0
  0
LINE
  5
104
330
17
100
AcDbEntity
  8
hatch-2
100
AcDbLine
 10
59.87653685395944
 20
-6.0
 30
0.0
 11
65.87653685395944
 21
0.0
 31
0.0
  0
LINE
  5
105
330
17
100
AcDbEntity
  8
hatch-2
100
AcDbLine
 10
59.3108514290102
 20
-6.0
 30
0.0
 11
65.3108514290102
 21
0.0
 31
0.0
  0
LINE
  5
106
330
17
100
AcDbEntity
  8
hatch-2
100
AcDbLine
 10
58.745166004060955
 20
-6.0
 30
0.0
 11
64.74516600406098
 21
0.0
 31
0.0
  0
LINE
  5
107
330
17
100
AcDbEntity
  8
hatch-2
100
AcDbLine
 10
58.179480579111726
 20
-6.0
 30
0.0
 11
64.17948057911173
 21
0.0
 31
0.0
  0
LINE
  5
108
330
17
100
AcDbEntity
  8
hatch-2
100
AcDbLine
 10
57.613795154162474
 20
-6.0
 30
0.0
 11
63.613795154162496
 21
0.0
 31
0.0
  0
LINE
  5
109
330
17
100
AcDbEntity
  8
hatch-2
100
AcDbLine
 10
57.04810972921325
 20
-6.0
 30
0.0
 11
63.04810972921325
 21
0.0
 31
0.0
  0
LINE
  5
10A
330
17
100
AcDbEntity
  8
hatch-2
100
AcDbLine
 10
56.482424304264
 20
-6.0
 30
0.0
 11
62.48242430426401
 21
0.0
 31
0.0
  0
LINE
  5
10B
330
17
100
AcDbEntity
  8
hatch-2
100
AcDbLine
 10
55.916738879314764
 20
-6.0
 30
0.0
 11
61.91673887931478
 21
0.0
 31
0.0
  0
LINE
  5
10C
330
17
100
AcDbEntity
  8
hatch-2
100
AcDbLine
 10
55.351053454365534
 20
-6.0
 30
0.0
 11
61.35105345436555
 21
0.0
 31
0.0
  0
LINE
  5
10D
330
17
100
AcDbEntity
  8
hatch-2
100
AcDbLine
 10
54.78536802941629
 20
-6.0
 30
0.0
 11
60.78536802941629
 21
0.0
 31
0.0
  0
LINE
  5
10E
330
17
100
AcDbEntity
  8
hatch-2
100
AcDbLine
 10
54.21968260446705
 20
-6.0
 30
0.0
 11
60.21968260446705
 21
0.0
 31
0.0
  0
LINE
  5
10F
330
17
100
AcDbEntity
  8
hatch-2
100
AcDbLine
 10
53.653997179517816
 20
-6.0
 30
0.0
 11
59.653997179517816
 21
0.0
 31
0.0
  0
LINE
  5
110
330
17
100
AcDbEntity
  8
hatch-2
100
AcDbLine
 10
53.08831175456858
 20
-6.0
 30
0.0
 11
59.088311754568586
 21
0.0
 31
0.0
  0
LINE
  5
111
330
17
100
AcDbEntity
  8
hatch-2
100
AcDbLine
 10
52.52262632961934
 20
-6.0
 30
0.0
 11
58.52262632961936
 21
0.0
 31
0.0
  0
LINE
  5
112
330
17
100
AcDbEntity
  8
hatch-2
100
AcDbLine
 10
51.956940904670105
 20
-6.0
 30
0.0
 11
57.956940904670105
 21
0.0
 31
0.0
  0
LINE
  5
113
330
17
100
AcDbEntity
  8
hatch-2
100
AcDbLine
 10
51.39125547972087
 20
-6.0
 30
0.0
 11
57.39125547972087
 21
0.0
 31
0.0
  0
LINE
  5
114
330
17
100
AcDbEntity
  8
hatch-2
100
AcDbLine
 10
50.82557005477163
 20
-6.0
 30
0.0
 11
56.82557005477163
 21
0.0
 31
0.0
  0
LINE
  5
115
330
17
100
AcDbEntity
  8
hatch-2
100
AcDbLine
 10
50.259884629822395
 20
-6.0
 30
0.0
 11
56.259884629822395
 21
0.0
 31
0.0
  0
LINE
  5
116
330
17
100
AcDbEntity
  8
hatch-2
100
AcDbLine
 10
49.694199204873144
 20
-6.0
 30
0.0
 11
55.69419920487316
 21
0.0
 31
0.0
  0
LINE
  5
117
330
17
100
AcDbEntity
  8
hatch-2
100
AcDbLine
 10
49.1285137799239
 20
-6.0
 30
0.0
 11
55.128513779923914
 21
0.0
 31
0.0
  0
LINE
  5
118
330
17
100
AcDbEntity
  8
hatch-2
100
AcDbLine
 10
48.562828354974684
 20
-6.0
 30
0.0
 11
54.562828354974684
 21
0.0
 31
0.0
  0
LINE
  5
119
330
17
100
AcDbEntity
  8
hatch-2
100
AcDbLine
 10
47.99714293002544
 20
-6.0
 30
0.0
 11
53.99714293002545
 21
0.0
 31
0.0
  0
LINE
  5
11A
330
17
100
AcDbEntity
  8
hatch-2
100
AcDbLine
 10
47.431457505076196
 20
-6.0
 30
0.0
 11
53.43145750507621
 21
0.0
 31
0.0
  0
LINE
  5
11B
330
17
100
AcDbEntity
  8
hatch-2
100
AcDbLine
 10
46.86577208012695
 20
-6.0
 30
0.0
 11
52.86577208012695
 21
0.0
 31
0.0
  0
LINE
  5
11C
330
17
100
AcDbEntity
  8
hatch-2
100
AcDbLine
 10
46.30008665517771
 20
-6.0
 30
0.0
 11
52.30008665517772
 21
0.0
 31
0.0
  0
LINE
  5
11D
330
17
100
AcDbEntity
  8
hatch-2
100
AcDbLine
 10
45.73440123022849
 20
-6.0
 30
0.0
 11
51.73440123022849
 21
0.0
 31
0.0
  0
LINE
  5
11E
330
17
100
AcDbEntity
  8
hatch-2
100
AcDbLine
 10
45.16871580527925
 20
-6.0
 30
0.0
 11
51.16871580527925
 21
0.0
 31
0.0
  0
LINE
  5
11F
330
17
100
AcDbEntity
  8
hatch-2
100
AcDbLine
 10
44.603030380330004
 20
-6.0
 30
0.0
 11
50.603030380330004
 21
0.0
 31
0.0
  0
LINE
  5
120
330
17
100
AcDbEntity
  8
hatch-2
100
AcDbLine
 10
44.03734495538076
 20
-6.0
 30
0.0
 11
50.037344955380775
 21
0.0
 31
0.0
  0
LINE
  5
121
330
17
100
AcDbEntity
  8
hatch-2
100
AcDbLine
 10
43.47165953043152
 20
-6.0
 30
0.0
 11
49.471659530431545
 21
0.0
 31
0.0
  0
LINE
  5
122
330
17
100
AcDbEntity
  8
hatch-2
100
AcDbLine
 10
42.9059741054823
 20
-6.0
 30
0.0
 11
48.9059741054823
 21
0.0
 31
0.0
  0
LINE
  5
123
330
17
100
AcDbEntity
  8
hatch-2
100
AcDbLine
 10
42.34028868053306
 20
-6.0
 30
0.0
 11
48.34028868053306
 21
0.0
 31
0.0
  0
LINE
  5
124
330
17
100
AcDbEntity
  8
hatch-2
100
AcDbLine
 10
41.77460325558383
 20
-6.0
 30
0.0
 11
47.77460325558383
 21
0.0
 31
0.0
  0
LINE
  5
125
330
17
100
AcDbEntity
  8
hatch-2
100
AcDbLine
 10
41.208917830634576
 20
-6.0
 30
0.0
 11
47.208917830634576
 21
0.0
 31
0.0
  0
LINE
  5
126
330
17
100
AcDbEntity
  8
hatch-2
100
AcDbLine
 10
40.64323240568534
 20
-6.0
 30
0.0
 11
46.64323240568535
 21
0.0
 31
0.0
  0
LINE
  5
127
330
17
100
AcDbEntity
  8
hatch-2
100
AcDbLine
 10
40.0775469807361
 20
-6.0
 30
0.0
 11
46.07754698073611
 21
0.0
 31
0.0
  0
LINE
  5
128
330
17
100
AcDbEntity
  8
hatch-2
100
AcDbLine
 10
39.511861555786865
 20
-6.0
 30
0.0
 11
45.511861555786865
 21
0.0
 31
0.0
  0
LINE
  5
129
330
17
100
AcDbEntity
  8
hatch-2
100
AcDbLine
 10
38.94617613083763
 20
-6.0
 30
0.0
 11
44.946176130837635
 21
0.0
 31
0.0
  0
LINE
  5
12A
330
17
100
AcDbEntity
  8
hatch-2
100
AcDbLine
 10
38.380490705888384
 20
-6.0
 30
0.0
 11
44.38049070588839
 21
0.0
 31
0.0
  0
LINE
  5
12B
330
17
100
AcDbEntity
  8
hatch-2
100
AcDbLine
 10
37.81480528093914
 20
-6.0
 30
0.0
 11
43.814805280939154
 21
0.0
 31
0.0
  0
LINE
  5
12C
330
17
100
AcDbEntity
  8
hatch-2
100
AcDbLine
 10
37.24911985598991
 20
-6.0
 30
0.0
 11
43.24911985598992
 21
0.0
 31
0.0
  0
LINE
  5
12D
330
17
100
AcDbEntity
  8
hatch-2
100
AcDbLine
 10
36.68343443104068
 20
-6.0
 30
0.0
 11
42.68343443104068
 21
0.0
 31
0.0
  0
LINE
  5
12E
330
17
100
AcDbEntity
  8
hatch-2
100
AcDbLine
 10
36.117749006091444
 20
-6.0
 30
0.0
 11
42.117749006091444
 21
0.0
 31
0.0
  0
LINE
  5
12F
330
17
100
AcDbEntity
  8
hatch-2
100
AcDbLine
 10
35.55206358114219
 20
-6.0
 30
0.0
 11
41.55206358114219
 21
0.0
 31
0.0
  0
LINE
  5
130
330
17
100
AcDbEntity
  8
hatch-2
100
AcDbLine
 10
34.98637815619295
 20
-6.0
 30
0.0
 11
40.98637815619296
 21
0.0
 31
0.0
  0
LINE
  5
131
330
17
100
AcDbEntity
  8
hatch-2
100
AcDbLine
 10
34.42069273124372
 20
-6.0
 30
0.0
 11
40.42069273124372
 21
0.0
 31
0.0
  0
LINE
  5
132
330
17
100
AcDbEntity
  8
hatch-2
100
AcDbLine
 10
33.85500730629449
 20
-6.0
 30
0.0
 11
39.855007306294496
 21
0.0
 31
0.0
  0
LINE
  5
133
330
17
100
AcDbEntity
  8
hatch-2
100
AcDbLine
 10
33.289321881345245
 20
-6.0
 30
0.0
 11
39.28932188134526
 21
0.0
 31
0.0
  0
LINE
  5
134
330
17
100
AcDbEntity
  8
hatch-2
100
AcDbLine
 10
32.723636456396
 20
-6.0
 30
0.0
 11
38.723636456396
 21
0.0
 31
0.0
  0
LINE
  5
135
330
17
100
AcDbEntity
  8
hatch-2
100
AcDbLine
 10
32.15795103144677
 20
-6.0
 30
0.0
 11
38.15795103144677
 21
0.0
 31
0.0
  0
LINE
  5
136
330
17
100
AcDbEntity
  8
hatch-2
100
AcDbLine
 10
31.592265606497527
 20
-6.0
 30
0.0
 11
37.59226560649754
 21
0.0
 31
0.0
  0
LINE
  5
137
330
17
100
AcDbEntity
  8
hatch-2
100
AcDbLine
 10
31.026580181548297
 20
-6.0
 30
0.0
 11
37.0265801815483
 21
0.0
 31
0.0
  0
LINE
  5
138
330
17
100
AcDbEntity
  8
hatch-2
100
AcDbLine
 10
30.46089475659906
 20
-6.0
 30
0.0
 11
36.46089475659907
 21
0.0
 31
0.0
  0
LINE
  5
139
330
17
100
AcDbEntity
  8
hatch-2
100
AcDbLine
 10
29.895209331649813
 20
-6.0
 30
0.0
 11
35.89520933164981
 21
0.0
 31
0.0
  0
LINE
  5
13A
330
17
100
AcDbEntity
  8
hatch-2
100
AcDbLine
 10
29.32952390670058
 20
-6.0
 30
0.0
 11
35.329523906700594
 21
0.0
 31
0.0
  0
LINE
  5
13B
330
17
100
AcDbEntity
  8
hatch-2
100
AcDbLine
 10
28.763838481751343
 20
-6.0
 30
0.0
 11
34.76383848175135
 21
0.0
 31
0.0
  0
LINE
  5
13C
330
17
100
AcDbEntity
  8
hatch-2
100
AcDbLine
 10
28.198153056802106
 20
-6.0
 30
0.0
 11
34.198153056802106
 21
0.0
 31
0.0
  0
LINE
  5
13D
330
17
100
AcDbEntity
  8
hatch-2
100
AcDbLine
 10
27.63246763185287
 20
-6.0
 30
0.0
 11
33.632467631852876
 21
0.0
 31
0.0
  0
LINE
  5
13E
330
17
100
AcDbEntity
  8
hatch-2
100
AcDbLine
 10
27.06678220690362
 20
-6.0
 30
0.0
 11
33.06678220690363
 21
0.0
 31
0.0
  0
LINE
  5
13F
330
17
100
AcDbEntity
  8
hatch-2
100
AcDbLine
 10
26.50109678195439
 20
-6.0
 30
0.0
 11
32.5010967819544
 21
0.0
 31
0.0
  0
LINE
  5
140
330
17
100
AcDbEntity
  8
hatch-2
100
AcDbLine
 10
25.935411357005147
 20
-6.0
 30
0.0
 11
31.935411357005158
 21
0.0
 31
0.0
  0
LINE
  5
141
330
17
100
AcDbEntity
  8
hatch-2
100
AcDbLine
 10
25.369725932055918
 20
-6.0
 30
0.0
 11
31.369725932055918
 21
0.0
 31
0.0
  0
LINE
  5
142
330
17
100
AcDbEntity
  8
hatch-2
100
AcDbLine
 10
24.804040507106684
 20
-6.0
 30
0.0
 11
30.80404050710668
 21
0.0
 31
0.0
  0
LINE
  5
143
330
17
100
AcDbEntity
  8
hatch-2
100
AcDbLine
 10
24.238355082157433
 20
-6.0
 30
0.0
 11
30.238355082157444
 21
0.0
 31
0.0
  0
LINE
  5
144
330
17
100
AcDbEntity
  8
hatch-2
100
AcDbLine
 10
23.672669657208196
 20
-6.0
 30
0.0
 11
29.6726696572082
 21
0.0
 31
0.0
  0
LINE
  5
145
330
17
100
AcDbEntity
  8
hatch-2
100
AcDbLine
 10
23.10698423225896
 20
-6.0
 30
0.0
 11
29.106984232258963
 21
0.0
 31
0.0
  0
LINE
  5
146
330
17
100
AcDbEntity
  8
hatch-2
100
AcDbLine
 10
22.541298807309726
 20
-6.0
 30
0.0
 11
28.541298807309733
 21
0.0
 31
0.0
  0
LINE
  5
147
330
17
100
AcDbEntity
  8
hatch-2
100
AcDbLine
 10
21.97561338236049
 20
-6.0
 30
0.0
 11
27.975613382360496
 21
0.0
 31
0.0
  0
LINE
  5
148
330
17
100
AcDbEntity
  8
hatch-2
100
AcDbLine
 10
21.40992795741124
 20
-6.0
 30
0.0
 11
27.40992795741125
 21
0.0
 31
0.0
  0
LINE
  5
149
330
17
100
AcDbEntity
  8
hatch-2
100
AcDbLine
 10
20.84424253246201
 20
-6.0
 30
0.0
 11
26.84424253246201
 21
0.0
 31
0.0
  0
LINE
  5
14A
330
17
100
AcDbEntity
  8
hatch-2
100
AcDbLine
 10
20.278557107512768
 20
-6.0
 30
0.0
 11
26.27855710751278
 21
0.0
 31
0.0
  0
LINE
  5
14B
330
17
100
AcDbEntity
  8
hatch-2
100
AcDbLine
 10
19.712871682563538
 20
-6.0
 30
0.0
 11
25.71287168256354
 21
0.0
 31
0.0
  0
LINE
  5
14C
330
17
100
AcDbEntity
  8
hatch-2
100
AcDbLine
 10
19.1471862576143
 20
-6.0
 30
0.0
 11
25.147186257614305
 21
0.0
 31
0.0
  0
LINE
  5
14D
330
17
100
AcDbEntity
  8
hatch-2
100
AcDbLine
 10
18.58150083266505
 20
-6.0
 30
0.0
 11
24.581500832665057
 21
0.0
 31
0.0
  0
LINE
  5
14E
330
17
100
AcDbEntity
  8
hatch-2
100
AcDbLine
 10
18.01581540771582
 20
-6.0
 30
0.0
 11
24.01581540771582
 21
0.0
 31
0.0
  0
LINE
  5
14F
330
17
100
AcDbEntity
  8
hatch-2
100
AcDbLine
 10
17.450129982766583
 20
-6.0
 30
0.0
 11
23.45012998276659
 21
0.0
 31
0.0
  0
LINE
  5
150
330
17
100
AcDbEntity
  8
hatch-2
100
AcDbLine
 10
16.884444557817346
 20
-6.0
 30
0.0
 11
22.884444557817346
 21
0.0
 31
0.0
  0
LINE
  5
151
330
17
100
AcDbEntity
  8
hatch-2
100
AcDbLine
 10
16.31875913286811
 20
-6.0
 30
0.0
 11
22.31875913286811
 21
0.0
 31
0.0
  0
LINE
  5
152
330
17
100
AcDbEntity
  8
hatch-2
100
AcDbLine
 10
15.753073707918862
 20
-6.0
 30
0.0
 11
21.753073707918873
 21
0.0
 31
0.0
  0
LINE
  5
153
330
17
100
AcDbEntity
  8
hatch-2
100
AcDbLine
 10
15.18738828296963
 20
-6.0
 30
0.0
 11
21.187388282969636
 21
0.0
 31
0.0
  0
LINE
  5
154
330
17
100
AcDbEntity
  8
hatch-2
100
AcDbLine
 10
14.621702858020393
 20
-6.0
 30
0.0
 11
20.62170285802039
 21
0.0
 31
0.0
  0
LINE
  5
155
330
17
100
AcDbEntity
  8
hatch-2
100
AcDbLine
 10
14.056017433071156
 20
-6.0
 30
0.0
 11
20.056017433071155
 21
0.0
 31
0.0
  0
LINE
  5
156
330
17
100
AcDbEntity
  8
hatch-2
100
AcDbLine
 10
13.49033200812192
 20
-6.0
 30
0.0
 11
19.490332008121918
 21
0.0
 31
0.0
  0
LINE
  5
157
330
17
100
AcDbEntity
  8
hatch-2
100
AcDbLine
 10
12.92464658317267
 20
-6.0
 30
0.0
 11
18.92464658317268
 21
0.0
 31
0.0
  0
LINE
  5
158
330
17
100
AcDbEntity
  8
hatch-2
100
AcDbLine
 10
12.358961158223451
 20
-6.0
 30
0.0
 11
18.35896115822345
 21
0.0
 31
0.0
  0
LINE
  5
159
330
17
100
AcDbEntity
  8
hatch-2
100
AcDbLine
 10
11.793275733274196
 20
-6.0
 30
0.0
 11
17.793275733274196
 21
0.0
 31
0.0
  0
LINE
  5
15A
330
17
100
AcDbEntity
  8
hatch-2
100
AcDbLine
 10
11.227590308324954
 20
-6.0
 30
0.0
 11
17.227590308324967
 21
0.0
 31
0.0
  0
LINE
  5
15B
330
17
100
AcDbEntity
  8
hatch-2
100
AcDbLine
 10
10.66190488337573
 20
-6.0
 30
0.0
 11
16.661904883375733
 21
0.0
 31
0.0
  0
LINE
  5
15C
330
17
100
AcDbEntity
  8
hatch-2
100
AcDbLine
 10
10.09621945842648
 20
-6.0
 30
0.0
 11
16.096219458426482
 21
0.0
 31
0.0
  0
LINE
  5
15D
330
17
100
AcDbEntity
  8
hatch-2
100
AcDbLine
 10
9.530534033477261
 20
-6.0
 30
0.0
 11
15.530534033477261
 21
0.0
 31
0.0
  0
LINE
  5
15E
330
17
100
AcDbEntity
  8
hatch-2
100
AcDbLine
 10
8.964848608528012
 20
-6.0
 30
0.0
 11
14.964848608528019
 21
0.0
 31
0.0
  0
LINE
  5
15F
330
17
100
AcDbEntity
  8
hatch-2
100
AcDbLine
 10
8.399163183578764
 20
-6.0
 30
0.0
 11
14.399163183578764
 21
0.0
 31
0.0
  0
LINE
  5
160
330
17
100
AcDbEntity
  8
hatch-2
100
AcDbLine
 10
7.833477758629539
 20
-6.0
 30
0.0
 11
13.833477758629545
 21
0.0
 31
0.0
  0
LINE
  5
161
330
17
100
AcDbEntity
  8
hatch-2
100
AcDbLine
 10
7.2677923336802905
 20
-6.0
 30
0.0
 11
13.26779233368029
 21
0.0
 31
0.0
  0
LINE
  5
162
330
17
100
AcDbEntity
  8
hatch-2
100
AcDbLine
 10
6.7021069087310705
 20
-6.0
 30
0.0
 11
12.702106908731071
 21
0.0
 31
0.0
  0
LINE
  5
163
330
17
100
AcDbEntity
  8
hatch-2
100
AcDbLine
 10
6.136421483781822
 20
-6.0
 30
0.0
 11
12.136421483781822
 21
0.0
 31
0.0
  0
LINE
  5
164
330
17
100
AcDbEntity
  8
hatch-2
100
AcDbLine
 10
5.5707360588325745
 20
-6.0
 30
0.0
 11
11.570736058832574
 21
0.0
 31
0.0
  0
LINE
  5
165
330
17
100
AcDbEntity
  8
hatch-2
100
AcDbLine
 10
5.005050633883348
 20
-6.0
 30
0.0
 11
11.005050633883348
 21
0.0
 31
0.0
  0
LINE
  5
166
330
17
100
AcDbEntity
  8
hatch-2
100
AcDbLine
 10
4.439365208934103
 20
-6.0
 30
0.0
 11
10.439365208934106
 21
0.0
 31
0.0
  0
LINE
  5
167
330
17
100
AcDbEntity
  8
hatch-2
100
AcDbLine
 10
3.8736797839848776
 20
-6.0
 30
0.0
 11
9.87367978398488
 21
0.0
 31
0.0
  0
LINE
  5
168
330
17
100
AcDbEntity
  8
hatch-2
100
AcDbLine
 10
3.307994359035632
 20
-6.0
 30
0.0
 11
9.307994359035632
 21
0.0
 31
0.0
  0
LINE
  5
169
330
17
100
AcDbEntity
  8
hatch-2
100
AcDbLine
 10
2.7423089340863838
 20
-6.0
 30
0.0
 11
8.742308934086385
 21
0.0
 31
0.0
  0
LINE
  5
16A
330
17
100
AcDbEntity
  8
hatch-2
100
AcDbLine
 10
2.1766235091371584
 20
-6.0
 30
0.0
 11
8.176623509137164
 21
0.0
 31
0.0
  0
LINE
  5
16B
330
17
100
AcDbEntity
  8
hatch-2
100
AcDbLine
 10
1.610938084187913
 20
-6.0
 30
0.0
 11
7.610938084187916
 21
0.0
 31
0.0
  0
LINE
  5
16C
330
17
100
AcDbEntity
  8
hatch-2
100
AcDbLine
 10
1.0452526592386875
 20
-6.0
 30
0.0
 11
7.04525265923869
 21
0.0
 31
0.0
  0
LINE
  5
16D
330
17
100
AcDbEntity
  8
hatch-2
100
AcDbLine
 10
0.47956723428944203
 20
-6.0
 30
0.0
 11
6.479567234289442
 21
0.0
 31
0.0
  0
LINE
  5
16E
330
17
100
AcDbEntity
  8
hatch-2
100
AcDbLine
 10
-0.08611819065980342
 20
-6.0
 30
0.0
 11
5.913881809340194
 21
0.0
 31
0.0
  0
LINE
  5
16F
330
17
100
AcDbEntity
  8
hatch-2
100
AcDbLine
 10
-0.6518036156090318
 20
-6.0
 30
0.0
 11
5.348196384390971
 21
0.0
 31
0.0
  0
LINE
  5
170
330
17
100
AcDbEntity
  8
hatch-2
100
AcDbLine
 10
-1.2174890405582772
 20
-6.0
 30
0.0
 11
4.782510959441725
 21
0.0
 31
0.0
  0
LINE
  5
171
330
17
100
AcDbEntity
  8
hatch-2
100
AcDbLine
 10
-1.7831744655075028
 20
-6.0
 30
0.0
 11
4.2168255344925
 21
0.0
 31
0.0
  0
LINE
  5
172
330
17
100
AcDbEntity
  8
hatch-2
100
AcDbLine
 10
-2.3488598904567484
 20
-6.0
 30
0.0
 11
3.6511401095432516
 21
0.0
 31
0.0
  0
LINE
  5
173
330
17
100
AcDbEntity
  8
hatch-2
100
AcDbLine
 10
-2.9145453154059937
 20
-6.0
 30
0.0
 11
3.0854546845940063
 21
0.0
 31
0.0
  0
LINE
  5
174
330
17
100
AcDbEntity
  8
hatch-2
100
AcDbLine
 10
-3.480230740355222
 20
-6.0
 30
0.0
 11
2.519769259644781
 21
0.0
 31
0.0
  0
LINE
  5
175
330
17
100
AcDbEntity
  8
hatch-2
100
AcDbLine
 10
-4.0
 20
-5.954083834695529
 30
0.0
 11
1.9540838346955354
 21
0.0
 31
0.0
  0
LINE
  5
176
330
17
100
AcDbEntity
  8
hatch-2
100
AcDbLine
 10
-4.0
 20
-5.388398409746287
 30
0.0
 11
1.3883984097462871
 21
0.0
 31
0.0
  0
LINE
  5
177
330
17
100
AcDbEntity
  8
hatch-2
100
AcDbLine
 10
-4.0
 20
-4.822712984797067
 30
0.0
 11
0.8227129847970616
 21
0.0
 31
0.0
  0
LINE
  5
178
330
17
100
AcDbEntity
  8
hatch-2
100
AcDbLine
 10
-4.0
 20
-4.257027559847825
 30
0.0
 11
0.25702755984781617
 21
0.0
 31
0.0
  0
LINE
  5
179
330
17
100
AcDbEntity
  8
hatch-2
100
AcDbLine
 10
-4.0
 20
-3.691342134898582
 30
0.0
 11
-0.30865786510140936
 21
0.0
 31
0.0
  0
LINE
  5
17A
330
17
100
AcDbEntity
  8
hatch-2
100
AcDbLine
 10
-4.0
 20
-3.1256567099493395
 30
0.0
 11
-0.8743432900506548
 21
0.0
 31
0.0
  0
LINE
  5
17B
330
17
100
AcDbEntity
  8
hatch-2
100
AcDbLine
 10
-4.0
 20
-2.559971285000097
 30
0.0
 11
-1.4400287149999031
 21
0.0
 31
0.0
  0
LINE
  5
17C
330
17
100
AcDbEntity
  8
hatch-2
100
AcDbLine
 10
-4.0
 20
-1.994285860050877
 30
0.0
 11
-2.0057141399491285
 21
0.0
 31
0.0
  0
LINE
  5
17D
330
17
100
AcDbEntity
  8
hatch-2
100
AcDbLine
 10
-4.0
 20
-1.4286004351016346
 30
0.0
 11
-2.571399564898374
 21
0.0
 31
0.0
  0
LINE
  5
17E
330
17
100
AcDbEntity
  8
hatch-2
100
AcDbLine
 10
-4.0
 20
-0.8629150101523919
 30
0.0
 11
-3.1370849898475996
 21
0.0
 31
0.0
  0
LINE
  5
17F
330
17
100
AcDbEntity
  8
hatch-2
100
AcDbLine
 10
-4.0
 20
-0.29722958520314935
 30
0.0
 11
-3.702770414796845
 21
0.0
 31
0.0
  0
LWPOLYLINE
  5
180
330
17
100
AcDbEntity
  8
via
100
AcDbPolyline
 90
4
 70
1
 10
0.0
 20
0.0
 10
100.0
 20
0.0
 10
100.0
 20
8.0
 10
0.0
 20
8.0
  0
LINE
  5
181
330
17
100
AcDbEntity
  8
hatch
100
AcDbLine
 10
99.43431457505075
 20
0.0
 30
0.0
 11
100.0
 21
0.565685424949244
 31
0.0
  0
LINE
  5
182
330
17
100
AcDbEntity
  8
hatch
100
AcDbLine
 10
98.86862915010153
 20
7.105427357601002e-15
 30
0.0
 11
100.0
 21
1.131370849898481
 31
0.0
  0
LINE
  5
183
330
17
100
AcDbEntity
  8
hatch
100
AcDbLine
 10
98.30294372515228
 20
0.0
 30
0.0
 11
100.0
 21
1.6970562748477178
 31
0.0
  0
LINE
  5
184
330
17
100
AcDbEntity
  8
hatch
100
AcDbLine
 10
97.73725830020305
 20
0.0
 30
0.0
 11
100.0
 21
2.2627416997969405
 31
0.0
  0
LINE
  5
185
330
17
100
AcDbEntity
  8
hatch
100
AcDbLine
 10
97.1715728752538
 20
0.0
 30
0.0
 11
100.0
 21
2.8284271247461916
 31
0.0
  0
LINE
  5
186
330
17
100
AcDbEntity
  8
hatch
100
AcDbLine
 10
96.60588745030455
 20
7.105427357601002e-15
 30
0.0
 11
100.0
 21
3.3941125496954427
 31
0.0
  0
LINE
  5
187
330
17
100
AcDbEntity
  8
hatch
100
AcDbLine
 10
96.04020202535533
 20
0.0
 30
0.0
 11
100.0
 21
3.9597979746446654
 31
0.0
  0
LINE
  5
188
330
17
100
AcDbEntity
  8
hatch
100
AcDbLine
 10
95.47451660040608
 20
7.105427357601002e-15
 30
0.0
 11
100.0
 21
4.5254833995939165
 31
0.0
  0
LINE
  5
189
330
17
100
AcDbEntity
  8
hatch
100
AcDbLine
 10
94.90883117545687
 20
7.105427357601002e-15
 30
0.0
 11
100.0
 21
5.091168824543139
 31
0.0
  0
LINE
  5
18A
330
17
100
AcDbEntity
  8
hatch
100
AcDbLine
 10
94.3431457505076
 20
0.0
 30
0.0
 11
100.0
 21
5.656854249492376
 31
0.0
  0
LINE
  5
18B
330
17
100
AcDbEntity
  8
hatch
100
AcDbLine
 10
93.77746032555837
 20
0.0
 30
0.0
 11
100.0
 21
6.222539674441627
 31
0.0
  0
LINE
  5
18C
330
17
100
AcDbEntity
  8
hatch
100
AcDbLine
 10
93.21177490060914
 20
0.0
 30
0.0
 11
100.0
 21
6.78822509939085
 31
0.0
  0
LINE
  5
18D
330
17
100
AcDbEntity
  8
hatch
100
AcDbLine
 10
92.64608947565989
 20
0.0
 30
0.0
 11
100.0
 21
7.353910524340101
 31
0.0
  0
LINE
  5
18E
330
17
100
AcDbEntity
  8
hatch
100
AcDbLine
 10
92.08040405071067
 20
0.0
 30
0.0
 11
100.0
 21
7.919595949289324
 31
0.0
  0
LINE
  5
18F
330
17
100
AcDbEntity
  8
hatch
100
AcDbLine
 10
91.51471862576142
 20
7.105427357601002e-15
 30
0.0
 11
99.51471862576142
 21
8.000000000000007
 31
0.0
  0
LINE
  5
190
330
17
100
AcDbEntity
  8
hatch
100
AcDbLine
 10
90.94903320081218
 20
7.105427357601002e-15
 30
0.0
 11
98.94903320081218
 21
8.000000000000007
 31
0.0
  0
LINE
  5
191
330
17
100
AcDbEntity
  8
hatch
100
AcDbLine
 10
90.38334777586294
 20
7.105427357601002e-15
 30
0.0
 11
98.38334777586294
 21
8.000000000000007
 31
0.0
  0
LINE
  5
192
330
17
100
AcDbEntity
  8
hatch
100
AcDbLine
 10
89.81766235091371
 20
0.0
 30
0.0
 11
97.81766235091371
 21
8.000000000000007
 31
0.0
  0
LINE
  5
193
330
17
100
AcDbEntity
  8
hatch
100
AcDbLine
 10
89.25197692596447
 20
0.0
 30
0.0
 11
97.25197692596447
 21
8.0
 31
0.0
  0
LINE
  5
194
330
17
100
AcDbEntity
  8
hatch
100
AcDbLine
 10
88.68629150101523
 20
0.0
 30
0.0
 11
96.68629150101523
 21
8.000000000000007
 31
0.0
  0
LINE
  5
195
330
17
100
AcDbEntity
  8
hatch
100
AcDbLine
 10
88.120606076066
 20
0.0
 30
0.0
 11
96.120606076066
 21
8.0
 31
0.0
  0
LINE
  5
196
330
17
100
AcDbEntity
  8
hatch
100
AcDbLine
 10
87.55492065111676
 20
0.0
 30
0.0
 11
95.55492065111676
 21
8.000000000000007
 31
0.0
  0
LINE
  5
197
330
17
100
AcDbEntity
  8
hatch
100
AcDbLine
 10
86.98923522616751
 20
0.0
 30
0.0
 11
94.98923522616752
 21
8.000000000000007
 31
0.0
  0
LINE
  5
198
330
17
100
AcDbEntity
  8
hatch
100
AcDbLine
 10
86.42354980121827
 20
0.0
 30
0.0
 11
94.42354980121829
 21
8.0
 31
0.0
  0
LINE
  5
199
330
17
100
AcDbEntity
  8
hatch
100
AcDbLine
 10
85.85786437626903
 20
0.0
 30
0.0
 11
93.85786437626905
 21
8.000000000000007
 31
0.0
  0
LINE
  5
19A
330
17
100
AcDbEntity
  8
hatch
100
AcDbLine
 10
85.2921789513198
 20
0.0
 30
0.0
 11
93.29217895131981
 21
8.000000000000007
 31
0.0
  0
LINE
  5
19B
330
17
100
AcDbEntity
  8
hatch
100
AcDbLine
 10
84.72649352637056
 20
0.0
 30
0.0
 11
92.72649352637058
 21
8.000000000000007
 31
0.0
  0
LINE
  5
19C
330
17
100
AcDbEntity
  8
hatch
100
AcDbLine
 10
84.16080810142131
 20
0.0
 30
0.0
 11
92.16080810142134
 21
8.000000000000007
 31
0.0
  0
LINE
  5
19D
330
17
100
AcDbEntity
  8
hatch
100
AcDbLine
 10
83.59512267647209
 20
0.0
 30
0.0
 11
91.59512267647209
 21
8.0
 31
0.0
  0
LINE
  5
19E
330
17
100
AcDbEntity
  8
hatch
100
AcDbLine
 10
83.02943725152285
 20
0.0
 30
0.0
 11
91.02943725152286
 21
8.000000000000007
 31
0.0
  0
LINE
  5
19F
330
17
100
AcDbEntity
  8
hatch
100
AcDbLine
 10
82.46375182657361
 20
0.0
 30
0.0
 11
90.46375182657361
 21
8.0
 31
0.0
  0
LINE
  5
1A0
330
17
100
AcDbEntity
  8
hatch
100
AcDbLine
 10
81.89806640162438
 20
0.0
 30
0.0
 11
89.89806640162439
 21
8.000000000000007
 31
0.0
  0
LINE
  5
1A1
330
17
100
AcDbEntity
  8
hatch
100
AcDbLine
 10
81.33238097667513
 20
0.0
 30
0.0
 11
89.33238097667513
 21
8.000000000000007
 31
0.0
  0
LINE
  5
1A2
330
17
100
AcDbEntity
  8
hatch
100
AcDbLine
 10
80.76669555172589
 20
0.0
 30
0.0
 11
88.7666955517259
 21
8.000000000000007
 31
0.0
  0
LINE
  5
1A3
330
17
100
AcDbEntity
  8
hatch
100
AcDbLine
 10
80.20101012677665
 20
0.0
 30
0.0
 11
88.20101012677668
 21
8.000000000000014
 31
0.0
  0
LINE
  5
1A4
330
17
100
AcDbEntity
  8
hatch
100
AcDbLine
 10
79.63532470182741
 20
-7.105427357601002e-15
 30
0.0
 11
87.63532470182743
 21
8.0
 31
0.0
  0
LINE
  5
1A5
330
17
100
AcDbEntity
  8
hatch
100
AcDbLine
 10
79.06963927687818
 20
-7.105427357601002e-15
 30
0.0
 11
87.0696392768782
 21
8.000000000000007
 31
0.0
  0
LINE
  5
1A6
330
17
100
AcDbEntity
  8
hatch
100
AcDbLine
 10
78.50395385192894
 20
0.0
 30
0.0
 11
86.50395385192894
 21
8.000000000000007
 31
0.0
  0
LINE
  5
1A7
330
17
100
AcDbEntity
  8
hatch
100
AcDbLine
 10
77.9382684269797
 20
0.0
 30
0.0
 11
85.9382684269797
 21
8.0
 31
0.0
  0
LINE
  5
1A8
330
17
100
AcDbEntity
  8
hatch
100
AcDbLine
 10
77.37258300203047
 20
0.0
 30
0.0
 11
85.37258300203047
 21
8.000000000000007
 31
0.0
  0
LINE
  5
1A9
330
17
100
AcDbEntity
  8
hatch
100
AcDbLine
 10
76.80689757708123
 20
7.105427357601002e-15
 30
0.0
 11
84.80689757708123
 21
8.000000000000014
 31
0.0
  0
LINE
  5
1AA
330
17
100
AcDbEntity
  8
hatch
100
AcDbLine
 10
76.241212152132
 20
0.0
 30
0.0
 11
84.241212152132
 21
8.000000000000007
 31
0.0
  0
LINE
  5
1AB
330
17
100
AcDbEntity
  8
hatch
100
AcDbLine
 10
75.67552672718276
 20
0.0
 30
0.0
 11
83.67552672718276
 21
8.000000000000007
 31
0.0
  0
LINE
  5
1AC
330
17
100
AcDbEntity
  8
hatch
100
AcDbLine
 10
75.10984130223352
 20
0.0
 30
0.0
 11
83.10984130223352
 21
8.0
 31
0.0
  0
LINE
  5
1AD
330
17
100
AcDbEntity
  8
hatch
100
AcDbLine
 10
74.54415587728428
 20
0.0
 30
0.0
 11
82.54415587728428
 21
8.000000000000007
 31
0.0
  0
LINE
  5
1AE
330
17
100
AcDbEntity
  8
hatch
100
AcDbLine
 10
73.97847045233503
 20
7.105427357601002e-15
 30
0.0
 11
81.97847045233505
 21
8.000000000000007
 31
0.0
  0
LINE
  5
1AF
330
17
100
AcDbEntity
  8
hatch
100
AcDbLine
 10
73.41278502738581
 20
0.0
 30
0.0
 11
81.41278502738581
 21
8.000000000000007
 31
0.0
  0
LINE
  5
1B0
330
17
100
AcDbEntity
  8
hatch
100
AcDbLine
 10
72.84709960243657
 20
7.105427357601002e-15
 30
0.0
 11
80.84709960243657
 21
8.000000000000007
 31
0.0
  0
LINE
  5
1B1
330
17
100
AcDbEntity
  8
hatch
100
AcDbLine
 10
72.28141417748733
 20
7.105427357601002e-15
 30
0.0
 11
80.28141417748733
 21
8.000000000000007
 31
0.0
  0
LINE
  5
1B2
330
17
100
AcDbEntity
  8
hatch
100
AcDbLine
 10
71.7157287525381
 20
7.105427357601002e-15
 30
0.0
 11
79.7157287525381
 21
8.000000000000007
 31
0.0
  0
LINE
  5
1B3
330
17
100
AcDbEntity
  8
hatch
100
AcDbLine
 10
71.15004332758885
 20
0.0
 30
0.0
 11
79.15004332758886
 21
8.000000000000007
 31
0.0
  0
LINE
  5
1B4
330
17
100
AcDbEntity
  8
hatch
100
AcDbLine
 10
70.58435790263962
 20
7.105427357601002e-15
 30
0.0
 11
78.58435790263962
 21
8.000000000000014
 31
0.0
  0
LINE
  5
1B5
330
17
100
AcDbEntity
  8
hatch
100
AcDbLine
 10
70.01867247769037
 20
0.0
 30
0.0
 11
78.01867247769039
 21
8.000000000000007
 31
0.0
  0
LINE
  5
1B6
330
17
100
AcDbEntity
  8
hatch
100
AcDbLine
 10
69.45298705274114
 20
0.0
 30
0.0
 11
77.45298705274114
 21
8.0
 31
0.0
  0
LINE
  5
1B7
330
17
100
AcDbEntity
  8
hatch
100
AcDbLine
 10
68.8873016277919
 20
7.105427357601002e-15
 30
0.0
 11
76.88730162779191
 21
8.000000000000007
 31
0.0
  0
LINE
  5
1B8
330
17
100
AcDbEntity
  8
hatch
100
AcDbLine
 10
68.32161620284265
 20
7.105427357601002e-15
 30
0.0
 11
76.32161620284265
 21
8.000000000000007
 31
0.0
  0
LINE
  5
1B9
330
17
100
AcDbEntity
  8
hatch
100
AcDbLine
 10
67.75593077789343
 20
7.105427357601002e-15
 30
0.0
 11
75.75593077789344
 21
8.000000000000007
 31
0.0
  0
LINE
  5
1BA
330
17
100
AcDbEntity
  8
hatch
100
AcDbLine
 10
67.19024535294419
 20
7.105427357601002e-15
 30
0.0
 11
75.19024535294419
 21
8.000000000000014
 31
0.0
  0
LINE
  5
1BB
330
17
100
AcDbEntity
  8
hatch
100
AcDbLine
 10
66.62455992799495
 20
7.105427357601002e-15
 30
0.0
 11
74.62455992799495
 21
8.000000000000007
 31
0.0
  0
LINE
  5
1BC
330
17
100
AcDbEntity
  8
hatch
100
AcDbLine
 10
66.05887450304571
 20
7.105427357601002e-15
 30
0.0
 11
74.05887450304573
 21
8.000000000000014
 31
0.0
  0
LINE
  5
1BD
330
17
100
AcDbEntity
  8
hatch
100
AcDbLine
 10
65.49318907809646
 20
0.0
 30
0.0
 11
73.49318907809646
 21
8.000000000000007
 31
0.0
  0
LINE
  5
1BE
330
17
100
AcDbEntity
  8
hatch
100
AcDbLine
 10
64.92750365314724
 20
0.0
 30
0.0
 11
72.92750365314726
 21
8.000000000000007
 31
0.0
  0
LINE
  5
1BF
330
17
100
AcDbEntity
  8
hatch
100
AcDbLine
 10
64.36181822819799
 20
7.105427357601002e-15
 30
0.0
 11
72.36181822819799
 21
8.000000000000007
 31
0.0
  0
LINE
  5
1C0
330
17
100
AcDbEntity
  8
hatch
100
AcDbLine
 10
63.79613280324876
 20
3.552713678800501e-15
 30
0.0
 11
71.79613280324875
 21
8.0
 31
0.0
  0
LINE
  5
1C1
330
17
100
AcDbEntity
  8
hatch
100
AcDbLine
 10
63.23044737829952
 20
7.105427357601002e-15
 30
0.0
 11
71.23044737829953
 21
8.000000000000007
 31
0.0
  0
LINE
  5
1C2
330
17
100
AcDbEntity
  8
hatch
100
AcDbLine
 10
62.664761953350265
 20
0.0
 30
0.0
 11
70.66476195335028
 21
8.000000000000004
 31
0.0
  0
LINE
  5
1C3
330
17
100
AcDbEntity
  8
hatch
100
AcDbLine
 10
62.09907652840105
 20
7.105427357601002e-15
 30
0.0
 11
70.09907652840106
 21
8.000000000000007
 31
0.0
  0
LINE
  5
1C4
330
17
100
AcDbEntity
  8
hatch
100
AcDbLine
 10
61.5333911034518
 20
0.0
 30
0.0
 11
69.5333911034518
 21
8.000000000000004
 31
0.0
  0
LINE
  5
1C5
330
17
100
AcDbEntity
  8
hatch
100
AcDbLine
 10
60.96770567850257
 20
0.0
 30
0.0
 11
68.96770567850257
 21
8.000000000000004
 31
0.0
  0
LINE
  5
1C6
330
17
100
AcDbEntity
  8
hatch
100
AcDbLine
 10
60.40202025355333
 20
0.0
 30
0.0
 11
68.40202025355333
 21
8.000000000000004
 31
0.0
  0
LINE
  5
1C7
330
17
100
AcDbEntity
  8
hatch
100
AcDbLine
 10
59.83633482860408
 20
0.0
 30
0.0
 11
67.83633482860408
 21
8.000000000000007
 31
0.0
  0
LINE
  5
1C8
330
17
100
AcDbEntity
  8
hatch
100
AcDbLine
 10
59.27064940365486
 20
0.0
 30
0.0
 11
67.27064940365486
 21
8.0
 31
0.0
  0
LINE
  5
1C9
330
17
100
AcDbEntity
  8
hatch
100
AcDbLine
 10
58.70496397870561
 20
0.0
 30
0.0
 11
66.70496397870562
 21
8.000000000000007
 31
0.0
  0
LINE
  5
1CA
330
17
100
AcDbEntity
  8
hatch
100
AcDbLine
 10
58.13927855375637
 20
0.0
 30
0.0
 11
66.13927855375638
 21
8.000000000000007
 31
0.0
  0
LINE
  5
1CB
330
17
100
AcDbEntity
  8
hatch
100
AcDbLine
 10
57.57359312880713
 20
3.552713678800501e-15
 30
0.0
 11
65.57359312880715
 21
8.000000000000007
 31
0.0
  0
LINE
  5
1CC
330
17
100
AcDbEntity
  8
hatch
100
AcDbLine
 10
57.007907703857896
 20
0.0
 30
0.0
 11
65.00790770385791
 21
8.00000000000001
 31
0.0
  0
LINE
  5
1CD
330
17
100
AcDbEntity
  8
hatch
100
AcDbLine
 10
56.44222227890866
 20
0.0
 30
0.0
 11
64.44222227890867
 21
8.000000000000004
 31
0.0
  0
LINE
  5
1CE
330
17
100
AcDbEntity
  8
hatch
100
AcDbLine
 10
55.87653685395942
 20
3.552713678800501e-15
 30
0.0
 11
63.87653685395943
 21
8.00000000000001
 31
0.0
  0
LINE
  5
1CF
330
17
100
AcDbEntity
  8
hatch
100
AcDbLine
 10
55.310851429010185
 20
0.0
 30
0.0
 11
63.310851429010185
 21
8.0
 31
0.0
  0
LINE
  5
1D0
330
17
100
AcDbEntity
  8
hatch
100
AcDbLine
 10
54.74516600406095
 20
0.0
 30
0.0
 11
62.745166004060955
 21
8.000000000000007
 31
0.0
  0
LINE
  5
1D1
330
17
100
AcDbEntity
  8
hatch
100
AcDbLine
 10
54.17948057911171
 20
0.0
 30
0.0
 11
62.17948057911171
 21
8.000000000000007
 31
0.0
  0
LINE
  5
1D2
330
17
100
AcDbEntity
  8
hatch
100
AcDbLine
 10
53.61379515416246
 20
3.552713678800501e-15
 30
0.0
 11
61.613795154162474
 21
8.000000000000007
 31
0.0
  0
LINE
  5
1D3
330
17
100
AcDbEntity
  8
hatch
100
AcDbLine
 10
53.04810972921322
 20
0.0
 30
0.0
 11
61.04810972921324
 21
8.00000000000001
 31
0.0
  0
LINE
  5
1D4
330
17
100
AcDbEntity
  8
hatch
100
AcDbLine
 10
52.48242430426399
 20
0.0
 30
0.0
 11
60.482424304264
 21
8.000000000000004
 31
0.0
  0
LINE
  5
1D5
330
17
100
AcDbEntity
  8
hatch
100
AcDbLine
 10
51.91673887931476
 20
0.0
 30
0.0
 11
59.91673887931477
 21
8.00000000000001
 31
0.0
  0
LINE
  5
1D6
330
17
100
AcDbEntity
  8
hatch
100
AcDbLine
 10
51.35105345436552
 20
0.0
 30
0.0
 11
59.35105345436553
 21
8.000000000000004
 31
0.0
  0
LINE
  5
1D7
330
17
100
AcDbEntity
  8
hatch
100
AcDbLine
 10
50.785368029416276
 20
0.0
 30
0.0
 11
58.785368029416276
 21
8.0
 31
0.0
  0
LINE
  5
1D8
330
17
100
AcDbEntity
  8
hatch
100
AcDbLine
 10
50.21968260446704
 20
0.0
 30
0.0
 11
58.21968260446705
 21
8.000000000000007
 31
0.0
  0
LINE
  5
1D9
330
17
100
AcDbEntity
  8
hatch
100
AcDbLine
 10
49.6539971795178
 20
0.0
 30
0.0
 11
57.6539971795178
 21
8.000000000000007
 31
0.0
  0
LINE
  5
1DA
330
17
100
AcDbEntity
  8
hatch
100
AcDbLine
 10
49.088311754568565
 20
0.0
 30
0.0
 11
57.08831175456858
 21
8.000000000000007
 31
0.0
  0
LINE
  5
1DB
330
17
100
AcDbEntity
  8
hatch
100
AcDbLine
 10
48.52262632961933
 20
0.0
 30
0.0
 11
56.52262632961933
 21
8.000000000000007
 31
0.0
  0
LINE
  5
1DC
330
17
100
AcDbEntity
  8
hatch
100
AcDbLine
 10
47.956940904670084
 20
0.0
 30
0.0
 11
55.95694090467009
 21
8.000000000000004
 31
0.0
  0
LINE
  5
1DD
330
17
100
AcDbEntity
  8
hatch
100
AcDbLine
 10
47.39125547972085
 20
0.0
 30
0.0
 11
55.391255479720854
 21
8.000000000000004
 31
0.0
  0
LINE
  5
1DE
330
17
100
AcDbEntity
  8
hatch
100
AcDbLine
 10
46.82557005477162
 20
0.0
 30
0.0
 11
54.82557005477162
 21
8.000000000000004
 31
0.0
  0
LINE
  5
1DF
330
17
100
AcDbEntity
  8
hatch
100
AcDbLine
 10
46.25988462982238
 20
3.552713678800501e-15
 30
0.0
 11
54.25988462982238
 21
8.000000000000007
 31
0.0
  0
LINE
  5
1E0
330
17
100
AcDbEntity
  8
hatch
100
AcDbLine
 10
45.69419920487313
 20
0.0
 30
0.0
 11
53.69419920487314
 21
8.000000000000004
 31
0.0
  0
LINE
  5
1E1
330
17
100
AcDbEntity
  8
hatch
100
AcDbLine
 10
45.12851377992389
 20
0.0
 30
0.0
 11
53.1285137799239
 21
8.000000000000004
 31
0.0
  0
LINE
  5
1E2
330
17
100
AcDbEntity
  8
hatch
100
AcDbLine
 10
44.562828354974656
 20
0.0
 30
0.0
 11
52.56282835497466
 21
8.000000000000007
 31
0.0
  0
LINE
  5
1E3
330
17
100
AcDbEntity
  8
hatch
100
AcDbLine
 10
43.99714293002542
 20
0.0
 30
0.0
 11
51.997142930025426
 21
8.000000000000007
 31
0.0
  0
LINE
  5
1E4
330
17
100
AcDbEntity
  8
hatch
100
AcDbLine
 10
43.43145750507618
 20
0.0
 30
0.0
 11
51.43145750507619
 21
8.000000000000007
 31
0.0
  0
LINE
  5
1E5
330
17
100
AcDbEntity
  8
hatch
100
AcDbLine
 10
42.86577208012694
 20
0.0
 30
0.0
 11
50.865772080126945
 21
8.000000000000007
 31
0.0
  0
LINE
  5
1E6
330
17
100
AcDbEntity
  8
hatch
100
AcDbLine
 10
42.3000866551777
 20
0.0
 30
0.0
 11
50.30008665517771
 21
8.000000000000007
 31
0.0
  0
LINE
  5
1E7
330
17
100
AcDbEntity
  8
hatch
100
AcDbLine
 10
41.734401230228464
 20
0.0
 30
0.0
 11
49.73440123022847
 21
8.000000000000007
 31
0.0
  0
LINE
  5
1E8
330
17
100
AcDbEntity
  8
hatch
100
AcDbLine
 10
41.168715805279234
 20
0.0
 30
0.0
 11
49.168715805279234
 21
8.000000000000007
 31
0.0
  0
LINE
  5
1E9
330
17
100
AcDbEntity
  8
hatch
100
AcDbLine
 10
40.60303038033
 20
-3.552713678800501e-15
 30
0.0
 11
48.60303038033
 21
8.000000000000004
 31
0.0
  0
LINE
  5
1EA
330
17
100
AcDbEntity
  8
hatch
100
AcDbLine
 10
40.037344955380746
 20
3.552713678800501e-15
 30
0.0
 11
48.03734495538075
 21
8.000000000000007
 31
0.0
  0
LINE
  5
1EB
330
17
100
AcDbEntity
  8
hatch
100
AcDbLine
 10
39.47165953043151
 20
0.0
 30
0.0
 11
47.47165953043152
 21
8.000000000000007
 31
0.0
  0
LINE
  5
1EC
330
17
100
AcDbEntity
  8
hatch
100
AcDbLine
 10
38.90597410548227
 20
-3.552713678800501e-15
 30
0.0
 11
46.90597410548229
 21
8.000000000000004
 31
0.0
  0
LINE
  5
1ED
330
17
100
AcDbEntity
  8
hatch
100
AcDbLine
 10
38.340288680533035
 20
0.0
 30
0.0
 11
46.34028868053305
 21
8.000000000000004
 31
0.0
  0
LINE
  5
1EE
330
17
100
AcDbEntity
  8
hatch
100
AcDbLine
 10
37.7746032555838
 20
0.0
 30
0.0
 11
45.77460325558381
 21
8.000000000000004
 31
0.0
  0
LINE
  5
1EF
330
17
100
AcDbEntity
  8
hatch
100
AcDbLine
 10
37.20891783063456
 20
3.552713678800501e-15
 30
0.0
 11
45.20891783063456
 21
8.000000000000007
 31
0.0
  0
LINE
  5
1F0
330
17
100
AcDbEntity
  8
hatch
100
AcDbLine
 10
36.643232405685325
 20
0.0
 30
0.0
 11
44.643232405685325
 21
8.000000000000004
 31
0.0
  0
LINE
  5
1F1
330
17
100
AcDbEntity
  8
hatch
100
AcDbLine
 10
36.07754698073609
 20
0.0
 30
0.0
 11
44.077546980736095
 21
8.000000000000004
 31
0.0
  0
LINE
  5
1F2
330
17
100
AcDbEntity
  8
hatch
100
AcDbLine
 10
35.51186155578685
 20
0.0
 30
0.0
 11
43.51186155578686
 21
8.000000000000004
 31
0.0
  0
LINE
  5
1F3
330
17
100
AcDbEntity
  8
hatch
100
AcDbLine
 10
34.946176130837614
 20
3.552713678800501e-15
 30
0.0
 11
42.94617613083762
 21
8.000000000000007
 31
0.0
  0
LINE
  5
1F4
330
17
100
AcDbEntity
  8
hatch
100
AcDbLine
 10
34.38049070588837
 20
0.0
 30
0.0
 11
42.38049070588838
 21
8.000000000000004
 31
0.0
  0
LINE
  5
1F5
330
17
100
AcDbEntity
  8
hatch
100
AcDbLine
 10
33.81480528093913
 20
0.0
 30
0.0
 11
41.81480528093914
 21
8.000000000000004
 31
0.0
  0
LINE
  5
1F6
330
17
100
AcDbEntity
  8
hatch
100
AcDbLine
 10
33.249119855989896
 20
3.552713678800501e-15
 30
0.0
 11
41.2491198559899
 21
8.000000000000007
 31
0.0
  0
LINE
  5
1F7
330
17
100
AcDbEntity
  8
hatch
100
AcDbLine
 10
32.68343443104066
 20
3.552713678800501e-15
 30
0.0
 11
40.683434431040666
 21
8.000000000000007
 31
0.0
  0
LINE
  5
1F8
330
17
100
AcDbEntity
  8
hatch
100
AcDbLine
 10
32.11774900609143
 20
3.552713678800501e-15
 30
0.0
 11
40.11774900609143
 21
8.000000000000007
 31
0.0
  0
LINE
  5
1F9
330
17
100
AcDbEntity
  8
hatch
100
AcDbLine
 10
31.55206358114218
 20
0.0
 30
0.0
 11
39.55206358114218
 21
8.0
 31
0.0
  0
LINE
  5
1FA
330
17
100
AcDbEntity
  8
hatch
100
AcDbLine
 10
30.98637815619294
 20
0.0
 30
0.0
 11
38.98637815619294
 21
8.0
 31
0.0
  0
LINE
  5
1FB
330
17
100
AcDbEntity
  8
hatch
100
AcDbLine
 10
30.420692731243705
 20
0.0
 30
0.0
 11
38.420692731243705
 21
8.0
 31
0.0
  0
LINE
  5
1FC
330
17
100
AcDbEntity
  8
hatch
100
AcDbLine
 10
29.855007306294468
 20
1.7763568394002505e-15
 30
0.0
 11
37.855007306294475
 21
8.000000000000004
 31
0.0
  0
LINE
  5
1FD
330
17
100
AcDbEntity
  8
hatch
100
AcDbLine
 10
29.28932188134523
 20
0.0
 30
0.0
 11
37.28932188134524
 21
8.000000000000002
 31
0.0
  0
LINE
  5
1FE
330
17
100
AcDbEntity
  8
hatch
100
AcDbLine
 10
28.723636456395987
 20
0.0
 30
0.0
 11
36.72363645639599
 21
8.0
 31
0.0
  0
LINE
  5
1FF
330
17
100
AcDbEntity
  8
hatch
100
AcDbLine
 10
28.15795103144675
 20
1.7763568394002505e-15
 30
0.0
 11
36.15795103144676
 21
8.000000000000004
 31
0.0
  0
LINE
  5
200
330
17
100
AcDbEntity
  8
hatch
100
AcDbLine
 10
27.592265606497513
 20
0.0
 30
0.0
 11
35.59226560649752
 21
8.000000000000002
 31
0.0
  0
LINE
  5
201
330
17
100
AcDbEntity
  8
hatch
100
AcDbLine
 10
27.02658018154828
 20
0.0
 30
0.0
 11
35.02658018154828
 21
8.000000000000002
 31
0.0
  0
LINE
  5
202
330
17
100
AcDbEntity
  8
hatch
100
AcDbLine
 10
26.460894756599043
 20
0.0
 30
0.0
 11
34.460894756599046
 21
8.000000000000002
 31
0.0
  0
LINE
  5
203
330
17
100
AcDbEntity
  8
hatch
100
AcDbLine
 10
25.895209331649795
 20
1.7763568394002505e-15
 30
0.0
 11
33.8952093316498
 21
8.000000000000004
 31
0.0
  0
LINE
  5
204
330
17
100
AcDbEntity
  8
hatch
100
AcDbLine
 10
25.32952390670056
 20
0.0
 30
0.0
 11
33.329523906700565
 21
8.000000000000002
 31
0.0
  0
LINE
  5
205
330
17
100
AcDbEntity
  8
hatch
100
AcDbLine
 10
24.763838481751325
 20
0.0
 30
0.0
 11
32.76383848175133
 21
8.000000000000002
 31
0.0
  0
LINE
  5
206
330
17
100
AcDbEntity
  8
hatch
100
AcDbLine
 10
24.19815305680209
 20
1.7763568394002505e-15
 30
0.0
 11
32.19815305680209
 21
8.000000000000002
 31
0.0
  0
LINE
  5
207
330
17
100
AcDbEntity
  8
hatch
100
AcDbLine
 10
23.632467631852855
 20
1.7763568394002505e-15
 30
0.0
 11
31.632467631852855
 21
8.000000000000002
 31
0.0
  0
LINE
  5
208
330
17
100
AcDbEntity
  8
hatch
100
AcDbLine
 10
23.066782206903607
 20
0.0
 30
0.0
 11
31.06678220690361
 21
8.000000000000002
 31
0.0
  0
LINE
  5
209
330
17
100
AcDbEntity
  8
hatch
100
AcDbLine
 10
22.50109678195437
 20
0.0
 30
0.0
 11
30.501096781954374
 21
8.000000000000002
 31
0.0
  0
LINE
  5
20A
330
17
100
AcDbEntity
  8
hatch
100
AcDbLine
 10
21.935411357005133
 20
0.0
 30
0.0
 11
29.935411357005137
 21
8.000000000000002
 31
0.0
  0
LINE
  5
20B
330
17
100
AcDbEntity
  8
hatch
100
AcDbLine
 10
21.3697259320559
 20
-1.7763568394002505e-15
 30
0.0
 11
29.3697259320559
 21
8.0
 31
0.0
  0
LINE
  5
20C
330
17
100
AcDbEntity
  8
hatch
100
AcDbLine
 10
20.804040507106663
 20
0.0
 30
0.0
 11
28.804040507106663
 21
8.0
 31
0.0
  0
LINE
  5
20D
330
17
100
AcDbEntity
  8
hatch
100
AcDbLine
 10
20.23835508215742
 20
1.7763568394002505e-15
 30
0.0
 11
28.238355082157423
 21
8.000000000000009
 31
0.0
  0
LINE
  5
20E
330
17
100
AcDbEntity
  8
hatch
100
AcDbLine
 10
19.672669657208182
 20
1.7763568394002505e-15
 30
0.0
 11
27.67266965720819
 21
8.000000000000009
 31
0.0
  0
LINE
  5
20F
330
17
100
AcDbEntity
  8
hatch
100
AcDbLine
 10
19.106984232258945
 20
0.0
 30
0.0
 11
27.106984232258945
 21
8.0
 31
0.0
  0
LINE
  5
210
330
17
100
AcDbEntity
  8
hatch
100
AcDbLine
 10
18.54129880730971
 20
0.0
 30
0.0
 11
26.54129880730971
 21
8.000000000000004
 31
0.0
  0
LINE
  5
211
330
17
100
AcDbEntity
  8
hatch
100
AcDbLine
 10
17.97561338236047
 20
0.0
 30
0.0
 11
25.97561338236047
 21
8.000000000000004
 31
0.0
  0
LINE
  5
212
330
17
100
AcDbEntity
  8
hatch
100
AcDbLine
 10
17.409927957411227
 20
0.0
 30
0.0
 11
25.409927957411234
 21
8.000000000000007
 31
0.0
  0
LINE
  5
213
330
17
100
AcDbEntity
  8
hatch
100
AcDbLine
 10
16.84424253246199
 20
1.7763568394002505e-15
 30
0.0
 11
24.844242532461998
 21
8.000000000000007
 31
0.0
  0
LINE
  5
214
330
17
100
AcDbEntity
  8
hatch
100
AcDbLine
 10
16.278557107512754
 20
1.7763568394002505e-15
 30
0.0
 11
24.27855710751276
 21
8.000000000000007
 31
0.0
  0
LINE
  5
215
330
17
100
AcDbEntity
  8
hatch
100
AcDbLine
 10
15.712871682563518
 20
8.881784197001252e-16
 30
0.0
 11
23.712871682563527
 21
8.000000000000007
 31
0.0
  0
LINE
  5
216
330
17
100
AcDbEntity
  8
hatch
100
AcDbLine
 10
15.147186257614283
 20
1.7763568394002505e-15
 30
0.0
 11
23.14718625761429
 21
8.000000000000007
 31
0.0
  0
LINE
  5
217
330
17
100
AcDbEntity
  8
hatch
100
AcDbLine
 10
14.581500832665036
 20
0.0
 30
0.0
 11
22.581500832665046
 21
8.000000000000007
 31
0.0
  0
LINE
  5
218
330
17
100
AcDbEntity
  8
hatch
100
AcDbLine
 10
14.015815407715799
 20
8.881784197001252e-16
 30
0.0
 11
22.01581540771581
 21
8.000000000000007
 31
0.0
  0
LINE
  5
219
330
17
100
AcDbEntity
  8
hatch
100
AcDbLine
 10
13.450129982766564
 20
0.0
 30
0.0
 11
21.450129982766573
 21
8.000000000000007
 31
0.0
  0
LINE
  5
21A
330
17
100
AcDbEntity
  8
hatch
100
AcDbLine
 10
12.884444557817329
 20
8.881784197001252e-16
 30
0.0
 11
20.884444557817336
 21
8.000000000000007
 31
0.0
  0
LINE
  5
21B
330
17
100
AcDbEntity
  8
hatch
100
AcDbLine
 10
12.318759132868092
 20
0.0
 30
0.0
 11
20.3187591328681
 21
8.000000000000007
 31
0.0
  0
LINE
  5
21C
330
17
100
AcDbEntity
  8
hatch
100
AcDbLine
 10
11.753073707918846
 20
0.0
 30
0.0
 11
19.753073707918855
 21
8.000000000000007
 31
0.0
  0
LINE
  5
21D
330
17
100
AcDbEntity
  8
hatch
100
AcDbLine
 10
11.187388282969609
 20
0.0
 30
0.0
 11
19.187388282969618
 21
8.000000000000007
 31
0.0
  0
LINE
  5
21E
330
17
100
AcDbEntity
  8
hatch
100
AcDbLine
 10
10.621702858020374
 20
-8.881784197001252e-16
 30
0.0
 11
18.62170285802038
 21
8.000000000000007
 31
0.0
  0
LINE
  5
21F
330
17
100
AcDbEntity
  8
hatch
100
AcDbLine
 10
10.056017433071137
 20
0.0
 30
0.0
 11
18.056017433071148
 21
8.000000000000007
 31
0.0
  0
LINE
  5
220
330
17
100
AcDbEntity
  8
hatch
100
AcDbLine
 10
9.4903320081219
 20
-8.881784197001252e-16
 30
0.0
 11
17.49033200812191
 21
8.000000000000007
 31
0.0
  0
LINE
  5
221
330
17
100
AcDbEntity
  8
hatch
100
AcDbLine
 10
8.924646583172656
 20
0.0
 30
0.0
 11
16.924646583172663
 21
8.000000000000007
 31
0.0
  0
LINE
  5
222
330
17
100
AcDbEntity
  8
hatch
100
AcDbLine
 10
8.35896115822343
 20
0.0
 30
0.0
 11
16.358961158223437
 21
8.000000000000007
 31
0.0
  0
LINE
  5
223
330
17
100
AcDbEntity
  8
hatch
100
AcDbLine
 10
7.793275733274182
 20
0.0
 30
0.0
 11
15.793275733274193
 21
8.000000000000009
 31
0.0
  0
LINE
  5
224
330
17
100
AcDbEntity
  8
hatch
100
AcDbLine
 10
7.227590308324937
 20
8.881784197001252e-16
 30
0.0
 11
15.227590308324945
 21
8.000000000000007
 31
0.0
  0
LINE
  5
225
330
17
100
AcDbEntity
  8
hatch
100
AcDbLine
 10
6.661904883375711
 20
0.0
 30
0.0
 11
14.661904883375719
 21
8.000000000000007
 31
0.0
  0
LINE
  5
226
330
17
100
AcDbEntity
  8
hatch
100
AcDbLine
 10
6.096219458426464
 20
4.440892098500626e-16
 30
0.0
 11
14.096219458426475
 21
8.000000000000009
 31
0.0
  0
LINE
  5
227
330
17
100
AcDbEntity
  8
hatch
100
AcDbLine
 10
5.530534033477239
 20
0.0
 30
0.0
 11
13.530534033477249
 21
8.000000000000009
 31
0.0
  0
LINE
  5
228
330
17
100
AcDbEntity
  8
hatch
100
AcDbLine
 10
4.964848608527992
 20
4.440892098500626e-16
 30
0.0
 11
12.964848608528001
 21
8.000000000000007
 31
0.0
  0
LINE
  5
229
330
17
100
AcDbEntity
  8
hatch
100
AcDbLine
 10
4.399163183578747
 20
4.440892098500626e-16
 30
0.0
 11
12.399163183578752
 21
8.000000000000004
 31
0.0
  0
LINE
  5
22A
330
17
100
AcDbEntity
  8
hatch
100
AcDbLine
 10
3.8334777586295203
 20
2.220446049250313e-16
 30
0.0
 11
11.833477758629531
 21
8.000000000000009
 31
0.0
  0
LINE
  5
22B
330
17
100
AcDbEntity
  8
hatch
100
AcDbLine
 10
3.2677923336802746
 20
0.0
 30
0.0
 11
11.267792333680278
 21
8.000000000000004
 31
0.0
  0
LINE
  5
22C
330
17
100
AcDbEntity
  8
hatch
100
AcDbLine
 10
2.7021069087310483
 20
2.220446049250313e-16
 30
0.0
 11
10.702106908731052
 21
8.000000000000004
 31
0.0
  0
LINE
  5
22D
330
17
100
AcDbEntity
  8
hatch
100
AcDbLine
 10
2.1364214837818025
 20
0.0
 30
0.0
 11
10.136421483781808
 21
8.000000000000004
 31
0.0
  0
LINE
  5
22E
330
17
100
AcDbEntity
  8
hatch
100
AcDbLine
 10
1.5707360588325563
 20
0.0
 30
0.0
 11
9.57073605883256
 21
8.000000000000004
 31
0.0
  0
LINE
  5
22F
330
17
100
AcDbEntity
  8
hatch
100
AcDbLine
 10
1.0050506338833303
 20
1.1102230246251565e-16
 30
0.0
 11
9.005050633883334
 21
8.000000000000004
 31
0.0
  0
LINE
  5
230
330
17
100
AcDbEntity
  8
hatch
100
AcDbLine
 10
0.43936520893408415
 20
0.0
 30
0.0
 11
8.43936520893409
 21
8.000000000000004
 31
0.0
  0
LINE
  5
231
330
17
100
AcDbEntity
  8
hatch
100
AcDbLine
 10
1.3877787807814457e-17
 20
0.12632021601514182
 30
0.0
 11
7.873679783984863
 21
8.000000000000004
 31
0.0
  0
LINE
  5
232
330
17
100
AcDbEntity
  8
hatch
100
AcDbLine
 10
5.551115123125783e-17
 20
0.692005640964388
 30
0.0
 11
7.307994359035617
 21
8.000000000000004
 31
0.0
  0
LINE
  5
233
330
17
100
AcDbEntity
  8
hatch
100
AcDbLine
 10
1.1102230246251565e-16
 20
1.257691065913634
 30
0.0
 11
6.742308934086371
 21
8.000000000000004
 31
0.0
  0
LINE
  5
234
330
17
100
AcDbEntity
  8
hatch
100
AcDbLine
 10
-5.551115123125783e-16
 20
1.8233764908628594
 30
0.0
 11
6.176623509137145
 21
8.000000000000004
 31
0.0
  0
LINE
  5
235
330
17
100
AcDbEntity
  8
hatch
100
AcDbLine
 10
2.220446049250313e-16
 20
2.389061915812106
 30
0.0
 11
5.610938084187899
 21
8.000000000000004
 31
0.0
  0
LINE
  5
236
330
17
100
AcDbEntity
  8
hatch
100
AcDbLine
 10
-2.220446049250313e-16
 20
2.9547473407613314
 30
0.0
 11
5.045252659238673
 21
8.000000000000004
 31
0.0
  0
LINE
  5
237
330
17
100
AcDbEntity
  8
hatch
100
AcDbLine
 10
2.220446049250313e-16
 20
3.520432765710578
 30
0.0
 11
4.479567234289427
 21
8.000000000000004
 31
0.0
  0
LINE
  5
238
330
17
100
AcDbEntity
  8
hatch
100
AcDbLine
 10
0.0
 20
4.086118190659824
 30
0.0
 11
3.913881809340181
 21
8.000000000000004
 31
0.0
  0
LINE
  5
239
330
17
100
AcDbEntity
  8
hatch
100
AcDbLine
 10
4.440892098500626e-16
 20
4.651803615609049
 30
0.0
 11
3.3481963843909552
 21
8.000000000000004
 31
0.0
  0
LINE
  5
23A
330
17
100
AcDbEntity
  8
hatch
100
AcDbLine
 10
0.0
 20
5.217489040558296
 30
0.0
 11
2.782510959441709
 21
8.000000000000004
 31
0.0
  0
LINE
  5
23B
330
17
100
AcDbEntity
  8
hatch
100
AcDbLine
 10
0.0
 20
5.783174465507521
 30
0.0
 11
2.216825534492483
 21
8.000000000000004
 31
0.0
  0
LINE
  5
23C
330
17
100
AcDbEntity
  8
hatch
100
AcDbLine
 10
-4.440892098500626e-16
 20
6.348859890456767
 30
0.0
 11
1.651140109543237
 21
8.000000000000004
 31
0.0
  0
LINE
  5
23D
330
17
100
AcDbEntity
  8
hatch
100
AcDbLine
 10
0.0
 20
6.914545315406013
 30
0.0
 11
1.0854546845939903
 21
8.000000000000004
 31
0.0
  0
LINE
  5
23E
330
17
100
AcDbEntity
  8
hatch
100
AcDbLine
 10
0.0
 20
7.480230740355239
 30
0.0
 11
0.5197692596447654
 21
8.000000000000004
 31
0.0
  0
LINE
  5
23F
330
17
100
AcDbEntity
  8
hatch
100
AcDbLine
 10
99.43431457505076
 20
0.0
 30
0.0
 11
100.0
 21
0.5656854249492426
 31
0.0
  0
LINE
  5
240
330
17
100
AcDbEntity
  8
hatch
100
AcDbLine
 10
98.86862915010151
 20
0.0
 30
0.0
 11
100.0
 21
1.1313708498984851
 31
0.0
  0
LINE
  5
241
330
17
100
AcDbEntity
  8
hatch
100
AcDbLine
 10
98.30294372515228
 20
0.0
 30
0.0
 11
100.0
 21
1.6970562748477278
 31
0.0
  0
LINE
  5
242
330
17
100
AcDbEntity
  8
hatch
100
AcDbLine
 10
97.73725830020305
 20
0.0
 30
0.0
 11
100.0
 21
2.2627416997969476
 31
0.0
  0
LINE
  5
243
330
17
100
AcDbEntity
  8
hatch
100
AcDbLine
 10
97.17157287525379
 20
0.0
 30
0.0
 11
100.0
 21
2.8284271247461903
 31
0.0
  0
LINE
  5
244
330
17
100
AcDbEntity
  8
hatch
100
AcDbLine
 10
96.60588745030455
 20
0.0
 30
0.0
 11
100.0
 21
3.394112549695433
 31
0.0
  0
LINE
  5
245
330
17
100
AcDbEntity
  8
hatch
100
AcDbLine
 10
96.04020202535533
 20
0.0
 30
0.0
 11
100.0
 21
3.959797974644675
 31
0.0
  0
LINE
  5
246
330
17
100
AcDbEntity
  8
hatch
100
AcDbLine
 10
95.47451660040608
 20
0.0
 30
0.0
 11
100.0
 21
4.525483399593918
 31
0.0
  0
LINE
  5
247
330
17
100
AcDbEntity
  8
hatch
100
AcDbLine
 10
94.90883117545687
 20
0.0
 30
0.0
 11
100.0
 21
5.0911688245431375
 31
0.0
  0
LINE
  5
248
330
17
100
AcDbEntity
  8
hatch
100
AcDbLine
 10
94.3431457505076
 20
0.0
 30
0.0
 11
100.0
 21
5.656854249492381
 31
0.0
  0
LINE
  5
249
330
17
100
AcDbEntity
  8
hatch
100
AcDbLine
 10
93.77746032555838
 20
0.0
 30
0.0
 11
100.0
 21
6.222539674441623
 31
0.0
  0
LINE
  5
24A
330
17
100
AcDbEntity
  8
hatch
100
AcDbLine
 10
93.21177490060913
 20
0.0
 30
0.0
 11
100.0
 21
6.788225099390854
 31
0.0
  0
LINE
  5
24B
330
17
100
AcDbEntity
  8
hatch
100
AcDbLine
 10
92.64608947565989
 20
0.0
 30
0.0
 11
100.0
 21
7.353910524340097
 31
0.0
  0
LINE
  5
24C
330
17
100
AcDbEntity
  8
hatch
100
AcDbLine
 10
92.08040405071067
 20
0.0
 30
0.0
 11
100.0
 21
7.919595949289328
 31
0.0
  0
LINE
  5
24D
330
17
100
AcDbEntity
  8
hatch
100
AcDbLine
 10
91.5147186257614
 20
0.0
 30
0.0
 11
99.5147186257614
 21
8.00000000000001
 31
0.0
  0
LINE
  5
24E
330
17
100
AcDbEntity
  8
hatch
100
AcDbLine
 10
90.94903320081218
 20
0.0
 30
0.0
 11
98.94903320081218
 21
8.00000000000001
 31
0.0
  0
LINE
  5
24F
330
17
100
AcDbEntity
  8
hatch
100
AcDbLine
 10
90.38334777586294
 20
0.0
 30
0.0
 11
98.38334777586294
 21
8.00000000000001
 31
0.0
  0
LINE
  5
250
330
17
100
AcDbEntity
  8
hatch
100
AcDbLine
 10
89.81766235091371
 20
0.0
 30
0.0
 11
97.81766235091371
 21
8.00000000000001
 31
0.0
  0
LINE
  5
251
330
17
100
AcDbEntity
  8
hatch
100
AcDbLine
 10
89.25197692596448
 20
0.0
 30
0.0
 11
97.25197692596448
 21
8.0
 31
0.0
  0
LINE
  5
252
330
17
100
AcDbEntity
  8
hatch
100
AcDbLine
 10
88.68629150101523
 20
0.0
 30
0.0
 11
96.68629150101523
 21
8.00000000000001
 31
0.0
  0
LINE
  5
253
330
17
100
AcDbEntity
  8
hatch
100
AcDbLine
 10
88.120606076066
 20
0.0
 30
0.0
 11
96.120606076066
 21
8.0
 31
0.0
  0
LINE
  5
254
330
17
100
AcDbEntity
  8
hatch
100
AcDbLine
 10
87.55492065111676
 20
0.0
 30
0.0
 11
95.55492065111676
 21
8.00000000000001
 31
0.0
  0
LINE
  5
255
330
17
100
AcDbEntity
  8
hatch
100
AcDbLine
 10
86.98923522616751
 20
0.0
 30
0.0
 11
94.98923522616751
 21
8.00000000000001
 31
0.0
  0
LINE
  5
256
330
17
100
AcDbEntity
  8
hatch
100
AcDbLine
 10
86.42354980121827
 20
0.0
 30
0.0
 11
94.42354980121829
 21
8.0
 31
0.0
  0
LINE
  5
257
330
17
100
AcDbEntity
  8
hatch
100
AcDbLine
 10
85.85786437626905
 20
0.0
 30
0.0
 11
93.85786437626905
 21
8.00000000000001
 31
0.0
  0
LINE
  5
258
330
17
100
AcDbEntity
  8
hatch
100
AcDbLine
 10
85.29217895131981
 20
0.0
 30
0.0
 11
93.29217895131981
 21
8.00000000000001
 31
0.0
  0
LINE
  5
259
330
17
100
AcDbEntity
  8
hatch
100
AcDbLine
 10
84.72649352637059
 20
0.0
 30
0.0
 11
92.72649352637059
 21
8.00000000000001
 31
0.0
  0
LINE
  5
25A
330
17
100
AcDbEntity
  8
hatch
100
AcDbLine
 10
84.16080810142132
 20
0.0
 30
0.0
 11
92.16080810142134
 21
8.00000000000001
 31
0.0
  0
LINE
  5
25B
330
17
100
AcDbEntity
  8
hatch
100
AcDbLine
 10
83.5951226764721
 20
0.0
 30
0.0
 11
91.5951226764721
 21
8.0
 31
0.0
  0
LINE
  5
25C
330
17
100
AcDbEntity
  8
hatch
100
AcDbLine
 10
83.02943725152286
 20
0.0
 30
0.0
 11
91.02943725152286
 21
8.00000000000001
 31
0.0
  0
LINE
  5
25D
330
17
100
AcDbEntity
  8
hatch
100
AcDbLine
 10
82.46375182657361
 20
0.0
 30
0.0
 11
90.46375182657361
 21
8.0
 31
0.0
  0
LINE
  5
25E
330
17
100
AcDbEntity
  8
hatch
100
AcDbLine
 10
81.89806640162438
 20
0.0
 30
0.0
 11
89.89806640162439
 21
8.00000000000001
 31
0.0
  0
LINE
  5
25F
330
17
100
AcDbEntity
  8
hatch
100
AcDbLine
 10
81.33238097667513
 20
0.0
 30
0.0
 11
89.33238097667513
 21
8.00000000000001
 31
0.0
  0
LINE
  5
260
330
17
100
AcDbEntity
  8
hatch
100
AcDbLine
 10
80.76669555172589
 20
0.0
 30
0.0
 11
88.76669555172589
 21
8.00000000000001
 31
0.0
  0
LINE
  5
261
330
17
100
AcDbEntity
  8
hatch
100
AcDbLine
 10
80.20101012677667
 20
0.0
 30
0.0
 11
88.2010101267767
 21
8.00000000000001
 31
0.0
  0
LINE
  5
262
330
17
100
AcDbEntity
  8
hatch
100
AcDbLine
 10
79.63532470182741
 20
0.0
 30
0.0
 11
87.63532470182743
 21
8.0
 31
0.0
  0
LINE
  5
263
330
17
100
AcDbEntity
  8
hatch
100
AcDbLine
 10
79.06963927687819
 20
0.0
 30
0.0
 11
87.0696392768782
 21
8.00000000000001
 31
0.0
  0
LINE
  5
264
330
17
100
AcDbEntity
  8
hatch
100
AcDbLine
 10
78.50395385192894
 20
0.0
 30
0.0
 11
86.50395385192894
 21
8.00000000000001
 31
0.0
  0
LINE
  5
265
330
17
100
AcDbEntity
  8
hatch
100
AcDbLine
 10
77.9382684269797
 20
0.0
 30
0.0
 11
85.9382684269797
 21
8.0
 31
0.0
  0
LINE
  5
266
330
17
100
AcDbEntity
  8
hatch
100
AcDbLine
 10
77.37258300203047
 20
0.0
 30
0.0
 11
85.37258300203048
 21
8.00000000000001
 31
0.0
  0
LINE
  5
267
330
17
100
AcDbEntity
  8
hatch
100
AcDbLine
 10
76.80689757708123
 20
0.0
 30
0.0
 11
84.80689757708123
 21
8.00000000000001
 31
0.0
  0
LINE
  5
268
330
17
100
AcDbEntity
  8
hatch
100
AcDbLine
 10
76.241212152132
 20
0.0
 30
0.0
 11
84.241212152132
 21
8.00000000000001
 31
0.0
  0
LINE
  5
269
330
17
100
AcDbEntity
  8
hatch
100
AcDbLine
 10
75.67552672718276
 20
0.0
 30
0.0
 11
83.67552672718276
 21
8.00000000000001
 31
0.0
  0
LINE
  5
26A
330
17
100
AcDbEntity
  8
hatch
100
AcDbLine
 10
75.10984130223352
 20
0.0
 30
0.0
 11
83.1098413022335
 21
8.0
 31
0.0
  0
LINE
  5
26B
330
17
100
AcDbEntity
  8
hatch
100
AcDbLine
 10
74.54415587728428
 20
0.0
 30
0.0
 11
82.54415587728428
 21
8.00000000000001
 31
0.0
  0
LINE
  5
26C
330
17
100
AcDbEntity
  8
hatch
100
AcDbLine
 10
73.97847045233503
 20
0.0
 30
0.0
 11
81.97847045233503
 21
8.0
 31
0.0
  0
LINE
  5
26D
330
17
100
AcDbEntity
  8
hatch
100
AcDbLine
 10
73.41278502738581
 20
0.0
 30
0.0
 11
81.41278502738581
 21
8.0
 31
0.0
  0
LINE
  5
26E
330
17
100
AcDbEntity
  8
hatch
100
AcDbLine
 10
72.84709960243657
 20
0.0
 30
0.0
 11
80.84709960243657
 21
8.00000000000001
 31
0.0
  0
LINE
  5
26F
330
17
100
AcDbEntity
  8
hatch
100
AcDbLine
 10
72.28141417748732
 20
0.0
 30
0.0
 11
80.28141417748733
 21
8.00000000000001
 31
0.0
  0
LINE
  5
270
330
17
100
AcDbEntity
  8
hatch
100
AcDbLine
 10
71.71572875253808
 20
0.0
 30
0.0
 11
79.7157287525381
 21
8.00000000000001
 31
0.0
  0
LINE
  5
271
330
17
100
AcDbEntity
  8
hatch
100
AcDbLine
 10
71.15004332758885
 20
0.0
 30
0.0
 11
79.15004332758885
 21
8.0
 31
0.0
  0
LINE
  5
272
330
17
100
AcDbEntity
  8
hatch
100
AcDbLine
 10
70.58435790263962
 20
0.0
 30
0.0
 11
78.58435790263962
 21
8.00000000000001
 31
0.0
  0
LINE
  5
273
330
17
100
AcDbEntity
  8
hatch
100
AcDbLine
 10
70.01867247769036
 20
0.0
 30
0.0
 11
78.01867247769037
 21
8.0
 31
0.0
  0
LINE
  5
274
330
17
100
AcDbEntity
  8
hatch
100
AcDbLine
 10
69.45298705274114
 20
0.0
 30
0.0
 11
77.45298705274114
 21
8.0
 31
0.0
  0
LINE
  5
275
330
17
100
AcDbEntity
  8
hatch
100
AcDbLine
 10
68.8873016277919
 20
0.0
 30
0.0
 11
76.8873016277919
 21
8.0
 31
0.0
  0
LINE
  5
276
330
17
100
AcDbEntity
  8
hatch
100
AcDbLine
 10
68.32161620284265
 20
0.0
 30
0.0
 11
76.32161620284265
 21
8.00000000000001
 31
0.0
  0
LINE
  5
277
330
17
100
AcDbEntity
  8
hatch
100
AcDbLine
 10
67.75593077789343
 20
0.0
 30
0.0
 11
75.75593077789343
 21
8.0
 31
0.0
  0
LINE
  5
278
330
17
100
AcDbEntity
  8
hatch
100
AcDbLine
 10
67.19024535294417
 20
0.0
 30
0.0
 11
75.19024535294417
 21
8.0
 31
0.0
  0
LINE
  5
279
330
17
100
AcDbEntity
  8
hatch
100
AcDbLine
 10
66.62455992799494
 20
0.0
 30
0.0
 11
74.62455992799495
 21
8.00000000000001
 31
0.0
  0
LINE
  5
27A
330
17
100
AcDbEntity
  8
hatch
100
AcDbLine
 10
66.0588745030457
 20
0.0
 30
0.0
 11
74.05887450304571
 21
8.00000000000001
 31
0.0
  0
LINE
  5
27B
330
17
100
AcDbEntity
  8
hatch
100
AcDbLine
 10
65.49318907809646
 20
0.0
 30
0.0
 11
73.49318907809646
 21
8.0
 31
0.0
  0
LINE
  5
27C
330
17
100
AcDbEntity
  8
hatch
100
AcDbLine
 10
64.92750365314723
 20
0.0
 30
0.0
 11
72.92750365314724
 21
8.0
 31
0.0
  0
LINE
  5
27D
330
17
100
AcDbEntity
  8
hatch
100
AcDbLine
 10
64.36181822819799
 20
0.0
 30
0.0
 11
72.36181822819799
 21
8.0
 31
0.0
  0
LINE
  5
27E
330
17
100
AcDbEntity
  8
hatch
100
AcDbLine
 10
63.796132803248746
 20
0.0
 30
0.0
 11
71.79613280324875
 21
8.0
 31
0.0
  0
LINE
  5
27F
330
17
100
AcDbEntity
  8
hatch
100
AcDbLine
 10
63.230447378299516
 20
0.0
 30
0.0
 11
71.23044737829952
 21
8.0
 31
0.0
  0
LINE
  5
280
330
17
100
AcDbEntity
  8
hatch
100
AcDbLine
 10
62.664761953350265
 20
0.0
 30
0.0
 11
70.66476195335028
 21
8.0
 31
0.0
  0
LINE
  5
281
330
17
100
AcDbEntity
  8
hatch
100
AcDbLine
 10
62.09907652840104
 20
0.0
 30
0.0
 11
70.09907652840106
 21
8.00000000000001
 31
0.0
  0
LINE
  5
282
330
17
100
AcDbEntity
  8
hatch
100
AcDbLine
 10
61.5333911034518
 20
0.0
 30
0.0
 11
69.5333911034518
 21
8.0
 31
0.0
  0
LINE
  5
283
330
17
100
AcDbEntity
  8
hatch
100
AcDbLine
 10
60.96770567850257
 20
0.0
 30
0.0
 11
68.96770567850257
 21
8.0
 31
0.0
  0
LINE
  5
284
330
17
100
AcDbEntity
  8
hatch
100
AcDbLine
 10
60.40202025355334
 20
0.0
 30
0.0
 11
68.40202025355333
 21
8.0
 31
0.0
  0
LINE
  5
285
330
17
100
AcDbEntity
  8
hatch
100
AcDbLine
 10
59.83633482860408
 20
0.0
 30
0.0
 11
67.83633482860408
 21
8.0
 31
0.0
  0
LINE
  5
286
330
17
100
AcDbEntity
  8
hatch
100
AcDbLine
 10
59.27064940365485
 20
0.0
 30
0.0
 11
67.27064940365486
 21
8.0
 31
0.0
  0
LINE
  5
287
330
17
100
AcDbEntity
  8
hatch
100
AcDbLine
 10
58.70496397870561
 20
0.0
 30
0.0
 11
66.7049639787056
 21
8.0
 31
0.0
  0
LINE
  5
288
330
17
100
AcDbEntity
  8
hatch
100
AcDbLine
 10
58.13927855375637
 20
0.0
 30
0.0
 11
66.13927855375638
 21
8.00000000000001
 31
0.0
  0
LINE
  5
289
330
17
100
AcDbEntity
  8
hatch
100
AcDbLine
 10
57.57359312880713
 20
0.0
 30
0.0
 11
65.57359312880713
 21
8.0
 31
0.0
  0
LINE
  5
28A
330
17
100
AcDbEntity
  8
hatch
100
AcDbLine
 10
57.007907703857896
 20
0.0
 30
0.0
 11
65.00790770385788
 21
8.0
 31
0.0
  0
LINE
  5
28B
330
17
100
AcDbEntity
  8
hatch
100
AcDbLine
 10
56.44222227890866
 20
0.0
 30
0.0
 11
64.44222227890866
 21
8.0
 31
0.0
  0
LINE
  5
28C
330
17
100
AcDbEntity
  8
hatch
100
AcDbLine
 10
55.999999999999986
 20
0.1234631460405808
 30
0.0
 11
63.87653685395942
 21
8.0
 31
0.0
  0
LINE
  5
28D
330
17
100
AcDbEntity
  8
hatch
100
AcDbLine
 10
55.999999999999986
 20
0.6891485709898006
 30
0.0
 11
63.310851429010185
 21
8.0
 31
0.0
  0
LINE
  5
28E
330
17
100
AcDbEntity
  8
hatch
100
AcDbLine
 10
55.999999999999986
 20
1.2548339959390433
 30
0.0
 11
62.74516600406095
 21
8.0
 31
0.0
  0
LINE
  5
28F
330
17
100
AcDbEntity
  8
hatch
100
AcDbLine
 10
56.0
 20
1.8205194208882858
 30
0.0
 11
62.17948057911171
 21
8.00000000000001
 31
0.0
  0
LINE
  5
290
330
17
100
AcDbEntity
  8
hatch
100
AcDbLine
 10
55.999999999999986
 20
2.3862048458375282
 30
0.0
 11
61.61379515416246
 21
8.0
 31
0.0
  0
LINE
  5
291
330
17
100
AcDbEntity
  8
hatch
100
AcDbLine
 10
55.999999999999986
 20
2.951890270786771
 30
0.0
 11
61.04810972921323
 21
8.0
 31
0.0
  0
LINE
  5
292
330
17
100
AcDbEntity
  8
hatch
100
AcDbLine
 10
56.0
 20
3.5175756957360136
 30
0.0
 11
60.482424304264
 21
8.0
 31
0.0
  0
LINE
  5
293
330
17
100
AcDbEntity
  8
hatch
100
AcDbLine
 10
55.999999999999986
 20
4.083261120685234
 30
0.0
 11
59.91673887931476
 21
8.0
 31
0.0
  0
LINE
  5
294
330
17
100
AcDbEntity
  8
hatch
100
AcDbLine
 10
55.999999999999986
 20
4.648946545634476
 30
0.0
 11
59.35105345436553
 21
8.0
 31
0.0
  0
LINE
  5
295
330
17
100
AcDbEntity
  8
hatch
100
AcDbLine
 10
55.999999999999986
 20
5.214631970583719
 30
0.0
 11
58.78536802941628
 21
8.0
 31
0.0
  0
LINE
  5
296
330
17
100
AcDbEntity
  8
hatch
100
AcDbLine
 10
55.999999999999986
 20
5.78031739553295
 30
0.0
 11
58.21968260446704
 21
8.0
 31
0.0
  0
LINE
  5
297
330
17
100
AcDbEntity
  8
hatch
100
AcDbLine
 10
55.999999999999986
 20
6.346002820482193
 30
0.0
 11
57.653997179517795
 21
8.0
 31
0.0
  0
LINE
  5
298
330
17
100
AcDbEntity
  8
hatch
100
AcDbLine
 10
55.999999999999986
 20
6.9116882454314235
 30
0.0
 11
57.088311754568565
 21
8.0
 31
0.0
  0
LINE
  5
299
330
17
100
AcDbEntity
  8
hatch
100
AcDbLine
 10
55.999999999999986
 20
7.477373670380667
 30
0.0
 11
56.522626329619335
 21
8.0
 31
0.0
  0
TEXT
  5
29A
330
17
100
AcDbEntity
  8
texto-suave
100
AcDbText
 10
78.0
 20
4.0
 30
0.0
 40
0.44000000000000006
  1
ESTACIONAMIENTO  6,00 m
 72
1
 11
78.0
 21
4.0
 31
0.0
100
AcDbText
  0
TEXT
  5
29B
330
17
100
AcDbEntity
  8
texto-suave
100
AcDbText
 10
28.0
 20
4.0
 30
0.0
 40
0.44000000000000006
  1
VÍA DE ACCESO  6,00 m
 72
1
 11
28.0
 21
4.0
 31
0.0
100
AcDbText
  0
LWPOLYLINE
  5
29C
330
17
100
AcDbEntity
  8
marco-fino
100
AcDbPolyline
 90
4
 70
1
 10
0.0
 20
8.0
 10
100.0
 20
8.0
 10
100.0
 20
10.0
 10
0.0
 20
10.0
  0
LWPOLYLINE
  5
29D
330
17
100
AcDbEntity
  8
marco-fino
100
AcDbPolyline
 90
4
 70
1
 10
0.0
 20
92.0
 10
100.0
 20
92.0
 10
100.0
 20
100.0
 10
0.0
 20
100.0
  0
LWPOLYLINE
  5
29E
330
17
100
AcDbEntity
  8
marco-fino
100
AcDbPolyline
 90
4
 70
1
 10
0.0
 20
10.0
 10
2.0
 20
10.0
 10
2.0
 20
92.0
 10
0.0
 20
92.0
  0
LWPOLYLINE
  5
29F
330
17
100
AcDbEntity
  8
marco-fino
100
AcDbPolyline
 90
4
 70
1
 10
98.0
 20
10.0
 10
100.0
 20
10.0
 10
100.0
 20
92.0
 10
98.0
 20
92.0
  0
TEXT
  5
2A0
330
17
100
AcDbEntity
  8
texto-suave
100
AcDbText
 10
50.0
 20
95.5
 30
0.0
 40
0.4
  1
VEREDA PERIMETRAL 1,50 m
 72
1
 11
50.0
 21
95.5
 31
0.0
100
AcDbText
  0
LWPOLYLINE
  5
2A1
330
17
100
AcDbEntity
  8
marco-fino
100
AcDbPolyline
 90
4
 70
1
 10
36.0
 20
24.0
 10
74.0
 20
24.0
 10
74.0
 20
42.0
 10
36.0
 20
42.0
  0
LINE
  5
2A2
330
17
100
AcDbEntity
  8
hatch-2
100
AcDbLine
 10
36.0
 20
24.4
 30
0.0
 11
74.0
 21
24.4
 31
0.0
  0
LINE
  5
2A3
330
17
100
AcDbEntity
  8
hatch-2
100
AcDbLine
 10
36.0
 20
24.8
 30
0.0
 11
74.0
 21
24.8
 31
0.0
  0
LINE
  5
2A4
330
17
100
AcDbEntity
  8
hatch-2
100
AcDbLine
 10
36.0
 20
25.2
 30
0.0
 11
74.0
 21
25.2
 31
0.0
  0
LINE
  5
2A5
330
17
100
AcDbEntity
  8
hatch-2
100
AcDbLine
 10
36.0
 20
25.6
 30
0.0
 11
74.0
 21
25.6
 31
0.0
  0
LINE
  5
2A6
330
17
100
AcDbEntity
  8
hatch-2
100
AcDbLine
 10
36.0
 20
26.0
 30
0.0
 11
74.0
 21
26.0
 31
0.0
  0
LINE
  5
2A7
330
17
100
AcDbEntity
  8
hatch-2
100
AcDbLine
 10
36.0
 20
26.4
 30
0.0
 11
74.0
 21
26.4
 31
0.0
  0
LINE
  5
2A8
330
17
100
AcDbEntity
  8
hatch-2
100
AcDbLine
 10
36.0
 20
26.8
 30
0.0
 11
74.0
 21
26.8
 31
0.0
  0
LINE
  5
2A9
330
17
100
AcDbEntity
  8
hatch-2
100
AcDbLine
 10
36.0
 20
27.2
 30
0.0
 11
74.0
 21
27.2
 31
0.0
  0
LINE
  5
2AA
330
17
100
AcDbEntity
  8
hatch-2
100
AcDbLine
 10
36.0
 20
27.6
 30
0.0
 11
74.0
 21
27.6
 31
0.0
  0
LINE
  5
2AB
330
17
100
AcDbEntity
  8
hatch-2
100
AcDbLine
 10
36.0
 20
28.0
 30
0.0
 11
74.0
 21
28.0
 31
0.0
  0
LINE
  5
2AC
330
17
100
AcDbEntity
  8
hatch-2
100
AcDbLine
 10
36.0
 20
28.4
 30
0.0
 11
74.0
 21
28.4
 31
0.0
  0
LINE
  5
2AD
330
17
100
AcDbEntity
  8
hatch-2
100
AcDbLine
 10
36.0
 20
28.8
 30
0.0
 11
74.0
 21
28.8
 31
0.0
  0
LINE
  5
2AE
330
17
100
AcDbEntity
  8
hatch-2
100
AcDbLine
 10
36.0
 20
29.2
 30
0.0
 11
74.0
 21
29.2
 31
0.0
  0
LINE
  5
2AF
330
17
100
AcDbEntity
  8
hatch-2
100
AcDbLine
 10
36.0
 20
29.6
 30
0.0
 11
74.0
 21
29.6
 31
0.0
  0
LINE
  5
2B0
330
17
100
AcDbEntity
  8
hatch-2
100
AcDbLine
 10
36.0
 20
30.0
 30
0.0
 11
74.0
 21
30.0
 31
0.0
  0
LINE
  5
2B1
330
17
100
AcDbEntity
  8
hatch-2
100
AcDbLine
 10
36.0
 20
30.4
 30
0.0
 11
74.0
 21
30.4
 31
0.0
  0
LINE
  5
2B2
330
17
100
AcDbEntity
  8
hatch-2
100
AcDbLine
 10
36.0
 20
30.8
 30
0.0
 11
74.0
 21
30.8
 31
0.0
  0
LINE
  5
2B3
330
17
100
AcDbEntity
  8
hatch-2
100
AcDbLine
 10
36.0
 20
31.2
 30
0.0
 11
74.0
 21
31.2
 31
0.0
  0
LINE
  5
2B4
330
17
100
AcDbEntity
  8
hatch-2
100
AcDbLine
 10
36.0
 20
31.6
 30
0.0
 11
74.0
 21
31.6
 31
0.0
  0
LINE
  5
2B5
330
17
100
AcDbEntity
  8
hatch-2
100
AcDbLine
 10
36.0
 20
32.0
 30
0.0
 11
74.0
 21
32.0
 31
0.0
  0
LINE
  5
2B6
330
17
100
AcDbEntity
  8
hatch-2
100
AcDbLine
 10
36.0
 20
32.4
 30
0.0
 11
74.0
 21
32.4
 31
0.0
  0
LINE
  5
2B7
330
17
100
AcDbEntity
  8
hatch-2
100
AcDbLine
 10
36.0
 20
32.8
 30
0.0
 11
74.0
 21
32.8
 31
0.0
  0
LINE
  5
2B8
330
17
100
AcDbEntity
  8
hatch-2
100
AcDbLine
 10
36.0
 20
33.2
 30
0.0
 11
74.0
 21
33.2
 31
0.0
  0
LINE
  5
2B9
330
17
100
AcDbEntity
  8
hatch-2
100
AcDbLine
 10
36.0
 20
33.6
 30
0.0
 11
74.0
 21
33.6
 31
0.0
  0
LINE
  5
2BA
330
17
100
AcDbEntity
  8
hatch-2
100
AcDbLine
 10
36.0
 20
34.0
 30
0.0
 11
74.0
 21
34.0
 31
0.0
  0
LINE
  5
2BB
330
17
100
AcDbEntity
  8
hatch-2
100
AcDbLine
 10
36.0
 20
34.4
 30
0.0
 11
74.0
 21
34.4
 31
0.0
  0
LINE
  5
2BC
330
17
100
AcDbEntity
  8
hatch-2
100
AcDbLine
 10
36.0
 20
34.8
 30
0.0
 11
74.0
 21
34.8
 31
0.0
  0
LINE
  5
2BD
330
17
100
AcDbEntity
  8
hatch-2
100
AcDbLine
 10
36.0
 20
35.2
 30
0.0
 11
74.0
 21
35.2
 31
0.0
  0
LINE
  5
2BE
330
17
100
AcDbEntity
  8
hatch-2
100
AcDbLine
 10
36.0
 20
35.6
 30
0.0
 11
74.0
 21
35.6
 31
0.0
  0
LINE
  5
2BF
330
17
100
AcDbEntity
  8
hatch-2
100
AcDbLine
 10
36.0
 20
36.0
 30
0.0
 11
74.0
 21
36.0
 31
0.0
  0
LINE
  5
2C0
330
17
100
AcDbEntity
  8
hatch-2
100
AcDbLine
 10
36.0
 20
36.4
 30
0.0
 11
74.0
 21
36.4
 31
0.0
  0
LINE
  5
2C1
330
17
100
AcDbEntity
  8
hatch-2
100
AcDbLine
 10
36.0
 20
36.8
 30
0.0
 11
74.0
 21
36.8
 31
0.0
  0
LINE
  5
2C2
330
17
100
AcDbEntity
  8
hatch-2
100
AcDbLine
 10
36.0
 20
37.2
 30
0.0
 11
74.0
 21
37.2
 31
0.0
  0
LINE
  5
2C3
330
17
100
AcDbEntity
  8
hatch-2
100
AcDbLine
 10
36.0
 20
37.6
 30
0.0
 11
74.0
 21
37.6
 31
0.0
  0
LINE
  5
2C4
330
17
100
AcDbEntity
  8
hatch-2
100
AcDbLine
 10
36.0
 20
38.0
 30
0.0
 11
74.0
 21
38.0
 31
0.0
  0
LINE
  5
2C5
330
17
100
AcDbEntity
  8
hatch-2
100
AcDbLine
 10
36.0
 20
38.4
 30
0.0
 11
74.0
 21
38.4
 31
0.0
  0
LINE
  5
2C6
330
17
100
AcDbEntity
  8
hatch-2
100
AcDbLine
 10
36.0
 20
38.8
 30
0.0
 11
74.0
 21
38.8
 31
0.0
  0
LINE
  5
2C7
330
17
100
AcDbEntity
  8
hatch-2
100
AcDbLine
 10
36.0
 20
39.2
 30
0.0
 11
74.0
 21
39.2
 31
0.0
  0
LINE
  5
2C8
330
17
100
AcDbEntity
  8
hatch-2
100
AcDbLine
 10
36.0
 20
39.6
 30
0.0
 11
74.0
 21
39.6
 31
0.0
  0
LINE
  5
2C9
330
17
100
AcDbEntity
  8
hatch-2
100
AcDbLine
 10
36.0
 20
40.0
 30
0.0
 11
74.0
 21
40.0
 31
0.0
  0
LINE
  5
2CA
330
17
100
AcDbEntity
  8
hatch-2
100
AcDbLine
 10
36.0
 20
40.4
 30
0.0
 11
74.0
 21
40.4
 31
0.0
  0
LINE
  5
2CB
330
17
100
AcDbEntity
  8
hatch-2
100
AcDbLine
 10
36.0
 20
40.8
 30
0.0
 11
74.0
 21
40.8
 31
0.0
  0
LINE
  5
2CC
330
17
100
AcDbEntity
  8
hatch-2
100
AcDbLine
 10
36.0
 20
41.2
 30
0.0
 11
74.0
 21
41.2
 31
0.0
  0
LINE
  5
2CD
330
17
100
AcDbEntity
  8
hatch-2
100
AcDbLine
 10
36.0
 20
41.6
 30
0.0
 11
74.0
 21
41.6
 31
0.0
  0
TEXT
  5
2CE
330
17
100
AcDbEntity
  8
texto
100
AcDbText
 10
55.0
 20
33.0
 30
0.0
 40
0.52
  1
PATIO CENTRAL / LOSA DEPORTIVA
 72
1
 11
55.0
 21
33.0
 31
0.0
100
AcDbText
  0
TEXT
  5
2CF
330
17
100
AcDbEntity
  8
texto-suave
100
AcDbText
 10
55.0
 20
30.4
 30
0.0
 40
0.44000000000000006
  1
28,00 × 18,00 m
 72
1
 11
55.0
 21
30.4
 31
0.0
100
AcDbText
  0
LWPOLYLINE
  5
2D0
330
17
100
AcDbEntity
  8
vegetal
100
AcDbPolyline
 90
4
 70
1
 10
34.0
 20
62.0
 10
50.0
 20
62.0
 10
50.0
 20
76.0
 10
34.0
 20
76.0
  0
LINE
  5
2D1
330
17
100
AcDbEntity
  8
hatch
100
AcDbLine
 10
49.434314575050756
 20
62.0
 30
0.0
 11
50.0
 21
62.565685424949244
 31
0.0
  0
LINE
  5
2D2
330
17
100
AcDbEntity
  8
hatch
100
AcDbLine
 10
48.868629150101526
 20
62.0
 30
0.0
 11
49.99999999999999
 21
63.131370849898474
 31
0.0
  0
LINE
  5
2D3
330
17
100
AcDbEntity
  8
hatch
100
AcDbLine
 10
48.30294372515228
 20
62.0
 30
0.0
 11
50.0
 21
63.69705627484772
 31
0.0
  0
LINE
  5
2D4
330
17
100
AcDbEntity
  8
hatch
100
AcDbLine
 10
47.73725830020305
 20
62.000000000000014
 30
0.0
 11
49.99999999999999
 21
64.26274169979695
 31
0.0
  0
LINE
  5
2D5
330
17
100
AcDbEntity
  8
hatch
100
AcDbLine
 10
47.1715728752538
 20
62.00000000000001
 30
0.0
 11
50.0
 21
64.8284271247462
 31
0.0
  0
LINE
  5
2D6
330
17
100
AcDbEntity
  8
hatch
100
AcDbLine
 10
46.60588745030456
 20
62.0
 30
0.0
 11
50.0
 21
65.39411254969544
 31
0.0
  0
LINE
  5
2D7
330
17
100
AcDbEntity
  8
hatch
100
AcDbLine
 10
46.04020202535533
 20
62.00000000000001
 30
0.0
 11
49.99999999999999
 21
65.95979797464467
 31
0.0
  0
LINE
  5
2D8
330
17
100
AcDbEntity
  8
hatch
100
AcDbLine
 10
45.47451660040609
 20
62.0
 30
0.0
 11
50.0
 21
66.52548339959391
 31
0.0
  0
LINE
  5
2D9
330
17
100
AcDbEntity
  8
hatch
100
AcDbLine
 10
44.908831175456854
 20
62.00000000000001
 30
0.0
 11
49.99999999999999
 21
67.09116882454313
 31
0.0
  0
LINE
  5
2DA
330
17
100
AcDbEntity
  8
hatch
100
AcDbLine
 10
44.34314575050762
 20
62.00000000000001
 30
0.0
 11
49.99999999999999
 21
67.65685424949238
 31
0.0
  0
LINE
  5
2DB
330
17
100
AcDbEntity
  8
hatch
100
AcDbLine
 10
43.77746032555837
 20
62.0
 30
0.0
 11
50.0
 21
68.22253967444163
 31
0.0
  0
LINE
  5
2DC
330
17
100
AcDbEntity
  8
hatch
100
AcDbLine
 10
43.21177490060914
 20
62.00000000000001
 30
0.0
 11
49.99999999999999
 21
68.78822509939086
 31
0.0
  0
LINE
  5
2DD
330
17
100
AcDbEntity
  8
hatch
100
AcDbLine
 10
42.6460894756599
 20
62.0
 30
0.0
 11
50.0
 21
69.35391052434011
 31
0.0
  0
LINE
  5
2DE
330
17
100
AcDbEntity
  8
hatch
100
AcDbLine
 10
42.08040405071067
 20
62.000000000000014
 30
0.0
 11
50.00000000000001
 21
69.91959594928935
 31
0.0
  0
LINE
  5
2DF
330
17
100
AcDbEntity
  8
hatch
100
AcDbLine
 10
41.514718625761425
 20
62.0
 30
0.0
 11
50.0
 21
70.48528137423857
 31
0.0
  0
LINE
  5
2E0
330
17
100
AcDbEntity
  8
hatch
100
AcDbLine
 10
40.949033200812195
 20
62.000000000000014
 30
0.0
 11
50.0
 21
71.05096679918782
 31
0.0
  0
LINE
  5
2E1
330
17
100
AcDbEntity
  8
hatch
100
AcDbLine
 10
40.383347775862944
 20
62.00000000000001
 30
0.0
 11
50.0
 21
71.61665222413704
 31
0.0
  0
LINE
  5
2E2
330
17
100
AcDbEntity
  8
hatch
100
AcDbLine
 10
39.817662350913714
 20
62.0
 30
0.0
 11
50.0
 21
72.18233764908629
 31
0.0
  0
LINE
  5
2E3
330
17
100
AcDbEntity
  8
hatch
100
AcDbLine
 10
39.25197692596448
 20
62.00000000000001
 30
0.0
 11
50.0
 21
72.74802307403553
 31
0.0
  0
LINE
  5
2E4
330
17
100
AcDbEntity
  8
hatch
100
AcDbLine
 10
38.68629150101523
 20
62.00000000000001
 30
0.0
 11
50.0
 21
73.31370849898477
 31
0.0
  0
LINE
  5
2E5
330
17
100
AcDbEntity
  8
hatch
100
AcDbLine
 10
38.12060607606601
 20
62.000000000000014
 30
0.0
 11
49.999999999999986
 21
73.87939392393399
 31
0.0
  0
LINE
  5
2E6
330
17
100
AcDbEntity
  8
hatch
100
AcDbLine
 10
37.55492065111676
 20
62.00000000000001
 30
0.0
 11
49.99999999999999
 21
74.44507934888324
 31
0.0
  0
LINE
  5
2E7
330
17
100
AcDbEntity
  8
hatch
100
AcDbLine
 10
36.989235226167516
 20
62.0
 30
0.0
 11
50.0
 21
75.01076477383248
 31
0.0
  0
LINE
  5
2E8
330
17
100
AcDbEntity
  8
hatch
100
AcDbLine
 10
36.423549801218286
 20
62.00000000000001
 30
0.0
 11
50.0
 21
75.57645019878173
 31
0.0
  0
LINE
  5
2E9
330
17
100
AcDbEntity
  8
hatch
100
AcDbLine
 10
35.85786437626905
 20
62.0
 30
0.0
 11
49.85786437626904
 21
76.0
 31
0.0
  0
LINE
  5
2EA
330
17
100
AcDbEntity
  8
hatch
100
AcDbLine
 10
35.29217895131981
 20
62.00000000000001
 30
0.0
 11
49.292178951319805
 21
76.0
 31
0.0
  0
LINE
  5
2EB
330
17
100
AcDbEntity
  8
hatch
100
AcDbLine
 10
34.726493526370575
 20
62.000000000000014
 30
0.0
 11
48.72649352637057
 21
76.0
 31
0.0
  0
LINE
  5
2EC
330
17
100
AcDbEntity
  8
hatch
100
AcDbLine
 10
34.160808101421324
 20
62.00000000000001
 30
0.0
 11
48.160808101421324
 21
76.0
 31
0.0
  0
LINE
  5
2ED
330
17
100
AcDbEntity
  8
hatch
100
AcDbLine
 10
34.0
 20
62.40487732352792
 30
0.0
 11
47.59512267647209
 21
76.0
 31
0.0
  0
LINE
  5
2EE
330
17
100
AcDbEntity
  8
hatch
100
AcDbLine
 10
34.00000000000001
 20
62.97056274847716
 30
0.0
 11
47.02943725152285
 21
76.0
 31
0.0
  0
LINE
  5
2EF
330
17
100
AcDbEntity
  8
hatch
100
AcDbLine
 10
34.00000000000001
 20
63.53624817342639
 30
0.0
 11
46.46375182657362
 21
76.0
 31
0.0
  0
LINE
  5
2F0
330
17
100
AcDbEntity
  8
hatch
100
AcDbLine
 10
34.0
 20
64.10193359837564
 30
0.0
 11
45.89806640162438
 21
76.0
 31
0.0
  0
LINE
  5
2F1
330
17
100
AcDbEntity
  8
hatch
100
AcDbLine
 10
34.00000000000001
 20
64.66761902332487
 30
0.0
 11
45.33238097667513
 21
76.0
 31
0.0
  0
LINE
  5
2F2
330
17
100
AcDbEntity
  8
hatch
100
AcDbLine
 10
34.0
 20
65.23330444827411
 30
0.0
 11
44.766695551725896
 21
76.0
 31
0.0
  0
LINE
  5
2F3
330
17
100
AcDbEntity
  8
hatch
100
AcDbLine
 10
34.00000000000001
 20
65.79898987322335
 30
0.0
 11
44.20101012677666
 21
76.0
 31
0.0
  0
LINE
  5
2F4
330
17
100
AcDbEntity
  8
hatch
100
AcDbLine
 10
34.0
 20
66.36467529817259
 30
0.0
 11
43.63532470182743
 21
76.0
 31
0.0
  0
LINE
  5
2F5
330
17
100
AcDbEntity
  8
hatch
100
AcDbLine
 10
34.00000000000001
 20
66.93036072312182
 30
0.0
 11
43.069639276878185
 21
76.0
 31
0.0
  0
LINE
  5
2F6
330
17
100
AcDbEntity
  8
hatch
100
AcDbLine
 10
34.00000000000001
 20
67.49604614807106
 30
0.0
 11
42.50395385192894
 21
76.0
 31
0.0
  0
LINE
  5
2F7
330
17
100
AcDbEntity
  8
hatch
100
AcDbLine
 10
34.00000000000001
 20
68.0617315730203
 30
0.0
 11
41.93826842697971
 21
76.0
 31
0.0
  0
LINE
  5
2F8
330
17
100
AcDbEntity
  8
hatch
100
AcDbLine
 10
34.00000000000001
 20
68.62741699796953
 30
0.0
 11
41.37258300203047
 21
76.0
 31
0.0
  0
LINE
  5
2F9
330
17
100
AcDbEntity
  8
hatch
100
AcDbLine
 10
34.0
 20
69.19310242291877
 30
0.0
 11
40.80689757708123
 21
76.0
 31
0.0
  0
LINE
  5
2FA
330
17
100
AcDbEntity
  8
hatch
100
AcDbLine
 10
34.0
 20
69.758787847868
 30
0.0
 11
40.24121215213199
 21
76.0
 31
0.0
  0
LINE
  5
2FB
330
17
100
AcDbEntity
  8
hatch
100
AcDbLine
 10
34.000000000000014
 20
70.32447327281726
 30
0.0
 11
39.675526727182756
 21
76.0
 31
0.0
  0
LINE
  5
2FC
330
17
100
AcDbEntity
  8
hatch
100
AcDbLine
 10
34.0
 20
70.89015869776648
 30
0.0
 11
39.10984130223352
 21
76.0
 31
0.0
  0
LINE
  5
2FD
330
17
100
AcDbEntity
  8
hatch
100
AcDbLine
 10
34.000000000000014
 20
71.45584412271572
 30
0.0
 11
38.54415587728428
 21
76.0
 31
0.0
  0
LINE
  5
2FE
330
17
100
AcDbEntity
  8
hatch
100
AcDbLine
 10
34.0
 20
72.02152954766495
 30
0.0
 11
37.97847045233503
 21
76.0
 31
0.0
  0
LINE
  5
2FF
330
17
100
AcDbEntity
  8
hatch
100
AcDbLine
 10
34.000000000000014
 20
72.58721497261419
 30
0.0
 11
37.41278502738581
 21
76.0
 31
0.0
  0
LINE
  5
300
330
17
100
AcDbEntity
  8
hatch
100
AcDbLine
 10
34.00000000000001
 20
73.15290039756344
 30
0.0
 11
36.84709960243656
 21
76.0
 31
0.0
  0
LINE
  5
301
330
17
100
AcDbEntity
  8
hatch
100
AcDbLine
 10
34.0
 20
73.71858582251268
 30
0.0
 11
36.28141417748733
 21
76.0
 31
0.0
  0
LINE
  5
302
330
17
100
AcDbEntity
  8
hatch
100
AcDbLine
 10
34.00000000000001
 20
74.28427124746192
 30
0.0
 11
35.71572875253809
 21
76.0
 31
0.0
  0
LINE
  5
303
330
17
100
AcDbEntity
  8
hatch
100
AcDbLine
 10
34.0
 20
74.84995667241115
 30
0.0
 11
35.150043327588854
 21
76.0
 31
0.0
  0
LINE
  5
304
330
17
100
AcDbEntity
  8
hatch
100
AcDbLine
 10
34.00000000000001
 20
75.41564209736039
 30
0.0
 11
34.58435790263962
 21
76.0
 31
0.0
  0
LINE
  5
305
330
17
100
AcDbEntity
  8
hatch
100
AcDbLine
 10
34.000000000000014
 20
75.98132752230964
 30
0.0
 11
34.01867247769037
 21
76.0
 31
0.0
  0
TEXT
  5
306
330
17
100
AcDbEntity
  8
texto
100
AcDbText
 10
42.0
 20
69.0
 30
0.0
 40
0.4
  1
ÁREAS VERDES
 72
1
 11
42.0
 21
69.0
 31
0.0
100
AcDbText
  0
LWPOLYLINE
  5
307
330
17
100
AcDbEntity
  8
vegetal
100
AcDbPolyline
 90
4
 70
1
 10
78.0
 20
22.0
 10
98.0
 20
22.0
 10
98.0
 20
40.0
 10
78.0
 20
40.0
  0
LINE
  5
308
330
17
100
AcDbEntity
  8
hatch
100
AcDbLine
 10
97.43431457505076
 20
21.999999999999993
 30
0.0
 11
98.0
 21
22.56568542494923
 31
0.0
  0
LINE
  5
309
330
17
100
AcDbEntity
  8
hatch
100
AcDbLine
 10
96.86862915010153
 20
22.0
 30
0.0
 11
98.0
 21
23.131370849898467
 31
0.0
  0
LINE
  5
30A
330
17
100
AcDbEntity
  8
hatch
100
AcDbLine
 10
96.30294372515228
 20
22.0
 30
0.0
 11
98.0
 21
23.697056274847718
 31
0.0
  0
LINE
  5
30B
330
17
100
AcDbEntity
  8
hatch
100
AcDbLine
 10
95.73725830020305
 20
22.000000000000007
 30
0.0
 11
98.0
 21
24.262741699796962
 31
0.0
  0
LINE
  5
30C
330
17
100
AcDbEntity
  8
hatch
100
AcDbLine
 10
95.17157287525382
 20
22.0
 30
0.0
 11
98.0
 21
24.82842712474619
 31
0.0
  0
LINE
  5
30D
330
17
100
AcDbEntity
  8
hatch
100
AcDbLine
 10
94.60588745030458
 20
22.0
 30
0.0
 11
98.0
 21
25.394112549695436
 31
0.0
  0
LINE
  5
30E
330
17
100
AcDbEntity
  8
hatch
100
AcDbLine
 10
94.04020202535534
 20
22.0
 30
0.0
 11
98.0
 21
25.959797974644665
 31
0.0
  0
LINE
  5
30F
330
17
100
AcDbEntity
  8
hatch
100
AcDbLine
 10
93.47451660040609
 20
22.0
 30
0.0
 11
98.0
 21
26.525483399593902
 31
0.0
  0
LINE
  5
310
330
17
100
AcDbEntity
  8
hatch
100
AcDbLine
 10
92.90883117545687
 20
22.0
 30
0.0
 11
98.0
 21
27.09116882454314
 31
0.0
  0
LINE
  5
311
330
17
100
AcDbEntity
  8
hatch
100
AcDbLine
 10
92.34314575050762
 20
22.0
 30
0.0
 11
98.0
 21
27.656854249492376
 31
0.0
  0
LINE
  5
312
330
17
100
AcDbEntity
  8
hatch
100
AcDbLine
 10
91.77746032555837
 20
21.999999999999993
 30
0.0
 11
98.0
 21
28.22253967444162
 31
0.0
  0
LINE
  5
313
330
17
100
AcDbEntity
  8
hatch
100
AcDbLine
 10
91.21177490060914
 20
22.0
 30
0.0
 11
98.0
 21
28.78822509939085
 31
0.0
  0
LINE
  5
314
330
17
100
AcDbEntity
  8
hatch
100
AcDbLine
 10
90.6460894756599
 20
22.0
 30
0.0
 11
98.0
 21
29.3539105243401
 31
0.0
  0
LINE
  5
315
330
17
100
AcDbEntity
  8
hatch
100
AcDbLine
 10
90.08040405071067
 20
22.000000000000007
 30
0.0
 11
98.0
 21
29.91959594928933
 31
0.0
  0
LINE
  5
316
330
17
100
AcDbEntity
  8
hatch
100
AcDbLine
 10
89.51471862576143
 20
22.0
 30
0.0
 11
98.0
 21
30.485281374238568
 31
0.0
  0
LINE
  5
317
330
17
100
AcDbEntity
  8
hatch
100
AcDbLine
 10
88.9490332008122
 20
22.0
 30
0.0
 11
98.0
 21
31.05096679918781
 31
0.0
  0
LINE
  5
318
330
17
100
AcDbEntity
  8
hatch
100
AcDbLine
 10
88.38334777586296
 20
22.0
 30
0.0
 11
98.0
 21
31.616652224137034
 31
0.0
  0
LINE
  5
319
330
17
100
AcDbEntity
  8
hatch
100
AcDbLine
 10
87.81766235091371
 20
22.0
 30
0.0
 11
98.0
 21
32.18233764908629
 31
0.0
  0
LINE
  5
31A
330
17
100
AcDbEntity
  8
hatch
100
AcDbLine
 10
87.25197692596447
 20
22.000000000000007
 30
0.0
 11
98.0
 21
32.748023074035515
 31
0.0
  0
LINE
  5
31B
330
17
100
AcDbEntity
  8
hatch
100
AcDbLine
 10
86.68629150101523
 20
22.0
 30
0.0
 11
98.0
 21
33.31370849898477
 31
0.0
  0
LINE
  5
31C
330
17
100
AcDbEntity
  8
hatch
100
AcDbLine
 10
86.120606076066
 20
21.999999999999993
 30
0.0
 11
98.0
 21
33.879393923934
 31
0.0
  0
LINE
  5
31D
330
17
100
AcDbEntity
  8
hatch
100
AcDbLine
 10
85.55492065111676
 20
22.0
 30
0.0
 11
98.0
 21
34.445079348883226
 31
0.0
  0
LINE
  5
31E
330
17
100
AcDbEntity
  8
hatch
100
AcDbLine
 10
84.98923522616752
 20
22.000000000000004
 30
0.0
 11
98.0
 21
35.01076477383248
 31
0.0
  0
LINE
  5
31F
330
17
100
AcDbEntity
  8
hatch
100
AcDbLine
 10
84.42354980121829
 20
22.000000000000004
 30
0.0
 11
98.0
 21
35.5764501987817
 31
0.0
  0
LINE
  5
320
330
17
100
AcDbEntity
  8
hatch
100
AcDbLine
 10
83.85786437626905
 20
22.000000000000004
 30
0.0
 11
98.0
 21
36.14213562373095
 31
0.0
  0
LINE
  5
321
330
17
100
AcDbEntity
  8
hatch
100
AcDbLine
 10
83.29217895131981
 20
21.999999999999996
 30
0.0
 11
98.0
 21
36.70782104868019
 31
0.0
  0
LINE
  5
322
330
17
100
AcDbEntity
  8
hatch
100
AcDbLine
 10
82.72649352637058
 20
22.0
 30
0.0
 11
98.0
 21
37.273506473629425
 31
0.0
  0
LINE
  5
323
330
17
100
AcDbEntity
  8
hatch
100
AcDbLine
 10
82.16080810142132
 20
22.0
 30
0.0
 11
98.0
 21
37.83919189857867
 31
0.0
  0
LINE
  5
324
330
17
100
AcDbEntity
  8
hatch
100
AcDbLine
 10
81.5951226764721
 20
22.000000000000007
 30
0.0
 11
97.99999999999999
 21
38.404877323527906
 31
0.0
  0
LINE
  5
325
330
17
100
AcDbEntity
  8
hatch
100
AcDbLine
 10
81.02943725152285
 20
21.999999999999996
 30
0.0
 11
98.0
 21
38.970562748477136
 31
0.0
  0
LINE
  5
326
330
17
100
AcDbEntity
  8
hatch
100
AcDbLine
 10
80.46375182657361
 20
21.999999999999996
 30
0.0
 11
98.0
 21
39.53624817342637
 31
0.0
  0
LINE
  5
327
330
17
100
AcDbEntity
  8
hatch
100
AcDbLine
 10
79.89806640162439
 20
21.999999999999996
 30
0.0
 11
97.89806640162439
 21
40.0
 31
0.0
  0
LINE
  5
328
330
17
100
AcDbEntity
  8
hatch
100
AcDbLine
 10
79.33238097667514
 20
22.0
 30
0.0
 11
97.33238097667514
 21
40.00000000000001
 31
0.0
  0
LINE
  5
329
330
17
100
AcDbEntity
  8
hatch
100
AcDbLine
 10
78.76669555172592
 20
22.000000000000007
 30
0.0
 11
96.7666955517259
 21
39.99999999999999
 31
0.0
  0
LINE
  5
32A
330
17
100
AcDbEntity
  8
hatch
100
AcDbLine
 10
78.20101012677667
 20
22.0
 30
0.0
 11
96.20101012677667
 21
40.00000000000001
 31
0.0
  0
LINE
  5
32B
330
17
100
AcDbEntity
  8
hatch
100
AcDbLine
 10
78.0
 20
22.36467529817257
 30
0.0
 11
95.63532470182743
 21
39.99999999999999
 31
0.0
  0
LINE
  5
32C
330
17
100
AcDbEntity
  8
hatch
100
AcDbLine
 10
78.0
 20
22.9303607231218
 30
0.0
 11
95.06963927687819
 21
40.00000000000001
 31
0.0
  0
LINE
  5
32D
330
17
100
AcDbEntity
  8
hatch
100
AcDbLine
 10
78.0
 20
23.49604614807105
 30
0.0
 11
94.50395385192896
 21
40.0
 31
0.0
  0
LINE
  5
32E
330
17
100
AcDbEntity
  8
hatch
100
AcDbLine
 10
78.0
 20
24.06173157302028
 30
0.0
 11
93.93826842697972
 21
40.0
 31
0.0
  0
LINE
  5
32F
330
17
100
AcDbEntity
  8
hatch
100
AcDbLine
 10
78.0
 20
24.627416997969522
 30
0.0
 11
93.37258300203048
 21
40.0
 31
0.0
  0
LINE
  5
330
330
17
100
AcDbEntity
  8
hatch
100
AcDbLine
 10
78.0
 20
25.193102422918763
 30
0.0
 11
92.80689757708123
 21
40.0
 31
0.0
  0
LINE
  5
331
330
17
100
AcDbEntity
  8
hatch
100
AcDbLine
 10
78.0
 20
25.758787847867996
 30
0.0
 11
92.24121215213201
 21
40.000000000000014
 31
0.0
  0
LINE
  5
332
330
17
100
AcDbEntity
  8
hatch
100
AcDbLine
 10
78.0
 20
26.324473272817237
 30
0.0
 11
91.67552672718277
 21
40.0
 31
0.0
  0
LINE
  5
333
330
17
100
AcDbEntity
  8
hatch
100
AcDbLine
 10
78.0
 20
26.89015869776648
 30
0.0
 11
91.10984130223353
 21
40.0
 31
0.0
  0
LINE
  5
334
330
17
100
AcDbEntity
  8
hatch
100
AcDbLine
 10
78.0
 20
27.45584412271571
 30
0.0
 11
90.5441558772843
 21
40.0
 31
0.0
  0
LINE
  5
335
330
17
100
AcDbEntity
  8
hatch
100
AcDbLine
 10
78.0
 20
28.021529547664958
 30
0.0
 11
89.97847045233505
 21
40.0
 31
0.0
  0
LINE
  5
336
330
17
100
AcDbEntity
  8
hatch
100
AcDbLine
 10
78.0
 20
28.587214972614184
 30
0.0
 11
89.41278502738582
 21
40.0
 31
0.0
  0
LINE
  5
337
330
17
100
AcDbEntity
  8
hatch
100
AcDbLine
 10
78.0
 20
29.15290039756343
 30
0.0
 11
88.84709960243657
 21
40.0
 31
0.0
  0
LINE
  5
338
330
17
100
AcDbEntity
  8
hatch
100
AcDbLine
 10
78.0
 20
29.71858582251267
 30
0.0
 11
88.28141417748733
 21
40.0
 31
0.0
  0
LINE
  5
339
330
17
100
AcDbEntity
  8
hatch
100
AcDbLine
 10
78.0
 20
30.2842712474619
 30
0.0
 11
87.7157287525381
 21
40.0
 31
0.0
  0
LINE
  5
33A
330
17
100
AcDbEntity
  8
hatch
100
AcDbLine
 10
78.0
 20
30.849956672411146
 30
0.0
 11
87.15004332758886
 21
40.00000000000001
 31
0.0
  0
LINE
  5
33B
330
17
100
AcDbEntity
  8
hatch
100
AcDbLine
 10
78.0
 20
31.41564209736037
 30
0.0
 11
86.58435790263964
 21
40.0
 31
0.0
  0
LINE
  5
33C
330
17
100
AcDbEntity
  8
hatch
100
AcDbLine
 10
78.0
 20
31.98132752230962
 30
0.0
 11
86.01867247769039
 21
40.00000000000001
 31
0.0
  0
LINE
  5
33D
330
17
100
AcDbEntity
  8
hatch
100
AcDbLine
 10
78.0
 20
32.547012947258864
 30
0.0
 11
85.45298705274114
 21
40.0
 31
0.0
  0
LINE
  5
33E
330
17
100
AcDbEntity
  8
hatch
100
AcDbLine
 10
78.0
 20
33.112698372208094
 30
0.0
 11
84.88730162779191
 21
40.00000000000001
 31
0.0
  0
LINE
  5
33F
330
17
100
AcDbEntity
  8
hatch
100
AcDbLine
 10
78.0
 20
33.67838379715733
 30
0.0
 11
84.32161620284268
 21
40.0
 31
0.0
  0
LINE
  5
340
330
17
100
AcDbEntity
  8
hatch
100
AcDbLine
 10
78.0
 20
34.244069222106575
 30
0.0
 11
83.75593077789343
 21
40.0
 31
0.0
  0
LINE
  5
341
330
17
100
AcDbEntity
  8
hatch
100
AcDbLine
 10
78.0
 20
34.80975464705581
 30
0.0
 11
83.1902453529442
 21
40.0
 31
0.0
  0
LINE
  5
342
330
17
100
AcDbEntity
  8
hatch
100
AcDbLine
 10
78.0
 20
35.37544007200505
 30
0.0
 11
82.62455992799495
 21
40.0
 31
0.0
  0
LINE
  5
343
330
17
100
AcDbEntity
  8
hatch
100
AcDbLine
 10
78.0
 20
35.94112549695428
 30
0.0
 11
82.05887450304573
 21
40.0
 31
0.0
  0
LINE
  5
344
330
17
100
AcDbEntity
  8
hatch
100
AcDbLine
 10
78.0
 20
36.50681092190352
 30
0.0
 11
81.49318907809648
 21
40.0
 31
0.0
  0
LINE
  5
345
330
17
100
AcDbEntity
  8
hatch
100
AcDbLine
 10
78.0
 20
37.07249634685276
 30
0.0
 11
80.92750365314724
 21
40.0
 31
0.0
  0
LINE
  5
346
330
17
100
AcDbEntity
  8
hatch
100
AcDbLine
 10
78.0
 20
37.638181771801996
 30
0.0
 11
80.361818228198
 21
40.0
 31
0.0
  0
LINE
  5
347
330
17
100
AcDbEntity
  8
hatch
100
AcDbLine
 10
78.0
 20
38.20386719675123
 30
0.0
 11
79.79613280324877
 21
40.0
 31
0.0
  0
LINE
  5
348
330
17
100
AcDbEntity
  8
hatch
100
AcDbLine
 10
78.0
 20
38.76955262170047
 30
0.0
 11
79.23044737829953
 21
40.0
 31
0.0
  0
LINE
  5
349
330
17
100
AcDbEntity
  8
hatch
100
AcDbLine
 10
78.0
 20
39.335238046649714
 30
0.0
 11
78.6647619533503
 21
40.0
 31
0.0
  0
LINE
  5
34A
330
17
100
AcDbEntity
  8
hatch
100
AcDbLine
 10
78.0
 20
39.90092347159896
 30
0.0
 11
78.09907652840104
 21
40.0
 31
0.0
  0
TEXT
  5
34B
330
17
100
AcDbEntity
  8
texto
100
AcDbText
 10
88.0
 20
31.0
 30
0.0
 40
0.4
  1
ÁREAS VERDES
 72
1
 11
88.0
 21
31.0
 31
0.0
100
AcDbText
  0
LWPOLYLINE
  5
34C
330
17
100
AcDbEntity
  8
edificio
100
AcDbPolyline
 90
4
 70
1
 10
58.0
 20
14.0
 10
68.0
 20
14.0
 10
68.0
 20
22.0
 10
58.0
 20
22.0
  0
LINE
  5
34D
330
17
100
AcDbEntity
  8
hatch
100
AcDbLine
 10
67.43431457505076
 20
13.999999999999993
 30
0.0
 11
68.0
 21
14.56568542494923
 31
0.0
  0
LINE
  5
34E
330
17
100
AcDbEntity
  8
hatch
100
AcDbLine
 10
66.86862915010153
 20
14.0
 30
0.0
 11
68.0
 21
15.131370849898467
 31
0.0
  0
LINE
  5
34F
330
17
100
AcDbEntity
  8
hatch
100
AcDbLine
 10
66.30294372515228
 20
13.999999999999996
 30
0.0
 11
68.0
 21
15.697056274847714
 31
0.0
  0
LINE
  5
350
330
17
100
AcDbEntity
  8
hatch
100
AcDbLine
 10
65.73725830020305
 20
13.999999999999996
 30
0.0
 11
68.0
 21
16.26274169979695
 31
0.0
  0
LINE
  5
351
330
17
100
AcDbEntity
  8
hatch
100
AcDbLine
 10
65.17157287525382
 20
13.999999999999996
 30
0.0
 11
68.0
 21
16.828427124746188
 31
0.0
  0
LINE
  5
352
330
17
100
AcDbEntity
  8
hatch
100
AcDbLine
 10
64.60588745030458
 20
13.999999999999996
 30
0.0
 11
68.0
 21
17.394112549695425
 31
0.0
  0
LINE
  5
353
330
17
100
AcDbEntity
  8
hatch
100
AcDbLine
 10
64.04020202535534
 20
13.999999999999996
 30
0.0
 11
68.0
 21
17.959797974644662
 31
0.0
  0
LINE
  5
354
330
17
100
AcDbEntity
  8
hatch
100
AcDbLine
 10
63.47451660040609
 20
14.0
 30
0.0
 11
68.0
 21
18.525483399593902
 31
0.0
  0
LINE
  5
355
330
17
100
AcDbEntity
  8
hatch
100
AcDbLine
 10
62.908831175456854
 20
14.0
 30
0.0
 11
68.0
 21
19.09116882454314
 31
0.0
  0
LINE
  5
356
330
17
100
AcDbEntity
  8
hatch
100
AcDbLine
 10
62.34314575050762
 20
14.0
 30
0.0
 11
68.0
 21
19.656854249492376
 31
0.0
  0
LINE
  5
357
330
17
100
AcDbEntity
  8
hatch
100
AcDbLine
 10
61.77746032555838
 20
14.0
 30
0.0
 11
68.0
 21
20.222539674441613
 31
0.0
  0
LINE
  5
358
330
17
100
AcDbEntity
  8
hatch
100
AcDbLine
 10
61.21177490060914
 20
14.0
 30
0.0
 11
68.0
 21
20.78822509939085
 31
0.0
  0
LINE
  5
359
330
17
100
AcDbEntity
  8
hatch
100
AcDbLine
 10
60.6460894756599
 20
13.999999999999996
 30
0.0
 11
68.0
 21
21.353910524340098
 31
0.0
  0
LINE
  5
35A
330
17
100
AcDbEntity
  8
hatch
100
AcDbLine
 10
60.08040405071066
 20
13.999999999999996
 30
0.0
 11
68.0
 21
21.919595949289334
 31
0.0
  0
LINE
  5
35B
330
17
100
AcDbEntity
  8
hatch
100
AcDbLine
 10
59.514718625761425
 20
13.999999999999996
 30
0.0
 11
67.51471862576143
 21
22.000000000000004
 31
0.0
  0
LINE
  5
35C
330
17
100
AcDbEntity
  8
hatch
100
AcDbLine
 10
58.94903320081219
 20
13.999999999999996
 30
0.0
 11
66.9490332008122
 21
22.000000000000004
 31
0.0
  0
LINE
  5
35D
330
17
100
AcDbEntity
  8
hatch
100
AcDbLine
 10
58.38334777586295
 20
13.999999999999996
 30
0.0
 11
66.38334777586294
 21
21.999999999999996
 31
0.0
  0
LINE
  5
35E
330
17
100
AcDbEntity
  8
hatch
100
AcDbLine
 10
58.0
 20
14.182337649086282
 30
0.0
 11
65.81766235091371
 21
21.999999999999996
 31
0.0
  0
LINE
  5
35F
330
17
100
AcDbEntity
  8
hatch
100
AcDbLine
 10
58.0
 20
14.748023074035522
 30
0.0
 11
65.25197692596447
 21
22.0
 31
0.0
  0
LINE
  5
360
330
17
100
AcDbEntity
  8
hatch
100
AcDbLine
 10
58.0
 20
15.31370849898476
 30
0.0
 11
64.68629150101523
 21
22.0
 31
0.0
  0
LINE
  5
361
330
17
100
AcDbEntity
  8
hatch
100
AcDbLine
 10
58.0
 20
15.879393923933993
 30
0.0
 11
64.120606076066
 21
21.999999999999996
 31
0.0
  0
LINE
  5
362
330
17
100
AcDbEntity
  8
hatch
100
AcDbLine
 10
58.0
 20
16.44507934888324
 30
0.0
 11
63.55492065111676
 21
22.0
 31
0.0
  0
LINE
  5
363
330
17
100
AcDbEntity
  8
hatch
100
AcDbLine
 10
57.99999999999999
 20
17.010764773832474
 30
0.0
 11
62.98923522616752
 21
22.000000000000004
 31
0.0
  0
LINE
  5
364
330
17
100
AcDbEntity
  8
hatch
100
AcDbLine
 10
58.0
 20
17.57645019878171
 30
0.0
 11
62.423549801218286
 21
22.000000000000004
 31
0.0
  0
LINE
  5
365
330
17
100
AcDbEntity
  8
hatch
100
AcDbLine
 10
58.0
 20
18.142135623730944
 30
0.0
 11
61.85786437626905
 21
22.0
 31
0.0
  0
LINE
  5
366
330
17
100
AcDbEntity
  8
hatch
100
AcDbLine
 10
58.0
 20
18.70782104868018
 30
0.0
 11
61.29217895131981
 21
22.0
 31
0.0
  0
LINE
  5
367
330
17
100
AcDbEntity
  8
hatch
100
AcDbLine
 10
58.0
 20
19.27350647362943
 30
0.0
 11
60.72649352637057
 21
21.999999999999996
 31
0.0
  0
LINE
  5
368
330
17
100
AcDbEntity
  8
hatch
100
AcDbLine
 10
58.0
 20
19.839191898578665
 30
0.0
 11
60.16080810142133
 21
22.000000000000004
 31
0.0
  0
LINE
  5
369
330
17
100
AcDbEntity
  8
hatch
100
AcDbLine
 10
58.0
 20
20.404877323527902
 30
0.0
 11
59.5951226764721
 21
22.000000000000004
 31
0.0
  0
LINE
  5
36A
330
17
100
AcDbEntity
  8
hatch
100
AcDbLine
 10
58.0
 20
20.97056274847714
 30
0.0
 11
59.029437251522864
 21
22.000000000000004
 31
0.0
  0
LINE
  5
36B
330
17
100
AcDbEntity
  8
hatch
100
AcDbLine
 10
58.0
 20
21.536248173426376
 30
0.0
 11
58.46375182657362
 21
21.999999999999996
 31
0.0
  0
TEXT
  5
36C
330
17
100
AcDbEntity
  8
texto
100
AcDbText
 10
63.0
 20
18.0
 30
0.0
 40
0.38
  1
CISTERNA
 72
1
 11
63.0
 21
18.0
 31
0.0
100
AcDbText
  0
TEXT
  5
36D
330
17
100
AcDbEntity
  8
texto-suave
100
AcDbText
 10
63.0
 20
41.0
 30
0.0
 40
0.4
  1
PATIO DE MANIOBRAS
 72
1
 11
63.0
 21
41.0
 31
0.0
100
AcDbText
  0
CIRCLE
  5
36E
330
17
100
AcDbEntity
  8
arbol
100
AcDbCircle
 10
8.0
 20
34.0
 30
0.0
 40
1.6
  0
CIRCLE
  5
36F
330
17
100
AcDbEntity
  8
arbol
100
AcDbCircle
 10
8.0
 20
34.0
 30
0.0
 40
0.25
  0
CIRCLE
  5
370
330
17
100
AcDbEntity
  8
arbol
100
AcDbCircle
 10
8.0
 20
52.0
 30
0.0
 40
1.6
  0
CIRCLE
  5
371
330
17
100
AcDbEntity
  8
arbol
100
AcDbCircle
 10
8.0
 20
52.0
 30
0.0
 40
0.25
  0
CIRCLE
  5
372
330
17
100
AcDbEntity
  8
arbol
100
AcDbCircle
 10
8.0
 20
70.0
 30
0.0
 40
1.6
  0
CIRCLE
  5
373
330
17
100
AcDbEntity
  8
arbol
100
AcDbCircle
 10
8.0
 20
70.0
 30
0.0
 40
0.25
  0
CIRCLE
  5
374
330
17
100
AcDbEntity
  8
arbol
100
AcDbCircle
 10
30.0
 20
66.0
 30
0.0
 40
1.6
  0
CIRCLE
  5
375
330
17
100
AcDbEntity
  8
arbol
100
AcDbCircle
 10
30.0
 20
66.0
 30
0.0
 40
0.25
  0
CIRCLE
  5
376
330
17
100
AcDbEntity
  8
arbol
100
AcDbCircle
 10
36.0
 20
88.0
 30
0.0
 40
1.6
  0
CIRCLE
  5
377
330
17
100
AcDbEntity
  8
arbol
100
AcDbCircle
 10
36.0
 20
88.0
 30
0.0
 40
0.25
  0
CIRCLE
  5
378
330
17
100
AcDbEntity
  8
arbol
100
AcDbCircle
 10
52.0
 20
96.0
 30
0.0
 40
1.6
  0
CIRCLE
  5
379
330
17
100
AcDbEntity
  8
arbol
100
AcDbCircle
 10
52.0
 20
96.0
 30
0.0
 40
0.25
  0
CIRCLE
  5
37A
330
17
100
AcDbEntity
  8
arbol
100
AcDbCircle
 10
96.0
 20
48.0
 30
0.0
 40
1.6
  0
CIRCLE
  5
37B
330
17
100
AcDbEntity
  8
arbol
100
AcDbCircle
 10
96.0
 20
48.0
 30
0.0
 40
0.25
  0
CIRCLE
  5
37C
330
17
100
AcDbEntity
  8
arbol
100
AcDbCircle
 10
96.0
 20
62.0
 30
0.0
 40
1.6
  0
CIRCLE
  5
37D
330
17
100
AcDbEntity
  8
arbol
100
AcDbCircle
 10
96.0
 20
62.0
 30
0.0
 40
0.25
  0
CIRCLE
  5
37E
330
17
100
AcDbEntity
  8
arbol
100
AcDbCircle
 10
86.0
 20
78.0
 30
0.0
 40
1.6
  0
CIRCLE
  5
37F
330
17
100
AcDbEntity
  8
arbol
100
AcDbCircle
 10
86.0
 20
78.0
 30
0.0
 40
0.25
  0
CIRCLE
  5
380
330
17
100
AcDbEntity
  8
arbol
100
AcDbCircle
 10
26.0
 20
8.5
 30
0.0
 40
1.6
  0
CIRCLE
  5
381
330
17
100
AcDbEntity
  8
arbol
100
AcDbCircle
 10
26.0
 20
8.5
 30
0.0
 40
0.25
  0
CIRCLE
  5
382
330
17
100
AcDbEntity
  8
arbol
100
AcDbCircle
 10
60.0
 20
96.0
 30
0.0
 40
1.6
  0
CIRCLE
  5
383
330
17
100
AcDbEntity
  8
arbol
100
AcDbCircle
 10
60.0
 20
96.0
 30
0.0
 40
0.25
  0
CIRCLE
  5
384
330
17
100
AcDbEntity
  8
arbol
100
AcDbCircle
 10
20.0
 20
88.0
 30
0.0
 40
1.6
  0
CIRCLE
  5
385
330
17
100
AcDbEntity
  8
arbol
100
AcDbCircle
 10
20.0
 20
88.0
 30
0.0
 40
0.25
  0
CIRCLE
  5
386
330
17
100
AcDbEntity
  8
arbol
100
AcDbCircle
 10
44.0
 20
58.0
 30
0.0
 40
1.6
  0
CIRCLE
  5
387
330
17
100
AcDbEntity
  8
arbol
100
AcDbCircle
 10
44.0
 20
58.0
 30
0.0
 40
0.25
  0
LWPOLYLINE
  5
388
330
17
100
AcDbEntity
  8
edificio
100
AcDbPolyline
 90
4
 70
1
 10
12.0
 20
78.0
 10
48.0
 20
78.0
 10
48.0
 20
92.0
 10
12.0
 20
92.0
  0
LINE
  5
389
330
17
100
AcDbEntity
  8
hatch
100
AcDbLine
 10
47.43431457505076
 20
78.0
 30
0.0
 11
48.000000000000014
 21
78.56568542494925
 31
0.0
  0
LINE
  5
38A
330
17
100
AcDbEntity
  8
hatch
100
AcDbLine
 10
46.86862915010153
 20
78.00000000000001
 30
0.0
 11
48.0
 21
79.13137084989849
 31
0.0
  0
LINE
  5
38B
330
17
100
AcDbEntity
  8
hatch
100
AcDbLine
 10
46.30294372515229
 20
78.0
 30
0.0
 11
48.00000000000001
 21
79.69705627484772
 31
0.0
  0
LINE
  5
38C
330
17
100
AcDbEntity
  8
hatch
100
AcDbLine
 10
45.73725830020306
 20
78.00000000000001
 30
0.0
 11
48.00000000000001
 21
80.26274169979698
 31
0.0
  0
LINE
  5
38D
330
17
100
AcDbEntity
  8
hatch
100
AcDbLine
 10
45.171572875253815
 20
78.00000000000001
 30
0.0
 11
48.00000000000001
 21
80.8284271247462
 31
0.0
  0
LINE
  5
38E
330
17
100
AcDbEntity
  8
hatch
100
AcDbLine
 10
44.60588745030457
 20
78.0
 30
0.0
 11
48.00000000000001
 21
81.39411254969545
 31
0.0
  0
LINE
  5
38F
330
17
100
AcDbEntity
  8
hatch
100
AcDbLine
 10
44.04020202535534
 20
78.00000000000001
 30
0.0
 11
48.00000000000001
 21
81.95979797464467
 31
0.0
  0
LINE
  5
390
330
17
100
AcDbEntity
  8
hatch
100
AcDbLine
 10
43.474516600406105
 20
78.0
 30
0.0
 11
48.00000000000001
 21
82.52548339959391
 31
0.0
  0
LINE
  5
391
330
17
100
AcDbEntity
  8
hatch
100
AcDbLine
 10
42.90883117545687
 20
78.00000000000001
 30
0.0
 11
48.0
 21
83.09116882454315
 31
0.0
  0
LINE
  5
392
330
17
100
AcDbEntity
  8
hatch
100
AcDbLine
 10
42.34314575050763
 20
78.0
 30
0.0
 11
48.0
 21
83.65685424949238
 31
0.0
  0
LINE
  5
393
330
17
100
AcDbEntity
  8
hatch
100
AcDbLine
 10
41.77746032555838
 20
78.0
 30
0.0
 11
48.0
 21
84.22253967444163
 31
0.0
  0
LINE
  5
394
330
17
100
AcDbEntity
  8
hatch
100
AcDbLine
 10
41.21177490060916
 20
78.0
 30
0.0
 11
48.0
 21
84.78822509939086
 31
0.0
  0
LINE
  5
395
330
17
100
AcDbEntity
  8
hatch
100
AcDbLine
 10
40.646089475659906
 20
78.0
 30
0.0
 11
48.0
 21
85.35391052434011
 31
0.0
  0
LINE
  5
396
330
17
100
AcDbEntity
  8
hatch
100
AcDbLine
 10
40.080404050710676
 20
78.00000000000001
 30
0.0
 11
48.0
 21
85.91959594928933
 31
0.0
  0
LINE
  5
397
330
17
100
AcDbEntity
  8
hatch
100
AcDbLine
 10
39.51471862576143
 20
78.0
 30
0.0
 11
48.0
 21
86.48528137423858
 31
0.0
  0
LINE
  5
398
330
17
100
AcDbEntity
  8
hatch
100
AcDbLine
 10
38.949033200812195
 20
78.0
 30
0.0
 11
48.000000000000014
 21
87.05096679918782
 31
0.0
  0
LINE
  5
399
330
17
100
AcDbEntity
  8
hatch
100
AcDbLine
 10
38.38334777586296
 20
78.00000000000001
 30
0.0
 11
48.0
 21
87.61665222413706
 31
0.0
  0
LINE
  5
39A
330
17
100
AcDbEntity
  8
hatch
100
AcDbLine
 10
37.81766235091372
 20
78.0
 30
0.0
 11
48.000000000000014
 21
88.18233764908629
 31
0.0
  0
LINE
  5
39B
330
17
100
AcDbEntity
  8
hatch
100
AcDbLine
 10
37.25197692596449
 20
78.00000000000001
 30
0.0
 11
48.0
 21
88.74802307403552
 31
0.0
  0
LINE
  5
39C
330
17
100
AcDbEntity
  8
hatch
100
AcDbLine
 10
36.68629150101525
 20
78.00000000000001
 30
0.0
 11
48.000000000000014
 21
89.31370849898477
 31
0.0
  0
LINE
  5
39D
330
17
100
AcDbEntity
  8
hatch
100
AcDbLine
 10
36.120606076066004
 20
78.0
 30
0.0
 11
48.000000000000014
 21
89.879393923934
 31
0.0
  0
LINE
  5
39E
330
17
100
AcDbEntity
  8
hatch
100
AcDbLine
 10
35.55492065111676
 20
78.0
 30
0.0
 11
48.000000000000014
 21
90.44507934888324
 31
0.0
  0
LINE
  5
39F
330
17
100
AcDbEntity
  8
hatch
100
AcDbLine
 10
34.98923522616752
 20
78.0
 30
0.0
 11
48.000000000000014
 21
91.01076477383248
 31
0.0
  0
LINE
  5
3A0
330
17
100
AcDbEntity
  8
hatch
100
AcDbLine
 10
34.423549801218286
 20
78.0
 30
0.0
 11
48.0
 21
91.57645019878171
 31
0.0
  0
LINE
  5
3A1
330
17
100
AcDbEntity
  8
hatch
100
AcDbLine
 10
33.85786437626905
 20
78.0
 30
0.0
 11
47.85786437626905
 21
92.0
 31
0.0
  0
LINE
  5
3A2
330
17
100
AcDbEntity
  8
hatch
100
AcDbLine
 10
33.29217895131981
 20
78.0
 30
0.0
 11
47.29217895131981
 21
92.0
 31
0.0
  0
LINE
  5
3A3
330
17
100
AcDbEntity
  8
hatch
100
AcDbLine
 10
32.72649352637057
 20
78.0
 30
0.0
 11
46.72649352637057
 21
92.0
 31
0.0
  0
LINE
  5
3A4
330
17
100
AcDbEntity
  8
hatch
100
AcDbLine
 10
32.16080810142134
 20
78.00000000000001
 30
0.0
 11
46.16080810142133
 21
92.0
 31
0.0
  0
LINE
  5
3A5
330
17
100
AcDbEntity
  8
hatch
100
AcDbLine
 10
31.595122676472094
 20
78.0
 30
0.0
 11
45.595122676472094
 21
92.0
 31
0.0
  0
LINE
  5
3A6
330
17
100
AcDbEntity
  8
hatch
100
AcDbLine
 10
31.029437251522864
 20
78.00000000000001
 30
0.0
 11
45.02943725152286
 21
92.0
 31
0.0
  0
LINE
  5
3A7
330
17
100
AcDbEntity
  8
hatch
100
AcDbLine
 10
30.46375182657362
 20
78.0
 30
0.0
 11
44.46375182657362
 21
92.0
 31
0.0
  0
LINE
  5
3A8
330
17
100
AcDbEntity
  8
hatch
100
AcDbLine
 10
29.89806640162438
 20
78.0
 30
0.0
 11
43.89806640162436
 21
92.0
 31
0.0
  0
LINE
  5
3A9
330
17
100
AcDbEntity
  8
hatch
100
AcDbLine
 10
29.33238097667515
 20
78.0
 30
0.0
 11
43.33238097667514
 21
92.0
 31
0.0
  0
LINE
  5
3AA
330
17
100
AcDbEntity
  8
hatch
100
AcDbLine
 10
28.766695551725906
 20
78.0
 30
0.0
 11
42.76669555172589
 21
92.0
 31
0.0
  0
LINE
  5
3AB
330
17
100
AcDbEntity
  8
hatch
100
AcDbLine
 10
28.20101012677668
 20
78.0
 30
0.0
 11
42.20101012677667
 21
92.0
 31
0.0
  0
LINE
  5
3AC
330
17
100
AcDbEntity
  8
hatch
100
AcDbLine
 10
27.635324701827436
 20
78.0
 30
0.0
 11
41.635324701827436
 21
92.0
 31
0.0
  0
LINE
  5
3AD
330
17
100
AcDbEntity
  8
hatch
100
AcDbLine
 10
27.069639276878185
 20
78.0
 30
0.0
 11
41.06963927687818
 21
91.99999999999999
 31
0.0
  0
LINE
  5
3AE
330
17
100
AcDbEntity
  8
hatch
100
AcDbLine
 10
26.50395385192896
 20
78.00000000000001
 30
0.0
 11
40.503953851928955
 21
92.0
 31
0.0
  0
LINE
  5
3AF
330
17
100
AcDbEntity
  8
hatch
100
AcDbLine
 10
25.938268426979715
 20
78.0
 30
0.0
 11
39.938268426979704
 21
92.0
 31
0.0
  0
LINE
  5
3B0
330
17
100
AcDbEntity
  8
hatch
100
AcDbLine
 10
25.372583002030485
 20
78.0
 30
0.0
 11
39.37258300203048
 21
92.0
 31
0.0
  0
LINE
  5
3B1
330
17
100
AcDbEntity
  8
hatch
100
AcDbLine
 10
24.806897577081248
 20
78.0
 30
0.0
 11
38.80689757708123
 21
92.0
 31
0.0
  0
LINE
  5
3B2
330
17
100
AcDbEntity
  8
hatch
100
AcDbLine
 10
24.241212152132
 20
78.0
 30
0.0
 11
38.24121215213199
 21
92.0
 31
0.0
  0
LINE
  5
3B3
330
17
100
AcDbEntity
  8
hatch
100
AcDbLine
 10
23.675526727182774
 20
78.0
 30
0.0
 11
37.675526727182756
 21
92.0
 31
0.0
  0
LINE
  5
3B4
330
17
100
AcDbEntity
  8
hatch
100
AcDbLine
 10
23.109841302233527
 20
78.0
 30
0.0
 11
37.10984130223352
 21
91.99999999999999
 31
0.0
  0
LINE
  5
3B5
330
17
100
AcDbEntity
  8
hatch
100
AcDbLine
 10
22.544155877284297
 20
78.00000000000001
 30
0.0
 11
36.54415587728428
 21
92.0
 31
0.0
  0
LINE
  5
3B6
330
17
100
AcDbEntity
  8
hatch
100
AcDbLine
 10
21.978470452335053
 20
78.0
 30
0.0
 11
35.978470452335046
 21
92.0
 31
0.0
  0
LINE
  5
3B7
330
17
100
AcDbEntity
  8
hatch
100
AcDbLine
 10
21.412785027385812
 20
78.0
 30
0.0
 11
35.41278502738581
 21
92.0
 31
0.0
  0
LINE
  5
3B8
330
17
100
AcDbEntity
  8
hatch
100
AcDbLine
 10
20.847099602436575
 20
78.0
 30
0.0
 11
34.84709960243657
 21
92.0
 31
0.0
  0
LINE
  5
3B9
330
17
100
AcDbEntity
  8
hatch
100
AcDbLine
 10
20.28141417748734
 20
78.0
 30
0.0
 11
34.281414177487335
 21
92.0
 31
0.0
  0
LINE
  5
3BA
330
17
100
AcDbEntity
  8
hatch
100
AcDbLine
 10
19.7157287525381
 20
78.0
 30
0.0
 11
33.7157287525381
 21
92.0
 31
0.0
  0
LINE
  5
3BB
330
17
100
AcDbEntity
  8
hatch
100
AcDbLine
 10
19.150043327588865
 20
78.0
 30
0.0
 11
33.15004332758886
 21
92.0
 31
0.0
  0
LINE
  5
3BC
330
17
100
AcDbEntity
  8
hatch
100
AcDbLine
 10
18.584357902639617
 20
78.0
 30
0.0
 11
32.58435790263961
 21
92.0
 31
0.0
  0
LINE
  5
3BD
330
17
100
AcDbEntity
  8
hatch
100
AcDbLine
 10
18.018672477690387
 20
78.00000000000001
 30
0.0
 11
32.01867247769038
 21
92.0
 31
0.0
  0
LINE
  5
3BE
330
17
100
AcDbEntity
  8
hatch
100
AcDbLine
 10
17.452987052741143
 20
78.0
 30
0.0
 11
31.452987052741136
 21
92.0
 31
0.0
  0
LINE
  5
3BF
330
17
100
AcDbEntity
  8
hatch
100
AcDbLine
 10
16.887301627791917
 20
78.00000000000001
 30
0.0
 11
30.88730162779191
 21
92.0
 31
0.0
  0
LINE
  5
3C0
330
17
100
AcDbEntity
  8
hatch
100
AcDbLine
 10
16.321616202842673
 20
78.0
 30
0.0
 11
30.321616202842666
 21
92.0
 31
0.0
  0
LINE
  5
3C1
330
17
100
AcDbEntity
  8
hatch
100
AcDbLine
 10
15.755930777893429
 20
78.0
 30
0.0
 11
29.755930777893422
 21
92.0
 31
0.0
  0
LINE
  5
3C2
330
17
100
AcDbEntity
  8
hatch
100
AcDbLine
 10
15.190245352944203
 20
78.0
 30
0.0
 11
29.190245352944196
 21
92.0
 31
0.0
  0
LINE
  5
3C3
330
17
100
AcDbEntity
  8
hatch
100
AcDbLine
 10
14.624559927994959
 20
78.0
 30
0.0
 11
28.62455992799495
 21
92.0
 31
0.0
  0
LINE
  5
3C4
330
17
100
AcDbEntity
  8
hatch
100
AcDbLine
 10
14.058874503045729
 20
78.00000000000001
 30
0.0
 11
28.058874503045722
 21
92.0
 31
0.0
  0
LINE
  5
3C5
330
17
100
AcDbEntity
  8
hatch
100
AcDbLine
 10
13.493189078096485
 20
78.0
 30
0.0
 11
27.493189078096478
 21
92.0
 31
0.0
  0
LINE
  5
3C6
330
17
100
AcDbEntity
  8
hatch
100
AcDbLine
 10
12.927503653147234
 20
78.0
 30
0.0
 11
26.927503653147227
 21
92.0
 31
0.0
  0
LINE
  5
3C7
330
17
100
AcDbEntity
  8
hatch
100
AcDbLine
 10
12.361818228197997
 20
78.0
 30
0.0
 11
26.361818228197997
 21
92.0
 31
0.0
  0
LINE
  5
3C8
330
17
100
AcDbEntity
  8
hatch
100
AcDbLine
 10
12.0
 20
78.20386719675125
 30
0.0
 11
25.79613280324876
 21
92.0
 31
0.0
  0
LINE
  5
3C9
330
17
100
AcDbEntity
  8
hatch
100
AcDbLine
 10
12.0
 20
78.76955262170047
 30
0.0
 11
25.23044737829953
 21
92.0
 31
0.0
  0
LINE
  5
3CA
330
17
100
AcDbEntity
  8
hatch
100
AcDbLine
 10
12.000000000000007
 20
79.33523804664972
 30
0.0
 11
24.664761953350293
 21
92.0
 31
0.0
  0
LINE
  5
3CB
330
17
100
AcDbEntity
  8
hatch
100
AcDbLine
 10
12.0
 20
79.90092347159896
 30
0.0
 11
24.099076528401042
 21
92.0
 31
0.0
  0
LINE
  5
3CC
330
17
100
AcDbEntity
  8
hatch
100
AcDbLine
 10
12.000000000000007
 20
80.4666088965482
 30
0.0
 11
23.533391103451812
 21
92.0
 31
0.0
  0
LINE
  5
3CD
330
17
100
AcDbEntity
  8
hatch
100
AcDbLine
 10
12.0
 20
81.03229432149743
 30
0.0
 11
22.96770567850257
 21
92.0
 31
0.0
  0
LINE
  5
3CE
330
17
100
AcDbEntity
  8
hatch
100
AcDbLine
 10
12.0
 20
81.59797974644667
 30
0.0
 11
22.40202025355334
 21
92.0
 31
0.0
  0
LINE
  5
3CF
330
17
100
AcDbEntity
  8
hatch
100
AcDbLine
 10
12.0
 20
82.1636651713959
 30
0.0
 11
21.836334828604095
 21
92.0
 31
0.0
  0
LINE
  5
3D0
330
17
100
AcDbEntity
  8
hatch
100
AcDbLine
 10
12.000000000000007
 20
82.72935059634514
 30
0.0
 11
21.270649403654858
 21
92.0
 31
0.0
  0
LINE
  5
3D1
330
17
100
AcDbEntity
  8
hatch
100
AcDbLine
 10
12.000000000000007
 20
83.29503602129438
 30
0.0
 11
20.704963978705614
 21
92.0
 31
0.0
  0
LINE
  5
3D2
330
17
100
AcDbEntity
  8
hatch
100
AcDbLine
 10
12.000000000000007
 20
83.86072144624362
 30
0.0
 11
20.139278553756384
 21
92.0
 31
0.0
  0
LINE
  5
3D3
330
17
100
AcDbEntity
  8
hatch
100
AcDbLine
 10
12.000000000000007
 20
84.42640687119285
 30
0.0
 11
19.573593128807147
 21
92.0
 31
0.0
  0
LINE
  5
3D4
330
17
100
AcDbEntity
  8
hatch
100
AcDbLine
 10
12.000000000000007
 20
84.99209229614209
 30
0.0
 11
19.00790770385791
 21
92.0
 31
0.0
  0
LINE
  5
3D5
330
17
100
AcDbEntity
  8
hatch
100
AcDbLine
 10
12.0
 20
85.55777772109134
 30
0.0
 11
18.44222227890866
 21
92.0
 31
0.0
  0
LINE
  5
3D6
330
17
100
AcDbEntity
  8
hatch
100
AcDbLine
 10
12.000000000000007
 20
86.12346314604059
 30
0.0
 11
17.876536853959422
 21
92.0
 31
0.0
  0
LINE
  5
3D7
330
17
100
AcDbEntity
  8
hatch
100
AcDbLine
 10
12.0
 20
86.6891485709898
 30
0.0
 11
17.310851429010185
 21
92.0
 31
0.0
  0
LINE
  5
3D8
330
17
100
AcDbEntity
  8
hatch
100
AcDbLine
 10
11.999999999999993
 20
87.25483399593904
 30
0.0
 11
16.745166004060955
 21
92.0
 31
0.0
  0
LINE
  5
3D9
330
17
100
AcDbEntity
  8
hatch
100
AcDbLine
 10
12.0
 20
87.82051942088827
 30
0.0
 11
16.17948057911171
 21
92.0
 31
0.0
  0
LINE
  5
3DA
330
17
100
AcDbEntity
  8
hatch
100
AcDbLine
 10
12.000000000000007
 20
88.38620484583754
 30
0.0
 11
15.613795154162474
 21
92.0
 31
0.0
  0
LINE
  5
3DB
330
17
100
AcDbEntity
  8
hatch
100
AcDbLine
 10
12.000000000000007
 20
88.95189027078678
 30
0.0
 11
15.04810972921323
 21
92.0
 31
0.0
  0
LINE
  5
3DC
330
17
100
AcDbEntity
  8
hatch
100
AcDbLine
 10
12.000000000000007
 20
89.517575695736
 30
0.0
 11
14.482424304264
 21
92.0
 31
0.0
  0
LINE
  5
3DD
330
17
100
AcDbEntity
  8
hatch
100
AcDbLine
 10
12.0
 20
90.08326112068524
 30
0.0
 11
13.91673887931477
 21
92.0
 31
0.0
  0
LINE
  5
3DE
330
17
100
AcDbEntity
  8
hatch
100
AcDbLine
 10
12.0
 20
90.64894654563447
 30
0.0
 11
13.351053454365527
 21
92.0
 31
0.0
  0
LINE
  5
3DF
330
17
100
AcDbEntity
  8
hatch
100
AcDbLine
 10
12.0
 20
91.21463197058372
 30
0.0
 11
12.785368029416276
 21
92.0
 31
0.0
  0
LINE
  5
3E0
330
17
100
AcDbEntity
  8
hatch
100
AcDbLine
 10
12.000000000000014
 20
91.78031739553296
 30
0.0
 11
12.219682604467046
 21
92.0
 31
0.0
  0
LWPOLYLINE
  5
3E1
330
17
100
AcDbEntity
  8
marco-medio
100
AcDbPolyline
 90
4
 70
1
 10
12.0
 20
78.0
 10
48.0
 20
78.0
 10
48.0
 20
92.0
 10
12.0
 20
92.0
  0
LINE
  5
3E2
330
17
100
AcDbEntity
  8
proyeccion
100
AcDbLine
 10
12.6
 20
78.6
 30
0.0
 11
47.4
 21
91.4
 31
0.0
  0
TEXT
  5
3E3
330
17
100
AcDbEntity
  8
texto
100
AcDbText
 10
30.0
 20
85.9
 30
0.0
 40
0.48
  1
AULAS / AULAS TALLER
 72
1
 11
30.0
 21
85.9
 31
0.0
100
AcDbText
  0
TEXT
  5
3E4
330
17
100
AcDbEntity
  8
texto-suave
100
AcDbText
 10
30.0
 20
83.4
 30
0.0
 40
0.42
  1
36,0 × 14,0 m
 72
1
 11
30.0
 21
83.4
 31
0.0
100
AcDbText
  0
LWPOLYLINE
  5
3E5
330
17
100
AcDbEntity
  8
edificio
100
AcDbPolyline
 90
4
 70
1
 10
12.0
 20
46.0
 10
32.0
 20
46.0
 10
32.0
 20
62.0
 10
12.0
 20
62.0
  0
LINE
  5
3E6
330
17
100
AcDbEntity
  8
hatch
100
AcDbLine
 10
31.43431457505077
 20
46.0
 30
0.0
 11
32.00000000000001
 21
46.56568542494924
 31
0.0
  0
LINE
  5
3E7
330
17
100
AcDbEntity
  8
hatch
100
AcDbLine
 10
30.868629150101533
 20
46.0
 30
0.0
 11
32.00000000000001
 21
47.131370849898474
 31
0.0
  0
LINE
  5
3E8
330
17
100
AcDbEntity
  8
hatch
100
AcDbLine
 10
30.30294372515229
 20
45.99999999999999
 30
0.0
 11
32.00000000000001
 21
47.69705627484771
 31
0.0
  0
LINE
  5
3E9
330
17
100
AcDbEntity
  8
hatch
100
AcDbLine
 10
29.737258300203052
 20
46.0
 30
0.0
 11
32.00000000000001
 21
48.26274169979695
 31
0.0
  0
LINE
  5
3EA
330
17
100
AcDbEntity
  8
hatch
100
AcDbLine
 10
29.171572875253812
 20
46.00000000000001
 30
0.0
 11
32.0
 21
48.82842712474619
 31
0.0
  0
LINE
  5
3EB
330
17
100
AcDbEntity
  8
hatch
100
AcDbLine
 10
28.605887450304582
 20
46.00000000000001
 30
0.0
 11
32.0
 21
49.39411254969543
 31
0.0
  0
LINE
  5
3EC
330
17
100
AcDbEntity
  8
hatch
100
AcDbLine
 10
28.04020202535534
 20
46.00000000000001
 30
0.0
 11
32.0
 21
49.959797974644665
 31
0.0
  0
LINE
  5
3ED
330
17
100
AcDbEntity
  8
hatch
100
AcDbLine
 10
27.4745166004061
 20
46.0
 30
0.0
 11
32.0
 21
50.5254833995939
 31
0.0
  0
LINE
  5
3EE
330
17
100
AcDbEntity
  8
hatch
100
AcDbLine
 10
26.90883117545686
 20
46.0
 30
0.0
 11
32.0
 21
51.09116882454314
 31
0.0
  0
LINE
  5
3EF
330
17
100
AcDbEntity
  8
hatch
100
AcDbLine
 10
26.343145750507624
 20
46.0
 30
0.0
 11
32.0
 21
51.656854249492376
 31
0.0
  0
LINE
  5
3F0
330
17
100
AcDbEntity
  8
hatch
100
AcDbLine
 10
25.777460325558387
 20
46.0
 30
0.0
 11
32.0
 21
52.22253967444161
 31
0.0
  0
LINE
  5
3F1
330
17
100
AcDbEntity
  8
hatch
100
AcDbLine
 10
25.21177490060915
 20
46.0
 30
0.0
 11
32.00000000000001
 21
52.78822509939086
 31
0.0
  0
LINE
  5
3F2
330
17
100
AcDbEntity
  8
hatch
100
AcDbLine
 10
24.646089475659913
 20
46.0
 30
0.0
 11
32.0
 21
53.353910524340094
 31
0.0
  0
LINE
  5
3F3
330
17
100
AcDbEntity
  8
hatch
100
AcDbLine
 10
24.080404050710676
 20
46.0
 30
0.0
 11
32.0
 21
53.91959594928933
 31
0.0
  0
LINE
  5
3F4
330
17
100
AcDbEntity
  8
hatch
100
AcDbLine
 10
23.51471862576144
 20
46.0
 30
0.0
 11
32.0
 21
54.48528137423857
 31
0.0
  0
LINE
  5
3F5
330
17
100
AcDbEntity
  8
hatch
100
AcDbLine
 10
22.949033200812202
 20
46.0
 30
0.0
 11
32.0
 21
55.050966799187805
 31
0.0
  0
LINE
  5
3F6
330
17
100
AcDbEntity
  8
hatch
100
AcDbLine
 10
22.383347775862955
 20
46.0
 30
0.0
 11
31.999999999999996
 21
55.61665222413704
 31
0.0
  0
LINE
  5
3F7
330
17
100
AcDbEntity
  8
hatch
100
AcDbLine
 10
21.81766235091372
 20
46.0
 30
0.0
 11
32.0
 21
56.18233764908628
 31
0.0
  0
LINE
  5
3F8
330
17
100
AcDbEntity
  8
hatch
100
AcDbLine
 10
21.251976925964478
 20
46.0
 30
0.0
 11
32.0
 21
56.74802307403552
 31
0.0
  0
LINE
  5
3F9
330
17
100
AcDbEntity
  8
hatch
100
AcDbLine
 10
20.686291501015244
 20
46.0
 30
0.0
 11
32.0
 21
57.31370849898476
 31
0.0
  0
LINE
  5
3FA
330
17
100
AcDbEntity
  8
hatch
100
AcDbLine
 10
20.120606076066007
 20
46.00000000000001
 30
0.0
 11
32.0
 21
57.879393923933996
 31
0.0
  0
LINE
  5
3FB
330
17
100
AcDbEntity
  8
hatch
100
AcDbLine
 10
19.554920651116767
 20
46.00000000000001
 30
0.0
 11
32.0
 21
58.44507934888323
 31
0.0
  0
LINE
  5
3FC
330
17
100
AcDbEntity
  8
hatch
100
AcDbLine
 10
18.98923522616753
 20
46.0
 30
0.0
 11
32.0
 21
59.01076477383248
 31
0.0
  0
LINE
  5
3FD
330
17
100
AcDbEntity
  8
hatch
100
AcDbLine
 10
18.423549801218293
 20
46.0
 30
0.0
 11
32.0
 21
59.57645019878171
 31
0.0
  0
LINE
  5
3FE
330
17
100
AcDbEntity
  8
hatch
100
AcDbLine
 10
17.857864376269056
 20
46.0
 30
0.0
 11
31.999999999999993
 21
60.14213562373094
 31
0.0
  0
LINE
  5
3FF
330
17
100
AcDbEntity
  8
hatch
100
AcDbLine
 10
17.29217895131982
 20
46.0
 30
0.0
 11
32.0
 21
60.70782104868018
 31
0.0
  0
LINE
  5
400
330
17
100
AcDbEntity
  8
hatch
100
AcDbLine
 10
16.726493526370582
 20
46.00000000000001
 30
0.0
 11
31.999999999999993
 21
61.27350647362941
 31
0.0
  0
LINE
  5
401
330
17
100
AcDbEntity
  8
hatch
100
AcDbLine
 10
16.16080810142134
 20
46.0
 30
0.0
 11
31.999999999999996
 21
61.83919189857866
 31
0.0
  0
LINE
  5
402
330
17
100
AcDbEntity
  8
hatch
100
AcDbLine
 10
15.595122676472101
 20
46.0
 30
0.0
 11
31.595122676472105
 21
62.00000000000001
 31
0.0
  0
LINE
  5
403
330
17
100
AcDbEntity
  8
hatch
100
AcDbLine
 10
15.029437251522866
 20
46.0
 30
0.0
 11
31.029437251522864
 21
62.0
 31
0.0
  0
LINE
  5
404
330
17
100
AcDbEntity
  8
hatch
100
AcDbLine
 10
14.46375182657363
 20
46.0
 30
0.0
 11
30.463751826573628
 21
62.0
 31
0.0
  0
LINE
  5
405
330
17
100
AcDbEntity
  8
hatch
100
AcDbLine
 10
13.89806640162439
 20
46.00000000000001
 30
0.0
 11
29.898066401624387
 21
62.0
 31
0.0
  0
LINE
  5
406
330
17
100
AcDbEntity
  8
hatch
100
AcDbLine
 10
13.332380976675147
 20
46.0
 30
0.0
 11
29.332380976675147
 21
62.0
 31
0.0
  0
LINE
  5
407
330
17
100
AcDbEntity
  8
hatch
100
AcDbLine
 10
12.76669555172591
 20
46.0
 30
0.0
 11
28.766695551725917
 21
62.00000000000001
 31
0.0
  0
LINE
  5
408
330
17
100
AcDbEntity
  8
hatch
100
AcDbLine
 10
12.201010126776676
 20
46.0
 30
0.0
 11
28.201010126776676
 21
62.0
 31
0.0
  0
LINE
  5
409
330
17
100
AcDbEntity
  8
hatch
100
AcDbLine
 10
12.000000000000007
 20
46.36467529817257
 30
0.0
 11
27.63532470182744
 21
62.0
 31
0.0
  0
LINE
  5
40A
330
17
100
AcDbEntity
  8
hatch
100
AcDbLine
 10
12.000000000000004
 20
46.93036072312181
 30
0.0
 11
27.0696392768782
 21
62.0
 31
0.0
  0
LINE
  5
40B
330
17
100
AcDbEntity
  8
hatch
100
AcDbLine
 10
12.000000000000007
 20
47.49604614807105
 30
0.0
 11
26.503953851928955
 21
62.0
 31
0.0
  0
LINE
  5
40C
330
17
100
AcDbEntity
  8
hatch
100
AcDbLine
 10
12.000000000000007
 20
48.06173157302028
 30
0.0
 11
25.938268426979725
 21
62.0
 31
0.0
  0
LINE
  5
40D
330
17
100
AcDbEntity
  8
hatch
100
AcDbLine
 10
12.000000000000007
 20
48.62741699796952
 30
0.0
 11
25.37258300203049
 21
62.0
 31
0.0
  0
LINE
  5
40E
330
17
100
AcDbEntity
  8
hatch
100
AcDbLine
 10
12.000000000000004
 20
49.19310242291876
 30
0.0
 11
24.80689757708124
 21
62.0
 31
0.0
  0
LINE
  5
40F
330
17
100
AcDbEntity
  8
hatch
100
AcDbLine
 10
12.0
 20
49.75878784786799
 30
0.0
 11
24.24121215213201
 21
62.0
 31
0.0
  0
LINE
  5
410
330
17
100
AcDbEntity
  8
hatch
100
AcDbLine
 10
12.000000000000004
 20
50.32447327281723
 30
0.0
 11
23.67552672718277
 21
62.0
 31
0.0
  0
LINE
  5
411
330
17
100
AcDbEntity
  8
hatch
100
AcDbLine
 10
12.0
 20
50.89015869776647
 30
0.0
 11
23.10984130223353
 21
62.0
 31
0.0
  0
LINE
  5
412
330
17
100
AcDbEntity
  8
hatch
100
AcDbLine
 10
12.0
 20
51.45584412271571
 30
0.0
 11
22.544155877284293
 21
62.0
 31
0.0
  0
LINE
  5
413
330
17
100
AcDbEntity
  8
hatch
100
AcDbLine
 10
12.0
 20
52.02152954766495
 30
0.0
 11
21.978470452335053
 21
62.0
 31
0.0
  0
LINE
  5
414
330
17
100
AcDbEntity
  8
hatch
100
AcDbLine
 10
12.000000000000004
 20
52.587214972614184
 30
0.0
 11
21.41278502738582
 21
62.0
 31
0.0
  0
LINE
  5
415
330
17
100
AcDbEntity
  8
hatch
100
AcDbLine
 10
12.0
 20
53.15290039756343
 30
0.0
 11
20.84709960243658
 21
62.0
 31
0.0
  0
LINE
  5
416
330
17
100
AcDbEntity
  8
hatch
100
AcDbLine
 10
12.0
 20
53.718585822512665
 30
0.0
 11
20.281414177487342
 21
62.0
 31
0.0
  0
LINE
  5
417
330
17
100
AcDbEntity
  8
hatch
100
AcDbLine
 10
12.0
 20
54.2842712474619
 30
0.0
 11
19.715728752538105
 21
62.0
 31
0.0
  0
LINE
  5
418
330
17
100
AcDbEntity
  8
hatch
100
AcDbLine
 10
12.0
 20
54.84995667241114
 30
0.0
 11
19.15004332758886
 21
62.0
 31
0.0
  0
LINE
  5
419
330
17
100
AcDbEntity
  8
hatch
100
AcDbLine
 10
12.0
 20
55.415642097360376
 30
0.0
 11
18.58435790263963
 21
62.0
 31
0.0
  0
LINE
  5
41A
330
17
100
AcDbEntity
  8
hatch
100
AcDbLine
 10
11.999999999999996
 20
55.98132752230962
 30
0.0
 11
18.018672477690384
 21
62.0
 31
0.0
  0
LINE
  5
41B
330
17
100
AcDbEntity
  8
hatch
100
AcDbLine
 10
11.999999999999996
 20
56.54701294725886
 30
0.0
 11
17.452987052741147
 21
62.0
 31
0.0
  0
LINE
  5
41C
330
17
100
AcDbEntity
  8
hatch
100
AcDbLine
 10
12.0
 20
57.11269837220809
 30
0.0
 11
16.887301627791913
 21
62.0
 31
0.0
  0
LINE
  5
41D
330
17
100
AcDbEntity
  8
hatch
100
AcDbLine
 10
12.0
 20
57.67838379715732
 30
0.0
 11
16.321616202842677
 21
62.0
 31
0.0
  0
LINE
  5
41E
330
17
100
AcDbEntity
  8
hatch
100
AcDbLine
 10
11.999999999999993
 20
58.24406922210656
 30
0.0
 11
15.755930777893433
 21
62.0
 31
0.0
  0
LINE
  5
41F
330
17
100
AcDbEntity
  8
hatch
100
AcDbLine
 10
11.999999999999996
 20
58.8097546470558
 30
0.0
 11
15.1902453529442
 21
62.0
 31
0.0
  0
LINE
  5
420
330
17
100
AcDbEntity
  8
hatch
100
AcDbLine
 10
11.999999999999996
 20
59.375440072005034
 30
0.0
 11
14.624559927994962
 21
62.0
 31
0.0
  0
LINE
  5
421
330
17
100
AcDbEntity
  8
hatch
100
AcDbLine
 10
11.999999999999996
 20
59.94112549695427
 30
0.0
 11
14.058874503045725
 21
62.0
 31
0.0
  0
LINE
  5
422
330
17
100
AcDbEntity
  8
hatch
100
AcDbLine
 10
11.999999999999996
 20
60.50681092190351
 30
0.0
 11
13.493189078096488
 21
62.0
 31
0.0
  0
LINE
  5
423
330
17
100
AcDbEntity
  8
hatch
100
AcDbLine
 10
12.0
 20
61.07249634685276
 30
0.0
 11
12.927503653147241
 21
62.0
 31
0.0
  0
LINE
  5
424
330
17
100
AcDbEntity
  8
hatch
100
AcDbLine
 10
12.0
 20
61.638181771801996
 30
0.0
 11
12.361818228198004
 21
62.0
 31
0.0
  0
LWPOLYLINE
  5
425
330
17
100
AcDbEntity
  8
marco-medio
100
AcDbPolyline
 90
4
 70
1
 10
12.0
 20
46.0
 10
32.0
 20
46.0
 10
32.0
 20
62.0
 10
12.0
 20
62.0
  0
LINE
  5
426
330
17
100
AcDbEntity
  8
proyeccion
100
AcDbLine
 10
12.6
 20
46.6
 30
0.0
 11
31.4
 21
61.4
 31
0.0
  0
TEXT
  5
427
330
17
100
AcDbEntity
  8
texto
100
AcDbText
 10
22.0
 20
54.0
 30
0.0
 40
0.45999999999999996
  1
ADMINISTRACIÓN Y BIBLIOTECA
 72
1
 11
22.0
 21
54.0
 31
0.0
100
AcDbText
  0
TEXT
  5
428
330
17
100
AcDbEntity
  8
texto-suave
100
AcDbText
 10
22.0
 20
51.6
 30
0.0
 40
0.4
  1
20,0 × 16,0 m
 72
1
 11
22.0
 21
51.6
 31
0.0
100
AcDbText
  0
LWPOLYLINE
  5
429
330
17
100
AcDbEntity
  8
destacado
100
AcDbPolyline
 90
4
 70
1
 10
52.0
 20
44.0
 10
76.0
 20
44.0
 10
76.0
 20
53.6
 10
52.0
 20
53.6
  0
LINE
  5
42A
330
17
100
AcDbEntity
  8
hatch
100
AcDbLine
 10
75.43431457505076
 20
44.0
 30
0.0
 11
76.0
 21
44.56568542494924
 31
0.0
  0
LINE
  5
42B
330
17
100
AcDbEntity
  8
hatch
100
AcDbLine
 10
74.86862915010153
 20
44.00000000000001
 30
0.0
 11
76.0
 21
45.131370849898474
 31
0.0
  0
LINE
  5
42C
330
17
100
AcDbEntity
  8
hatch
100
AcDbLine
 10
74.30294372515228
 20
44.0
 30
0.0
 11
76.0
 21
45.69705627484772
 31
0.0
  0
LINE
  5
42D
330
17
100
AcDbEntity
  8
hatch
100
AcDbLine
 10
73.73725830020305
 20
44.00000000000001
 30
0.0
 11
76.0
 21
46.26274169979695
 31
0.0
  0
LINE
  5
42E
330
17
100
AcDbEntity
  8
hatch
100
AcDbLine
 10
73.1715728752538
 20
44.0
 30
0.0
 11
76.0
 21
46.82842712474619
 31
0.0
  0
LINE
  5
42F
330
17
100
AcDbEntity
  8
hatch
100
AcDbLine
 10
72.60588745030456
 20
44.0
 30
0.0
 11
76.0
 21
47.39411254969542
 31
0.0
  0
LINE
  5
430
330
17
100
AcDbEntity
  8
hatch
100
AcDbLine
 10
72.04020202535534
 20
44.0
 30
0.0
 11
76.0
 21
47.95979797464467
 31
0.0
  0
LINE
  5
431
330
17
100
AcDbEntity
  8
hatch
100
AcDbLine
 10
71.47451660040609
 20
44.0
 30
0.0
 11
75.99999999999999
 21
48.525483399593895
 31
0.0
  0
LINE
  5
432
330
17
100
AcDbEntity
  8
hatch
100
AcDbLine
 10
70.90883117545687
 20
44.00000000000001
 30
0.0
 11
76.0
 21
49.091168824543146
 31
0.0
  0
LINE
  5
433
330
17
100
AcDbEntity
  8
hatch
100
AcDbLine
 10
70.34314575050762
 20
44.0
 30
0.0
 11
75.99999999999999
 21
49.65685424949237
 31
0.0
  0
LINE
  5
434
330
17
100
AcDbEntity
  8
hatch
100
AcDbLine
 10
69.77746032555838
 20
44.0
 30
0.0
 11
76.0
 21
50.22253967444162
 31
0.0
  0
LINE
  5
435
330
17
100
AcDbEntity
  8
hatch
100
AcDbLine
 10
69.21177490060914
 20
44.00000000000001
 30
0.0
 11
76.0
 21
50.78822509939086
 31
0.0
  0
LINE
  5
436
330
17
100
AcDbEntity
  8
hatch
100
AcDbLine
 10
68.6460894756599
 20
44.0
 30
0.0
 11
76.0
 21
51.35391052434009
 31
0.0
  0
LINE
  5
437
330
17
100
AcDbEntity
  8
hatch
100
AcDbLine
 10
68.08040405071067
 20
44.00000000000001
 30
0.0
 11
75.99999999999999
 21
51.91959594928933
 31
0.0
  0
LINE
  5
438
330
17
100
AcDbEntity
  8
hatch
100
AcDbLine
 10
67.51471862576143
 20
44.0
 30
0.0
 11
75.99999999999999
 21
52.48528137423857
 31
0.0
  0
LINE
  5
439
330
17
100
AcDbEntity
  8
hatch
100
AcDbLine
 10
66.94903320081218
 20
44.0
 30
0.0
 11
76.0
 21
53.050966799187805
 31
0.0
  0
LINE
  5
43A
330
17
100
AcDbEntity
  8
hatch
100
AcDbLine
 10
66.38334777586296
 20
44.00000000000001
 30
0.0
 11
75.98334777586295
 21
53.599999999999994
 31
0.0
  0
LINE
  5
43B
330
17
100
AcDbEntity
  8
hatch
100
AcDbLine
 10
65.81766235091371
 20
44.0
 30
0.0
 11
75.4176623509137
 21
53.599999999999994
 31
0.0
  0
LINE
  5
43C
330
17
100
AcDbEntity
  8
hatch
100
AcDbLine
 10
65.25197692596448
 20
44.000000000000014
 30
0.0
 11
74.85197692596446
 21
53.59999999999998
 31
0.0
  0
LINE
  5
43D
330
17
100
AcDbEntity
  8
hatch
100
AcDbLine
 10
64.68629150101523
 20
44.0
 30
0.0
 11
74.28629150101523
 21
53.599999999999994
 31
0.0
  0
LINE
  5
43E
330
17
100
AcDbEntity
  8
hatch
100
AcDbLine
 10
64.120606076066
 20
44.0
 30
0.0
 11
73.72060607606599
 21
53.599999999999994
 31
0.0
  0
LINE
  5
43F
330
17
100
AcDbEntity
  8
hatch
100
AcDbLine
 10
63.55492065111676
 20
44.0
 30
0.0
 11
73.15492065111675
 21
53.599999999999994
 31
0.0
  0
LINE
  5
440
330
17
100
AcDbEntity
  8
hatch
100
AcDbLine
 10
62.98923522616752
 20
44.00000000000001
 30
0.0
 11
72.58923522616752
 21
53.599999999999994
 31
0.0
  0
LINE
  5
441
330
17
100
AcDbEntity
  8
hatch
100
AcDbLine
 10
62.42354980121829
 20
44.00000000000001
 30
0.0
 11
72.02354980121828
 21
53.59999999999999
 31
0.0
  0
LINE
  5
442
330
17
100
AcDbEntity
  8
hatch
100
AcDbLine
 10
61.85786437626905
 20
44.00000000000001
 30
0.0
 11
71.45786437626904
 21
53.599999999999994
 31
0.0
  0
LINE
  5
443
330
17
100
AcDbEntity
  8
hatch
100
AcDbLine
 10
61.292178951319805
 20
44.0
 30
0.0
 11
70.8921789513198
 21
53.59999999999999
 31
0.0
  0
LINE
  5
444
330
17
100
AcDbEntity
  8
hatch
100
AcDbLine
 10
60.726493526370575
 20
44.00000000000001
 30
0.0
 11
70.32649352637057
 21
53.599999999999994
 31
0.0
  0
LINE
  5
445
330
17
100
AcDbEntity
  8
hatch
100
AcDbLine
 10
60.16080810142133
 20
44.0
 30
0.0
 11
69.76080810142132
 21
53.599999999999994
 31
0.0
  0
LINE
  5
446
330
17
100
AcDbEntity
  8
hatch
100
AcDbLine
 10
59.5951226764721
 20
44.00000000000001
 30
0.0
 11
69.19512267647208
 21
53.59999999999999
 31
0.0
  0
LINE
  5
447
330
17
100
AcDbEntity
  8
hatch
100
AcDbLine
 10
59.02943725152286
 20
44.0
 30
0.0
 11
68.62943725152284
 21
53.599999999999994
 31
0.0
  0
LINE
  5
448
330
17
100
AcDbEntity
  8
hatch
100
AcDbLine
 10
58.46375182657361
 20
44.0
 30
0.0
 11
68.06375182657361
 21
53.59999999999999
 31
0.0
  0
LINE
  5
449
330
17
100
AcDbEntity
  8
hatch
100
AcDbLine
 10
57.898066401624384
 20
44.0
 30
0.0
 11
67.49806640162437
 21
53.599999999999994
 31
0.0
  0
LINE
  5
44A
330
17
100
AcDbEntity
  8
hatch
100
AcDbLine
 10
57.33238097667514
 20
44.0
 30
0.0
 11
66.93238097667513
 21
53.599999999999994
 31
0.0
  0
LINE
  5
44B
330
17
100
AcDbEntity
  8
hatch
100
AcDbLine
 10
56.76669555172591
 20
44.000000000000014
 30
0.0
 11
66.3666955517259
 21
53.599999999999994
 31
0.0
  0
LINE
  5
44C
330
17
100
AcDbEntity
  8
hatch
100
AcDbLine
 10
56.201010126776666
 20
44.00000000000001
 30
0.0
 11
65.80101012677666
 21
53.599999999999994
 31
0.0
  0
LINE
  5
44D
330
17
100
AcDbEntity
  8
hatch
100
AcDbLine
 10
55.63532470182742
 20
44.0
 30
0.0
 11
65.23532470182742
 21
53.599999999999994
 31
0.0
  0
LINE
  5
44E
330
17
100
AcDbEntity
  8
hatch
100
AcDbLine
 10
55.06963927687819
 20
44.00000000000001
 30
0.0
 11
64.66963927687819
 21
53.6
 31
0.0
  0
LINE
  5
44F
330
17
100
AcDbEntity
  8
hatch
100
AcDbLine
 10
54.503953851928955
 20
44.0
 30
0.0
 11
64.10395385192894
 21
53.599999999999994
 31
0.0
  0
LINE
  5
450
330
17
100
AcDbEntity
  8
hatch
100
AcDbLine
 10
53.93826842697972
 20
44.00000000000001
 30
0.0
 11
63.538268426979705
 21
53.59999999999999
 31
0.0
  0
LINE
  5
451
330
17
100
AcDbEntity
  8
hatch
100
AcDbLine
 10
53.37258300203048
 20
44.00000000000001
 30
0.0
 11
62.97258300203047
 21
53.599999999999994
 31
0.0
  0
LINE
  5
452
330
17
100
AcDbEntity
  8
hatch
100
AcDbLine
 10
52.80689757708124
 20
44.0
 30
0.0
 11
62.40689757708123
 21
53.59999999999999
 31
0.0
  0
LINE
  5
453
330
17
100
AcDbEntity
  8
hatch
100
AcDbLine
 10
52.24121215213201
 20
44.00000000000001
 30
0.0
 11
61.841212152131995
 21
53.599999999999994
 31
0.0
  0
LINE
  5
454
330
17
100
AcDbEntity
  8
hatch
100
AcDbLine
 10
52.00000000000001
 20
44.324473272817244
 30
0.0
 11
61.27552672718276
 21
53.59999999999999
 31
0.0
  0
LINE
  5
455
330
17
100
AcDbEntity
  8
hatch
100
AcDbLine
 10
52.0
 20
44.89015869776648
 30
0.0
 11
60.70984130223351
 21
53.599999999999994
 31
0.0
  0
LINE
  5
456
330
17
100
AcDbEntity
  8
hatch
100
AcDbLine
 10
52.0
 20
45.45584412271572
 30
0.0
 11
60.14415587728428
 21
53.599999999999994
 31
0.0
  0
LINE
  5
457
330
17
100
AcDbEntity
  8
hatch
100
AcDbLine
 10
52.00000000000001
 20
46.02152954766497
 30
0.0
 11
59.57847045233503
 21
53.599999999999994
 31
0.0
  0
LINE
  5
458
330
17
100
AcDbEntity
  8
hatch
100
AcDbLine
 10
52.0
 20
46.5872149726142
 30
0.0
 11
59.0127850273858
 21
53.6
 31
0.0
  0
LINE
  5
459
330
17
100
AcDbEntity
  8
hatch
100
AcDbLine
 10
52.00000000000001
 20
47.15290039756344
 30
0.0
 11
58.44709960243656
 21
53.599999999999994
 31
0.0
  0
LINE
  5
45A
330
17
100
AcDbEntity
  8
hatch
100
AcDbLine
 10
52.0
 20
47.71858582251267
 30
0.0
 11
57.88141417748732
 21
53.59999999999999
 31
0.0
  0
LINE
  5
45B
330
17
100
AcDbEntity
  8
hatch
100
AcDbLine
 10
52.00000000000001
 20
48.284271247461916
 30
0.0
 11
57.315728752538085
 21
53.599999999999994
 31
0.0
  0
LINE
  5
45C
330
17
100
AcDbEntity
  8
hatch
100
AcDbLine
 10
52.0
 20
48.849956672411146
 30
0.0
 11
56.75004332758885
 21
53.599999999999994
 31
0.0
  0
LINE
  5
45D
330
17
100
AcDbEntity
  8
hatch
100
AcDbLine
 10
52.00000000000001
 20
49.41564209736038
 30
0.0
 11
56.18435790263962
 21
53.599999999999994
 31
0.0
  0
LINE
  5
45E
330
17
100
AcDbEntity
  8
hatch
100
AcDbLine
 10
52.0
 20
49.98132752230962
 30
0.0
 11
55.618672477690374
 21
53.599999999999994
 31
0.0
  0
LINE
  5
45F
330
17
100
AcDbEntity
  8
hatch
100
AcDbLine
 10
52.0
 20
50.54701294725886
 30
0.0
 11
55.052987052741145
 21
53.6
 31
0.0
  0
LINE
  5
460
330
17
100
AcDbEntity
  8
hatch
100
AcDbLine
 10
52.0
 20
51.112698372208094
 30
0.0
 11
54.4873016277919
 21
53.599999999999994
 31
0.0
  0
LINE
  5
461
330
17
100
AcDbEntity
  8
hatch
100
AcDbLine
 10
51.99999999999999
 20
51.67838379715734
 30
0.0
 11
53.92161620284265
 21
53.599999999999994
 31
0.0
  0
LINE
  5
462
330
17
100
AcDbEntity
  8
hatch
100
AcDbLine
 10
52.0
 20
52.24406922210656
 30
0.0
 11
53.35593077789343
 21
53.599999999999994
 31
0.0
  0
LINE
  5
463
330
17
100
AcDbEntity
  8
hatch
100
AcDbLine
 10
51.99999999999999
 20
52.80975464705581
 30
0.0
 11
52.79024535294418
 21
53.599999999999994
 31
0.0
  0
LINE
  5
464
330
17
100
AcDbEntity
  8
hatch
100
AcDbLine
 10
52.0
 20
53.375440072005055
 30
0.0
 11
52.22455992799494
 21
53.599999999999994
 31
0.0
  0
LWPOLYLINE
  5
465
330
17
100
AcDbEntity
  8
marco-medio
100
AcDbPolyline
 90
4
 70
1
 10
52.0
 20
44.0
 10
76.0
 20
44.0
 10
76.0
 20
53.6
 10
52.0
 20
53.6
  0
LINE
  5
466
330
17
100
AcDbEntity
  8
proyeccion
100
AcDbLine
 10
52.6
 20
44.6
 30
0.0
 11
75.4
 21
53.0
 31
0.0
  0
TEXT
  5
467
330
17
100
AcDbEntity
  8
texto
100
AcDbText
 10
64.0
 20
49.7
 30
0.0
 40
0.54
  1
DORMITORIOS
 72
1
 11
64.0
 21
49.7
 31
0.0
100
AcDbText
  0
TEXT
  5
468
330
17
100
AcDbEntity
  8
texto-suave
100
AcDbText
 10
64.0
 20
47.2
 30
0.0
 40
0.42
  1
24,0 × 9,6 m
 72
1
 11
64.0
 21
47.2
 31
0.0
100
AcDbText
  0
LWPOLYLINE
  5
469
330
17
100
AcDbEntity
  8
edificio
100
AcDbPolyline
 90
4
 70
1
 10
12.0
 20
14.0
 10
34.0
 20
14.0
 10
34.0
 20
30.0
 10
12.0
 20
30.0
  0
LINE
  5
46A
330
17
100
AcDbEntity
  8
hatch
100
AcDbLine
 10
33.43431457505076
 20
14.000000000000002
 30
0.0
 11
34.0
 21
14.565685424949239
 31
0.0
  0
LINE
  5
46B
330
17
100
AcDbEntity
  8
hatch
100
AcDbLine
 10
32.868629150101526
 20
14.000000000000002
 30
0.0
 11
34.0
 21
15.131370849898476
 31
0.0
  0
LINE
  5
46C
330
17
100
AcDbEntity
  8
hatch
100
AcDbLine
 10
32.30294372515229
 20
14.0
 30
0.0
 11
34.0
 21
15.697056274847718
 31
0.0
  0
LINE
  5
46D
330
17
100
AcDbEntity
  8
hatch
100
AcDbLine
 10
31.73725830020305
 20
13.999999999999998
 30
0.0
 11
34.0
 21
16.262741699796955
 31
0.0
  0
LINE
  5
46E
330
17
100
AcDbEntity
  8
hatch
100
AcDbLine
 10
31.171572875253812
 20
14.0
 30
0.0
 11
34.0
 21
16.82842712474619
 31
0.0
  0
LINE
  5
46F
330
17
100
AcDbEntity
  8
hatch
100
AcDbLine
 10
30.60588745030458
 20
14.000000000000004
 30
0.0
 11
34.0
 21
17.39411254969543
 31
0.0
  0
LINE
  5
470
330
17
100
AcDbEntity
  8
hatch
100
AcDbLine
 10
30.040202025355335
 20
13.999999999999998
 30
0.0
 11
34.0
 21
17.959797974644665
 31
0.0
  0
LINE
  5
471
330
17
100
AcDbEntity
  8
hatch
100
AcDbLine
 10
29.474516600406094
 20
13.999999999999998
 30
0.0
 11
34.0
 21
18.525483399593902
 31
0.0
  0
LINE
  5
472
330
17
100
AcDbEntity
  8
hatch
100
AcDbLine
 10
28.90883117545686
 20
14.000000000000002
 30
0.0
 11
34.0
 21
19.09116882454314
 31
0.0
  0
LINE
  5
473
330
17
100
AcDbEntity
  8
hatch
100
AcDbLine
 10
28.343145750507624
 20
14.000000000000004
 30
0.0
 11
34.0
 21
19.656854249492383
 31
0.0
  0
LINE
  5
474
330
17
100
AcDbEntity
  8
hatch
100
AcDbLine
 10
27.777460325558383
 20
14.0
 30
0.0
 11
34.0
 21
20.22253967444162
 31
0.0
  0
LINE
  5
475
330
17
100
AcDbEntity
  8
hatch
100
AcDbLine
 10
27.211774900609143
 20
14.0
 30
0.0
 11
34.0
 21
20.788225099390854
 31
0.0
  0
LINE
  5
476
330
17
100
AcDbEntity
  8
hatch
100
AcDbLine
 10
26.646089475659906
 20
14.000000000000002
 30
0.0
 11
34.0
 21
21.353910524340094
 31
0.0
  0
LINE
  5
477
330
17
100
AcDbEntity
  8
hatch
100
AcDbLine
 10
26.08040405071067
 20
14.0
 30
0.0
 11
34.0
 21
21.919595949289327
 31
0.0
  0
LINE
  5
478
330
17
100
AcDbEntity
  8
hatch
100
AcDbLine
 10
25.514718625761432
 20
14.000000000000002
 30
0.0
 11
34.0
 21
22.485281374238568
 31
0.0
  0
LINE
  5
479
330
17
100
AcDbEntity
  8
hatch
100
AcDbLine
 10
24.949033200812192
 20
14.0
 30
0.0
 11
34.0
 21
23.050966799187805
 31
0.0
  0
LINE
  5
47A
330
17
100
AcDbEntity
  8
hatch
100
AcDbLine
 10
24.383347775862955
 20
14.0
 30
0.0
 11
34.0
 21
23.616652224137045
 31
0.0
  0
LINE
  5
47B
330
17
100
AcDbEntity
  8
hatch
100
AcDbLine
 10
23.817662350913718
 20
14.0
 30
0.0
 11
34.0
 21
24.182337649086282
 31
0.0
  0
LINE
  5
47C
330
17
100
AcDbEntity
  8
hatch
100
AcDbLine
 10
23.251976925964478
 20
14.0
 30
0.0
 11
34.0
 21
24.74802307403552
 31
0.0
  0
LINE
  5
47D
330
17
100
AcDbEntity
  8
hatch
100
AcDbLine
 10
22.68629150101524
 20
14.0
 30
0.0
 11
34.0
 21
25.313708498984756
 31
0.0
  0
LINE
  5
47E
330
17
100
AcDbEntity
  8
hatch
100
AcDbLine
 10
22.120606076066
 20
14.000000000000002
 30
0.0
 11
34.0
 21
25.879393923933996
 31
0.0
  0
LINE
  5
47F
330
17
100
AcDbEntity
  8
hatch
100
AcDbLine
 10
21.554920651116763
 20
14.0
 30
0.0
 11
34.0
 21
26.445079348883237
 31
0.0
  0
LINE
  5
480
330
17
100
AcDbEntity
  8
hatch
100
AcDbLine
 10
20.989235226167526
 20
14.0
 30
0.0
 11
34.0
 21
27.010764773832474
 31
0.0
  0
LINE
  5
481
330
17
100
AcDbEntity
  8
hatch
100
AcDbLine
 10
20.423549801218286
 20
14.0
 30
0.0
 11
34.0
 21
27.57645019878171
 31
0.0
  0
LINE
  5
482
330
17
100
AcDbEntity
  8
hatch
100
AcDbLine
 10
19.857864376269053
 20
14.0
 30
0.0
 11
34.0
 21
28.142135623730947
 31
0.0
  0
LINE
  5
483
330
17
100
AcDbEntity
  8
hatch
100
AcDbLine
 10
19.292178951319812
 20
13.999999999999998
 30
0.0
 11
34.0
 21
28.70782104868018
 31
0.0
  0
LINE
  5
484
330
17
100
AcDbEntity
  8
hatch
100
AcDbLine
 10
18.72649352637057
 20
13.999999999999998
 30
0.0
 11
34.0
 21
29.27350647362942
 31
0.0
  0
LINE
  5
485
330
17
100
AcDbEntity
  8
hatch
100
AcDbLine
 10
18.160808101421335
 20
14.0
 30
0.0
 11
34.0
 21
29.839191898578658
 31
0.0
  0
LINE
  5
486
330
17
100
AcDbEntity
  8
hatch
100
AcDbLine
 10
17.595122676472094
 20
14.0
 30
0.0
 11
33.595122676472094
 21
29.999999999999993
 31
0.0
  0
LINE
  5
487
330
17
100
AcDbEntity
  8
hatch
100
AcDbLine
 10
17.029437251522857
 20
14.0
 30
0.0
 11
33.02943725152286
 21
29.999999999999996
 31
0.0
  0
LINE
  5
488
330
17
100
AcDbEntity
  8
hatch
100
AcDbLine
 10
16.46375182657362
 20
13.999999999999998
 30
0.0
 11
32.46375182657362
 21
29.999999999999996
 31
0.0
  0
LINE
  5
489
330
17
100
AcDbEntity
  8
hatch
100
AcDbLine
 10
15.898066401624382
 20
14.0
 30
0.0
 11
31.898066401624384
 21
29.999999999999996
 31
0.0
  0
LINE
  5
48A
330
17
100
AcDbEntity
  8
hatch
100
AcDbLine
 10
15.332380976675143
 20
13.999999999999998
 30
0.0
 11
31.332380976675143
 21
30.0
 31
0.0
  0
LINE
  5
48B
330
17
100
AcDbEntity
  8
hatch
100
AcDbLine
 10
14.766695551725906
 20
14.0
 30
0.0
 11
30.766695551725903
 21
29.999999999999996
 31
0.0
  0
LINE
  5
48C
330
17
100
AcDbEntity
  8
hatch
100
AcDbLine
 10
14.20101012677667
 20
14.0
 30
0.0
 11
30.201010126776666
 21
29.999999999999996
 31
0.0
  0
LINE
  5
48D
330
17
100
AcDbEntity
  8
hatch
100
AcDbLine
 10
13.63532470182743
 20
13.999999999999998
 30
0.0
 11
29.63532470182743
 21
29.999999999999996
 31
0.0
  0
LINE
  5
48E
330
17
100
AcDbEntity
  8
hatch
100
AcDbLine
 10
13.069639276878194
 20
14.0
 30
0.0
 11
29.069639276878192
 21
29.999999999999996
 31
0.0
  0
LINE
  5
48F
330
17
100
AcDbEntity
  8
hatch
100
AcDbLine
 10
12.503953851928953
 20
13.999999999999998
 30
0.0
 11
28.503953851928955
 21
29.999999999999996
 31
0.0
  0
LINE
  5
490
330
17
100
AcDbEntity
  8
hatch
100
AcDbLine
 10
12.000000000000002
 20
14.061731573020285
 30
0.0
 11
27.93826842697971
 21
29.999999999999996
 31
0.0
  0
LINE
  5
491
330
17
100
AcDbEntity
  8
hatch
100
AcDbLine
 10
12.000000000000002
 20
14.627416997969522
 30
0.0
 11
27.372583002030474
 21
29.999999999999996
 31
0.0
  0
LINE
  5
492
330
17
100
AcDbEntity
  8
hatch
100
AcDbLine
 10
11.999999999999998
 20
15.19310242291876
 30
0.0
 11
26.806897577081237
 21
29.999999999999996
 31
0.0
  0
LINE
  5
493
330
17
100
AcDbEntity
  8
hatch
100
AcDbLine
 10
11.999999999999998
 20
15.758787847867996
 30
0.0
 11
26.241212152132004
 21
29.999999999999996
 31
0.0
  0
LINE
  5
494
330
17
100
AcDbEntity
  8
hatch
100
AcDbLine
 10
12.0
 20
16.324473272817233
 30
0.0
 11
25.675526727182767
 21
29.999999999999996
 31
0.0
  0
LINE
  5
495
330
17
100
AcDbEntity
  8
hatch
100
AcDbLine
 10
12.000000000000002
 20
16.890158697766473
 30
0.0
 11
25.109841302233523
 21
29.999999999999993
 31
0.0
  0
LINE
  5
496
330
17
100
AcDbEntity
  8
hatch
100
AcDbLine
 10
12.0
 20
17.45584412271571
 30
0.0
 11
24.544155877284286
 21
29.999999999999993
 31
0.0
  0
LINE
  5
497
330
17
100
AcDbEntity
  8
hatch
100
AcDbLine
 10
11.999999999999998
 20
18.02152954766495
 30
0.0
 11
23.97847045233505
 21
29.999999999999996
 31
0.0
  0
LINE
  5
498
330
17
100
AcDbEntity
  8
hatch
100
AcDbLine
 10
12.0
 20
18.587214972614184
 30
0.0
 11
23.412785027385812
 21
30.0
 31
0.0
  0
LINE
  5
499
330
17
100
AcDbEntity
  8
hatch
100
AcDbLine
 10
12.0
 20
19.152900397563428
 30
0.0
 11
22.847099602436575
 21
30.0
 31
0.0
  0
LINE
  5
49A
330
17
100
AcDbEntity
  8
hatch
100
AcDbLine
 10
12.0
 20
19.71858582251266
 30
0.0
 11
22.281414177487335
 21
29.999999999999993
 31
0.0
  0
LINE
  5
49B
330
17
100
AcDbEntity
  8
hatch
100
AcDbLine
 10
12.0
 20
20.284271247461902
 30
0.0
 11
21.7157287525381
 21
30.0
 31
0.0
  0
LINE
  5
49C
330
17
100
AcDbEntity
  8
hatch
100
AcDbLine
 10
11.999999999999998
 20
20.849956672411142
 30
0.0
 11
21.15004332758886
 21
30.0
 31
0.0
  0
LINE
  5
49D
330
17
100
AcDbEntity
  8
hatch
100
AcDbLine
 10
11.999999999999998
 20
21.415642097360376
 30
0.0
 11
20.584357902639624
 21
30.0
 31
0.0
  0
LINE
  5
49E
330
17
100
AcDbEntity
  8
hatch
100
AcDbLine
 10
12.000000000000004
 20
21.98132752230962
 30
0.0
 11
20.018672477690384
 21
30.0
 31
0.0
  0
LINE
  5
49F
330
17
100
AcDbEntity
  8
hatch
100
AcDbLine
 10
12.0
 20
22.547012947258853
 30
0.0
 11
19.452987052741143
 21
29.999999999999996
 31
0.0
  0
LINE
  5
4A0
330
17
100
AcDbEntity
  8
hatch
100
AcDbLine
 10
12.0
 20
23.11269837220809
 30
0.0
 11
18.88730162779191
 21
30.0
 31
0.0
  0
LINE
  5
4A1
330
17
100
AcDbEntity
  8
hatch
100
AcDbLine
 10
12.0
 20
23.67838379715733
 30
0.0
 11
18.32161620284267
 21
30.0
 31
0.0
  0
LINE
  5
4A2
330
17
100
AcDbEntity
  8
hatch
100
AcDbLine
 10
12.0
 20
24.244069222106567
 30
0.0
 11
17.755930777893433
 21
30.0
 31
0.0
  0
LINE
  5
4A3
330
17
100
AcDbEntity
  8
hatch
100
AcDbLine
 10
12.0
 20
24.809754647055808
 30
0.0
 11
17.190245352944192
 21
30.0
 31
0.0
  0
LINE
  5
4A4
330
17
100
AcDbEntity
  8
hatch
100
AcDbLine
 10
12.0
 20
25.375440072005045
 30
0.0
 11
16.62455992799495
 21
29.999999999999996
 31
0.0
  0
LINE
  5
4A5
330
17
100
AcDbEntity
  8
hatch
100
AcDbLine
 10
11.999999999999998
 20
25.94112549695428
 30
0.0
 11
16.058874503045722
 21
30.0
 31
0.0
  0
LINE
  5
4A6
330
17
100
AcDbEntity
  8
hatch
100
AcDbLine
 10
12.0
 20
26.506810921903522
 30
0.0
 11
15.493189078096478
 21
30.0
 31
0.0
  0
LINE
  5
4A7
330
17
100
AcDbEntity
  8
hatch
100
AcDbLine
 10
12.0
 20
27.072496346852756
 30
0.0
 11
14.927503653147241
 21
29.999999999999996
 31
0.0
  0
LINE
  5
4A8
330
17
100
AcDbEntity
  8
hatch
100
AcDbLine
 10
11.999999999999998
 20
27.638181771802
 30
0.0
 11
14.361818228198002
 21
30.0
 31
0.0
  0
LINE
  5
4A9
330
17
100
AcDbEntity
  8
hatch
100
AcDbLine
 10
11.999999999999998
 20
28.203867196751233
 30
0.0
 11
13.796132803248765
 21
30.0
 31
0.0
  0
LINE
  5
4AA
330
17
100
AcDbEntity
  8
hatch
100
AcDbLine
 10
12.0
 20
28.76955262170047
 30
0.0
 11
13.23044737829953
 21
30.0
 31
0.0
  0
LINE
  5
4AB
330
17
100
AcDbEntity
  8
hatch
100
AcDbLine
 10
12.0
 20
29.33523804664971
 30
0.0
 11
12.664761953350286
 21
29.999999999999996
 31
0.0
  0
LINE
  5
4AC
330
17
100
AcDbEntity
  8
hatch
100
AcDbLine
 10
12.000000000000002
 20
29.900923471598947
 30
0.0
 11
12.099076528401051
 21
30.0
 31
0.0
  0
LWPOLYLINE
  5
4AD
330
17
100
AcDbEntity
  8
marco-medio
100
AcDbPolyline
 90
4
 70
1
 10
12.0
 20
14.0
 10
34.0
 20
14.0
 10
34.0
 20
30.0
 10
12.0
 20
30.0
  0
LINE
  5
4AE
330
17
100
AcDbEntity
  8
proyeccion
100
AcDbLine
 10
12.6
 20
14.6
 30
0.0
 11
33.4
 21
29.4
 31
0.0
  0
TEXT
  5
4AF
330
17
100
AcDbEntity
  8
texto
100
AcDbText
 10
23.0
 20
22.0
 30
0.0
 40
0.45999999999999996
  1
COMEDOR Y COCINA
 72
1
 11
23.0
 21
22.0
 31
0.0
100
AcDbText
  0
TEXT
  5
4B0
330
17
100
AcDbEntity
  8
texto-suave
100
AcDbText
 10
23.0
 20
19.6
 30
0.0
 40
0.4
  1
22,0 × 16,0 m
 72
1
 11
23.0
 21
19.6
 31
0.0
100
AcDbText
  0
LWPOLYLINE
  5
4B1
330
17
100
AcDbEntity
  8
edificio
100
AcDbPolyline
 90
4
 70
1
 10
40.0
 20
14.0
 10
54.0
 20
14.0
 10
54.0
 20
24.0
 10
40.0
 20
24.0
  0
LINE
  5
4B2
330
17
100
AcDbEntity
  8
hatch
100
AcDbLine
 10
53.43431457505076
 20
14.000000000000004
 30
0.0
 11
54.0
 21
14.56568542494924
 31
0.0
  0
LINE
  5
4B3
330
17
100
AcDbEntity
  8
hatch
100
AcDbLine
 10
52.86862915010152
 20
13.999999999999996
 30
0.0
 11
54.0
 21
15.131370849898477
 31
0.0
  0
LINE
  5
4B4
330
17
100
AcDbEntity
  8
hatch
100
AcDbLine
 10
52.30294372515228
 20
14.000000000000004
 30
0.0
 11
54.0
 21
15.697056274847721
 31
0.0
  0
LINE
  5
4B5
330
17
100
AcDbEntity
  8
hatch
100
AcDbLine
 10
51.73725830020304
 20
14.000000000000007
 30
0.0
 11
54.0
 21
16.262741699796955
 31
0.0
  0
LINE
  5
4B6
330
17
100
AcDbEntity
  8
hatch
100
AcDbLine
 10
51.17157287525381
 20
14.000000000000007
 30
0.0
 11
54.0
 21
16.82842712474619
 31
0.0
  0
LINE
  5
4B7
330
17
100
AcDbEntity
  8
hatch
100
AcDbLine
 10
50.60588745030457
 20
14.000000000000007
 30
0.0
 11
54.0
 21
17.39411254969543
 31
0.0
  0
LINE
  5
4B8
330
17
100
AcDbEntity
  8
hatch
100
AcDbLine
 10
50.04020202535533
 20
14.0
 30
0.0
 11
54.0
 21
17.959797974644665
 31
0.0
  0
LINE
  5
4B9
330
17
100
AcDbEntity
  8
hatch
100
AcDbLine
 10
49.47451660040609
 20
14.0
 30
0.0
 11
54.0
 21
18.52548339959391
 31
0.0
  0
LINE
  5
4BA
330
17
100
AcDbEntity
  8
hatch
100
AcDbLine
 10
48.908831175456854
 20
14.0
 30
0.0
 11
54.0
 21
19.09116882454315
 31
0.0
  0
LINE
  5
4BB
330
17
100
AcDbEntity
  8
hatch
100
AcDbLine
 10
48.34314575050762
 20
13.999999999999996
 30
0.0
 11
54.0
 21
19.656854249492383
 31
0.0
  0
LINE
  5
4BC
330
17
100
AcDbEntity
  8
hatch
100
AcDbLine
 10
47.77746032555838
 20
13.999999999999996
 30
0.0
 11
54.0
 21
20.22253967444162
 31
0.0
  0
LINE
  5
4BD
330
17
100
AcDbEntity
  8
hatch
100
AcDbLine
 10
47.21177490060913
 20
13.999999999999996
 30
0.0
 11
53.99999999999999
 21
20.78822509939086
 31
0.0
  0
LINE
  5
4BE
330
17
100
AcDbEntity
  8
hatch
100
AcDbLine
 10
46.64608947565989
 20
13.999999999999996
 30
0.0
 11
54.0
 21
21.353910524340098
 31
0.0
  0
LINE
  5
4BF
330
17
100
AcDbEntity
  8
hatch
100
AcDbLine
 10
46.08040405071066
 20
13.999999999999996
 30
0.0
 11
54.0
 21
21.919595949289334
 31
0.0
  0
LINE
  5
4C0
330
17
100
AcDbEntity
  8
hatch
100
AcDbLine
 10
45.514718625761425
 20
13.999999999999998
 30
0.0
 11
54.0
 21
22.485281374238575
 31
0.0
  0
LINE
  5
4C1
330
17
100
AcDbEntity
  8
hatch
100
AcDbLine
 10
44.94903320081219
 20
14.0
 30
0.0
 11
54.0
 21
23.050966799187808
 31
0.0
  0
LINE
  5
4C2
330
17
100
AcDbEntity
  8
hatch
100
AcDbLine
 10
44.383347775862944
 20
13.999999999999995
 30
0.0
 11
54.0
 21
23.61665222413705
 31
0.0
  0
LINE
  5
4C3
330
17
100
AcDbEntity
  8
hatch
100
AcDbLine
 10
43.81766235091371
 20
13.999999999999995
 30
0.0
 11
53.817662350913714
 21
24.0
 31
0.0
  0
LINE
  5
4C4
330
17
100
AcDbEntity
  8
hatch
100
AcDbLine
 10
43.25197692596446
 20
13.999999999999993
 30
0.0
 11
53.25197692596447
 21
24.0
 31
0.0
  0
LINE
  5
4C5
330
17
100
AcDbEntity
  8
hatch
100
AcDbLine
 10
42.686291501015226
 20
13.999999999999993
 30
0.0
 11
52.68629150101524
 21
24.0
 31
0.0
  0
LINE
  5
4C6
330
17
100
AcDbEntity
  8
hatch
100
AcDbLine
 10
42.120606076066
 20
13.999999999999993
 30
0.0
 11
52.120606076066004
 21
24.000000000000007
 31
0.0
  0
LINE
  5
4C7
330
17
100
AcDbEntity
  8
hatch
100
AcDbLine
 10
41.55492065111676
 20
13.999999999999998
 30
0.0
 11
51.55492065111676
 21
24.0
 31
0.0
  0
LINE
  5
4C8
330
17
100
AcDbEntity
  8
hatch
100
AcDbLine
 10
40.98923522616751
 20
13.999999999999993
 30
0.0
 11
50.98923522616752
 21
24.000000000000004
 31
0.0
  0
LINE
  5
4C9
330
17
100
AcDbEntity
  8
hatch
100
AcDbLine
 10
40.42354980121828
 20
13.999999999999993
 30
0.0
 11
50.423549801218286
 21
24.000000000000004
 31
0.0
  0
LINE
  5
4CA
330
17
100
AcDbEntity
  8
hatch
100
AcDbLine
 10
40.0
 20
14.142135623730951
 30
0.0
 11
49.85786437626905
 21
24.000000000000004
 31
0.0
  0
LINE
  5
4CB
330
17
100
AcDbEntity
  8
hatch
100
AcDbLine
 10
40.0
 20
14.707821048680188
 30
0.0
 11
49.292178951319805
 21
23.999999999999996
 31
0.0
  0
LINE
  5
4CC
330
17
100
AcDbEntity
  8
hatch
100
AcDbLine
 10
39.99999999999999
 20
15.273506473629427
 30
0.0
 11
48.72649352637057
 21
24.000000000000007
 31
0.0
  0
LINE
  5
4CD
330
17
100
AcDbEntity
  8
hatch
100
AcDbLine
 10
40.0
 20
15.839191898578669
 30
0.0
 11
48.16080810142133
 21
24.0
 31
0.0
  0
LINE
  5
4CE
330
17
100
AcDbEntity
  8
hatch
100
AcDbLine
 10
40.0
 20
16.404877323527906
 30
0.0
 11
47.595122676472094
 21
24.0
 31
0.0
  0
LINE
  5
4CF
330
17
100
AcDbEntity
  8
hatch
100
AcDbLine
 10
40.0
 20
16.970562748477143
 30
0.0
 11
47.02943725152286
 21
24.0
 31
0.0
  0
LINE
  5
4D0
330
17
100
AcDbEntity
  8
hatch
100
AcDbLine
 10
39.99999999999999
 20
17.53624817342638
 30
0.0
 11
46.46375182657362
 21
24.0
 31
0.0
  0
LINE
  5
4D1
330
17
100
AcDbEntity
  8
hatch
100
AcDbLine
 10
39.99999999999999
 20
18.101933598375616
 30
0.0
 11
45.898066401624384
 21
24.0
 31
0.0
  0
LINE
  5
4D2
330
17
100
AcDbEntity
  8
hatch
100
AcDbLine
 10
40.0
 20
18.66761902332486
 30
0.0
 11
45.33238097667514
 21
23.999999999999993
 31
0.0
  0
LINE
  5
4D3
330
17
100
AcDbEntity
  8
hatch
100
AcDbLine
 10
40.0
 20
19.233304448274097
 30
0.0
 11
44.7666955517259
 21
24.0
 31
0.0
  0
LINE
  5
4D4
330
17
100
AcDbEntity
  8
hatch
100
AcDbLine
 10
40.0
 20
19.798989873223334
 30
0.0
 11
44.201010126776666
 21
24.0
 31
0.0
  0
LINE
  5
4D5
330
17
100
AcDbEntity
  8
hatch
100
AcDbLine
 10
40.0
 20
20.36467529817257
 30
0.0
 11
43.63532470182743
 21
24.0
 31
0.0
  0
LINE
  5
4D6
330
17
100
AcDbEntity
  8
hatch
100
AcDbLine
 10
39.99999999999999
 20
20.930360723121808
 30
0.0
 11
43.069639276878185
 21
23.999999999999996
 31
0.0
  0
LINE
  5
4D7
330
17
100
AcDbEntity
  8
hatch
100
AcDbLine
 10
39.99999999999999
 20
21.496046148071045
 30
0.0
 11
42.50395385192895
 21
23.999999999999996
 31
0.0
  0
LINE
  5
4D8
330
17
100
AcDbEntity
  8
hatch
100
AcDbLine
 10
40.0
 20
22.06173157302029
 30
0.0
 11
41.93826842697971
 21
24.0
 31
0.0
  0
LINE
  5
4D9
330
17
100
AcDbEntity
  8
hatch
100
AcDbLine
 10
40.0
 20
22.627416997969526
 30
0.0
 11
41.372583002030474
 21
24.0
 31
0.0
  0
LINE
  5
4DA
330
17
100
AcDbEntity
  8
hatch
100
AcDbLine
 10
39.99999999999999
 20
23.193102422918763
 30
0.0
 11
40.80689757708123
 21
24.0
 31
0.0
  0
LINE
  5
4DB
330
17
100
AcDbEntity
  8
hatch
100
AcDbLine
 10
40.0
 20
23.758787847867996
 30
0.0
 11
40.24121215213199
 21
24.0
 31
0.0
  0
LWPOLYLINE
  5
4DC
330
17
100
AcDbEntity
  8
marco-medio
100
AcDbPolyline
 90
4
 70
1
 10
40.0
 20
14.0
 10
54.0
 20
14.0
 10
54.0
 20
24.0
 10
40.0
 20
24.0
  0
LINE
  5
4DD
330
17
100
AcDbEntity
  8
proyeccion
100
AcDbLine
 10
40.6
 20
14.6
 30
0.0
 11
53.4
 21
23.4
 31
0.0
  0
TEXT
  5
4DE
330
17
100
AcDbEntity
  8
texto
100
AcDbText
 10
47.0
 20
19.0
 30
0.0
 40
0.45999999999999996
  1
SERVICIOS / SS.HH. Y DEPÓSITO
 72
1
 11
47.0
 21
19.0
 31
0.0
100
AcDbText
  0
TEXT
  5
4DF
330
17
100
AcDbEntity
  8
texto-suave
100
AcDbText
 10
47.0
 20
16.6
 30
0.0
 40
0.4
  1
14,0 × 10,0 m
 72
1
 11
47.0
 21
16.6
 31
0.0
100
AcDbText
  0
LWPOLYLINE
  5
4E0
330
17
100
AcDbEntity
  8
edificio
100
AcDbPolyline
 90
4
 70
1
 10
58.0
 20
14.0
 10
68.0
 20
14.0
 10
68.0
 20
22.0
 10
58.0
 20
22.0
  0
LINE
  5
4E1
330
17
100
AcDbEntity
  8
hatch
100
AcDbLine
 10
67.43431457505076
 20
13.999999999999993
 30
0.0
 11
68.0
 21
14.56568542494923
 31
0.0
  0
LINE
  5
4E2
330
17
100
AcDbEntity
  8
hatch
100
AcDbLine
 10
66.86862915010153
 20
14.0
 30
0.0
 11
68.0
 21
15.131370849898467
 31
0.0
  0
LINE
  5
4E3
330
17
100
AcDbEntity
  8
hatch
100
AcDbLine
 10
66.30294372515228
 20
13.999999999999996
 30
0.0
 11
68.0
 21
15.697056274847714
 31
0.0
  0
LINE
  5
4E4
330
17
100
AcDbEntity
  8
hatch
100
AcDbLine
 10
65.73725830020305
 20
13.999999999999996
 30
0.0
 11
68.0
 21
16.26274169979695
 31
0.0
  0
LINE
  5
4E5
330
17
100
AcDbEntity
  8
hatch
100
AcDbLine
 10
65.17157287525382
 20
13.999999999999996
 30
0.0
 11
68.0
 21
16.828427124746188
 31
0.0
  0
LINE
  5
4E6
330
17
100
AcDbEntity
  8
hatch
100
AcDbLine
 10
64.60588745030458
 20
13.999999999999996
 30
0.0
 11
68.0
 21
17.394112549695425
 31
0.0
  0
LINE
  5
4E7
330
17
100
AcDbEntity
  8
hatch
100
AcDbLine
 10
64.04020202535534
 20
13.999999999999996
 30
0.0
 11
68.0
 21
17.959797974644662
 31
0.0
  0
LINE
  5
4E8
330
17
100
AcDbEntity
  8
hatch
100
AcDbLine
 10
63.47451660040609
 20
14.0
 30
0.0
 11
68.0
 21
18.525483399593902
 31
0.0
  0
LINE
  5
4E9
330
17
100
AcDbEntity
  8
hatch
100
AcDbLine
 10
62.908831175456854
 20
14.0
 30
0.0
 11
68.0
 21
19.09116882454314
 31
0.0
  0
LINE
  5
4EA
330
17
100
AcDbEntity
  8
hatch
100
AcDbLine
 10
62.34314575050762
 20
14.0
 30
0.0
 11
68.0
 21
19.656854249492376
 31
0.0
  0
LINE
  5
4EB
330
17
100
AcDbEntity
  8
hatch
100
AcDbLine
 10
61.77746032555838
 20
14.0
 30
0.0
 11
68.0
 21
20.222539674441613
 31
0.0
  0
LINE
  5
4EC
330
17
100
AcDbEntity
  8
hatch
100
AcDbLine
 10
61.21177490060914
 20
14.0
 30
0.0
 11
68.0
 21
20.78822509939085
 31
0.0
  0
LINE
  5
4ED
330
17
100
AcDbEntity
  8
hatch
100
AcDbLine
 10
60.6460894756599
 20
13.999999999999996
 30
0.0
 11
68.0
 21
21.353910524340098
 31
0.0
  0
LINE
  5
4EE
330
17
100
AcDbEntity
  8
hatch
100
AcDbLine
 10
60.08040405071066
 20
13.999999999999996
 30
0.0
 11
68.0
 21
21.919595949289334
 31
0.0
  0
LINE
  5
4EF
330
17
100
AcDbEntity
  8
hatch
100
AcDbLine
 10
59.514718625761425
 20
13.999999999999996
 30
0.0
 11
67.51471862576143
 21
22.000000000000004
 31
0.0
  0
LINE
  5
4F0
330
17
100
AcDbEntity
  8
hatch
100
AcDbLine
 10
58.94903320081219
 20
13.999999999999996
 30
0.0
 11
66.9490332008122
 21
22.000000000000004
 31
0.0
  0
LINE
  5
4F1
330
17
100
AcDbEntity
  8
hatch
100
AcDbLine
 10
58.38334777586295
 20
13.999999999999996
 30
0.0
 11
66.38334777586294
 21
21.999999999999996
 31
0.0
  0
LINE
  5
4F2
330
17
100
AcDbEntity
  8
hatch
100
AcDbLine
 10
58.0
 20
14.182337649086282
 30
0.0
 11
65.81766235091371
 21
21.999999999999996
 31
0.0
  0
LINE
  5
4F3
330
17
100
AcDbEntity
  8
hatch
100
AcDbLine
 10
58.0
 20
14.748023074035522
 30
0.0
 11
65.25197692596447
 21
22.0
 31
0.0
  0
LINE
  5
4F4
330
17
100
AcDbEntity
  8
hatch
100
AcDbLine
 10
58.0
 20
15.31370849898476
 30
0.0
 11
64.68629150101523
 21
22.0
 31
0.0
  0
LINE
  5
4F5
330
17
100
AcDbEntity
  8
hatch
100
AcDbLine
 10
58.0
 20
15.879393923933993
 30
0.0
 11
64.120606076066
 21
21.999999999999996
 31
0.0
  0
LINE
  5
4F6
330
17
100
AcDbEntity
  8
hatch
100
AcDbLine
 10
58.0
 20
16.44507934888324
 30
0.0
 11
63.55492065111676
 21
22.0
 31
0.0
  0
LINE
  5
4F7
330
17
100
AcDbEntity
  8
hatch
100
AcDbLine
 10
57.99999999999999
 20
17.010764773832474
 30
0.0
 11
62.98923522616752
 21
22.000000000000004
 31
0.0
  0
LINE
  5
4F8
330
17
100
AcDbEntity
  8
hatch
100
AcDbLine
 10
58.0
 20
17.57645019878171
 30
0.0
 11
62.423549801218286
 21
22.000000000000004
 31
0.0
  0
LINE
  5
4F9
330
17
100
AcDbEntity
  8
hatch
100
AcDbLine
 10
58.0
 20
18.142135623730944
 30
0.0
 11
61.85786437626905
 21
22.0
 31
0.0
  0
LINE
  5
4FA
330
17
100
AcDbEntity
  8
hatch
100
AcDbLine
 10
58.0
 20
18.70782104868018
 30
0.0
 11
61.29217895131981
 21
22.0
 31
0.0
  0
LINE
  5
4FB
330
17
100
AcDbEntity
  8
hatch
100
AcDbLine
 10
58.0
 20
19.27350647362943
 30
0.0
 11
60.72649352637057
 21
21.999999999999996
 31
0.0
  0
LINE
  5
4FC
330
17
100
AcDbEntity
  8
hatch
100
AcDbLine
 10
58.0
 20
19.839191898578665
 30
0.0
 11
60.16080810142133
 21
22.000000000000004
 31
0.0
  0
LINE
  5
4FD
330
17
100
AcDbEntity
  8
hatch
100
AcDbLine
 10
58.0
 20
20.404877323527902
 30
0.0
 11
59.5951226764721
 21
22.000000000000004
 31
0.0
  0
LINE
  5
4FE
330
17
100
AcDbEntity
  8
hatch
100
AcDbLine
 10
58.0
 20
20.97056274847714
 30
0.0
 11
59.029437251522864
 21
22.000000000000004
 31
0.0
  0
LINE
  5
4FF
330
17
100
AcDbEntity
  8
hatch
100
AcDbLine
 10
58.0
 20
21.536248173426376
 30
0.0
 11
58.46375182657362
 21
21.999999999999996
 31
0.0
  0
LWPOLYLINE
  5
500
330
17
100
AcDbEntity
  8
marco-medio
100
AcDbPolyline
 90
4
 70
1
 10
58.0
 20
14.0
 10
68.0
 20
14.0
 10
68.0
 20
22.0
 10
58.0
 20
22.0
  0
LINE
  5
501
330
17
100
AcDbEntity
  8
proyeccion
100
AcDbLine
 10
58.6
 20
14.6
 30
0.0
 11
67.4
 21
21.4
 31
0.0
  0
TEXT
  5
502
330
17
100
AcDbEntity
  8
texto
100
AcDbText
 10
63.0
 20
18.0
 30
0.0
 40
0.45999999999999996
  1
CISTERNA Y CUARTO DE MÁQUINAS
 72
1
 11
63.0
 21
18.0
 31
0.0
100
AcDbText
  0
TEXT
  5
503
330
17
100
AcDbEntity
  8
texto-suave
100
AcDbText
 10
63.0
 20
15.6
 30
0.0
 40
0.4
  1
10,0 × 8,0 m
 72
1
 11
63.0
 21
15.6
 31
0.0
100
AcDbText
  0
LWPOLYLINE
  5
504
330
17
100
AcDbEntity
  8
edificio
100
AcDbPolyline
 90
4
 70
1
 10
44.0
 20
2.0
 10
52.0
 20
2.0
 10
52.0
 20
8.0
 10
44.0
 20
8.0
  0
LINE
  5
505
330
17
100
AcDbEntity
  8
hatch
100
AcDbLine
 10
51.43431457505076
 20
1.9999999999999964
 30
0.0
 11
52.0
 21
2.5656854249492334
 31
0.0
  0
LINE
  5
506
330
17
100
AcDbEntity
  8
hatch
100
AcDbLine
 10
50.868629150101526
 20
1.9999999999999964
 30
0.0
 11
52.0
 21
3.1313708498984703
 31
0.0
  0
LINE
  5
507
330
17
100
AcDbEntity
  8
hatch
100
AcDbLine
 10
50.30294372515229
 20
1.9999999999999964
 30
0.0
 11
52.0
 21
3.6970562748477143
 31
0.0
  0
LINE
  5
508
330
17
100
AcDbEntity
  8
hatch
100
AcDbLine
 10
49.73725830020305
 20
1.9999999999999964
 30
0.0
 11
52.0
 21
4.262741699796951
 31
0.0
  0
LINE
  5
509
330
17
100
AcDbEntity
  8
hatch
100
AcDbLine
 10
49.171572875253815
 20
1.9999999999999964
 30
0.0
 11
52.0
 21
4.828427124746188
 31
0.0
  0
LINE
  5
50A
330
17
100
AcDbEntity
  8
hatch
100
AcDbLine
 10
48.60588745030458
 20
1.9999999999999964
 30
0.0
 11
52.0
 21
5.394112549695425
 31
0.0
  0
LINE
  5
50B
330
17
100
AcDbEntity
  8
hatch
100
AcDbLine
 10
48.04020202535534
 20
1.9999999999999964
 30
0.0
 11
52.0
 21
5.959797974644658
 31
0.0
  0
LINE
  5
50C
330
17
100
AcDbEntity
  8
hatch
100
AcDbLine
 10
47.47451660040609
 20
1.9999999999999964
 30
0.0
 11
52.0
 21
6.525483399593906
 31
0.0
  0
LINE
  5
50D
330
17
100
AcDbEntity
  8
hatch
100
AcDbLine
 10
46.908831175456854
 20
1.9999999999999964
 30
0.0
 11
52.0
 21
7.091168824543143
 31
0.0
  0
LINE
  5
50E
330
17
100
AcDbEntity
  8
hatch
100
AcDbLine
 10
46.34314575050762
 20
1.9999999999999964
 30
0.0
 11
52.0
 21
7.656854249492376
 31
0.0
  0
LINE
  5
50F
330
17
100
AcDbEntity
  8
hatch
100
AcDbLine
 10
45.77746032555839
 20
2.0
 30
0.0
 11
51.77746032555838
 21
7.9999999999999964
 31
0.0
  0
LINE
  5
510
330
17
100
AcDbEntity
  8
hatch
100
AcDbLine
 10
45.21177490060915
 20
2.0
 30
0.0
 11
51.21177490060914
 21
7.9999999999999964
 31
0.0
  0
LINE
  5
511
330
17
100
AcDbEntity
  8
hatch
100
AcDbLine
 10
44.64608947565991
 20
2.0
 30
0.0
 11
50.646089475659906
 21
7.9999999999999964
 31
0.0
  0
LINE
  5
512
330
17
100
AcDbEntity
  8
hatch
100
AcDbLine
 10
44.08040405071067
 20
2.0
 30
0.0
 11
50.08040405071067
 21
7.9999999999999964
 31
0.0
  0
LINE
  5
513
330
17
100
AcDbEntity
  8
hatch
100
AcDbLine
 10
43.99999999999999
 20
2.4852813742385607
 30
0.0
 11
49.51471862576143
 21
8.0
 31
0.0
  0
LINE
  5
514
330
17
100
AcDbEntity
  8
hatch
100
AcDbLine
 10
44.0
 20
3.050966799187801
 30
0.0
 11
48.949033200812195
 21
7.9999999999999964
 31
0.0
  0
LINE
  5
515
330
17
100
AcDbEntity
  8
hatch
100
AcDbLine
 10
44.0
 20
3.616652224137038
 30
0.0
 11
48.38334777586296
 21
7.9999999999999964
 31
0.0
  0
LINE
  5
516
330
17
100
AcDbEntity
  8
hatch
100
AcDbLine
 10
44.0
 20
4.182337649086275
 30
0.0
 11
47.81766235091372
 21
7.9999999999999964
 31
0.0
  0
LINE
  5
517
330
17
100
AcDbEntity
  8
hatch
100
AcDbLine
 10
44.0
 20
4.748023074035519
 30
0.0
 11
47.25197692596448
 21
7.9999999999999964
 31
0.0
  0
LINE
  5
518
330
17
100
AcDbEntity
  8
hatch
100
AcDbLine
 10
44.0
 20
5.313708498984749
 30
0.0
 11
46.68629150101525
 21
8.000000000000004
 31
0.0
  0
LINE
  5
519
330
17
100
AcDbEntity
  8
hatch
100
AcDbLine
 10
44.0
 20
5.879393923933989
 30
0.0
 11
46.12060607606601
 21
7.999999999999993
 31
0.0
  0
LINE
  5
51A
330
17
100
AcDbEntity
  8
hatch
100
AcDbLine
 10
44.0
 20
6.44507934888323
 30
0.0
 11
45.55492065111677
 21
8.0
 31
0.0
  0
LINE
  5
51B
330
17
100
AcDbEntity
  8
hatch
100
AcDbLine
 10
44.0
 20
7.0107647738324665
 30
0.0
 11
44.98923522616753
 21
8.000000000000004
 31
0.0
  0
LINE
  5
51C
330
17
100
AcDbEntity
  8
hatch
100
AcDbLine
 10
44.0
 20
7.576450198781707
 30
0.0
 11
44.423549801218286
 21
7.999999999999993
 31
0.0
  0
LWPOLYLINE
  5
51D
330
17
100
AcDbEntity
  8
marco-medio
100
AcDbPolyline
 90
4
 70
1
 10
44.0
 20
2.0
 10
52.0
 20
2.0
 10
52.0
 20
8.0
 10
44.0
 20
8.0
  0
LINE
  5
51E
330
17
100
AcDbEntity
  8
proyeccion
100
AcDbLine
 10
44.6
 20
2.6
 30
0.0
 11
51.4
 21
7.4
 31
0.0
  0
TEXT
  5
51F
330
17
100
AcDbEntity
  8
texto
100
AcDbText
 10
48.0
 20
5.0
 30
0.0
 40
0.45999999999999996
  1
PORTERÍA / CONTROL
 72
1
 11
48.0
 21
5.0
 31
0.0
100
AcDbText
  0
TEXT
  5
520
330
17
100
AcDbEntity
  8
texto-suave
100
AcDbText
 10
48.0
 20
2.6
 30
0.0
 40
0.4
  1
8,0 × 6,0 m
 72
1
 11
48.0
 21
2.6
 31
0.0
100
AcDbText
  0
TEXT
  5
521
330
17
100
AcDbEntity
  8
texto
100
AcDbText
 10
5.0
 20
84.0
 30
0.0
 40
0.52
  1
ZONA EDUCATIVA
100
AcDbText
  0
TEXT
  5
522
330
17
100
AcDbEntity
  8
texto-suave
100
AcDbText
 10
5.0
 20
81.0
 30
0.0
 40
0.44000000000000006
  1
TERRENO: 10 000 m²  ·  100,00 × 100,00 m
100
AcDbText
  0
LINE
  5
523
330
17
100
AcDbEntity
  8
cota
100
AcDbLine
 10
5.0
 20
-27.075000000000003
 30
0.0
 11
5.0
 21
-26.375
 31
0.0
  0
LINE
  5
524
330
17
100
AcDbEntity
  8
cota
100
AcDbLine
 10
30.0
 20
-27.075000000000003
 30
0.0
 11
30.0
 21
-26.375
 31
0.0
  0
LINE
  5
525
330
17
100
AcDbEntity
  8
cota
100
AcDbLine
 10
5.0
 20
-26.3
 30
0.0
 11
30.0
 21
-26.3
 31
0.0
  0
LINE
  5
526
330
17
100
AcDbEntity
  8
cota
100
AcDbLine
 10
4.925000000000001
 20
-26.375
 30
0.0
 11
5.075
 21
-26.225
 31
0.0
  0
LINE
  5
527
330
17
100
AcDbEntity
  8
cota
100
AcDbLine
 10
29.925
 20
-26.375
 30
0.0
 11
30.075000000000003
 21
-26.225
 31
0.0
  0
TEXT
  5
528
330
17
100
AcDbEntity
  8
cota-texto
100
AcDbText
 10
17.5
 20
-26.245
 30
0.0
 40
0.15
  1
100,00 m
 72
1
 11
17.5
 21
-26.245
 31
0.0
100
AcDbText
  0
LINE
  5
529
330
17
100
AcDbEntity
  8
cota
100
AcDbLine
 10
4.925000000000001
 20
-27.0
 30
0.0
 11
4.2250000000000005
 21
-27.0
 31
0.0
  0
LINE
  5
52A
330
17
100
AcDbEntity
  8
cota
100
AcDbLine
 10
4.925000000000001
 20
-2.0
 30
0.0
 11
4.2250000000000005
 21
-2.0
 31
0.0
  0
LINE
  5
52B
330
17
100
AcDbEntity
  8
cota
100
AcDbLine
 10
4.3
 20
-27.0
 30
0.0
 11
4.3
 21
-2.0
 31
0.0
  0
LINE
  5
52C
330
17
100
AcDbEntity
  8
cota
100
AcDbLine
 10
4.2250000000000005
 20
-26.925
 30
0.0
 11
4.375
 21
-27.075000000000003
 31
0.0
  0
LINE
  5
52D
330
17
100
AcDbEntity
  8
cota
100
AcDbLine
 10
4.2250000000000005
 20
-1.925
 30
0.0
 11
4.375
 21
-2.075
 31
0.0
  0
TEXT
  5
52E
330
17
100
AcDbEntity
  8
cota-texto
100
AcDbText
 10
4.245
 20
-14.5
 30
0.0
 40
0.15
  1
100,00 m
 50
90.0
 72
1
 11
4.245
 21
-14.5
 31
0.0
100
AcDbText
  0
LINE
  5
52F
330
17
100
AcDbEntity
  8
cota
100
AcDbLine
 10
18.0
 20
-13.675
 30
0.0
 11
18.0
 21
-14.075000000000001
 31
0.0
  0
LINE
  5
530
330
17
100
AcDbEntity
  8
cota
100
AcDbLine
 10
24.0
 20
-13.675
 30
0.0
 11
24.0
 21
-14.075000000000001
 31
0.0
  0
LINE
  5
531
330
17
100
AcDbEntity
  8
cota
100
AcDbLine
 10
18.0
 20
-14.0
 30
0.0
 11
24.0
 21
-14.0
 31
0.0
  0
LINE
  5
532
330
17
100
AcDbEntity
  8
cota
100
AcDbLine
 10
17.925
 20
-14.075000000000001
 30
0.0
 11
18.075
 21
-13.925
 31
0.0
  0
LINE
  5
533
330
17
100
AcDbEntity
  8
cota
100
AcDbLine
 10
23.925
 20
-14.075000000000001
 30
0.0
 11
24.075000000000003
 21
-13.925
 31
0.0
  0
TEXT
  5
534
330
17
100
AcDbEntity
  8
cota-texto
100
AcDbText
 10
21.0
 20
-13.945
 30
0.0
 40
0.12
  1
24,00
 72
1
 11
21.0
 21
-13.945
 31
0.0
100
AcDbText
  0
LINE
  5
535
330
17
100
AcDbEntity
  8
cota
100
AcDbLine
 10
23.925
 20
-16.0
 30
0.0
 11
24.325000000000003
 21
-16.0
 31
0.0
  0
LINE
  5
536
330
17
100
AcDbEntity
  8
cota
100
AcDbLine
 10
23.925
 20
-13.600000000000001
 30
0.0
 11
24.325000000000003
 21
-13.600000000000001
 31
0.0
  0
LINE
  5
537
330
17
100
AcDbEntity
  8
cota
100
AcDbLine
 10
24.400000000000002
 20
-16.0
 30
0.0
 11
24.400000000000002
 21
-13.600000000000001
 31
0.0
  0
LINE
  5
538
330
17
100
AcDbEntity
  8
cota
100
AcDbLine
 10
24.325000000000003
 20
-15.925
 30
0.0
 11
24.475
 21
-16.075
 31
0.0
  0
LINE
  5
539
330
17
100
AcDbEntity
  8
cota
100
AcDbLine
 10
24.325000000000003
 20
-13.525
 30
0.0
 11
24.475
 21
-13.675
 31
0.0
  0
TEXT
  5
53A
330
17
100
AcDbEntity
  8
cota-texto
100
AcDbText
 10
24.345
 20
-14.8
 30
0.0
 40
0.12
  1
9,60
 50
90.0
 72
1
 11
24.345
 21
-14.8
 31
0.0
100
AcDbText
  0
LINE
  5
53B
330
17
100
AcDbEntity
  8
cota
100
AcDbLine
 10
4.675
 20
-27.0
 30
0.0
 11
4.9750000000000005
 21
-27.0
 31
0.0
  0
LINE
  5
53C
330
17
100
AcDbEntity
  8
cota
100
AcDbLine
 10
4.675
 20
-25.5
 30
0.0
 11
4.9750000000000005
 21
-25.5
 31
0.0
  0
LINE
  5
53D
330
17
100
AcDbEntity
  8
cota
100
AcDbLine
 10
5.050000000000001
 20
-27.0
 30
0.0
 11
5.050000000000001
 21
-25.5
 31
0.0
  0
LINE
  5
53E
330
17
100
AcDbEntity
  8
cota
100
AcDbLine
 10
4.9750000000000005
 20
-26.925
 30
0.0
 11
5.125
 21
-27.075000000000003
 31
0.0
  0
LINE
  5
53F
330
17
100
AcDbEntity
  8
cota
100
AcDbLine
 10
4.9750000000000005
 20
-25.425
 30
0.0
 11
5.125
 21
-25.575000000000003
 31
0.0
  0
TEXT
  5
540
330
17
100
AcDbEntity
  8
cota-texto
100
AcDbText
 10
4.995000000000001
 20
-26.25
 30
0.0
 40
0.11000000000000001
  1
6,00
 50
90.0
 72
1
 11
4.995000000000001
 21
-26.25
 31
0.0
100
AcDbText
  0
TEXT
  5
541
330
17
100
AcDbEntity
  8
texto
100
AcDbText
 10
4.2
 20
-1.2000000000000002
 30
0.0
 40
0.18
  1
PLANTA DE SITUACIÓN  ·  BLOQUE DORMITORIOS (D)
100
AcDbText
  0
LINE
  5
542
330
17
100
AcDbEntity
  8
marco-medio
100
AcDbLine
 10
4.2
 20
-1.33
 30
0.0
 11
19.200000000000003
 21
-1.33
 31
0.0
  0
TEXT
  5
543
330
17
100
AcDbEntity
  8
texto-suave
100
AcDbText
 10
19.200000000000003
 20
-1.2000000000000002
 30
0.0
 40
0.11000000000000001
  1
E 1:200
 72
2
100
AcDbText
  0
TEXT
  5
544
330
17
100
AcDbEntity
  8
texto-suave
100
AcDbText
 10
4.2
 20
-1.4800000000000002
 30
0.0
 40
0.1
  1
Predio de 100,00 × 100,00 m — cotas generales en metros
100
AcDbText
  0
TEXT
  5
545
330
17
100
AcDbEntity
  8
texto-suave
100
AcDbText
 10
4.2
 20
-28.5
 30
0.0
 40
0.1
  1
Escala 1:200  ·  norte magnético indicado
100
AcDbText
  0
CIRCLE
  5
546
330
17
100
AcDbEntity
  8
marco-medio
100
AcDbCircle
 10
40.0
 20
-3.0
 30
0.0
 40
0.75
  0
LWPOLYLINE
  5
547
330
17
100
AcDbEntity
  8
marco-medio
100
AcDbPolyline
 90
3
 70
1
 10
40.0
 20
-2.415
 10
39.80500000000001
 20
-3.225
 10
40.0
 20
-3.075
  0
LINE
  5
548
330
17
100
AcDbEntity
  8
hatch
100
AcDbLine
 10
39.83557262514842
 20
-3.0980060186142637
 30
0.0
 11
40.0
 21
-2.93357864376269
 31
0.0
  0
LINE
  5
549
330
17
100
AcDbEntity
  8
hatch
100
AcDbLine
 10
39.88041354297976
 20
-2.9117437445456176
 30
0.0
 11
40.0
 21
-2.792157287525381
 31
0.0
  0
LINE
  5
54A
330
17
100
AcDbEntity
  8
hatch
100
AcDbLine
 10
39.925254460811104
 20
-2.7254814704769643
 30
0.0
 11
40.0
 21
-2.650735931288068
 31
0.0
  0
LINE
  5
54B
330
17
100
AcDbEntity
  8
hatch
100
AcDbLine
 10
39.97009537864244
 20
-2.539219196408318
 30
0.0
 11
40.0
 21
-2.5093145750507624
 31
0.0
  0
LWPOLYLINE
  5
54C
330
17
100
AcDbEntity
  8
marco-medio
100
AcDbPolyline
 90
3
 70
1
 10
40.0
 20
-2.415
 10
40.195
 20
-3.225
 10
40.0
 20
-3.075
  0
LINE
  5
54D
330
17
100
AcDbEntity
  8
marco-fino
100
AcDbLine
 10
40.0
 20
-2.0625
 30
0.0
 11
40.0
 21
-3.4125
 31
0.0
  0
TEXT
  5
54E
330
17
100
AcDbEntity
  8
texto
100
AcDbText
 10
40.0
 20
-1.8375000000000001
 30
0.0
 40
0.17
  1
N
 72
1
 11
40.0
 21
-1.8375000000000001
 31
0.0
100
AcDbText
  0
TEXT
  5
54F
330
17
100
AcDbEntity
  8
texto
100
AcDbText
 10
31.0
 20
-3.0
 30
0.0
 40
0.12
  1
DATOS DEL EMPLAZAMIENTO
100
AcDbText
  0
LINE
  5
550
330
17
100
AcDbEntity
  8
marco-medio
100
AcDbLine
 10
31.0
 20
-3.1100000000000003
 30
0.0
 11
40.5
 21
-3.1100000000000003
 31
0.0
  0
TEXT
  5
551
330
17
100
AcDbEntity
  8
texto
100
AcDbText
 10
31.0
 20
-3.3000000000000003
 30
0.0
 40
0.0925
  1
• Predio: 100,00 × 100,00 m (10 000 m²).
100
AcDbText
  0
TEXT
  5
552
330
17
100
AcDbEntity
  8
texto
100
AcDbText
 10
31.0
 20
-3.4700000000000006
 30
0.0
 40
0.0925
  1
• Bloques: aulas, administración y biblioteca, comedor y cocina.
100
AcDbText
  0
TEXT
  5
553
330
17
100
AcDbEntity
  8
texto
100
AcDbText
 10
31.0
 20
-3.6400000000000006
 30
0.0
 40
0.0925
  1
• Bloque Dormitorios (D): 24,00 × 9,60 m — 2 niveles.
100
AcDbText
  0
TEXT
  5
554
330
17
100
AcDbEntity
  8
texto
100
AcDbText
 10
31.0
 20
-3.810000000000001
 30
0.0
 40
0.0925
  1
• Vía de acceso de 6,00 m con estacionamiento exterior.
100
AcDbText
  0
TEXT
  5
555
330
17
100
AcDbEntity
  8
texto
100
AcDbText
 10
31.0
 20
-3.9800000000000013
 30
0.0
 40
0.0925
  1
• Vereda perimetral de 1,50 m y patio central de 28,00 × 18,00 m.
100
AcDbText
  0
LWPOLYLINE
  5
556
330
17
100
AcDbEntity
  8
marco-medio
100
AcDbPolyline
 90
4
 70
1
 10
31.0
 20
-7.5
 10
31.25
 20
-7.5
 10
31.25
 20
-7.65
 10
31.0
 20
-7.65
  0
LINE
  5
557
330
17
100
AcDbEntity
  8
hatch
100
AcDbLine
 10
31.108578643762684
 20
-7.650000000000002
 30
0.0
 11
31.249999999999996
 21
-7.508578643762691
 31
0.0
  0
LINE
  5
558
330
17
100
AcDbEntity
  8
hatch
100
AcDbLine
 10
31.0
 20
-7.61715728752538
 30
0.0
 11
31.117157287525384
 21
-7.499999999999998
 31
0.0
  0
LWPOLYLINE
  5
559
330
17
100
AcDbEntity
  8
marco-medio
100
AcDbPolyline
 90
4
 70
1
 10
31.0
 20
-7.5
 10
31.25
 20
-7.5
 10
31.25
 20
-7.65
 10
31.0
 20
-7.65
  0
LWPOLYLINE
  5
55A
330
17
100
AcDbEntity
  8
sombra
100
AcDbPolyline
 90
4
 70
1
 10
31.25
 20
-7.5
 10
31.5
 20
-7.5
 10
31.5
 20
-7.65
 10
31.25
 20
-7.65
  0
LINE
  5
55B
330
17
100
AcDbEntity
  8
hatch
100
AcDbLine
 10
31.35857864376269
 20
-7.649999999999999
 30
0.0
 11
31.5
 21
-7.508578643762689
 31
0.0
  0
LINE
  5
55C
330
17
100
AcDbEntity
  8
hatch
100
AcDbLine
 10
31.25
 20
-7.6171572875253855
 30
0.0
 11
31.367157287525384
 21
-7.500000000000002
 31
0.0
  0
LWPOLYLINE
  5
55D
330
17
100
AcDbEntity
  8
marco-medio
100
AcDbPolyline
 90
4
 70
1
 10
31.25
 20
-7.5
 10
31.5
 20
-7.5
 10
31.5
 20
-7.65
 10
31.25
 20
-7.65
  0
LWPOLYLINE
  5
55E
330
17
100
AcDbEntity
  8
marco-medio
100
AcDbPolyline
 90
4
 70
1
 10
31.5
 20
-7.5
 10
31.75
 20
-7.5
 10
31.75
 20
-7.65
 10
31.5
 20
-7.65
  0
LINE
  5
55F
330
17
100
AcDbEntity
  8
hatch
100
AcDbLine
 10
31.608578643762687
 20
-7.65
 30
0.0
 11
31.749999999999996
 21
-7.508578643762691
 31
0.0
  0
LINE
  5
560
330
17
100
AcDbEntity
  8
hatch
100
AcDbLine
 10
31.5
 20
-7.617157287525378
 30
0.0
 11
31.61715728752538
 21
-7.499999999999998
 31
0.0
  0
LWPOLYLINE
  5
561
330
17
100
AcDbEntity
  8
marco-medio
100
AcDbPolyline
 90
4
 70
1
 10
31.5
 20
-7.5
 10
31.75
 20
-7.5
 10
31.75
 20
-7.65
 10
31.5
 20
-7.65
  0
LWPOLYLINE
  5
562
330
17
100
AcDbEntity
  8
sombra
100
AcDbPolyline
 90
4
 70
1
 10
31.75
 20
-7.5
 10
32.0
 20
-7.5
 10
32.0
 20
-7.65
 10
31.75
 20
-7.65
  0
LINE
  5
563
330
17
100
AcDbEntity
  8
hatch
100
AcDbLine
 10
31.858578643762684
 20
-7.650000000000002
 30
0.0
 11
32.0
 21
-7.508578643762689
 31
0.0
  0
LINE
  5
564
330
17
100
AcDbEntity
  8
hatch
100
AcDbLine
 10
31.75
 20
-7.617157287525387
 30
0.0
 11
31.867157287525384
 21
-7.500000000000002
 31
0.0
  0
LWPOLYLINE
  5
565
330
17
100
AcDbEntity
  8
marco-medio
100
AcDbPolyline
 90
4
 70
1
 10
31.75
 20
-7.5
 10
32.0
 20
-7.5
 10
32.0
 20
-7.65
 10
31.75
 20
-7.65
  0
LWPOLYLINE
  5
566
330
17
100
AcDbEntity
  8
marco-medio
100
AcDbPolyline
 90
4
 70
1
 10
32.0
 20
-7.5
 10
32.25
 20
-7.5
 10
32.25
 20
-7.65
 10
32.0
 20
-7.65
  0
LINE
  5
567
330
17
100
AcDbEntity
  8
hatch
100
AcDbLine
 10
32.10857864376269
 20
-7.65
 30
0.0
 11
32.25
 21
-7.508578643762689
 31
0.0
  0
LINE
  5
568
330
17
100
AcDbEntity
  8
hatch
100
AcDbLine
 10
32.0
 20
-7.617157287525387
 30
0.0
 11
32.11715728752539
 21
-7.5
 31
0.0
  0
LWPOLYLINE
  5
569
330
17
100
AcDbEntity
  8
marco-medio
100
AcDbPolyline
 90
4
 70
1
 10
32.0
 20
-7.5
 10
32.25
 20
-7.5
 10
32.25
 20
-7.65
 10
32.0
 20
-7.65
  0
TEXT
  5
56A
330
17
100
AcDbEntity
  8
texto
100
AcDbText
 10
30.925
 20
-7.620000000000001
 30
0.0
 40
0.1
  1
0
 72
2
100
AcDbText
  0
TEXT
  5
56B
330
17
100
AcDbEntity
  8
texto
100
AcDbText
 10
32.325
 20
-7.620000000000001
 30
0.0
 40
0.1
  1
5 m
100
AcDbText
  0
LWPOLYLINE
  5
56C
330
17
100
AcDbEntity
  8
marco-medio
100
AcDbPolyline
 90
4
 70
1
 10
31.0
 20
-8.4
 10
33.5
 20
-8.4
 10
33.5
 20
-8.55
 10
31.0
 20
-8.55
  0
LINE
  5
56D
330
17
100
AcDbEntity
  8
hatch
100
AcDbLine
 10
33.35857864376269
 20
-8.549999999999999
 30
0.0
 11
33.50000000000001
 21
-8.408578643762684
 31
0.0
  0
LINE
  5
56E
330
17
100
AcDbEntity
  8
hatch
100
AcDbLine
 10
33.21715728752538
 20
-8.55
 30
0.0
 11
33.36715728752538
 21
-8.400000000000002
 31
0.0
  0
LINE
  5
56F
330
17
100
AcDbEntity
  8
hatch
100
AcDbLine
 10
33.07573593128807
 20
-8.550000000000002
 30
0.0
 11
33.22573593128807
 21
-8.400000000000002
 31
0.0
  0
LINE
  5
570
330
17
100
AcDbEntity
  8
hatch
100
AcDbLine
 10
32.93431457505076
 20
-8.55
 30
0.0
 11
33.08431457505077
 21
-8.400000000000002
 31
0.0
  0
LINE
  5
571
330
17
100
AcDbEntity
  8
hatch
100
AcDbLine
 10
32.792893218813454
 20
-8.550000000000002
 30
0.0
 11
32.94289321881345
 21
-8.400000000000002
 31
0.0
  0
LINE
  5
572
330
17
100
AcDbEntity
  8
hatch
100
AcDbLine
 10
32.651471862576145
 20
-8.549999999999999
 30
0.0
 11
32.801471862576136
 21
-8.4
 31
0.0
  0
LINE
  5
573
330
17
100
AcDbEntity
  8
hatch
100
AcDbLine
 10
32.510050506338835
 20
-8.550000000000002
 30
0.0
 11
32.660050506338834
 21
-8.400000000000002
 31
0.0
  0
LINE
  5
574
330
17
100
AcDbEntity
  8
hatch
100
AcDbLine
 10
32.368629150101526
 20
-8.549999999999999
 30
0.0
 11
32.51862915010152
 21
-8.4
 31
0.0
  0
LINE
  5
575
330
17
100
AcDbEntity
  8
hatch
100
AcDbLine
 10
32.22720779386422
 20
-8.550000000000002
 30
0.0
 11
32.377207793864216
 21
-8.400000000000002
 31
0.0
  0
LINE
  5
576
330
17
100
AcDbEntity
  8
hatch
100
AcDbLine
 10
32.08578643762691
 20
-8.549999999999999
 30
0.0
 11
32.235786437626906
 21
-8.4
 31
0.0
  0
LINE
  5
577
330
17
100
AcDbEntity
  8
hatch
100
AcDbLine
 10
31.94436508138959
 20
-8.55
 30
0.0
 11
32.0943650813896
 21
-8.4
 31
0.0
  0
LINE
  5
578
330
17
100
AcDbEntity
  8
hatch
100
AcDbLine
 10
31.80294372515229
 20
-8.549999999999999
 30
0.0
 11
31.952943725152288
 21
-8.399999999999999
 31
0.0
  0
LINE
  5
579
330
17
100
AcDbEntity
  8
hatch
100
AcDbLine
 10
31.661522368914973
 20
-8.55
 30
0.0
 11
31.811522368914975
 21
-8.4
 31
0.0
  0
LINE
  5
57A
330
17
100
AcDbEntity
  8
hatch
100
AcDbLine
 10
31.52010101267767
 20
-8.550000000000002
 30
0.0
 11
31.67010101267767
 21
-8.400000000000002
 31
0.0
  0
LINE
  5
57B
330
17
100
AcDbEntity
  8
hatch
100
AcDbLine
 10
31.378679656440355
 20
-8.55
 30
0.0
 11
31.528679656440357
 21
-8.4
 31
0.0
  0
LINE
  5
57C
330
17
100
AcDbEntity
  8
hatch
100
AcDbLine
 10
31.237258300203045
 20
-8.55
 30
0.0
 11
31.387258300203044
 21
-8.400000000000002
 31
0.0
  0
LINE
  5
57D
330
17
100
AcDbEntity
  8
hatch
100
AcDbLine
 10
31.09583694396574
 20
-8.549999999999999
 30
0.0
 11
31.245836943965738
 21
-8.4
 31
0.0
  0
LINE
  5
57E
330
17
100
AcDbEntity
  8
hatch
100
AcDbLine
 10
31.0
 20
-8.504415587728428
 30
0.0
 11
31.10441558772843
 21
-8.4
 31
0.0
  0
LWPOLYLINE
  5
57F
330
17
100
AcDbEntity
  8
marco-medio
100
AcDbPolyline
 90
4
 70
1
 10
31.0
 20
-8.4
 10
33.5
 20
-8.4
 10
33.5
 20
-8.55
 10
31.0
 20
-8.55
  0
LWPOLYLINE
  5
580
330
17
100
AcDbEntity
  8
sombra
100
AcDbPolyline
 90
4
 70
1
 10
33.5
 20
-8.4
 10
36.0
 20
-8.4
 10
36.0
 20
-8.55
 10
33.5
 20
-8.55
  0
LINE
  5
581
330
17
100
AcDbEntity
  8
hatch
100
AcDbLine
 10
35.85857864376269
 20
-8.550000000000002
 30
0.0
 11
36.00000000000001
 21
-8.408578643762688
 31
0.0
  0
LINE
  5
582
330
17
100
AcDbEntity
  8
hatch
100
AcDbLine
 10
35.71715728752538
 20
-8.55
 30
0.0
 11
35.86715728752539
 21
-8.400000000000002
 31
0.0
  0
LINE
  5
583
330
17
100
AcDbEntity
  8
hatch
100
AcDbLine
 10
35.57573593128807
 20
-8.550000000000002
 30
0.0
 11
35.72573593128807
 21
-8.400000000000002
 31
0.0
  0
LINE
  5
584
330
17
100
AcDbEntity
  8
hatch
100
AcDbLine
 10
35.43431457505076
 20
-8.55
 30
0.0
 11
35.58431457505077
 21
-8.400000000000002
 31
0.0
  0
LINE
  5
585
330
17
100
AcDbEntity
  8
hatch
100
AcDbLine
 10
35.292893218813454
 20
-8.550000000000002
 30
0.0
 11
35.44289321881345
 21
-8.400000000000002
 31
0.0
  0
LINE
  5
586
330
17
100
AcDbEntity
  8
hatch
100
AcDbLine
 10
35.151471862576145
 20
-8.549999999999999
 30
0.0
 11
35.301471862576136
 21
-8.4
 31
0.0
  0
LINE
  5
587
330
17
100
AcDbEntity
  8
hatch
100
AcDbLine
 10
35.010050506338835
 20
-8.550000000000002
 30
0.0
 11
35.160050506338834
 21
-8.400000000000002
 31
0.0
  0
LINE
  5
588
330
17
100
AcDbEntity
  8
hatch
100
AcDbLine
 10
34.868629150101526
 20
-8.549999999999999
 30
0.0
 11
35.01862915010152
 21
-8.4
 31
0.0
  0
LINE
  5
589
330
17
100
AcDbEntity
  8
hatch
100
AcDbLine
 10
34.72720779386422
 20
-8.550000000000002
 30
0.0
 11
34.877207793864216
 21
-8.400000000000002
 31
0.0
  0
LINE
  5
58A
330
17
100
AcDbEntity
  8
hatch
100
AcDbLine
 10
34.58578643762691
 20
-8.549999999999999
 30
0.0
 11
34.735786437626906
 21
-8.4
 31
0.0
  0
LINE
  5
58B
330
17
100
AcDbEntity
  8
hatch
100
AcDbLine
 10
34.44436508138959
 20
-8.55
 30
0.0
 11
34.5943650813896
 21
-8.4
 31
0.0
  0
LINE
  5
58C
330
17
100
AcDbEntity
  8
hatch
100
AcDbLine
 10
34.30294372515229
 20
-8.549999999999999
 30
0.0
 11
34.45294372515229
 21
-8.399999999999999
 31
0.0
  0
LINE
  5
58D
330
17
100
AcDbEntity
  8
hatch
100
AcDbLine
 10
34.16152236891497
 20
-8.55
 30
0.0
 11
34.31152236891498
 21
-8.4
 31
0.0
  0
LINE
  5
58E
330
17
100
AcDbEntity
  8
hatch
100
AcDbLine
 10
34.02010101267767
 20
-8.550000000000002
 30
0.0
 11
34.17010101267767
 21
-8.400000000000002
 31
0.0
  0
LINE
  5
58F
330
17
100
AcDbEntity
  8
hatch
100
AcDbLine
 10
33.878679656440355
 20
-8.55
 30
0.0
 11
34.02867965644036
 21
-8.4
 31
0.0
  0
LINE
  5
590
330
17
100
AcDbEntity
  8
hatch
100
AcDbLine
 10
33.737258300203045
 20
-8.55
 30
0.0
 11
33.887258300203044
 21
-8.400000000000002
 31
0.0
  0
LINE
  5
591
330
17
100
AcDbEntity
  8
hatch
100
AcDbLine
 10
33.595836943965736
 20
-8.549999999999999
 30
0.0
 11
33.74583694396574
 21
-8.4
 31
0.0
  0
LINE
  5
592
330
17
100
AcDbEntity
  8
hatch
100
AcDbLine
 10
33.5
 20
-8.50441558772843
 30
0.0
 11
33.604415587728425
 21
-8.4
 31
0.0
  0
LWPOLYLINE
  5
593
330
17
100
AcDbEntity
  8
marco-medio
100
AcDbPolyline
 90
4
 70
1
 10
33.5
 20
-8.4
 10
36.0
 20
-8.4
 10
36.0
 20
-8.55
 10
33.5
 20
-8.55
  0
TEXT
  5
594
330
17
100
AcDbEntity
  8
texto
100
AcDbText
 10
30.925
 20
-8.520000000000001
 30
0.0
 40
0.1
  1
0
 72
2
100
AcDbText
  0
TEXT
  5
595
330
17
100
AcDbEntity
  8
texto
100
AcDbText
 10
36.075
 20
-8.520000000000001
 30
0.0
 40
0.1
  1
20 m
100
AcDbText
  0
LWPOLYLINE
  5
596
330
17
100
AcDbEntity
  8
sombra
100
AcDbPolyline
 90
4
 70
1
 10
31.950000000000003
 20
-26.0
 10
41.45
 20
-26.0
 10
41.45
 20
-29.1
 10
31.950000000000003
 20
-29.1
  0
LINE
  5
597
330
17
100
AcDbEntity
  8
hatch
100
AcDbLine
 10
41.30857864376269
 20
-29.1
 30
0.0
 11
41.45
 21
-28.95857864376269
 31
0.0
  0
LINE
  5
598
330
17
100
AcDbEntity
  8
hatch
100
AcDbLine
 10
41.16715728752538
 20
-29.099999999999998
 30
0.0
 11
41.449999999999996
 21
-28.817157287525376
 31
0.0
  0
LINE
  5
599
330
17
100
AcDbEntity
  8
hatch
100
AcDbLine
 10
41.025735931288075
 20
-29.099999999999998
 30
0.0
 11
41.449999999999996
 21
-28.675735931288074
 31
0.0
  0
LINE
  5
59A
330
17
100
AcDbEntity
  8
hatch
100
AcDbLine
 10
40.884314575050766
 20
-29.1
 30
0.0
 11
41.45
 21
-28.534314575050765
 31
0.0
  0
LINE
  5
59B
330
17
100
AcDbEntity
  8
hatch
100
AcDbLine
 10
40.74289321881345
 20
-29.099999999999998
 30
0.0
 11
41.45
 21
-28.39289321881345
 31
0.0
  0
LINE
  5
59C
330
17
100
AcDbEntity
  8
hatch
100
AcDbLine
 10
40.60147186257614
 20
-29.099999999999998
 30
0.0
 11
41.45
 21
-28.251471862576135
 31
0.0
  0
LINE
  5
59D
330
17
100
AcDbEntity
  8
hatch
100
AcDbLine
 10
40.46005050633883
 20
-29.1
 30
0.0
 11
41.45
 21
-28.11005050633883
 31
0.0
  0
LINE
  5
59E
330
17
100
AcDbEntity
  8
hatch
100
AcDbLine
 10
40.31862915010153
 20
-29.1
 30
0.0
 11
41.45
 21
-27.968629150101528
 31
0.0
  0
LINE
  5
59F
330
17
100
AcDbEntity
  8
hatch
100
AcDbLine
 10
40.17720779386421
 20
-29.099999999999998
 30
0.0
 11
41.45
 21
-27.82720779386421
 31
0.0
  0
LINE
  5
5A0
330
17
100
AcDbEntity
  8
hatch
100
AcDbLine
 10
40.03578643762691
 20
-29.099999999999994
 30
0.0
 11
41.45000000000001
 21
-27.6857864376269
 31
0.0
  0
LINE
  5
5A1
330
17
100
AcDbEntity
  8
hatch
100
AcDbLine
 10
39.894365081389594
 20
-29.1
 30
0.0
 11
41.45
 21
-27.544365081389593
 31
0.0
  0
LINE
  5
5A2
330
17
100
AcDbEntity
  8
hatch
100
AcDbLine
 10
39.75294372515228
 20
-29.1
 30
0.0
 11
41.45
 21
-27.402943725152276
 31
0.0
  0
LINE
  5
5A3
330
17
100
AcDbEntity
  8
hatch
100
AcDbLine
 10
39.611522368914976
 20
-29.099999999999998
 30
0.0
 11
41.45
 21
-27.261522368914974
 31
0.0
  0
LINE
  5
5A4
330
17
100
AcDbEntity
  8
hatch
100
AcDbLine
 10
39.470101012677674
 20
-29.099999999999994
 30
0.0
 11
41.45
 21
-27.12010101267766
 31
0.0
  0
LINE
  5
5A5
330
17
100
AcDbEntity
  8
hatch
100
AcDbLine
 10
39.32867965644036
 20
-29.1
 30
0.0
 11
41.45
 21
-26.978679656440356
 31
0.0
  0
LINE
  5
5A6
330
17
100
AcDbEntity
  8
hatch
100
AcDbLine
 10
39.18725830020304
 20
-29.099999999999998
 30
0.0
 11
41.45
 21
-26.83725830020304
 31
0.0
  0
LINE
  5
5A7
330
17
100
AcDbEntity
  8
hatch
100
AcDbLine
 10
39.04583694396574
 20
-29.099999999999994
 30
0.0
 11
41.45000000000001
 21
-26.695836943965727
 31
0.0
  0
LINE
  5
5A8
330
17
100
AcDbEntity
  8
hatch
100
AcDbLine
 10
38.90441558772844
 20
-29.099999999999994
 30
0.0
 11
41.45000000000001
 21
-26.554415587728425
 31
0.0
  0
LINE
  5
5A9
330
17
100
AcDbEntity
  8
hatch
100
AcDbLine
 10
38.76299423149112
 20
-29.1
 30
0.0
 11
41.45
 21
-26.41299423149112
 31
0.0
  0
LINE
  5
5AA
330
17
100
AcDbEntity
  8
hatch
100
AcDbLine
 10
38.621572875253804
 20
-29.099999999999998
 30
0.0
 11
41.45
 21
-26.271572875253803
 31
0.0
  0
LINE
  5
5AB
330
17
100
AcDbEntity
  8
hatch
100
AcDbLine
 10
38.4801515190165
 20
-29.099999999999994
 30
0.0
 11
41.45000000000001
 21
-26.13015151901649
 31
0.0
  0
LINE
  5
5AC
330
17
100
AcDbEntity
  8
hatch
100
AcDbLine
 10
38.338730162779186
 20
-29.1
 30
0.0
 11
41.43873016277918
 21
-26.000000000000007
 31
0.0
  0
LINE
  5
5AD
330
17
100
AcDbEntity
  8
hatch
100
AcDbLine
 10
38.19730880654188
 20
-29.1
 30
0.0
 11
41.29730880654188
 21
-26.000000000000007
 31
0.0
  0
LINE
  5
5AE
330
17
100
AcDbEntity
  8
hatch
100
AcDbLine
 10
38.05588745030457
 20
-29.099999999999998
 30
0.0
 11
41.15588745030457
 21
-26.000000000000004
 31
0.0
  0
LINE
  5
5AF
330
17
100
AcDbEntity
  8
hatch
100
AcDbLine
 10
37.914466094067265
 20
-29.099999999999994
 30
0.0
 11
41.01446609406726
 21
-26.0
 31
0.0
  0
LINE
  5
5B0
330
17
100
AcDbEntity
  8
hatch
100
AcDbLine
 10
37.77304473782995
 20
-29.1
 30
0.0
 11
40.87304473782994
 21
-26.000000000000007
 31
0.0
  0
LINE
  5
5B1
330
17
100
AcDbEntity
  8
hatch
100
AcDbLine
 10
37.63162338159263
 20
-29.099999999999998
 30
0.0
 11
40.731623381592634
 21
-26.000000000000004
 31
0.0
  0
LINE
  5
5B2
330
17
100
AcDbEntity
  8
hatch
100
AcDbLine
 10
37.49020202535534
 20
-29.099999999999998
 30
0.0
 11
40.59020202535533
 21
-26.000000000000004
 31
0.0
  0
LINE
  5
5B3
330
17
100
AcDbEntity
  8
hatch
100
AcDbLine
 10
37.34878066911803
 20
-29.1
 30
0.0
 11
40.44878066911802
 21
-26.000000000000007
 31
0.0
  0
LINE
  5
5B4
330
17
100
AcDbEntity
  8
hatch
100
AcDbLine
 10
37.20735931288071
 20
-29.1
 30
0.0
 11
40.307359312880706
 21
-26.000000000000007
 31
0.0
  0
LINE
  5
5B5
330
17
100
AcDbEntity
  8
hatch
100
AcDbLine
 10
37.0659379566434
 20
-29.099999999999998
 30
0.0
 11
40.1659379566434
 21
-26.000000000000004
 31
0.0
  0
LINE
  5
5B6
330
17
100
AcDbEntity
  8
hatch
100
AcDbLine
 10
36.92451660040609
 20
-29.1
 30
0.0
 11
40.02451660040609
 21
-26.000000000000007
 31
0.0
  0
LINE
  5
5B7
330
17
100
AcDbEntity
  8
hatch
100
AcDbLine
 10
36.78309524416879
 20
-29.1
 30
0.0
 11
39.883095244168786
 21
-26.000000000000007
 31
0.0
  0
LINE
  5
5B8
330
17
100
AcDbEntity
  8
hatch
100
AcDbLine
 10
36.641673887931475
 20
-29.1
 30
0.0
 11
39.74167388793147
 21
-26.000000000000007
 31
0.0
  0
LINE
  5
5B9
330
17
100
AcDbEntity
  8
hatch
100
AcDbLine
 10
36.50025253169417
 20
-29.099999999999998
 30
0.0
 11
39.60025253169417
 21
-26.000000000000004
 31
0.0
  0
LINE
  5
5BA
330
17
100
AcDbEntity
  8
hatch
100
AcDbLine
 10
36.35883117545686
 20
-29.1
 30
0.0
 11
39.45883117545685
 21
-26.000000000000007
 31
0.0
  0
LINE
  5
5BB
330
17
100
AcDbEntity
  8
hatch
100
AcDbLine
 10
36.21740981921954
 20
-29.1
 30
0.0
 11
39.317409819219534
 21
-26.000000000000004
 31
0.0
  0
LINE
  5
5BC
330
17
100
AcDbEntity
  8
hatch
100
AcDbLine
 10
36.07598846298224
 20
-29.099999999999998
 30
0.0
 11
39.17598846298223
 21
-26.000000000000004
 31
0.0
  0
LINE
  5
5BD
330
17
100
AcDbEntity
  8
hatch
100
AcDbLine
 10
35.934567106744936
 20
-29.099999999999998
 30
0.0
 11
39.03456710674493
 21
-26.0
 31
0.0
  0
LINE
  5
5BE
330
17
100
AcDbEntity
  8
hatch
100
AcDbLine
 10
35.79314575050762
 20
-29.1
 30
0.0
 11
38.893145750507614
 21
-26.000000000000007
 31
0.0
  0
LINE
  5
5BF
330
17
100
AcDbEntity
  8
hatch
100
AcDbLine
 10
35.6517243942703
 20
-29.099999999999998
 30
0.0
 11
38.7517243942703
 21
-26.000000000000004
 31
0.0
  0
LINE
  5
5C0
330
17
100
AcDbEntity
  8
hatch
100
AcDbLine
 10
35.510303038033
 20
-29.099999999999998
 30
0.0
 11
38.610303038032995
 21
-26.0
 31
0.0
  0
LINE
  5
5C1
330
17
100
AcDbEntity
  8
hatch
100
AcDbLine
 10
35.3688816817957
 20
-29.099999999999998
 30
0.0
 11
38.46888168179569
 21
-26.0
 31
0.0
  0
LINE
  5
5C2
330
17
100
AcDbEntity
  8
hatch
100
AcDbLine
 10
35.22746032555838
 20
-29.1
 30
0.0
 11
38.32746032555838
 21
-26.000000000000007
 31
0.0
  0
LINE
  5
5C3
330
17
100
AcDbEntity
  8
hatch
100
AcDbLine
 10
35.086038969321066
 20
-29.099999999999998
 30
0.0
 11
38.18603896932107
 21
-26.000000000000004
 31
0.0
  0
LINE
  5
5C4
330
17
100
AcDbEntity
  8
hatch
100
AcDbLine
 10
34.944617613083764
 20
-29.099999999999994
 30
0.0
 11
38.04461761308376
 21
-26.0
 31
0.0
  0
LINE
  5
5C5
330
17
100
AcDbEntity
  8
hatch
100
AcDbLine
 10
34.80319625684645
 20
-29.099999999999998
 30
0.0
 11
37.90319625684644
 21
-26.000000000000004
 31
0.0
  0
LINE
  5
5C6
330
17
100
AcDbEntity
  8
hatch
100
AcDbLine
 10
34.661774900609146
 20
-29.1
 30
0.0
 11
37.76177490060914
 21
-26.000000000000007
 31
0.0
  0
LINE
  5
5C7
330
17
100
AcDbEntity
  8
hatch
100
AcDbLine
 10
34.52035354437184
 20
-29.099999999999998
 30
0.0
 11
37.62035354437183
 21
-26.0
 31
0.0
  0
LINE
  5
5C8
330
17
100
AcDbEntity
  8
hatch
100
AcDbLine
 10
34.37893218813453
 20
-29.1
 30
0.0
 11
37.47893218813452
 21
-26.000000000000004
 31
0.0
  0
LINE
  5
5C9
330
17
100
AcDbEntity
  8
hatch
100
AcDbLine
 10
34.23751083189721
 20
-29.1
 30
0.0
 11
37.337510831897205
 21
-26.000000000000004
 31
0.0
  0
LINE
  5
5CA
330
17
100
AcDbEntity
  8
hatch
100
AcDbLine
 10
34.0960894756599
 20
-29.099999999999998
 30
0.0
 11
37.196089475659896
 21
-26.0
 31
0.0
  0
LINE
  5
5CB
330
17
100
AcDbEntity
  8
hatch
100
AcDbLine
 10
33.9546681194226
 20
-29.099999999999998
 30
0.0
 11
37.054668119422594
 21
-26.0
 31
0.0
  0
LINE
  5
5CC
330
17
100
AcDbEntity
  8
hatch
100
AcDbLine
 10
33.81324676318529
 20
-29.1
 30
0.0
 11
36.913246763185285
 21
-26.000000000000004
 31
0.0
  0
LINE
  5
5CD
330
17
100
AcDbEntity
  8
hatch
100
AcDbLine
 10
33.671825406947974
 20
-29.1
 30
0.0
 11
36.771825406947976
 21
-26.000000000000004
 31
0.0
  0
LINE
  5
5CE
330
17
100
AcDbEntity
  8
hatch
100
AcDbLine
 10
33.530404050710665
 20
-29.099999999999998
 30
0.0
 11
36.63040405071066
 21
-26.0
 31
0.0
  0
LINE
  5
5CF
330
17
100
AcDbEntity
  8
hatch
100
AcDbLine
 10
33.388982694473356
 20
-29.1
 30
0.0
 11
36.48898269447335
 21
-26.000000000000004
 31
0.0
  0
LINE
  5
5D0
330
17
100
AcDbEntity
  8
hatch
100
AcDbLine
 10
33.24756133823605
 20
-29.1
 30
0.0
 11
36.34756133823605
 21
-26.000000000000004
 31
0.0
  0
LINE
  5
5D1
330
17
100
AcDbEntity
  8
hatch
100
AcDbLine
 10
33.10613998199874
 20
-29.1
 30
0.0
 11
36.20613998199874
 21
-26.000000000000004
 31
0.0
  0
LINE
  5
5D2
330
17
100
AcDbEntity
  8
hatch
100
AcDbLine
 10
32.96471862576143
 20
-29.099999999999998
 30
0.0
 11
36.06471862576143
 21
-26.0
 31
0.0
  0
LINE
  5
5D3
330
17
100
AcDbEntity
  8
hatch
100
AcDbLine
 10
32.82329726952412
 20
-29.099999999999998
 30
0.0
 11
35.92329726952411
 21
-26.0
 31
0.0
  0
LINE
  5
5D4
330
17
100
AcDbEntity
  8
hatch
100
AcDbLine
 10
32.6818759132868
 20
-29.1
 30
0.0
 11
35.781875913286804
 21
-26.000000000000004
 31
0.0
  0
LINE
  5
5D5
330
17
100
AcDbEntity
  8
hatch
100
AcDbLine
 10
32.54045455704951
 20
-29.1
 30
0.0
 11
35.6404545570495
 21
-26.000000000000004
 31
0.0
  0
LINE
  5
5D6
330
17
100
AcDbEntity
  8
hatch
100
AcDbLine
 10
32.39903320081219
 20
-29.1
 30
0.0
 11
35.49903320081219
 21
-26.000000000000004
 31
0.0
  0
LINE
  5
5D7
330
17
100
AcDbEntity
  8
hatch
100
AcDbLine
 10
32.25761184457488
 20
-29.099999999999998
 30
0.0
 11
35.357611844574876
 21
-26.0
 31
0.0
  0
LINE
  5
5D8
330
17
100
AcDbEntity
  8
hatch
100
AcDbLine
 10
32.11619048833757
 20
-29.1
 30
0.0
 11
35.21619048833757
 21
-26.000000000000004
 31
0.0
  0
LINE
  5
5D9
330
17
100
AcDbEntity
  8
hatch
100
AcDbLine
 10
31.974769132100256
 20
-29.1
 30
0.0
 11
35.07476913210026
 21
-26.000000000000004
 31
0.0
  0
LINE
  5
5DA
330
17
100
AcDbEntity
  8
hatch
100
AcDbLine
 10
31.95
 20
-28.983347775862956
 30
0.0
 11
34.933347775862956
 21
-26.000000000000004
 31
0.0
  0
LINE
  5
5DB
330
17
100
AcDbEntity
  8
hatch
100
AcDbLine
 10
31.950000000000003
 20
-28.84192641962564
 30
0.0
 11
34.79192641962564
 21
-26.0
 31
0.0
  0
LINE
  5
5DC
330
17
100
AcDbEntity
  8
hatch
100
AcDbLine
 10
31.950000000000003
 20
-28.70050506338833
 30
0.0
 11
34.65050506338833
 21
-26.0
 31
0.0
  0
LINE
  5
5DD
330
17
100
AcDbEntity
  8
hatch
100
AcDbLine
 10
31.95
 20
-28.55908370715102
 30
0.0
 11
34.50908370715102
 21
-26.000000000000004
 31
0.0
  0
LINE
  5
5DE
330
17
100
AcDbEntity
  8
hatch
100
AcDbLine
 10
31.950000000000003
 20
-28.417662350913705
 30
0.0
 11
34.367662350913704
 21
-26.0
 31
0.0
  0
LINE
  5
5DF
330
17
100
AcDbEntity
  8
hatch
100
AcDbLine
 10
31.950000000000003
 20
-28.276240994676407
 30
0.0
 11
34.22624099467641
 21
-26.000000000000004
 31
0.0
  0
LINE
  5
5E0
330
17
100
AcDbEntity
  8
hatch
100
AcDbLine
 10
31.950000000000003
 20
-28.134819638439094
 30
0.0
 11
34.08481963843909
 21
-26.0
 31
0.0
  0
LINE
  5
5E1
330
17
100
AcDbEntity
  8
hatch
100
AcDbLine
 10
31.950000000000003
 20
-27.993398282201785
 30
0.0
 11
33.943398282201784
 21
-26.000000000000004
 31
0.0
  0
LINE
  5
5E2
330
17
100
AcDbEntity
  8
hatch
100
AcDbLine
 10
31.950000000000003
 20
-27.851976925964472
 30
0.0
 11
33.801976925964475
 21
-26.000000000000004
 31
0.0
  0
LINE
  5
5E3
330
17
100
AcDbEntity
  8
hatch
100
AcDbLine
 10
31.950000000000003
 20
-27.71055556972716
 30
0.0
 11
33.66055556972716
 21
-26.0
 31
0.0
  0
LINE
  5
5E4
330
17
100
AcDbEntity
  8
hatch
100
AcDbLine
 10
31.950000000000003
 20
-27.569134213489857
 30
0.0
 11
33.51913421348986
 21
-26.0
 31
0.0
  0
LINE
  5
5E5
330
17
100
AcDbEntity
  8
hatch
100
AcDbLine
 10
31.950000000000003
 20
-27.427712857252548
 30
0.0
 11
33.37771285725255
 21
-26.0
 31
0.0
  0
LINE
  5
5E6
330
17
100
AcDbEntity
  8
hatch
100
AcDbLine
 10
31.950000000000003
 20
-27.28629150101524
 30
0.0
 11
33.23629150101524
 21
-26.000000000000004
 31
0.0
  0
LINE
  5
5E7
330
17
100
AcDbEntity
  8
hatch
100
AcDbLine
 10
31.950000000000003
 20
-27.144870144777922
 30
0.0
 11
33.09487014477793
 21
-26.0
 31
0.0
  0
LINE
  5
5E8
330
17
100
AcDbEntity
  8
hatch
100
AcDbLine
 10
31.950000000000003
 20
-27.003448788540613
 30
0.0
 11
32.95344878854061
 21
-26.0
 31
0.0
  0
LINE
  5
5E9
330
17
100
AcDbEntity
  8
hatch
100
AcDbLine
 10
31.950000000000003
 20
-26.86202743230331
 30
0.0
 11
32.81202743230331
 21
-26.0
 31
0.0
  0
LINE
  5
5EA
330
17
100
AcDbEntity
  8
hatch
100
AcDbLine
 10
31.950000000000003
 20
-26.720606076066
 30
0.0
 11
32.670606076066
 21
-26.0
 31
0.0
  0
LINE
  5
5EB
330
17
100
AcDbEntity
  8
hatch
100
AcDbLine
 10
31.950000000000003
 20
-26.579184719828685
 30
0.0
 11
32.52918471982869
 21
-26.0
 31
0.0
  0
LINE
  5
5EC
330
17
100
AcDbEntity
  8
hatch
100
AcDbLine
 10
31.950000000000003
 20
-26.437763363591376
 30
0.0
 11
32.387763363591375
 21
-26.0
 31
0.0
  0
LINE
  5
5ED
330
17
100
AcDbEntity
  8
hatch
100
AcDbLine
 10
31.950000000000003
 20
-26.296342007354067
 30
0.0
 11
32.246342007354066
 21
-26.0
 31
0.0
  0
LINE
  5
5EE
330
17
100
AcDbEntity
  8
hatch
100
AcDbLine
 10
31.950000000000003
 20
-26.154920651116765
 30
0.0
 11
32.104920651116764
 21
-26.0
 31
0.0
  0
LINE
  5
5EF
330
17
100
AcDbEntity
  8
hatch
100
AcDbLine
 10
31.950000000000003
 20
-26.013499294879455
 30
0.0
 11
31.96349929487945
 21
-26.000000000000004
 31
0.0
  0
LWPOLYLINE
  5
5F0
330
17
100
AcDbEntity
  8
marco
100
AcDbPolyline
 90
4
 70
1
 10
31.950000000000003
 20
-26.0
 10
41.45
 20
-26.0
 10
41.45
 20
-29.1
 10
31.950000000000003
 20
-29.1
  0
LINE
  5
5F1
330
17
100
AcDbEntity
  8
marco-medio
100
AcDbLine
 10
31.950000000000003
 20
-26.700000000000003
 30
0.0
 11
41.45
 21
-26.700000000000003
 31
0.0
  0
LINE
  5
5F2
330
17
100
AcDbEntity
  8
marco-fino
100
AcDbLine
 10
31.950000000000003
 20
-27.1
 30
0.0
 11
41.45
 21
-27.1
 31
0.0
  0
LINE
  5
5F3
330
17
100
AcDbEntity
  8
marco-fino
100
AcDbLine
 10
31.950000000000003
 20
-27.900000000000002
 30
0.0
 11
41.45
 21
-27.900000000000002
 31
0.0
  0
LINE
  5
5F4
330
17
100
AcDbEntity
  8
marco-fino
100
AcDbLine
 10
37.35
 20
-27.1
 30
0.0
 11
37.35
 21
-29.1
 31
0.0
  0
LINE
  5
5F5
330
17
100
AcDbEntity
  8
marco-fino
100
AcDbLine
 10
31.950000000000003
 20
-28.6
 30
0.0
 11
37.35
 21
-28.6
 31
0.0
  0
LINE
  5
5F6
330
17
100
AcDbEntity
  8
marco-fino
100
AcDbLine
 10
34.95
 20
-28.6
 30
0.0
 11
34.95
 21
-29.1
 31
0.0
  0
LINE
  5
5F7
330
17
100
AcDbEntity
  8
marco-fino
100
AcDbLine
 10
35.550000000000004
 20
-28.6
 30
0.0
 11
35.550000000000004
 21
-29.1
 31
0.0
  0
TEXT
  5
5F8
330
17
100
AcDbEntity
  8
texto
100
AcDbText
 10
32.1
 20
-26.25
 30
0.0
 40
0.145
  1
JMDSI · INGENIERÍA Y ARQUITECTURA
100
AcDbText
  0
TEXT
  5
5F9
330
17
100
AcDbEntity
  8
texto-suave
100
AcDbText
 10
32.1
 20
-26.55
 30
0.0
 40
0.11000000000000001
  1
Planos de proyecto — Bloque Dormitorios
100
AcDbText
  0
TEXT
  5
5FA
330
17
100
AcDbEntity
  8
texto
100
AcDbText
 10
41.300000000000004
 20
-26.25
 30
0.0
 40
0.16
  1
LÁMINA S-01
 72
2
100
AcDbText
  0
TEXT
  5
5FB
330
17
100
AcDbEntity
  8
texto-suave
100
AcDbText
 10
41.300000000000004
 20
-26.55
 30
0.0
 40
0.12
  1
E E 1:200
 72
2
100
AcDbText
  0
TEXT
  5
5FC
330
17
100
AcDbEntity
  8
texto-suave
100
AcDbText
 10
32.1
 20
-27.950000000000003
 30
0.0
 40
0.095
  1
PROYECTO
100
AcDbText
  0
TEXT
  5
5FD
330
17
100
AcDbEntity
  8
texto
100
AcDbText
 10
32.1
 20
-28.150000000000002
 30
0.0
 40
0.125
  1
BLOQUE DORMITORIOS — 2 NIVELES (PLANTA BAJA Y ALTA)
100
AcDbText
  0
TEXT
  5
5FE
330
17
100
AcDbEntity
  8
texto-suave
100
AcDbText
 10
32.1
 20
-28.6
 30
0.0
 40
0.095
  1
CONTENIDO
100
AcDbText
  0
TEXT
  5
5FF
330
17
100
AcDbEntity
  8
texto
100
AcDbText
 10
32.1
 20
-28.8
 30
0.0
 40
0.12
  1
Planta de situación — ubicación del Bloque Dormitorios (D) en el conjunto
100
AcDbText
  0
TEXT
  5
600
330
17
100
AcDbEntity
  8
texto-suave
100
AcDbText
 10
35.050000000000004
 20
-28.6
 30
0.0
 40
0.095
  1
ESCALA
100
AcDbText
  0
TEXT
  5
601
330
17
100
AcDbEntity
  8
texto
100
AcDbText
 10
35.050000000000004
 20
-28.8
 30
0.0
 40
0.12
  1
E 1:200
100
AcDbText
  0
TEXT
  5
602
330
17
100
AcDbEntity
  8
texto-suave
100
AcDbText
 10
35.65
 20
-28.6
 30
0.0
 40
0.095
  1
Nº
100
AcDbText
  0
TEXT
  5
603
330
17
100
AcDbEntity
  8
texto
100
AcDbText
 10
35.65
 20
-28.8
 30
0.0
 40
0.12
  1
S-01
100
AcDbText
  0
TEXT
  5
604
330
17
100
AcDbEntity
  8
texto-suave
100
AcDbText
 10
37.45
 20
-27.1
 30
0.0
 40
0.095
  1
FECHA
100
AcDbText
  0
TEXT
  5
605
330
17
100
AcDbEntity
  8
texto
100
AcDbText
 10
37.45
 20
-27.3
 30
0.0
 40
0.12
  1
2026-10-04
100
AcDbText
  0
TEXT
  5
606
330
17
100
AcDbEntity
  8
texto-suave
100
AcDbText
 10
37.45
 20
-27.950000000000003
 30
0.0
 40
0.095
  1
DIBUJÓ / REVISÓ
100
AcDbText
  0
TEXT
  5
607
330
17
100
AcDbEntity
  8
texto
100
AcDbText
 10
37.45
 20
-28.150000000000002
 30
0.0
 40
0.11000000000000001
  1
JMDSI · Área de Proyectos
100
AcDbText
  0
TEXT
  5
608
330
17
100
AcDbEntity
  8
texto-suave
100
AcDbText
 10
32.1
 20
-27.150000000000002
 30
0.0
 40
0.095
  1
EMPLAZAMIENTO / PROMOTOR
100
AcDbText
  0
TEXT
  5
609
330
17
100
AcDbEntity
  8
texto
100
AcDbText
 10
32.1
 20
-27.35
 30
0.0
 40
0.105
  1
Campus JMDSI — predio 100,00 × 100,00 m
100
AcDbText
  0
TEXT
  5
60A
330
17
100
AcDbEntity
  8
texto-suave
100
AcDbText
 10
32.1
 20
-26.700000000000003
 30
0.0
 40
0.095
  1
Nº DE HOJA
100
AcDbText
  0
TEXT
  5
60B
330
17
100
AcDbEntity
  8
texto
100
AcDbText
 10
32.1
 20
-26.900000000000002
 30
0.0
 40
0.12
  1
1 de 1
100
AcDbText
  0
TEXT
  5
60C
330
17
100
AcDbEntity
  8
texto-suave
100
AcDbText
 10
35.050000000000004
 20
-26.700000000000003
 30
0.0
 40
0.095
  1
MODIFICACIÓN
100
AcDbText
  0
TEXT
  5
60D
330
17
100
AcDbEntity
  8
texto
100
AcDbText
 10
35.050000000000004
 20
-26.900000000000002
 30
0.0
 40
0.105
  1
Emisión inicial
100
AcDbText
  0
ENDSEC
  0
SECTION
  2
OBJECTS
  0
DICTIONARY
  5
A
330
0
100
AcDbDictionary
281
1
  3
ACAD_COLOR
350
B
  3
ACAD_GROUP
350
C
  3
ACAD_LAYOUT
350
D
  3
ACAD_MATERIAL
350
E
  3
ACAD_MLEADERSTYLE
350
F
  3
ACAD_MLINESTYLE
350
10
  3
ACAD_PLOTSETTINGS
350
11
  3
ACAD_PLOTSTYLENAME
350
12
  3
ACAD_SCALELIST
350
14
  3
ACAD_TABLESTYLE
350
15
  3
ACAD_VISUALSTYLE
350
16
  3
EZDXF_META
350
2D
  0
DICTIONARY
  5
B
330
A
100
AcDbDictionary
281
1
  0
DICTIONARY
  5
C
330
A
100
AcDbDictionary
281
1
  0
DICTIONARY
  5
D
330
A
100
AcDbDictionary
281
1
  3
Model
350
1A
  3
Layout1
350
1E
  0
DICTIONARY
  5
E
330
A
100
AcDbDictionary
281
1
  3
ByBlock
350
1F
  3
ByLayer
350
20
  3
Global
350
21
  0
DICTIONARY
  5
F
330
A
100
AcDbDictionary
281
1
  3
Standard
350
2C
  0
DICTIONARY
  5
10
330
A
100
AcDbDictionary
281
1
  3
Standard
350
22
  0
DICTIONARY
  5
11
330
A
100
AcDbDictionary
281
1
  0
ACDBDICTIONARYWDFLT
  5
12
330
A
100
AcDbDictionary
281
1
  3
Normal
350
13
100
AcDbDictionaryWithDefault
340
13
  0
ACDBPLACEHOLDER
  5
13
330
12
  0
DICTIONARY
  5
14
330
A
100
AcDbDictionary
281
1
  0
DICTIONARY
  5
15
330
A
100
AcDbDictionary
281
1
  0
DICTIONARY
  5
16
330
A
100
AcDbDictionary
281
1
  3
2dWireframe
350
5A
  3
Basic
350
5B
  3
Brighten
350
5C
  3
ColorChange
350
5D
  3
Conceptual
350
5E
  3
Dim
350
5F
  3
EdgeColorOff
350
60
  3
Facepattern
350
61
  3
Flat
350
62
  3
FlatWithEdges
350
63
  3
Gouraud
350
64
  3
GouraudWithEdges
350
65
  3
Hidden
350
66
  3
JitterOff
350
67
  3
Linepattern
350
68
  3
Modeling
350
69
  3
OverhangOff
350
6A
  3
Realistic
350
6B
  3
Shaded
350
6C
  3
Shaded with edges
350
6D
  3
Shades of Gray
350
6E
  3
Sketchy
350
6F
  3
Thicken
350
70
  3
Wireframe
350
71
  3
X-Ray
350
72
  0
LAYOUT
  5
1A
330
D
100
AcDbPlotSettings
  1

  4
A3
  6

 40
7.5
 41
20.0
 42
7.5
 43
20.0
 44
420.0
 45
297.0
 46
0.0
 47
0.0
 48
0.0
 49
0.0
140
0.0
141
0.0
142
1.0
143
1.0
 70
1024
 72
1
 73
0
 74
5
  7

 75
16
 76
0
 77
2
 78
300
147
1.0
148
0.0
149
0.0
100
AcDbLayout
  1
Model
 70
1
 71
0
 10
0.0
 20
0.0
 11
420.0
 21
297.0
 12
0.0
 22
0.0
 32
0.0
 14
1e+20
 24
1e+20
 34
1e+20
 15
-1e+20
 25
-1e+20
 35
-1e+20
146
0.0
 13
0.0
 23
0.0
 33
0.0
 16
1.0
 26
0.0
 36
0.0
 17
0.0
 27
1.0
 37
0.0
 76
1
330
17
  0
LAYOUT
  5
1E
330
D
100
AcDbPlotSettings
  1

  4
A3
  6

 40
7.5
 41
20.0
 42
7.5
 43
20.0
 44
420.0
 45
297.0
 46
0.0
 47
0.0
 48
0.0
 49
0.0
140
0.0
141
0.0
142
1.0
143
1.0
 70
0
 72
1
 73
0
 74
5
  7

 75
16
 76
0
 77
2
 78
300
147
1.0
148
0.0
149
0.0
100
AcDbLayout
  1
Layout1
 70
1
 71
1
 10
0.0
 20
0.0
 11
420.0
 21
297.0
 12
0.0
 22
0.0
 32
0.0
 14
1e+20
 24
1e+20
 34
1e+20
 15
-1e+20
 25
-1e+20
 35
-1e+20
146
0.0
 13
0.0
 23
0.0
 33
0.0
 16
1.0
 26
0.0
 36
0.0
 17
0.0
 27
1.0
 37
0.0
 76
1
330
1B
  0
MATERIAL
  5
1F
102
{ACAD_REACTORS
330
E
102
}
330
E
100
AcDbMaterial
  1
ByBlock
  2

 70
0
 40
1.0
 71
1
 41
1.0
 91
-1023410177
 42
1.0
 72
1
  3

 73
1
 74
1
 75
1
 44
0.5
 73
0
 45
1.0
 46
1.0
 77
1
  4

 78
1
 79
1
170
1
 48
1.0
171
1
  6

172
1
173
1
174
1
140
1.0
141
1.0
175
1
  7

176
1
177
1
178
1
143
1.0
179
1
  8

270
1
271
1
272
1
145
1.0
146
1.0
273
1
  9

274
1
275
1
276
1
 42
1.0
 72
1
  3

 73
1
 74
1
 75
1
 94
63
  0
MATERIAL
  5
20
102
{ACAD_REACTORS
330
E
102
}
330
E
100
AcDbMaterial
  1
ByLayer
  2

 70
0
 40
1.0
 71
1
 41
1.0
 91
-1023410177
 42
1.0
 72
1
  3

 73
1
 74
1
 75
1
 44
0.5
 73
0
 45
1.0
 46
1.0
 77
1
  4

 78
1
 79
1
170
1
 48
1.0
171
1
  6

172
1
173
1
174
1
140
1.0
141
1.0
175
1
  7

176
1
177
1
178
1
143
1.0
179
1
  8

270
1
271
1
272
1
145
1.0
146
1.0
273
1
  9

274
1
275
1
276
1
 42
1.0
 72
1
  3

 73
1
 74
1
 75
1
 94
63
  0
MATERIAL
  5
21
102
{ACAD_REACTORS
330
E
102
}
330
E
100
AcDbMaterial
  1
Global
  2

 70
0
 40
1.0
 71
1
 41
1.0
 91
-1023410177
 42
1.0
 72
1
  3

 73
1
 74
1
 75
1
 44
0.5
 73
0
 45
1.0
 46
1.0
 77
1
  4

 78
1
 79
1
170
1
 48
1.0
171
1
  6

172
1
173
1
174
1
140
1.0
141
1.0
175
1
  7

176
1
177
1
178
1
143
1.0
179
1
  8

270
1
271
1
272
1
145
1.0
146
1.0
273
1
  9

274
1
275
1
276
1
 42
1.0
 72
1
  3

 73
1
 74
1
 75
1
 94
63
  0
MLINESTYLE
  5
22
102
{ACAD_REACTORS
330
10
102
}
330
10
100
AcDbMlineStyle
  2
Standard
 70
0
  3

 62
256
 51
90.0
 52
90.0
 71
2
 49
0.5
 62
256
  6
BYLAYER
 49
-0.5
 62
256
  6
BYLAYER
  0
MLEADERSTYLE
  5
2C
102
{ACAD_REACTORS
330
F
102
}
330
F
100
AcDbMLeaderStyle
179
2
170
2
171
1
172
0
 90
2
 40
0.0
 41
0.0
173
1
 91
-1056964608
 92
-2
290
1
 42
2.0
291
1
 43
8.0
  3
Standard
 44
4.0
300

342
29
174
1
175
1
176
0
178
1
 93
-1056964608
 45
4.0
292
0
297
0
 46
4.0
 94
-1056964608
 47
1.0
 49
1.0
140
1.0
294
1
141
0.0
177
0
142
1.0
295
0
296
0
143
3.75
271
0
272
9
273
9
  0
DICTIONARY
  5
2D
330
A
100
AcDbDictionary
280
1
281
1
  3
CREATED_BY_EZDXF
350
2E
  3
WRITTEN_BY_EZDXF
350
610
  0
DICTIONARYVAR
  5
2E
330
2D
100
DictionaryVariables
280
0
  1
1.4.4 @ 2026-10-04T04:42:45.179207+00:00
  0
VISUALSTYLE
  5
5A
102
{ACAD_REACTORS
330
16
102
}
330
16
100
AcDbVisualStyle
  2
2dWireframe
 70
4
 90
0
 40
0.6
 62
7
290
0
291
0
  0
VISUALSTYLE
  5
5B
102
{ACAD_REACTORS
330
16
102
}
330
16
100
AcDbVisualStyle
  2
Basic
 70
7
 90
1
 40
0.6
 62
7
290
0
291
1
  0
VISUALSTYLE
  5
5C
102
{ACAD_REACTORS
330
16
102
}
330
16
100
AcDbVisualStyle
  2
Brighten
 70
12
 90
2
 40
0.6
 62
7
290
0
291
1
  0
VISUALSTYLE
  5
5D
102
{ACAD_REACTORS
330
16
102
}
330
16
100
AcDbVisualStyle
  2
ColorChange
 70
16
 90
2
 40
0.6
 62
8
290
0
291
1
  0
VISUALSTYLE
  5
5E
102
{ACAD_REACTORS
330
16
102
}
330
16
100
AcDbVisualStyle
  2
Conceptual
 70
9
 90
3
 40
0.6
 62
7
290
0
291
0
  0
VISUALSTYLE
  5
5F
102
{ACAD_REACTORS
330
16
102
}
330
16
100
AcDbVisualStyle
  2
Dim
 70
11
 90
2
 40
0.6
 62
7
290
0
291
1
  0
VISUALSTYLE
  5
60
102
{ACAD_REACTORS
330
16
102
}
330
16
100
AcDbVisualStyle
  2
EdgeColorOff
 70
22
 90
2
 40
0.6
 62
7
290
0
291
1
  0
VISUALSTYLE
  5
61
102
{ACAD_REACTORS
330
16
102
}
330
16
100
AcDbVisualStyle
  2
Facepattern
 70
15
 90
2
 40
0.6
 62
7
290
0
291
1
  0
VISUALSTYLE
  5
62
102
{ACAD_REACTORS
330
16
102
}
330
16
100
AcDbVisualStyle
  2
Flat
 70
0
 90
2
 40
0.6
 62
7
290
0
291
1
  0
VISUALSTYLE
  5
63
102
{ACAD_REACTORS
330
16
102
}
330
16
100
AcDbVisualStyle
  2
FlatWithEdges
 70
1
 90
2
 40
0.6
 62
7
290
0
291
1
  0
VISUALSTYLE
  5
64
102
{ACAD_REACTORS
330
16
102
}
330
16
100
AcDbVisualStyle
  2
Gouraud
 70
2
 90
2
 40
0.6
 62
7
290
0
291
1
  0
VISUALSTYLE
  5
65
102
{ACAD_REACTORS
330
16
102
}
330
16
100
AcDbVisualStyle
  2
GouraudWithEdges
 70
3
 90
2
 40
0.6
 62
7
290
0
291
1
  0
VISUALSTYLE
  5
66
102
{ACAD_REACTORS
330
16
102
}
330
16
100
AcDbVisualStyle
  2
Hidden
 70
6
 90
1
 40
0.6
 62
7
290
0
291
0
  0
VISUALSTYLE
  5
67
102
{ACAD_REACTORS
330
16
102
}
330
16
100
AcDbVisualStyle
  2
JitterOff
 70
20
 90
2
 40
0.6
 62
7
290
0
291
1
  0
VISUALSTYLE
  5
68
102
{ACAD_REACTORS
330
16
102
}
330
16
100
AcDbVisualStyle
  2
Linepattern
 70
14
 90
2
 40
0.6
 62
7
290
0
291
1
  0
VISUALSTYLE
  5
69
102
{ACAD_REACTORS
330
16
102
}
330
16
100
AcDbVisualStyle
  2
Modeling
 70
10
 90
2
 40
0.6
 62
7
290
0
291
0
  0
VISUALSTYLE
  5
6A
102
{ACAD_REACTORS
330
16
102
}
330
16
100
AcDbVisualStyle
  2
OverhangOff
 70
21
 90
2
 40
0.6
 62
7
290
0
291
1
  0
VISUALSTYLE
  5
6B
102
{ACAD_REACTORS
330
16
102
}
330
16
100
AcDbVisualStyle
  2
Realistic
 70
8
 90
2
 40
0.6
 62
7
290
0
291
0
  0
VISUALSTYLE
  5
6C
102
{ACAD_REACTORS
330
16
102
}
330
16
100
AcDbVisualStyle
  2
Shaded
 70
27
 90
2
 40
0.6
 62
7
290
0
291
0
  0
VISUALSTYLE
  5
6D
102
{ACAD_REACTORS
330
16
102
}
330
16
100
AcDbVisualStyle
  2
Shaded with edges
 70
26
 90
2
 40
0.6
 62
7
290
0
291
0
  0
VISUALSTYLE
  5
6E
102
{ACAD_REACTORS
330
16
102
}
330
16
100
AcDbVisualStyle
  2
Shades of Gray
 70
23
 90
2
 40
0.6
 62
7
290
0
291
0
  0
VISUALSTYLE
  5
6F
102
{ACAD_REACTORS
330
16
102
}
330
16
100
AcDbVisualStyle
  2
Sketchy
 70
24
 90
1
 40
0.6
 62
7
290
0
291
0
  0
VISUALSTYLE
  5
70
102
{ACAD_REACTORS
330
16
102
}
330
16
100
AcDbVisualStyle
  2
Thicken
 70
13
 90
2
 40
0.6
 62
7
290
0
291
1
  0
VISUALSTYLE
  5
71
102
{ACAD_REACTORS
330
16
102
}
330
16
100
AcDbVisualStyle
  2
Wireframe
 70
5
 90
0
 40
0.6
 62
7
290
0
291
0
  0
VISUALSTYLE
  5
72
102
{ACAD_REACTORS
330
16
102
}
330
16
100
AcDbVisualStyle
  2
X-Ray
 70
25
 90
2
 40
0.5
 62
7
290
0
291
0
  0
DICTIONARYVAR
  5
610
330
2D
100
DictionaryVariables
280
0
  1
1.4.4 @ 2026-10-04T04:42:45.198530+00:00
  0
ENDSEC
  0
EOF
